solid OpenSCAD_Model
  facet normal 0.999698 0.024555 0
    outer loop
      vertex 57.5 0 68
      vertex 57.4307 2.82139 51
      vertex 57.4307 2.82139 68
    endloop
  endfacet
  facet normal 0.999698 0.024555 0
    outer loop
      vertex 57.4307 2.82139 51
      vertex 57.5 0 68
      vertex 57.5 0 51
    endloop
  endfacet
  facet normal -0.999698 0.024555 0
    outer loop
      vertex -57.5 0 51
      vertex -57.4307 2.82139 68
      vertex -57.4307 2.82139 51
    endloop
  endfacet
  facet normal -0.999698 0.024555 0
    outer loop
      vertex -57.4307 2.82139 68
      vertex -57.5 0 51
      vertex -57.5 0 68
    endloop
  endfacet
  facet normal 0.024555 0.999698 -0
    outer loop
      vertex 2.82139 57.4307 64.5
      vertex 0 57.5 68
      vertex 2.82139 57.4307 68
    endloop
  endfacet
  facet normal 0.024555 0.999698 0
    outer loop
      vertex 0 57.5 68
      vertex 2.82139 57.4307 64.5
      vertex 0 57.5 64.5
    endloop
  endfacet
  facet normal 0.724229 0.689559 0
    outer loop
      vertex 40.6586 40.6586 68
      vertex 42.2378 39 61
      vertex 40.6586 40.6586 51
    endloop
  endfacet
  facet normal 0.724238 0.68955 4.21848e-06
    outer loop
      vertex 42.6047 38.6146 68
      vertex 42.2378 39 61
      vertex 40.6586 40.6586 68
    endloop
  endfacet
  facet normal 0.724276 0.68951 0
    outer loop
      vertex 42.2378 39 61
      vertex 42.6047 38.6146 68
      vertex 42.6047 38.6146 61
    endloop
  endfacet
  facet normal 0.724229 0.689559 0
    outer loop
      vertex 40.6586 40.6586 51
      vertex 42.2378 39 61
      vertex 42.2378 39 51
    endloop
  endfacet
  facet normal -0.68955 0.724238 0
    outer loop
      vertex -38.6146 42.6047 51
      vertex -40.6586 40.6586 68
      vertex -38.6146 42.6047 68
    endloop
  endfacet
  facet normal -0.68955 0.724238 0
    outer loop
      vertex -40.6586 40.6586 68
      vertex -38.6146 42.6047 51
      vertex -40.6586 40.6586 51
    endloop
  endfacet
  facet normal -0.359895 0.932993 0
    outer loop
      vertex -19.3712 54.1388 51
      vertex -22.0043 53.1231 68
      vertex -19.3712 54.1388 68
    endloop
  endfacet
  facet normal -0.359895 0.932993 0
    outer loop
      vertex -22.0043 53.1231 68
      vertex -19.3712 54.1388 51
      vertex -22.0043 53.1231 51
    endloop
  endfacet
  facet normal 0.932993 0.359895 0
    outer loop
      vertex 54.1388 19.3712 68
      vertex 53.1231 22.0043 61
      vertex 53.1231 22.0043 68
    endloop
  endfacet
  facet normal 0.932993 0.359895 0
    outer loop
      vertex 53.1231 22.0043 61
      vertex 54.1388 19.3712 68
      vertex 54.1388 19.3712 61
    endloop
  endfacet
  facet normal 0.405247 0.914207 -0
    outer loop
      vertex 24.5844 51.9794 51
      vertex 22.0043 53.1231 68
      vertex 24.5844 51.9794 68
    endloop
  endfacet
  facet normal 0.405247 0.914207 0
    outer loop
      vertex 22.0043 53.1231 68
      vertex 24.5844 51.9794 51
      vertex 22.0043 53.1231 51
    endloop
  endfacet
  facet normal 0.575819 0.817577 -0
    outer loop
      vertex 34.2527 46.1844 51
      vertex 31.9453 47.8095 68
      vertex 34.2527 46.1844 68
    endloop
  endfacet
  facet normal 0.575819 0.817577 0
    outer loop
      vertex 31.9453 47.8095 68
      vertex 34.2527 46.1844 51
      vertex 31.9453 47.8095 51
    endloop
  endfacet
  facet normal -0.914207 0.405247 0
    outer loop
      vertex -53.1231 22.0043 51
      vertex -51.9794 24.5844 68
      vertex -51.9794 24.5844 51
    endloop
  endfacet
  facet normal -0.914207 0.405247 0
    outer loop
      vertex -51.9794 24.5844 68
      vertex -53.1231 22.0043 51
      vertex -53.1231 22.0043 68
    endloop
  endfacet
  facet normal -0.170928 0.985283 0
    outer loop
      vertex -8.437 56.8776 64.5
      vertex -11.2177 56.3952 68
      vertex -8.437 56.8776 68
    endloop
  endfacet
  facet normal -0.170928 0.985283 0
    outer loop
      vertex -11.2177 56.3952 68
      vertex -8.437 56.8776 64.5
      vertex -11.2177 56.3952 64.5
    endloop
  endfacet
  facet normal 0.985293 0.170873 0
    outer loop
      vertex 56.3952 11.2177 68
      vertex 56.5 10.6134 61
      vertex 56.3952 11.2177 61
    endloop
  endfacet
  facet normal 0.985283 0.170928 -4.90797e-06
    outer loop
      vertex 56.8776 8.437 68
      vertex 56.5 10.6134 61
      vertex 56.3952 11.2177 68
    endloop
  endfacet
  facet normal 0.985281 0.170944 -0
    outer loop
      vertex 56.8776 8.437 51
      vertex 56.5 10.6134 61
      vertex 56.8776 8.437 68
    endloop
  endfacet
  facet normal 0.985281 0.170944 0
    outer loop
      vertex 56.5 10.6134 61
      vertex 56.8776 8.437 51
      vertex 56.5 10.6134 51
    endloop
  endfacet
  facet normal 0.844854 0.534996 0
    outer loop
      vertex 49.3194 29.5609 68
      vertex 47.8095 31.9453 61
      vertex 47.8095 31.9453 68
    endloop
  endfacet
  facet normal 0.844854 0.534996 0
    outer loop
      vertex 47.8095 31.9453 61
      vertex 49.3194 29.5609 68
      vertex 49.3194 29.5609 61
    endloop
  endfacet
  facet normal 0.893226 0.449607 0
    outer loop
      vertex 51.9794 24.5844 68
      vertex 50.7105 27.1053 61
      vertex 50.7105 27.1053 68
    endloop
  endfacet
  facet normal 0.893226 0.449607 0
    outer loop
      vertex 50.7105 27.1053 61
      vertex 51.9794 24.5844 68
      vertex 51.9794 24.5844 61
    endloop
  endfacet
  facet normal 0.219113 0.975699 -5.13971e-06
    outer loop
      vertex 13.9714 55.7768 68
      vertex 12 56.2195 64.5
      vertex 11.2177 56.3952 68
    endloop
  endfacet
  facet normal 0.219105 0.975701 -0
    outer loop
      vertex 13.9714 55.7768 51
      vertex 12 56.2195 64.5
      vertex 13.9714 55.7768 68
    endloop
  endfacet
  facet normal 0.219105 0.975701 0
    outer loop
      vertex 12 56.2195 64.5
      vertex 13.9714 55.7768 51
      vertex 12 56.2195 51
    endloop
  endfacet
  facet normal 0.219135 0.975694 0
    outer loop
      vertex 11.2177 56.3952 68
      vertex 12 56.2195 64.5
      vertex 11.2177 56.3952 64.5
    endloop
  endfacet
  facet normal 0.653175 0.757207 -0
    outer loop
      vertex 38.6146 42.6047 51
      vertex 36.4776 44.4481 68
      vertex 38.6146 42.6047 68
    endloop
  endfacet
  facet normal 0.653175 0.757207 0
    outer loop
      vertex 36.4776 44.4481 68
      vertex 38.6146 42.6047 51
      vertex 36.4776 44.4481 51
    endloop
  endfacet
  facet normal -0.975699 0.219113 0
    outer loop
      vertex -56.3952 11.2177 51
      vertex -55.7768 13.9714 68
      vertex -55.7768 13.9714 51
    endloop
  endfacet
  facet normal -0.975699 0.219113 0
    outer loop
      vertex -55.7768 13.9714 68
      vertex -56.3952 11.2177 51
      vertex -56.3952 11.2177 68
    endloop
  endfacet
  facet normal -0.817577 0.575819 0
    outer loop
      vertex -47.8095 31.9453 51
      vertex -46.1844 34.2527 68
      vertex -46.1844 34.2527 51
    endloop
  endfacet
  facet normal -0.817577 0.575819 0
    outer loop
      vertex -46.1844 34.2527 68
      vertex -47.8095 31.9453 51
      vertex -47.8095 31.9453 68
    endloop
  endfacet
  facet normal -0.534996 0.844854 0
    outer loop
      vertex -29.5609 49.3194 51
      vertex -31.9453 47.8095 68
      vertex -29.5609 49.3194 68
    endloop
  endfacet
  facet normal -0.534996 0.844854 0
    outer loop
      vertex -31.9453 47.8095 68
      vertex -29.5609 49.3194 51
      vertex -31.9453 47.8095 51
    endloop
  endfacet
  facet normal -0.0735584 0.997291 0
    outer loop
      vertex -2.82139 57.4307 64.5
      vertex -5.63599 57.2231 68
      vertex -2.82139 57.4307 68
    endloop
  endfacet
  facet normal -0.0735584 0.997291 0
    outer loop
      vertex -5.63599 57.2231 68
      vertex -2.82139 57.4307 64.5
      vertex -5.63599 57.2231 64.5
    endloop
  endfacet
  facet normal 0 0 -1
    outer loop
      vertex 40.5 -22 51
      vertex 53.1231 -22.0043 51
      vertex 51.9794 -24.5844 51
    endloop
  endfacet
  facet normal 0 0 -1
    outer loop
      vertex 40.5 -22 51
      vertex 51.9794 -24.5844 51
      vertex 50.7105 -27.1053 51
    endloop
  endfacet
  facet normal 0 0 -1
    outer loop
      vertex 40.5 -22 51
      vertex 50.7105 -27.1053 51
      vertex 49.3194 -29.5609 51
    endloop
  endfacet
  facet normal 0 0 -1
    outer loop
      vertex 40.5 -22 51
      vertex 49.3194 -29.5609 51
      vertex 47.8095 -31.9453 51
    endloop
  endfacet
  facet normal 0 0 -1
    outer loop
      vertex 40.5 -22 51
      vertex 47.8095 -31.9453 51
      vertex 46.1844 -34.2527 51
    endloop
  endfacet
  facet normal 0 0 -1
    outer loop
      vertex 31.8146 -26.125 51
      vertex 46.1844 -34.2527 51
      vertex 44.4481 -36.4776 51
    endloop
  endfacet
  facet normal 0 0 -1
    outer loop
      vertex 31.5784 -26.4785 51
      vertex 44.4481 -36.4776 51
      vertex 42.6047 -38.6146 51
    endloop
  endfacet
  facet normal 0 0 -1
    outer loop
      vertex 31.5784 -26.4785 51
      vertex 42.6047 -38.6146 51
      vertex 40.6586 -40.6586 51
    endloop
  endfacet
  facet normal 0 0 -1
    outer loop
      vertex 53.1231 -22.0043 51
      vertex 40.5 -22 51
      vertex 53.1247 -22 51
    endloop
  endfacet
  facet normal 0 0 -1
    outer loop
      vertex 30.625 -21.6854 51
      vertex 40.5 -4 51
      vertex 40.5 -22 51
    endloop
  endfacet
  facet normal 0 0 -1
    outer loop
      vertex 29.8412 -21.3607 51
      vertex 40.5 -4 51
      vertex 30.2437 -21.4974 51
    endloop
  endfacet
  facet normal 0 0 -1
    outer loop
      vertex 44.4481 -36.4776 51
      vertex 31.5784 -26.4785 51
      vertex 31.8146 -26.125 51
    endloop
  endfacet
  facet normal 0 0 -1
    outer loop
      vertex 31.5784 -26.4785 51
      vertex 40.6586 -40.6586 51
      vertex 38.6146 -42.6047 51
    endloop
  endfacet
  facet normal 0 0 -1
    outer loop
      vertex 40.5 5 51
      vertex 57.5 0 51
      vertex 40.5 -4 51
    endloop
  endfacet
  facet normal 0 0 -1
    outer loop
      vertex 57.5 0 51
      vertex 40.5 5 51
      vertex 56.5 5 51
    endloop
  endfacet
  facet normal 0 0 -1
    outer loop
      vertex 56.5 -4 51
      vertex 57.5 0 51
      vertex 57.4307 -2.82139 51
    endloop
  endfacet
  facet normal 0 0 -1
    outer loop
      vertex 56.5 -4 51
      vertex 57.4307 -2.82139 51
      vertex 57.2231 -5.63599 51
    endloop
  endfacet
  facet normal 0 0 -1
    outer loop
      vertex 40.5 -4 51
      vertex 57.5 0 51
      vertex 56.5 -4 51
    endloop
  endfacet
  facet normal 0 0 -1
    outer loop
      vertex 56.5 -4 51
      vertex 57.2231 -5.63599 51
      vertex 56.8776 -8.437 51
    endloop
  endfacet
  facet normal 0 0 -1
    outer loop
      vertex 57.5 0 51
      vertex 56.5 5 51
      vertex 57.4307 2.82139 51
    endloop
  endfacet
  facet normal 0 0 -1
    outer loop
      vertex 56.5 -4 51
      vertex 56.8776 -8.437 51
      vertex 56.5 -10.6134 51
    endloop
  endfacet
  facet normal 0 0 -1
    outer loop
      vertex 57.4307 2.82139 51
      vertex 56.5 5 51
      vertex 57.2231 5.63599 51
    endloop
  endfacet
  facet normal -0 0 -1
    outer loop
      vertex 57.2231 5.63599 51
      vertex 56.5 5 51
      vertex 56.8776 8.437 51
    endloop
  endfacet
  facet normal -0 0 -1
    outer loop
      vertex 56.8776 8.437 51
      vertex 56.5 5 51
      vertex 56.5 10.6134 51
    endloop
  endfacet
  facet normal 0 0 -1
    outer loop
      vertex 40.5 39 51
      vertex 40.6586 40.6586 51
      vertex 42.2378 39 51
    endloop
  endfacet
  facet normal 0 0 -1
    outer loop
      vertex 40.5 39 51
      vertex 38.6146 42.6047 51
      vertex 40.6586 40.6586 51
    endloop
  endfacet
  facet normal 0 0 -1
    outer loop
      vertex 32.0026 -23.2563 51
      vertex 40.5 -22 51
      vertex 32.1393 -23.6588 51
    endloop
  endfacet
  facet normal 0 0 -1
    outer loop
      vertex 29.8412 -27.6393 51
      vertex 38.6146 -42.6047 51
      vertex 36.4776 -44.4481 51
    endloop
  endfacet
  facet normal 0 0 -1
    outer loop
      vertex 40.5 -22 51
      vertex 32.2222 -24.0758 51
      vertex 32.1393 -23.6588 51
    endloop
  endfacet
  facet normal 0 0 -1
    outer loop
      vertex 29 -27.75 51
      vertex 36.4776 -44.4481 51
      vertex 34.2527 -46.1844 51
    endloop
  endfacet
  facet normal 0 0 -1
    outer loop
      vertex 40.5 -22 51
      vertex 32.25 -24.5 51
      vertex 32.2222 -24.0758 51
    endloop
  endfacet
  facet normal 0 0 -1
    outer loop
      vertex 31.8146 -22.875 51
      vertex 40.5 -22 51
      vertex 32.0026 -23.2563 51
    endloop
  endfacet
  facet normal 0 0 -1
    outer loop
      vertex 40.5 -22 51
      vertex 32.2222 -24.9242 51
      vertex 32.25 -24.5 51
    endloop
  endfacet
  facet normal 0 0 -1
    outer loop
      vertex 40.5 -22 51
      vertex 32.1393 -25.3412 51
      vertex 32.2222 -24.9242 51
    endloop
  endfacet
  facet normal 0 0 -1
    outer loop
      vertex 40.5 -22 51
      vertex 32.0026 -25.7437 51
      vertex 32.1393 -25.3412 51
    endloop
  endfacet
  facet normal 0 0 -1
    outer loop
      vertex 28.5758 -27.7222 51
      vertex 34.2527 -46.1844 51
      vertex 31.9453 -47.8095 51
    endloop
  endfacet
  facet normal 0 0 -1
    outer loop
      vertex 40.5 -22 51
      vertex 31.8146 -26.125 51
      vertex 32.0026 -25.7437 51
    endloop
  endfacet
  facet normal 0 0 -1
    outer loop
      vertex 46.1844 -34.2527 51
      vertex 31.8146 -26.125 51
      vertex 40.5 -22 51
    endloop
  endfacet
  facet normal 0 0 -1
    outer loop
      vertex 38.6146 -42.6047 51
      vertex 31.2981 -26.7981 51
      vertex 31.5784 -26.4785 51
    endloop
  endfacet
  facet normal 0 0 -1
    outer loop
      vertex 38.6146 -42.6047 51
      vertex 30.9785 -27.0784 51
      vertex 31.2981 -26.7981 51
    endloop
  endfacet
  facet normal 0 0 -1
    outer loop
      vertex 38.6146 -42.6047 51
      vertex 30.625 -27.3146 51
      vertex 30.9785 -27.0784 51
    endloop
  endfacet
  facet normal 0 0 -1
    outer loop
      vertex 38.6146 -42.6047 51
      vertex 30.2437 -27.5026 51
      vertex 30.625 -27.3146 51
    endloop
  endfacet
  facet normal 0 0 -1
    outer loop
      vertex 38.6146 -42.6047 51
      vertex 29.8412 -27.6393 51
      vertex 30.2437 -27.5026 51
    endloop
  endfacet
  facet normal 0 0 -1
    outer loop
      vertex 28.1588 -27.6393 51
      vertex 31.9453 -47.8095 51
      vertex 29.5609 -49.3194 51
    endloop
  endfacet
  facet normal 0 0 -1
    outer loop
      vertex 36.4776 -44.4481 51
      vertex 29.4242 -27.7222 51
      vertex 29.8412 -27.6393 51
    endloop
  endfacet
  facet normal 0 0 -1
    outer loop
      vertex 36.4776 -44.4481 51
      vertex 29 -27.75 51
      vertex 29.4242 -27.7222 51
    endloop
  endfacet
  facet normal 0 0 -1
    outer loop
      vertex 34.2527 -46.1844 51
      vertex 28.5758 -27.7222 51
      vertex 29 -27.75 51
    endloop
  endfacet
  facet normal 0 0 -1
    outer loop
      vertex 31.9453 -47.8095 51
      vertex 28.1588 -27.6393 51
      vertex 28.5758 -27.7222 51
    endloop
  endfacet
  facet normal 0 0 -1
    outer loop
      vertex 29.5609 -49.3194 51
      vertex 27.7563 -27.5026 51
      vertex 28.1588 -27.6393 51
    endloop
  endfacet
  facet normal 0 0 -1
    outer loop
      vertex 27.1053 -50.7105 51
      vertex 27.7563 -27.5026 51
      vertex 29.5609 -49.3194 51
    endloop
  endfacet
  facet normal -0 0 -1
    outer loop
      vertex 27.7563 -27.5026 51
      vertex 27.1053 -50.7105 51
      vertex 27.375 -27.3146 51
    endloop
  endfacet
  facet normal 0 0 -1
    outer loop
      vertex 24.5844 -51.9794 51
      vertex 27.375 -27.3146 51
      vertex 27.1053 -50.7105 51
    endloop
  endfacet
  facet normal -0 0 -1
    outer loop
      vertex 27.375 -27.3146 51
      vertex 24.5844 -51.9794 51
      vertex 27.0215 -27.0784 51
    endloop
  endfacet
  facet normal 0 0 -1
    outer loop
      vertex 4 -35 51
      vertex 27.0215 -27.0784 51
      vertex 24.5844 -51.9794 51
    endloop
  endfacet
  facet normal -0 0 -1
    outer loop
      vertex 27.0215 -27.0784 51
      vertex 4 -35 51
      vertex 26.7019 -26.7981 51
    endloop
  endfacet
  facet normal -0 0 -1
    outer loop
      vertex 26.7019 -26.7981 51
      vertex 4 -35 51
      vertex 26.4216 -26.4785 51
    endloop
  endfacet
  facet normal -0 0 -1
    outer loop
      vertex 26.4216 -26.4785 51
      vertex 4 -35 51
      vertex 26.1854 -26.125 51
    endloop
  endfacet
  facet normal -0 0 -1
    outer loop
      vertex 26.1854 -26.125 51
      vertex 4 -35 51
      vertex 25.9974 -25.7437 51
    endloop
  endfacet
  facet normal 0 0 -1
    outer loop
      vertex 4 -26 51
      vertex 25.9974 -25.7437 51
      vertex 4 -35 51
    endloop
  endfacet
  facet normal -0 0 -1
    outer loop
      vertex 25.8607 -25.3412 51
      vertex 4 -26 51
      vertex 25.7778 -24.9242 51
    endloop
  endfacet
  facet normal -0 0 -1
    outer loop
      vertex 25.9974 -25.7437 51
      vertex 4 -26 51
      vertex 25.8607 -25.3412 51
    endloop
  endfacet
  facet normal -0 0 -1
    outer loop
      vertex -30.9785 21.9216 51
      vertex -55.7768 13.9714 51
      vertex -31.2981 22.2019 51
    endloop
  endfacet
  facet normal -0 0 -1
    outer loop
      vertex -32.2222 -24.9242 51
      vertex -34 -26 51
      vertex -32.25 -24.5 51
    endloop
  endfacet
  facet normal -0 0 -1
    outer loop
      vertex -32.1393 -25.3412 51
      vertex -34 -26 51
      vertex -32.2222 -24.9242 51
    endloop
  endfacet
  facet normal -0 0 -1
    outer loop
      vertex -32.0026 -25.7437 51
      vertex -34 -26 51
      vertex -32.1393 -25.3412 51
    endloop
  endfacet
  facet normal 0 0 -1
    outer loop
      vertex -34 -26 51
      vertex -32.0026 -25.7437 51
      vertex -31.8762 -26 51
    endloop
  endfacet
  facet normal 0 0 -1
    outer loop
      vertex -25.8607 -23.6588 51
      vertex 4 -26 51
      vertex -25.7778 -24.0758 51
    endloop
  endfacet
  facet normal 0 0 -1
    outer loop
      vertex 4 -26 51
      vertex -25.7778 24.0758 51
      vertex -25.75 24.5 51
    endloop
  endfacet
  facet normal 0 0 -1
    outer loop
      vertex -25.9974 -23.2563 51
      vertex 4 -26 51
      vertex -25.8607 -23.6588 51
    endloop
  endfacet
  facet normal 0 0 -1
    outer loop
      vertex 4 -26 51
      vertex -25.8607 23.6588 51
      vertex -25.7778 24.0758 51
    endloop
  endfacet
  facet normal 0 0 -1
    outer loop
      vertex -26.1854 -22.875 51
      vertex 4 -26 51
      vertex -25.9974 -23.2563 51
    endloop
  endfacet
  facet normal 0 0 -1
    outer loop
      vertex 4 -26 51
      vertex -25.9974 23.2563 51
      vertex -25.8607 23.6588 51
    endloop
  endfacet
  facet normal 0 0 -1
    outer loop
      vertex -26.4216 -22.5215 51
      vertex 4 -26 51
      vertex -26.1854 -22.875 51
    endloop
  endfacet
  facet normal 0 0 -1
    outer loop
      vertex 4 -26 51
      vertex -26.1854 22.875 51
      vertex -25.9974 23.2563 51
    endloop
  endfacet
  facet normal 0 0 -1
    outer loop
      vertex -26.7019 -22.2019 51
      vertex 4 -26 51
      vertex -26.4216 -22.5215 51
    endloop
  endfacet
  facet normal 0 0 -1
    outer loop
      vertex 4 -26 51
      vertex -26.4216 22.5215 51
      vertex -26.1854 22.875 51
    endloop
  endfacet
  facet normal 0 0 -1
    outer loop
      vertex -27.0215 -21.9216 51
      vertex 4 -26 51
      vertex -26.7019 -22.2019 51
    endloop
  endfacet
  facet normal 0 0 -1
    outer loop
      vertex 4 -26 51
      vertex -26.7019 22.2019 51
      vertex -26.4216 22.5215 51
    endloop
  endfacet
  facet normal 0 0 -1
    outer loop
      vertex -27.0215 21.9216 51
      vertex 4 -26 51
      vertex -27.0215 -21.9216 51
    endloop
  endfacet
  facet normal 0 0 -1
    outer loop
      vertex 4 -26 51
      vertex -27.0215 21.9216 51
      vertex -26.7019 22.2019 51
    endloop
  endfacet
  facet normal 0 0 -1
    outer loop
      vertex -27.375 -21.6854 51
      vertex -27.0215 21.9216 51
      vertex -27.0215 -21.9216 51
    endloop
  endfacet
  facet normal 0 0 -1
    outer loop
      vertex -27.375 -21.6854 51
      vertex -27.375 21.6854 51
      vertex -27.0215 21.9216 51
    endloop
  endfacet
  facet normal 0 0 -1
    outer loop
      vertex -27.7563 -21.4974 51
      vertex -27.375 21.6854 51
      vertex -27.375 -21.6854 51
    endloop
  endfacet
  facet normal 0 0 -1
    outer loop
      vertex -27.7563 -21.4974 51
      vertex -27.7563 21.4974 51
      vertex -27.375 21.6854 51
    endloop
  endfacet
  facet normal 0 0 -1
    outer loop
      vertex -28.1588 -21.3607 51
      vertex -27.7563 21.4974 51
      vertex -27.7563 -21.4974 51
    endloop
  endfacet
  facet normal 0 0 -1
    outer loop
      vertex -28.1588 -21.3607 51
      vertex -28.1588 21.3607 51
      vertex -27.7563 21.4974 51
    endloop
  endfacet
  facet normal 0 0 -1
    outer loop
      vertex -28.5758 -21.2778 51
      vertex -28.1588 21.3607 51
      vertex -28.1588 -21.3607 51
    endloop
  endfacet
  facet normal 0 0 -1
    outer loop
      vertex -28.5758 -21.2778 51
      vertex -28.5758 21.2778 51
      vertex -28.1588 21.3607 51
    endloop
  endfacet
  facet normal 0 0 -1
    outer loop
      vertex -29 -21.25 51
      vertex -28.5758 21.2778 51
      vertex -28.5758 -21.2778 51
    endloop
  endfacet
  facet normal 0 0 -1
    outer loop
      vertex -29 -21.25 51
      vertex -29 21.25 51
      vertex -28.5758 21.2778 51
    endloop
  endfacet
  facet normal 0 0 -1
    outer loop
      vertex -29.4242 -21.2778 51
      vertex -29 21.25 51
      vertex -29 -21.25 51
    endloop
  endfacet
  facet normal 0 0 -1
    outer loop
      vertex -29.4242 -21.2778 51
      vertex -29.4242 21.2778 51
      vertex -29 21.25 51
    endloop
  endfacet
  facet normal 0 0 -1
    outer loop
      vertex -29.8412 -21.3607 51
      vertex -29.4242 21.2778 51
      vertex -29.4242 -21.2778 51
    endloop
  endfacet
  facet normal 0 0 -1
    outer loop
      vertex -29.8412 -21.3607 51
      vertex -29.8412 21.3607 51
      vertex -29.4242 21.2778 51
    endloop
  endfacet
  facet normal 0 0 -1
    outer loop
      vertex -57.5 0 51
      vertex -29.8412 -21.3607 51
      vertex -30.2437 -21.4974 51
    endloop
  endfacet
  facet normal 0 0 -1
    outer loop
      vertex -29.8412 -21.3607 51
      vertex -57.5 0 51
      vertex -29.8412 21.3607 51
    endloop
  endfacet
  facet normal 0 0 -1
    outer loop
      vertex -57.5 0 51
      vertex -30.2437 -21.4974 51
      vertex -30.625 -21.6854 51
    endloop
  endfacet
  facet normal 0 -0 -1
    outer loop
      vertex -57.4307 2.82139 51
      vertex -29.8412 21.3607 51
      vertex -57.5 0 51
    endloop
  endfacet
  facet normal 0 0 -1
    outer loop
      vertex -57.5 0 51
      vertex -30.625 -21.6854 51
      vertex -30.9785 -21.9216 51
    endloop
  endfacet
  facet normal -0 0 -1
    outer loop
      vertex -29.8412 21.3607 51
      vertex -57.4307 2.82139 51
      vertex -30.2437 21.4974 51
    endloop
  endfacet
  facet normal 0 0 -1
    outer loop
      vertex -57.5 0 51
      vertex -30.9785 -21.9216 51
      vertex -31.2981 -22.2019 51
    endloop
  endfacet
  facet normal 0 -0 -1
    outer loop
      vertex -57.2231 5.63599 51
      vertex -30.2437 21.4974 51
      vertex -57.4307 2.82139 51
    endloop
  endfacet
  facet normal 0 0 -1
    outer loop
      vertex -57.5 0 51
      vertex -31.2981 -22.2019 51
      vertex -31.5784 -22.5215 51
    endloop
  endfacet
  facet normal -0 0 -1
    outer loop
      vertex -30.2437 21.4974 51
      vertex -57.2231 5.63599 51
      vertex -30.625 21.6854 51
    endloop
  endfacet
  facet normal 0 0 -1
    outer loop
      vertex -57.5 0 51
      vertex -31.5784 -22.5215 51
      vertex -31.8146 -22.875 51
    endloop
  endfacet
  facet normal 0 -0 -1
    outer loop
      vertex -56.8776 8.437 51
      vertex -30.625 21.6854 51
      vertex -57.2231 5.63599 51
    endloop
  endfacet
  facet normal 0 0 -1
    outer loop
      vertex -34 -26 51
      vertex -31.8146 -22.875 51
      vertex -32.0026 -23.2563 51
    endloop
  endfacet
  facet normal 0 0 -1
    outer loop
      vertex -57.5 0 51
      vertex -31.8146 -22.875 51
      vertex -34 -26 51
    endloop
  endfacet
  facet normal 0 0 -1
    outer loop
      vertex -34 -26 51
      vertex -32.0026 -23.2563 51
      vertex -32.1393 -23.6588 51
    endloop
  endfacet
  facet normal 0 -0 -1
    outer loop
      vertex -56.3952 11.2177 51
      vertex -30.625 21.6854 51
      vertex -56.8776 8.437 51
    endloop
  endfacet
  facet normal 0 0 -1
    outer loop
      vertex -34 -26 51
      vertex -32.1393 -23.6588 51
      vertex -32.2222 -24.0758 51
    endloop
  endfacet
  facet normal -0 0 -1
    outer loop
      vertex -30.625 21.6854 51
      vertex -56.3952 11.2177 51
      vertex -30.9785 21.9216 51
    endloop
  endfacet
  facet normal 0 0 -1
    outer loop
      vertex -34 -26 51
      vertex -32.2222 -24.0758 51
      vertex -32.25 -24.5 51
    endloop
  endfacet
  facet normal 0 -0 -1
    outer loop
      vertex -55.7768 13.9714 51
      vertex -30.9785 21.9216 51
      vertex -56.3952 11.2177 51
    endloop
  endfacet
  facet normal 0 0 -1
    outer loop
      vertex 2.82139 -57.4307 51
      vertex 4 -35 51
      vertex 5.63599 -57.2231 51
    endloop
  endfacet
  facet normal 0 0 -1
    outer loop
      vertex 0 -57.5 51
      vertex 4 -35 51
      vertex 2.82139 -57.4307 51
    endloop
  endfacet
  facet normal 0 0 -1
    outer loop
      vertex -2.82139 -57.4307 51
      vertex 4 -35 51
      vertex 0 -57.5 51
    endloop
  endfacet
  facet normal 0 0 -1
    outer loop
      vertex -5.63599 -57.2231 51
      vertex 4 -35 51
      vertex -2.82139 -57.4307 51
    endloop
  endfacet
  facet normal 0 0 -1
    outer loop
      vertex -8.437 -56.8776 51
      vertex 4 -35 51
      vertex -5.63599 -57.2231 51
    endloop
  endfacet
  facet normal 0 0 -1
    outer loop
      vertex -11.2177 -56.3952 51
      vertex 4 -35 51
      vertex -8.437 -56.8776 51
    endloop
  endfacet
  facet normal 0 0 -1
    outer loop
      vertex -13.9714 -55.7768 51
      vertex 4 -35 51
      vertex -11.2177 -56.3952 51
    endloop
  endfacet
  facet normal 0 0 -1
    outer loop
      vertex -16.6914 -55.0241 51
      vertex 4 -35 51
      vertex -13.9714 -55.7768 51
    endloop
  endfacet
  facet normal 0 0 -1
    outer loop
      vertex -19.3712 -54.1388 51
      vertex 4 -35 51
      vertex -16.6914 -55.0241 51
    endloop
  endfacet
  facet normal 0 0 -1
    outer loop
      vertex -22.0043 -53.1231 51
      vertex 4 -35 51
      vertex -19.3712 -54.1388 51
    endloop
  endfacet
  facet normal 0 0 -1
    outer loop
      vertex -34 -35 51
      vertex -22.0043 -53.1231 51
      vertex -24.5844 -51.9794 51
    endloop
  endfacet
  facet normal 0 0 -1
    outer loop
      vertex -34 -35 51
      vertex -24.5844 -51.9794 51
      vertex -27.1053 -50.7105 51
    endloop
  endfacet
  facet normal 0 0 -1
    outer loop
      vertex -34 -35 51
      vertex -27.1053 -50.7105 51
      vertex -29.5609 -49.3194 51
    endloop
  endfacet
  facet normal 0 0 -1
    outer loop
      vertex -34 -35 51
      vertex -29.5609 -49.3194 51
      vertex -31.9453 -47.8095 51
    endloop
  endfacet
  facet normal 0 0 -1
    outer loop
      vertex -22.0043 -53.1231 51
      vertex -34 -35 51
      vertex 4 -35 51
    endloop
  endfacet
  facet normal 0 0 -1
    outer loop
      vertex -36.4776 -44.4481 51
      vertex -34 -35 51
      vertex -34.2527 -46.1844 51
    endloop
  endfacet
  facet normal 0 0 -1
    outer loop
      vertex -34.2527 -46.1844 51
      vertex -34 -35 51
      vertex -31.9453 -47.8095 51
    endloop
  endfacet
  facet normal -0 0 -1
    outer loop
      vertex 13.9714 55.7768 51
      vertex 12 38 51
      vertex 12 56.2195 51
    endloop
  endfacet
  facet normal 0 0 -1
    outer loop
      vertex -25.7778 24.9242 51
      vertex -12 38 51
      vertex -25.75 24.5 51
    endloop
  endfacet
  facet normal 0 0 -1
    outer loop
      vertex -25.8607 25.3412 51
      vertex -12 38 51
      vertex -25.7778 24.9242 51
    endloop
  endfacet
  facet normal 0 0 -1
    outer loop
      vertex -25.9974 25.7437 51
      vertex -12 38 51
      vertex -25.8607 25.3412 51
    endloop
  endfacet
  facet normal 0 0 -1
    outer loop
      vertex -26.1854 26.125 51
      vertex -12 38 51
      vertex -25.9974 25.7437 51
    endloop
  endfacet
  facet normal 0 0 -1
    outer loop
      vertex -26.4216 26.4785 51
      vertex -12 38 51
      vertex -26.1854 26.125 51
    endloop
  endfacet
  facet normal 0 0 -1
    outer loop
      vertex -26.7019 26.7981 51
      vertex -12 38 51
      vertex -26.4216 26.4785 51
    endloop
  endfacet
  facet normal 0 0 -1
    outer loop
      vertex -27.0215 27.0784 51
      vertex -12 38 51
      vertex -26.7019 26.7981 51
    endloop
  endfacet
  facet normal 0 0 -1
    outer loop
      vertex -27.375 27.3146 51
      vertex -12 38 51
      vertex -27.0215 27.0784 51
    endloop
  endfacet
  facet normal 0 0 -1
    outer loop
      vertex -27.7563 27.5026 51
      vertex -12 38 51
      vertex -27.375 27.3146 51
    endloop
  endfacet
  facet normal 0 0 -1
    outer loop
      vertex -12 38 51
      vertex -27.1053 50.7105 51
      vertex -24.5844 51.9794 51
    endloop
  endfacet
  facet normal 0 0 -1
    outer loop
      vertex -29.5609 49.3194 51
      vertex -12 38 51
      vertex -27.7563 27.5026 51
    endloop
  endfacet
  facet normal 0 0 -1
    outer loop
      vertex -29.5609 49.3194 51
      vertex -27.7563 27.5026 51
      vertex -28.1588 27.6393 51
    endloop
  endfacet
  facet normal 0 0 -1
    outer loop
      vertex -31.9453 47.8095 51
      vertex -28.1588 27.6393 51
      vertex -28.5758 27.7222 51
    endloop
  endfacet
  facet normal 0 0 -1
    outer loop
      vertex -34.2527 46.1844 51
      vertex -28.5758 27.7222 51
      vertex -29 27.75 51
    endloop
  endfacet
  facet normal 0 0 -1
    outer loop
      vertex -36.4776 44.4481 51
      vertex -29 27.75 51
      vertex -29.4242 27.7222 51
    endloop
  endfacet
  facet normal 0 0 -1
    outer loop
      vertex -12 38 51
      vertex -29.5609 49.3194 51
      vertex -27.1053 50.7105 51
    endloop
  endfacet
  facet normal 0 0 -1
    outer loop
      vertex -36.4776 44.4481 51
      vertex -29.4242 27.7222 51
      vertex -29.8412 27.6393 51
    endloop
  endfacet
  facet normal 0 0 -1
    outer loop
      vertex -38.6146 42.6047 51
      vertex -29.8412 27.6393 51
      vertex -30.2437 27.5026 51
    endloop
  endfacet
  facet normal 0 0 -1
    outer loop
      vertex -40.6586 40.6586 51
      vertex -30.2437 27.5026 51
      vertex -30.625 27.3146 51
    endloop
  endfacet
  facet normal 0 0 -1
    outer loop
      vertex -40.6586 40.6586 51
      vertex -30.625 27.3146 51
      vertex -30.9785 27.0784 51
    endloop
  endfacet
  facet normal 0 0 -1
    outer loop
      vertex -42.6047 38.6146 51
      vertex -30.9785 27.0784 51
      vertex -31.2981 26.7981 51
    endloop
  endfacet
  facet normal 0 0 -1
    outer loop
      vertex -44.4481 36.4776 51
      vertex -31.2981 26.7981 51
      vertex -31.5784 26.4785 51
    endloop
  endfacet
  facet normal 0 0 -1
    outer loop
      vertex -44.4481 36.4776 51
      vertex -31.5784 26.4785 51
      vertex -31.8146 26.125 51
    endloop
  endfacet
  facet normal 0 0 -1
    outer loop
      vertex -28.1588 27.6393 51
      vertex -31.9453 47.8095 51
      vertex -29.5609 49.3194 51
    endloop
  endfacet
  facet normal 0 0 -1
    outer loop
      vertex -46.1844 34.2527 51
      vertex -31.8146 26.125 51
      vertex -32.0026 25.7437 51
    endloop
  endfacet
  facet normal 0 0 -1
    outer loop
      vertex -46.1844 34.2527 51
      vertex -32.0026 25.7437 51
      vertex -32.1393 25.3412 51
    endloop
  endfacet
  facet normal 0 0 -1
    outer loop
      vertex -47.8095 31.9453 51
      vertex -32.1393 25.3412 51
      vertex -32.2222 24.9242 51
    endloop
  endfacet
  facet normal 0 0 -1
    outer loop
      vertex -49.3194 29.5609 51
      vertex -32.2222 24.9242 51
      vertex -32.25 24.5 51
    endloop
  endfacet
  facet normal 0 -0 -1
    outer loop
      vertex -55.0241 16.6914 51
      vertex -31.2981 22.2019 51
      vertex -55.7768 13.9714 51
    endloop
  endfacet
  facet normal 0 0 -1
    outer loop
      vertex -28.5758 27.7222 51
      vertex -34.2527 46.1844 51
      vertex -31.9453 47.8095 51
    endloop
  endfacet
  facet normal 0 0 -1
    outer loop
      vertex -38.6146 -42.6047 51
      vertex -34 -35 51
      vertex -36.4776 -44.4481 51
    endloop
  endfacet
  facet normal 0 0 -1
    outer loop
      vertex -40.6586 -40.6586 51
      vertex -34 -35 51
      vertex -38.6146 -42.6047 51
    endloop
  endfacet
  facet normal 0 0 -1
    outer loop
      vertex -29 27.75 51
      vertex -36.4776 44.4481 51
      vertex -34.2527 46.1844 51
    endloop
  endfacet
  facet normal 0 0 -1
    outer loop
      vertex -42.6047 -38.6146 51
      vertex -34 -35 51
      vertex -40.6586 -40.6586 51
    endloop
  endfacet
  facet normal 0 0 -1
    outer loop
      vertex -29.8412 27.6393 51
      vertex -38.6146 42.6047 51
      vertex -36.4776 44.4481 51
    endloop
  endfacet
  facet normal 0 0 -1
    outer loop
      vertex -44.4481 -36.4776 51
      vertex -34 -35 51
      vertex -42.6047 -38.6146 51
    endloop
  endfacet
  facet normal 0 0 -1
    outer loop
      vertex -30.2437 27.5026 51
      vertex -40.6586 40.6586 51
      vertex -38.6146 42.6047 51
    endloop
  endfacet
  facet normal 0 0 -1
    outer loop
      vertex -46.1844 -34.2527 51
      vertex -34 -35 51
      vertex -44.4481 -36.4776 51
    endloop
  endfacet
  facet normal 0 0 -1
    outer loop
      vertex -30.9785 27.0784 51
      vertex -42.6047 38.6146 51
      vertex -40.6586 40.6586 51
    endloop
  endfacet
  facet normal 0 0 -1
    outer loop
      vertex -34 -35 51
      vertex -46.1844 -34.2527 51
      vertex -34 -26 51
    endloop
  endfacet
  facet normal 0 0 -1
    outer loop
      vertex -31.2981 26.7981 51
      vertex -44.4481 36.4776 51
      vertex -42.6047 38.6146 51
    endloop
  endfacet
  facet normal 0 0 -1
    outer loop
      vertex -47.8095 -31.9453 51
      vertex -34 -26 51
      vertex -46.1844 -34.2527 51
    endloop
  endfacet
  facet normal 0 0 -1
    outer loop
      vertex -31.8146 26.125 51
      vertex -46.1844 34.2527 51
      vertex -44.4481 36.4776 51
    endloop
  endfacet
  facet normal 0 0 -1
    outer loop
      vertex -49.3194 -29.5609 51
      vertex -34 -26 51
      vertex -47.8095 -31.9453 51
    endloop
  endfacet
  facet normal 0 0 -1
    outer loop
      vertex -32.1393 25.3412 51
      vertex -47.8095 31.9453 51
      vertex -46.1844 34.2527 51
    endloop
  endfacet
  facet normal 0 0 -1
    outer loop
      vertex -50.7105 -27.1053 51
      vertex -34 -26 51
      vertex -49.3194 -29.5609 51
    endloop
  endfacet
  facet normal 0 0 -1
    outer loop
      vertex -32.2222 24.9242 51
      vertex -49.3194 29.5609 51
      vertex -47.8095 31.9453 51
    endloop
  endfacet
  facet normal 0 0 -1
    outer loop
      vertex -51.9794 -24.5844 51
      vertex -34 -26 51
      vertex -50.7105 -27.1053 51
    endloop
  endfacet
  facet normal 0 0 -1
    outer loop
      vertex -32.25 24.5 51
      vertex -50.7105 27.1053 51
      vertex -49.3194 29.5609 51
    endloop
  endfacet
  facet normal 0 0 -1
    outer loop
      vertex -53.1231 -22.0043 51
      vertex -34 -26 51
      vertex -51.9794 -24.5844 51
    endloop
  endfacet
  facet normal 0 0 -1
    outer loop
      vertex -32.2222 24.0758 51
      vertex -50.7105 27.1053 51
      vertex -32.25 24.5 51
    endloop
  endfacet
  facet normal 0 0 -1
    outer loop
      vertex -54.1388 -19.3712 51
      vertex -34 -26 51
      vertex -53.1231 -22.0043 51
    endloop
  endfacet
  facet normal 0 0 -1
    outer loop
      vertex -32.1393 23.6588 51
      vertex -50.7105 27.1053 51
      vertex -32.2222 24.0758 51
    endloop
  endfacet
  facet normal 0 0 -1
    outer loop
      vertex -55.0241 -16.6914 51
      vertex -34 -26 51
      vertex -54.1388 -19.3712 51
    endloop
  endfacet
  facet normal 0 -0 -1
    outer loop
      vertex -50.7105 27.1053 51
      vertex -32.1393 23.6588 51
      vertex -51.9794 24.5844 51
    endloop
  endfacet
  facet normal 0 0 -1
    outer loop
      vertex -55.7768 -13.9714 51
      vertex -34 -26 51
      vertex -55.0241 -16.6914 51
    endloop
  endfacet
  facet normal 0 0 -1
    outer loop
      vertex -32.0026 23.2563 51
      vertex -51.9794 24.5844 51
      vertex -32.1393 23.6588 51
    endloop
  endfacet
  facet normal 0 0 -1
    outer loop
      vertex -56.3952 -11.2177 51
      vertex -34 -26 51
      vertex -55.7768 -13.9714 51
    endloop
  endfacet
  facet normal 0 -0 -1
    outer loop
      vertex -51.9794 24.5844 51
      vertex -32.0026 23.2563 51
      vertex -53.1231 22.0043 51
    endloop
  endfacet
  facet normal 0 0 -1
    outer loop
      vertex -56.8776 -8.437 51
      vertex -34 -26 51
      vertex -56.3952 -11.2177 51
    endloop
  endfacet
  facet normal -0 0 -1
    outer loop
      vertex -31.8146 22.875 51
      vertex -53.1231 22.0043 51
      vertex -32.0026 23.2563 51
    endloop
  endfacet
  facet normal 0 0 -1
    outer loop
      vertex -57.2231 -5.63599 51
      vertex -34 -26 51
      vertex -56.8776 -8.437 51
    endloop
  endfacet
  facet normal 0 -0 -1
    outer loop
      vertex -53.1231 22.0043 51
      vertex -31.8146 22.875 51
      vertex -54.1388 19.3712 51
    endloop
  endfacet
  facet normal 0 0 -1
    outer loop
      vertex -57.4307 -2.82139 51
      vertex -34 -26 51
      vertex -57.2231 -5.63599 51
    endloop
  endfacet
  facet normal -0 0 -1
    outer loop
      vertex -31.5784 22.5215 51
      vertex -54.1388 19.3712 51
      vertex -31.8146 22.875 51
    endloop
  endfacet
  facet normal 0 0 -1
    outer loop
      vertex -57.5 0 51
      vertex -34 -26 51
      vertex -57.4307 -2.82139 51
    endloop
  endfacet
  facet normal 0 -0 -1
    outer loop
      vertex -54.1388 19.3712 51
      vertex -31.5784 22.5215 51
      vertex -55.0241 16.6914 51
    endloop
  endfacet
  facet normal -0 0 -1
    outer loop
      vertex -31.2981 22.2019 51
      vertex -55.0241 16.6914 51
      vertex -31.5784 22.5215 51
    endloop
  endfacet
  facet normal 0 0 -1
    outer loop
      vertex 32.2222 24.9242 51
      vertex 40.5 39 51
      vertex 32.25 24.5 51
    endloop
  endfacet
  facet normal 0 0 -1
    outer loop
      vertex 32.1393 25.3412 51
      vertex 40.5 39 51
      vertex 32.2222 24.9242 51
    endloop
  endfacet
  facet normal 0 0 -1
    outer loop
      vertex 40.5 5 51
      vertex 32.2222 24.0758 51
      vertex 40.5 39 51
    endloop
  endfacet
  facet normal 0 -0 -1
    outer loop
      vertex 32.25 24.5 51
      vertex 40.5 39 51
      vertex 32.2222 24.0758 51
    endloop
  endfacet
  facet normal 0 0 -1
    outer loop
      vertex 40.5 5 51
      vertex 32.0026 23.2563 51
      vertex 32.1393 23.6588 51
    endloop
  endfacet
  facet normal 0 -0 -1
    outer loop
      vertex 32.2222 24.0758 51
      vertex 40.5 5 51
      vertex 32.1393 23.6588 51
    endloop
  endfacet
  facet normal 0 0 -1
    outer loop
      vertex 31.5784 -22.5215 51
      vertex 40.5 -22 51
      vertex 31.8146 -22.875 51
    endloop
  endfacet
  facet normal 0 0 -1
    outer loop
      vertex 40.5 5 51
      vertex 31.8146 22.875 51
      vertex 32.0026 23.2563 51
    endloop
  endfacet
  facet normal 0 0 -1
    outer loop
      vertex 31.2981 -22.2019 51
      vertex 40.5 -22 51
      vertex 31.5784 -22.5215 51
    endloop
  endfacet
  facet normal 0 0 -1
    outer loop
      vertex 40.5 5 51
      vertex 31.5784 22.5215 51
      vertex 31.8146 22.875 51
    endloop
  endfacet
  facet normal 0 0 -1
    outer loop
      vertex 30.9785 -21.9216 51
      vertex 40.5 -22 51
      vertex 31.2981 -22.2019 51
    endloop
  endfacet
  facet normal 0 0 -1
    outer loop
      vertex 40.5 5 51
      vertex 31.2981 22.2019 51
      vertex 31.5784 22.5215 51
    endloop
  endfacet
  facet normal 0 0 -1
    outer loop
      vertex 30.625 -21.6854 51
      vertex 40.5 -22 51
      vertex 30.9785 -21.9216 51
    endloop
  endfacet
  facet normal 0 0 -1
    outer loop
      vertex 40.5 5 51
      vertex 30.9785 21.9216 51
      vertex 31.2981 22.2019 51
    endloop
  endfacet
  facet normal 0 0 -1
    outer loop
      vertex 40.5 -4 51
      vertex 30.625 -21.6854 51
      vertex 30.2437 -21.4974 51
    endloop
  endfacet
  facet normal 0 0 -1
    outer loop
      vertex 40.5 5 51
      vertex 30.625 21.6854 51
      vertex 30.9785 21.9216 51
    endloop
  endfacet
  facet normal 0 0 -1
    outer loop
      vertex 29.4242 -21.2778 51
      vertex 40.5 -4 51
      vertex 29.8412 -21.3607 51
    endloop
  endfacet
  facet normal 0 0 -1
    outer loop
      vertex 40.5 5 51
      vertex 30.2437 21.4974 51
      vertex 30.625 21.6854 51
    endloop
  endfacet
  facet normal 0 0 -1
    outer loop
      vertex 29 -21.25 51
      vertex 40.5 -4 51
      vertex 29.4242 -21.2778 51
    endloop
  endfacet
  facet normal 0 0 -1
    outer loop
      vertex 40.5 5 51
      vertex 29.8412 21.3607 51
      vertex 30.2437 21.4974 51
    endloop
  endfacet
  facet normal 0 0 -1
    outer loop
      vertex 28.5758 -21.2778 51
      vertex 40.5 -4 51
      vertex 29 -21.25 51
    endloop
  endfacet
  facet normal 0 0 -1
    outer loop
      vertex 40.5 5 51
      vertex 29.4242 21.2778 51
      vertex 29.8412 21.3607 51
    endloop
  endfacet
  facet normal 0 0 -1
    outer loop
      vertex 28.1588 -21.3607 51
      vertex 40.5 -4 51
      vertex 28.5758 -21.2778 51
    endloop
  endfacet
  facet normal 0 0 -1
    outer loop
      vertex 40.5 5 51
      vertex 29 21.25 51
      vertex 29.4242 21.2778 51
    endloop
  endfacet
  facet normal 0 0 -1
    outer loop
      vertex 27.7563 -21.4974 51
      vertex 40.5 -4 51
      vertex 28.1588 -21.3607 51
    endloop
  endfacet
  facet normal 0 0 -1
    outer loop
      vertex 40.5 5 51
      vertex 28.5758 21.2778 51
      vertex 29 21.25 51
    endloop
  endfacet
  facet normal 0 0 -1
    outer loop
      vertex 27.375 -21.6854 51
      vertex 40.5 -4 51
      vertex 27.7563 -21.4974 51
    endloop
  endfacet
  facet normal 0 0 -1
    outer loop
      vertex 40.5 5 51
      vertex 28.1588 21.3607 51
      vertex 28.5758 21.2778 51
    endloop
  endfacet
  facet normal 0 0 -1
    outer loop
      vertex 40.5 -4 51
      vertex 27.7563 21.4974 51
      vertex 40.5 5 51
    endloop
  endfacet
  facet normal 0 0 -1
    outer loop
      vertex 40.5 5 51
      vertex 27.7563 21.4974 51
      vertex 28.1588 21.3607 51
    endloop
  endfacet
  facet normal 0 0 -1
    outer loop
      vertex 27.375 21.6854 51
      vertex 40.5 -4 51
      vertex 27.375 -21.6854 51
    endloop
  endfacet
  facet normal 0 0 -1
    outer loop
      vertex 40.5 -4 51
      vertex 27.375 21.6854 51
      vertex 27.7563 21.4974 51
    endloop
  endfacet
  facet normal 0 0 -1
    outer loop
      vertex 27.0215 -21.9216 51
      vertex 27.375 21.6854 51
      vertex 27.375 -21.6854 51
    endloop
  endfacet
  facet normal 0 0 -1
    outer loop
      vertex 27.0215 -21.9216 51
      vertex 27.0215 21.9216 51
      vertex 27.375 21.6854 51
    endloop
  endfacet
  facet normal 0 0 -1
    outer loop
      vertex 26.7019 -22.2019 51
      vertex 27.0215 21.9216 51
      vertex 27.0215 -21.9216 51
    endloop
  endfacet
  facet normal 0 0 -1
    outer loop
      vertex 26.7019 -22.2019 51
      vertex 26.7019 22.2019 51
      vertex 27.0215 21.9216 51
    endloop
  endfacet
  facet normal 0 0 -1
    outer loop
      vertex 26.4216 -22.5215 51
      vertex 26.7019 22.2019 51
      vertex 26.7019 -22.2019 51
    endloop
  endfacet
  facet normal 0 0 -1
    outer loop
      vertex 26.4216 -22.5215 51
      vertex 26.4216 22.5215 51
      vertex 26.7019 22.2019 51
    endloop
  endfacet
  facet normal 0 0 -1
    outer loop
      vertex 26.1854 -22.875 51
      vertex 26.4216 22.5215 51
      vertex 26.4216 -22.5215 51
    endloop
  endfacet
  facet normal 0 0 -1
    outer loop
      vertex 26.1854 -22.875 51
      vertex 26.1854 22.875 51
      vertex 26.4216 22.5215 51
    endloop
  endfacet
  facet normal 0 0 -1
    outer loop
      vertex 25.9974 -23.2563 51
      vertex 26.1854 22.875 51
      vertex 26.1854 -22.875 51
    endloop
  endfacet
  facet normal 0 0 -1
    outer loop
      vertex 25.9974 -23.2563 51
      vertex 25.9974 23.2563 51
      vertex 26.1854 22.875 51
    endloop
  endfacet
  facet normal 0 0 -1
    outer loop
      vertex 25.8607 -23.6588 51
      vertex 25.9974 23.2563 51
      vertex 25.9974 -23.2563 51
    endloop
  endfacet
  facet normal 0 0 -1
    outer loop
      vertex 25.8607 -23.6588 51
      vertex 25.8607 23.6588 51
      vertex 25.9974 23.2563 51
    endloop
  endfacet
  facet normal 0 0 -1
    outer loop
      vertex 25.7778 -24.0758 51
      vertex 25.8607 23.6588 51
      vertex 25.8607 -23.6588 51
    endloop
  endfacet
  facet normal 0 0 -1
    outer loop
      vertex 25.7778 -24.0758 51
      vertex 25.7778 24.0758 51
      vertex 25.8607 23.6588 51
    endloop
  endfacet
  facet normal 0 0 -1
    outer loop
      vertex 25.75 -24.5 51
      vertex 25.7778 24.0758 51
      vertex 25.7778 -24.0758 51
    endloop
  endfacet
  facet normal -0 0 -1
    outer loop
      vertex 25.7778 24.0758 51
      vertex 25.75 -24.5 51
      vertex 25.75 24.5 51
    endloop
  endfacet
  facet normal 0 0 -1
    outer loop
      vertex 32.0026 25.7437 51
      vertex 40.5 39 51
      vertex 32.1393 25.3412 51
    endloop
  endfacet
  facet normal 0 0 -1
    outer loop
      vertex 31.8146 26.125 51
      vertex 40.5 39 51
      vertex 32.0026 25.7437 51
    endloop
  endfacet
  facet normal 0 0 -1
    outer loop
      vertex 31.5784 26.4785 51
      vertex 40.5 39 51
      vertex 31.8146 26.125 51
    endloop
  endfacet
  facet normal 0 0 -1
    outer loop
      vertex 31.2981 26.7981 51
      vertex 40.5 39 51
      vertex 31.5784 26.4785 51
    endloop
  endfacet
  facet normal 0 0 -1
    outer loop
      vertex 30.9785 27.0784 51
      vertex 40.5 39 51
      vertex 31.2981 26.7981 51
    endloop
  endfacet
  facet normal 0 0 -1
    outer loop
      vertex 30.625 27.3146 51
      vertex 40.5 39 51
      vertex 30.9785 27.0784 51
    endloop
  endfacet
  facet normal 0 0 -1
    outer loop
      vertex 30.2437 27.5026 51
      vertex 40.5 39 51
      vertex 30.625 27.3146 51
    endloop
  endfacet
  facet normal 0 0 -1
    outer loop
      vertex 29.8412 27.6393 51
      vertex 40.5 39 51
      vertex 30.2437 27.5026 51
    endloop
  endfacet
  facet normal -0 0 -1
    outer loop
      vertex 40.5 39 51
      vertex 29.8412 27.6393 51
      vertex 38.6146 42.6047 51
    endloop
  endfacet
  facet normal -0 0 -1
    outer loop
      vertex 38.6146 42.6047 51
      vertex 29.8412 27.6393 51
      vertex 36.4776 44.4481 51
    endloop
  endfacet
  facet normal 0 0 -1
    outer loop
      vertex 29.4242 27.7222 51
      vertex 36.4776 44.4481 51
      vertex 29.8412 27.6393 51
    endloop
  endfacet
  facet normal 0 0 -1
    outer loop
      vertex 29 27.75 51
      vertex 36.4776 44.4481 51
      vertex 29.4242 27.7222 51
    endloop
  endfacet
  facet normal -0 0 -1
    outer loop
      vertex 36.4776 44.4481 51
      vertex 29 27.75 51
      vertex 34.2527 46.1844 51
    endloop
  endfacet
  facet normal 0 0 -1
    outer loop
      vertex 28.5758 27.7222 51
      vertex 34.2527 46.1844 51
      vertex 29 27.75 51
    endloop
  endfacet
  facet normal -0 0 -1
    outer loop
      vertex 34.2527 46.1844 51
      vertex 28.5758 27.7222 51
      vertex 31.9453 47.8095 51
    endloop
  endfacet
  facet normal 0 0 -1
    outer loop
      vertex 28.1588 27.6393 51
      vertex 31.9453 47.8095 51
      vertex 28.5758 27.7222 51
    endloop
  endfacet
  facet normal -0 0 -1
    outer loop
      vertex 31.9453 47.8095 51
      vertex 28.1588 27.6393 51
      vertex 29.5609 49.3194 51
    endloop
  endfacet
  facet normal 0 0 -1
    outer loop
      vertex 27.7563 27.5026 51
      vertex 29.5609 49.3194 51
      vertex 28.1588 27.6393 51
    endloop
  endfacet
  facet normal 0 0 -1
    outer loop
      vertex 12 38 51
      vertex 27.7563 27.5026 51
      vertex 27.375 27.3146 51
    endloop
  endfacet
  facet normal 0 0 -1
    outer loop
      vertex 27.7563 27.5026 51
      vertex 12 38 51
      vertex 29.5609 49.3194 51
    endloop
  endfacet
  facet normal 0 0 -1
    outer loop
      vertex 12 38 51
      vertex 27.375 27.3146 51
      vertex 27.0215 27.0784 51
    endloop
  endfacet
  facet normal 0 0 -1
    outer loop
      vertex 12 38 51
      vertex 27.0215 27.0784 51
      vertex 26.7019 26.7981 51
    endloop
  endfacet
  facet normal 0 0 -1
    outer loop
      vertex 12 38 51
      vertex 26.7019 26.7981 51
      vertex 26.4216 26.4785 51
    endloop
  endfacet
  facet normal 0 0 -1
    outer loop
      vertex 12 38 51
      vertex 26.4216 26.4785 51
      vertex 26.1854 26.125 51
    endloop
  endfacet
  facet normal 0 0 -1
    outer loop
      vertex 12 38 51
      vertex 26.1854 26.125 51
      vertex 25.9974 25.7437 51
    endloop
  endfacet
  facet normal 0 0 -1
    outer loop
      vertex 12 38 51
      vertex 25.9974 25.7437 51
      vertex 25.8607 25.3412 51
    endloop
  endfacet
  facet normal 0 0 -1
    outer loop
      vertex 12 38 51
      vertex 25.8607 25.3412 51
      vertex 25.7778 24.9242 51
    endloop
  endfacet
  facet normal 0 0 -1
    outer loop
      vertex 12 38 51
      vertex 25.7778 24.9242 51
      vertex 25.75 24.5 51
    endloop
  endfacet
  facet normal -0 0 -1
    outer loop
      vertex 29.5609 49.3194 51
      vertex 12 38 51
      vertex 27.1053 50.7105 51
    endloop
  endfacet
  facet normal -0 0 -1
    outer loop
      vertex 25.75 -24.5 51
      vertex 4 -26 51
      vertex 25.75 24.5 51
    endloop
  endfacet
  facet normal 0 0 -1
    outer loop
      vertex 4 -35 51
      vertex 24.5844 -51.9794 51
      vertex 22.0043 -53.1231 51
    endloop
  endfacet
  facet normal -0 0 -1
    outer loop
      vertex 27.1053 50.7105 51
      vertex 12 38 51
      vertex 24.5844 51.9794 51
    endloop
  endfacet
  facet normal 0 0 -1
    outer loop
      vertex 4 -35 51
      vertex 22.0043 -53.1231 51
      vertex 19.3712 -54.1388 51
    endloop
  endfacet
  facet normal -0 0 -1
    outer loop
      vertex 24.5844 51.9794 51
      vertex 12 38 51
      vertex 22.0043 53.1231 51
    endloop
  endfacet
  facet normal 0 0 -1
    outer loop
      vertex 4 -35 51
      vertex 19.3712 -54.1388 51
      vertex 16.6914 -55.0241 51
    endloop
  endfacet
  facet normal -0 0 -1
    outer loop
      vertex 22.0043 53.1231 51
      vertex 12 38 51
      vertex 19.3712 54.1388 51
    endloop
  endfacet
  facet normal 0 0 -1
    outer loop
      vertex 4 -35 51
      vertex 16.6914 -55.0241 51
      vertex 13.9714 -55.7768 51
    endloop
  endfacet
  facet normal -0 0 -1
    outer loop
      vertex 19.3712 54.1388 51
      vertex 12 38 51
      vertex 16.6914 55.0241 51
    endloop
  endfacet
  facet normal -0 0 -1
    outer loop
      vertex 16.6914 55.0241 51
      vertex 12 38 51
      vertex 13.9714 55.7768 51
    endloop
  endfacet
  facet normal 0 0 -1
    outer loop
      vertex 4 -35 51
      vertex 13.9714 -55.7768 51
      vertex 11.2177 -56.3952 51
    endloop
  endfacet
  facet normal 0 0 -1
    outer loop
      vertex 4 -35 51
      vertex 11.2177 -56.3952 51
      vertex 8.437 -56.8776 51
    endloop
  endfacet
  facet normal 0 0 -1
    outer loop
      vertex 4 -35 51
      vertex 8.437 -56.8776 51
      vertex 5.63599 -57.2231 51
    endloop
  endfacet
  facet normal -0 0 -1
    outer loop
      vertex 25.7778 -24.9242 51
      vertex 4 -26 51
      vertex 25.75 -24.5 51
    endloop
  endfacet
  facet normal 0 0 -1
    outer loop
      vertex -25.75 24.5 51
      vertex 25.75 24.5 51
      vertex 4 -26 51
    endloop
  endfacet
  facet normal 0 0 -1
    outer loop
      vertex 25.75 24.5 51
      vertex -12 38 51
      vertex 12 38 51
    endloop
  endfacet
  facet normal 0 0 -1
    outer loop
      vertex -12 38 51
      vertex -13.9714 55.7768 51
      vertex -12 56.2195 51
    endloop
  endfacet
  facet normal 0 0 -1
    outer loop
      vertex -12 38 51
      vertex -16.6914 55.0241 51
      vertex -13.9714 55.7768 51
    endloop
  endfacet
  facet normal 0 0 -1
    outer loop
      vertex -25.7778 -24.0758 51
      vertex 4 -26 51
      vertex -25.75 -24.5 51
    endloop
  endfacet
  facet normal 0 0 -1
    outer loop
      vertex -12 38 51
      vertex -19.3712 54.1388 51
      vertex -16.6914 55.0241 51
    endloop
  endfacet
  facet normal 0 0 -1
    outer loop
      vertex -12 38 51
      vertex -22.0043 53.1231 51
      vertex -19.3712 54.1388 51
    endloop
  endfacet
  facet normal 0 0 -1
    outer loop
      vertex -12 38 51
      vertex -24.5844 51.9794 51
      vertex -22.0043 53.1231 51
    endloop
  endfacet
  facet normal 0 0 -1
    outer loop
      vertex 25.75 24.5 51
      vertex -25.75 24.5 51
      vertex -12 38 51
    endloop
  endfacet
  facet normal 0 0 -1
    outer loop
      vertex 4 -26 51
      vertex -25.7778 -24.9242 51
      vertex -25.75 -24.5 51
    endloop
  endfacet
  facet normal 0 0 -1
    outer loop
      vertex 4 -26 51
      vertex -25.8607 -25.3412 51
      vertex -25.7778 -24.9242 51
    endloop
  endfacet
  facet normal 0 0 -1
    outer loop
      vertex 4 -26 51
      vertex -25.9974 -25.7437 51
      vertex -25.8607 -25.3412 51
    endloop
  endfacet
  facet normal 0 -0 -1
    outer loop
      vertex -25.9974 -25.7437 51
      vertex 4 -26 51
      vertex -26.1238 -26 51
    endloop
  endfacet
  facet normal 0 0 -1
    outer loop
      vertex -27.6351 -24.8115 51
      vertex -27.6351 -24.1885 51
      vertex -27.6 -24.5 51
    endloop
  endfacet
  facet normal 0 0 -1
    outer loop
      vertex -27.7386 -25.1074 51
      vertex -27.6351 -24.1885 51
      vertex -27.6351 -24.8115 51
    endloop
  endfacet
  facet normal 0 0 -1
    outer loop
      vertex -27.7386 -25.1074 51
      vertex -27.7386 -23.8926 51
      vertex -27.6351 -24.1885 51
    endloop
  endfacet
  facet normal 0 0 -1
    outer loop
      vertex -27.9054 -25.3729 51
      vertex -27.7386 -23.8926 51
      vertex -27.7386 -25.1074 51
    endloop
  endfacet
  facet normal 0 0 -1
    outer loop
      vertex -27.9054 -25.3729 51
      vertex -27.9054 -23.6271 51
      vertex -27.7386 -23.8926 51
    endloop
  endfacet
  facet normal 0 0 -1
    outer loop
      vertex -28.1271 -25.5946 51
      vertex -27.9054 -23.6271 51
      vertex -27.9054 -25.3729 51
    endloop
  endfacet
  facet normal 0 0 -1
    outer loop
      vertex -28.1271 -25.5946 51
      vertex -28.1271 -23.4054 51
      vertex -27.9054 -23.6271 51
    endloop
  endfacet
  facet normal 0 0 -1
    outer loop
      vertex -28.3926 -25.7614 51
      vertex -28.1271 -23.4054 51
      vertex -28.1271 -25.5946 51
    endloop
  endfacet
  facet normal 0 0 -1
    outer loop
      vertex -28.3926 -25.7614 51
      vertex -28.3926 -23.2386 51
      vertex -28.1271 -23.4054 51
    endloop
  endfacet
  facet normal 0 0 -1
    outer loop
      vertex -28.6885 -25.8649 51
      vertex -28.3926 -23.2386 51
      vertex -28.3926 -25.7614 51
    endloop
  endfacet
  facet normal 0 0 -1
    outer loop
      vertex -28.6885 -25.8649 51
      vertex -28.6885 -23.1351 51
      vertex -28.3926 -23.2386 51
    endloop
  endfacet
  facet normal 0 0 -1
    outer loop
      vertex -29 -25.9 51
      vertex -28.6885 -23.1351 51
      vertex -28.6885 -25.8649 51
    endloop
  endfacet
  facet normal 0 0 -1
    outer loop
      vertex -29 -25.9 51
      vertex -29 -23.1 51
      vertex -28.6885 -23.1351 51
    endloop
  endfacet
  facet normal 0 0 -1
    outer loop
      vertex -29.3115 -25.8649 51
      vertex -29 -23.1 51
      vertex -29 -25.9 51
    endloop
  endfacet
  facet normal 0 0 -1
    outer loop
      vertex -29.3115 -25.8649 51
      vertex -29.3115 -23.1351 51
      vertex -29 -23.1 51
    endloop
  endfacet
  facet normal 0 0 -1
    outer loop
      vertex -29.6074 -25.7614 51
      vertex -29.3115 -23.1351 51
      vertex -29.3115 -25.8649 51
    endloop
  endfacet
  facet normal 0 0 -1
    outer loop
      vertex -29.6074 -25.7614 51
      vertex -29.6074 -23.2386 51
      vertex -29.3115 -23.1351 51
    endloop
  endfacet
  facet normal 0 0 -1
    outer loop
      vertex -29.8729 -25.5946 51
      vertex -29.6074 -23.2386 51
      vertex -29.6074 -25.7614 51
    endloop
  endfacet
  facet normal 0 0 -1
    outer loop
      vertex -29.8729 -25.5946 51
      vertex -29.8729 -23.4054 51
      vertex -29.6074 -23.2386 51
    endloop
  endfacet
  facet normal 0 0 -1
    outer loop
      vertex -30.0946 -25.3729 51
      vertex -29.8729 -23.4054 51
      vertex -29.8729 -25.5946 51
    endloop
  endfacet
  facet normal 0 0 -1
    outer loop
      vertex -30.0946 -25.3729 51
      vertex -30.0946 -23.6271 51
      vertex -29.8729 -23.4054 51
    endloop
  endfacet
  facet normal 0 0 -1
    outer loop
      vertex -30.2614 -25.1074 51
      vertex -30.0946 -23.6271 51
      vertex -30.0946 -25.3729 51
    endloop
  endfacet
  facet normal 0 0 -1
    outer loop
      vertex -30.2614 -25.1074 51
      vertex -30.2614 -23.8926 51
      vertex -30.0946 -23.6271 51
    endloop
  endfacet
  facet normal 0 0 -1
    outer loop
      vertex -30.3649 -24.8115 51
      vertex -30.2614 -23.8926 51
      vertex -30.2614 -25.1074 51
    endloop
  endfacet
  facet normal 0 0 -1
    outer loop
      vertex -30.3649 -24.8115 51
      vertex -30.3649 -24.1885 51
      vertex -30.2614 -23.8926 51
    endloop
  endfacet
  facet normal 0 -0 -1
    outer loop
      vertex -30.3649 -24.1885 51
      vertex -30.3649 -24.8115 51
      vertex -30.4 -24.5 51
    endloop
  endfacet
  facet normal 0 0 -1
    outer loop
      vertex 30.3649 -24.8115 51
      vertex 30.3649 -24.1885 51
      vertex 30.4 -24.5 51
    endloop
  endfacet
  facet normal 0 0 -1
    outer loop
      vertex 30.2614 -25.1074 51
      vertex 30.3649 -24.1885 51
      vertex 30.3649 -24.8115 51
    endloop
  endfacet
  facet normal 0 0 -1
    outer loop
      vertex 30.2614 -25.1074 51
      vertex 30.2614 -23.8926 51
      vertex 30.3649 -24.1885 51
    endloop
  endfacet
  facet normal 0 0 -1
    outer loop
      vertex 30.0946 -25.3729 51
      vertex 30.2614 -23.8926 51
      vertex 30.2614 -25.1074 51
    endloop
  endfacet
  facet normal 0 0 -1
    outer loop
      vertex 30.0946 -25.3729 51
      vertex 30.0946 -23.6271 51
      vertex 30.2614 -23.8926 51
    endloop
  endfacet
  facet normal 0 0 -1
    outer loop
      vertex 29.8729 -25.5946 51
      vertex 30.0946 -23.6271 51
      vertex 30.0946 -25.3729 51
    endloop
  endfacet
  facet normal 0 0 -1
    outer loop
      vertex 29.8729 -25.5946 51
      vertex 29.8729 -23.4054 51
      vertex 30.0946 -23.6271 51
    endloop
  endfacet
  facet normal 0 0 -1
    outer loop
      vertex 29.6074 -25.7614 51
      vertex 29.8729 -23.4054 51
      vertex 29.8729 -25.5946 51
    endloop
  endfacet
  facet normal 0 0 -1
    outer loop
      vertex 29.6074 -25.7614 51
      vertex 29.6074 -23.2386 51
      vertex 29.8729 -23.4054 51
    endloop
  endfacet
  facet normal 0 0 -1
    outer loop
      vertex 29.3115 -25.8649 51
      vertex 29.6074 -23.2386 51
      vertex 29.6074 -25.7614 51
    endloop
  endfacet
  facet normal 0 0 -1
    outer loop
      vertex 29.3115 -25.8649 51
      vertex 29.3115 -23.1351 51
      vertex 29.6074 -23.2386 51
    endloop
  endfacet
  facet normal 0 0 -1
    outer loop
      vertex 29 -25.9 51
      vertex 29.3115 -23.1351 51
      vertex 29.3115 -25.8649 51
    endloop
  endfacet
  facet normal 0 0 -1
    outer loop
      vertex 29 -25.9 51
      vertex 29 -23.1 51
      vertex 29.3115 -23.1351 51
    endloop
  endfacet
  facet normal 0 0 -1
    outer loop
      vertex 28.6885 -25.8649 51
      vertex 29 -23.1 51
      vertex 29 -25.9 51
    endloop
  endfacet
  facet normal 0 0 -1
    outer loop
      vertex 28.6885 -25.8649 51
      vertex 28.6885 -23.1351 51
      vertex 29 -23.1 51
    endloop
  endfacet
  facet normal 0 0 -1
    outer loop
      vertex 28.3926 -25.7614 51
      vertex 28.6885 -23.1351 51
      vertex 28.6885 -25.8649 51
    endloop
  endfacet
  facet normal 0 0 -1
    outer loop
      vertex 28.3926 -25.7614 51
      vertex 28.3926 -23.2386 51
      vertex 28.6885 -23.1351 51
    endloop
  endfacet
  facet normal 0 0 -1
    outer loop
      vertex 28.1271 -25.5946 51
      vertex 28.3926 -23.2386 51
      vertex 28.3926 -25.7614 51
    endloop
  endfacet
  facet normal 0 0 -1
    outer loop
      vertex 28.1271 -25.5946 51
      vertex 28.1271 -23.4054 51
      vertex 28.3926 -23.2386 51
    endloop
  endfacet
  facet normal 0 0 -1
    outer loop
      vertex 27.9054 -25.3729 51
      vertex 28.1271 -23.4054 51
      vertex 28.1271 -25.5946 51
    endloop
  endfacet
  facet normal 0 0 -1
    outer loop
      vertex 27.9054 -25.3729 51
      vertex 27.9054 -23.6271 51
      vertex 28.1271 -23.4054 51
    endloop
  endfacet
  facet normal 0 0 -1
    outer loop
      vertex 27.7386 -25.1074 51
      vertex 27.9054 -23.6271 51
      vertex 27.9054 -25.3729 51
    endloop
  endfacet
  facet normal 0 0 -1
    outer loop
      vertex 27.7386 -25.1074 51
      vertex 27.7386 -23.8926 51
      vertex 27.9054 -23.6271 51
    endloop
  endfacet
  facet normal 0 0 -1
    outer loop
      vertex 27.6351 -24.8115 51
      vertex 27.7386 -23.8926 51
      vertex 27.7386 -25.1074 51
    endloop
  endfacet
  facet normal 0 0 -1
    outer loop
      vertex 27.6351 -24.8115 51
      vertex 27.6351 -24.1885 51
      vertex 27.7386 -23.8926 51
    endloop
  endfacet
  facet normal 0 -0 -1
    outer loop
      vertex 27.6351 -24.1885 51
      vertex 27.6351 -24.8115 51
      vertex 27.6 -24.5 51
    endloop
  endfacet
  facet normal 0 0 -1
    outer loop
      vertex -27.6351 24.1885 51
      vertex -27.6351 24.8115 51
      vertex -27.6 24.5 51
    endloop
  endfacet
  facet normal 0 0 -1
    outer loop
      vertex -27.7386 23.8926 51
      vertex -27.6351 24.8115 51
      vertex -27.6351 24.1885 51
    endloop
  endfacet
  facet normal 0 0 -1
    outer loop
      vertex -27.7386 23.8926 51
      vertex -27.7386 25.1074 51
      vertex -27.6351 24.8115 51
    endloop
  endfacet
  facet normal 0 0 -1
    outer loop
      vertex -27.9054 23.6271 51
      vertex -27.7386 25.1074 51
      vertex -27.7386 23.8926 51
    endloop
  endfacet
  facet normal 0 0 -1
    outer loop
      vertex -27.9054 23.6271 51
      vertex -27.9054 25.3729 51
      vertex -27.7386 25.1074 51
    endloop
  endfacet
  facet normal 0 0 -1
    outer loop
      vertex -28.1271 23.4054 51
      vertex -27.9054 25.3729 51
      vertex -27.9054 23.6271 51
    endloop
  endfacet
  facet normal 0 0 -1
    outer loop
      vertex -28.1271 23.4054 51
      vertex -28.1271 25.5946 51
      vertex -27.9054 25.3729 51
    endloop
  endfacet
  facet normal 0 0 -1
    outer loop
      vertex -28.3926 23.2386 51
      vertex -28.1271 25.5946 51
      vertex -28.1271 23.4054 51
    endloop
  endfacet
  facet normal 0 0 -1
    outer loop
      vertex -28.3926 23.2386 51
      vertex -28.3926 25.7614 51
      vertex -28.1271 25.5946 51
    endloop
  endfacet
  facet normal 0 0 -1
    outer loop
      vertex -28.6885 23.1351 51
      vertex -28.3926 25.7614 51
      vertex -28.3926 23.2386 51
    endloop
  endfacet
  facet normal 0 0 -1
    outer loop
      vertex -28.6885 23.1351 51
      vertex -28.6885 25.8649 51
      vertex -28.3926 25.7614 51
    endloop
  endfacet
  facet normal 0 0 -1
    outer loop
      vertex -29 23.1 51
      vertex -28.6885 25.8649 51
      vertex -28.6885 23.1351 51
    endloop
  endfacet
  facet normal 0 0 -1
    outer loop
      vertex -29 23.1 51
      vertex -29 25.9 51
      vertex -28.6885 25.8649 51
    endloop
  endfacet
  facet normal 0 0 -1
    outer loop
      vertex -29.3115 23.1351 51
      vertex -29 25.9 51
      vertex -29 23.1 51
    endloop
  endfacet
  facet normal 0 0 -1
    outer loop
      vertex -29.3115 23.1351 51
      vertex -29.3115 25.8649 51
      vertex -29 25.9 51
    endloop
  endfacet
  facet normal 0 0 -1
    outer loop
      vertex -29.6074 23.2386 51
      vertex -29.3115 25.8649 51
      vertex -29.3115 23.1351 51
    endloop
  endfacet
  facet normal 0 0 -1
    outer loop
      vertex -29.6074 23.2386 51
      vertex -29.6074 25.7614 51
      vertex -29.3115 25.8649 51
    endloop
  endfacet
  facet normal 0 0 -1
    outer loop
      vertex -29.8729 23.4054 51
      vertex -29.6074 25.7614 51
      vertex -29.6074 23.2386 51
    endloop
  endfacet
  facet normal 0 0 -1
    outer loop
      vertex -29.8729 23.4054 51
      vertex -29.8729 25.5946 51
      vertex -29.6074 25.7614 51
    endloop
  endfacet
  facet normal 0 0 -1
    outer loop
      vertex -30.0946 23.6271 51
      vertex -29.8729 25.5946 51
      vertex -29.8729 23.4054 51
    endloop
  endfacet
  facet normal 0 0 -1
    outer loop
      vertex -30.0946 23.6271 51
      vertex -30.0946 25.3729 51
      vertex -29.8729 25.5946 51
    endloop
  endfacet
  facet normal 0 0 -1
    outer loop
      vertex -30.2614 23.8926 51
      vertex -30.0946 25.3729 51
      vertex -30.0946 23.6271 51
    endloop
  endfacet
  facet normal 0 0 -1
    outer loop
      vertex -30.2614 23.8926 51
      vertex -30.2614 25.1074 51
      vertex -30.0946 25.3729 51
    endloop
  endfacet
  facet normal 0 0 -1
    outer loop
      vertex -30.3649 24.1885 51
      vertex -30.2614 25.1074 51
      vertex -30.2614 23.8926 51
    endloop
  endfacet
  facet normal 0 0 -1
    outer loop
      vertex -30.3649 24.1885 51
      vertex -30.3649 24.8115 51
      vertex -30.2614 25.1074 51
    endloop
  endfacet
  facet normal 0 -0 -1
    outer loop
      vertex -30.3649 24.8115 51
      vertex -30.3649 24.1885 51
      vertex -30.4 24.5 51
    endloop
  endfacet
  facet normal 0 0 -1
    outer loop
      vertex 30.3649 24.1885 51
      vertex 30.3649 24.8115 51
      vertex 30.4 24.5 51
    endloop
  endfacet
  facet normal 0 0 -1
    outer loop
      vertex 30.2614 23.8926 51
      vertex 30.3649 24.8115 51
      vertex 30.3649 24.1885 51
    endloop
  endfacet
  facet normal 0 0 -1
    outer loop
      vertex 30.2614 23.8926 51
      vertex 30.2614 25.1074 51
      vertex 30.3649 24.8115 51
    endloop
  endfacet
  facet normal 0 0 -1
    outer loop
      vertex 30.0946 23.6271 51
      vertex 30.2614 25.1074 51
      vertex 30.2614 23.8926 51
    endloop
  endfacet
  facet normal 0 0 -1
    outer loop
      vertex 30.0946 23.6271 51
      vertex 30.0946 25.3729 51
      vertex 30.2614 25.1074 51
    endloop
  endfacet
  facet normal 0 0 -1
    outer loop
      vertex 29.8729 23.4054 51
      vertex 30.0946 25.3729 51
      vertex 30.0946 23.6271 51
    endloop
  endfacet
  facet normal 0 0 -1
    outer loop
      vertex 29.8729 23.4054 51
      vertex 29.8729 25.5946 51
      vertex 30.0946 25.3729 51
    endloop
  endfacet
  facet normal 0 0 -1
    outer loop
      vertex 29.6074 23.2386 51
      vertex 29.8729 25.5946 51
      vertex 29.8729 23.4054 51
    endloop
  endfacet
  facet normal 0 0 -1
    outer loop
      vertex 29.6074 23.2386 51
      vertex 29.6074 25.7614 51
      vertex 29.8729 25.5946 51
    endloop
  endfacet
  facet normal 0 0 -1
    outer loop
      vertex 29.3115 23.1351 51
      vertex 29.6074 25.7614 51
      vertex 29.6074 23.2386 51
    endloop
  endfacet
  facet normal 0 0 -1
    outer loop
      vertex 29.3115 23.1351 51
      vertex 29.3115 25.8649 51
      vertex 29.6074 25.7614 51
    endloop
  endfacet
  facet normal 0 0 -1
    outer loop
      vertex 29 23.1 51
      vertex 29.3115 25.8649 51
      vertex 29.3115 23.1351 51
    endloop
  endfacet
  facet normal 0 0 -1
    outer loop
      vertex 29 23.1 51
      vertex 29 25.9 51
      vertex 29.3115 25.8649 51
    endloop
  endfacet
  facet normal 0 0 -1
    outer loop
      vertex 28.6885 23.1351 51
      vertex 29 25.9 51
      vertex 29 23.1 51
    endloop
  endfacet
  facet normal 0 0 -1
    outer loop
      vertex 28.6885 23.1351 51
      vertex 28.6885 25.8649 51
      vertex 29 25.9 51
    endloop
  endfacet
  facet normal 0 0 -1
    outer loop
      vertex 28.3926 23.2386 51
      vertex 28.6885 25.8649 51
      vertex 28.6885 23.1351 51
    endloop
  endfacet
  facet normal 0 0 -1
    outer loop
      vertex 28.3926 23.2386 51
      vertex 28.3926 25.7614 51
      vertex 28.6885 25.8649 51
    endloop
  endfacet
  facet normal 0 0 -1
    outer loop
      vertex 28.1271 23.4054 51
      vertex 28.3926 25.7614 51
      vertex 28.3926 23.2386 51
    endloop
  endfacet
  facet normal 0 0 -1
    outer loop
      vertex 28.1271 23.4054 51
      vertex 28.1271 25.5946 51
      vertex 28.3926 25.7614 51
    endloop
  endfacet
  facet normal 0 0 -1
    outer loop
      vertex 27.9054 23.6271 51
      vertex 28.1271 25.5946 51
      vertex 28.1271 23.4054 51
    endloop
  endfacet
  facet normal 0 0 -1
    outer loop
      vertex 27.9054 23.6271 51
      vertex 27.9054 25.3729 51
      vertex 28.1271 25.5946 51
    endloop
  endfacet
  facet normal 0 0 -1
    outer loop
      vertex 27.7386 23.8926 51
      vertex 27.9054 25.3729 51
      vertex 27.9054 23.6271 51
    endloop
  endfacet
  facet normal 0 0 -1
    outer loop
      vertex 27.7386 23.8926 51
      vertex 27.7386 25.1074 51
      vertex 27.9054 25.3729 51
    endloop
  endfacet
  facet normal 0 0 -1
    outer loop
      vertex 27.6351 24.1885 51
      vertex 27.7386 25.1074 51
      vertex 27.7386 23.8926 51
    endloop
  endfacet
  facet normal 0 0 -1
    outer loop
      vertex 27.6351 24.1885 51
      vertex 27.6351 24.8115 51
      vertex 27.7386 25.1074 51
    endloop
  endfacet
  facet normal 0 -0 -1
    outer loop
      vertex 27.6351 24.8115 51
      vertex 27.6351 24.1885 51
      vertex 27.6 24.5 51
    endloop
  endfacet
  facet normal 0.992478 0.122421 0
    outer loop
      vertex 57.2231 5.63599 68
      vertex 56.8776 8.437 51
      vertex 56.8776 8.437 68
    endloop
  endfacet
  facet normal 0.992478 0.122421 0
    outer loop
      vertex 56.8776 8.437 51
      vertex 57.2231 5.63599 68
      vertex 57.2231 5.63599 51
    endloop
  endfacet
  facet normal 0.997291 0.0735584 0
    outer loop
      vertex 57.4307 2.82139 68
      vertex 57.2231 5.63599 51
      vertex 57.2231 5.63599 68
    endloop
  endfacet
  facet normal 0.997291 0.0735584 0
    outer loop
      vertex 57.2231 5.63599 51
      vertex 57.4307 2.82139 68
      vertex 57.4307 2.82139 51
    endloop
  endfacet
  facet normal 0.963778 0.266704 0
    outer loop
      vertex 55.7768 13.9714 68
      vertex 55.0241 16.6914 61
      vertex 55.0241 16.6914 68
    endloop
  endfacet
  facet normal 0.963778 0.266704 0
    outer loop
      vertex 55.0241 16.6914 61
      vertex 55.7768 13.9714 68
      vertex 55.7768 13.9714 61
    endloop
  endfacet
  facet normal 0.949527 0.313686 0
    outer loop
      vertex 55.0241 16.6914 68
      vertex 54.1388 19.3712 61
      vertex 54.1388 19.3712 68
    endloop
  endfacet
  facet normal 0.949527 0.313686 0
    outer loop
      vertex 54.1388 19.3712 61
      vertex 55.0241 16.6914 68
      vertex 55.0241 16.6914 61
    endloop
  endfacet
  facet normal 0.975699 0.219113 0
    outer loop
      vertex 56.3952 11.2177 68
      vertex 55.7768 13.9714 61
      vertex 55.7768 13.9714 68
    endloop
  endfacet
  facet normal 0.975699 0.219113 0
    outer loop
      vertex 55.7768 13.9714 61
      vertex 56.3952 11.2177 68
      vertex 56.3952 11.2177 61
    endloop
  endfacet
  facet normal 0.788351 0.615225 0
    outer loop
      vertex 46.1844 34.2527 68
      vertex 44.4481 36.4776 61
      vertex 44.4481 36.4776 68
    endloop
  endfacet
  facet normal 0.788351 0.615225 0
    outer loop
      vertex 44.4481 36.4776 61
      vertex 46.1844 34.2527 68
      vertex 46.1844 34.2527 61
    endloop
  endfacet
  facet normal 0.817577 0.575819 0
    outer loop
      vertex 47.8095 31.9453 68
      vertex 46.1844 34.2527 61
      vertex 46.1844 34.2527 68
    endloop
  endfacet
  facet normal 0.817577 0.575819 0
    outer loop
      vertex 46.1844 34.2527 61
      vertex 47.8095 31.9453 68
      vertex 47.8095 31.9453 61
    endloop
  endfacet
  facet normal 0.757207 0.653175 0
    outer loop
      vertex 44.4481 36.4776 68
      vertex 42.6047 38.6146 61
      vertex 42.6047 38.6146 68
    endloop
  endfacet
  facet normal 0.757207 0.653175 0
    outer loop
      vertex 42.6047 38.6146 61
      vertex 44.4481 36.4776 68
      vertex 44.4481 36.4776 61
    endloop
  endfacet
  facet normal 0.870084 0.492903 0
    outer loop
      vertex 50.7105 27.1053 68
      vertex 49.3194 29.5609 61
      vertex 49.3194 29.5609 68
    endloop
  endfacet
  facet normal 0.870084 0.492903 0
    outer loop
      vertex 49.3194 29.5609 61
      vertex 50.7105 27.1053 68
      vertex 50.7105 27.1053 61
    endloop
  endfacet
  facet normal 0.914207 0.405247 0
    outer loop
      vertex 53.1231 22.0043 68
      vertex 51.9794 24.5844 61
      vertex 51.9794 24.5844 68
    endloop
  endfacet
  facet normal 0.914207 0.405247 0
    outer loop
      vertex 51.9794 24.5844 61
      vertex 53.1231 22.0043 68
      vertex 53.1231 22.0043 61
    endloop
  endfacet
  facet normal 0.122421 0.992478 -0
    outer loop
      vertex 8.437 56.8776 64.5
      vertex 5.63599 57.2231 68
      vertex 8.437 56.8776 68
    endloop
  endfacet
  facet normal 0.122421 0.992478 0
    outer loop
      vertex 5.63599 57.2231 68
      vertex 8.437 56.8776 64.5
      vertex 5.63599 57.2231 64.5
    endloop
  endfacet
  facet normal 0.313686 0.949527 -0
    outer loop
      vertex 19.3712 54.1388 51
      vertex 16.6914 55.0241 68
      vertex 19.3712 54.1388 68
    endloop
  endfacet
  facet normal 0.313686 0.949527 0
    outer loop
      vertex 16.6914 55.0241 68
      vertex 19.3712 54.1388 51
      vertex 16.6914 55.0241 51
    endloop
  endfacet
  facet normal 0.359895 0.932993 -0
    outer loop
      vertex 22.0043 53.1231 51
      vertex 19.3712 54.1388 68
      vertex 22.0043 53.1231 68
    endloop
  endfacet
  facet normal 0.359895 0.932993 0
    outer loop
      vertex 19.3712 54.1388 68
      vertex 22.0043 53.1231 51
      vertex 19.3712 54.1388 51
    endloop
  endfacet
  facet normal 0.266704 0.963778 -0
    outer loop
      vertex 16.6914 55.0241 51
      vertex 13.9714 55.7768 68
      vertex 16.6914 55.0241 68
    endloop
  endfacet
  facet normal 0.266704 0.963778 0
    outer loop
      vertex 13.9714 55.7768 68
      vertex 16.6914 55.0241 51
      vertex 13.9714 55.7768 51
    endloop
  endfacet
  facet normal 0.170928 0.985283 -0
    outer loop
      vertex 11.2177 56.3952 64.5
      vertex 8.437 56.8776 68
      vertex 11.2177 56.3952 68
    endloop
  endfacet
  facet normal 0.170928 0.985283 0
    outer loop
      vertex 8.437 56.8776 68
      vertex 11.2177 56.3952 64.5
      vertex 8.437 56.8776 64.5
    endloop
  endfacet
  facet normal 0.0735584 0.997291 -0
    outer loop
      vertex 5.63599 57.2231 64.5
      vertex 2.82139 57.4307 68
      vertex 5.63599 57.2231 68
    endloop
  endfacet
  facet normal 0.0735584 0.997291 0
    outer loop
      vertex 2.82139 57.4307 68
      vertex 5.63599 57.2231 64.5
      vertex 2.82139 57.4307 64.5
    endloop
  endfacet
  facet normal 0.492903 0.870084 -0
    outer loop
      vertex 29.5609 49.3194 51
      vertex 27.1053 50.7105 68
      vertex 29.5609 49.3194 68
    endloop
  endfacet
  facet normal 0.492903 0.870084 0
    outer loop
      vertex 27.1053 50.7105 68
      vertex 29.5609 49.3194 51
      vertex 27.1053 50.7105 51
    endloop
  endfacet
  facet normal 0.534996 0.844854 -0
    outer loop
      vertex 31.9453 47.8095 51
      vertex 29.5609 49.3194 68
      vertex 31.9453 47.8095 68
    endloop
  endfacet
  facet normal 0.534996 0.844854 0
    outer loop
      vertex 29.5609 49.3194 68
      vertex 31.9453 47.8095 51
      vertex 29.5609 49.3194 51
    endloop
  endfacet
  facet normal 0.449607 0.893226 -0
    outer loop
      vertex 27.1053 50.7105 51
      vertex 24.5844 51.9794 68
      vertex 27.1053 50.7105 68
    endloop
  endfacet
  facet normal 0.449607 0.893226 0
    outer loop
      vertex 24.5844 51.9794 68
      vertex 27.1053 50.7105 51
      vertex 24.5844 51.9794 51
    endloop
  endfacet
  facet normal 0.615225 0.788351 -0
    outer loop
      vertex 36.4776 44.4481 51
      vertex 34.2527 46.1844 68
      vertex 36.4776 44.4481 68
    endloop
  endfacet
  facet normal 0.615225 0.788351 0
    outer loop
      vertex 34.2527 46.1844 68
      vertex 36.4776 44.4481 51
      vertex 34.2527 46.1844 51
    endloop
  endfacet
  facet normal 0.68955 0.724238 -0
    outer loop
      vertex 40.6586 40.6586 51
      vertex 38.6146 42.6047 68
      vertex 40.6586 40.6586 68
    endloop
  endfacet
  facet normal 0.68955 0.724238 0
    outer loop
      vertex 38.6146 42.6047 68
      vertex 40.6586 40.6586 51
      vertex 38.6146 42.6047 51
    endloop
  endfacet
  facet normal -0.992478 0.122421 0
    outer loop
      vertex -57.2231 5.63599 51
      vertex -56.8776 8.437 68
      vertex -56.8776 8.437 51
    endloop
  endfacet
  facet normal -0.992478 0.122421 0
    outer loop
      vertex -56.8776 8.437 68
      vertex -57.2231 5.63599 51
      vertex -57.2231 5.63599 68
    endloop
  endfacet
  facet normal -0.757207 0.653175 0
    outer loop
      vertex -44.4481 36.4776 51
      vertex -42.6047 38.6146 68
      vertex -42.6047 38.6146 51
    endloop
  endfacet
  facet normal -0.757207 0.653175 0
    outer loop
      vertex -42.6047 38.6146 68
      vertex -44.4481 36.4776 51
      vertex -44.4481 36.4776 68
    endloop
  endfacet
  facet normal -0.724238 0.68955 0
    outer loop
      vertex -42.6047 38.6146 51
      vertex -40.6586 40.6586 68
      vertex -40.6586 40.6586 51
    endloop
  endfacet
  facet normal -0.724238 0.68955 0
    outer loop
      vertex -40.6586 40.6586 68
      vertex -42.6047 38.6146 51
      vertex -42.6047 38.6146 68
    endloop
  endfacet
  facet normal -0.788351 0.615225 0
    outer loop
      vertex -46.1844 34.2527 51
      vertex -44.4481 36.4776 68
      vertex -44.4481 36.4776 51
    endloop
  endfacet
  facet normal -0.788351 0.615225 0
    outer loop
      vertex -44.4481 36.4776 68
      vertex -46.1844 34.2527 51
      vertex -46.1844 34.2527 68
    endloop
  endfacet
  facet normal -0.870084 0.492903 0
    outer loop
      vertex -50.7105 27.1053 51
      vertex -49.3194 29.5609 68
      vertex -49.3194 29.5609 51
    endloop
  endfacet
  facet normal -0.870084 0.492903 0
    outer loop
      vertex -49.3194 29.5609 68
      vertex -50.7105 27.1053 51
      vertex -50.7105 27.1053 68
    endloop
  endfacet
  facet normal -0.893226 0.449607 0
    outer loop
      vertex -51.9794 24.5844 51
      vertex -50.7105 27.1053 68
      vertex -50.7105 27.1053 51
    endloop
  endfacet
  facet normal -0.893226 0.449607 0
    outer loop
      vertex -50.7105 27.1053 68
      vertex -51.9794 24.5844 51
      vertex -51.9794 24.5844 68
    endloop
  endfacet
  facet normal -0.844854 0.534996 0
    outer loop
      vertex -49.3194 29.5609 51
      vertex -47.8095 31.9453 68
      vertex -47.8095 31.9453 51
    endloop
  endfacet
  facet normal -0.844854 0.534996 0
    outer loop
      vertex -47.8095 31.9453 68
      vertex -49.3194 29.5609 51
      vertex -49.3194 29.5609 68
    endloop
  endfacet
  facet normal -0.949527 0.313686 0
    outer loop
      vertex -55.0241 16.6914 51
      vertex -54.1388 19.3712 68
      vertex -54.1388 19.3712 51
    endloop
  endfacet
  facet normal -0.949527 0.313686 0
    outer loop
      vertex -54.1388 19.3712 68
      vertex -55.0241 16.6914 51
      vertex -55.0241 16.6914 68
    endloop
  endfacet
  facet normal -0.932993 0.359895 0
    outer loop
      vertex -54.1388 19.3712 51
      vertex -53.1231 22.0043 68
      vertex -53.1231 22.0043 51
    endloop
  endfacet
  facet normal -0.932993 0.359895 0
    outer loop
      vertex -53.1231 22.0043 68
      vertex -54.1388 19.3712 51
      vertex -54.1388 19.3712 68
    endloop
  endfacet
  facet normal -0.963778 0.266704 0
    outer loop
      vertex -55.7768 13.9714 51
      vertex -55.0241 16.6914 68
      vertex -55.0241 16.6914 51
    endloop
  endfacet
  facet normal -0.963778 0.266704 0
    outer loop
      vertex -55.0241 16.6914 68
      vertex -55.7768 13.9714 51
      vertex -55.7768 13.9714 68
    endloop
  endfacet
  facet normal -0.985283 0.170928 0
    outer loop
      vertex -56.8776 8.437 51
      vertex -56.3952 11.2177 68
      vertex -56.3952 11.2177 51
    endloop
  endfacet
  facet normal -0.985283 0.170928 0
    outer loop
      vertex -56.3952 11.2177 68
      vertex -56.8776 8.437 51
      vertex -56.8776 8.437 68
    endloop
  endfacet
  facet normal -0.997291 0.0735584 0
    outer loop
      vertex -57.4307 2.82139 51
      vertex -57.2231 5.63599 68
      vertex -57.2231 5.63599 51
    endloop
  endfacet
  facet normal -0.997291 0.0735584 0
    outer loop
      vertex -57.2231 5.63599 68
      vertex -57.4307 2.82139 51
      vertex -57.4307 2.82139 68
    endloop
  endfacet
  facet normal 0 0 1
    outer loop
      vertex 43.8 0 68
      vertex 57.5 0 68
      vertex 57.4307 2.82139 68
    endloop
  endfacet
  facet normal 0 0 1
    outer loop
      vertex 43.7472 2.14916 68
      vertex 57.4307 2.82139 68
      vertex 57.2231 5.63599 68
    endloop
  endfacet
  facet normal 0 0 1
    outer loop
      vertex 57.5 0 68
      vertex 43.8 0 68
      vertex 57.4307 -2.82139 68
    endloop
  endfacet
  facet normal 0 0 1
    outer loop
      vertex 43.5891 4.29315 68
      vertex 57.2231 5.63599 68
      vertex 56.8776 8.437 68
    endloop
  endfacet
  facet normal -0 0 1
    outer loop
      vertex 43.7472 -2.14916 68
      vertex 57.4307 -2.82139 68
      vertex 43.8 0 68
    endloop
  endfacet
  facet normal 0 0 1
    outer loop
      vertex 43.3259 6.42679 68
      vertex 56.8776 8.437 68
      vertex 56.3952 11.2177 68
    endloop
  endfacet
  facet normal 0 0 1
    outer loop
      vertex 57.4307 -2.82139 68
      vertex 43.7472 -2.14916 68
      vertex 57.2231 -5.63599 68
    endloop
  endfacet
  facet normal 0 0 1
    outer loop
      vertex 42.9584 8.54496 68
      vertex 56.3952 11.2177 68
      vertex 55.7768 13.9714 68
    endloop
  endfacet
  facet normal -0 0 1
    outer loop
      vertex 43.5891 -4.29315 68
      vertex 57.2231 -5.63599 68
      vertex 43.7472 -2.14916 68
    endloop
  endfacet
  facet normal 0 0 1
    outer loop
      vertex 42.4874 10.6425 68
      vertex 55.7768 13.9714 68
      vertex 55.0241 16.6914 68
    endloop
  endfacet
  facet normal 0 0 1
    outer loop
      vertex 57.2231 -5.63599 68
      vertex 43.5891 -4.29315 68
      vertex 56.8776 -8.437 68
    endloop
  endfacet
  facet normal 0 0 1
    outer loop
      vertex 41.914 12.7145 68
      vertex 55.0241 16.6914 68
      vertex 54.1388 19.3712 68
    endloop
  endfacet
  facet normal -0 0 1
    outer loop
      vertex 43.3259 -6.42679 68
      vertex 56.8776 -8.437 68
      vertex 43.5891 -4.29315 68
    endloop
  endfacet
  facet normal 0 0 1
    outer loop
      vertex 41.2396 14.7558 68
      vertex 54.1388 19.3712 68
      vertex 53.1231 22.0043 68
    endloop
  endfacet
  facet normal 0 0 1
    outer loop
      vertex 56.8776 -8.437 68
      vertex 43.3259 -6.42679 68
      vertex 56.3952 -11.2177 68
    endloop
  endfacet
  facet normal 0 0 1
    outer loop
      vertex 40.4659 16.7615 68
      vertex 53.1231 22.0043 68
      vertex 51.9794 24.5844 68
    endloop
  endfacet
  facet normal -0 0 1
    outer loop
      vertex 42.9584 -8.54496 68
      vertex 56.3952 -11.2177 68
      vertex 43.3259 -6.42679 68
    endloop
  endfacet
  facet normal 0 0 1
    outer loop
      vertex 39.5947 18.7269 68
      vertex 51.9794 24.5844 68
      vertex 50.7105 27.1053 68
    endloop
  endfacet
  facet normal 0 0 1
    outer loop
      vertex 56.3952 -11.2177 68
      vertex 42.9584 -8.54496 68
      vertex 55.7768 -13.9714 68
    endloop
  endfacet
  facet normal 0 0 1
    outer loop
      vertex 38.6282 20.6472 68
      vertex 50.7105 27.1053 68
      vertex 49.3194 29.5609 68
    endloop
  endfacet
  facet normal -0 0 1
    outer loop
      vertex 42.4874 -10.6425 68
      vertex 55.7768 -13.9714 68
      vertex 42.9584 -8.54496 68
    endloop
  endfacet
  facet normal 0 0 1
    outer loop
      vertex 37.5685 22.5177 68
      vertex 49.3194 29.5609 68
      vertex 47.8095 31.9453 68
    endloop
  endfacet
  facet normal 0 0 1
    outer loop
      vertex 55.7768 -13.9714 68
      vertex 42.4874 -10.6425 68
      vertex 55.0241 -16.6914 68
    endloop
  endfacet
  facet normal 0 0 1
    outer loop
      vertex 36.4184 24.334 68
      vertex 47.8095 31.9453 68
      vertex 46.1844 34.2527 68
    endloop
  endfacet
  facet normal -0 0 1
    outer loop
      vertex 41.914 -12.7145 68
      vertex 55.0241 -16.6914 68
      vertex 42.4874 -10.6425 68
    endloop
  endfacet
  facet normal 0 0 1
    outer loop
      vertex 35.1805 26.0916 68
      vertex 46.1844 34.2527 68
      vertex 44.4481 36.4776 68
    endloop
  endfacet
  facet normal 0 0 1
    outer loop
      vertex 55.0241 -16.6914 68
      vertex 41.914 -12.7145 68
      vertex 54.1388 -19.3712 68
    endloop
  endfacet
  facet normal -0 0 1
    outer loop
      vertex 41.2396 -14.7558 68
      vertex 54.1388 -19.3712 68
      vertex 41.914 -12.7145 68
    endloop
  endfacet
  facet normal 0 0 1
    outer loop
      vertex 57.4307 2.82139 68
      vertex 43.7472 2.14916 68
      vertex 43.8 0 68
    endloop
  endfacet
  facet normal 0 0 1
    outer loop
      vertex 57.2231 5.63599 68
      vertex 43.5891 4.29315 68
      vertex 43.7472 2.14916 68
    endloop
  endfacet
  facet normal 0 0 1
    outer loop
      vertex 56.8776 8.437 68
      vertex 43.3259 6.42679 68
      vertex 43.5891 4.29315 68
    endloop
  endfacet
  facet normal 0 0 1
    outer loop
      vertex 56.3952 11.2177 68
      vertex 42.9584 8.54496 68
      vertex 43.3259 6.42679 68
    endloop
  endfacet
  facet normal 0 0 1
    outer loop
      vertex 33.8579 27.7864 68
      vertex 44.4481 36.4776 68
      vertex 42.6047 38.6146 68
    endloop
  endfacet
  facet normal 0 0 1
    outer loop
      vertex 55.7768 13.9714 68
      vertex 42.4874 10.6425 68
      vertex 42.9584 8.54496 68
    endloop
  endfacet
  facet normal 0 0 1
    outer loop
      vertex 55.0241 16.6914 68
      vertex 41.914 12.7145 68
      vertex 42.4874 10.6425 68
    endloop
  endfacet
  facet normal 0 0 1
    outer loop
      vertex 54.1388 19.3712 68
      vertex 41.2396 14.7558 68
      vertex 41.914 12.7145 68
    endloop
  endfacet
  facet normal 0 0 1
    outer loop
      vertex 32.4537 29.4143 68
      vertex 42.6047 38.6146 68
      vertex 40.6586 40.6586 68
    endloop
  endfacet
  facet normal 0 0 1
    outer loop
      vertex 53.1231 22.0043 68
      vertex 40.4659 16.7615 68
      vertex 41.2396 14.7558 68
    endloop
  endfacet
  facet normal 0 0 1
    outer loop
      vertex 51.9794 24.5844 68
      vertex 39.5947 18.7269 68
      vertex 40.4659 16.7615 68
    endloop
  endfacet
  facet normal 0 0 1
    outer loop
      vertex 50.7105 27.1053 68
      vertex 38.6282 20.6472 68
      vertex 39.5947 18.7269 68
    endloop
  endfacet
  facet normal 0 0 1
    outer loop
      vertex 30.9713 30.9713 68
      vertex 40.6586 40.6586 68
      vertex 38.6146 42.6047 68
    endloop
  endfacet
  facet normal 0 0 1
    outer loop
      vertex 49.3194 29.5609 68
      vertex 37.5685 22.5177 68
      vertex 38.6282 20.6472 68
    endloop
  endfacet
  facet normal 0 0 1
    outer loop
      vertex 29.4143 32.4537 68
      vertex 38.6146 42.6047 68
      vertex 36.4776 44.4481 68
    endloop
  endfacet
  facet normal 0 0 1
    outer loop
      vertex 47.8095 31.9453 68
      vertex 36.4184 24.334 68
      vertex 37.5685 22.5177 68
    endloop
  endfacet
  facet normal 0 0 1
    outer loop
      vertex 46.1844 34.2527 68
      vertex 35.1805 26.0916 68
      vertex 36.4184 24.334 68
    endloop
  endfacet
  facet normal 0 0 1
    outer loop
      vertex 27.7864 33.8579 68
      vertex 36.4776 44.4481 68
      vertex 34.2527 46.1844 68
    endloop
  endfacet
  facet normal 0 0 1
    outer loop
      vertex 44.4481 36.4776 68
      vertex 33.8579 27.7864 68
      vertex 35.1805 26.0916 68
    endloop
  endfacet
  facet normal 0 0 1
    outer loop
      vertex 42.6047 38.6146 68
      vertex 32.4537 29.4143 68
      vertex 33.8579 27.7864 68
    endloop
  endfacet
  facet normal 0 0 1
    outer loop
      vertex 26.0916 35.1805 68
      vertex 34.2527 46.1844 68
      vertex 31.9453 47.8095 68
    endloop
  endfacet
  facet normal 0 0 1
    outer loop
      vertex 40.6586 40.6586 68
      vertex 30.9713 30.9713 68
      vertex 32.4537 29.4143 68
    endloop
  endfacet
  facet normal 0 0 1
    outer loop
      vertex 24.334 36.4184 68
      vertex 31.9453 47.8095 68
      vertex 29.5609 49.3194 68
    endloop
  endfacet
  facet normal 0 0 1
    outer loop
      vertex 38.6146 42.6047 68
      vertex 29.4143 32.4537 68
      vertex 30.9713 30.9713 68
    endloop
  endfacet
  facet normal 0 0 1
    outer loop
      vertex 36.4776 44.4481 68
      vertex 27.7864 33.8579 68
      vertex 29.4143 32.4537 68
    endloop
  endfacet
  facet normal 0 0 1
    outer loop
      vertex 22.5177 37.5685 68
      vertex 29.5609 49.3194 68
      vertex 27.1053 50.7105 68
    endloop
  endfacet
  facet normal 0 0 1
    outer loop
      vertex 34.2527 46.1844 68
      vertex 26.0916 35.1805 68
      vertex 27.7864 33.8579 68
    endloop
  endfacet
  facet normal 0 0 1
    outer loop
      vertex 20.6472 38.6282 68
      vertex 27.1053 50.7105 68
      vertex 24.5844 51.9794 68
    endloop
  endfacet
  facet normal 0 0 1
    outer loop
      vertex 31.9453 47.8095 68
      vertex 24.334 36.4184 68
      vertex 26.0916 35.1805 68
    endloop
  endfacet
  facet normal 0 0 1
    outer loop
      vertex 29.5609 49.3194 68
      vertex 22.5177 37.5685 68
      vertex 24.334 36.4184 68
    endloop
  endfacet
  facet normal 0 0 1
    outer loop
      vertex 18.7269 39.5947 68
      vertex 24.5844 51.9794 68
      vertex 22.0043 53.1231 68
    endloop
  endfacet
  facet normal 0 0 1
    outer loop
      vertex 27.1053 50.7105 68
      vertex 20.6472 38.6282 68
      vertex 22.5177 37.5685 68
    endloop
  endfacet
  facet normal 0 0 1
    outer loop
      vertex 16.7615 40.4659 68
      vertex 22.0043 53.1231 68
      vertex 19.3712 54.1388 68
    endloop
  endfacet
  facet normal 0 0 1
    outer loop
      vertex 24.5844 51.9794 68
      vertex 18.7269 39.5947 68
      vertex 20.6472 38.6282 68
    endloop
  endfacet
  facet normal 0 0 1
    outer loop
      vertex 22.0043 53.1231 68
      vertex 16.7615 40.4659 68
      vertex 18.7269 39.5947 68
    endloop
  endfacet
  facet normal 0 0 1
    outer loop
      vertex 14.7558 41.2396 68
      vertex 19.3712 54.1388 68
      vertex 16.6914 55.0241 68
    endloop
  endfacet
  facet normal 0 0 1
    outer loop
      vertex 19.3712 54.1388 68
      vertex 14.7558 41.2396 68
      vertex 16.7615 40.4659 68
    endloop
  endfacet
  facet normal 0 0 1
    outer loop
      vertex 12.7145 41.914 68
      vertex 16.6914 55.0241 68
      vertex 13.9714 55.7768 68
    endloop
  endfacet
  facet normal 0 0 1
    outer loop
      vertex 16.6914 55.0241 68
      vertex 12.7145 41.914 68
      vertex 14.7558 41.2396 68
    endloop
  endfacet
  facet normal 0 0 1
    outer loop
      vertex 10.6425 42.4874 68
      vertex 13.9714 55.7768 68
      vertex 11.2177 56.3952 68
    endloop
  endfacet
  facet normal 0 0 1
    outer loop
      vertex 13.9714 55.7768 68
      vertex 10.6425 42.4874 68
      vertex 12.7145 41.914 68
    endloop
  endfacet
  facet normal 0 0 1
    outer loop
      vertex 11.2177 56.3952 68
      vertex 8.54496 42.9584 68
      vertex 10.6425 42.4874 68
    endloop
  endfacet
  facet normal 0 0 1
    outer loop
      vertex 8.437 56.8776 68
      vertex 8.54496 42.9584 68
      vertex 11.2177 56.3952 68
    endloop
  endfacet
  facet normal 0 0 1
    outer loop
      vertex 8.437 56.8776 68
      vertex 6.42679 43.3259 68
      vertex 8.54496 42.9584 68
    endloop
  endfacet
  facet normal 0 0 1
    outer loop
      vertex 5.63599 57.2231 68
      vertex 6.42679 43.3259 68
      vertex 8.437 56.8776 68
    endloop
  endfacet
  facet normal 0 0 1
    outer loop
      vertex 5.63599 57.2231 68
      vertex 4.29315 43.5891 68
      vertex 6.42679 43.3259 68
    endloop
  endfacet
  facet normal 0 0 1
    outer loop
      vertex 2.82139 57.4307 68
      vertex 4.29315 43.5891 68
      vertex 5.63599 57.2231 68
    endloop
  endfacet
  facet normal 0 0 1
    outer loop
      vertex 2.82139 57.4307 68
      vertex 2.14916 43.7472 68
      vertex 4.29315 43.5891 68
    endloop
  endfacet
  facet normal 0 0 1
    outer loop
      vertex 0 57.5 68
      vertex 2.14916 43.7472 68
      vertex 2.82139 57.4307 68
    endloop
  endfacet
  facet normal 0 0 1
    outer loop
      vertex 0 57.5 68
      vertex 0 43.8 68
      vertex 2.14916 43.7472 68
    endloop
  endfacet
  facet normal 0 0 1
    outer loop
      vertex 0 57.5 68
      vertex -2.14916 43.7472 68
      vertex 0 43.8 68
    endloop
  endfacet
  facet normal -0 0 1
    outer loop
      vertex -2.82139 57.4307 68
      vertex -2.14916 43.7472 68
      vertex 0 57.5 68
    endloop
  endfacet
  facet normal 0 0 1
    outer loop
      vertex -2.82139 57.4307 68
      vertex -4.29315 43.5891 68
      vertex -2.14916 43.7472 68
    endloop
  endfacet
  facet normal -0 0 1
    outer loop
      vertex -5.63599 57.2231 68
      vertex -4.29315 43.5891 68
      vertex -2.82139 57.4307 68
    endloop
  endfacet
  facet normal 0 0 1
    outer loop
      vertex -5.63599 57.2231 68
      vertex -6.42679 43.3259 68
      vertex -4.29315 43.5891 68
    endloop
  endfacet
  facet normal -0 0 1
    outer loop
      vertex -8.437 56.8776 68
      vertex -6.42679 43.3259 68
      vertex -5.63599 57.2231 68
    endloop
  endfacet
  facet normal 0 0 1
    outer loop
      vertex -8.437 56.8776 68
      vertex -8.54496 42.9584 68
      vertex -6.42679 43.3259 68
    endloop
  endfacet
  facet normal -0 0 1
    outer loop
      vertex -11.2177 56.3952 68
      vertex -8.54496 42.9584 68
      vertex -8.437 56.8776 68
    endloop
  endfacet
  facet normal 0 0 1
    outer loop
      vertex -8.54496 42.9584 68
      vertex -11.2177 56.3952 68
      vertex -10.6425 42.4874 68
    endloop
  endfacet
  facet normal -0 0 1
    outer loop
      vertex -13.9714 55.7768 68
      vertex -10.6425 42.4874 68
      vertex -11.2177 56.3952 68
    endloop
  endfacet
  facet normal 0 0 1
    outer loop
      vertex -10.6425 42.4874 68
      vertex -13.9714 55.7768 68
      vertex -12.7145 41.914 68
    endloop
  endfacet
  facet normal -0 0 1
    outer loop
      vertex -16.6914 55.0241 68
      vertex -12.7145 41.914 68
      vertex -13.9714 55.7768 68
    endloop
  endfacet
  facet normal 0 0 1
    outer loop
      vertex -12.7145 41.914 68
      vertex -16.6914 55.0241 68
      vertex -14.7558 41.2396 68
    endloop
  endfacet
  facet normal -0 0 1
    outer loop
      vertex -19.3712 54.1388 68
      vertex -14.7558 41.2396 68
      vertex -16.6914 55.0241 68
    endloop
  endfacet
  facet normal 0 0 1
    outer loop
      vertex -14.7558 41.2396 68
      vertex -19.3712 54.1388 68
      vertex -16.7615 40.4659 68
    endloop
  endfacet
  facet normal -0 0 1
    outer loop
      vertex -22.0043 53.1231 68
      vertex -16.7615 40.4659 68
      vertex -19.3712 54.1388 68
    endloop
  endfacet
  facet normal 0 0 1
    outer loop
      vertex -16.7615 40.4659 68
      vertex -22.0043 53.1231 68
      vertex -18.7269 39.5947 68
    endloop
  endfacet
  facet normal -0 0 1
    outer loop
      vertex -24.5844 51.9794 68
      vertex -18.7269 39.5947 68
      vertex -22.0043 53.1231 68
    endloop
  endfacet
  facet normal 0 0 1
    outer loop
      vertex -18.7269 39.5947 68
      vertex -24.5844 51.9794 68
      vertex -20.6472 38.6282 68
    endloop
  endfacet
  facet normal -0 0 1
    outer loop
      vertex -27.1053 50.7105 68
      vertex -20.6472 38.6282 68
      vertex -24.5844 51.9794 68
    endloop
  endfacet
  facet normal 0 0 1
    outer loop
      vertex -20.6472 38.6282 68
      vertex -27.1053 50.7105 68
      vertex -22.5177 37.5685 68
    endloop
  endfacet
  facet normal -0 0 1
    outer loop
      vertex -29.5609 49.3194 68
      vertex -22.5177 37.5685 68
      vertex -27.1053 50.7105 68
    endloop
  endfacet
  facet normal 0 0 1
    outer loop
      vertex -22.5177 37.5685 68
      vertex -29.5609 49.3194 68
      vertex -24.334 36.4184 68
    endloop
  endfacet
  facet normal -0 0 1
    outer loop
      vertex -31.9453 47.8095 68
      vertex -24.334 36.4184 68
      vertex -29.5609 49.3194 68
    endloop
  endfacet
  facet normal 0 0 1
    outer loop
      vertex -24.334 36.4184 68
      vertex -31.9453 47.8095 68
      vertex -26.0916 35.1805 68
    endloop
  endfacet
  facet normal -0 0 1
    outer loop
      vertex -34.2527 46.1844 68
      vertex -26.0916 35.1805 68
      vertex -31.9453 47.8095 68
    endloop
  endfacet
  facet normal 0 0 1
    outer loop
      vertex -26.0916 35.1805 68
      vertex -34.2527 46.1844 68
      vertex -27.7864 33.8579 68
    endloop
  endfacet
  facet normal -0 0 1
    outer loop
      vertex -36.4776 44.4481 68
      vertex -27.7864 33.8579 68
      vertex -34.2527 46.1844 68
    endloop
  endfacet
  facet normal 0 0 1
    outer loop
      vertex -27.7864 33.8579 68
      vertex -36.4776 44.4481 68
      vertex -29.4143 32.4537 68
    endloop
  endfacet
  facet normal -0 0 1
    outer loop
      vertex -38.6146 42.6047 68
      vertex -29.4143 32.4537 68
      vertex -36.4776 44.4481 68
    endloop
  endfacet
  facet normal 0 0 1
    outer loop
      vertex -29.4143 32.4537 68
      vertex -38.6146 42.6047 68
      vertex -30.9713 30.9713 68
    endloop
  endfacet
  facet normal -0 0 1
    outer loop
      vertex -40.6586 40.6586 68
      vertex -30.9713 30.9713 68
      vertex -38.6146 42.6047 68
    endloop
  endfacet
  facet normal 0 0 1
    outer loop
      vertex -30.9713 30.9713 68
      vertex -40.6586 40.6586 68
      vertex -32.4537 29.4143 68
    endloop
  endfacet
  facet normal -0 0 1
    outer loop
      vertex -42.6047 38.6146 68
      vertex -32.4537 29.4143 68
      vertex -40.6586 40.6586 68
    endloop
  endfacet
  facet normal 0 0 1
    outer loop
      vertex -32.4537 29.4143 68
      vertex -42.6047 38.6146 68
      vertex -33.8579 27.7864 68
    endloop
  endfacet
  facet normal -0 0 1
    outer loop
      vertex -44.4481 36.4776 68
      vertex -33.8579 27.7864 68
      vertex -42.6047 38.6146 68
    endloop
  endfacet
  facet normal 0 0 1
    outer loop
      vertex -33.8579 27.7864 68
      vertex -44.4481 36.4776 68
      vertex -35.1805 26.0916 68
    endloop
  endfacet
  facet normal -0 0 1
    outer loop
      vertex -46.1844 34.2527 68
      vertex -35.1805 26.0916 68
      vertex -44.4481 36.4776 68
    endloop
  endfacet
  facet normal 0 0 1
    outer loop
      vertex -35.1805 26.0916 68
      vertex -46.1844 34.2527 68
      vertex -36.4184 24.334 68
    endloop
  endfacet
  facet normal -0 0 1
    outer loop
      vertex -47.8095 31.9453 68
      vertex -36.4184 24.334 68
      vertex -46.1844 34.2527 68
    endloop
  endfacet
  facet normal 0 0 1
    outer loop
      vertex -36.4184 24.334 68
      vertex -47.8095 31.9453 68
      vertex -37.5685 22.5177 68
    endloop
  endfacet
  facet normal -0 0 1
    outer loop
      vertex -49.3194 29.5609 68
      vertex -37.5685 22.5177 68
      vertex -47.8095 31.9453 68
    endloop
  endfacet
  facet normal 0 0 1
    outer loop
      vertex -37.5685 22.5177 68
      vertex -49.3194 29.5609 68
      vertex -38.6282 20.6472 68
    endloop
  endfacet
  facet normal -0 0 1
    outer loop
      vertex -50.7105 27.1053 68
      vertex -38.6282 20.6472 68
      vertex -49.3194 29.5609 68
    endloop
  endfacet
  facet normal 0 0 1
    outer loop
      vertex -38.6282 20.6472 68
      vertex -50.7105 27.1053 68
      vertex -39.5947 18.7269 68
    endloop
  endfacet
  facet normal -0 0 1
    outer loop
      vertex -51.9794 24.5844 68
      vertex -39.5947 18.7269 68
      vertex -50.7105 27.1053 68
    endloop
  endfacet
  facet normal 0 0 1
    outer loop
      vertex -39.5947 18.7269 68
      vertex -51.9794 24.5844 68
      vertex -40.4659 16.7615 68
    endloop
  endfacet
  facet normal -0 0 1
    outer loop
      vertex -53.1231 22.0043 68
      vertex -40.4659 16.7615 68
      vertex -51.9794 24.5844 68
    endloop
  endfacet
  facet normal -0 0 1
    outer loop
      vertex -54.1388 19.3712 68
      vertex -41.2396 14.7558 68
      vertex -53.1231 22.0043 68
    endloop
  endfacet
  facet normal 0 0 1
    outer loop
      vertex -40.4659 16.7615 68
      vertex -53.1231 22.0043 68
      vertex -41.2396 14.7558 68
    endloop
  endfacet
  facet normal 0 0 1
    outer loop
      vertex 54.1388 -19.3712 68
      vertex 41.2396 -14.7558 68
      vertex 53.1231 -22.0043 68
    endloop
  endfacet
  facet normal -0 0 1
    outer loop
      vertex 40.4659 -16.7615 68
      vertex 53.1231 -22.0043 68
      vertex 41.2396 -14.7558 68
    endloop
  endfacet
  facet normal 0 0 1
    outer loop
      vertex 53.1231 -22.0043 68
      vertex 40.4659 -16.7615 68
      vertex 51.9794 -24.5844 68
    endloop
  endfacet
  facet normal -0 0 1
    outer loop
      vertex 39.5947 -18.7269 68
      vertex 51.9794 -24.5844 68
      vertex 40.4659 -16.7615 68
    endloop
  endfacet
  facet normal 0 0 1
    outer loop
      vertex 51.9794 -24.5844 68
      vertex 39.5947 -18.7269 68
      vertex 50.7105 -27.1053 68
    endloop
  endfacet
  facet normal -0 0 1
    outer loop
      vertex 38.6282 -20.6472 68
      vertex 50.7105 -27.1053 68
      vertex 39.5947 -18.7269 68
    endloop
  endfacet
  facet normal 0 0 1
    outer loop
      vertex 50.7105 -27.1053 68
      vertex 38.6282 -20.6472 68
      vertex 49.3194 -29.5609 68
    endloop
  endfacet
  facet normal -0 0 1
    outer loop
      vertex 37.5685 -22.5177 68
      vertex 49.3194 -29.5609 68
      vertex 38.6282 -20.6472 68
    endloop
  endfacet
  facet normal 0 0 1
    outer loop
      vertex 49.3194 -29.5609 68
      vertex 37.5685 -22.5177 68
      vertex 47.8095 -31.9453 68
    endloop
  endfacet
  facet normal -0 0 1
    outer loop
      vertex 36.4184 -24.334 68
      vertex 47.8095 -31.9453 68
      vertex 37.5685 -22.5177 68
    endloop
  endfacet
  facet normal 0 0 1
    outer loop
      vertex 47.8095 -31.9453 68
      vertex 36.4184 -24.334 68
      vertex 46.1844 -34.2527 68
    endloop
  endfacet
  facet normal -0 0 1
    outer loop
      vertex 35.1805 -26.0916 68
      vertex 46.1844 -34.2527 68
      vertex 36.4184 -24.334 68
    endloop
  endfacet
  facet normal 0 0 1
    outer loop
      vertex 46.1844 -34.2527 68
      vertex 35.1805 -26.0916 68
      vertex 44.4481 -36.4776 68
    endloop
  endfacet
  facet normal -0 0 1
    outer loop
      vertex 33.8579 -27.7864 68
      vertex 44.4481 -36.4776 68
      vertex 35.1805 -26.0916 68
    endloop
  endfacet
  facet normal 0 0 1
    outer loop
      vertex 44.4481 -36.4776 68
      vertex 33.8579 -27.7864 68
      vertex 42.6047 -38.6146 68
    endloop
  endfacet
  facet normal -0 0 1
    outer loop
      vertex 32.4537 -29.4143 68
      vertex 42.6047 -38.6146 68
      vertex 33.8579 -27.7864 68
    endloop
  endfacet
  facet normal 0 0 1
    outer loop
      vertex 42.6047 -38.6146 68
      vertex 32.4537 -29.4143 68
      vertex 40.6586 -40.6586 68
    endloop
  endfacet
  facet normal -0 0 1
    outer loop
      vertex 30.9713 -30.9713 68
      vertex 40.6586 -40.6586 68
      vertex 32.4537 -29.4143 68
    endloop
  endfacet
  facet normal 0 0 1
    outer loop
      vertex 40.6586 -40.6586 68
      vertex 30.9713 -30.9713 68
      vertex 38.6146 -42.6047 68
    endloop
  endfacet
  facet normal -0 0 1
    outer loop
      vertex 29.4143 -32.4537 68
      vertex 38.6146 -42.6047 68
      vertex 30.9713 -30.9713 68
    endloop
  endfacet
  facet normal 0 0 1
    outer loop
      vertex 38.6146 -42.6047 68
      vertex 29.4143 -32.4537 68
      vertex 36.4776 -44.4481 68
    endloop
  endfacet
  facet normal -0 0 1
    outer loop
      vertex 27.7864 -33.8579 68
      vertex 36.4776 -44.4481 68
      vertex 29.4143 -32.4537 68
    endloop
  endfacet
  facet normal 0 0 1
    outer loop
      vertex 36.4776 -44.4481 68
      vertex 27.7864 -33.8579 68
      vertex 34.2527 -46.1844 68
    endloop
  endfacet
  facet normal -0 0 1
    outer loop
      vertex 26.0916 -35.1805 68
      vertex 34.2527 -46.1844 68
      vertex 27.7864 -33.8579 68
    endloop
  endfacet
  facet normal 0 0 1
    outer loop
      vertex 34.2527 -46.1844 68
      vertex 26.0916 -35.1805 68
      vertex 31.9453 -47.8095 68
    endloop
  endfacet
  facet normal -0 0 1
    outer loop
      vertex 24.334 -36.4184 68
      vertex 31.9453 -47.8095 68
      vertex 26.0916 -35.1805 68
    endloop
  endfacet
  facet normal 0 0 1
    outer loop
      vertex 31.9453 -47.8095 68
      vertex 24.334 -36.4184 68
      vertex 29.5609 -49.3194 68
    endloop
  endfacet
  facet normal -0 0 1
    outer loop
      vertex 22.5177 -37.5685 68
      vertex 29.5609 -49.3194 68
      vertex 24.334 -36.4184 68
    endloop
  endfacet
  facet normal 0 0 1
    outer loop
      vertex 29.5609 -49.3194 68
      vertex 22.5177 -37.5685 68
      vertex 27.1053 -50.7105 68
    endloop
  endfacet
  facet normal -0 0 1
    outer loop
      vertex 20.6472 -38.6282 68
      vertex 27.1053 -50.7105 68
      vertex 22.5177 -37.5685 68
    endloop
  endfacet
  facet normal 0 0 1
    outer loop
      vertex 27.1053 -50.7105 68
      vertex 20.6472 -38.6282 68
      vertex 24.5844 -51.9794 68
    endloop
  endfacet
  facet normal -0 0 1
    outer loop
      vertex 18.7269 -39.5947 68
      vertex 24.5844 -51.9794 68
      vertex 20.6472 -38.6282 68
    endloop
  endfacet
  facet normal 0 0 1
    outer loop
      vertex 24.5844 -51.9794 68
      vertex 18.7269 -39.5947 68
      vertex 22.0043 -53.1231 68
    endloop
  endfacet
  facet normal -0 0 1
    outer loop
      vertex 16.7615 -40.4659 68
      vertex 22.0043 -53.1231 68
      vertex 18.7269 -39.5947 68
    endloop
  endfacet
  facet normal 0 0 1
    outer loop
      vertex 22.0043 -53.1231 68
      vertex 16.7615 -40.4659 68
      vertex 19.3712 -54.1388 68
    endloop
  endfacet
  facet normal -0 0 1
    outer loop
      vertex 14.7558 -41.2396 68
      vertex 19.3712 -54.1388 68
      vertex 16.7615 -40.4659 68
    endloop
  endfacet
  facet normal 0 0 1
    outer loop
      vertex 19.3712 -54.1388 68
      vertex 14.7558 -41.2396 68
      vertex 16.6914 -55.0241 68
    endloop
  endfacet
  facet normal -0 0 1
    outer loop
      vertex 12.7145 -41.914 68
      vertex 16.6914 -55.0241 68
      vertex 14.7558 -41.2396 68
    endloop
  endfacet
  facet normal 0 0 1
    outer loop
      vertex 16.6914 -55.0241 68
      vertex 12.7145 -41.914 68
      vertex 13.9714 -55.7768 68
    endloop
  endfacet
  facet normal -0 0 1
    outer loop
      vertex 10.6425 -42.4874 68
      vertex 13.9714 -55.7768 68
      vertex 12.7145 -41.914 68
    endloop
  endfacet
  facet normal 0 0 1
    outer loop
      vertex 13.9714 -55.7768 68
      vertex 10.6425 -42.4874 68
      vertex 11.2177 -56.3952 68
    endloop
  endfacet
  facet normal -0 0 1
    outer loop
      vertex 8.54496 -42.9584 68
      vertex 11.2177 -56.3952 68
      vertex 10.6425 -42.4874 68
    endloop
  endfacet
  facet normal 0 0 1
    outer loop
      vertex 8.54496 -42.9584 68
      vertex 8.437 -56.8776 68
      vertex 11.2177 -56.3952 68
    endloop
  endfacet
  facet normal -0 0 1
    outer loop
      vertex 6.42679 -43.3259 68
      vertex 8.437 -56.8776 68
      vertex 8.54496 -42.9584 68
    endloop
  endfacet
  facet normal 0 0 1
    outer loop
      vertex 6.42679 -43.3259 68
      vertex 5.63599 -57.2231 68
      vertex 8.437 -56.8776 68
    endloop
  endfacet
  facet normal -0 0 1
    outer loop
      vertex 4.29315 -43.5891 68
      vertex 5.63599 -57.2231 68
      vertex 6.42679 -43.3259 68
    endloop
  endfacet
  facet normal 0 0 1
    outer loop
      vertex 4.29315 -43.5891 68
      vertex 2.82139 -57.4307 68
      vertex 5.63599 -57.2231 68
    endloop
  endfacet
  facet normal -0 0 1
    outer loop
      vertex 2.14916 -43.7472 68
      vertex 2.82139 -57.4307 68
      vertex 4.29315 -43.5891 68
    endloop
  endfacet
  facet normal -0 0 1
    outer loop
      vertex 0 -43.8 68
      vertex 2.82139 -57.4307 68
      vertex 2.14916 -43.7472 68
    endloop
  endfacet
  facet normal 0 0 1
    outer loop
      vertex 0 -43.8 68
      vertex 0 -57.5 68
      vertex 2.82139 -57.4307 68
    endloop
  endfacet
  facet normal 0 0 1
    outer loop
      vertex -2.14916 -43.7472 68
      vertex 0 -57.5 68
      vertex 0 -43.8 68
    endloop
  endfacet
  facet normal 0 0 1
    outer loop
      vertex -2.14916 -43.7472 68
      vertex -2.82139 -57.4307 68
      vertex 0 -57.5 68
    endloop
  endfacet
  facet normal 0 0 1
    outer loop
      vertex -4.29315 -43.5891 68
      vertex -2.82139 -57.4307 68
      vertex -2.14916 -43.7472 68
    endloop
  endfacet
  facet normal 0 0 1
    outer loop
      vertex -4.29315 -43.5891 68
      vertex -5.63599 -57.2231 68
      vertex -2.82139 -57.4307 68
    endloop
  endfacet
  facet normal 0 0 1
    outer loop
      vertex -6.42679 -43.3259 68
      vertex -5.63599 -57.2231 68
      vertex -4.29315 -43.5891 68
    endloop
  endfacet
  facet normal 0 0 1
    outer loop
      vertex -6.42679 -43.3259 68
      vertex -8.437 -56.8776 68
      vertex -5.63599 -57.2231 68
    endloop
  endfacet
  facet normal 0 0 1
    outer loop
      vertex -8.54496 -42.9584 68
      vertex -8.437 -56.8776 68
      vertex -6.42679 -43.3259 68
    endloop
  endfacet
  facet normal 0 0 1
    outer loop
      vertex -11.2177 -56.3952 68
      vertex -8.54496 -42.9584 68
      vertex -10.6425 -42.4874 68
    endloop
  endfacet
  facet normal 0 0 1
    outer loop
      vertex -8.54496 -42.9584 68
      vertex -11.2177 -56.3952 68
      vertex -8.437 -56.8776 68
    endloop
  endfacet
  facet normal 0 0 1
    outer loop
      vertex -13.9714 -55.7768 68
      vertex -10.6425 -42.4874 68
      vertex -12.7145 -41.914 68
    endloop
  endfacet
  facet normal 0 0 1
    outer loop
      vertex -10.6425 -42.4874 68
      vertex -13.9714 -55.7768 68
      vertex -11.2177 -56.3952 68
    endloop
  endfacet
  facet normal 0 0 1
    outer loop
      vertex -16.6914 -55.0241 68
      vertex -12.7145 -41.914 68
      vertex -14.7558 -41.2396 68
    endloop
  endfacet
  facet normal 0 0 1
    outer loop
      vertex -12.7145 -41.914 68
      vertex -16.6914 -55.0241 68
      vertex -13.9714 -55.7768 68
    endloop
  endfacet
  facet normal 0 0 1
    outer loop
      vertex -19.3712 -54.1388 68
      vertex -14.7558 -41.2396 68
      vertex -16.7615 -40.4659 68
    endloop
  endfacet
  facet normal 0 0 1
    outer loop
      vertex -22.0043 -53.1231 68
      vertex -16.7615 -40.4659 68
      vertex -18.7269 -39.5947 68
    endloop
  endfacet
  facet normal 0 0 1
    outer loop
      vertex -14.7558 -41.2396 68
      vertex -19.3712 -54.1388 68
      vertex -16.6914 -55.0241 68
    endloop
  endfacet
  facet normal 0 0 1
    outer loop
      vertex -24.5844 -51.9794 68
      vertex -18.7269 -39.5947 68
      vertex -20.6472 -38.6282 68
    endloop
  endfacet
  facet normal 0 0 1
    outer loop
      vertex -16.7615 -40.4659 68
      vertex -22.0043 -53.1231 68
      vertex -19.3712 -54.1388 68
    endloop
  endfacet
  facet normal 0 0 1
    outer loop
      vertex -27.1053 -50.7105 68
      vertex -20.6472 -38.6282 68
      vertex -22.5177 -37.5685 68
    endloop
  endfacet
  facet normal 0 0 1
    outer loop
      vertex -29.5609 -49.3194 68
      vertex -22.5177 -37.5685 68
      vertex -24.334 -36.4184 68
    endloop
  endfacet
  facet normal 0 0 1
    outer loop
      vertex -18.7269 -39.5947 68
      vertex -24.5844 -51.9794 68
      vertex -22.0043 -53.1231 68
    endloop
  endfacet
  facet normal 0 0 1
    outer loop
      vertex -31.9453 -47.8095 68
      vertex -24.334 -36.4184 68
      vertex -26.0916 -35.1805 68
    endloop
  endfacet
  facet normal 0 0 1
    outer loop
      vertex -20.6472 -38.6282 68
      vertex -27.1053 -50.7105 68
      vertex -24.5844 -51.9794 68
    endloop
  endfacet
  facet normal 0 0 1
    outer loop
      vertex -34.2527 -46.1844 68
      vertex -26.0916 -35.1805 68
      vertex -27.7864 -33.8579 68
    endloop
  endfacet
  facet normal 0 0 1
    outer loop
      vertex -36.4776 -44.4481 68
      vertex -27.7864 -33.8579 68
      vertex -29.4143 -32.4537 68
    endloop
  endfacet
  facet normal 0 0 1
    outer loop
      vertex -22.5177 -37.5685 68
      vertex -29.5609 -49.3194 68
      vertex -27.1053 -50.7105 68
    endloop
  endfacet
  facet normal 0 0 1
    outer loop
      vertex -38.6146 -42.6047 68
      vertex -29.4143 -32.4537 68
      vertex -30.9713 -30.9713 68
    endloop
  endfacet
  facet normal 0 0 1
    outer loop
      vertex -24.334 -36.4184 68
      vertex -31.9453 -47.8095 68
      vertex -29.5609 -49.3194 68
    endloop
  endfacet
  facet normal 0 0 1
    outer loop
      vertex -40.6586 -40.6586 68
      vertex -30.9713 -30.9713 68
      vertex -32.4537 -29.4143 68
    endloop
  endfacet
  facet normal 0 0 1
    outer loop
      vertex -42.6047 -38.6146 68
      vertex -32.4537 -29.4143 68
      vertex -33.8579 -27.7864 68
    endloop
  endfacet
  facet normal 0 0 1
    outer loop
      vertex -26.0916 -35.1805 68
      vertex -34.2527 -46.1844 68
      vertex -31.9453 -47.8095 68
    endloop
  endfacet
  facet normal 0 0 1
    outer loop
      vertex -44.4481 -36.4776 68
      vertex -33.8579 -27.7864 68
      vertex -35.1805 -26.0916 68
    endloop
  endfacet
  facet normal 0 0 1
    outer loop
      vertex -46.1844 -34.2527 68
      vertex -35.1805 -26.0916 68
      vertex -36.4184 -24.334 68
    endloop
  endfacet
  facet normal 0 0 1
    outer loop
      vertex -27.7864 -33.8579 68
      vertex -36.4776 -44.4481 68
      vertex -34.2527 -46.1844 68
    endloop
  endfacet
  facet normal 0 0 1
    outer loop
      vertex -47.8095 -31.9453 68
      vertex -36.4184 -24.334 68
      vertex -37.5685 -22.5177 68
    endloop
  endfacet
  facet normal 0 0 1
    outer loop
      vertex -29.4143 -32.4537 68
      vertex -38.6146 -42.6047 68
      vertex -36.4776 -44.4481 68
    endloop
  endfacet
  facet normal 0 0 1
    outer loop
      vertex -49.3194 -29.5609 68
      vertex -37.5685 -22.5177 68
      vertex -38.6282 -20.6472 68
    endloop
  endfacet
  facet normal 0 0 1
    outer loop
      vertex -50.7105 -27.1053 68
      vertex -38.6282 -20.6472 68
      vertex -39.5947 -18.7269 68
    endloop
  endfacet
  facet normal 0 0 1
    outer loop
      vertex -51.9794 -24.5844 68
      vertex -39.5947 -18.7269 68
      vertex -40.4659 -16.7615 68
    endloop
  endfacet
  facet normal 0 0 1
    outer loop
      vertex -30.9713 -30.9713 68
      vertex -40.6586 -40.6586 68
      vertex -38.6146 -42.6047 68
    endloop
  endfacet
  facet normal 0 0 1
    outer loop
      vertex -53.1231 -22.0043 68
      vertex -40.4659 -16.7615 68
      vertex -41.2396 -14.7558 68
    endloop
  endfacet
  facet normal 0 0 1
    outer loop
      vertex -54.1388 -19.3712 68
      vertex -41.2396 -14.7558 68
      vertex -41.914 -12.7145 68
    endloop
  endfacet
  facet normal 0 0 1
    outer loop
      vertex -55.0241 -16.6914 68
      vertex -41.914 -12.7145 68
      vertex -42.4874 -10.6425 68
    endloop
  endfacet
  facet normal 0 0 1
    outer loop
      vertex -32.4537 -29.4143 68
      vertex -42.6047 -38.6146 68
      vertex -40.6586 -40.6586 68
    endloop
  endfacet
  facet normal 0 0 1
    outer loop
      vertex -55.7768 -13.9714 68
      vertex -42.4874 -10.6425 68
      vertex -42.9584 -8.54496 68
    endloop
  endfacet
  facet normal 0 0 1
    outer loop
      vertex -56.3952 -11.2177 68
      vertex -42.9584 -8.54496 68
      vertex -43.3259 -6.42679 68
    endloop
  endfacet
  facet normal 0 0 1
    outer loop
      vertex -56.8776 -8.437 68
      vertex -43.3259 -6.42679 68
      vertex -43.5891 -4.29315 68
    endloop
  endfacet
  facet normal 0 0 1
    outer loop
      vertex -57.2231 -5.63599 68
      vertex -43.5891 -4.29315 68
      vertex -43.7472 -2.14916 68
    endloop
  endfacet
  facet normal 0 0 1
    outer loop
      vertex -33.8579 -27.7864 68
      vertex -44.4481 -36.4776 68
      vertex -42.6047 -38.6146 68
    endloop
  endfacet
  facet normal 0 0 1
    outer loop
      vertex -57.4307 -2.82139 68
      vertex -43.7472 -2.14916 68
      vertex -43.8 0 68
    endloop
  endfacet
  facet normal 0 0 1
    outer loop
      vertex -41.2396 14.7558 68
      vertex -54.1388 19.3712 68
      vertex -41.914 12.7145 68
    endloop
  endfacet
  facet normal -0 0 1
    outer loop
      vertex -55.0241 16.6914 68
      vertex -41.914 12.7145 68
      vertex -54.1388 19.3712 68
    endloop
  endfacet
  facet normal 0 0 1
    outer loop
      vertex -35.1805 -26.0916 68
      vertex -46.1844 -34.2527 68
      vertex -44.4481 -36.4776 68
    endloop
  endfacet
  facet normal 0 0 1
    outer loop
      vertex -41.914 12.7145 68
      vertex -55.0241 16.6914 68
      vertex -42.4874 10.6425 68
    endloop
  endfacet
  facet normal 0 0 1
    outer loop
      vertex -36.4184 -24.334 68
      vertex -47.8095 -31.9453 68
      vertex -46.1844 -34.2527 68
    endloop
  endfacet
  facet normal -0 0 1
    outer loop
      vertex -55.7768 13.9714 68
      vertex -42.4874 10.6425 68
      vertex -55.0241 16.6914 68
    endloop
  endfacet
  facet normal 0 0 1
    outer loop
      vertex -37.5685 -22.5177 68
      vertex -49.3194 -29.5609 68
      vertex -47.8095 -31.9453 68
    endloop
  endfacet
  facet normal 0 0 1
    outer loop
      vertex -42.4874 10.6425 68
      vertex -55.7768 13.9714 68
      vertex -42.9584 8.54496 68
    endloop
  endfacet
  facet normal 0 0 1
    outer loop
      vertex -38.6282 -20.6472 68
      vertex -50.7105 -27.1053 68
      vertex -49.3194 -29.5609 68
    endloop
  endfacet
  facet normal -0 0 1
    outer loop
      vertex -56.3952 11.2177 68
      vertex -42.9584 8.54496 68
      vertex -55.7768 13.9714 68
    endloop
  endfacet
  facet normal 0 0 1
    outer loop
      vertex -39.5947 -18.7269 68
      vertex -51.9794 -24.5844 68
      vertex -50.7105 -27.1053 68
    endloop
  endfacet
  facet normal 0 0 1
    outer loop
      vertex -42.9584 8.54496 68
      vertex -56.3952 11.2177 68
      vertex -43.3259 6.42679 68
    endloop
  endfacet
  facet normal 0 0 1
    outer loop
      vertex -40.4659 -16.7615 68
      vertex -53.1231 -22.0043 68
      vertex -51.9794 -24.5844 68
    endloop
  endfacet
  facet normal -0 0 1
    outer loop
      vertex -56.8776 8.437 68
      vertex -43.3259 6.42679 68
      vertex -56.3952 11.2177 68
    endloop
  endfacet
  facet normal 0 0 1
    outer loop
      vertex -41.2396 -14.7558 68
      vertex -54.1388 -19.3712 68
      vertex -53.1231 -22.0043 68
    endloop
  endfacet
  facet normal 0 0 1
    outer loop
      vertex -43.3259 6.42679 68
      vertex -56.8776 8.437 68
      vertex -43.5891 4.29315 68
    endloop
  endfacet
  facet normal 0 0 1
    outer loop
      vertex -41.914 -12.7145 68
      vertex -55.0241 -16.6914 68
      vertex -54.1388 -19.3712 68
    endloop
  endfacet
  facet normal -0 0 1
    outer loop
      vertex -57.2231 5.63599 68
      vertex -43.5891 4.29315 68
      vertex -56.8776 8.437 68
    endloop
  endfacet
  facet normal 0 0 1
    outer loop
      vertex -42.4874 -10.6425 68
      vertex -55.7768 -13.9714 68
      vertex -55.0241 -16.6914 68
    endloop
  endfacet
  facet normal 0 0 1
    outer loop
      vertex -43.5891 4.29315 68
      vertex -57.2231 5.63599 68
      vertex -43.7472 2.14916 68
    endloop
  endfacet
  facet normal 0 0 1
    outer loop
      vertex -42.9584 -8.54496 68
      vertex -56.3952 -11.2177 68
      vertex -55.7768 -13.9714 68
    endloop
  endfacet
  facet normal -0 0 1
    outer loop
      vertex -57.4307 2.82139 68
      vertex -43.7472 2.14916 68
      vertex -57.2231 5.63599 68
    endloop
  endfacet
  facet normal 0 0 1
    outer loop
      vertex -43.3259 -6.42679 68
      vertex -56.8776 -8.437 68
      vertex -56.3952 -11.2177 68
    endloop
  endfacet
  facet normal 0 0 1
    outer loop
      vertex -43.7472 2.14916 68
      vertex -57.4307 2.82139 68
      vertex -43.8 0 68
    endloop
  endfacet
  facet normal 0 0 1
    outer loop
      vertex -43.5891 -4.29315 68
      vertex -57.2231 -5.63599 68
      vertex -56.8776 -8.437 68
    endloop
  endfacet
  facet normal 0 0 1
    outer loop
      vertex -57.5 0 68
      vertex -43.8 0 68
      vertex -57.4307 2.82139 68
    endloop
  endfacet
  facet normal 0 0 1
    outer loop
      vertex -43.7472 -2.14916 68
      vertex -57.4307 -2.82139 68
      vertex -57.2231 -5.63599 68
    endloop
  endfacet
  facet normal 0 0 1
    outer loop
      vertex -43.8 0 68
      vertex -57.5 0 68
      vertex -57.4307 -2.82139 68
    endloop
  endfacet
  facet normal -0.615225 0.788351 0
    outer loop
      vertex -34.2527 46.1844 51
      vertex -36.4776 44.4481 68
      vertex -34.2527 46.1844 68
    endloop
  endfacet
  facet normal -0.615225 0.788351 0
    outer loop
      vertex -36.4776 44.4481 68
      vertex -34.2527 46.1844 51
      vertex -36.4776 44.4481 51
    endloop
  endfacet
  facet normal -0.449607 0.893226 0
    outer loop
      vertex -24.5844 51.9794 51
      vertex -27.1053 50.7105 68
      vertex -24.5844 51.9794 68
    endloop
  endfacet
  facet normal -0.449607 0.893226 0
    outer loop
      vertex -27.1053 50.7105 68
      vertex -24.5844 51.9794 51
      vertex -27.1053 50.7105 51
    endloop
  endfacet
  facet normal -0.405247 0.914207 0
    outer loop
      vertex -22.0043 53.1231 51
      vertex -24.5844 51.9794 68
      vertex -22.0043 53.1231 68
    endloop
  endfacet
  facet normal -0.405247 0.914207 0
    outer loop
      vertex -24.5844 51.9794 68
      vertex -22.0043 53.1231 51
      vertex -24.5844 51.9794 51
    endloop
  endfacet
  facet normal -0.492903 0.870084 0
    outer loop
      vertex -27.1053 50.7105 51
      vertex -29.5609 49.3194 68
      vertex -27.1053 50.7105 68
    endloop
  endfacet
  facet normal -0.492903 0.870084 0
    outer loop
      vertex -29.5609 49.3194 68
      vertex -27.1053 50.7105 51
      vertex -29.5609 49.3194 51
    endloop
  endfacet
  facet normal -0.575819 0.817577 0
    outer loop
      vertex -31.9453 47.8095 51
      vertex -34.2527 46.1844 68
      vertex -31.9453 47.8095 68
    endloop
  endfacet
  facet normal -0.575819 0.817577 0
    outer loop
      vertex -34.2527 46.1844 68
      vertex -31.9453 47.8095 51
      vertex -34.2527 46.1844 51
    endloop
  endfacet
  facet normal -0.653175 0.757207 0
    outer loop
      vertex -36.4776 44.4481 51
      vertex -38.6146 42.6047 68
      vertex -36.4776 44.4481 68
    endloop
  endfacet
  facet normal -0.653175 0.757207 0
    outer loop
      vertex -38.6146 42.6047 68
      vertex -36.4776 44.4481 51
      vertex -38.6146 42.6047 51
    endloop
  endfacet
  facet normal -0.266704 0.963778 0
    outer loop
      vertex -13.9714 55.7768 51
      vertex -16.6914 55.0241 68
      vertex -13.9714 55.7768 68
    endloop
  endfacet
  facet normal -0.266704 0.963778 0
    outer loop
      vertex -16.6914 55.0241 68
      vertex -13.9714 55.7768 51
      vertex -16.6914 55.0241 51
    endloop
  endfacet
  facet normal -0.219135 0.975694 0
    outer loop
      vertex -12 56.2195 64.5
      vertex -11.2177 56.3952 68
      vertex -11.2177 56.3952 64.5
    endloop
  endfacet
  facet normal -0.219113 0.975699 -5.13971e-06
    outer loop
      vertex -11.2177 56.3952 68
      vertex -12 56.2195 64.5
      vertex -13.9714 55.7768 68
    endloop
  endfacet
  facet normal -0.219105 0.975701 0
    outer loop
      vertex -13.9714 55.7768 51
      vertex -12 56.2195 64.5
      vertex -12 56.2195 51
    endloop
  endfacet
  facet normal -0.219105 0.975701 0
    outer loop
      vertex -12 56.2195 64.5
      vertex -13.9714 55.7768 51
      vertex -13.9714 55.7768 68
    endloop
  endfacet
  facet normal -0.313686 0.949527 0
    outer loop
      vertex -16.6914 55.0241 51
      vertex -19.3712 54.1388 68
      vertex -16.6914 55.0241 68
    endloop
  endfacet
  facet normal -0.313686 0.949527 0
    outer loop
      vertex -19.3712 54.1388 68
      vertex -16.6914 55.0241 51
      vertex -19.3712 54.1388 51
    endloop
  endfacet
  facet normal -0.122421 0.992478 0
    outer loop
      vertex -5.63599 57.2231 64.5
      vertex -8.437 56.8776 68
      vertex -5.63599 57.2231 68
    endloop
  endfacet
  facet normal -0.122421 0.992478 0
    outer loop
      vertex -8.437 56.8776 68
      vertex -5.63599 57.2231 64.5
      vertex -8.437 56.8776 64.5
    endloop
  endfacet
  facet normal -0.024555 0.999698 0
    outer loop
      vertex 0 57.5 64.5
      vertex -2.82139 57.4307 68
      vertex 0 57.5 68
    endloop
  endfacet
  facet normal -0.024555 0.999698 0
    outer loop
      vertex -2.82139 57.4307 68
      vertex 0 57.5 64.5
      vertex -2.82139 57.4307 64.5
    endloop
  endfacet
  facet normal 0.024555 -0.999698 0
    outer loop
      vertex 0 -57.5 51
      vertex 2.82139 -57.4307 68
      vertex 0 -57.5 68
    endloop
  endfacet
  facet normal 0.024555 -0.999698 0
    outer loop
      vertex 2.82139 -57.4307 68
      vertex 0 -57.5 51
      vertex 2.82139 -57.4307 51
    endloop
  endfacet
  facet normal 0.122421 -0.992478 0
    outer loop
      vertex 5.63599 -57.2231 51
      vertex 8.437 -56.8776 68
      vertex 5.63599 -57.2231 68
    endloop
  endfacet
  facet normal 0.122421 -0.992478 0
    outer loop
      vertex 8.437 -56.8776 68
      vertex 5.63599 -57.2231 51
      vertex 8.437 -56.8776 51
    endloop
  endfacet
  facet normal 0.313686 -0.949527 0
    outer loop
      vertex 16.6914 -55.0241 51
      vertex 19.3712 -54.1388 68
      vertex 16.6914 -55.0241 68
    endloop
  endfacet
  facet normal 0.313686 -0.949527 0
    outer loop
      vertex 19.3712 -54.1388 68
      vertex 16.6914 -55.0241 51
      vertex 19.3712 -54.1388 51
    endloop
  endfacet
  facet normal 0.219113 -0.975699 0
    outer loop
      vertex 11.2177 -56.3952 51
      vertex 13.9714 -55.7768 68
      vertex 11.2177 -56.3952 68
    endloop
  endfacet
  facet normal 0.219113 -0.975699 0
    outer loop
      vertex 13.9714 -55.7768 68
      vertex 11.2177 -56.3952 51
      vertex 13.9714 -55.7768 51
    endloop
  endfacet
  facet normal 0.575819 -0.817577 0
    outer loop
      vertex 31.9453 -47.8095 51
      vertex 34.2527 -46.1844 68
      vertex 31.9453 -47.8095 68
    endloop
  endfacet
  facet normal 0.575819 -0.817577 0
    outer loop
      vertex 34.2527 -46.1844 68
      vertex 31.9453 -47.8095 51
      vertex 34.2527 -46.1844 51
    endloop
  endfacet
  facet normal 0.653175 -0.757207 0
    outer loop
      vertex 36.4776 -44.4481 51
      vertex 38.6146 -42.6047 68
      vertex 36.4776 -44.4481 68
    endloop
  endfacet
  facet normal 0.653175 -0.757207 0
    outer loop
      vertex 38.6146 -42.6047 68
      vertex 36.4776 -44.4481 51
      vertex 38.6146 -42.6047 51
    endloop
  endfacet
  facet normal 0.492903 -0.870084 0
    outer loop
      vertex 27.1053 -50.7105 51
      vertex 29.5609 -49.3194 68
      vertex 27.1053 -50.7105 68
    endloop
  endfacet
  facet normal 0.492903 -0.870084 0
    outer loop
      vertex 29.5609 -49.3194 68
      vertex 27.1053 -50.7105 51
      vertex 29.5609 -49.3194 51
    endloop
  endfacet
  facet normal 0.405247 -0.914207 0
    outer loop
      vertex 22.0043 -53.1231 51
      vertex 24.5844 -51.9794 68
      vertex 22.0043 -53.1231 68
    endloop
  endfacet
  facet normal 0.405247 -0.914207 0
    outer loop
      vertex 24.5844 -51.9794 68
      vertex 22.0043 -53.1231 51
      vertex 24.5844 -51.9794 51
    endloop
  endfacet
  facet normal 0.724238 -0.68955 0
    outer loop
      vertex 40.6586 -40.6586 68
      vertex 42.6047 -38.6146 51
      vertex 42.6047 -38.6146 68
    endloop
  endfacet
  facet normal 0.724238 -0.68955 0
    outer loop
      vertex 42.6047 -38.6146 51
      vertex 40.6586 -40.6586 68
      vertex 40.6586 -40.6586 51
    endloop
  endfacet
  facet normal 0.788351 -0.615225 0
    outer loop
      vertex 44.4481 -36.4776 68
      vertex 46.1844 -34.2527 51
      vertex 46.1844 -34.2527 68
    endloop
  endfacet
  facet normal 0.788351 -0.615225 0
    outer loop
      vertex 46.1844 -34.2527 51
      vertex 44.4481 -36.4776 68
      vertex 44.4481 -36.4776 51
    endloop
  endfacet
  facet normal 0.914207 -0.405247 0
    outer loop
      vertex 51.9794 -24.5844 68
      vertex 53.1231 -22.0043 51
      vertex 53.1231 -22.0043 68
    endloop
  endfacet
  facet normal 0.914207 -0.405247 0
    outer loop
      vertex 53.1231 -22.0043 51
      vertex 51.9794 -24.5844 68
      vertex 51.9794 -24.5844 51
    endloop
  endfacet
  facet normal 0.870084 -0.492903 0
    outer loop
      vertex 49.3194 -29.5609 68
      vertex 50.7105 -27.1053 51
      vertex 50.7105 -27.1053 68
    endloop
  endfacet
  facet normal 0.870084 -0.492903 0
    outer loop
      vertex 50.7105 -27.1053 51
      vertex 49.3194 -29.5609 68
      vertex 49.3194 -29.5609 51
    endloop
  endfacet
  facet normal 0.949527 -0.313686 0
    outer loop
      vertex 54.1388 -19.3712 68
      vertex 55.0241 -16.6914 61
      vertex 55.0241 -16.6914 68
    endloop
  endfacet
  facet normal 0.949527 -0.313686 0
    outer loop
      vertex 55.0241 -16.6914 61
      vertex 54.1388 -19.3712 68
      vertex 54.1388 -19.3712 61
    endloop
  endfacet
  facet normal 0.975699 -0.219113 0
    outer loop
      vertex 55.7768 -13.9714 68
      vertex 56.3952 -11.2177 61
      vertex 56.3952 -11.2177 68
    endloop
  endfacet
  facet normal 0.975699 -0.219113 0
    outer loop
      vertex 56.3952 -11.2177 61
      vertex 55.7768 -13.9714 68
      vertex 55.7768 -13.9714 61
    endloop
  endfacet
  facet normal -0.68955 -0.724238 0
    outer loop
      vertex -40.6586 -40.6586 51
      vertex -38.6146 -42.6047 68
      vertex -40.6586 -40.6586 68
    endloop
  endfacet
  facet normal -0.68955 -0.724238 -0
    outer loop
      vertex -38.6146 -42.6047 68
      vertex -40.6586 -40.6586 51
      vertex -38.6146 -42.6047 51
    endloop
  endfacet
  facet normal -0.615225 -0.788351 0
    outer loop
      vertex -36.4776 -44.4481 51
      vertex -34.2527 -46.1844 68
      vertex -36.4776 -44.4481 68
    endloop
  endfacet
  facet normal -0.615225 -0.788351 -0
    outer loop
      vertex -34.2527 -46.1844 68
      vertex -36.4776 -44.4481 51
      vertex -34.2527 -46.1844 51
    endloop
  endfacet
  facet normal -0.449607 -0.893226 0
    outer loop
      vertex -27.1053 -50.7105 51
      vertex -24.5844 -51.9794 68
      vertex -27.1053 -50.7105 68
    endloop
  endfacet
  facet normal -0.449607 -0.893226 -0
    outer loop
      vertex -24.5844 -51.9794 68
      vertex -27.1053 -50.7105 51
      vertex -24.5844 -51.9794 51
    endloop
  endfacet
  facet normal -0.534996 -0.844854 0
    outer loop
      vertex -31.9453 -47.8095 51
      vertex -29.5609 -49.3194 68
      vertex -31.9453 -47.8095 68
    endloop
  endfacet
  facet normal -0.534996 -0.844854 -0
    outer loop
      vertex -29.5609 -49.3194 68
      vertex -31.9453 -47.8095 51
      vertex -29.5609 -49.3194 51
    endloop
  endfacet
  facet normal -0.359895 -0.932993 0
    outer loop
      vertex -22.0043 -53.1231 51
      vertex -19.3712 -54.1388 68
      vertex -22.0043 -53.1231 68
    endloop
  endfacet
  facet normal -0.359895 -0.932993 -0
    outer loop
      vertex -19.3712 -54.1388 68
      vertex -22.0043 -53.1231 51
      vertex -19.3712 -54.1388 51
    endloop
  endfacet
  facet normal -0.266704 -0.963778 0
    outer loop
      vertex -16.6914 -55.0241 51
      vertex -13.9714 -55.7768 68
      vertex -16.6914 -55.0241 68
    endloop
  endfacet
  facet normal -0.266704 -0.963778 -0
    outer loop
      vertex -13.9714 -55.7768 68
      vertex -16.6914 -55.0241 51
      vertex -13.9714 -55.7768 51
    endloop
  endfacet
  facet normal -0.170928 -0.985283 0
    outer loop
      vertex -11.2177 -56.3952 51
      vertex -8.437 -56.8776 68
      vertex -11.2177 -56.3952 68
    endloop
  endfacet
  facet normal -0.170928 -0.985283 -0
    outer loop
      vertex -8.437 -56.8776 68
      vertex -11.2177 -56.3952 51
      vertex -8.437 -56.8776 51
    endloop
  endfacet
  facet normal -0.0735584 -0.997291 0
    outer loop
      vertex -5.63599 -57.2231 51
      vertex -2.82139 -57.4307 68
      vertex -5.63599 -57.2231 68
    endloop
  endfacet
  facet normal -0.0735584 -0.997291 -0
    outer loop
      vertex -2.82139 -57.4307 68
      vertex -5.63599 -57.2231 51
      vertex -2.82139 -57.4307 51
    endloop
  endfacet
  facet normal -0.914207 -0.405247 0
    outer loop
      vertex -51.9794 -24.5844 51
      vertex -53.1231 -22.0043 68
      vertex -53.1231 -22.0043 51
    endloop
  endfacet
  facet normal -0.914207 -0.405247 0
    outer loop
      vertex -53.1231 -22.0043 68
      vertex -51.9794 -24.5844 51
      vertex -51.9794 -24.5844 68
    endloop
  endfacet
  facet normal -0.870084 -0.492903 0
    outer loop
      vertex -49.3194 -29.5609 51
      vertex -50.7105 -27.1053 68
      vertex -50.7105 -27.1053 51
    endloop
  endfacet
  facet normal -0.870084 -0.492903 0
    outer loop
      vertex -50.7105 -27.1053 68
      vertex -49.3194 -29.5609 51
      vertex -49.3194 -29.5609 68
    endloop
  endfacet
  facet normal -0.817577 -0.575819 0
    outer loop
      vertex -46.1844 -34.2527 51
      vertex -47.8095 -31.9453 68
      vertex -47.8095 -31.9453 51
    endloop
  endfacet
  facet normal -0.817577 -0.575819 0
    outer loop
      vertex -47.8095 -31.9453 68
      vertex -46.1844 -34.2527 51
      vertex -46.1844 -34.2527 68
    endloop
  endfacet
  facet normal -0.757207 -0.653175 0
    outer loop
      vertex -42.6047 -38.6146 51
      vertex -44.4481 -36.4776 68
      vertex -44.4481 -36.4776 51
    endloop
  endfacet
  facet normal -0.757207 -0.653175 0
    outer loop
      vertex -44.4481 -36.4776 68
      vertex -42.6047 -38.6146 51
      vertex -42.6047 -38.6146 68
    endloop
  endfacet
  facet normal -0.975699 -0.219113 0
    outer loop
      vertex -55.7768 -13.9714 51
      vertex -56.3952 -11.2177 68
      vertex -56.3952 -11.2177 51
    endloop
  endfacet
  facet normal -0.975699 -0.219113 0
    outer loop
      vertex -56.3952 -11.2177 68
      vertex -55.7768 -13.9714 51
      vertex -55.7768 -13.9714 68
    endloop
  endfacet
  facet normal -0.949527 -0.313686 0
    outer loop
      vertex -54.1388 -19.3712 51
      vertex -55.0241 -16.6914 68
      vertex -55.0241 -16.6914 51
    endloop
  endfacet
  facet normal -0.949527 -0.313686 0
    outer loop
      vertex -55.0241 -16.6914 68
      vertex -54.1388 -19.3712 51
      vertex -54.1388 -19.3712 68
    endloop
  endfacet
  facet normal -0.992478 -0.122421 0
    outer loop
      vertex -56.8776 -8.437 51
      vertex -57.2231 -5.63599 68
      vertex -57.2231 -5.63599 51
    endloop
  endfacet
  facet normal -0.992478 -0.122421 0
    outer loop
      vertex -57.2231 -5.63599 68
      vertex -56.8776 -8.437 51
      vertex -56.8776 -8.437 68
    endloop
  endfacet
  facet normal -0.999698 -0.024555 0
    outer loop
      vertex -57.4307 -2.82139 51
      vertex -57.5 0 68
      vertex -57.5 0 51
    endloop
  endfacet
  facet normal -0.999698 -0.024555 0
    outer loop
      vertex -57.5 0 68
      vertex -57.4307 -2.82139 51
      vertex -57.4307 -2.82139 68
    endloop
  endfacet
  facet normal 0.0735584 -0.997291 0
    outer loop
      vertex 2.82139 -57.4307 51
      vertex 5.63599 -57.2231 68
      vertex 2.82139 -57.4307 68
    endloop
  endfacet
  facet normal 0.0735584 -0.997291 0
    outer loop
      vertex 5.63599 -57.2231 68
      vertex 2.82139 -57.4307 51
      vertex 5.63599 -57.2231 51
    endloop
  endfacet
  facet normal 0.170928 -0.985283 0
    outer loop
      vertex 8.437 -56.8776 51
      vertex 11.2177 -56.3952 68
      vertex 8.437 -56.8776 68
    endloop
  endfacet
  facet normal 0.170928 -0.985283 0
    outer loop
      vertex 11.2177 -56.3952 68
      vertex 8.437 -56.8776 51
      vertex 11.2177 -56.3952 51
    endloop
  endfacet
  facet normal 0.359895 -0.932993 0
    outer loop
      vertex 19.3712 -54.1388 51
      vertex 22.0043 -53.1231 68
      vertex 19.3712 -54.1388 68
    endloop
  endfacet
  facet normal 0.359895 -0.932993 0
    outer loop
      vertex 22.0043 -53.1231 68
      vertex 19.3712 -54.1388 51
      vertex 22.0043 -53.1231 51
    endloop
  endfacet
  facet normal 0.266704 -0.963778 0
    outer loop
      vertex 13.9714 -55.7768 51
      vertex 16.6914 -55.0241 68
      vertex 13.9714 -55.7768 68
    endloop
  endfacet
  facet normal 0.266704 -0.963778 0
    outer loop
      vertex 16.6914 -55.0241 68
      vertex 13.9714 -55.7768 51
      vertex 16.6914 -55.0241 51
    endloop
  endfacet
  facet normal 0.615225 -0.788351 0
    outer loop
      vertex 34.2527 -46.1844 51
      vertex 36.4776 -44.4481 68
      vertex 34.2527 -46.1844 68
    endloop
  endfacet
  facet normal 0.615225 -0.788351 0
    outer loop
      vertex 36.4776 -44.4481 68
      vertex 34.2527 -46.1844 51
      vertex 36.4776 -44.4481 51
    endloop
  endfacet
  facet normal 0.68955 -0.724238 0
    outer loop
      vertex 38.6146 -42.6047 51
      vertex 40.6586 -40.6586 68
      vertex 38.6146 -42.6047 68
    endloop
  endfacet
  facet normal 0.68955 -0.724238 0
    outer loop
      vertex 40.6586 -40.6586 68
      vertex 38.6146 -42.6047 51
      vertex 40.6586 -40.6586 51
    endloop
  endfacet
  facet normal 0.534996 -0.844854 0
    outer loop
      vertex 29.5609 -49.3194 51
      vertex 31.9453 -47.8095 68
      vertex 29.5609 -49.3194 68
    endloop
  endfacet
  facet normal 0.534996 -0.844854 0
    outer loop
      vertex 31.9453 -47.8095 68
      vertex 29.5609 -49.3194 51
      vertex 31.9453 -47.8095 51
    endloop
  endfacet
  facet normal 0.449607 -0.893226 0
    outer loop
      vertex 24.5844 -51.9794 51
      vertex 27.1053 -50.7105 68
      vertex 24.5844 -51.9794 68
    endloop
  endfacet
  facet normal 0.449607 -0.893226 0
    outer loop
      vertex 27.1053 -50.7105 68
      vertex 24.5844 -51.9794 51
      vertex 27.1053 -50.7105 51
    endloop
  endfacet
  facet normal 0.757207 -0.653175 0
    outer loop
      vertex 42.6047 -38.6146 68
      vertex 44.4481 -36.4776 51
      vertex 44.4481 -36.4776 68
    endloop
  endfacet
  facet normal 0.757207 -0.653175 0
    outer loop
      vertex 44.4481 -36.4776 51
      vertex 42.6047 -38.6146 68
      vertex 42.6047 -38.6146 51
    endloop
  endfacet
  facet normal 0.817577 -0.575819 0
    outer loop
      vertex 46.1844 -34.2527 68
      vertex 47.8095 -31.9453 51
      vertex 47.8095 -31.9453 68
    endloop
  endfacet
  facet normal 0.817577 -0.575819 0
    outer loop
      vertex 47.8095 -31.9453 51
      vertex 46.1844 -34.2527 68
      vertex 46.1844 -34.2527 51
    endloop
  endfacet
  facet normal 0.932986 -0.359914 0
    outer loop
      vertex 54.1388 -19.3712 68
      vertex 53.1247 -22 61
      vertex 54.1388 -19.3712 61
    endloop
  endfacet
  facet normal 0.932993 -0.359895 -7.82315e-06
    outer loop
      vertex 53.1231 -22.0043 68
      vertex 53.1247 -22 61
      vertex 54.1388 -19.3712 68
    endloop
  endfacet
  facet normal 0.937222 -0.348734 0
    outer loop
      vertex 53.1231 -22.0043 51
      vertex 53.1247 -22 61
      vertex 53.1231 -22.0043 68
    endloop
  endfacet
  facet normal 0.937222 -0.348734 0
    outer loop
      vertex 53.1247 -22 61
      vertex 53.1231 -22.0043 51
      vertex 53.1247 -22 51
    endloop
  endfacet
  facet normal 0.893226 -0.449607 0
    outer loop
      vertex 50.7105 -27.1053 68
      vertex 51.9794 -24.5844 51
      vertex 51.9794 -24.5844 68
    endloop
  endfacet
  facet normal 0.893226 -0.449607 0
    outer loop
      vertex 51.9794 -24.5844 51
      vertex 50.7105 -27.1053 68
      vertex 50.7105 -27.1053 51
    endloop
  endfacet
  facet normal 0.963778 -0.266704 0
    outer loop
      vertex 55.0241 -16.6914 68
      vertex 55.7768 -13.9714 61
      vertex 55.7768 -13.9714 68
    endloop
  endfacet
  facet normal 0.963778 -0.266704 0
    outer loop
      vertex 55.7768 -13.9714 61
      vertex 55.0241 -16.6914 68
      vertex 55.0241 -16.6914 61
    endloop
  endfacet
  facet normal 0.985281 -0.170944 0
    outer loop
      vertex 56.8776 -8.437 68
      vertex 56.5 -10.6134 61
      vertex 56.8776 -8.437 51
    endloop
  endfacet
  facet normal 0.985283 -0.170928 -4.90797e-06
    outer loop
      vertex 56.3952 -11.2177 68
      vertex 56.5 -10.6134 61
      vertex 56.8776 -8.437 68
    endloop
  endfacet
  facet normal 0.985293 -0.170873 0
    outer loop
      vertex 56.5 -10.6134 61
      vertex 56.3952 -11.2177 68
      vertex 56.3952 -11.2177 61
    endloop
  endfacet
  facet normal 0.985281 -0.170944 0
    outer loop
      vertex 56.8776 -8.437 51
      vertex 56.5 -10.6134 61
      vertex 56.5 -10.6134 51
    endloop
  endfacet
  facet normal 0.997291 -0.0735584 0
    outer loop
      vertex 57.2231 -5.63599 68
      vertex 57.4307 -2.82139 51
      vertex 57.4307 -2.82139 68
    endloop
  endfacet
  facet normal 0.997291 -0.0735584 0
    outer loop
      vertex 57.4307 -2.82139 51
      vertex 57.2231 -5.63599 68
      vertex 57.2231 -5.63599 51
    endloop
  endfacet
  facet normal 0.992478 -0.122421 0
    outer loop
      vertex 56.8776 -8.437 68
      vertex 57.2231 -5.63599 51
      vertex 57.2231 -5.63599 68
    endloop
  endfacet
  facet normal 0.992478 -0.122421 0
    outer loop
      vertex 57.2231 -5.63599 51
      vertex 56.8776 -8.437 68
      vertex 56.8776 -8.437 51
    endloop
  endfacet
  facet normal 0.999698 -0.024555 0
    outer loop
      vertex 57.4307 -2.82139 68
      vertex 57.5 0 51
      vertex 57.5 0 68
    endloop
  endfacet
  facet normal 0.999698 -0.024555 0
    outer loop
      vertex 57.5 0 51
      vertex 57.4307 -2.82139 68
      vertex 57.4307 -2.82139 51
    endloop
  endfacet
  facet normal -0.653175 -0.757207 0
    outer loop
      vertex -38.6146 -42.6047 51
      vertex -36.4776 -44.4481 68
      vertex -38.6146 -42.6047 68
    endloop
  endfacet
  facet normal -0.653175 -0.757207 -0
    outer loop
      vertex -36.4776 -44.4481 68
      vertex -38.6146 -42.6047 51
      vertex -36.4776 -44.4481 51
    endloop
  endfacet
  facet normal -0.575819 -0.817577 0
    outer loop
      vertex -34.2527 -46.1844 51
      vertex -31.9453 -47.8095 68
      vertex -34.2527 -46.1844 68
    endloop
  endfacet
  facet normal -0.575819 -0.817577 -0
    outer loop
      vertex -31.9453 -47.8095 68
      vertex -34.2527 -46.1844 51
      vertex -31.9453 -47.8095 51
    endloop
  endfacet
  facet normal -0.405247 -0.914207 0
    outer loop
      vertex -24.5844 -51.9794 51
      vertex -22.0043 -53.1231 68
      vertex -24.5844 -51.9794 68
    endloop
  endfacet
  facet normal -0.405247 -0.914207 -0
    outer loop
      vertex -22.0043 -53.1231 68
      vertex -24.5844 -51.9794 51
      vertex -22.0043 -53.1231 51
    endloop
  endfacet
  facet normal -0.492903 -0.870084 0
    outer loop
      vertex -29.5609 -49.3194 51
      vertex -27.1053 -50.7105 68
      vertex -29.5609 -49.3194 68
    endloop
  endfacet
  facet normal -0.492903 -0.870084 -0
    outer loop
      vertex -27.1053 -50.7105 68
      vertex -29.5609 -49.3194 51
      vertex -27.1053 -50.7105 51
    endloop
  endfacet
  facet normal -0.313686 -0.949527 0
    outer loop
      vertex -19.3712 -54.1388 51
      vertex -16.6914 -55.0241 68
      vertex -19.3712 -54.1388 68
    endloop
  endfacet
  facet normal -0.313686 -0.949527 -0
    outer loop
      vertex -16.6914 -55.0241 68
      vertex -19.3712 -54.1388 51
      vertex -16.6914 -55.0241 51
    endloop
  endfacet
  facet normal -0.219113 -0.975699 0
    outer loop
      vertex -13.9714 -55.7768 51
      vertex -11.2177 -56.3952 68
      vertex -13.9714 -55.7768 68
    endloop
  endfacet
  facet normal -0.219113 -0.975699 -0
    outer loop
      vertex -11.2177 -56.3952 68
      vertex -13.9714 -55.7768 51
      vertex -11.2177 -56.3952 51
    endloop
  endfacet
  facet normal -0.122421 -0.992478 0
    outer loop
      vertex -8.437 -56.8776 51
      vertex -5.63599 -57.2231 68
      vertex -8.437 -56.8776 68
    endloop
  endfacet
  facet normal -0.122421 -0.992478 -0
    outer loop
      vertex -5.63599 -57.2231 68
      vertex -8.437 -56.8776 51
      vertex -5.63599 -57.2231 51
    endloop
  endfacet
  facet normal -0.024555 -0.999698 0
    outer loop
      vertex -2.82139 -57.4307 51
      vertex 0 -57.5 68
      vertex -2.82139 -57.4307 68
    endloop
  endfacet
  facet normal -0.024555 -0.999698 -0
    outer loop
      vertex 0 -57.5 68
      vertex -2.82139 -57.4307 51
      vertex 0 -57.5 51
    endloop
  endfacet
  facet normal -0.893226 -0.449607 0
    outer loop
      vertex -50.7105 -27.1053 51
      vertex -51.9794 -24.5844 68
      vertex -51.9794 -24.5844 51
    endloop
  endfacet
  facet normal -0.893226 -0.449607 0
    outer loop
      vertex -51.9794 -24.5844 68
      vertex -50.7105 -27.1053 51
      vertex -50.7105 -27.1053 68
    endloop
  endfacet
  facet normal -0.844854 -0.534996 0
    outer loop
      vertex -47.8095 -31.9453 51
      vertex -49.3194 -29.5609 68
      vertex -49.3194 -29.5609 51
    endloop
  endfacet
  facet normal -0.844854 -0.534996 0
    outer loop
      vertex -49.3194 -29.5609 68
      vertex -47.8095 -31.9453 51
      vertex -47.8095 -31.9453 68
    endloop
  endfacet
  facet normal -0.788351 -0.615225 0
    outer loop
      vertex -44.4481 -36.4776 51
      vertex -46.1844 -34.2527 68
      vertex -46.1844 -34.2527 51
    endloop
  endfacet
  facet normal -0.788351 -0.615225 0
    outer loop
      vertex -46.1844 -34.2527 68
      vertex -44.4481 -36.4776 51
      vertex -44.4481 -36.4776 68
    endloop
  endfacet
  facet normal -0.724238 -0.68955 0
    outer loop
      vertex -40.6586 -40.6586 51
      vertex -42.6047 -38.6146 68
      vertex -42.6047 -38.6146 51
    endloop
  endfacet
  facet normal -0.724238 -0.68955 0
    outer loop
      vertex -42.6047 -38.6146 68
      vertex -40.6586 -40.6586 51
      vertex -40.6586 -40.6586 68
    endloop
  endfacet
  facet normal -0.963778 -0.266704 0
    outer loop
      vertex -55.0241 -16.6914 51
      vertex -55.7768 -13.9714 68
      vertex -55.7768 -13.9714 51
    endloop
  endfacet
  facet normal -0.963778 -0.266704 0
    outer loop
      vertex -55.7768 -13.9714 68
      vertex -55.0241 -16.6914 51
      vertex -55.0241 -16.6914 68
    endloop
  endfacet
  facet normal -0.932993 -0.359895 0
    outer loop
      vertex -53.1231 -22.0043 51
      vertex -54.1388 -19.3712 68
      vertex -54.1388 -19.3712 51
    endloop
  endfacet
  facet normal -0.932993 -0.359895 0
    outer loop
      vertex -54.1388 -19.3712 68
      vertex -53.1231 -22.0043 51
      vertex -53.1231 -22.0043 68
    endloop
  endfacet
  facet normal -0.985283 -0.170928 0
    outer loop
      vertex -56.3952 -11.2177 51
      vertex -56.8776 -8.437 68
      vertex -56.8776 -8.437 51
    endloop
  endfacet
  facet normal -0.985283 -0.170928 0
    outer loop
      vertex -56.8776 -8.437 68
      vertex -56.3952 -11.2177 51
      vertex -56.3952 -11.2177 68
    endloop
  endfacet
  facet normal -0.997291 -0.0735584 0
    outer loop
      vertex -57.2231 -5.63599 51
      vertex -57.4307 -2.82139 68
      vertex -57.4307 -2.82139 51
    endloop
  endfacet
  facet normal -0.997291 -0.0735584 0
    outer loop
      vertex -57.4307 -2.82139 68
      vertex -57.2231 -5.63599 51
      vertex -57.2231 -5.63599 68
    endloop
  endfacet
  facet normal 0.844854 -0.534996 0
    outer loop
      vertex 47.8095 -31.9453 68
      vertex 49.3194 -29.5609 51
      vertex 49.3194 -29.5609 68
    endloop
  endfacet
  facet normal 0.844854 -0.534996 0
    outer loop
      vertex 49.3194 -29.5609 51
      vertex 47.8095 -31.9453 68
      vertex 47.8095 -31.9453 51
    endloop
  endfacet
  facet normal 0.999698 0.0245603 0
    outer loop
      vertex 43.8 0 68.5
      vertex 43.7472 2.14916 68
      vertex 43.7472 2.14916 68.5
    endloop
  endfacet
  facet normal 0.999698 0.0245603 0
    outer loop
      vertex 43.7472 2.14916 68
      vertex 43.8 0 68.5
      vertex 43.8 0 68
    endloop
  endfacet
  facet normal -0.999698 0.0245603 0
    outer loop
      vertex -43.8 0 68
      vertex -43.7472 2.14916 68.5
      vertex -43.7472 2.14916 68
    endloop
  endfacet
  facet normal -0.999698 0.0245603 0
    outer loop
      vertex -43.7472 2.14916 68.5
      vertex -43.8 0 68
      vertex -43.8 0 68.5
    endloop
  endfacet
  facet normal 0.0245603 0.999698 -0
    outer loop
      vertex 2.14916 43.7472 68
      vertex 0 43.8 68.5
      vertex 2.14916 43.7472 68.5
    endloop
  endfacet
  facet normal 0.0245603 0.999698 0
    outer loop
      vertex 0 43.8 68.5
      vertex 2.14916 43.7472 68
      vertex 0 43.8 68
    endloop
  endfacet
  facet normal -0.0245603 -0.999698 0
    outer loop
      vertex -2.14916 -43.7472 68
      vertex 0 -43.8 68.5
      vertex -2.14916 -43.7472 68.5
    endloop
  endfacet
  facet normal -0.0245603 -0.999698 -0
    outer loop
      vertex 0 -43.8 68.5
      vertex -2.14916 -43.7472 68
      vertex 0 -43.8 68
    endloop
  endfacet
  facet normal -0.724244 -0.689544 0
    outer loop
      vertex -30.9713 -30.9713 68
      vertex -32.4537 -29.4143 68.5
      vertex -32.4537 -29.4143 68
    endloop
  endfacet
  facet normal -0.724244 -0.689544 0
    outer loop
      vertex -32.4537 -29.4143 68.5
      vertex -30.9713 -30.9713 68
      vertex -30.9713 -30.9713 68.5
    endloop
  endfacet
  facet normal 0.689544 0.724244 -0
    outer loop
      vertex 30.9713 30.9713 68
      vertex 29.4143 32.4537 68.5
      vertex 30.9713 30.9713 68.5
    endloop
  endfacet
  facet normal 0.689544 0.724244 0
    outer loop
      vertex 29.4143 32.4537 68.5
      vertex 30.9713 30.9713 68
      vertex 29.4143 32.4537 68
    endloop
  endfacet
  facet normal -0.689544 0.724244 0
    outer loop
      vertex -29.4143 32.4537 68
      vertex -30.9713 30.9713 68.5
      vertex -29.4143 32.4537 68.5
    endloop
  endfacet
  facet normal -0.689544 0.724244 0
    outer loop
      vertex -30.9713 30.9713 68.5
      vertex -29.4143 32.4537 68
      vertex -30.9713 30.9713 68
    endloop
  endfacet
  facet normal -0.359902 0.93299 0
    outer loop
      vertex -14.7558 41.2396 68
      vertex -16.7615 40.4659 68.5
      vertex -14.7558 41.2396 68.5
    endloop
  endfacet
  facet normal -0.359902 0.93299 0
    outer loop
      vertex -16.7615 40.4659 68.5
      vertex -14.7558 41.2396 68
      vertex -16.7615 40.4659 68
    endloop
  endfacet
  facet normal 0.91421 0.405241 0
    outer loop
      vertex 40.4659 16.7615 68.5
      vertex 39.5947 18.7269 68
      vertex 39.5947 18.7269 68.5
    endloop
  endfacet
  facet normal 0.91421 0.405241 0
    outer loop
      vertex 39.5947 18.7269 68
      vertex 40.4659 16.7615 68.5
      vertex 40.4659 16.7615 68
    endloop
  endfacet
  facet normal 0.359902 0.93299 -0
    outer loop
      vertex 16.7615 40.4659 68
      vertex 14.7558 41.2396 68.5
      vertex 16.7615 40.4659 68.5
    endloop
  endfacet
  facet normal 0.359902 0.93299 0
    outer loop
      vertex 14.7558 41.2396 68.5
      vertex 16.7615 40.4659 68
      vertex 14.7558 41.2396 68
    endloop
  endfacet
  facet normal 0.534978 0.844866 -0
    outer loop
      vertex 24.334 36.4184 68
      vertex 22.5177 37.5685 68.5
      vertex 24.334 36.4184 68.5
    endloop
  endfacet
  facet normal 0.534978 0.844866 0
    outer loop
      vertex 22.5177 37.5685 68.5
      vertex 24.334 36.4184 68
      vertex 22.5177 37.5685 68
    endloop
  endfacet
  facet normal -0.91421 0.405241 0
    outer loop
      vertex -40.4659 16.7615 68
      vertex -39.5947 18.7269 68.5
      vertex -39.5947 18.7269 68
    endloop
  endfacet
  facet normal -0.91421 0.405241 0
    outer loop
      vertex -39.5947 18.7269 68.5
      vertex -40.4659 16.7615 68
      vertex -40.4659 16.7615 68.5
    endloop
  endfacet
  facet normal -0.757217 0.653163 0
    outer loop
      vertex -33.8579 27.7864 68
      vertex -32.4537 29.4143 68.5
      vertex -32.4537 29.4143 68
    endloop
  endfacet
  facet normal -0.757217 0.653163 0
    outer loop
      vertex -32.4537 29.4143 68.5
      vertex -33.8579 27.7864 68
      vertex -33.8579 27.7864 68.5
    endloop
  endfacet
  facet normal -0.170945 0.985281 0
    outer loop
      vertex -6.42679 43.3259 68
      vertex -8.54496 42.9584 68.5
      vertex -6.42679 43.3259 68.5
    endloop
  endfacet
  facet normal -0.170945 0.985281 0
    outer loop
      vertex -8.54496 42.9584 68.5
      vertex -6.42679 43.3259 68
      vertex -8.54496 42.9584 68
    endloop
  endfacet
  facet normal -0.757217 -0.653163 0
    outer loop
      vertex -32.4537 -29.4143 68
      vertex -33.8579 -27.7864 68.5
      vertex -33.8579 -27.7864 68
    endloop
  endfacet
  facet normal -0.757217 -0.653163 0
    outer loop
      vertex -33.8579 -27.7864 68.5
      vertex -32.4537 -29.4143 68
      vertex -32.4537 -29.4143 68.5
    endloop
  endfacet
  facet normal -0.992477 -0.122429 0
    outer loop
      vertex -43.3259 -6.42679 68
      vertex -43.5891 -4.29315 68.5
      vertex -43.5891 -4.29315 68
    endloop
  endfacet
  facet normal -0.992477 -0.122429 0
    outer loop
      vertex -43.5891 -4.29315 68.5
      vertex -43.3259 -6.42679 68
      vertex -43.3259 -6.42679 68.5
    endloop
  endfacet
  facet normal 0.985281 0.170945 0
    outer loop
      vertex 43.3259 6.42679 68.5
      vertex 42.9584 8.54496 68
      vertex 42.9584 8.54496 68.5
    endloop
  endfacet
  facet normal 0.985281 0.170945 0
    outer loop
      vertex 42.9584 8.54496 68
      vertex 43.3259 6.42679 68.5
      vertex 43.3259 6.42679 68
    endloop
  endfacet
  facet normal 0.817572 0.575826 0
    outer loop
      vertex 36.4184 24.334 68.5
      vertex 35.1805 26.0916 68
      vertex 35.1805 26.0916 68.5
    endloop
  endfacet
  facet normal 0.817572 0.575826 0
    outer loop
      vertex 35.1805 26.0916 68
      vertex 36.4184 24.334 68.5
      vertex 36.4184 24.334 68
    endloop
  endfacet
  facet normal 0.219093 0.975704 -0
    outer loop
      vertex 10.6425 42.4874 68
      vertex 8.54496 42.9584 68.5
      vertex 10.6425 42.4874 68.5
    endloop
  endfacet
  facet normal 0.219093 0.975704 0
    outer loop
      vertex 8.54496 42.9584 68.5
      vertex 10.6425 42.4874 68
      vertex 8.54496 42.9584 68
    endloop
  endfacet
  facet normal 0.266713 0.963776 -0
    outer loop
      vertex 12.7145 41.914 68
      vertex 10.6425 42.4874 68.5
      vertex 12.7145 41.914 68.5
    endloop
  endfacet
  facet normal 0.266713 0.963776 0
    outer loop
      vertex 10.6425 42.4874 68.5
      vertex 12.7145 41.914 68
      vertex 10.6425 42.4874 68
    endloop
  endfacet
  facet normal -0.963776 0.266713 0
    outer loop
      vertex -42.4874 10.6425 68
      vertex -41.914 12.7145 68.5
      vertex -41.914 12.7145 68
    endloop
  endfacet
  facet normal -0.963776 0.266713 0
    outer loop
      vertex -41.914 12.7145 68.5
      vertex -42.4874 10.6425 68
      vertex -42.4874 10.6425 68.5
    endloop
  endfacet
  facet normal -0.788354 0.615222 0
    outer loop
      vertex -35.1805 26.0916 68
      vertex -33.8579 27.7864 68.5
      vertex -33.8579 27.7864 68
    endloop
  endfacet
  facet normal -0.788354 0.615222 0
    outer loop
      vertex -33.8579 27.7864 68.5
      vertex -35.1805 26.0916 68
      vertex -35.1805 26.0916 68.5
    endloop
  endfacet
  facet normal -0.949522 0.313701 0
    outer loop
      vertex -41.914 12.7145 68
      vertex -41.2396 14.7558 68.5
      vertex -41.2396 14.7558 68
    endloop
  endfacet
  facet normal -0.949522 0.313701 0
    outer loop
      vertex -41.2396 14.7558 68.5
      vertex -41.914 12.7145 68
      vertex -41.914 12.7145 68.5
    endloop
  endfacet
  facet normal -0.492925 0.870072 0
    outer loop
      vertex -20.6472 38.6282 68
      vertex -22.5177 37.5685 68.5
      vertex -20.6472 38.6282 68.5
    endloop
  endfacet
  facet normal -0.492925 0.870072 0
    outer loop
      vertex -22.5177 37.5685 68.5
      vertex -20.6472 38.6282 68
      vertex -22.5177 37.5685 68
    endloop
  endfacet
  facet normal -0.449575 0.893243 0
    outer loop
      vertex -18.7269 39.5947 68
      vertex -20.6472 38.6282 68.5
      vertex -18.7269 39.5947 68.5
    endloop
  endfacet
  facet normal -0.449575 0.893243 0
    outer loop
      vertex -20.6472 38.6282 68.5
      vertex -18.7269 39.5947 68
      vertex -20.6472 38.6282 68
    endloop
  endfacet
  facet normal -0.0735413 0.997292 0
    outer loop
      vertex -2.14916 43.7472 68
      vertex -4.29315 43.5891 68.5
      vertex -2.14916 43.7472 68.5
    endloop
  endfacet
  facet normal -0.0735413 0.997292 0
    outer loop
      vertex -4.29315 43.5891 68.5
      vertex -2.14916 43.7472 68
      vertex -4.29315 43.5891 68
    endloop
  endfacet
  facet normal 0.985281 -0.170945 0
    outer loop
      vertex 42.9584 -8.54496 68.5
      vertex 43.3259 -6.42679 68
      vertex 43.3259 -6.42679 68.5
    endloop
  endfacet
  facet normal 0.985281 -0.170945 0
    outer loop
      vertex 43.3259 -6.42679 68
      vertex 42.9584 -8.54496 68.5
      vertex 42.9584 -8.54496 68
    endloop
  endfacet
  facet normal 0.122429 -0.992477 0
    outer loop
      vertex 4.29315 -43.5891 68
      vertex 6.42679 -43.3259 68.5
      vertex 4.29315 -43.5891 68.5
    endloop
  endfacet
  facet normal 0.122429 -0.992477 0
    outer loop
      vertex 6.42679 -43.3259 68.5
      vertex 4.29315 -43.5891 68
      vertex 6.42679 -43.3259 68
    endloop
  endfacet
  facet normal 0.359902 -0.93299 0
    outer loop
      vertex 14.7558 -41.2396 68
      vertex 16.7615 -40.4659 68.5
      vertex 14.7558 -41.2396 68.5
    endloop
  endfacet
  facet normal 0.359902 -0.93299 0
    outer loop
      vertex 16.7615 -40.4659 68.5
      vertex 14.7558 -41.2396 68
      vertex 16.7615 -40.4659 68
    endloop
  endfacet
  facet normal 0.575826 -0.817572 0
    outer loop
      vertex 24.334 -36.4184 68
      vertex 26.0916 -35.1805 68.5
      vertex 24.334 -36.4184 68.5
    endloop
  endfacet
  facet normal 0.575826 -0.817572 0
    outer loop
      vertex 26.0916 -35.1805 68.5
      vertex 24.334 -36.4184 68
      vertex 26.0916 -35.1805 68
    endloop
  endfacet
  facet normal 0.724244 -0.689544 0
    outer loop
      vertex 30.9713 -30.9713 68.5
      vertex 32.4537 -29.4143 68
      vertex 32.4537 -29.4143 68.5
    endloop
  endfacet
  facet normal 0.724244 -0.689544 0
    outer loop
      vertex 32.4537 -29.4143 68
      vertex 30.9713 -30.9713 68.5
      vertex 30.9713 -30.9713 68
    endloop
  endfacet
  facet normal -0.170945 -0.985281 0
    outer loop
      vertex -8.54496 -42.9584 68
      vertex -6.42679 -43.3259 68.5
      vertex -8.54496 -42.9584 68.5
    endloop
  endfacet
  facet normal -0.170945 -0.985281 -0
    outer loop
      vertex -6.42679 -43.3259 68.5
      vertex -8.54496 -42.9584 68
      vertex -6.42679 -43.3259 68
    endloop
  endfacet
  facet normal -0.949522 -0.313701 0
    outer loop
      vertex -41.2396 -14.7558 68
      vertex -41.914 -12.7145 68.5
      vertex -41.914 -12.7145 68
    endloop
  endfacet
  facet normal -0.949522 -0.313701 0
    outer loop
      vertex -41.914 -12.7145 68.5
      vertex -41.2396 -14.7558 68
      vertex -41.2396 -14.7558 68.5
    endloop
  endfacet
  facet normal 0.992477 0.122429 0
    outer loop
      vertex 43.5891 4.29315 68.5
      vertex 43.3259 6.42679 68
      vertex 43.3259 6.42679 68.5
    endloop
  endfacet
  facet normal 0.992477 0.122429 0
    outer loop
      vertex 43.3259 6.42679 68
      vertex 43.5891 4.29315 68.5
      vertex 43.5891 4.29315 68
    endloop
  endfacet
  facet normal 0.997292 0.0735413 0
    outer loop
      vertex 43.7472 2.14916 68.5
      vertex 43.5891 4.29315 68
      vertex 43.5891 4.29315 68.5
    endloop
  endfacet
  facet normal 0.997292 0.0735413 0
    outer loop
      vertex 43.5891 4.29315 68
      vertex 43.7472 2.14916 68.5
      vertex 43.7472 2.14916 68
    endloop
  endfacet
  facet normal 0.975704 0.219093 0
    outer loop
      vertex 42.9584 8.54496 68.5
      vertex 42.4874 10.6425 68
      vertex 42.4874 10.6425 68.5
    endloop
  endfacet
  facet normal 0.975704 0.219093 0
    outer loop
      vertex 42.4874 10.6425 68
      vertex 42.9584 8.54496 68.5
      vertex 42.9584 8.54496 68
    endloop
  endfacet
  facet normal 0.963776 0.266713 0
    outer loop
      vertex 42.4874 10.6425 68.5
      vertex 41.914 12.7145 68
      vertex 41.914 12.7145 68.5
    endloop
  endfacet
  facet normal 0.963776 0.266713 0
    outer loop
      vertex 41.914 12.7145 68
      vertex 42.4874 10.6425 68.5
      vertex 42.4874 10.6425 68
    endloop
  endfacet
  facet normal 0.949522 0.313701 0
    outer loop
      vertex 41.914 12.7145 68.5
      vertex 41.2396 14.7558 68
      vertex 41.2396 14.7558 68.5
    endloop
  endfacet
  facet normal 0.949522 0.313701 0
    outer loop
      vertex 41.2396 14.7558 68
      vertex 41.914 12.7145 68.5
      vertex 41.914 12.7145 68
    endloop
  endfacet
  facet normal 0.788354 0.615222 0
    outer loop
      vertex 35.1805 26.0916 68.5
      vertex 33.8579 27.7864 68
      vertex 33.8579 27.7864 68.5
    endloop
  endfacet
  facet normal 0.788354 0.615222 0
    outer loop
      vertex 33.8579 27.7864 68
      vertex 35.1805 26.0916 68.5
      vertex 35.1805 26.0916 68
    endloop
  endfacet
  facet normal 0.757217 0.653163 0
    outer loop
      vertex 33.8579 27.7864 68.5
      vertex 32.4537 29.4143 68
      vertex 32.4537 29.4143 68.5
    endloop
  endfacet
  facet normal 0.757217 0.653163 0
    outer loop
      vertex 32.4537 29.4143 68
      vertex 33.8579 27.7864 68.5
      vertex 33.8579 27.7864 68
    endloop
  endfacet
  facet normal 0.724244 0.689544 0
    outer loop
      vertex 32.4537 29.4143 68.5
      vertex 30.9713 30.9713 68
      vertex 30.9713 30.9713 68.5
    endloop
  endfacet
  facet normal 0.724244 0.689544 0
    outer loop
      vertex 30.9713 30.9713 68
      vertex 32.4537 29.4143 68.5
      vertex 32.4537 29.4143 68
    endloop
  endfacet
  facet normal 0.870072 0.492925 0
    outer loop
      vertex 38.6282 20.6472 68.5
      vertex 37.5685 22.5177 68
      vertex 37.5685 22.5177 68.5
    endloop
  endfacet
  facet normal 0.870072 0.492925 0
    outer loop
      vertex 37.5685 22.5177 68
      vertex 38.6282 20.6472 68.5
      vertex 38.6282 20.6472 68
    endloop
  endfacet
  facet normal 0.844866 0.534978 0
    outer loop
      vertex 37.5685 22.5177 68.5
      vertex 36.4184 24.334 68
      vertex 36.4184 24.334 68.5
    endloop
  endfacet
  facet normal 0.844866 0.534978 0
    outer loop
      vertex 36.4184 24.334 68
      vertex 37.5685 22.5177 68.5
      vertex 37.5685 22.5177 68
    endloop
  endfacet
  facet normal 0.893243 0.449575 0
    outer loop
      vertex 39.5947 18.7269 68.5
      vertex 38.6282 20.6472 68
      vertex 38.6282 20.6472 68.5
    endloop
  endfacet
  facet normal 0.893243 0.449575 0
    outer loop
      vertex 38.6282 20.6472 68
      vertex 39.5947 18.7269 68.5
      vertex 39.5947 18.7269 68
    endloop
  endfacet
  facet normal 0.122429 0.992477 -0
    outer loop
      vertex 6.42679 43.3259 68
      vertex 4.29315 43.5891 68.5
      vertex 6.42679 43.3259 68.5
    endloop
  endfacet
  facet normal 0.122429 0.992477 0
    outer loop
      vertex 4.29315 43.5891 68.5
      vertex 6.42679 43.3259 68
      vertex 4.29315 43.5891 68
    endloop
  endfacet
  facet normal 0.170945 0.985281 -0
    outer loop
      vertex 8.54496 42.9584 68
      vertex 6.42679 43.3259 68.5
      vertex 8.54496 42.9584 68.5
    endloop
  endfacet
  facet normal 0.170945 0.985281 0
    outer loop
      vertex 6.42679 43.3259 68.5
      vertex 8.54496 42.9584 68
      vertex 6.42679 43.3259 68
    endloop
  endfacet
  facet normal 0.0735413 0.997292 -0
    outer loop
      vertex 4.29315 43.5891 68
      vertex 2.14916 43.7472 68.5
      vertex 4.29315 43.5891 68.5
    endloop
  endfacet
  facet normal 0.0735413 0.997292 0
    outer loop
      vertex 2.14916 43.7472 68.5
      vertex 4.29315 43.5891 68
      vertex 2.14916 43.7472 68
    endloop
  endfacet
  facet normal 0.449575 0.893243 -0
    outer loop
      vertex 20.6472 38.6282 68
      vertex 18.7269 39.5947 68.5
      vertex 20.6472 38.6282 68.5
    endloop
  endfacet
  facet normal 0.449575 0.893243 0
    outer loop
      vertex 18.7269 39.5947 68.5
      vertex 20.6472 38.6282 68
      vertex 18.7269 39.5947 68
    endloop
  endfacet
  facet normal 0.615222 0.788354 -0
    outer loop
      vertex 27.7864 33.8579 68
      vertex 26.0916 35.1805 68.5
      vertex 27.7864 33.8579 68.5
    endloop
  endfacet
  facet normal 0.615222 0.788354 0
    outer loop
      vertex 26.0916 35.1805 68.5
      vertex 27.7864 33.8579 68
      vertex 26.0916 35.1805 68
    endloop
  endfacet
  facet normal 0.575826 0.817572 -0
    outer loop
      vertex 26.0916 35.1805 68
      vertex 24.334 36.4184 68.5
      vertex 26.0916 35.1805 68.5
    endloop
  endfacet
  facet normal 0.575826 0.817572 0
    outer loop
      vertex 24.334 36.4184 68.5
      vertex 26.0916 35.1805 68
      vertex 24.334 36.4184 68
    endloop
  endfacet
  facet normal 0.653163 0.757217 -0
    outer loop
      vertex 29.4143 32.4537 68
      vertex 27.7864 33.8579 68.5
      vertex 29.4143 32.4537 68.5
    endloop
  endfacet
  facet normal 0.653163 0.757217 0
    outer loop
      vertex 27.7864 33.8579 68.5
      vertex 29.4143 32.4537 68
      vertex 27.7864 33.8579 68
    endloop
  endfacet
  facet normal -0.992477 0.122429 0
    outer loop
      vertex -43.5891 4.29315 68
      vertex -43.3259 6.42679 68.5
      vertex -43.3259 6.42679 68
    endloop
  endfacet
  facet normal -0.992477 0.122429 0
    outer loop
      vertex -43.3259 6.42679 68.5
      vertex -43.5891 4.29315 68
      vertex -43.5891 4.29315 68.5
    endloop
  endfacet
  facet normal -0.817572 0.575826 0
    outer loop
      vertex -36.4184 24.334 68
      vertex -35.1805 26.0916 68.5
      vertex -35.1805 26.0916 68
    endloop
  endfacet
  facet normal -0.817572 0.575826 0
    outer loop
      vertex -35.1805 26.0916 68.5
      vertex -36.4184 24.334 68
      vertex -36.4184 24.334 68.5
    endloop
  endfacet
  facet normal -0.844866 0.534978 0
    outer loop
      vertex -37.5685 22.5177 68
      vertex -36.4184 24.334 68.5
      vertex -36.4184 24.334 68
    endloop
  endfacet
  facet normal -0.844866 0.534978 0
    outer loop
      vertex -36.4184 24.334 68.5
      vertex -37.5685 22.5177 68
      vertex -37.5685 22.5177 68.5
    endloop
  endfacet
  facet normal -0.893243 0.449575 0
    outer loop
      vertex -39.5947 18.7269 68
      vertex -38.6282 20.6472 68.5
      vertex -38.6282 20.6472 68
    endloop
  endfacet
  facet normal -0.893243 0.449575 0
    outer loop
      vertex -38.6282 20.6472 68.5
      vertex -39.5947 18.7269 68
      vertex -39.5947 18.7269 68.5
    endloop
  endfacet
  facet normal -0.870072 0.492925 0
    outer loop
      vertex -38.6282 20.6472 68
      vertex -37.5685 22.5177 68.5
      vertex -37.5685 22.5177 68
    endloop
  endfacet
  facet normal -0.870072 0.492925 0
    outer loop
      vertex -37.5685 22.5177 68.5
      vertex -38.6282 20.6472 68
      vertex -38.6282 20.6472 68.5
    endloop
  endfacet
  facet normal -0.975704 0.219093 0
    outer loop
      vertex -42.9584 8.54496 68
      vertex -42.4874 10.6425 68.5
      vertex -42.4874 10.6425 68
    endloop
  endfacet
  facet normal -0.975704 0.219093 0
    outer loop
      vertex -42.4874 10.6425 68.5
      vertex -42.9584 8.54496 68
      vertex -42.9584 8.54496 68.5
    endloop
  endfacet
  facet normal -0.997292 0.0735413 0
    outer loop
      vertex -43.7472 2.14916 68
      vertex -43.5891 4.29315 68.5
      vertex -43.5891 4.29315 68
    endloop
  endfacet
  facet normal -0.997292 0.0735413 0
    outer loop
      vertex -43.5891 4.29315 68.5
      vertex -43.7472 2.14916 68
      vertex -43.7472 2.14916 68.5
    endloop
  endfacet
  facet normal 0 0 1
    outer loop
      vertex 43.7472 2.14916 68.5
      vertex 43.7472 -2.14916 68.5
      vertex 43.8 0 68.5
    endloop
  endfacet
  facet normal 0 0 1
    outer loop
      vertex 43.5891 4.29315 68.5
      vertex 43.7472 -2.14916 68.5
      vertex 43.7472 2.14916 68.5
    endloop
  endfacet
  facet normal 0 0 1
    outer loop
      vertex 43.5891 4.29315 68.5
      vertex 43.5891 -4.29315 68.5
      vertex 43.7472 -2.14916 68.5
    endloop
  endfacet
  facet normal 0 0 1
    outer loop
      vertex 43.3259 6.42679 68.5
      vertex 43.5891 -4.29315 68.5
      vertex 43.5891 4.29315 68.5
    endloop
  endfacet
  facet normal 0 0 1
    outer loop
      vertex 43.3259 6.42679 68.5
      vertex 43.3259 -6.42679 68.5
      vertex 43.5891 -4.29315 68.5
    endloop
  endfacet
  facet normal 0 0 1
    outer loop
      vertex 42.9584 8.54496 68.5
      vertex 43.3259 -6.42679 68.5
      vertex 43.3259 6.42679 68.5
    endloop
  endfacet
  facet normal 0 0 1
    outer loop
      vertex 42.9584 8.54496 68.5
      vertex 42.9584 -8.54496 68.5
      vertex 43.3259 -6.42679 68.5
    endloop
  endfacet
  facet normal 0 0 1
    outer loop
      vertex 42.4874 10.6425 68.5
      vertex 42.9584 -8.54496 68.5
      vertex 42.9584 8.54496 68.5
    endloop
  endfacet
  facet normal 0 0 1
    outer loop
      vertex 42.4874 10.6425 68.5
      vertex 42.4874 -10.6425 68.5
      vertex 42.9584 -8.54496 68.5
    endloop
  endfacet
  facet normal 0 0 1
    outer loop
      vertex 41.914 12.7145 68.5
      vertex 42.4874 -10.6425 68.5
      vertex 42.4874 10.6425 68.5
    endloop
  endfacet
  facet normal 0 0 1
    outer loop
      vertex 41.914 12.7145 68.5
      vertex 41.914 -12.7145 68.5
      vertex 42.4874 -10.6425 68.5
    endloop
  endfacet
  facet normal 0 0 1
    outer loop
      vertex 41.2396 14.7558 68.5
      vertex 41.914 -12.7145 68.5
      vertex 41.914 12.7145 68.5
    endloop
  endfacet
  facet normal 0 0 1
    outer loop
      vertex 41.2396 14.7558 68.5
      vertex 41.2396 -14.7558 68.5
      vertex 41.914 -12.7145 68.5
    endloop
  endfacet
  facet normal 0 0 1
    outer loop
      vertex 40.4659 16.7615 68.5
      vertex 41.2396 -14.7558 68.5
      vertex 41.2396 14.7558 68.5
    endloop
  endfacet
  facet normal 0 0 1
    outer loop
      vertex 40.4659 16.7615 68.5
      vertex 40.4659 -16.7615 68.5
      vertex 41.2396 -14.7558 68.5
    endloop
  endfacet
  facet normal 0 0 1
    outer loop
      vertex 39.5947 18.7269 68.5
      vertex 40.4659 -16.7615 68.5
      vertex 40.4659 16.7615 68.5
    endloop
  endfacet
  facet normal 0 0 1
    outer loop
      vertex 39.5947 18.7269 68.5
      vertex 39.5947 -18.7269 68.5
      vertex 40.4659 -16.7615 68.5
    endloop
  endfacet
  facet normal 0 0 1
    outer loop
      vertex 38.6282 20.6472 68.5
      vertex 39.5947 -18.7269 68.5
      vertex 39.5947 18.7269 68.5
    endloop
  endfacet
  facet normal 0 0 1
    outer loop
      vertex 38.6282 20.6472 68.5
      vertex 38.6282 -20.6472 68.5
      vertex 39.5947 -18.7269 68.5
    endloop
  endfacet
  facet normal 0 0 1
    outer loop
      vertex 37.5685 22.5177 68.5
      vertex 38.6282 -20.6472 68.5
      vertex 38.6282 20.6472 68.5
    endloop
  endfacet
  facet normal 0 0 1
    outer loop
      vertex 37.5685 22.5177 68.5
      vertex 37.5685 -22.5177 68.5
      vertex 38.6282 -20.6472 68.5
    endloop
  endfacet
  facet normal 0 0 1
    outer loop
      vertex 36.4184 24.334 68.5
      vertex 37.5685 -22.5177 68.5
      vertex 37.5685 22.5177 68.5
    endloop
  endfacet
  facet normal 0 0 1
    outer loop
      vertex 36.4184 24.334 68.5
      vertex 36.4184 -24.334 68.5
      vertex 37.5685 -22.5177 68.5
    endloop
  endfacet
  facet normal 0 0 1
    outer loop
      vertex 35.1805 26.0916 68.5
      vertex 36.4184 -24.334 68.5
      vertex 36.4184 24.334 68.5
    endloop
  endfacet
  facet normal 0 0 1
    outer loop
      vertex 35.1805 26.0916 68.5
      vertex 35.1805 -26.0916 68.5
      vertex 36.4184 -24.334 68.5
    endloop
  endfacet
  facet normal 0 0 1
    outer loop
      vertex 33.8579 27.7864 68.5
      vertex 35.1805 -26.0916 68.5
      vertex 35.1805 26.0916 68.5
    endloop
  endfacet
  facet normal 0 0 1
    outer loop
      vertex 33.8579 27.7864 68.5
      vertex 33.8579 -27.7864 68.5
      vertex 35.1805 -26.0916 68.5
    endloop
  endfacet
  facet normal 0 0 1
    outer loop
      vertex 32.4537 29.4143 68.5
      vertex 33.8579 -27.7864 68.5
      vertex 33.8579 27.7864 68.5
    endloop
  endfacet
  facet normal 0 0 1
    outer loop
      vertex 32.4537 29.4143 68.5
      vertex 32.4537 -29.4143 68.5
      vertex 33.8579 -27.7864 68.5
    endloop
  endfacet
  facet normal 0 0 1
    outer loop
      vertex 30.9713 30.9713 68.5
      vertex 32.4537 -29.4143 68.5
      vertex 32.4537 29.4143 68.5
    endloop
  endfacet
  facet normal 0 0 1
    outer loop
      vertex 30.9713 30.9713 68.5
      vertex 30.9713 -30.9713 68.5
      vertex 32.4537 -29.4143 68.5
    endloop
  endfacet
  facet normal 0 0 1
    outer loop
      vertex 29.4143 32.4537 68.5
      vertex 30.9713 -30.9713 68.5
      vertex 30.9713 30.9713 68.5
    endloop
  endfacet
  facet normal 0 0 1
    outer loop
      vertex 29.4143 32.4537 68.5
      vertex 29.4143 -32.4537 68.5
      vertex 30.9713 -30.9713 68.5
    endloop
  endfacet
  facet normal 0 0 1
    outer loop
      vertex 27.7864 33.8579 68.5
      vertex 29.4143 -32.4537 68.5
      vertex 29.4143 32.4537 68.5
    endloop
  endfacet
  facet normal 0 0 1
    outer loop
      vertex 27.7864 33.8579 68.5
      vertex 27.7864 -33.8579 68.5
      vertex 29.4143 -32.4537 68.5
    endloop
  endfacet
  facet normal 0 0 1
    outer loop
      vertex 26.0916 35.1805 68.5
      vertex 27.7864 -33.8579 68.5
      vertex 27.7864 33.8579 68.5
    endloop
  endfacet
  facet normal 0 0 1
    outer loop
      vertex 26.0916 35.1805 68.5
      vertex 26.0916 -35.1805 68.5
      vertex 27.7864 -33.8579 68.5
    endloop
  endfacet
  facet normal 0 0 1
    outer loop
      vertex 24.334 36.4184 68.5
      vertex 26.0916 -35.1805 68.5
      vertex 26.0916 35.1805 68.5
    endloop
  endfacet
  facet normal 0 0 1
    outer loop
      vertex 24.334 36.4184 68.5
      vertex 24.334 -36.4184 68.5
      vertex 26.0916 -35.1805 68.5
    endloop
  endfacet
  facet normal 0 0 1
    outer loop
      vertex 22.5177 37.5685 68.5
      vertex 24.334 -36.4184 68.5
      vertex 24.334 36.4184 68.5
    endloop
  endfacet
  facet normal 0 0 1
    outer loop
      vertex 22.5177 37.5685 68.5
      vertex 22.5177 -37.5685 68.5
      vertex 24.334 -36.4184 68.5
    endloop
  endfacet
  facet normal 0 0 1
    outer loop
      vertex 20.6472 38.6282 68.5
      vertex 22.5177 -37.5685 68.5
      vertex 22.5177 37.5685 68.5
    endloop
  endfacet
  facet normal 0 0 1
    outer loop
      vertex 20.6472 38.6282 68.5
      vertex 20.6472 -38.6282 68.5
      vertex 22.5177 -37.5685 68.5
    endloop
  endfacet
  facet normal 0 0 1
    outer loop
      vertex 18.7269 39.5947 68.5
      vertex 20.6472 -38.6282 68.5
      vertex 20.6472 38.6282 68.5
    endloop
  endfacet
  facet normal 0 0 1
    outer loop
      vertex 18.7269 39.5947 68.5
      vertex 18.7269 -39.5947 68.5
      vertex 20.6472 -38.6282 68.5
    endloop
  endfacet
  facet normal 0 0 1
    outer loop
      vertex 16.7615 40.4659 68.5
      vertex 18.7269 -39.5947 68.5
      vertex 18.7269 39.5947 68.5
    endloop
  endfacet
  facet normal 0 0 1
    outer loop
      vertex 16.7615 40.4659 68.5
      vertex 16.7615 -40.4659 68.5
      vertex 18.7269 -39.5947 68.5
    endloop
  endfacet
  facet normal 0 0 1
    outer loop
      vertex 14.7558 41.2396 68.5
      vertex 16.7615 -40.4659 68.5
      vertex 16.7615 40.4659 68.5
    endloop
  endfacet
  facet normal 0 0 1
    outer loop
      vertex 14.7558 41.2396 68.5
      vertex 14.7558 -41.2396 68.5
      vertex 16.7615 -40.4659 68.5
    endloop
  endfacet
  facet normal 0 0 1
    outer loop
      vertex 12.7145 41.914 68.5
      vertex 14.7558 -41.2396 68.5
      vertex 14.7558 41.2396 68.5
    endloop
  endfacet
  facet normal 0 0 1
    outer loop
      vertex 12.7145 41.914 68.5
      vertex 12.7145 -41.914 68.5
      vertex 14.7558 -41.2396 68.5
    endloop
  endfacet
  facet normal 0 0 1
    outer loop
      vertex 10.6425 42.4874 68.5
      vertex 12.7145 -41.914 68.5
      vertex 12.7145 41.914 68.5
    endloop
  endfacet
  facet normal 0 0 1
    outer loop
      vertex 10.6425 42.4874 68.5
      vertex 10.6425 -42.4874 68.5
      vertex 12.7145 -41.914 68.5
    endloop
  endfacet
  facet normal 0 0 1
    outer loop
      vertex 8.54496 42.9584 68.5
      vertex 10.6425 -42.4874 68.5
      vertex 10.6425 42.4874 68.5
    endloop
  endfacet
  facet normal 0 0 1
    outer loop
      vertex 8.54496 42.9584 68.5
      vertex 8.54496 -42.9584 68.5
      vertex 10.6425 -42.4874 68.5
    endloop
  endfacet
  facet normal 0 0 1
    outer loop
      vertex 6.42679 43.3259 68.5
      vertex 8.54496 -42.9584 68.5
      vertex 8.54496 42.9584 68.5
    endloop
  endfacet
  facet normal 0 0 1
    outer loop
      vertex 6.42679 43.3259 68.5
      vertex 6.42679 -43.3259 68.5
      vertex 8.54496 -42.9584 68.5
    endloop
  endfacet
  facet normal 0 0 1
    outer loop
      vertex 4.29315 43.5891 68.5
      vertex 6.42679 -43.3259 68.5
      vertex 6.42679 43.3259 68.5
    endloop
  endfacet
  facet normal 0 0 1
    outer loop
      vertex 4.29315 43.5891 68.5
      vertex 4.29315 -43.5891 68.5
      vertex 6.42679 -43.3259 68.5
    endloop
  endfacet
  facet normal 0 0 1
    outer loop
      vertex 2.14916 43.7472 68.5
      vertex 4.29315 -43.5891 68.5
      vertex 4.29315 43.5891 68.5
    endloop
  endfacet
  facet normal 0 0 1
    outer loop
      vertex 2.14916 43.7472 68.5
      vertex 2.14916 -43.7472 68.5
      vertex 4.29315 -43.5891 68.5
    endloop
  endfacet
  facet normal 0 0 1
    outer loop
      vertex 0 43.8 68.5
      vertex 2.14916 -43.7472 68.5
      vertex 2.14916 43.7472 68.5
    endloop
  endfacet
  facet normal 0 0 1
    outer loop
      vertex 0 43.8 68.5
      vertex 0 -43.8 68.5
      vertex 2.14916 -43.7472 68.5
    endloop
  endfacet
  facet normal -0 0 1
    outer loop
      vertex -2.14916 43.7472 68.5
      vertex 0 -43.8 68.5
      vertex 0 43.8 68.5
    endloop
  endfacet
  facet normal 0 0 1
    outer loop
      vertex -2.14916 43.7472 68.5
      vertex -2.14916 -43.7472 68.5
      vertex 0 -43.8 68.5
    endloop
  endfacet
  facet normal -0 0 1
    outer loop
      vertex -4.29315 43.5891 68.5
      vertex -2.14916 -43.7472 68.5
      vertex -2.14916 43.7472 68.5
    endloop
  endfacet
  facet normal 0 0 1
    outer loop
      vertex -4.29315 43.5891 68.5
      vertex -4.29315 -43.5891 68.5
      vertex -2.14916 -43.7472 68.5
    endloop
  endfacet
  facet normal -0 0 1
    outer loop
      vertex -6.42679 43.3259 68.5
      vertex -4.29315 -43.5891 68.5
      vertex -4.29315 43.5891 68.5
    endloop
  endfacet
  facet normal 0 0 1
    outer loop
      vertex -6.42679 43.3259 68.5
      vertex -6.42679 -43.3259 68.5
      vertex -4.29315 -43.5891 68.5
    endloop
  endfacet
  facet normal -0 0 1
    outer loop
      vertex -8.54496 42.9584 68.5
      vertex -6.42679 -43.3259 68.5
      vertex -6.42679 43.3259 68.5
    endloop
  endfacet
  facet normal 0 0 1
    outer loop
      vertex -8.54496 42.9584 68.5
      vertex -8.54496 -42.9584 68.5
      vertex -6.42679 -43.3259 68.5
    endloop
  endfacet
  facet normal -0 0 1
    outer loop
      vertex -10.6425 42.4874 68.5
      vertex -8.54496 -42.9584 68.5
      vertex -8.54496 42.9584 68.5
    endloop
  endfacet
  facet normal 0 0 1
    outer loop
      vertex -10.6425 42.4874 68.5
      vertex -10.6425 -42.4874 68.5
      vertex -8.54496 -42.9584 68.5
    endloop
  endfacet
  facet normal -0 0 1
    outer loop
      vertex -12.7145 41.914 68.5
      vertex -10.6425 -42.4874 68.5
      vertex -10.6425 42.4874 68.5
    endloop
  endfacet
  facet normal 0 0 1
    outer loop
      vertex -12.7145 41.914 68.5
      vertex -12.7145 -41.914 68.5
      vertex -10.6425 -42.4874 68.5
    endloop
  endfacet
  facet normal -0 0 1
    outer loop
      vertex -14.7558 41.2396 68.5
      vertex -12.7145 -41.914 68.5
      vertex -12.7145 41.914 68.5
    endloop
  endfacet
  facet normal 0 0 1
    outer loop
      vertex -14.7558 41.2396 68.5
      vertex -14.7558 -41.2396 68.5
      vertex -12.7145 -41.914 68.5
    endloop
  endfacet
  facet normal -0 0 1
    outer loop
      vertex -16.7615 40.4659 68.5
      vertex -14.7558 -41.2396 68.5
      vertex -14.7558 41.2396 68.5
    endloop
  endfacet
  facet normal 0 0 1
    outer loop
      vertex -16.7615 40.4659 68.5
      vertex -16.7615 -40.4659 68.5
      vertex -14.7558 -41.2396 68.5
    endloop
  endfacet
  facet normal -0 0 1
    outer loop
      vertex -18.7269 39.5947 68.5
      vertex -16.7615 -40.4659 68.5
      vertex -16.7615 40.4659 68.5
    endloop
  endfacet
  facet normal 0 0 1
    outer loop
      vertex -18.7269 39.5947 68.5
      vertex -18.7269 -39.5947 68.5
      vertex -16.7615 -40.4659 68.5
    endloop
  endfacet
  facet normal -0 0 1
    outer loop
      vertex -20.6472 38.6282 68.5
      vertex -18.7269 -39.5947 68.5
      vertex -18.7269 39.5947 68.5
    endloop
  endfacet
  facet normal 0 0 1
    outer loop
      vertex -20.6472 38.6282 68.5
      vertex -20.6472 -38.6282 68.5
      vertex -18.7269 -39.5947 68.5
    endloop
  endfacet
  facet normal -0 0 1
    outer loop
      vertex -22.5177 37.5685 68.5
      vertex -20.6472 -38.6282 68.5
      vertex -20.6472 38.6282 68.5
    endloop
  endfacet
  facet normal 0 0 1
    outer loop
      vertex -22.5177 37.5685 68.5
      vertex -22.5177 -37.5685 68.5
      vertex -20.6472 -38.6282 68.5
    endloop
  endfacet
  facet normal -0 0 1
    outer loop
      vertex -24.334 36.4184 68.5
      vertex -22.5177 -37.5685 68.5
      vertex -22.5177 37.5685 68.5
    endloop
  endfacet
  facet normal 0 0 1
    outer loop
      vertex -24.334 36.4184 68.5
      vertex -24.334 -36.4184 68.5
      vertex -22.5177 -37.5685 68.5
    endloop
  endfacet
  facet normal -0 0 1
    outer loop
      vertex -26.0916 35.1805 68.5
      vertex -24.334 -36.4184 68.5
      vertex -24.334 36.4184 68.5
    endloop
  endfacet
  facet normal 0 0 1
    outer loop
      vertex -26.0916 35.1805 68.5
      vertex -26.0916 -35.1805 68.5
      vertex -24.334 -36.4184 68.5
    endloop
  endfacet
  facet normal -0 0 1
    outer loop
      vertex -27.7864 33.8579 68.5
      vertex -26.0916 -35.1805 68.5
      vertex -26.0916 35.1805 68.5
    endloop
  endfacet
  facet normal 0 0 1
    outer loop
      vertex -27.7864 33.8579 68.5
      vertex -27.7864 -33.8579 68.5
      vertex -26.0916 -35.1805 68.5
    endloop
  endfacet
  facet normal -0 0 1
    outer loop
      vertex -29.4143 32.4537 68.5
      vertex -27.7864 -33.8579 68.5
      vertex -27.7864 33.8579 68.5
    endloop
  endfacet
  facet normal 0 0 1
    outer loop
      vertex -29.4143 32.4537 68.5
      vertex -29.4143 -32.4537 68.5
      vertex -27.7864 -33.8579 68.5
    endloop
  endfacet
  facet normal -0 0 1
    outer loop
      vertex -30.9713 30.9713 68.5
      vertex -29.4143 -32.4537 68.5
      vertex -29.4143 32.4537 68.5
    endloop
  endfacet
  facet normal 0 0 1
    outer loop
      vertex -30.9713 30.9713 68.5
      vertex -30.9713 -30.9713 68.5
      vertex -29.4143 -32.4537 68.5
    endloop
  endfacet
  facet normal -0 0 1
    outer loop
      vertex -32.4537 29.4143 68.5
      vertex -30.9713 -30.9713 68.5
      vertex -30.9713 30.9713 68.5
    endloop
  endfacet
  facet normal 0 0 1
    outer loop
      vertex -32.4537 29.4143 68.5
      vertex -32.4537 -29.4143 68.5
      vertex -30.9713 -30.9713 68.5
    endloop
  endfacet
  facet normal -0 0 1
    outer loop
      vertex -33.8579 27.7864 68.5
      vertex -32.4537 -29.4143 68.5
      vertex -32.4537 29.4143 68.5
    endloop
  endfacet
  facet normal 0 0 1
    outer loop
      vertex -33.8579 27.7864 68.5
      vertex -33.8579 -27.7864 68.5
      vertex -32.4537 -29.4143 68.5
    endloop
  endfacet
  facet normal -0 0 1
    outer loop
      vertex -35.1805 26.0916 68.5
      vertex -33.8579 -27.7864 68.5
      vertex -33.8579 27.7864 68.5
    endloop
  endfacet
  facet normal 0 0 1
    outer loop
      vertex -35.1805 26.0916 68.5
      vertex -35.1805 -26.0916 68.5
      vertex -33.8579 -27.7864 68.5
    endloop
  endfacet
  facet normal -0 0 1
    outer loop
      vertex -36.4184 24.334 68.5
      vertex -35.1805 -26.0916 68.5
      vertex -35.1805 26.0916 68.5
    endloop
  endfacet
  facet normal 0 0 1
    outer loop
      vertex -36.4184 24.334 68.5
      vertex -36.4184 -24.334 68.5
      vertex -35.1805 -26.0916 68.5
    endloop
  endfacet
  facet normal -0 0 1
    outer loop
      vertex -37.5685 22.5177 68.5
      vertex -36.4184 -24.334 68.5
      vertex -36.4184 24.334 68.5
    endloop
  endfacet
  facet normal 0 0 1
    outer loop
      vertex -37.5685 22.5177 68.5
      vertex -37.5685 -22.5177 68.5
      vertex -36.4184 -24.334 68.5
    endloop
  endfacet
  facet normal -0 0 1
    outer loop
      vertex -38.6282 20.6472 68.5
      vertex -37.5685 -22.5177 68.5
      vertex -37.5685 22.5177 68.5
    endloop
  endfacet
  facet normal 0 0 1
    outer loop
      vertex -38.6282 20.6472 68.5
      vertex -38.6282 -20.6472 68.5
      vertex -37.5685 -22.5177 68.5
    endloop
  endfacet
  facet normal -0 0 1
    outer loop
      vertex -39.5947 18.7269 68.5
      vertex -38.6282 -20.6472 68.5
      vertex -38.6282 20.6472 68.5
    endloop
  endfacet
  facet normal 0 0 1
    outer loop
      vertex -39.5947 18.7269 68.5
      vertex -39.5947 -18.7269 68.5
      vertex -38.6282 -20.6472 68.5
    endloop
  endfacet
  facet normal -0 0 1
    outer loop
      vertex -40.4659 16.7615 68.5
      vertex -39.5947 -18.7269 68.5
      vertex -39.5947 18.7269 68.5
    endloop
  endfacet
  facet normal 0 0 1
    outer loop
      vertex -40.4659 16.7615 68.5
      vertex -40.4659 -16.7615 68.5
      vertex -39.5947 -18.7269 68.5
    endloop
  endfacet
  facet normal -0 0 1
    outer loop
      vertex -41.2396 14.7558 68.5
      vertex -40.4659 -16.7615 68.5
      vertex -40.4659 16.7615 68.5
    endloop
  endfacet
  facet normal 0 0 1
    outer loop
      vertex -41.2396 14.7558 68.5
      vertex -41.2396 -14.7558 68.5
      vertex -40.4659 -16.7615 68.5
    endloop
  endfacet
  facet normal -0 0 1
    outer loop
      vertex -41.914 12.7145 68.5
      vertex -41.2396 -14.7558 68.5
      vertex -41.2396 14.7558 68.5
    endloop
  endfacet
  facet normal 0 0 1
    outer loop
      vertex -41.914 12.7145 68.5
      vertex -41.914 -12.7145 68.5
      vertex -41.2396 -14.7558 68.5
    endloop
  endfacet
  facet normal -0 0 1
    outer loop
      vertex -42.4874 10.6425 68.5
      vertex -41.914 -12.7145 68.5
      vertex -41.914 12.7145 68.5
    endloop
  endfacet
  facet normal 0 0 1
    outer loop
      vertex -42.4874 10.6425 68.5
      vertex -42.4874 -10.6425 68.5
      vertex -41.914 -12.7145 68.5
    endloop
  endfacet
  facet normal -0 0 1
    outer loop
      vertex -42.9584 8.54496 68.5
      vertex -42.4874 -10.6425 68.5
      vertex -42.4874 10.6425 68.5
    endloop
  endfacet
  facet normal 0 0 1
    outer loop
      vertex -42.9584 8.54496 68.5
      vertex -42.9584 -8.54496 68.5
      vertex -42.4874 -10.6425 68.5
    endloop
  endfacet
  facet normal -0 0 1
    outer loop
      vertex -43.3259 6.42679 68.5
      vertex -42.9584 -8.54496 68.5
      vertex -42.9584 8.54496 68.5
    endloop
  endfacet
  facet normal 0 0 1
    outer loop
      vertex -43.3259 6.42679 68.5
      vertex -43.3259 -6.42679 68.5
      vertex -42.9584 -8.54496 68.5
    endloop
  endfacet
  facet normal -0 0 1
    outer loop
      vertex -43.5891 4.29315 68.5
      vertex -43.3259 -6.42679 68.5
      vertex -43.3259 6.42679 68.5
    endloop
  endfacet
  facet normal 0 0 1
    outer loop
      vertex -43.5891 4.29315 68.5
      vertex -43.5891 -4.29315 68.5
      vertex -43.3259 -6.42679 68.5
    endloop
  endfacet
  facet normal -0 0 1
    outer loop
      vertex -43.7472 2.14916 68.5
      vertex -43.5891 -4.29315 68.5
      vertex -43.5891 4.29315 68.5
    endloop
  endfacet
  facet normal 0 0 1
    outer loop
      vertex -43.7472 2.14916 68.5
      vertex -43.7472 -2.14916 68.5
      vertex -43.5891 -4.29315 68.5
    endloop
  endfacet
  facet normal 0 -0 1
    outer loop
      vertex -43.7472 -2.14916 68.5
      vertex -43.7472 2.14916 68.5
      vertex -43.8 0 68.5
    endloop
  endfacet
  facet normal -0.534978 0.844866 0
    outer loop
      vertex -22.5177 37.5685 68
      vertex -24.334 36.4184 68.5
      vertex -22.5177 37.5685 68.5
    endloop
  endfacet
  facet normal -0.534978 0.844866 0
    outer loop
      vertex -24.334 36.4184 68.5
      vertex -22.5177 37.5685 68
      vertex -24.334 36.4184 68
    endloop
  endfacet
  facet normal -0.615222 0.788354 0
    outer loop
      vertex -26.0916 35.1805 68
      vertex -27.7864 33.8579 68.5
      vertex -26.0916 35.1805 68.5
    endloop
  endfacet
  facet normal -0.615222 0.788354 0
    outer loop
      vertex -27.7864 33.8579 68.5
      vertex -26.0916 35.1805 68
      vertex -27.7864 33.8579 68
    endloop
  endfacet
  facet normal -0.266713 0.963776 0
    outer loop
      vertex -10.6425 42.4874 68
      vertex -12.7145 41.914 68.5
      vertex -10.6425 42.4874 68.5
    endloop
  endfacet
  facet normal -0.266713 0.963776 0
    outer loop
      vertex -12.7145 41.914 68.5
      vertex -10.6425 42.4874 68
      vertex -12.7145 41.914 68
    endloop
  endfacet
  facet normal -0.0245603 0.999698 0
    outer loop
      vertex 0 43.8 68
      vertex -2.14916 43.7472 68.5
      vertex 0 43.8 68.5
    endloop
  endfacet
  facet normal -0.0245603 0.999698 0
    outer loop
      vertex -2.14916 43.7472 68.5
      vertex 0 43.8 68
      vertex -2.14916 43.7472 68
    endloop
  endfacet
  facet normal 0.999698 -0.0245603 0
    outer loop
      vertex 43.7472 -2.14916 68.5
      vertex 43.8 0 68
      vertex 43.8 0 68.5
    endloop
  endfacet
  facet normal 0.999698 -0.0245603 0
    outer loop
      vertex 43.8 0 68
      vertex 43.7472 -2.14916 68.5
      vertex 43.7472 -2.14916 68
    endloop
  endfacet
  facet normal 0.0245603 -0.999698 0
    outer loop
      vertex 0 -43.8 68
      vertex 2.14916 -43.7472 68.5
      vertex 0 -43.8 68.5
    endloop
  endfacet
  facet normal 0.0245603 -0.999698 0
    outer loop
      vertex 2.14916 -43.7472 68.5
      vertex 0 -43.8 68
      vertex 2.14916 -43.7472 68
    endloop
  endfacet
  facet normal 0.219093 -0.975704 0
    outer loop
      vertex 8.54496 -42.9584 68
      vertex 10.6425 -42.4874 68.5
      vertex 8.54496 -42.9584 68.5
    endloop
  endfacet
  facet normal 0.219093 -0.975704 0
    outer loop
      vertex 10.6425 -42.4874 68.5
      vertex 8.54496 -42.9584 68
      vertex 10.6425 -42.4874 68
    endloop
  endfacet
  facet normal 0.313701 -0.949522 0
    outer loop
      vertex 12.7145 -41.914 68
      vertex 14.7558 -41.2396 68.5
      vertex 12.7145 -41.914 68.5
    endloop
  endfacet
  facet normal 0.313701 -0.949522 0
    outer loop
      vertex 14.7558 -41.2396 68.5
      vertex 12.7145 -41.914 68
      vertex 14.7558 -41.2396 68
    endloop
  endfacet
  facet normal 0.266713 -0.963776 0
    outer loop
      vertex 10.6425 -42.4874 68
      vertex 12.7145 -41.914 68.5
      vertex 10.6425 -42.4874 68.5
    endloop
  endfacet
  facet normal 0.266713 -0.963776 0
    outer loop
      vertex 12.7145 -41.914 68.5
      vertex 10.6425 -42.4874 68
      vertex 12.7145 -41.914 68
    endloop
  endfacet
  facet normal 0.615222 -0.788354 0
    outer loop
      vertex 26.0916 -35.1805 68
      vertex 27.7864 -33.8579 68.5
      vertex 26.0916 -35.1805 68.5
    endloop
  endfacet
  facet normal 0.615222 -0.788354 0
    outer loop
      vertex 27.7864 -33.8579 68.5
      vertex 26.0916 -35.1805 68
      vertex 27.7864 -33.8579 68
    endloop
  endfacet
  facet normal 0.689544 -0.724244 0
    outer loop
      vertex 29.4143 -32.4537 68
      vertex 30.9713 -30.9713 68.5
      vertex 29.4143 -32.4537 68.5
    endloop
  endfacet
  facet normal 0.689544 -0.724244 0
    outer loop
      vertex 30.9713 -30.9713 68.5
      vertex 29.4143 -32.4537 68
      vertex 30.9713 -30.9713 68
    endloop
  endfacet
  facet normal 0.534978 -0.844866 0
    outer loop
      vertex 22.5177 -37.5685 68
      vertex 24.334 -36.4184 68.5
      vertex 22.5177 -37.5685 68.5
    endloop
  endfacet
  facet normal 0.534978 -0.844866 0
    outer loop
      vertex 24.334 -36.4184 68.5
      vertex 22.5177 -37.5685 68
      vertex 24.334 -36.4184 68
    endloop
  endfacet
  facet normal 0.757217 -0.653163 0
    outer loop
      vertex 32.4537 -29.4143 68.5
      vertex 33.8579 -27.7864 68
      vertex 33.8579 -27.7864 68.5
    endloop
  endfacet
  facet normal 0.757217 -0.653163 0
    outer loop
      vertex 33.8579 -27.7864 68
      vertex 32.4537 -29.4143 68.5
      vertex 32.4537 -29.4143 68
    endloop
  endfacet
  facet normal 0.817572 -0.575826 0
    outer loop
      vertex 35.1805 -26.0916 68.5
      vertex 36.4184 -24.334 68
      vertex 36.4184 -24.334 68.5
    endloop
  endfacet
  facet normal 0.817572 -0.575826 0
    outer loop
      vertex 36.4184 -24.334 68
      vertex 35.1805 -26.0916 68.5
      vertex 35.1805 -26.0916 68
    endloop
  endfacet
  facet normal 0.91421 -0.405241 0
    outer loop
      vertex 39.5947 -18.7269 68.5
      vertex 40.4659 -16.7615 68
      vertex 40.4659 -16.7615 68.5
    endloop
  endfacet
  facet normal 0.91421 -0.405241 0
    outer loop
      vertex 40.4659 -16.7615 68
      vertex 39.5947 -18.7269 68.5
      vertex 39.5947 -18.7269 68
    endloop
  endfacet
  facet normal 0.870072 -0.492925 0
    outer loop
      vertex 37.5685 -22.5177 68.5
      vertex 38.6282 -20.6472 68
      vertex 38.6282 -20.6472 68.5
    endloop
  endfacet
  facet normal 0.870072 -0.492925 0
    outer loop
      vertex 38.6282 -20.6472 68
      vertex 37.5685 -22.5177 68.5
      vertex 37.5685 -22.5177 68
    endloop
  endfacet
  facet normal 0.949522 -0.313701 0
    outer loop
      vertex 41.2396 -14.7558 68.5
      vertex 41.914 -12.7145 68
      vertex 41.914 -12.7145 68.5
    endloop
  endfacet
  facet normal 0.949522 -0.313701 0
    outer loop
      vertex 41.914 -12.7145 68
      vertex 41.2396 -14.7558 68.5
      vertex 41.2396 -14.7558 68
    endloop
  endfacet
  facet normal 0.975704 -0.219093 0
    outer loop
      vertex 42.4874 -10.6425 68.5
      vertex 42.9584 -8.54496 68
      vertex 42.9584 -8.54496 68.5
    endloop
  endfacet
  facet normal 0.975704 -0.219093 0
    outer loop
      vertex 42.9584 -8.54496 68
      vertex 42.4874 -10.6425 68.5
      vertex 42.4874 -10.6425 68
    endloop
  endfacet
  facet normal -0.689544 -0.724244 0
    outer loop
      vertex -30.9713 -30.9713 68
      vertex -29.4143 -32.4537 68.5
      vertex -30.9713 -30.9713 68.5
    endloop
  endfacet
  facet normal -0.689544 -0.724244 -0
    outer loop
      vertex -29.4143 -32.4537 68.5
      vertex -30.9713 -30.9713 68
      vertex -29.4143 -32.4537 68
    endloop
  endfacet
  facet normal -0.615222 -0.788354 0
    outer loop
      vertex -27.7864 -33.8579 68
      vertex -26.0916 -35.1805 68.5
      vertex -27.7864 -33.8579 68.5
    endloop
  endfacet
  facet normal -0.615222 -0.788354 -0
    outer loop
      vertex -26.0916 -35.1805 68.5
      vertex -27.7864 -33.8579 68
      vertex -26.0916 -35.1805 68
    endloop
  endfacet
  facet normal -0.449575 -0.893243 0
    outer loop
      vertex -20.6472 -38.6282 68
      vertex -18.7269 -39.5947 68.5
      vertex -20.6472 -38.6282 68.5
    endloop
  endfacet
  facet normal -0.449575 -0.893243 -0
    outer loop
      vertex -18.7269 -39.5947 68.5
      vertex -20.6472 -38.6282 68
      vertex -18.7269 -39.5947 68
    endloop
  endfacet
  facet normal -0.534978 -0.844866 0
    outer loop
      vertex -24.334 -36.4184 68
      vertex -22.5177 -37.5685 68.5
      vertex -24.334 -36.4184 68.5
    endloop
  endfacet
  facet normal -0.534978 -0.844866 -0
    outer loop
      vertex -22.5177 -37.5685 68.5
      vertex -24.334 -36.4184 68
      vertex -22.5177 -37.5685 68
    endloop
  endfacet
  facet normal -0.359902 -0.93299 0
    outer loop
      vertex -16.7615 -40.4659 68
      vertex -14.7558 -41.2396 68.5
      vertex -16.7615 -40.4659 68.5
    endloop
  endfacet
  facet normal -0.359902 -0.93299 -0
    outer loop
      vertex -14.7558 -41.2396 68.5
      vertex -16.7615 -40.4659 68
      vertex -14.7558 -41.2396 68
    endloop
  endfacet
  facet normal -0.266713 -0.963776 0
    outer loop
      vertex -12.7145 -41.914 68
      vertex -10.6425 -42.4874 68.5
      vertex -12.7145 -41.914 68.5
    endloop
  endfacet
  facet normal -0.266713 -0.963776 -0
    outer loop
      vertex -10.6425 -42.4874 68.5
      vertex -12.7145 -41.914 68
      vertex -10.6425 -42.4874 68
    endloop
  endfacet
  facet normal -0.0735413 -0.997292 0
    outer loop
      vertex -4.29315 -43.5891 68
      vertex -2.14916 -43.7472 68.5
      vertex -4.29315 -43.5891 68.5
    endloop
  endfacet
  facet normal -0.0735413 -0.997292 -0
    outer loop
      vertex -2.14916 -43.7472 68.5
      vertex -4.29315 -43.5891 68
      vertex -2.14916 -43.7472 68
    endloop
  endfacet
  facet normal -0.91421 -0.405241 0
    outer loop
      vertex -39.5947 -18.7269 68
      vertex -40.4659 -16.7615 68.5
      vertex -40.4659 -16.7615 68
    endloop
  endfacet
  facet normal -0.91421 -0.405241 0
    outer loop
      vertex -40.4659 -16.7615 68.5
      vertex -39.5947 -18.7269 68
      vertex -39.5947 -18.7269 68.5
    endloop
  endfacet
  facet normal -0.870072 -0.492925 0
    outer loop
      vertex -37.5685 -22.5177 68
      vertex -38.6282 -20.6472 68.5
      vertex -38.6282 -20.6472 68
    endloop
  endfacet
  facet normal -0.870072 -0.492925 0
    outer loop
      vertex -38.6282 -20.6472 68.5
      vertex -37.5685 -22.5177 68
      vertex -37.5685 -22.5177 68.5
    endloop
  endfacet
  facet normal -0.817572 -0.575826 0
    outer loop
      vertex -35.1805 -26.0916 68
      vertex -36.4184 -24.334 68.5
      vertex -36.4184 -24.334 68
    endloop
  endfacet
  facet normal -0.817572 -0.575826 0
    outer loop
      vertex -36.4184 -24.334 68.5
      vertex -35.1805 -26.0916 68
      vertex -35.1805 -26.0916 68.5
    endloop
  endfacet
  facet normal -0.93299 -0.359902 0
    outer loop
      vertex -40.4659 -16.7615 68
      vertex -41.2396 -14.7558 68.5
      vertex -41.2396 -14.7558 68
    endloop
  endfacet
  facet normal -0.93299 -0.359902 0
    outer loop
      vertex -41.2396 -14.7558 68.5
      vertex -40.4659 -16.7615 68
      vertex -40.4659 -16.7615 68.5
    endloop
  endfacet
  facet normal -0.975704 -0.219093 0
    outer loop
      vertex -42.4874 -10.6425 68
      vertex -42.9584 -8.54496 68.5
      vertex -42.9584 -8.54496 68
    endloop
  endfacet
  facet normal -0.975704 -0.219093 0
    outer loop
      vertex -42.9584 -8.54496 68.5
      vertex -42.4874 -10.6425 68
      vertex -42.4874 -10.6425 68.5
    endloop
  endfacet
  facet normal -0.999698 -0.0245603 0
    outer loop
      vertex -43.7472 -2.14916 68
      vertex -43.8 0 68.5
      vertex -43.8 0 68
    endloop
  endfacet
  facet normal -0.999698 -0.0245603 0
    outer loop
      vertex -43.8 0 68.5
      vertex -43.7472 -2.14916 68
      vertex -43.7472 -2.14916 68.5
    endloop
  endfacet
  facet normal 0.93299 0.359902 0
    outer loop
      vertex 41.2396 14.7558 68.5
      vertex 40.4659 16.7615 68
      vertex 40.4659 16.7615 68.5
    endloop
  endfacet
  facet normal 0.93299 0.359902 0
    outer loop
      vertex 40.4659 16.7615 68
      vertex 41.2396 14.7558 68.5
      vertex 41.2396 14.7558 68
    endloop
  endfacet
  facet normal 0.313701 0.949522 -0
    outer loop
      vertex 14.7558 41.2396 68
      vertex 12.7145 41.914 68.5
      vertex 14.7558 41.2396 68.5
    endloop
  endfacet
  facet normal 0.313701 0.949522 0
    outer loop
      vertex 12.7145 41.914 68.5
      vertex 14.7558 41.2396 68
      vertex 12.7145 41.914 68
    endloop
  endfacet
  facet normal 0.405241 0.91421 -0
    outer loop
      vertex 18.7269 39.5947 68
      vertex 16.7615 40.4659 68.5
      vertex 18.7269 39.5947 68.5
    endloop
  endfacet
  facet normal 0.405241 0.91421 0
    outer loop
      vertex 16.7615 40.4659 68.5
      vertex 18.7269 39.5947 68
      vertex 16.7615 40.4659 68
    endloop
  endfacet
  facet normal 0.492925 0.870072 -0
    outer loop
      vertex 22.5177 37.5685 68
      vertex 20.6472 38.6282 68.5
      vertex 22.5177 37.5685 68.5
    endloop
  endfacet
  facet normal 0.492925 0.870072 0
    outer loop
      vertex 20.6472 38.6282 68.5
      vertex 22.5177 37.5685 68
      vertex 20.6472 38.6282 68
    endloop
  endfacet
  facet normal -0.724244 0.689544 0
    outer loop
      vertex -32.4537 29.4143 68
      vertex -30.9713 30.9713 68.5
      vertex -30.9713 30.9713 68
    endloop
  endfacet
  facet normal -0.724244 0.689544 0
    outer loop
      vertex -30.9713 30.9713 68.5
      vertex -32.4537 29.4143 68
      vertex -32.4537 29.4143 68.5
    endloop
  endfacet
  facet normal -0.93299 0.359902 0
    outer loop
      vertex -41.2396 14.7558 68
      vertex -40.4659 16.7615 68.5
      vertex -40.4659 16.7615 68
    endloop
  endfacet
  facet normal -0.93299 0.359902 0
    outer loop
      vertex -40.4659 16.7615 68.5
      vertex -41.2396 14.7558 68
      vertex -41.2396 14.7558 68.5
    endloop
  endfacet
  facet normal -0.985281 0.170945 0
    outer loop
      vertex -43.3259 6.42679 68
      vertex -42.9584 8.54496 68.5
      vertex -42.9584 8.54496 68
    endloop
  endfacet
  facet normal -0.985281 0.170945 0
    outer loop
      vertex -42.9584 8.54496 68.5
      vertex -43.3259 6.42679 68
      vertex -43.3259 6.42679 68.5
    endloop
  endfacet
  facet normal -0.405241 0.91421 0
    outer loop
      vertex -16.7615 40.4659 68
      vertex -18.7269 39.5947 68.5
      vertex -16.7615 40.4659 68.5
    endloop
  endfacet
  facet normal -0.405241 0.91421 0
    outer loop
      vertex -18.7269 39.5947 68.5
      vertex -16.7615 40.4659 68
      vertex -18.7269 39.5947 68
    endloop
  endfacet
  facet normal -0.653163 0.757217 0
    outer loop
      vertex -27.7864 33.8579 68
      vertex -29.4143 32.4537 68.5
      vertex -27.7864 33.8579 68.5
    endloop
  endfacet
  facet normal -0.653163 0.757217 0
    outer loop
      vertex -29.4143 32.4537 68.5
      vertex -27.7864 33.8579 68
      vertex -29.4143 32.4537 68
    endloop
  endfacet
  facet normal -0.575826 0.817572 0
    outer loop
      vertex -24.334 36.4184 68
      vertex -26.0916 35.1805 68.5
      vertex -24.334 36.4184 68.5
    endloop
  endfacet
  facet normal -0.575826 0.817572 0
    outer loop
      vertex -26.0916 35.1805 68.5
      vertex -24.334 36.4184 68
      vertex -26.0916 35.1805 68
    endloop
  endfacet
  facet normal -0.313701 0.949522 0
    outer loop
      vertex -12.7145 41.914 68
      vertex -14.7558 41.2396 68.5
      vertex -12.7145 41.914 68.5
    endloop
  endfacet
  facet normal -0.313701 0.949522 0
    outer loop
      vertex -14.7558 41.2396 68.5
      vertex -12.7145 41.914 68
      vertex -14.7558 41.2396 68
    endloop
  endfacet
  facet normal -0.219093 0.975704 0
    outer loop
      vertex -8.54496 42.9584 68
      vertex -10.6425 42.4874 68.5
      vertex -8.54496 42.9584 68.5
    endloop
  endfacet
  facet normal -0.219093 0.975704 0
    outer loop
      vertex -10.6425 42.4874 68.5
      vertex -8.54496 42.9584 68
      vertex -10.6425 42.4874 68
    endloop
  endfacet
  facet normal -0.122429 0.992477 0
    outer loop
      vertex -4.29315 43.5891 68
      vertex -6.42679 43.3259 68.5
      vertex -4.29315 43.5891 68.5
    endloop
  endfacet
  facet normal -0.122429 0.992477 0
    outer loop
      vertex -6.42679 43.3259 68.5
      vertex -4.29315 43.5891 68
      vertex -6.42679 43.3259 68
    endloop
  endfacet
  facet normal 0.0735413 -0.997292 0
    outer loop
      vertex 2.14916 -43.7472 68
      vertex 4.29315 -43.5891 68.5
      vertex 2.14916 -43.7472 68.5
    endloop
  endfacet
  facet normal 0.0735413 -0.997292 0
    outer loop
      vertex 4.29315 -43.5891 68.5
      vertex 2.14916 -43.7472 68
      vertex 4.29315 -43.5891 68
    endloop
  endfacet
  facet normal 0.170945 -0.985281 0
    outer loop
      vertex 6.42679 -43.3259 68
      vertex 8.54496 -42.9584 68.5
      vertex 6.42679 -43.3259 68.5
    endloop
  endfacet
  facet normal 0.170945 -0.985281 0
    outer loop
      vertex 8.54496 -42.9584 68.5
      vertex 6.42679 -43.3259 68
      vertex 8.54496 -42.9584 68
    endloop
  endfacet
  facet normal 0.653163 -0.757217 0
    outer loop
      vertex 27.7864 -33.8579 68
      vertex 29.4143 -32.4537 68.5
      vertex 27.7864 -33.8579 68.5
    endloop
  endfacet
  facet normal 0.653163 -0.757217 0
    outer loop
      vertex 29.4143 -32.4537 68.5
      vertex 27.7864 -33.8579 68
      vertex 29.4143 -32.4537 68
    endloop
  endfacet
  facet normal 0.492925 -0.870072 0
    outer loop
      vertex 20.6472 -38.6282 68
      vertex 22.5177 -37.5685 68.5
      vertex 20.6472 -38.6282 68.5
    endloop
  endfacet
  facet normal 0.492925 -0.870072 0
    outer loop
      vertex 22.5177 -37.5685 68.5
      vertex 20.6472 -38.6282 68
      vertex 22.5177 -37.5685 68
    endloop
  endfacet
  facet normal 0.405241 -0.91421 0
    outer loop
      vertex 16.7615 -40.4659 68
      vertex 18.7269 -39.5947 68.5
      vertex 16.7615 -40.4659 68.5
    endloop
  endfacet
  facet normal 0.405241 -0.91421 0
    outer loop
      vertex 18.7269 -39.5947 68.5
      vertex 16.7615 -40.4659 68
      vertex 18.7269 -39.5947 68
    endloop
  endfacet
  facet normal 0.788354 -0.615222 0
    outer loop
      vertex 33.8579 -27.7864 68.5
      vertex 35.1805 -26.0916 68
      vertex 35.1805 -26.0916 68.5
    endloop
  endfacet
  facet normal 0.788354 -0.615222 0
    outer loop
      vertex 35.1805 -26.0916 68
      vertex 33.8579 -27.7864 68.5
      vertex 33.8579 -27.7864 68
    endloop
  endfacet
  facet normal 0.844866 -0.534978 0
    outer loop
      vertex 36.4184 -24.334 68.5
      vertex 37.5685 -22.5177 68
      vertex 37.5685 -22.5177 68.5
    endloop
  endfacet
  facet normal 0.844866 -0.534978 0
    outer loop
      vertex 37.5685 -22.5177 68
      vertex 36.4184 -24.334 68.5
      vertex 36.4184 -24.334 68
    endloop
  endfacet
  facet normal 0.93299 -0.359902 0
    outer loop
      vertex 40.4659 -16.7615 68.5
      vertex 41.2396 -14.7558 68
      vertex 41.2396 -14.7558 68.5
    endloop
  endfacet
  facet normal 0.93299 -0.359902 0
    outer loop
      vertex 41.2396 -14.7558 68
      vertex 40.4659 -16.7615 68.5
      vertex 40.4659 -16.7615 68
    endloop
  endfacet
  facet normal 0.893243 -0.449575 0
    outer loop
      vertex 38.6282 -20.6472 68.5
      vertex 39.5947 -18.7269 68
      vertex 39.5947 -18.7269 68.5
    endloop
  endfacet
  facet normal 0.893243 -0.449575 0
    outer loop
      vertex 39.5947 -18.7269 68
      vertex 38.6282 -20.6472 68.5
      vertex 38.6282 -20.6472 68
    endloop
  endfacet
  facet normal 0.963776 -0.266713 0
    outer loop
      vertex 41.914 -12.7145 68.5
      vertex 42.4874 -10.6425 68
      vertex 42.4874 -10.6425 68.5
    endloop
  endfacet
  facet normal 0.963776 -0.266713 0
    outer loop
      vertex 42.4874 -10.6425 68
      vertex 41.914 -12.7145 68.5
      vertex 41.914 -12.7145 68
    endloop
  endfacet
  facet normal 0.997292 -0.0735413 0
    outer loop
      vertex 43.5891 -4.29315 68.5
      vertex 43.7472 -2.14916 68
      vertex 43.7472 -2.14916 68.5
    endloop
  endfacet
  facet normal 0.997292 -0.0735413 0
    outer loop
      vertex 43.7472 -2.14916 68
      vertex 43.5891 -4.29315 68.5
      vertex 43.5891 -4.29315 68
    endloop
  endfacet
  facet normal 0.992477 -0.122429 0
    outer loop
      vertex 43.3259 -6.42679 68.5
      vertex 43.5891 -4.29315 68
      vertex 43.5891 -4.29315 68.5
    endloop
  endfacet
  facet normal 0.992477 -0.122429 0
    outer loop
      vertex 43.5891 -4.29315 68
      vertex 43.3259 -6.42679 68.5
      vertex 43.3259 -6.42679 68
    endloop
  endfacet
  facet normal -0.653163 -0.757217 0
    outer loop
      vertex -29.4143 -32.4537 68
      vertex -27.7864 -33.8579 68.5
      vertex -29.4143 -32.4537 68.5
    endloop
  endfacet
  facet normal -0.653163 -0.757217 -0
    outer loop
      vertex -27.7864 -33.8579 68.5
      vertex -29.4143 -32.4537 68
      vertex -27.7864 -33.8579 68
    endloop
  endfacet
  facet normal -0.575826 -0.817572 0
    outer loop
      vertex -26.0916 -35.1805 68
      vertex -24.334 -36.4184 68.5
      vertex -26.0916 -35.1805 68.5
    endloop
  endfacet
  facet normal -0.575826 -0.817572 -0
    outer loop
      vertex -24.334 -36.4184 68.5
      vertex -26.0916 -35.1805 68
      vertex -24.334 -36.4184 68
    endloop
  endfacet
  facet normal -0.405241 -0.91421 0
    outer loop
      vertex -18.7269 -39.5947 68
      vertex -16.7615 -40.4659 68.5
      vertex -18.7269 -39.5947 68.5
    endloop
  endfacet
  facet normal -0.405241 -0.91421 -0
    outer loop
      vertex -16.7615 -40.4659 68.5
      vertex -18.7269 -39.5947 68
      vertex -16.7615 -40.4659 68
    endloop
  endfacet
  facet normal -0.492925 -0.870072 0
    outer loop
      vertex -22.5177 -37.5685 68
      vertex -20.6472 -38.6282 68.5
      vertex -22.5177 -37.5685 68.5
    endloop
  endfacet
  facet normal -0.492925 -0.870072 -0
    outer loop
      vertex -20.6472 -38.6282 68.5
      vertex -22.5177 -37.5685 68
      vertex -20.6472 -38.6282 68
    endloop
  endfacet
  facet normal -0.313701 -0.949522 0
    outer loop
      vertex -14.7558 -41.2396 68
      vertex -12.7145 -41.914 68.5
      vertex -14.7558 -41.2396 68.5
    endloop
  endfacet
  facet normal -0.313701 -0.949522 -0
    outer loop
      vertex -12.7145 -41.914 68.5
      vertex -14.7558 -41.2396 68
      vertex -12.7145 -41.914 68
    endloop
  endfacet
  facet normal -0.219093 -0.975704 0
    outer loop
      vertex -10.6425 -42.4874 68
      vertex -8.54496 -42.9584 68.5
      vertex -10.6425 -42.4874 68.5
    endloop
  endfacet
  facet normal -0.219093 -0.975704 -0
    outer loop
      vertex -8.54496 -42.9584 68.5
      vertex -10.6425 -42.4874 68
      vertex -8.54496 -42.9584 68
    endloop
  endfacet
  facet normal -0.122429 -0.992477 0
    outer loop
      vertex -6.42679 -43.3259 68
      vertex -4.29315 -43.5891 68.5
      vertex -6.42679 -43.3259 68.5
    endloop
  endfacet
  facet normal -0.122429 -0.992477 -0
    outer loop
      vertex -4.29315 -43.5891 68.5
      vertex -6.42679 -43.3259 68
      vertex -4.29315 -43.5891 68
    endloop
  endfacet
  facet normal -0.893243 -0.449575 0
    outer loop
      vertex -38.6282 -20.6472 68
      vertex -39.5947 -18.7269 68.5
      vertex -39.5947 -18.7269 68
    endloop
  endfacet
  facet normal -0.893243 -0.449575 0
    outer loop
      vertex -39.5947 -18.7269 68.5
      vertex -38.6282 -20.6472 68
      vertex -38.6282 -20.6472 68.5
    endloop
  endfacet
  facet normal -0.844866 -0.534978 0
    outer loop
      vertex -36.4184 -24.334 68
      vertex -37.5685 -22.5177 68.5
      vertex -37.5685 -22.5177 68
    endloop
  endfacet
  facet normal -0.844866 -0.534978 0
    outer loop
      vertex -37.5685 -22.5177 68.5
      vertex -36.4184 -24.334 68
      vertex -36.4184 -24.334 68.5
    endloop
  endfacet
  facet normal -0.788354 -0.615222 0
    outer loop
      vertex -33.8579 -27.7864 68
      vertex -35.1805 -26.0916 68.5
      vertex -35.1805 -26.0916 68
    endloop
  endfacet
  facet normal -0.788354 -0.615222 0
    outer loop
      vertex -35.1805 -26.0916 68.5
      vertex -33.8579 -27.7864 68
      vertex -33.8579 -27.7864 68.5
    endloop
  endfacet
  facet normal -0.963776 -0.266713 0
    outer loop
      vertex -41.914 -12.7145 68
      vertex -42.4874 -10.6425 68.5
      vertex -42.4874 -10.6425 68
    endloop
  endfacet
  facet normal -0.963776 -0.266713 0
    outer loop
      vertex -42.4874 -10.6425 68.5
      vertex -41.914 -12.7145 68
      vertex -41.914 -12.7145 68.5
    endloop
  endfacet
  facet normal -0.985281 -0.170945 0
    outer loop
      vertex -42.9584 -8.54496 68
      vertex -43.3259 -6.42679 68.5
      vertex -43.3259 -6.42679 68
    endloop
  endfacet
  facet normal -0.985281 -0.170945 0
    outer loop
      vertex -43.3259 -6.42679 68.5
      vertex -42.9584 -8.54496 68
      vertex -42.9584 -8.54496 68.5
    endloop
  endfacet
  facet normal -0.997292 -0.0735413 0
    outer loop
      vertex -43.5891 -4.29315 68
      vertex -43.7472 -2.14916 68.5
      vertex -43.7472 -2.14916 68
    endloop
  endfacet
  facet normal -0.997292 -0.0735413 0
    outer loop
      vertex -43.7472 -2.14916 68.5
      vertex -43.5891 -4.29315 68
      vertex -43.5891 -4.29315 68.5
    endloop
  endfacet
  facet normal 0.449575 -0.893243 0
    outer loop
      vertex 18.7269 -39.5947 68
      vertex 20.6472 -38.6282 68.5
      vertex 18.7269 -39.5947 68.5
    endloop
  endfacet
  facet normal 0.449575 -0.893243 0
    outer loop
      vertex 20.6472 -38.6282 68.5
      vertex 18.7269 -39.5947 68
      vertex 20.6472 -38.6282 68
    endloop
  endfacet
  facet normal 0.555568 0.831471 -0
    outer loop
      vertex -27.0215 -21.9216 46
      vertex -27.375 -21.6854 51
      vertex -27.0215 -21.9216 51
    endloop
  endfacet
  facet normal 0.555568 0.831471 0
    outer loop
      vertex -27.375 -21.6854 51
      vertex -27.0215 -21.9216 46
      vertex -27.375 -21.6854 46
    endloop
  endfacet
  facet normal -0.321586 0.94688 0
    outer loop
      vertex -29.8412 -21.3607 46
      vertex -30.2437 -21.4974 51
      vertex -29.8412 -21.3607 51
    endloop
  endfacet
  facet normal -0.321586 0.94688 0
    outer loop
      vertex -30.2437 -21.4974 51
      vertex -29.8412 -21.3607 46
      vertex -30.2437 -21.4974 46
    endloop
  endfacet
  facet normal -0.896907 0.44222 0
    outer loop
      vertex -32.0026 -23.2563 46
      vertex -31.8146 -22.875 51
      vertex -31.8146 -22.875 46
    endloop
  endfacet
  facet normal -0.896907 0.44222 0
    outer loop
      vertex -31.8146 -22.875 51
      vertex -32.0026 -23.2563 46
      vertex -32.0026 -23.2563 51
    endloop
  endfacet
  facet normal 0.896907 0.44222 0
    outer loop
      vertex -25.9974 -23.2563 51
      vertex -26.1854 -22.875 46
      vertex -26.1854 -22.875 51
    endloop
  endfacet
  facet normal 0.896907 0.44222 0
    outer loop
      vertex -26.1854 -22.875 46
      vertex -25.9974 -23.2563 51
      vertex -25.9974 -23.2563 46
    endloop
  endfacet
  facet normal 0.831471 0.555568 0
    outer loop
      vertex -26.1854 -22.875 51
      vertex -26.4216 -22.5215 46
      vertex -26.4216 -22.5215 51
    endloop
  endfacet
  facet normal 0.831471 0.555568 0
    outer loop
      vertex -26.4216 -22.5215 46
      vertex -26.1854 -22.875 51
      vertex -26.1854 -22.875 46
    endloop
  endfacet
  facet normal 0.44222 0.896907 -0
    outer loop
      vertex -27.375 -21.6854 46
      vertex -27.7563 -21.4974 51
      vertex -27.375 -21.6854 51
    endloop
  endfacet
  facet normal 0.44222 0.896907 0
    outer loop
      vertex -27.7563 -21.4974 51
      vertex -27.375 -21.6854 46
      vertex -27.7563 -21.4974 46
    endloop
  endfacet
  facet normal 0.0653948 0.997859 -0
    outer loop
      vertex -28.5758 -21.2778 46
      vertex -29 -21.25 51
      vertex -28.5758 -21.2778 51
    endloop
  endfacet
  facet normal 0.0653948 0.997859 0
    outer loop
      vertex -29 -21.25 51
      vertex -28.5758 -21.2778 46
      vertex -29 -21.25 46
    endloop
  endfacet
  facet normal -0.997859 0.0653948 0
    outer loop
      vertex -32.25 -24.5 46
      vertex -32.2222 -24.0758 51
      vertex -32.2222 -24.0758 46
    endloop
  endfacet
  facet normal -0.997859 0.0653948 0
    outer loop
      vertex -32.2222 -24.0758 51
      vertex -32.25 -24.5 46
      vertex -32.25 -24.5 51
    endloop
  endfacet
  facet normal -0.751818 0.65937 0
    outer loop
      vertex -31.5784 -22.5215 46
      vertex -31.2981 -22.2019 51
      vertex -31.2981 -22.2019 46
    endloop
  endfacet
  facet normal -0.751818 0.65937 0
    outer loop
      vertex -31.2981 -22.2019 51
      vertex -31.5784 -22.5215 46
      vertex -31.5784 -22.5215 51
    endloop
  endfacet
  facet normal -0.0653948 0.997859 0
    outer loop
      vertex -29 -21.25 46
      vertex -29.4242 -21.2778 51
      vertex -29 -21.25 51
    endloop
  endfacet
  facet normal -0.0653948 0.997859 0
    outer loop
      vertex -29.4242 -21.2778 51
      vertex -29 -21.25 46
      vertex -29.4242 -21.2778 46
    endloop
  endfacet
  facet normal -0.65937 0.751818 0
    outer loop
      vertex -30.9785 -21.9216 46
      vertex -31.2981 -22.2019 51
      vertex -30.9785 -21.9216 51
    endloop
  endfacet
  facet normal -0.65937 0.751818 0
    outer loop
      vertex -31.2981 -22.2019 51
      vertex -30.9785 -21.9216 46
      vertex -31.2981 -22.2019 46
    endloop
  endfacet
  facet normal 0.997859 0.0653948 0
    outer loop
      vertex -25.75 -24.5 51
      vertex -25.7778 -24.0758 46
      vertex -25.7778 -24.0758 51
    endloop
  endfacet
  facet normal 0.997859 0.0653948 0
    outer loop
      vertex -25.7778 -24.0758 46
      vertex -25.75 -24.5 51
      vertex -25.75 -24.5 46
    endloop
  endfacet
  facet normal 0.94688 -0.321586 0
    outer loop
      vertex -25.9974 -25.7437 51
      vertex -25.8607 -25.3412 46
      vertex -25.8607 -25.3412 51
    endloop
  endfacet
  facet normal 0.94688 -0.321586 0
    outer loop
      vertex -25.8607 -25.3412 46
      vertex -25.9974 -25.7437 51
      vertex -25.9974 -25.7437 46
    endloop
  endfacet
  facet normal -0.997859 -0.0653948 0
    outer loop
      vertex -32.2222 -24.9242 46
      vertex -32.25 -24.5 51
      vertex -32.25 -24.5 46
    endloop
  endfacet
  facet normal -0.997859 -0.0653948 0
    outer loop
      vertex -32.25 -24.5 51
      vertex -32.2222 -24.9242 46
      vertex -32.2222 -24.9242 51
    endloop
  endfacet
  facet normal 0 0 -1
    outer loop
      vertex -27.6 -24.5 46
      vertex -25.75 -24.5 46
      vertex -25.7778 -24.9242 46
    endloop
  endfacet
  facet normal 0 0 -1
    outer loop
      vertex -27.6351 -24.8115 46
      vertex -25.7778 -24.9242 46
      vertex -25.8607 -25.3412 46
    endloop
  endfacet
  facet normal 0 0 -1
    outer loop
      vertex -25.75 -24.5 46
      vertex -27.6 -24.5 46
      vertex -25.7778 -24.0758 46
    endloop
  endfacet
  facet normal 0 0 -1
    outer loop
      vertex -27.6351 -24.8115 46
      vertex -25.8607 -25.3412 46
      vertex -25.9974 -25.7437 46
    endloop
  endfacet
  facet normal 0 0 -1
    outer loop
      vertex -27.6351 -24.1885 46
      vertex -25.7778 -24.0758 46
      vertex -27.6 -24.5 46
    endloop
  endfacet
  facet normal 0 0 -1
    outer loop
      vertex -27.7386 -25.1074 46
      vertex -25.9974 -25.7437 46
      vertex -26.1238 -26 46
    endloop
  endfacet
  facet normal -0 0 -1
    outer loop
      vertex -25.7778 -24.0758 46
      vertex -27.6351 -24.1885 46
      vertex -25.8607 -23.6588 46
    endloop
  endfacet
  facet normal -0 0 -1
    outer loop
      vertex -25.8607 -23.6588 46
      vertex -27.6351 -24.1885 46
      vertex -25.9974 -23.2563 46
    endloop
  endfacet
  facet normal 0 0 -1
    outer loop
      vertex -27.7386 -23.8926 46
      vertex -25.9974 -23.2563 46
      vertex -27.6351 -24.1885 46
    endloop
  endfacet
  facet normal 0 0 -1
    outer loop
      vertex -27.9054 -23.6271 46
      vertex -26.1854 -22.875 46
      vertex -27.7386 -23.8926 46
    endloop
  endfacet
  facet normal -0 0 -1
    outer loop
      vertex -26.1854 -22.875 46
      vertex -27.9054 -23.6271 46
      vertex -26.4216 -22.5215 46
    endloop
  endfacet
  facet normal -0 0 -1
    outer loop
      vertex -25.9974 -23.2563 46
      vertex -27.7386 -23.8926 46
      vertex -26.1854 -22.875 46
    endloop
  endfacet
  facet normal 0 0 -1
    outer loop
      vertex -25.7778 -24.9242 46
      vertex -27.6351 -24.8115 46
      vertex -27.6 -24.5 46
    endloop
  endfacet
  facet normal 0 0 -1
    outer loop
      vertex -25.9974 -25.7437 46
      vertex -27.7386 -25.1074 46
      vertex -27.6351 -24.8115 46
    endloop
  endfacet
  facet normal 0 0 -1
    outer loop
      vertex -26.1238 -26 46
      vertex -27.9054 -25.3729 46
      vertex -27.7386 -25.1074 46
    endloop
  endfacet
  facet normal 0 0 -1
    outer loop
      vertex -26.1238 -26 46
      vertex -28.1271 -25.5946 46
      vertex -27.9054 -25.3729 46
    endloop
  endfacet
  facet normal 0 0 -1
    outer loop
      vertex -26.1238 -26 46
      vertex -28.3926 -25.7614 46
      vertex -28.1271 -25.5946 46
    endloop
  endfacet
  facet normal 0 0 -1
    outer loop
      vertex -26.1238 -26 46
      vertex -28.6885 -25.8649 46
      vertex -28.3926 -25.7614 46
    endloop
  endfacet
  facet normal 0 0 -1
    outer loop
      vertex -26.1238 -26 46
      vertex -29 -25.9 46
      vertex -28.6885 -25.8649 46
    endloop
  endfacet
  facet normal 0 0 -1
    outer loop
      vertex -29.8729 -23.4054 46
      vertex -30.9785 -21.9216 46
      vertex -30.625 -21.6854 46
    endloop
  endfacet
  facet normal 0 0 -1
    outer loop
      vertex -32.2222 -24.9242 46
      vertex -30.4 -24.5 46
      vertex -30.3649 -24.8115 46
    endloop
  endfacet
  facet normal 0 0 -1
    outer loop
      vertex -30.3649 -24.1885 46
      vertex -31.2981 -22.2019 46
      vertex -30.9785 -21.9216 46
    endloop
  endfacet
  facet normal 0 0 -1
    outer loop
      vertex -32.0026 -25.7437 46
      vertex -30.3649 -24.8115 46
      vertex -30.2614 -25.1074 46
    endloop
  endfacet
  facet normal 0 0 -1
    outer loop
      vertex -30.3649 -24.1885 46
      vertex -31.5784 -22.5215 46
      vertex -31.2981 -22.2019 46
    endloop
  endfacet
  facet normal 0 0 -1
    outer loop
      vertex -30.3649 -24.1885 46
      vertex -31.8146 -22.875 46
      vertex -31.5784 -22.5215 46
    endloop
  endfacet
  facet normal 0 0 -1
    outer loop
      vertex -31.8762 -26 46
      vertex -30.2614 -25.1074 46
      vertex -30.0946 -25.3729 46
    endloop
  endfacet
  facet normal 0 0 -1
    outer loop
      vertex -31.8762 -26 46
      vertex -29 -25.9 46
      vertex -26.1238 -26 46
    endloop
  endfacet
  facet normal 0 0 -1
    outer loop
      vertex -31.8762 -26 46
      vertex -29.3115 -25.8649 46
      vertex -29 -25.9 46
    endloop
  endfacet
  facet normal 0 0 -1
    outer loop
      vertex -31.8762 -26 46
      vertex -29.6074 -25.7614 46
      vertex -29.3115 -25.8649 46
    endloop
  endfacet
  facet normal 0 0 -1
    outer loop
      vertex -31.8762 -26 46
      vertex -29.8729 -25.5946 46
      vertex -29.6074 -25.7614 46
    endloop
  endfacet
  facet normal 0 0 -1
    outer loop
      vertex -31.8762 -26 46
      vertex -30.0946 -25.3729 46
      vertex -29.8729 -25.5946 46
    endloop
  endfacet
  facet normal 0 0 -1
    outer loop
      vertex -30.2614 -25.1074 46
      vertex -31.8762 -26 46
      vertex -32.0026 -25.7437 46
    endloop
  endfacet
  facet normal 0 0 -1
    outer loop
      vertex -30.3649 -24.8115 46
      vertex -32.0026 -25.7437 46
      vertex -32.1393 -25.3412 46
    endloop
  endfacet
  facet normal 0 0 -1
    outer loop
      vertex -30.3649 -24.1885 46
      vertex -32.0026 -23.2563 46
      vertex -31.8146 -22.875 46
    endloop
  endfacet
  facet normal 0 0 -1
    outer loop
      vertex -30.3649 -24.8115 46
      vertex -32.1393 -25.3412 46
      vertex -32.2222 -24.9242 46
    endloop
  endfacet
  facet normal 0 0 -1
    outer loop
      vertex -30.3649 -24.1885 46
      vertex -32.1393 -23.6588 46
      vertex -32.0026 -23.2563 46
    endloop
  endfacet
  facet normal -0 0 -1
    outer loop
      vertex -30.4 -24.5 46
      vertex -32.2222 -24.9242 46
      vertex -32.25 -24.5 46
    endloop
  endfacet
  facet normal 0 0 -1
    outer loop
      vertex -30.3649 -24.1885 46
      vertex -32.2222 -24.0758 46
      vertex -32.1393 -23.6588 46
    endloop
  endfacet
  facet normal 0 0 -1
    outer loop
      vertex -30.4 -24.5 46
      vertex -32.25 -24.5 46
      vertex -32.2222 -24.0758 46
    endloop
  endfacet
  facet normal -0 0 -1
    outer loop
      vertex -26.4216 -22.5215 46
      vertex -27.9054 -23.6271 46
      vertex -26.7019 -22.2019 46
    endloop
  endfacet
  facet normal 0 0 -1
    outer loop
      vertex -28.1271 -23.4054 46
      vertex -26.7019 -22.2019 46
      vertex -27.9054 -23.6271 46
    endloop
  endfacet
  facet normal -0 0 -1
    outer loop
      vertex -26.7019 -22.2019 46
      vertex -28.1271 -23.4054 46
      vertex -27.0215 -21.9216 46
    endloop
  endfacet
  facet normal -0 0 -1
    outer loop
      vertex -27.0215 -21.9216 46
      vertex -28.1271 -23.4054 46
      vertex -27.375 -21.6854 46
    endloop
  endfacet
  facet normal 0 0 -1
    outer loop
      vertex -28.3926 -23.2386 46
      vertex -27.375 -21.6854 46
      vertex -28.1271 -23.4054 46
    endloop
  endfacet
  facet normal -0 0 -1
    outer loop
      vertex -27.375 -21.6854 46
      vertex -28.3926 -23.2386 46
      vertex -27.7563 -21.4974 46
    endloop
  endfacet
  facet normal 0 0 -1
    outer loop
      vertex -28.6885 -23.1351 46
      vertex -27.7563 -21.4974 46
      vertex -28.3926 -23.2386 46
    endloop
  endfacet
  facet normal -0 0 -1
    outer loop
      vertex -27.7563 -21.4974 46
      vertex -28.6885 -23.1351 46
      vertex -28.1588 -21.3607 46
    endloop
  endfacet
  facet normal -0 0 -1
    outer loop
      vertex -28.1588 -21.3607 46
      vertex -28.6885 -23.1351 46
      vertex -28.5758 -21.2778 46
    endloop
  endfacet
  facet normal 0 0 -1
    outer loop
      vertex -29 -23.1 46
      vertex -28.5758 -21.2778 46
      vertex -28.6885 -23.1351 46
    endloop
  endfacet
  facet normal 0 0 -1
    outer loop
      vertex -29 -23.1 46
      vertex -29 -21.25 46
      vertex -28.5758 -21.2778 46
    endloop
  endfacet
  facet normal 0 0 -1
    outer loop
      vertex -29.4242 -21.2778 46
      vertex -29 -23.1 46
      vertex -29.3115 -23.1351 46
    endloop
  endfacet
  facet normal 0 0 -1
    outer loop
      vertex -29 -23.1 46
      vertex -29.4242 -21.2778 46
      vertex -29 -21.25 46
    endloop
  endfacet
  facet normal 0 0 -1
    outer loop
      vertex -30.2437 -21.4974 46
      vertex -29.3115 -23.1351 46
      vertex -29.6074 -23.2386 46
    endloop
  endfacet
  facet normal 0 0 -1
    outer loop
      vertex -29.3115 -23.1351 46
      vertex -29.8412 -21.3607 46
      vertex -29.4242 -21.2778 46
    endloop
  endfacet
  facet normal 0 0 -1
    outer loop
      vertex -30.625 -21.6854 46
      vertex -29.6074 -23.2386 46
      vertex -29.8729 -23.4054 46
    endloop
  endfacet
  facet normal 0 0 -1
    outer loop
      vertex -30.9785 -21.9216 46
      vertex -29.8729 -23.4054 46
      vertex -30.0946 -23.6271 46
    endloop
  endfacet
  facet normal 0 0 -1
    outer loop
      vertex -29.3115 -23.1351 46
      vertex -30.2437 -21.4974 46
      vertex -29.8412 -21.3607 46
    endloop
  endfacet
  facet normal 0 0 -1
    outer loop
      vertex -30.9785 -21.9216 46
      vertex -30.0946 -23.6271 46
      vertex -30.2614 -23.8926 46
    endloop
  endfacet
  facet normal 0 0 -1
    outer loop
      vertex -30.9785 -21.9216 46
      vertex -30.2614 -23.8926 46
      vertex -30.3649 -24.1885 46
    endloop
  endfacet
  facet normal 0 0 -1
    outer loop
      vertex -32.2222 -24.0758 46
      vertex -30.3649 -24.1885 46
      vertex -30.4 -24.5 46
    endloop
  endfacet
  facet normal 0 0 -1
    outer loop
      vertex -29.6074 -23.2386 46
      vertex -30.625 -21.6854 46
      vertex -30.2437 -21.4974 46
    endloop
  endfacet
  facet normal 0.980806 0.194985 0
    outer loop
      vertex -25.7778 -24.0758 51
      vertex -25.8607 -23.6588 46
      vertex -25.8607 -23.6588 51
    endloop
  endfacet
  facet normal 0.980806 0.194985 0
    outer loop
      vertex -25.8607 -23.6588 46
      vertex -25.7778 -24.0758 51
      vertex -25.7778 -24.0758 46
    endloop
  endfacet
  facet normal 0.94688 0.321586 0
    outer loop
      vertex -25.8607 -23.6588 51
      vertex -25.9974 -23.2563 46
      vertex -25.9974 -23.2563 51
    endloop
  endfacet
  facet normal 0.94688 0.321586 0
    outer loop
      vertex -25.9974 -23.2563 46
      vertex -25.8607 -23.6588 51
      vertex -25.8607 -23.6588 46
    endloop
  endfacet
  facet normal 0.751818 0.65937 0
    outer loop
      vertex -26.4216 -22.5215 51
      vertex -26.7019 -22.2019 46
      vertex -26.7019 -22.2019 51
    endloop
  endfacet
  facet normal 0.751818 0.65937 0
    outer loop
      vertex -26.7019 -22.2019 46
      vertex -26.4216 -22.5215 51
      vertex -26.4216 -22.5215 46
    endloop
  endfacet
  facet normal 0.65937 0.751818 -0
    outer loop
      vertex -26.7019 -22.2019 46
      vertex -27.0215 -21.9216 51
      vertex -26.7019 -22.2019 51
    endloop
  endfacet
  facet normal 0.65937 0.751818 0
    outer loop
      vertex -27.0215 -21.9216 51
      vertex -26.7019 -22.2019 46
      vertex -27.0215 -21.9216 46
    endloop
  endfacet
  facet normal 0.321586 0.94688 -0
    outer loop
      vertex -27.7563 -21.4974 46
      vertex -28.1588 -21.3607 51
      vertex -27.7563 -21.4974 51
    endloop
  endfacet
  facet normal 0.321586 0.94688 0
    outer loop
      vertex -28.1588 -21.3607 51
      vertex -27.7563 -21.4974 46
      vertex -28.1588 -21.3607 46
    endloop
  endfacet
  facet normal 0.194985 0.980806 -0
    outer loop
      vertex -28.1588 -21.3607 46
      vertex -28.5758 -21.2778 51
      vertex -28.1588 -21.3607 51
    endloop
  endfacet
  facet normal 0.194985 0.980806 0
    outer loop
      vertex -28.5758 -21.2778 51
      vertex -28.1588 -21.3607 46
      vertex -28.5758 -21.2778 46
    endloop
  endfacet
  facet normal -0.94688 0.321586 0
    outer loop
      vertex -32.1393 -23.6588 46
      vertex -32.0026 -23.2563 51
      vertex -32.0026 -23.2563 46
    endloop
  endfacet
  facet normal -0.94688 0.321586 0
    outer loop
      vertex -32.0026 -23.2563 51
      vertex -32.1393 -23.6588 46
      vertex -32.1393 -23.6588 51
    endloop
  endfacet
  facet normal -0.980806 0.194985 0
    outer loop
      vertex -32.2222 -24.0758 46
      vertex -32.1393 -23.6588 51
      vertex -32.1393 -23.6588 46
    endloop
  endfacet
  facet normal -0.980806 0.194985 0
    outer loop
      vertex -32.1393 -23.6588 51
      vertex -32.2222 -24.0758 46
      vertex -32.2222 -24.0758 51
    endloop
  endfacet
  facet normal -0.831471 0.555568 0
    outer loop
      vertex -31.8146 -22.875 46
      vertex -31.5784 -22.5215 51
      vertex -31.5784 -22.5215 46
    endloop
  endfacet
  facet normal -0.831471 0.555568 0
    outer loop
      vertex -31.5784 -22.5215 51
      vertex -31.8146 -22.875 46
      vertex -31.8146 -22.875 51
    endloop
  endfacet
  facet normal -0.194985 0.980806 0
    outer loop
      vertex -29.4242 -21.2778 46
      vertex -29.8412 -21.3607 51
      vertex -29.4242 -21.2778 51
    endloop
  endfacet
  facet normal -0.194985 0.980806 0
    outer loop
      vertex -29.8412 -21.3607 51
      vertex -29.4242 -21.2778 46
      vertex -29.8412 -21.3607 46
    endloop
  endfacet
  facet normal -0.555568 0.831471 0
    outer loop
      vertex -30.625 -21.6854 46
      vertex -30.9785 -21.9216 51
      vertex -30.625 -21.6854 51
    endloop
  endfacet
  facet normal -0.555568 0.831471 0
    outer loop
      vertex -30.9785 -21.9216 51
      vertex -30.625 -21.6854 46
      vertex -30.9785 -21.9216 46
    endloop
  endfacet
  facet normal -0.44222 0.896907 0
    outer loop
      vertex -30.2437 -21.4974 46
      vertex -30.625 -21.6854 51
      vertex -30.2437 -21.4974 51
    endloop
  endfacet
  facet normal -0.44222 0.896907 0
    outer loop
      vertex -30.625 -21.6854 51
      vertex -30.2437 -21.4974 46
      vertex -30.625 -21.6854 46
    endloop
  endfacet
  facet normal 0.997859 -0.0653948 0
    outer loop
      vertex -25.7778 -24.9242 51
      vertex -25.75 -24.5 46
      vertex -25.75 -24.5 51
    endloop
  endfacet
  facet normal 0.997859 -0.0653948 0
    outer loop
      vertex -25.75 -24.5 46
      vertex -25.7778 -24.9242 51
      vertex -25.7778 -24.9242 46
    endloop
  endfacet
  facet normal -0.980806 -0.194985 0
    outer loop
      vertex -32.1393 -25.3412 46
      vertex -32.2222 -24.9242 51
      vertex -32.2222 -24.9242 46
    endloop
  endfacet
  facet normal -0.980806 -0.194985 0
    outer loop
      vertex -32.2222 -24.9242 51
      vertex -32.1393 -25.3412 46
      vertex -32.1393 -25.3412 51
    endloop
  endfacet
  facet normal -0.896863 -0.442308 0
    outer loop
      vertex -31.8762 -26 46
      vertex -32.0026 -25.7437 51
      vertex -32.0026 -25.7437 46
    endloop
  endfacet
  facet normal -0.896863 -0.442308 0
    outer loop
      vertex -32.0026 -25.7437 51
      vertex -31.8762 -26 46
      vertex -31.8762 -26 51
    endloop
  endfacet
  facet normal 0.980806 -0.194985 0
    outer loop
      vertex -25.8607 -25.3412 51
      vertex -25.7778 -24.9242 46
      vertex -25.7778 -24.9242 51
    endloop
  endfacet
  facet normal 0.980806 -0.194985 0
    outer loop
      vertex -25.7778 -24.9242 46
      vertex -25.8607 -25.3412 51
      vertex -25.8607 -25.3412 46
    endloop
  endfacet
  facet normal 0.896863 -0.442308 0
    outer loop
      vertex -26.1238 -26 51
      vertex -25.9974 -25.7437 46
      vertex -25.9974 -25.7437 51
    endloop
  endfacet
  facet normal 0.896863 -0.442308 0
    outer loop
      vertex -25.9974 -25.7437 46
      vertex -26.1238 -26 51
      vertex -26.1238 -26 46
    endloop
  endfacet
  facet normal -0.94688 -0.321586 0
    outer loop
      vertex -32.0026 -25.7437 46
      vertex -32.1393 -25.3412 51
      vertex -32.1393 -25.3412 46
    endloop
  endfacet
  facet normal -0.94688 -0.321586 0
    outer loop
      vertex -32.1393 -25.3412 51
      vertex -32.0026 -25.7437 46
      vertex -32.0026 -25.7437 51
    endloop
  endfacet
  facet normal -0.531976 -0.84676 0
    outer loop
      vertex -28.3926 -23.2386 46
      vertex -28.1271 -23.4054 51
      vertex -28.3926 -23.2386 51
    endloop
  endfacet
  facet normal -0.531976 -0.84676 -0
    outer loop
      vertex -28.1271 -23.4054 51
      vertex -28.3926 -23.2386 46
      vertex -28.1271 -23.4054 46
    endloop
  endfacet
  facet normal -0.993711 0.111972 0
    outer loop
      vertex -27.6351 -24.8115 46
      vertex -27.6 -24.5 51
      vertex -27.6 -24.5 46
    endloop
  endfacet
  facet normal -0.993711 0.111972 0
    outer loop
      vertex -27.6 -24.5 51
      vertex -27.6351 -24.8115 46
      vertex -27.6351 -24.8115 51
    endloop
  endfacet
  facet normal 0.330166 0.943923 -0
    outer loop
      vertex -29.3115 -25.8649 46
      vertex -29.6074 -25.7614 51
      vertex -29.3115 -25.8649 51
    endloop
  endfacet
  facet normal 0.330166 0.943923 0
    outer loop
      vertex -29.6074 -25.7614 51
      vertex -29.3115 -25.8649 46
      vertex -29.6074 -25.7614 46
    endloop
  endfacet
  facet normal -0.943923 -0.330166 0
    outer loop
      vertex -27.6351 -24.1885 46
      vertex -27.7386 -23.8926 51
      vertex -27.7386 -23.8926 46
    endloop
  endfacet
  facet normal -0.943923 -0.330166 0
    outer loop
      vertex -27.7386 -23.8926 51
      vertex -27.6351 -24.1885 46
      vertex -27.6351 -24.1885 51
    endloop
  endfacet
  facet normal 0.330166 -0.943923 0
    outer loop
      vertex -29.6074 -23.2386 46
      vertex -29.3115 -23.1351 51
      vertex -29.6074 -23.2386 51
    endloop
  endfacet
  facet normal 0.330166 -0.943923 0
    outer loop
      vertex -29.3115 -23.1351 51
      vertex -29.6074 -23.2386 46
      vertex -29.3115 -23.1351 46
    endloop
  endfacet
  facet normal 0.84676 -0.531976 0
    outer loop
      vertex -30.2614 -23.8926 51
      vertex -30.0946 -23.6271 46
      vertex -30.0946 -23.6271 51
    endloop
  endfacet
  facet normal 0.84676 -0.531976 0
    outer loop
      vertex -30.0946 -23.6271 46
      vertex -30.2614 -23.8926 51
      vertex -30.2614 -23.8926 46
    endloop
  endfacet
  facet normal 0.531976 -0.84676 0
    outer loop
      vertex -29.8729 -23.4054 46
      vertex -29.6074 -23.2386 51
      vertex -29.8729 -23.4054 51
    endloop
  endfacet
  facet normal 0.531976 -0.84676 0
    outer loop
      vertex -29.6074 -23.2386 51
      vertex -29.8729 -23.4054 46
      vertex -29.6074 -23.2386 46
    endloop
  endfacet
  facet normal -0.707107 0.707107 0
    outer loop
      vertex -28.1271 -25.5946 46
      vertex -27.9054 -25.3729 51
      vertex -27.9054 -25.3729 46
    endloop
  endfacet
  facet normal -0.707107 0.707107 0
    outer loop
      vertex -27.9054 -25.3729 51
      vertex -28.1271 -25.5946 46
      vertex -28.1271 -25.5946 51
    endloop
  endfacet
  facet normal 0.943923 0.330166 0
    outer loop
      vertex -30.2614 -25.1074 51
      vertex -30.3649 -24.8115 46
      vertex -30.3649 -24.8115 51
    endloop
  endfacet
  facet normal 0.943923 0.330166 0
    outer loop
      vertex -30.3649 -24.8115 46
      vertex -30.2614 -25.1074 51
      vertex -30.2614 -25.1074 46
    endloop
  endfacet
  facet normal -0.84676 -0.531976 0
    outer loop
      vertex -27.7386 -23.8926 46
      vertex -27.9054 -23.6271 51
      vertex -27.9054 -23.6271 46
    endloop
  endfacet
  facet normal -0.84676 -0.531976 0
    outer loop
      vertex -27.9054 -23.6271 51
      vertex -27.7386 -23.8926 46
      vertex -27.7386 -23.8926 51
    endloop
  endfacet
  facet normal -0.707107 -0.707107 0
    outer loop
      vertex -27.9054 -23.6271 46
      vertex -28.1271 -23.4054 51
      vertex -28.1271 -23.4054 46
    endloop
  endfacet
  facet normal -0.707107 -0.707107 0
    outer loop
      vertex -28.1271 -23.4054 51
      vertex -27.9054 -23.6271 46
      vertex -27.9054 -23.6271 51
    endloop
  endfacet
  facet normal -0.111972 -0.993711 0
    outer loop
      vertex -29 -23.1 46
      vertex -28.6885 -23.1351 51
      vertex -29 -23.1 51
    endloop
  endfacet
  facet normal -0.111972 -0.993711 -0
    outer loop
      vertex -28.6885 -23.1351 51
      vertex -29 -23.1 46
      vertex -28.6885 -23.1351 46
    endloop
  endfacet
  facet normal -0.330166 -0.943923 0
    outer loop
      vertex -28.6885 -23.1351 46
      vertex -28.3926 -23.2386 51
      vertex -28.6885 -23.1351 51
    endloop
  endfacet
  facet normal -0.330166 -0.943923 -0
    outer loop
      vertex -28.3926 -23.2386 51
      vertex -28.6885 -23.1351 46
      vertex -28.3926 -23.2386 46
    endloop
  endfacet
  facet normal 0.993711 -0.111972 0
    outer loop
      vertex -30.4 -24.5 51
      vertex -30.3649 -24.1885 46
      vertex -30.3649 -24.1885 51
    endloop
  endfacet
  facet normal 0.993711 -0.111972 0
    outer loop
      vertex -30.3649 -24.1885 46
      vertex -30.4 -24.5 51
      vertex -30.4 -24.5 46
    endloop
  endfacet
  facet normal 0.707107 -0.707107 0
    outer loop
      vertex -30.0946 -23.6271 51
      vertex -29.8729 -23.4054 46
      vertex -29.8729 -23.4054 51
    endloop
  endfacet
  facet normal 0.707107 -0.707107 0
    outer loop
      vertex -29.8729 -23.4054 46
      vertex -30.0946 -23.6271 51
      vertex -30.0946 -23.6271 46
    endloop
  endfacet
  facet normal 0.111972 -0.993711 0
    outer loop
      vertex -29.3115 -23.1351 46
      vertex -29 -23.1 51
      vertex -29.3115 -23.1351 51
    endloop
  endfacet
  facet normal 0.111972 -0.993711 0
    outer loop
      vertex -29 -23.1 51
      vertex -29.3115 -23.1351 46
      vertex -29 -23.1 46
    endloop
  endfacet
  facet normal -0.993711 -0.111972 0
    outer loop
      vertex -27.6 -24.5 46
      vertex -27.6351 -24.1885 51
      vertex -27.6351 -24.1885 46
    endloop
  endfacet
  facet normal -0.993711 -0.111972 0
    outer loop
      vertex -27.6351 -24.1885 51
      vertex -27.6 -24.5 46
      vertex -27.6 -24.5 51
    endloop
  endfacet
  facet normal -0.111972 0.993711 0
    outer loop
      vertex -28.6885 -25.8649 46
      vertex -29 -25.9 51
      vertex -28.6885 -25.8649 51
    endloop
  endfacet
  facet normal -0.111972 0.993711 0
    outer loop
      vertex -29 -25.9 51
      vertex -28.6885 -25.8649 46
      vertex -29 -25.9 46
    endloop
  endfacet
  facet normal -0.84676 0.531976 0
    outer loop
      vertex -27.9054 -25.3729 46
      vertex -27.7386 -25.1074 51
      vertex -27.7386 -25.1074 46
    endloop
  endfacet
  facet normal -0.84676 0.531976 0
    outer loop
      vertex -27.7386 -25.1074 51
      vertex -27.9054 -25.3729 46
      vertex -27.9054 -25.3729 51
    endloop
  endfacet
  facet normal -0.943923 0.330166 0
    outer loop
      vertex -27.7386 -25.1074 46
      vertex -27.6351 -24.8115 51
      vertex -27.6351 -24.8115 46
    endloop
  endfacet
  facet normal -0.943923 0.330166 0
    outer loop
      vertex -27.6351 -24.8115 51
      vertex -27.7386 -25.1074 46
      vertex -27.7386 -25.1074 51
    endloop
  endfacet
  facet normal -0.330166 0.943923 0
    outer loop
      vertex -28.3926 -25.7614 46
      vertex -28.6885 -25.8649 51
      vertex -28.3926 -25.7614 51
    endloop
  endfacet
  facet normal -0.330166 0.943923 0
    outer loop
      vertex -28.6885 -25.8649 51
      vertex -28.3926 -25.7614 46
      vertex -28.6885 -25.8649 46
    endloop
  endfacet
  facet normal -0.531976 0.84676 0
    outer loop
      vertex -28.1271 -25.5946 46
      vertex -28.3926 -25.7614 51
      vertex -28.1271 -25.5946 51
    endloop
  endfacet
  facet normal -0.531976 0.84676 0
    outer loop
      vertex -28.3926 -25.7614 51
      vertex -28.1271 -25.5946 46
      vertex -28.3926 -25.7614 46
    endloop
  endfacet
  facet normal 0.111972 0.993711 -0
    outer loop
      vertex -29 -25.9 46
      vertex -29.3115 -25.8649 51
      vertex -29 -25.9 51
    endloop
  endfacet
  facet normal 0.111972 0.993711 0
    outer loop
      vertex -29.3115 -25.8649 51
      vertex -29 -25.9 46
      vertex -29.3115 -25.8649 46
    endloop
  endfacet
  facet normal 0.707107 0.707107 0
    outer loop
      vertex -29.8729 -25.5946 51
      vertex -30.0946 -25.3729 46
      vertex -30.0946 -25.3729 51
    endloop
  endfacet
  facet normal 0.707107 0.707107 0
    outer loop
      vertex -30.0946 -25.3729 46
      vertex -29.8729 -25.5946 51
      vertex -29.8729 -25.5946 46
    endloop
  endfacet
  facet normal 0.84676 0.531976 0
    outer loop
      vertex -30.0946 -25.3729 51
      vertex -30.2614 -25.1074 46
      vertex -30.2614 -25.1074 51
    endloop
  endfacet
  facet normal 0.84676 0.531976 0
    outer loop
      vertex -30.2614 -25.1074 46
      vertex -30.0946 -25.3729 51
      vertex -30.0946 -25.3729 46
    endloop
  endfacet
  facet normal 0.993711 0.111972 0
    outer loop
      vertex -30.3649 -24.8115 51
      vertex -30.4 -24.5 46
      vertex -30.4 -24.5 51
    endloop
  endfacet
  facet normal 0.993711 0.111972 0
    outer loop
      vertex -30.4 -24.5 46
      vertex -30.3649 -24.8115 51
      vertex -30.3649 -24.8115 46
    endloop
  endfacet
  facet normal 0.943923 -0.330166 0
    outer loop
      vertex -30.3649 -24.1885 51
      vertex -30.2614 -23.8926 46
      vertex -30.2614 -23.8926 51
    endloop
  endfacet
  facet normal 0.943923 -0.330166 0
    outer loop
      vertex -30.2614 -23.8926 46
      vertex -30.3649 -24.1885 51
      vertex -30.3649 -24.1885 46
    endloop
  endfacet
  facet normal 0.531976 0.84676 -0
    outer loop
      vertex -29.6074 -25.7614 46
      vertex -29.8729 -25.5946 51
      vertex -29.6074 -25.7614 51
    endloop
  endfacet
  facet normal 0.531976 0.84676 0
    outer loop
      vertex -29.8729 -25.5946 51
      vertex -29.6074 -25.7614 46
      vertex -29.8729 -25.5946 46
    endloop
  endfacet
  facet normal 0.555568 0.831471 -0
    outer loop
      vertex -27.0215 27.0784 46
      vertex -27.375 27.3146 51
      vertex -27.0215 27.0784 51
    endloop
  endfacet
  facet normal 0.555568 0.831471 0
    outer loop
      vertex -27.375 27.3146 51
      vertex -27.0215 27.0784 46
      vertex -27.375 27.3146 46
    endloop
  endfacet
  facet normal -0.321586 0.94688 0
    outer loop
      vertex -29.8412 27.6393 46
      vertex -30.2437 27.5026 51
      vertex -29.8412 27.6393 51
    endloop
  endfacet
  facet normal -0.321586 0.94688 0
    outer loop
      vertex -30.2437 27.5026 51
      vertex -29.8412 27.6393 46
      vertex -30.2437 27.5026 46
    endloop
  endfacet
  facet normal -0.896907 0.44222 0
    outer loop
      vertex -32.0026 25.7437 46
      vertex -31.8146 26.125 51
      vertex -31.8146 26.125 46
    endloop
  endfacet
  facet normal -0.896907 0.44222 0
    outer loop
      vertex -31.8146 26.125 51
      vertex -32.0026 25.7437 46
      vertex -32.0026 25.7437 51
    endloop
  endfacet
  facet normal 0.896907 0.44222 0
    outer loop
      vertex -25.9974 25.7437 51
      vertex -26.1854 26.125 46
      vertex -26.1854 26.125 51
    endloop
  endfacet
  facet normal 0.896907 0.44222 0
    outer loop
      vertex -26.1854 26.125 46
      vertex -25.9974 25.7437 51
      vertex -25.9974 25.7437 46
    endloop
  endfacet
  facet normal 0.831471 0.555568 0
    outer loop
      vertex -26.1854 26.125 51
      vertex -26.4216 26.4785 46
      vertex -26.4216 26.4785 51
    endloop
  endfacet
  facet normal 0.831471 0.555568 0
    outer loop
      vertex -26.4216 26.4785 46
      vertex -26.1854 26.125 51
      vertex -26.1854 26.125 46
    endloop
  endfacet
  facet normal 0.44222 0.896907 -0
    outer loop
      vertex -27.375 27.3146 46
      vertex -27.7563 27.5026 51
      vertex -27.375 27.3146 51
    endloop
  endfacet
  facet normal 0.44222 0.896907 0
    outer loop
      vertex -27.7563 27.5026 51
      vertex -27.375 27.3146 46
      vertex -27.7563 27.5026 46
    endloop
  endfacet
  facet normal 0.0653948 0.997859 -0
    outer loop
      vertex -28.5758 27.7222 46
      vertex -29 27.75 51
      vertex -28.5758 27.7222 51
    endloop
  endfacet
  facet normal 0.0653948 0.997859 0
    outer loop
      vertex -29 27.75 51
      vertex -28.5758 27.7222 46
      vertex -29 27.75 46
    endloop
  endfacet
  facet normal -0.997859 0.0653948 0
    outer loop
      vertex -32.25 24.5 46
      vertex -32.2222 24.9242 51
      vertex -32.2222 24.9242 46
    endloop
  endfacet
  facet normal -0.997859 0.0653948 0
    outer loop
      vertex -32.2222 24.9242 51
      vertex -32.25 24.5 46
      vertex -32.25 24.5 51
    endloop
  endfacet
  facet normal -0.751818 0.65937 0
    outer loop
      vertex -31.5784 26.4785 46
      vertex -31.2981 26.7981 51
      vertex -31.2981 26.7981 46
    endloop
  endfacet
  facet normal -0.751818 0.65937 0
    outer loop
      vertex -31.2981 26.7981 51
      vertex -31.5784 26.4785 46
      vertex -31.5784 26.4785 51
    endloop
  endfacet
  facet normal -0.0653948 0.997859 0
    outer loop
      vertex -29 27.75 46
      vertex -29.4242 27.7222 51
      vertex -29 27.75 51
    endloop
  endfacet
  facet normal -0.0653948 0.997859 0
    outer loop
      vertex -29.4242 27.7222 51
      vertex -29 27.75 46
      vertex -29.4242 27.7222 46
    endloop
  endfacet
  facet normal -0.65937 0.751818 0
    outer loop
      vertex -30.9785 27.0784 46
      vertex -31.2981 26.7981 51
      vertex -30.9785 27.0784 51
    endloop
  endfacet
  facet normal -0.65937 0.751818 0
    outer loop
      vertex -31.2981 26.7981 51
      vertex -30.9785 27.0784 46
      vertex -31.2981 26.7981 46
    endloop
  endfacet
  facet normal 0.997859 0.0653948 0
    outer loop
      vertex -25.75 24.5 51
      vertex -25.7778 24.9242 46
      vertex -25.7778 24.9242 51
    endloop
  endfacet
  facet normal 0.997859 0.0653948 0
    outer loop
      vertex -25.7778 24.9242 46
      vertex -25.75 24.5 51
      vertex -25.75 24.5 46
    endloop
  endfacet
  facet normal 0.0653948 -0.997859 0
    outer loop
      vertex -29 21.25 46
      vertex -28.5758 21.2778 51
      vertex -29 21.25 51
    endloop
  endfacet
  facet normal 0.0653948 -0.997859 0
    outer loop
      vertex -28.5758 21.2778 51
      vertex -29 21.25 46
      vertex -28.5758 21.2778 46
    endloop
  endfacet
  facet normal 0.831471 -0.555568 0
    outer loop
      vertex -26.4216 22.5215 51
      vertex -26.1854 22.875 46
      vertex -26.1854 22.875 51
    endloop
  endfacet
  facet normal 0.831471 -0.555568 0
    outer loop
      vertex -26.1854 22.875 46
      vertex -26.4216 22.5215 51
      vertex -26.4216 22.5215 46
    endloop
  endfacet
  facet normal 0.94688 -0.321586 0
    outer loop
      vertex -25.9974 23.2563 51
      vertex -25.8607 23.6588 46
      vertex -25.8607 23.6588 51
    endloop
  endfacet
  facet normal 0.94688 -0.321586 0
    outer loop
      vertex -25.8607 23.6588 46
      vertex -25.9974 23.2563 51
      vertex -25.9974 23.2563 46
    endloop
  endfacet
  facet normal -0.0653948 -0.997859 0
    outer loop
      vertex -29.4242 21.2778 46
      vertex -29 21.25 51
      vertex -29.4242 21.2778 51
    endloop
  endfacet
  facet normal -0.0653948 -0.997859 -0
    outer loop
      vertex -29 21.25 51
      vertex -29.4242 21.2778 46
      vertex -29 21.25 46
    endloop
  endfacet
  facet normal -0.65937 -0.751818 0
    outer loop
      vertex -31.2981 22.2019 46
      vertex -30.9785 21.9216 51
      vertex -31.2981 22.2019 51
    endloop
  endfacet
  facet normal -0.65937 -0.751818 -0
    outer loop
      vertex -30.9785 21.9216 51
      vertex -31.2981 22.2019 46
      vertex -30.9785 21.9216 46
    endloop
  endfacet
  facet normal -0.997859 -0.0653948 0
    outer loop
      vertex -32.2222 24.0758 46
      vertex -32.25 24.5 51
      vertex -32.25 24.5 46
    endloop
  endfacet
  facet normal -0.997859 -0.0653948 0
    outer loop
      vertex -32.25 24.5 51
      vertex -32.2222 24.0758 46
      vertex -32.2222 24.0758 51
    endloop
  endfacet
  facet normal 0 0 -1
    outer loop
      vertex -27.6 24.5 46
      vertex -25.75 24.5 46
      vertex -25.7778 24.0758 46
    endloop
  endfacet
  facet normal 0 0 -1
    outer loop
      vertex -27.6351 24.1885 46
      vertex -25.7778 24.0758 46
      vertex -25.8607 23.6588 46
    endloop
  endfacet
  facet normal 0 0 -1
    outer loop
      vertex -25.75 24.5 46
      vertex -27.6 24.5 46
      vertex -25.7778 24.9242 46
    endloop
  endfacet
  facet normal 0 0 -1
    outer loop
      vertex -27.6351 24.1885 46
      vertex -25.8607 23.6588 46
      vertex -25.9974 23.2563 46
    endloop
  endfacet
  facet normal 0 0 -1
    outer loop
      vertex -27.6351 24.8115 46
      vertex -25.7778 24.9242 46
      vertex -27.6 24.5 46
    endloop
  endfacet
  facet normal 0 0 -1
    outer loop
      vertex -27.7386 23.8926 46
      vertex -25.9974 23.2563 46
      vertex -26.1854 22.875 46
    endloop
  endfacet
  facet normal -0 0 -1
    outer loop
      vertex -25.7778 24.9242 46
      vertex -27.6351 24.8115 46
      vertex -25.8607 25.3412 46
    endloop
  endfacet
  facet normal 0 0 -1
    outer loop
      vertex -27.9054 23.6271 46
      vertex -26.1854 22.875 46
      vertex -26.4216 22.5215 46
    endloop
  endfacet
  facet normal -0 0 -1
    outer loop
      vertex -25.8607 25.3412 46
      vertex -27.6351 24.8115 46
      vertex -25.9974 25.7437 46
    endloop
  endfacet
  facet normal 0 0 -1
    outer loop
      vertex -27.9054 23.6271 46
      vertex -26.4216 22.5215 46
      vertex -26.7019 22.2019 46
    endloop
  endfacet
  facet normal 0 0 -1
    outer loop
      vertex -27.7386 25.1074 46
      vertex -25.9974 25.7437 46
      vertex -27.6351 24.8115 46
    endloop
  endfacet
  facet normal 0 0 -1
    outer loop
      vertex -28.1271 23.4054 46
      vertex -26.7019 22.2019 46
      vertex -27.0215 21.9216 46
    endloop
  endfacet
  facet normal -0 0 -1
    outer loop
      vertex -25.9974 25.7437 46
      vertex -27.7386 25.1074 46
      vertex -26.1854 26.125 46
    endloop
  endfacet
  facet normal 0 0 -1
    outer loop
      vertex -28.1271 23.4054 46
      vertex -27.0215 21.9216 46
      vertex -27.375 21.6854 46
    endloop
  endfacet
  facet normal 0 0 -1
    outer loop
      vertex -27.9054 25.3729 46
      vertex -26.1854 26.125 46
      vertex -27.7386 25.1074 46
    endloop
  endfacet
  facet normal -0 0 -1
    outer loop
      vertex -26.1854 26.125 46
      vertex -27.9054 25.3729 46
      vertex -26.4216 26.4785 46
    endloop
  endfacet
  facet normal 0 0 -1
    outer loop
      vertex -25.7778 24.0758 46
      vertex -27.6351 24.1885 46
      vertex -27.6 24.5 46
    endloop
  endfacet
  facet normal 0 0 -1
    outer loop
      vertex -25.9974 23.2563 46
      vertex -27.7386 23.8926 46
      vertex -27.6351 24.1885 46
    endloop
  endfacet
  facet normal 0 0 -1
    outer loop
      vertex -28.3926 23.2386 46
      vertex -27.375 21.6854 46
      vertex -27.7563 21.4974 46
    endloop
  endfacet
  facet normal 0 0 -1
    outer loop
      vertex -26.1854 22.875 46
      vertex -27.9054 23.6271 46
      vertex -27.7386 23.8926 46
    endloop
  endfacet
  facet normal 0 0 -1
    outer loop
      vertex -26.7019 22.2019 46
      vertex -28.1271 23.4054 46
      vertex -27.9054 23.6271 46
    endloop
  endfacet
  facet normal 0 0 -1
    outer loop
      vertex -28.6885 23.1351 46
      vertex -27.7563 21.4974 46
      vertex -28.1588 21.3607 46
    endloop
  endfacet
  facet normal 0 0 -1
    outer loop
      vertex -27.375 21.6854 46
      vertex -28.3926 23.2386 46
      vertex -28.1271 23.4054 46
    endloop
  endfacet
  facet normal 0 0 -1
    outer loop
      vertex -28.6885 23.1351 46
      vertex -28.1588 21.3607 46
      vertex -28.5758 21.2778 46
    endloop
  endfacet
  facet normal 0 0 -1
    outer loop
      vertex -27.7563 21.4974 46
      vertex -28.6885 23.1351 46
      vertex -28.3926 23.2386 46
    endloop
  endfacet
  facet normal 0 0 -1
    outer loop
      vertex -29 23.1 46
      vertex -28.5758 21.2778 46
      vertex -29 21.25 46
    endloop
  endfacet
  facet normal 0 0 -1
    outer loop
      vertex -28.5758 21.2778 46
      vertex -29 23.1 46
      vertex -28.6885 23.1351 46
    endloop
  endfacet
  facet normal 0 0 -1
    outer loop
      vertex -29.4242 21.2778 46
      vertex -29 23.1 46
      vertex -29 21.25 46
    endloop
  endfacet
  facet normal -0 0 -1
    outer loop
      vertex -29 23.1 46
      vertex -29.4242 21.2778 46
      vertex -29.3115 23.1351 46
    endloop
  endfacet
  facet normal 0 0 -1
    outer loop
      vertex -29.8412 21.3607 46
      vertex -29.3115 23.1351 46
      vertex -29.4242 21.2778 46
    endloop
  endfacet
  facet normal 0 0 -1
    outer loop
      vertex -30.2437 21.4974 46
      vertex -29.3115 23.1351 46
      vertex -29.8412 21.3607 46
    endloop
  endfacet
  facet normal -0 0 -1
    outer loop
      vertex -29.3115 23.1351 46
      vertex -30.2437 21.4974 46
      vertex -29.6074 23.2386 46
    endloop
  endfacet
  facet normal 0 0 -1
    outer loop
      vertex -30.625 21.6854 46
      vertex -29.6074 23.2386 46
      vertex -30.2437 21.4974 46
    endloop
  endfacet
  facet normal -0 0 -1
    outer loop
      vertex -29.6074 23.2386 46
      vertex -30.625 21.6854 46
      vertex -29.8729 23.4054 46
    endloop
  endfacet
  facet normal 0 0 -1
    outer loop
      vertex -30.9785 21.9216 46
      vertex -29.8729 23.4054 46
      vertex -30.625 21.6854 46
    endloop
  endfacet
  facet normal 0 0 -1
    outer loop
      vertex -31.2981 22.2019 46
      vertex -29.8729 23.4054 46
      vertex -30.9785 21.9216 46
    endloop
  endfacet
  facet normal -0 0 -1
    outer loop
      vertex -29.8729 23.4054 46
      vertex -31.2981 22.2019 46
      vertex -30.0946 23.6271 46
    endloop
  endfacet
  facet normal 0 0 -1
    outer loop
      vertex -31.5784 22.5215 46
      vertex -30.0946 23.6271 46
      vertex -31.2981 22.2019 46
    endloop
  endfacet
  facet normal -0 0 -1
    outer loop
      vertex -26.4216 26.4785 46
      vertex -27.9054 25.3729 46
      vertex -26.7019 26.7981 46
    endloop
  endfacet
  facet normal 0 0 -1
    outer loop
      vertex -28.1271 25.5946 46
      vertex -26.7019 26.7981 46
      vertex -27.9054 25.3729 46
    endloop
  endfacet
  facet normal -0 0 -1
    outer loop
      vertex -26.7019 26.7981 46
      vertex -28.1271 25.5946 46
      vertex -27.0215 27.0784 46
    endloop
  endfacet
  facet normal -0 0 -1
    outer loop
      vertex -27.0215 27.0784 46
      vertex -28.1271 25.5946 46
      vertex -27.375 27.3146 46
    endloop
  endfacet
  facet normal 0 0 -1
    outer loop
      vertex -28.3926 25.7614 46
      vertex -27.375 27.3146 46
      vertex -28.1271 25.5946 46
    endloop
  endfacet
  facet normal -0 0 -1
    outer loop
      vertex -27.375 27.3146 46
      vertex -28.3926 25.7614 46
      vertex -27.7563 27.5026 46
    endloop
  endfacet
  facet normal 0 0 -1
    outer loop
      vertex -28.6885 25.8649 46
      vertex -27.7563 27.5026 46
      vertex -28.3926 25.7614 46
    endloop
  endfacet
  facet normal -0 0 -1
    outer loop
      vertex -27.7563 27.5026 46
      vertex -28.6885 25.8649 46
      vertex -28.1588 27.6393 46
    endloop
  endfacet
  facet normal -0 0 -1
    outer loop
      vertex -28.1588 27.6393 46
      vertex -28.6885 25.8649 46
      vertex -28.5758 27.7222 46
    endloop
  endfacet
  facet normal 0 0 -1
    outer loop
      vertex -29 25.9 46
      vertex -28.5758 27.7222 46
      vertex -28.6885 25.8649 46
    endloop
  endfacet
  facet normal 0 0 -1
    outer loop
      vertex -29 25.9 46
      vertex -29 27.75 46
      vertex -28.5758 27.7222 46
    endloop
  endfacet
  facet normal 0 0 -1
    outer loop
      vertex -29.4242 27.7222 46
      vertex -29 25.9 46
      vertex -29.3115 25.8649 46
    endloop
  endfacet
  facet normal 0 0 -1
    outer loop
      vertex -29 25.9 46
      vertex -29.4242 27.7222 46
      vertex -29 27.75 46
    endloop
  endfacet
  facet normal 0 0 -1
    outer loop
      vertex -30.2437 27.5026 46
      vertex -29.3115 25.8649 46
      vertex -29.6074 25.7614 46
    endloop
  endfacet
  facet normal 0 0 -1
    outer loop
      vertex -29.3115 25.8649 46
      vertex -29.8412 27.6393 46
      vertex -29.4242 27.7222 46
    endloop
  endfacet
  facet normal 0 0 -1
    outer loop
      vertex -30.625 27.3146 46
      vertex -29.6074 25.7614 46
      vertex -29.8729 25.5946 46
    endloop
  endfacet
  facet normal 0 0 -1
    outer loop
      vertex -31.2981 26.7981 46
      vertex -29.8729 25.5946 46
      vertex -30.0946 25.3729 46
    endloop
  endfacet
  facet normal 0 0 -1
    outer loop
      vertex -29.3115 25.8649 46
      vertex -30.2437 27.5026 46
      vertex -29.8412 27.6393 46
    endloop
  endfacet
  facet normal 0 0 -1
    outer loop
      vertex -31.8146 26.125 46
      vertex -30.0946 25.3729 46
      vertex -30.2614 25.1074 46
    endloop
  endfacet
  facet normal 0 0 -1
    outer loop
      vertex -32.0026 25.7437 46
      vertex -30.2614 25.1074 46
      vertex -30.3649 24.8115 46
    endloop
  endfacet
  facet normal 0 0 -1
    outer loop
      vertex -32.2222 24.9242 46
      vertex -30.3649 24.8115 46
      vertex -30.4 24.5 46
    endloop
  endfacet
  facet normal 0 0 -1
    outer loop
      vertex -31.8146 22.875 46
      vertex -30.0946 23.6271 46
      vertex -31.5784 22.5215 46
    endloop
  endfacet
  facet normal 0 0 -1
    outer loop
      vertex -29.6074 25.7614 46
      vertex -30.625 27.3146 46
      vertex -30.2437 27.5026 46
    endloop
  endfacet
  facet normal -0 0 -1
    outer loop
      vertex -30.0946 23.6271 46
      vertex -31.8146 22.875 46
      vertex -30.2614 23.8926 46
    endloop
  endfacet
  facet normal 0 0 -1
    outer loop
      vertex -29.8729 25.5946 46
      vertex -30.9785 27.0784 46
      vertex -30.625 27.3146 46
    endloop
  endfacet
  facet normal 0 0 -1
    outer loop
      vertex -32.0026 23.2563 46
      vertex -30.2614 23.8926 46
      vertex -31.8146 22.875 46
    endloop
  endfacet
  facet normal 0 0 -1
    outer loop
      vertex -29.8729 25.5946 46
      vertex -31.2981 26.7981 46
      vertex -30.9785 27.0784 46
    endloop
  endfacet
  facet normal -0 0 -1
    outer loop
      vertex -30.2614 23.8926 46
      vertex -32.0026 23.2563 46
      vertex -30.3649 24.1885 46
    endloop
  endfacet
  facet normal 0 0 -1
    outer loop
      vertex -30.0946 25.3729 46
      vertex -31.5784 26.4785 46
      vertex -31.2981 26.7981 46
    endloop
  endfacet
  facet normal 0 0 -1
    outer loop
      vertex -32.1393 23.6588 46
      vertex -30.3649 24.1885 46
      vertex -32.0026 23.2563 46
    endloop
  endfacet
  facet normal 0 0 -1
    outer loop
      vertex -30.0946 25.3729 46
      vertex -31.8146 26.125 46
      vertex -31.5784 26.4785 46
    endloop
  endfacet
  facet normal 0 0 -1
    outer loop
      vertex -32.2222 24.0758 46
      vertex -30.3649 24.1885 46
      vertex -32.1393 23.6588 46
    endloop
  endfacet
  facet normal 0 0 -1
    outer loop
      vertex -30.2614 25.1074 46
      vertex -32.0026 25.7437 46
      vertex -31.8146 26.125 46
    endloop
  endfacet
  facet normal -0 0 -1
    outer loop
      vertex -30.3649 24.1885 46
      vertex -32.2222 24.0758 46
      vertex -30.4 24.5 46
    endloop
  endfacet
  facet normal 0 0 -1
    outer loop
      vertex -30.3649 24.8115 46
      vertex -32.1393 25.3412 46
      vertex -32.0026 25.7437 46
    endloop
  endfacet
  facet normal 0 0 -1
    outer loop
      vertex -32.25 24.5 46
      vertex -30.4 24.5 46
      vertex -32.2222 24.0758 46
    endloop
  endfacet
  facet normal 0 0 -1
    outer loop
      vertex -30.3649 24.8115 46
      vertex -32.2222 24.9242 46
      vertex -32.1393 25.3412 46
    endloop
  endfacet
  facet normal 0 0 -1
    outer loop
      vertex -30.4 24.5 46
      vertex -32.25 24.5 46
      vertex -32.2222 24.9242 46
    endloop
  endfacet
  facet normal -0.751818 -0.65937 0
    outer loop
      vertex -31.2981 22.2019 46
      vertex -31.5784 22.5215 51
      vertex -31.5784 22.5215 46
    endloop
  endfacet
  facet normal -0.751818 -0.65937 0
    outer loop
      vertex -31.5784 22.5215 51
      vertex -31.2981 22.2019 46
      vertex -31.2981 22.2019 51
    endloop
  endfacet
  facet normal 0.980806 0.194985 0
    outer loop
      vertex -25.7778 24.9242 51
      vertex -25.8607 25.3412 46
      vertex -25.8607 25.3412 51
    endloop
  endfacet
  facet normal 0.980806 0.194985 0
    outer loop
      vertex -25.8607 25.3412 46
      vertex -25.7778 24.9242 51
      vertex -25.7778 24.9242 46
    endloop
  endfacet
  facet normal 0.94688 0.321586 0
    outer loop
      vertex -25.8607 25.3412 51
      vertex -25.9974 25.7437 46
      vertex -25.9974 25.7437 51
    endloop
  endfacet
  facet normal 0.94688 0.321586 0
    outer loop
      vertex -25.9974 25.7437 46
      vertex -25.8607 25.3412 51
      vertex -25.8607 25.3412 46
    endloop
  endfacet
  facet normal 0.751818 0.65937 0
    outer loop
      vertex -26.4216 26.4785 51
      vertex -26.7019 26.7981 46
      vertex -26.7019 26.7981 51
    endloop
  endfacet
  facet normal 0.751818 0.65937 0
    outer loop
      vertex -26.7019 26.7981 46
      vertex -26.4216 26.4785 51
      vertex -26.4216 26.4785 46
    endloop
  endfacet
  facet normal 0.65937 0.751818 -0
    outer loop
      vertex -26.7019 26.7981 46
      vertex -27.0215 27.0784 51
      vertex -26.7019 26.7981 51
    endloop
  endfacet
  facet normal 0.65937 0.751818 0
    outer loop
      vertex -27.0215 27.0784 51
      vertex -26.7019 26.7981 46
      vertex -27.0215 27.0784 46
    endloop
  endfacet
  facet normal 0.321586 0.94688 -0
    outer loop
      vertex -27.7563 27.5026 46
      vertex -28.1588 27.6393 51
      vertex -27.7563 27.5026 51
    endloop
  endfacet
  facet normal 0.321586 0.94688 0
    outer loop
      vertex -28.1588 27.6393 51
      vertex -27.7563 27.5026 46
      vertex -28.1588 27.6393 46
    endloop
  endfacet
  facet normal 0.194985 0.980806 -0
    outer loop
      vertex -28.1588 27.6393 46
      vertex -28.5758 27.7222 51
      vertex -28.1588 27.6393 51
    endloop
  endfacet
  facet normal 0.194985 0.980806 0
    outer loop
      vertex -28.5758 27.7222 51
      vertex -28.1588 27.6393 46
      vertex -28.5758 27.7222 46
    endloop
  endfacet
  facet normal -0.94688 0.321586 0
    outer loop
      vertex -32.1393 25.3412 46
      vertex -32.0026 25.7437 51
      vertex -32.0026 25.7437 46
    endloop
  endfacet
  facet normal -0.94688 0.321586 0
    outer loop
      vertex -32.0026 25.7437 51
      vertex -32.1393 25.3412 46
      vertex -32.1393 25.3412 51
    endloop
  endfacet
  facet normal -0.980806 0.194985 0
    outer loop
      vertex -32.2222 24.9242 46
      vertex -32.1393 25.3412 51
      vertex -32.1393 25.3412 46
    endloop
  endfacet
  facet normal -0.980806 0.194985 0
    outer loop
      vertex -32.1393 25.3412 51
      vertex -32.2222 24.9242 46
      vertex -32.2222 24.9242 51
    endloop
  endfacet
  facet normal -0.831471 0.555568 0
    outer loop
      vertex -31.8146 26.125 46
      vertex -31.5784 26.4785 51
      vertex -31.5784 26.4785 46
    endloop
  endfacet
  facet normal -0.831471 0.555568 0
    outer loop
      vertex -31.5784 26.4785 51
      vertex -31.8146 26.125 46
      vertex -31.8146 26.125 51
    endloop
  endfacet
  facet normal -0.194985 0.980806 0
    outer loop
      vertex -29.4242 27.7222 46
      vertex -29.8412 27.6393 51
      vertex -29.4242 27.7222 51
    endloop
  endfacet
  facet normal -0.194985 0.980806 0
    outer loop
      vertex -29.8412 27.6393 51
      vertex -29.4242 27.7222 46
      vertex -29.8412 27.6393 46
    endloop
  endfacet
  facet normal -0.555568 0.831471 0
    outer loop
      vertex -30.625 27.3146 46
      vertex -30.9785 27.0784 51
      vertex -30.625 27.3146 51
    endloop
  endfacet
  facet normal -0.555568 0.831471 0
    outer loop
      vertex -30.9785 27.0784 51
      vertex -30.625 27.3146 46
      vertex -30.9785 27.0784 46
    endloop
  endfacet
  facet normal -0.44222 0.896907 0
    outer loop
      vertex -30.2437 27.5026 46
      vertex -30.625 27.3146 51
      vertex -30.2437 27.5026 51
    endloop
  endfacet
  facet normal -0.44222 0.896907 0
    outer loop
      vertex -30.625 27.3146 51
      vertex -30.2437 27.5026 46
      vertex -30.625 27.3146 46
    endloop
  endfacet
  facet normal 0.997859 -0.0653948 0
    outer loop
      vertex -25.7778 24.0758 51
      vertex -25.75 24.5 46
      vertex -25.75 24.5 51
    endloop
  endfacet
  facet normal 0.997859 -0.0653948 0
    outer loop
      vertex -25.75 24.5 46
      vertex -25.7778 24.0758 51
      vertex -25.7778 24.0758 46
    endloop
  endfacet
  facet normal 0.194985 -0.980806 0
    outer loop
      vertex -28.5758 21.2778 46
      vertex -28.1588 21.3607 51
      vertex -28.5758 21.2778 51
    endloop
  endfacet
  facet normal 0.194985 -0.980806 0
    outer loop
      vertex -28.1588 21.3607 51
      vertex -28.5758 21.2778 46
      vertex -28.1588 21.3607 46
    endloop
  endfacet
  facet normal 0.65937 -0.751818 0
    outer loop
      vertex -27.0215 21.9216 46
      vertex -26.7019 22.2019 51
      vertex -27.0215 21.9216 51
    endloop
  endfacet
  facet normal 0.65937 -0.751818 0
    outer loop
      vertex -26.7019 22.2019 51
      vertex -27.0215 21.9216 46
      vertex -26.7019 22.2019 46
    endloop
  endfacet
  facet normal 0.44222 -0.896907 0
    outer loop
      vertex -27.7563 21.4974 46
      vertex -27.375 21.6854 51
      vertex -27.7563 21.4974 51
    endloop
  endfacet
  facet normal 0.44222 -0.896907 0
    outer loop
      vertex -27.375 21.6854 51
      vertex -27.7563 21.4974 46
      vertex -27.375 21.6854 46
    endloop
  endfacet
  facet normal -0.321586 -0.94688 0
    outer loop
      vertex -30.2437 21.4974 46
      vertex -29.8412 21.3607 51
      vertex -30.2437 21.4974 51
    endloop
  endfacet
  facet normal -0.321586 -0.94688 -0
    outer loop
      vertex -29.8412 21.3607 51
      vertex -30.2437 21.4974 46
      vertex -29.8412 21.3607 46
    endloop
  endfacet
  facet normal -0.555568 -0.831471 0
    outer loop
      vertex -30.9785 21.9216 46
      vertex -30.625 21.6854 51
      vertex -30.9785 21.9216 51
    endloop
  endfacet
  facet normal -0.555568 -0.831471 -0
    outer loop
      vertex -30.625 21.6854 51
      vertex -30.9785 21.9216 46
      vertex -30.625 21.6854 46
    endloop
  endfacet
  facet normal -0.980806 -0.194985 0
    outer loop
      vertex -32.1393 23.6588 46
      vertex -32.2222 24.0758 51
      vertex -32.2222 24.0758 46
    endloop
  endfacet
  facet normal -0.980806 -0.194985 0
    outer loop
      vertex -32.2222 24.0758 51
      vertex -32.1393 23.6588 46
      vertex -32.1393 23.6588 51
    endloop
  endfacet
  facet normal -0.896907 -0.44222 0
    outer loop
      vertex -31.8146 22.875 46
      vertex -32.0026 23.2563 51
      vertex -32.0026 23.2563 46
    endloop
  endfacet
  facet normal -0.896907 -0.44222 0
    outer loop
      vertex -32.0026 23.2563 51
      vertex -31.8146 22.875 46
      vertex -31.8146 22.875 51
    endloop
  endfacet
  facet normal 0.980806 -0.194985 0
    outer loop
      vertex -25.8607 23.6588 51
      vertex -25.7778 24.0758 46
      vertex -25.7778 24.0758 51
    endloop
  endfacet
  facet normal 0.980806 -0.194985 0
    outer loop
      vertex -25.7778 24.0758 46
      vertex -25.8607 23.6588 51
      vertex -25.8607 23.6588 46
    endloop
  endfacet
  facet normal 0.896907 -0.44222 0
    outer loop
      vertex -26.1854 22.875 51
      vertex -25.9974 23.2563 46
      vertex -25.9974 23.2563 51
    endloop
  endfacet
  facet normal 0.896907 -0.44222 0
    outer loop
      vertex -25.9974 23.2563 46
      vertex -26.1854 22.875 51
      vertex -26.1854 22.875 46
    endloop
  endfacet
  facet normal 0.321586 -0.94688 0
    outer loop
      vertex -28.1588 21.3607 46
      vertex -27.7563 21.4974 51
      vertex -28.1588 21.3607 51
    endloop
  endfacet
  facet normal 0.321586 -0.94688 0
    outer loop
      vertex -27.7563 21.4974 51
      vertex -28.1588 21.3607 46
      vertex -27.7563 21.4974 46
    endloop
  endfacet
  facet normal 0.751818 -0.65937 0
    outer loop
      vertex -26.7019 22.2019 51
      vertex -26.4216 22.5215 46
      vertex -26.4216 22.5215 51
    endloop
  endfacet
  facet normal 0.751818 -0.65937 0
    outer loop
      vertex -26.4216 22.5215 46
      vertex -26.7019 22.2019 51
      vertex -26.7019 22.2019 46
    endloop
  endfacet
  facet normal 0.555568 -0.831471 0
    outer loop
      vertex -27.375 21.6854 46
      vertex -27.0215 21.9216 51
      vertex -27.375 21.6854 51
    endloop
  endfacet
  facet normal 0.555568 -0.831471 0
    outer loop
      vertex -27.0215 21.9216 51
      vertex -27.375 21.6854 46
      vertex -27.0215 21.9216 46
    endloop
  endfacet
  facet normal -0.194985 -0.980806 0
    outer loop
      vertex -29.8412 21.3607 46
      vertex -29.4242 21.2778 51
      vertex -29.8412 21.3607 51
    endloop
  endfacet
  facet normal -0.194985 -0.980806 -0
    outer loop
      vertex -29.4242 21.2778 51
      vertex -29.8412 21.3607 46
      vertex -29.4242 21.2778 46
    endloop
  endfacet
  facet normal -0.44222 -0.896907 0
    outer loop
      vertex -30.625 21.6854 46
      vertex -30.2437 21.4974 51
      vertex -30.625 21.6854 51
    endloop
  endfacet
  facet normal -0.44222 -0.896907 -0
    outer loop
      vertex -30.2437 21.4974 51
      vertex -30.625 21.6854 46
      vertex -30.2437 21.4974 46
    endloop
  endfacet
  facet normal -0.94688 -0.321586 0
    outer loop
      vertex -32.0026 23.2563 46
      vertex -32.1393 23.6588 51
      vertex -32.1393 23.6588 46
    endloop
  endfacet
  facet normal -0.94688 -0.321586 0
    outer loop
      vertex -32.1393 23.6588 51
      vertex -32.0026 23.2563 46
      vertex -32.0026 23.2563 51
    endloop
  endfacet
  facet normal -0.831471 -0.555568 0
    outer loop
      vertex -31.5784 22.5215 46
      vertex -31.8146 22.875 51
      vertex -31.8146 22.875 46
    endloop
  endfacet
  facet normal -0.831471 -0.555568 0
    outer loop
      vertex -31.8146 22.875 51
      vertex -31.5784 22.5215 46
      vertex -31.5784 22.5215 51
    endloop
  endfacet
  facet normal -0.531976 -0.84676 0
    outer loop
      vertex -28.3926 25.7614 46
      vertex -28.1271 25.5946 51
      vertex -28.3926 25.7614 51
    endloop
  endfacet
  facet normal -0.531976 -0.84676 -0
    outer loop
      vertex -28.1271 25.5946 51
      vertex -28.3926 25.7614 46
      vertex -28.1271 25.5946 46
    endloop
  endfacet
  facet normal -0.993711 0.111972 0
    outer loop
      vertex -27.6351 24.1885 46
      vertex -27.6 24.5 51
      vertex -27.6 24.5 46
    endloop
  endfacet
  facet normal -0.993711 0.111972 0
    outer loop
      vertex -27.6 24.5 51
      vertex -27.6351 24.1885 46
      vertex -27.6351 24.1885 51
    endloop
  endfacet
  facet normal 0.330166 0.943923 -0
    outer loop
      vertex -29.3115 23.1351 46
      vertex -29.6074 23.2386 51
      vertex -29.3115 23.1351 51
    endloop
  endfacet
  facet normal 0.330166 0.943923 0
    outer loop
      vertex -29.6074 23.2386 51
      vertex -29.3115 23.1351 46
      vertex -29.6074 23.2386 46
    endloop
  endfacet
  facet normal -0.943923 -0.330166 0
    outer loop
      vertex -27.6351 24.8115 46
      vertex -27.7386 25.1074 51
      vertex -27.7386 25.1074 46
    endloop
  endfacet
  facet normal -0.943923 -0.330166 0
    outer loop
      vertex -27.7386 25.1074 51
      vertex -27.6351 24.8115 46
      vertex -27.6351 24.8115 51
    endloop
  endfacet
  facet normal 0.330166 -0.943923 0
    outer loop
      vertex -29.6074 25.7614 46
      vertex -29.3115 25.8649 51
      vertex -29.6074 25.7614 51
    endloop
  endfacet
  facet normal 0.330166 -0.943923 0
    outer loop
      vertex -29.3115 25.8649 51
      vertex -29.6074 25.7614 46
      vertex -29.3115 25.8649 46
    endloop
  endfacet
  facet normal 0.84676 -0.531976 0
    outer loop
      vertex -30.2614 25.1074 51
      vertex -30.0946 25.3729 46
      vertex -30.0946 25.3729 51
    endloop
  endfacet
  facet normal 0.84676 -0.531976 0
    outer loop
      vertex -30.0946 25.3729 46
      vertex -30.2614 25.1074 51
      vertex -30.2614 25.1074 46
    endloop
  endfacet
  facet normal 0.531976 -0.84676 0
    outer loop
      vertex -29.8729 25.5946 46
      vertex -29.6074 25.7614 51
      vertex -29.8729 25.5946 51
    endloop
  endfacet
  facet normal 0.531976 -0.84676 0
    outer loop
      vertex -29.6074 25.7614 51
      vertex -29.8729 25.5946 46
      vertex -29.6074 25.7614 46
    endloop
  endfacet
  facet normal -0.707107 0.707107 0
    outer loop
      vertex -28.1271 23.4054 46
      vertex -27.9054 23.6271 51
      vertex -27.9054 23.6271 46
    endloop
  endfacet
  facet normal -0.707107 0.707107 0
    outer loop
      vertex -27.9054 23.6271 51
      vertex -28.1271 23.4054 46
      vertex -28.1271 23.4054 51
    endloop
  endfacet
  facet normal 0.943923 0.330166 0
    outer loop
      vertex -30.2614 23.8926 51
      vertex -30.3649 24.1885 46
      vertex -30.3649 24.1885 51
    endloop
  endfacet
  facet normal 0.943923 0.330166 0
    outer loop
      vertex -30.3649 24.1885 46
      vertex -30.2614 23.8926 51
      vertex -30.2614 23.8926 46
    endloop
  endfacet
  facet normal -0.84676 -0.531976 0
    outer loop
      vertex -27.7386 25.1074 46
      vertex -27.9054 25.3729 51
      vertex -27.9054 25.3729 46
    endloop
  endfacet
  facet normal -0.84676 -0.531976 0
    outer loop
      vertex -27.9054 25.3729 51
      vertex -27.7386 25.1074 46
      vertex -27.7386 25.1074 51
    endloop
  endfacet
  facet normal -0.707107 -0.707107 0
    outer loop
      vertex -27.9054 25.3729 46
      vertex -28.1271 25.5946 51
      vertex -28.1271 25.5946 46
    endloop
  endfacet
  facet normal -0.707107 -0.707107 0
    outer loop
      vertex -28.1271 25.5946 51
      vertex -27.9054 25.3729 46
      vertex -27.9054 25.3729 51
    endloop
  endfacet
  facet normal -0.111972 -0.993711 0
    outer loop
      vertex -29 25.9 46
      vertex -28.6885 25.8649 51
      vertex -29 25.9 51
    endloop
  endfacet
  facet normal -0.111972 -0.993711 -0
    outer loop
      vertex -28.6885 25.8649 51
      vertex -29 25.9 46
      vertex -28.6885 25.8649 46
    endloop
  endfacet
  facet normal -0.330166 -0.943923 0
    outer loop
      vertex -28.6885 25.8649 46
      vertex -28.3926 25.7614 51
      vertex -28.6885 25.8649 51
    endloop
  endfacet
  facet normal -0.330166 -0.943923 -0
    outer loop
      vertex -28.3926 25.7614 51
      vertex -28.6885 25.8649 46
      vertex -28.3926 25.7614 46
    endloop
  endfacet
  facet normal 0.993711 -0.111972 0
    outer loop
      vertex -30.4 24.5 51
      vertex -30.3649 24.8115 46
      vertex -30.3649 24.8115 51
    endloop
  endfacet
  facet normal 0.993711 -0.111972 0
    outer loop
      vertex -30.3649 24.8115 46
      vertex -30.4 24.5 51
      vertex -30.4 24.5 46
    endloop
  endfacet
  facet normal 0.707107 -0.707107 0
    outer loop
      vertex -30.0946 25.3729 51
      vertex -29.8729 25.5946 46
      vertex -29.8729 25.5946 51
    endloop
  endfacet
  facet normal 0.707107 -0.707107 0
    outer loop
      vertex -29.8729 25.5946 46
      vertex -30.0946 25.3729 51
      vertex -30.0946 25.3729 46
    endloop
  endfacet
  facet normal 0.111972 -0.993711 0
    outer loop
      vertex -29.3115 25.8649 46
      vertex -29 25.9 51
      vertex -29.3115 25.8649 51
    endloop
  endfacet
  facet normal 0.111972 -0.993711 0
    outer loop
      vertex -29 25.9 51
      vertex -29.3115 25.8649 46
      vertex -29 25.9 46
    endloop
  endfacet
  facet normal -0.993711 -0.111972 0
    outer loop
      vertex -27.6 24.5 46
      vertex -27.6351 24.8115 51
      vertex -27.6351 24.8115 46
    endloop
  endfacet
  facet normal -0.993711 -0.111972 0
    outer loop
      vertex -27.6351 24.8115 51
      vertex -27.6 24.5 46
      vertex -27.6 24.5 51
    endloop
  endfacet
  facet normal -0.111972 0.993711 0
    outer loop
      vertex -28.6885 23.1351 46
      vertex -29 23.1 51
      vertex -28.6885 23.1351 51
    endloop
  endfacet
  facet normal -0.111972 0.993711 0
    outer loop
      vertex -29 23.1 51
      vertex -28.6885 23.1351 46
      vertex -29 23.1 46
    endloop
  endfacet
  facet normal -0.84676 0.531976 0
    outer loop
      vertex -27.9054 23.6271 46
      vertex -27.7386 23.8926 51
      vertex -27.7386 23.8926 46
    endloop
  endfacet
  facet normal -0.84676 0.531976 0
    outer loop
      vertex -27.7386 23.8926 51
      vertex -27.9054 23.6271 46
      vertex -27.9054 23.6271 51
    endloop
  endfacet
  facet normal -0.943923 0.330166 0
    outer loop
      vertex -27.7386 23.8926 46
      vertex -27.6351 24.1885 51
      vertex -27.6351 24.1885 46
    endloop
  endfacet
  facet normal -0.943923 0.330166 0
    outer loop
      vertex -27.6351 24.1885 51
      vertex -27.7386 23.8926 46
      vertex -27.7386 23.8926 51
    endloop
  endfacet
  facet normal -0.330166 0.943923 0
    outer loop
      vertex -28.3926 23.2386 46
      vertex -28.6885 23.1351 51
      vertex -28.3926 23.2386 51
    endloop
  endfacet
  facet normal -0.330166 0.943923 0
    outer loop
      vertex -28.6885 23.1351 51
      vertex -28.3926 23.2386 46
      vertex -28.6885 23.1351 46
    endloop
  endfacet
  facet normal -0.531976 0.84676 0
    outer loop
      vertex -28.1271 23.4054 46
      vertex -28.3926 23.2386 51
      vertex -28.1271 23.4054 51
    endloop
  endfacet
  facet normal -0.531976 0.84676 0
    outer loop
      vertex -28.3926 23.2386 51
      vertex -28.1271 23.4054 46
      vertex -28.3926 23.2386 46
    endloop
  endfacet
  facet normal 0.111972 0.993711 -0
    outer loop
      vertex -29 23.1 46
      vertex -29.3115 23.1351 51
      vertex -29 23.1 51
    endloop
  endfacet
  facet normal 0.111972 0.993711 0
    outer loop
      vertex -29.3115 23.1351 51
      vertex -29 23.1 46
      vertex -29.3115 23.1351 46
    endloop
  endfacet
  facet normal 0.707107 0.707107 0
    outer loop
      vertex -29.8729 23.4054 51
      vertex -30.0946 23.6271 46
      vertex -30.0946 23.6271 51
    endloop
  endfacet
  facet normal 0.707107 0.707107 0
    outer loop
      vertex -30.0946 23.6271 46
      vertex -29.8729 23.4054 51
      vertex -29.8729 23.4054 46
    endloop
  endfacet
  facet normal 0.84676 0.531976 0
    outer loop
      vertex -30.0946 23.6271 51
      vertex -30.2614 23.8926 46
      vertex -30.2614 23.8926 51
    endloop
  endfacet
  facet normal 0.84676 0.531976 0
    outer loop
      vertex -30.2614 23.8926 46
      vertex -30.0946 23.6271 51
      vertex -30.0946 23.6271 46
    endloop
  endfacet
  facet normal 0.993711 0.111972 0
    outer loop
      vertex -30.3649 24.1885 51
      vertex -30.4 24.5 46
      vertex -30.4 24.5 51
    endloop
  endfacet
  facet normal 0.993711 0.111972 0
    outer loop
      vertex -30.4 24.5 46
      vertex -30.3649 24.1885 51
      vertex -30.3649 24.1885 46
    endloop
  endfacet
  facet normal 0.943923 -0.330166 0
    outer loop
      vertex -30.3649 24.8115 51
      vertex -30.2614 25.1074 46
      vertex -30.2614 25.1074 51
    endloop
  endfacet
  facet normal 0.943923 -0.330166 0
    outer loop
      vertex -30.2614 25.1074 46
      vertex -30.3649 24.8115 51
      vertex -30.3649 24.8115 46
    endloop
  endfacet
  facet normal 0.531976 0.84676 -0
    outer loop
      vertex -29.6074 23.2386 46
      vertex -29.8729 23.4054 51
      vertex -29.6074 23.2386 51
    endloop
  endfacet
  facet normal 0.531976 0.84676 0
    outer loop
      vertex -29.8729 23.4054 51
      vertex -29.6074 23.2386 46
      vertex -29.8729 23.4054 46
    endloop
  endfacet
  facet normal 0.555568 0.831471 -0
    outer loop
      vertex 30.9785 -21.9216 46
      vertex 30.625 -21.6854 51
      vertex 30.9785 -21.9216 51
    endloop
  endfacet
  facet normal 0.555568 0.831471 0
    outer loop
      vertex 30.625 -21.6854 51
      vertex 30.9785 -21.9216 46
      vertex 30.625 -21.6854 46
    endloop
  endfacet
  facet normal -0.321586 0.94688 0
    outer loop
      vertex 28.1588 -21.3607 46
      vertex 27.7563 -21.4974 51
      vertex 28.1588 -21.3607 51
    endloop
  endfacet
  facet normal -0.321586 0.94688 0
    outer loop
      vertex 27.7563 -21.4974 51
      vertex 28.1588 -21.3607 46
      vertex 27.7563 -21.4974 46
    endloop
  endfacet
  facet normal -0.896907 0.44222 0
    outer loop
      vertex 25.9974 -23.2563 46
      vertex 26.1854 -22.875 51
      vertex 26.1854 -22.875 46
    endloop
  endfacet
  facet normal -0.896907 0.44222 0
    outer loop
      vertex 26.1854 -22.875 51
      vertex 25.9974 -23.2563 46
      vertex 25.9974 -23.2563 51
    endloop
  endfacet
  facet normal 0.896907 0.44222 0
    outer loop
      vertex 32.0026 -23.2563 51
      vertex 31.8146 -22.875 46
      vertex 31.8146 -22.875 51
    endloop
  endfacet
  facet normal 0.896907 0.44222 0
    outer loop
      vertex 31.8146 -22.875 46
      vertex 32.0026 -23.2563 51
      vertex 32.0026 -23.2563 46
    endloop
  endfacet
  facet normal 0.831471 0.555568 0
    outer loop
      vertex 31.8146 -22.875 51
      vertex 31.5784 -22.5215 46
      vertex 31.5784 -22.5215 51
    endloop
  endfacet
  facet normal 0.831471 0.555568 0
    outer loop
      vertex 31.5784 -22.5215 46
      vertex 31.8146 -22.875 51
      vertex 31.8146 -22.875 46
    endloop
  endfacet
  facet normal 0.44222 0.896907 -0
    outer loop
      vertex 30.625 -21.6854 46
      vertex 30.2437 -21.4974 51
      vertex 30.625 -21.6854 51
    endloop
  endfacet
  facet normal 0.44222 0.896907 0
    outer loop
      vertex 30.2437 -21.4974 51
      vertex 30.625 -21.6854 46
      vertex 30.2437 -21.4974 46
    endloop
  endfacet
  facet normal 0.0653948 0.997859 -0
    outer loop
      vertex 29.4242 -21.2778 46
      vertex 29 -21.25 51
      vertex 29.4242 -21.2778 51
    endloop
  endfacet
  facet normal 0.0653948 0.997859 0
    outer loop
      vertex 29 -21.25 51
      vertex 29.4242 -21.2778 46
      vertex 29 -21.25 46
    endloop
  endfacet
  facet normal -0.997859 0.0653948 0
    outer loop
      vertex 25.75 -24.5 46
      vertex 25.7778 -24.0758 51
      vertex 25.7778 -24.0758 46
    endloop
  endfacet
  facet normal -0.997859 0.0653948 0
    outer loop
      vertex 25.7778 -24.0758 51
      vertex 25.75 -24.5 46
      vertex 25.75 -24.5 51
    endloop
  endfacet
  facet normal -0.751818 0.65937 0
    outer loop
      vertex 26.4216 -22.5215 46
      vertex 26.7019 -22.2019 51
      vertex 26.7019 -22.2019 46
    endloop
  endfacet
  facet normal -0.751818 0.65937 0
    outer loop
      vertex 26.7019 -22.2019 51
      vertex 26.4216 -22.5215 46
      vertex 26.4216 -22.5215 51
    endloop
  endfacet
  facet normal -0.0653948 0.997859 0
    outer loop
      vertex 29 -21.25 46
      vertex 28.5758 -21.2778 51
      vertex 29 -21.25 51
    endloop
  endfacet
  facet normal -0.0653948 0.997859 0
    outer loop
      vertex 28.5758 -21.2778 51
      vertex 29 -21.25 46
      vertex 28.5758 -21.2778 46
    endloop
  endfacet
  facet normal -0.65937 0.751818 0
    outer loop
      vertex 27.0215 -21.9216 46
      vertex 26.7019 -22.2019 51
      vertex 27.0215 -21.9216 51
    endloop
  endfacet
  facet normal -0.65937 0.751818 0
    outer loop
      vertex 26.7019 -22.2019 51
      vertex 27.0215 -21.9216 46
      vertex 26.7019 -22.2019 46
    endloop
  endfacet
  facet normal 0.997859 0.0653948 0
    outer loop
      vertex 32.25 -24.5 51
      vertex 32.2222 -24.0758 46
      vertex 32.2222 -24.0758 51
    endloop
  endfacet
  facet normal 0.997859 0.0653948 0
    outer loop
      vertex 32.2222 -24.0758 46
      vertex 32.25 -24.5 51
      vertex 32.25 -24.5 46
    endloop
  endfacet
  facet normal 0.0653948 -0.997859 0
    outer loop
      vertex 29 -27.75 46
      vertex 29.4242 -27.7222 51
      vertex 29 -27.75 51
    endloop
  endfacet
  facet normal 0.0653948 -0.997859 0
    outer loop
      vertex 29.4242 -27.7222 51
      vertex 29 -27.75 46
      vertex 29.4242 -27.7222 46
    endloop
  endfacet
  facet normal 0.831471 -0.555568 0
    outer loop
      vertex 31.5784 -26.4785 51
      vertex 31.8146 -26.125 46
      vertex 31.8146 -26.125 51
    endloop
  endfacet
  facet normal 0.831471 -0.555568 0
    outer loop
      vertex 31.8146 -26.125 46
      vertex 31.5784 -26.4785 51
      vertex 31.5784 -26.4785 46
    endloop
  endfacet
  facet normal 0.94688 -0.321586 0
    outer loop
      vertex 32.0026 -25.7437 51
      vertex 32.1393 -25.3412 46
      vertex 32.1393 -25.3412 51
    endloop
  endfacet
  facet normal 0.94688 -0.321586 0
    outer loop
      vertex 32.1393 -25.3412 46
      vertex 32.0026 -25.7437 51
      vertex 32.0026 -25.7437 46
    endloop
  endfacet
  facet normal -0.0653948 -0.997859 0
    outer loop
      vertex 28.5758 -27.7222 46
      vertex 29 -27.75 51
      vertex 28.5758 -27.7222 51
    endloop
  endfacet
  facet normal -0.0653948 -0.997859 -0
    outer loop
      vertex 29 -27.75 51
      vertex 28.5758 -27.7222 46
      vertex 29 -27.75 46
    endloop
  endfacet
  facet normal -0.65937 -0.751818 0
    outer loop
      vertex 26.7019 -26.7981 46
      vertex 27.0215 -27.0784 51
      vertex 26.7019 -26.7981 51
    endloop
  endfacet
  facet normal -0.65937 -0.751818 -0
    outer loop
      vertex 27.0215 -27.0784 51
      vertex 26.7019 -26.7981 46
      vertex 27.0215 -27.0784 46
    endloop
  endfacet
  facet normal -0.997859 -0.0653948 0
    outer loop
      vertex 25.7778 -24.9242 46
      vertex 25.75 -24.5 51
      vertex 25.75 -24.5 46
    endloop
  endfacet
  facet normal -0.997859 -0.0653948 0
    outer loop
      vertex 25.75 -24.5 51
      vertex 25.7778 -24.9242 46
      vertex 25.7778 -24.9242 51
    endloop
  endfacet
  facet normal 0 0 -1
    outer loop
      vertex 30.4 -24.5 46
      vertex 32.25 -24.5 46
      vertex 32.2222 -24.9242 46
    endloop
  endfacet
  facet normal 0 0 -1
    outer loop
      vertex 30.3649 -24.8115 46
      vertex 32.2222 -24.9242 46
      vertex 32.1393 -25.3412 46
    endloop
  endfacet
  facet normal 0 0 -1
    outer loop
      vertex 32.25 -24.5 46
      vertex 30.4 -24.5 46
      vertex 32.2222 -24.0758 46
    endloop
  endfacet
  facet normal 0 0 -1
    outer loop
      vertex 30.3649 -24.8115 46
      vertex 32.1393 -25.3412 46
      vertex 32.0026 -25.7437 46
    endloop
  endfacet
  facet normal 0 0 -1
    outer loop
      vertex 30.3649 -24.1885 46
      vertex 32.2222 -24.0758 46
      vertex 30.4 -24.5 46
    endloop
  endfacet
  facet normal 0 0 -1
    outer loop
      vertex 30.2614 -25.1074 46
      vertex 32.0026 -25.7437 46
      vertex 31.8146 -26.125 46
    endloop
  endfacet
  facet normal -0 0 -1
    outer loop
      vertex 32.2222 -24.0758 46
      vertex 30.3649 -24.1885 46
      vertex 32.1393 -23.6588 46
    endloop
  endfacet
  facet normal 0 0 -1
    outer loop
      vertex 30.0946 -25.3729 46
      vertex 31.8146 -26.125 46
      vertex 31.5784 -26.4785 46
    endloop
  endfacet
  facet normal -0 0 -1
    outer loop
      vertex 32.1393 -23.6588 46
      vertex 30.3649 -24.1885 46
      vertex 32.0026 -23.2563 46
    endloop
  endfacet
  facet normal 0 0 -1
    outer loop
      vertex 30.0946 -25.3729 46
      vertex 31.5784 -26.4785 46
      vertex 31.2981 -26.7981 46
    endloop
  endfacet
  facet normal 0 0 -1
    outer loop
      vertex 30.2614 -23.8926 46
      vertex 32.0026 -23.2563 46
      vertex 30.3649 -24.1885 46
    endloop
  endfacet
  facet normal 0 0 -1
    outer loop
      vertex 29.8729 -25.5946 46
      vertex 31.2981 -26.7981 46
      vertex 30.9785 -27.0784 46
    endloop
  endfacet
  facet normal -0 0 -1
    outer loop
      vertex 32.0026 -23.2563 46
      vertex 30.2614 -23.8926 46
      vertex 31.8146 -22.875 46
    endloop
  endfacet
  facet normal 0 0 -1
    outer loop
      vertex 29.8729 -25.5946 46
      vertex 30.9785 -27.0784 46
      vertex 30.625 -27.3146 46
    endloop
  endfacet
  facet normal 0 0 -1
    outer loop
      vertex 30.0946 -23.6271 46
      vertex 31.8146 -22.875 46
      vertex 30.2614 -23.8926 46
    endloop
  endfacet
  facet normal -0 0 -1
    outer loop
      vertex 31.8146 -22.875 46
      vertex 30.0946 -23.6271 46
      vertex 31.5784 -22.5215 46
    endloop
  endfacet
  facet normal 0 0 -1
    outer loop
      vertex 32.2222 -24.9242 46
      vertex 30.3649 -24.8115 46
      vertex 30.4 -24.5 46
    endloop
  endfacet
  facet normal 0 0 -1
    outer loop
      vertex 32.0026 -25.7437 46
      vertex 30.2614 -25.1074 46
      vertex 30.3649 -24.8115 46
    endloop
  endfacet
  facet normal 0 0 -1
    outer loop
      vertex 29.6074 -25.7614 46
      vertex 30.625 -27.3146 46
      vertex 30.2437 -27.5026 46
    endloop
  endfacet
  facet normal 0 0 -1
    outer loop
      vertex 31.8146 -26.125 46
      vertex 30.0946 -25.3729 46
      vertex 30.2614 -25.1074 46
    endloop
  endfacet
  facet normal 0 0 -1
    outer loop
      vertex 31.2981 -26.7981 46
      vertex 29.8729 -25.5946 46
      vertex 30.0946 -25.3729 46
    endloop
  endfacet
  facet normal 0 0 -1
    outer loop
      vertex 29.3115 -25.8649 46
      vertex 30.2437 -27.5026 46
      vertex 29.8412 -27.6393 46
    endloop
  endfacet
  facet normal 0 0 -1
    outer loop
      vertex 30.625 -27.3146 46
      vertex 29.6074 -25.7614 46
      vertex 29.8729 -25.5946 46
    endloop
  endfacet
  facet normal 0 0 -1
    outer loop
      vertex 29.3115 -25.8649 46
      vertex 29.8412 -27.6393 46
      vertex 29.4242 -27.7222 46
    endloop
  endfacet
  facet normal 0 0 -1
    outer loop
      vertex 30.2437 -27.5026 46
      vertex 29.3115 -25.8649 46
      vertex 29.6074 -25.7614 46
    endloop
  endfacet
  facet normal 0 0 -1
    outer loop
      vertex 29 -25.9 46
      vertex 29.4242 -27.7222 46
      vertex 29 -27.75 46
    endloop
  endfacet
  facet normal 0 0 -1
    outer loop
      vertex 29.4242 -27.7222 46
      vertex 29 -25.9 46
      vertex 29.3115 -25.8649 46
    endloop
  endfacet
  facet normal 0 0 -1
    outer loop
      vertex 28.5758 -27.7222 46
      vertex 29 -25.9 46
      vertex 29 -27.75 46
    endloop
  endfacet
  facet normal -0 0 -1
    outer loop
      vertex 29 -25.9 46
      vertex 28.5758 -27.7222 46
      vertex 28.6885 -25.8649 46
    endloop
  endfacet
  facet normal 0 0 -1
    outer loop
      vertex 28.1588 -27.6393 46
      vertex 28.6885 -25.8649 46
      vertex 28.5758 -27.7222 46
    endloop
  endfacet
  facet normal 0 0 -1
    outer loop
      vertex 27.7563 -27.5026 46
      vertex 28.6885 -25.8649 46
      vertex 28.1588 -27.6393 46
    endloop
  endfacet
  facet normal -0 0 -1
    outer loop
      vertex 28.6885 -25.8649 46
      vertex 27.7563 -27.5026 46
      vertex 28.3926 -25.7614 46
    endloop
  endfacet
  facet normal 0 0 -1
    outer loop
      vertex 27.375 -27.3146 46
      vertex 28.3926 -25.7614 46
      vertex 27.7563 -27.5026 46
    endloop
  endfacet
  facet normal -0 0 -1
    outer loop
      vertex 28.3926 -25.7614 46
      vertex 27.375 -27.3146 46
      vertex 28.1271 -25.5946 46
    endloop
  endfacet
  facet normal 0 0 -1
    outer loop
      vertex 27.0215 -27.0784 46
      vertex 28.1271 -25.5946 46
      vertex 27.375 -27.3146 46
    endloop
  endfacet
  facet normal 0 0 -1
    outer loop
      vertex 26.7019 -26.7981 46
      vertex 28.1271 -25.5946 46
      vertex 27.0215 -27.0784 46
    endloop
  endfacet
  facet normal -0 0 -1
    outer loop
      vertex 28.1271 -25.5946 46
      vertex 26.7019 -26.7981 46
      vertex 27.9054 -25.3729 46
    endloop
  endfacet
  facet normal 0 0 -1
    outer loop
      vertex 26.4216 -26.4785 46
      vertex 27.9054 -25.3729 46
      vertex 26.7019 -26.7981 46
    endloop
  endfacet
  facet normal -0 0 -1
    outer loop
      vertex 31.5784 -22.5215 46
      vertex 30.0946 -23.6271 46
      vertex 31.2981 -22.2019 46
    endloop
  endfacet
  facet normal 0 0 -1
    outer loop
      vertex 29.8729 -23.4054 46
      vertex 31.2981 -22.2019 46
      vertex 30.0946 -23.6271 46
    endloop
  endfacet
  facet normal -0 0 -1
    outer loop
      vertex 31.2981 -22.2019 46
      vertex 29.8729 -23.4054 46
      vertex 30.9785 -21.9216 46
    endloop
  endfacet
  facet normal -0 0 -1
    outer loop
      vertex 30.9785 -21.9216 46
      vertex 29.8729 -23.4054 46
      vertex 30.625 -21.6854 46
    endloop
  endfacet
  facet normal 0 0 -1
    outer loop
      vertex 29.6074 -23.2386 46
      vertex 30.625 -21.6854 46
      vertex 29.8729 -23.4054 46
    endloop
  endfacet
  facet normal -0 0 -1
    outer loop
      vertex 30.625 -21.6854 46
      vertex 29.6074 -23.2386 46
      vertex 30.2437 -21.4974 46
    endloop
  endfacet
  facet normal 0 0 -1
    outer loop
      vertex 29.3115 -23.1351 46
      vertex 30.2437 -21.4974 46
      vertex 29.6074 -23.2386 46
    endloop
  endfacet
  facet normal -0 0 -1
    outer loop
      vertex 30.2437 -21.4974 46
      vertex 29.3115 -23.1351 46
      vertex 29.8412 -21.3607 46
    endloop
  endfacet
  facet normal -0 0 -1
    outer loop
      vertex 29.8412 -21.3607 46
      vertex 29.3115 -23.1351 46
      vertex 29.4242 -21.2778 46
    endloop
  endfacet
  facet normal 0 0 -1
    outer loop
      vertex 29 -23.1 46
      vertex 29.4242 -21.2778 46
      vertex 29.3115 -23.1351 46
    endloop
  endfacet
  facet normal 0 0 -1
    outer loop
      vertex 29 -23.1 46
      vertex 29 -21.25 46
      vertex 29.4242 -21.2778 46
    endloop
  endfacet
  facet normal 0 0 -1
    outer loop
      vertex 28.5758 -21.2778 46
      vertex 29 -23.1 46
      vertex 28.6885 -23.1351 46
    endloop
  endfacet
  facet normal 0 0 -1
    outer loop
      vertex 29 -23.1 46
      vertex 28.5758 -21.2778 46
      vertex 29 -21.25 46
    endloop
  endfacet
  facet normal 0 0 -1
    outer loop
      vertex 27.7563 -21.4974 46
      vertex 28.6885 -23.1351 46
      vertex 28.3926 -23.2386 46
    endloop
  endfacet
  facet normal 0 0 -1
    outer loop
      vertex 28.6885 -23.1351 46
      vertex 28.1588 -21.3607 46
      vertex 28.5758 -21.2778 46
    endloop
  endfacet
  facet normal 0 0 -1
    outer loop
      vertex 27.375 -21.6854 46
      vertex 28.3926 -23.2386 46
      vertex 28.1271 -23.4054 46
    endloop
  endfacet
  facet normal 0 0 -1
    outer loop
      vertex 26.7019 -22.2019 46
      vertex 28.1271 -23.4054 46
      vertex 27.9054 -23.6271 46
    endloop
  endfacet
  facet normal 0 0 -1
    outer loop
      vertex 28.6885 -23.1351 46
      vertex 27.7563 -21.4974 46
      vertex 28.1588 -21.3607 46
    endloop
  endfacet
  facet normal 0 0 -1
    outer loop
      vertex 26.1854 -22.875 46
      vertex 27.9054 -23.6271 46
      vertex 27.7386 -23.8926 46
    endloop
  endfacet
  facet normal 0 0 -1
    outer loop
      vertex 25.9974 -23.2563 46
      vertex 27.7386 -23.8926 46
      vertex 27.6351 -24.1885 46
    endloop
  endfacet
  facet normal 0 0 -1
    outer loop
      vertex 25.7778 -24.0758 46
      vertex 27.6351 -24.1885 46
      vertex 27.6 -24.5 46
    endloop
  endfacet
  facet normal 0 0 -1
    outer loop
      vertex 26.1854 -26.125 46
      vertex 27.9054 -25.3729 46
      vertex 26.4216 -26.4785 46
    endloop
  endfacet
  facet normal 0 0 -1
    outer loop
      vertex 28.3926 -23.2386 46
      vertex 27.375 -21.6854 46
      vertex 27.7563 -21.4974 46
    endloop
  endfacet
  facet normal -0 0 -1
    outer loop
      vertex 27.9054 -25.3729 46
      vertex 26.1854 -26.125 46
      vertex 27.7386 -25.1074 46
    endloop
  endfacet
  facet normal 0 0 -1
    outer loop
      vertex 28.1271 -23.4054 46
      vertex 27.0215 -21.9216 46
      vertex 27.375 -21.6854 46
    endloop
  endfacet
  facet normal 0 0 -1
    outer loop
      vertex 25.9974 -25.7437 46
      vertex 27.7386 -25.1074 46
      vertex 26.1854 -26.125 46
    endloop
  endfacet
  facet normal 0 0 -1
    outer loop
      vertex 28.1271 -23.4054 46
      vertex 26.7019 -22.2019 46
      vertex 27.0215 -21.9216 46
    endloop
  endfacet
  facet normal -0 0 -1
    outer loop
      vertex 27.7386 -25.1074 46
      vertex 25.9974 -25.7437 46
      vertex 27.6351 -24.8115 46
    endloop
  endfacet
  facet normal 0 0 -1
    outer loop
      vertex 27.9054 -23.6271 46
      vertex 26.4216 -22.5215 46
      vertex 26.7019 -22.2019 46
    endloop
  endfacet
  facet normal 0 0 -1
    outer loop
      vertex 25.8607 -25.3412 46
      vertex 27.6351 -24.8115 46
      vertex 25.9974 -25.7437 46
    endloop
  endfacet
  facet normal 0 0 -1
    outer loop
      vertex 27.9054 -23.6271 46
      vertex 26.1854 -22.875 46
      vertex 26.4216 -22.5215 46
    endloop
  endfacet
  facet normal 0 0 -1
    outer loop
      vertex 25.7778 -24.9242 46
      vertex 27.6351 -24.8115 46
      vertex 25.8607 -25.3412 46
    endloop
  endfacet
  facet normal 0 0 -1
    outer loop
      vertex 27.7386 -23.8926 46
      vertex 25.9974 -23.2563 46
      vertex 26.1854 -22.875 46
    endloop
  endfacet
  facet normal -0 0 -1
    outer loop
      vertex 27.6351 -24.8115 46
      vertex 25.7778 -24.9242 46
      vertex 27.6 -24.5 46
    endloop
  endfacet
  facet normal 0 0 -1
    outer loop
      vertex 27.6351 -24.1885 46
      vertex 25.8607 -23.6588 46
      vertex 25.9974 -23.2563 46
    endloop
  endfacet
  facet normal 0 0 -1
    outer loop
      vertex 25.75 -24.5 46
      vertex 27.6 -24.5 46
      vertex 25.7778 -24.9242 46
    endloop
  endfacet
  facet normal 0 0 -1
    outer loop
      vertex 27.6351 -24.1885 46
      vertex 25.7778 -24.0758 46
      vertex 25.8607 -23.6588 46
    endloop
  endfacet
  facet normal 0 0 -1
    outer loop
      vertex 27.6 -24.5 46
      vertex 25.75 -24.5 46
      vertex 25.7778 -24.0758 46
    endloop
  endfacet
  facet normal -0.751818 -0.65937 0
    outer loop
      vertex 26.7019 -26.7981 46
      vertex 26.4216 -26.4785 51
      vertex 26.4216 -26.4785 46
    endloop
  endfacet
  facet normal -0.751818 -0.65937 0
    outer loop
      vertex 26.4216 -26.4785 51
      vertex 26.7019 -26.7981 46
      vertex 26.7019 -26.7981 51
    endloop
  endfacet
  facet normal 0.980806 0.194985 0
    outer loop
      vertex 32.2222 -24.0758 51
      vertex 32.1393 -23.6588 46
      vertex 32.1393 -23.6588 51
    endloop
  endfacet
  facet normal 0.980806 0.194985 0
    outer loop
      vertex 32.1393 -23.6588 46
      vertex 32.2222 -24.0758 51
      vertex 32.2222 -24.0758 46
    endloop
  endfacet
  facet normal 0.94688 0.321586 0
    outer loop
      vertex 32.1393 -23.6588 51
      vertex 32.0026 -23.2563 46
      vertex 32.0026 -23.2563 51
    endloop
  endfacet
  facet normal 0.94688 0.321586 0
    outer loop
      vertex 32.0026 -23.2563 46
      vertex 32.1393 -23.6588 51
      vertex 32.1393 -23.6588 46
    endloop
  endfacet
  facet normal 0.751818 0.65937 0
    outer loop
      vertex 31.5784 -22.5215 51
      vertex 31.2981 -22.2019 46
      vertex 31.2981 -22.2019 51
    endloop
  endfacet
  facet normal 0.751818 0.65937 0
    outer loop
      vertex 31.2981 -22.2019 46
      vertex 31.5784 -22.5215 51
      vertex 31.5784 -22.5215 46
    endloop
  endfacet
  facet normal 0.65937 0.751818 -0
    outer loop
      vertex 31.2981 -22.2019 46
      vertex 30.9785 -21.9216 51
      vertex 31.2981 -22.2019 51
    endloop
  endfacet
  facet normal 0.65937 0.751818 0
    outer loop
      vertex 30.9785 -21.9216 51
      vertex 31.2981 -22.2019 46
      vertex 30.9785 -21.9216 46
    endloop
  endfacet
  facet normal 0.321586 0.94688 -0
    outer loop
      vertex 30.2437 -21.4974 46
      vertex 29.8412 -21.3607 51
      vertex 30.2437 -21.4974 51
    endloop
  endfacet
  facet normal 0.321586 0.94688 0
    outer loop
      vertex 29.8412 -21.3607 51
      vertex 30.2437 -21.4974 46
      vertex 29.8412 -21.3607 46
    endloop
  endfacet
  facet normal 0.194985 0.980806 -0
    outer loop
      vertex 29.8412 -21.3607 46
      vertex 29.4242 -21.2778 51
      vertex 29.8412 -21.3607 51
    endloop
  endfacet
  facet normal 0.194985 0.980806 0
    outer loop
      vertex 29.4242 -21.2778 51
      vertex 29.8412 -21.3607 46
      vertex 29.4242 -21.2778 46
    endloop
  endfacet
  facet normal -0.94688 0.321586 0
    outer loop
      vertex 25.8607 -23.6588 46
      vertex 25.9974 -23.2563 51
      vertex 25.9974 -23.2563 46
    endloop
  endfacet
  facet normal -0.94688 0.321586 0
    outer loop
      vertex 25.9974 -23.2563 51
      vertex 25.8607 -23.6588 46
      vertex 25.8607 -23.6588 51
    endloop
  endfacet
  facet normal -0.980806 0.194985 0
    outer loop
      vertex 25.7778 -24.0758 46
      vertex 25.8607 -23.6588 51
      vertex 25.8607 -23.6588 46
    endloop
  endfacet
  facet normal -0.980806 0.194985 0
    outer loop
      vertex 25.8607 -23.6588 51
      vertex 25.7778 -24.0758 46
      vertex 25.7778 -24.0758 51
    endloop
  endfacet
  facet normal -0.831471 0.555568 0
    outer loop
      vertex 26.1854 -22.875 46
      vertex 26.4216 -22.5215 51
      vertex 26.4216 -22.5215 46
    endloop
  endfacet
  facet normal -0.831471 0.555568 0
    outer loop
      vertex 26.4216 -22.5215 51
      vertex 26.1854 -22.875 46
      vertex 26.1854 -22.875 51
    endloop
  endfacet
  facet normal -0.194985 0.980806 0
    outer loop
      vertex 28.5758 -21.2778 46
      vertex 28.1588 -21.3607 51
      vertex 28.5758 -21.2778 51
    endloop
  endfacet
  facet normal -0.194985 0.980806 0
    outer loop
      vertex 28.1588 -21.3607 51
      vertex 28.5758 -21.2778 46
      vertex 28.1588 -21.3607 46
    endloop
  endfacet
  facet normal -0.555568 0.831471 0
    outer loop
      vertex 27.375 -21.6854 46
      vertex 27.0215 -21.9216 51
      vertex 27.375 -21.6854 51
    endloop
  endfacet
  facet normal -0.555568 0.831471 0
    outer loop
      vertex 27.0215 -21.9216 51
      vertex 27.375 -21.6854 46
      vertex 27.0215 -21.9216 46
    endloop
  endfacet
  facet normal -0.44222 0.896907 0
    outer loop
      vertex 27.7563 -21.4974 46
      vertex 27.375 -21.6854 51
      vertex 27.7563 -21.4974 51
    endloop
  endfacet
  facet normal -0.44222 0.896907 0
    outer loop
      vertex 27.375 -21.6854 51
      vertex 27.7563 -21.4974 46
      vertex 27.375 -21.6854 46
    endloop
  endfacet
  facet normal 0.997859 -0.0653948 0
    outer loop
      vertex 32.2222 -24.9242 51
      vertex 32.25 -24.5 46
      vertex 32.25 -24.5 51
    endloop
  endfacet
  facet normal 0.997859 -0.0653948 0
    outer loop
      vertex 32.25 -24.5 46
      vertex 32.2222 -24.9242 51
      vertex 32.2222 -24.9242 46
    endloop
  endfacet
  facet normal 0.194985 -0.980806 0
    outer loop
      vertex 29.4242 -27.7222 46
      vertex 29.8412 -27.6393 51
      vertex 29.4242 -27.7222 51
    endloop
  endfacet
  facet normal 0.194985 -0.980806 0
    outer loop
      vertex 29.8412 -27.6393 51
      vertex 29.4242 -27.7222 46
      vertex 29.8412 -27.6393 46
    endloop
  endfacet
  facet normal 0.65937 -0.751818 0
    outer loop
      vertex 30.9785 -27.0784 46
      vertex 31.2981 -26.7981 51
      vertex 30.9785 -27.0784 51
    endloop
  endfacet
  facet normal 0.65937 -0.751818 0
    outer loop
      vertex 31.2981 -26.7981 51
      vertex 30.9785 -27.0784 46
      vertex 31.2981 -26.7981 46
    endloop
  endfacet
  facet normal 0.44222 -0.896907 0
    outer loop
      vertex 30.2437 -27.5026 46
      vertex 30.625 -27.3146 51
      vertex 30.2437 -27.5026 51
    endloop
  endfacet
  facet normal 0.44222 -0.896907 0
    outer loop
      vertex 30.625 -27.3146 51
      vertex 30.2437 -27.5026 46
      vertex 30.625 -27.3146 46
    endloop
  endfacet
  facet normal -0.321586 -0.94688 0
    outer loop
      vertex 27.7563 -27.5026 46
      vertex 28.1588 -27.6393 51
      vertex 27.7563 -27.5026 51
    endloop
  endfacet
  facet normal -0.321586 -0.94688 -0
    outer loop
      vertex 28.1588 -27.6393 51
      vertex 27.7563 -27.5026 46
      vertex 28.1588 -27.6393 46
    endloop
  endfacet
  facet normal -0.555568 -0.831471 0
    outer loop
      vertex 27.0215 -27.0784 46
      vertex 27.375 -27.3146 51
      vertex 27.0215 -27.0784 51
    endloop
  endfacet
  facet normal -0.555568 -0.831471 -0
    outer loop
      vertex 27.375 -27.3146 51
      vertex 27.0215 -27.0784 46
      vertex 27.375 -27.3146 46
    endloop
  endfacet
  facet normal -0.980806 -0.194985 0
    outer loop
      vertex 25.8607 -25.3412 46
      vertex 25.7778 -24.9242 51
      vertex 25.7778 -24.9242 46
    endloop
  endfacet
  facet normal -0.980806 -0.194985 0
    outer loop
      vertex 25.7778 -24.9242 51
      vertex 25.8607 -25.3412 46
      vertex 25.8607 -25.3412 51
    endloop
  endfacet
  facet normal -0.896907 -0.44222 0
    outer loop
      vertex 26.1854 -26.125 46
      vertex 25.9974 -25.7437 51
      vertex 25.9974 -25.7437 46
    endloop
  endfacet
  facet normal -0.896907 -0.44222 0
    outer loop
      vertex 25.9974 -25.7437 51
      vertex 26.1854 -26.125 46
      vertex 26.1854 -26.125 51
    endloop
  endfacet
  facet normal 0.980806 -0.194985 0
    outer loop
      vertex 32.1393 -25.3412 51
      vertex 32.2222 -24.9242 46
      vertex 32.2222 -24.9242 51
    endloop
  endfacet
  facet normal 0.980806 -0.194985 0
    outer loop
      vertex 32.2222 -24.9242 46
      vertex 32.1393 -25.3412 51
      vertex 32.1393 -25.3412 46
    endloop
  endfacet
  facet normal 0.896907 -0.44222 0
    outer loop
      vertex 31.8146 -26.125 51
      vertex 32.0026 -25.7437 46
      vertex 32.0026 -25.7437 51
    endloop
  endfacet
  facet normal 0.896907 -0.44222 0
    outer loop
      vertex 32.0026 -25.7437 46
      vertex 31.8146 -26.125 51
      vertex 31.8146 -26.125 46
    endloop
  endfacet
  facet normal 0.321586 -0.94688 0
    outer loop
      vertex 29.8412 -27.6393 46
      vertex 30.2437 -27.5026 51
      vertex 29.8412 -27.6393 51
    endloop
  endfacet
  facet normal 0.321586 -0.94688 0
    outer loop
      vertex 30.2437 -27.5026 51
      vertex 29.8412 -27.6393 46
      vertex 30.2437 -27.5026 46
    endloop
  endfacet
  facet normal 0.751818 -0.65937 0
    outer loop
      vertex 31.2981 -26.7981 51
      vertex 31.5784 -26.4785 46
      vertex 31.5784 -26.4785 51
    endloop
  endfacet
  facet normal 0.751818 -0.65937 0
    outer loop
      vertex 31.5784 -26.4785 46
      vertex 31.2981 -26.7981 51
      vertex 31.2981 -26.7981 46
    endloop
  endfacet
  facet normal 0.555568 -0.831471 0
    outer loop
      vertex 30.625 -27.3146 46
      vertex 30.9785 -27.0784 51
      vertex 30.625 -27.3146 51
    endloop
  endfacet
  facet normal 0.555568 -0.831471 0
    outer loop
      vertex 30.9785 -27.0784 51
      vertex 30.625 -27.3146 46
      vertex 30.9785 -27.0784 46
    endloop
  endfacet
  facet normal -0.194985 -0.980806 0
    outer loop
      vertex 28.1588 -27.6393 46
      vertex 28.5758 -27.7222 51
      vertex 28.1588 -27.6393 51
    endloop
  endfacet
  facet normal -0.194985 -0.980806 -0
    outer loop
      vertex 28.5758 -27.7222 51
      vertex 28.1588 -27.6393 46
      vertex 28.5758 -27.7222 46
    endloop
  endfacet
  facet normal -0.44222 -0.896907 0
    outer loop
      vertex 27.375 -27.3146 46
      vertex 27.7563 -27.5026 51
      vertex 27.375 -27.3146 51
    endloop
  endfacet
  facet normal -0.44222 -0.896907 -0
    outer loop
      vertex 27.7563 -27.5026 51
      vertex 27.375 -27.3146 46
      vertex 27.7563 -27.5026 46
    endloop
  endfacet
  facet normal -0.94688 -0.321586 0
    outer loop
      vertex 25.9974 -25.7437 46
      vertex 25.8607 -25.3412 51
      vertex 25.8607 -25.3412 46
    endloop
  endfacet
  facet normal -0.94688 -0.321586 0
    outer loop
      vertex 25.8607 -25.3412 51
      vertex 25.9974 -25.7437 46
      vertex 25.9974 -25.7437 51
    endloop
  endfacet
  facet normal -0.831471 -0.555568 0
    outer loop
      vertex 26.4216 -26.4785 46
      vertex 26.1854 -26.125 51
      vertex 26.1854 -26.125 46
    endloop
  endfacet
  facet normal -0.831471 -0.555568 0
    outer loop
      vertex 26.1854 -26.125 51
      vertex 26.4216 -26.4785 46
      vertex 26.4216 -26.4785 51
    endloop
  endfacet
  facet normal -0.531976 -0.84676 0
    outer loop
      vertex 29.6074 -23.2386 46
      vertex 29.8729 -23.4054 51
      vertex 29.6074 -23.2386 51
    endloop
  endfacet
  facet normal -0.531976 -0.84676 -0
    outer loop
      vertex 29.8729 -23.4054 51
      vertex 29.6074 -23.2386 46
      vertex 29.8729 -23.4054 46
    endloop
  endfacet
  facet normal -0.993711 0.111972 0
    outer loop
      vertex 30.3649 -24.8115 46
      vertex 30.4 -24.5 51
      vertex 30.4 -24.5 46
    endloop
  endfacet
  facet normal -0.993711 0.111972 0
    outer loop
      vertex 30.4 -24.5 51
      vertex 30.3649 -24.8115 46
      vertex 30.3649 -24.8115 51
    endloop
  endfacet
  facet normal 0.330166 0.943923 -0
    outer loop
      vertex 28.6885 -25.8649 46
      vertex 28.3926 -25.7614 51
      vertex 28.6885 -25.8649 51
    endloop
  endfacet
  facet normal 0.330166 0.943923 0
    outer loop
      vertex 28.3926 -25.7614 51
      vertex 28.6885 -25.8649 46
      vertex 28.3926 -25.7614 46
    endloop
  endfacet
  facet normal -0.943923 -0.330166 0
    outer loop
      vertex 30.3649 -24.1885 46
      vertex 30.2614 -23.8926 51
      vertex 30.2614 -23.8926 46
    endloop
  endfacet
  facet normal -0.943923 -0.330166 0
    outer loop
      vertex 30.2614 -23.8926 51
      vertex 30.3649 -24.1885 46
      vertex 30.3649 -24.1885 51
    endloop
  endfacet
  facet normal 0.330166 -0.943923 0
    outer loop
      vertex 28.3926 -23.2386 46
      vertex 28.6885 -23.1351 51
      vertex 28.3926 -23.2386 51
    endloop
  endfacet
  facet normal 0.330166 -0.943923 0
    outer loop
      vertex 28.6885 -23.1351 51
      vertex 28.3926 -23.2386 46
      vertex 28.6885 -23.1351 46
    endloop
  endfacet
  facet normal 0.84676 -0.531976 0
    outer loop
      vertex 27.7386 -23.8926 51
      vertex 27.9054 -23.6271 46
      vertex 27.9054 -23.6271 51
    endloop
  endfacet
  facet normal 0.84676 -0.531976 0
    outer loop
      vertex 27.9054 -23.6271 46
      vertex 27.7386 -23.8926 51
      vertex 27.7386 -23.8926 46
    endloop
  endfacet
  facet normal 0.531976 -0.84676 0
    outer loop
      vertex 28.1271 -23.4054 46
      vertex 28.3926 -23.2386 51
      vertex 28.1271 -23.4054 51
    endloop
  endfacet
  facet normal 0.531976 -0.84676 0
    outer loop
      vertex 28.3926 -23.2386 51
      vertex 28.1271 -23.4054 46
      vertex 28.3926 -23.2386 46
    endloop
  endfacet
  facet normal -0.707107 0.707107 0
    outer loop
      vertex 29.8729 -25.5946 46
      vertex 30.0946 -25.3729 51
      vertex 30.0946 -25.3729 46
    endloop
  endfacet
  facet normal -0.707107 0.707107 0
    outer loop
      vertex 30.0946 -25.3729 51
      vertex 29.8729 -25.5946 46
      vertex 29.8729 -25.5946 51
    endloop
  endfacet
  facet normal 0.943923 0.330166 0
    outer loop
      vertex 27.7386 -25.1074 51
      vertex 27.6351 -24.8115 46
      vertex 27.6351 -24.8115 51
    endloop
  endfacet
  facet normal 0.943923 0.330166 0
    outer loop
      vertex 27.6351 -24.8115 46
      vertex 27.7386 -25.1074 51
      vertex 27.7386 -25.1074 46
    endloop
  endfacet
  facet normal -0.84676 -0.531976 0
    outer loop
      vertex 30.2614 -23.8926 46
      vertex 30.0946 -23.6271 51
      vertex 30.0946 -23.6271 46
    endloop
  endfacet
  facet normal -0.84676 -0.531976 0
    outer loop
      vertex 30.0946 -23.6271 51
      vertex 30.2614 -23.8926 46
      vertex 30.2614 -23.8926 51
    endloop
  endfacet
  facet normal -0.707107 -0.707107 0
    outer loop
      vertex 30.0946 -23.6271 46
      vertex 29.8729 -23.4054 51
      vertex 29.8729 -23.4054 46
    endloop
  endfacet
  facet normal -0.707107 -0.707107 0
    outer loop
      vertex 29.8729 -23.4054 51
      vertex 30.0946 -23.6271 46
      vertex 30.0946 -23.6271 51
    endloop
  endfacet
  facet normal -0.111972 -0.993711 0
    outer loop
      vertex 29 -23.1 46
      vertex 29.3115 -23.1351 51
      vertex 29 -23.1 51
    endloop
  endfacet
  facet normal -0.111972 -0.993711 -0
    outer loop
      vertex 29.3115 -23.1351 51
      vertex 29 -23.1 46
      vertex 29.3115 -23.1351 46
    endloop
  endfacet
  facet normal -0.330166 -0.943923 0
    outer loop
      vertex 29.3115 -23.1351 46
      vertex 29.6074 -23.2386 51
      vertex 29.3115 -23.1351 51
    endloop
  endfacet
  facet normal -0.330166 -0.943923 -0
    outer loop
      vertex 29.6074 -23.2386 51
      vertex 29.3115 -23.1351 46
      vertex 29.6074 -23.2386 46
    endloop
  endfacet
  facet normal 0.993711 -0.111972 0
    outer loop
      vertex 27.6 -24.5 51
      vertex 27.6351 -24.1885 46
      vertex 27.6351 -24.1885 51
    endloop
  endfacet
  facet normal 0.993711 -0.111972 0
    outer loop
      vertex 27.6351 -24.1885 46
      vertex 27.6 -24.5 51
      vertex 27.6 -24.5 46
    endloop
  endfacet
  facet normal 0.707107 -0.707107 0
    outer loop
      vertex 27.9054 -23.6271 51
      vertex 28.1271 -23.4054 46
      vertex 28.1271 -23.4054 51
    endloop
  endfacet
  facet normal 0.707107 -0.707107 0
    outer loop
      vertex 28.1271 -23.4054 46
      vertex 27.9054 -23.6271 51
      vertex 27.9054 -23.6271 46
    endloop
  endfacet
  facet normal 0.111972 -0.993711 0
    outer loop
      vertex 28.6885 -23.1351 46
      vertex 29 -23.1 51
      vertex 28.6885 -23.1351 51
    endloop
  endfacet
  facet normal 0.111972 -0.993711 0
    outer loop
      vertex 29 -23.1 51
      vertex 28.6885 -23.1351 46
      vertex 29 -23.1 46
    endloop
  endfacet
  facet normal -0.993711 -0.111972 0
    outer loop
      vertex 30.4 -24.5 46
      vertex 30.3649 -24.1885 51
      vertex 30.3649 -24.1885 46
    endloop
  endfacet
  facet normal -0.993711 -0.111972 0
    outer loop
      vertex 30.3649 -24.1885 51
      vertex 30.4 -24.5 46
      vertex 30.4 -24.5 51
    endloop
  endfacet
  facet normal -0.111972 0.993711 0
    outer loop
      vertex 29.3115 -25.8649 46
      vertex 29 -25.9 51
      vertex 29.3115 -25.8649 51
    endloop
  endfacet
  facet normal -0.111972 0.993711 0
    outer loop
      vertex 29 -25.9 51
      vertex 29.3115 -25.8649 46
      vertex 29 -25.9 46
    endloop
  endfacet
  facet normal -0.84676 0.531976 0
    outer loop
      vertex 30.0946 -25.3729 46
      vertex 30.2614 -25.1074 51
      vertex 30.2614 -25.1074 46
    endloop
  endfacet
  facet normal -0.84676 0.531976 0
    outer loop
      vertex 30.2614 -25.1074 51
      vertex 30.0946 -25.3729 46
      vertex 30.0946 -25.3729 51
    endloop
  endfacet
  facet normal -0.943923 0.330166 0
    outer loop
      vertex 30.2614 -25.1074 46
      vertex 30.3649 -24.8115 51
      vertex 30.3649 -24.8115 46
    endloop
  endfacet
  facet normal -0.943923 0.330166 0
    outer loop
      vertex 30.3649 -24.8115 51
      vertex 30.2614 -25.1074 46
      vertex 30.2614 -25.1074 51
    endloop
  endfacet
  facet normal -0.330166 0.943923 0
    outer loop
      vertex 29.6074 -25.7614 46
      vertex 29.3115 -25.8649 51
      vertex 29.6074 -25.7614 51
    endloop
  endfacet
  facet normal -0.330166 0.943923 0
    outer loop
      vertex 29.3115 -25.8649 51
      vertex 29.6074 -25.7614 46
      vertex 29.3115 -25.8649 46
    endloop
  endfacet
  facet normal -0.531976 0.84676 0
    outer loop
      vertex 29.8729 -25.5946 46
      vertex 29.6074 -25.7614 51
      vertex 29.8729 -25.5946 51
    endloop
  endfacet
  facet normal -0.531976 0.84676 0
    outer loop
      vertex 29.6074 -25.7614 51
      vertex 29.8729 -25.5946 46
      vertex 29.6074 -25.7614 46
    endloop
  endfacet
  facet normal 0.111972 0.993711 -0
    outer loop
      vertex 29 -25.9 46
      vertex 28.6885 -25.8649 51
      vertex 29 -25.9 51
    endloop
  endfacet
  facet normal 0.111972 0.993711 0
    outer loop
      vertex 28.6885 -25.8649 51
      vertex 29 -25.9 46
      vertex 28.6885 -25.8649 46
    endloop
  endfacet
  facet normal 0.707107 0.707107 0
    outer loop
      vertex 28.1271 -25.5946 51
      vertex 27.9054 -25.3729 46
      vertex 27.9054 -25.3729 51
    endloop
  endfacet
  facet normal 0.707107 0.707107 0
    outer loop
      vertex 27.9054 -25.3729 46
      vertex 28.1271 -25.5946 51
      vertex 28.1271 -25.5946 46
    endloop
  endfacet
  facet normal 0.84676 0.531976 0
    outer loop
      vertex 27.9054 -25.3729 51
      vertex 27.7386 -25.1074 46
      vertex 27.7386 -25.1074 51
    endloop
  endfacet
  facet normal 0.84676 0.531976 0
    outer loop
      vertex 27.7386 -25.1074 46
      vertex 27.9054 -25.3729 51
      vertex 27.9054 -25.3729 46
    endloop
  endfacet
  facet normal 0.993711 0.111972 0
    outer loop
      vertex 27.6351 -24.8115 51
      vertex 27.6 -24.5 46
      vertex 27.6 -24.5 51
    endloop
  endfacet
  facet normal 0.993711 0.111972 0
    outer loop
      vertex 27.6 -24.5 46
      vertex 27.6351 -24.8115 51
      vertex 27.6351 -24.8115 46
    endloop
  endfacet
  facet normal 0.943923 -0.330166 0
    outer loop
      vertex 27.6351 -24.1885 51
      vertex 27.7386 -23.8926 46
      vertex 27.7386 -23.8926 51
    endloop
  endfacet
  facet normal 0.943923 -0.330166 0
    outer loop
      vertex 27.7386 -23.8926 46
      vertex 27.6351 -24.1885 51
      vertex 27.6351 -24.1885 46
    endloop
  endfacet
  facet normal 0.531976 0.84676 -0
    outer loop
      vertex 28.3926 -25.7614 46
      vertex 28.1271 -25.5946 51
      vertex 28.3926 -25.7614 51
    endloop
  endfacet
  facet normal 0.531976 0.84676 0
    outer loop
      vertex 28.1271 -25.5946 51
      vertex 28.3926 -25.7614 46
      vertex 28.1271 -25.5946 46
    endloop
  endfacet
  facet normal 0.555568 0.831471 -0
    outer loop
      vertex 30.9785 27.0784 46
      vertex 30.625 27.3146 51
      vertex 30.9785 27.0784 51
    endloop
  endfacet
  facet normal 0.555568 0.831471 0
    outer loop
      vertex 30.625 27.3146 51
      vertex 30.9785 27.0784 46
      vertex 30.625 27.3146 46
    endloop
  endfacet
  facet normal -0.321586 0.94688 0
    outer loop
      vertex 28.1588 27.6393 46
      vertex 27.7563 27.5026 51
      vertex 28.1588 27.6393 51
    endloop
  endfacet
  facet normal -0.321586 0.94688 0
    outer loop
      vertex 27.7563 27.5026 51
      vertex 28.1588 27.6393 46
      vertex 27.7563 27.5026 46
    endloop
  endfacet
  facet normal -0.896907 0.44222 0
    outer loop
      vertex 25.9974 25.7437 46
      vertex 26.1854 26.125 51
      vertex 26.1854 26.125 46
    endloop
  endfacet
  facet normal -0.896907 0.44222 0
    outer loop
      vertex 26.1854 26.125 51
      vertex 25.9974 25.7437 46
      vertex 25.9974 25.7437 51
    endloop
  endfacet
  facet normal 0.896907 0.44222 0
    outer loop
      vertex 32.0026 25.7437 51
      vertex 31.8146 26.125 46
      vertex 31.8146 26.125 51
    endloop
  endfacet
  facet normal 0.896907 0.44222 0
    outer loop
      vertex 31.8146 26.125 46
      vertex 32.0026 25.7437 51
      vertex 32.0026 25.7437 46
    endloop
  endfacet
  facet normal 0.831471 0.555568 0
    outer loop
      vertex 31.8146 26.125 51
      vertex 31.5784 26.4785 46
      vertex 31.5784 26.4785 51
    endloop
  endfacet
  facet normal 0.831471 0.555568 0
    outer loop
      vertex 31.5784 26.4785 46
      vertex 31.8146 26.125 51
      vertex 31.8146 26.125 46
    endloop
  endfacet
  facet normal 0.44222 0.896907 -0
    outer loop
      vertex 30.625 27.3146 46
      vertex 30.2437 27.5026 51
      vertex 30.625 27.3146 51
    endloop
  endfacet
  facet normal 0.44222 0.896907 0
    outer loop
      vertex 30.2437 27.5026 51
      vertex 30.625 27.3146 46
      vertex 30.2437 27.5026 46
    endloop
  endfacet
  facet normal 0.0653948 0.997859 -0
    outer loop
      vertex 29.4242 27.7222 46
      vertex 29 27.75 51
      vertex 29.4242 27.7222 51
    endloop
  endfacet
  facet normal 0.0653948 0.997859 0
    outer loop
      vertex 29 27.75 51
      vertex 29.4242 27.7222 46
      vertex 29 27.75 46
    endloop
  endfacet
  facet normal -0.997859 0.0653948 0
    outer loop
      vertex 25.75 24.5 46
      vertex 25.7778 24.9242 51
      vertex 25.7778 24.9242 46
    endloop
  endfacet
  facet normal -0.997859 0.0653948 0
    outer loop
      vertex 25.7778 24.9242 51
      vertex 25.75 24.5 46
      vertex 25.75 24.5 51
    endloop
  endfacet
  facet normal -0.751818 0.65937 0
    outer loop
      vertex 26.4216 26.4785 46
      vertex 26.7019 26.7981 51
      vertex 26.7019 26.7981 46
    endloop
  endfacet
  facet normal -0.751818 0.65937 0
    outer loop
      vertex 26.7019 26.7981 51
      vertex 26.4216 26.4785 46
      vertex 26.4216 26.4785 51
    endloop
  endfacet
  facet normal -0.0653948 0.997859 0
    outer loop
      vertex 29 27.75 46
      vertex 28.5758 27.7222 51
      vertex 29 27.75 51
    endloop
  endfacet
  facet normal -0.0653948 0.997859 0
    outer loop
      vertex 28.5758 27.7222 51
      vertex 29 27.75 46
      vertex 28.5758 27.7222 46
    endloop
  endfacet
  facet normal -0.65937 0.751818 0
    outer loop
      vertex 27.0215 27.0784 46
      vertex 26.7019 26.7981 51
      vertex 27.0215 27.0784 51
    endloop
  endfacet
  facet normal -0.65937 0.751818 0
    outer loop
      vertex 26.7019 26.7981 51
      vertex 27.0215 27.0784 46
      vertex 26.7019 26.7981 46
    endloop
  endfacet
  facet normal 0.997859 0.0653948 0
    outer loop
      vertex 32.25 24.5 51
      vertex 32.2222 24.9242 46
      vertex 32.2222 24.9242 51
    endloop
  endfacet
  facet normal 0.997859 0.0653948 0
    outer loop
      vertex 32.2222 24.9242 46
      vertex 32.25 24.5 51
      vertex 32.25 24.5 46
    endloop
  endfacet
  facet normal 0.0653948 -0.997859 0
    outer loop
      vertex 29 21.25 46
      vertex 29.4242 21.2778 51
      vertex 29 21.25 51
    endloop
  endfacet
  facet normal 0.0653948 -0.997859 0
    outer loop
      vertex 29.4242 21.2778 51
      vertex 29 21.25 46
      vertex 29.4242 21.2778 46
    endloop
  endfacet
  facet normal 0.831471 -0.555568 0
    outer loop
      vertex 31.5784 22.5215 51
      vertex 31.8146 22.875 46
      vertex 31.8146 22.875 51
    endloop
  endfacet
  facet normal 0.831471 -0.555568 0
    outer loop
      vertex 31.8146 22.875 46
      vertex 31.5784 22.5215 51
      vertex 31.5784 22.5215 46
    endloop
  endfacet
  facet normal 0.94688 -0.321586 0
    outer loop
      vertex 32.0026 23.2563 51
      vertex 32.1393 23.6588 46
      vertex 32.1393 23.6588 51
    endloop
  endfacet
  facet normal 0.94688 -0.321586 0
    outer loop
      vertex 32.1393 23.6588 46
      vertex 32.0026 23.2563 51
      vertex 32.0026 23.2563 46
    endloop
  endfacet
  facet normal -0.0653948 -0.997859 0
    outer loop
      vertex 28.5758 21.2778 46
      vertex 29 21.25 51
      vertex 28.5758 21.2778 51
    endloop
  endfacet
  facet normal -0.0653948 -0.997859 -0
    outer loop
      vertex 29 21.25 51
      vertex 28.5758 21.2778 46
      vertex 29 21.25 46
    endloop
  endfacet
  facet normal -0.65937 -0.751818 0
    outer loop
      vertex 26.7019 22.2019 46
      vertex 27.0215 21.9216 51
      vertex 26.7019 22.2019 51
    endloop
  endfacet
  facet normal -0.65937 -0.751818 -0
    outer loop
      vertex 27.0215 21.9216 51
      vertex 26.7019 22.2019 46
      vertex 27.0215 21.9216 46
    endloop
  endfacet
  facet normal -0.997859 -0.0653948 0
    outer loop
      vertex 25.7778 24.0758 46
      vertex 25.75 24.5 51
      vertex 25.75 24.5 46
    endloop
  endfacet
  facet normal -0.997859 -0.0653948 0
    outer loop
      vertex 25.75 24.5 51
      vertex 25.7778 24.0758 46
      vertex 25.7778 24.0758 51
    endloop
  endfacet
  facet normal 0 0 -1
    outer loop
      vertex 30.4 24.5 46
      vertex 32.25 24.5 46
      vertex 32.2222 24.0758 46
    endloop
  endfacet
  facet normal 0 0 -1
    outer loop
      vertex 30.3649 24.1885 46
      vertex 32.2222 24.0758 46
      vertex 32.1393 23.6588 46
    endloop
  endfacet
  facet normal 0 0 -1
    outer loop
      vertex 32.25 24.5 46
      vertex 30.4 24.5 46
      vertex 32.2222 24.9242 46
    endloop
  endfacet
  facet normal 0 0 -1
    outer loop
      vertex 30.3649 24.1885 46
      vertex 32.1393 23.6588 46
      vertex 32.0026 23.2563 46
    endloop
  endfacet
  facet normal 0 0 -1
    outer loop
      vertex 30.3649 24.8115 46
      vertex 32.2222 24.9242 46
      vertex 30.4 24.5 46
    endloop
  endfacet
  facet normal 0 0 -1
    outer loop
      vertex 30.2614 23.8926 46
      vertex 32.0026 23.2563 46
      vertex 31.8146 22.875 46
    endloop
  endfacet
  facet normal -0 0 -1
    outer loop
      vertex 32.2222 24.9242 46
      vertex 30.3649 24.8115 46
      vertex 32.1393 25.3412 46
    endloop
  endfacet
  facet normal 0 0 -1
    outer loop
      vertex 30.0946 23.6271 46
      vertex 31.8146 22.875 46
      vertex 31.5784 22.5215 46
    endloop
  endfacet
  facet normal -0 0 -1
    outer loop
      vertex 32.1393 25.3412 46
      vertex 30.3649 24.8115 46
      vertex 32.0026 25.7437 46
    endloop
  endfacet
  facet normal 0 0 -1
    outer loop
      vertex 30.0946 23.6271 46
      vertex 31.5784 22.5215 46
      vertex 31.2981 22.2019 46
    endloop
  endfacet
  facet normal 0 0 -1
    outer loop
      vertex 30.2614 25.1074 46
      vertex 32.0026 25.7437 46
      vertex 30.3649 24.8115 46
    endloop
  endfacet
  facet normal 0 0 -1
    outer loop
      vertex 29.8729 23.4054 46
      vertex 31.2981 22.2019 46
      vertex 30.9785 21.9216 46
    endloop
  endfacet
  facet normal -0 0 -1
    outer loop
      vertex 32.0026 25.7437 46
      vertex 30.2614 25.1074 46
      vertex 31.8146 26.125 46
    endloop
  endfacet
  facet normal 0 0 -1
    outer loop
      vertex 29.8729 23.4054 46
      vertex 30.9785 21.9216 46
      vertex 30.625 21.6854 46
    endloop
  endfacet
  facet normal 0 0 -1
    outer loop
      vertex 30.0946 25.3729 46
      vertex 31.8146 26.125 46
      vertex 30.2614 25.1074 46
    endloop
  endfacet
  facet normal -0 0 -1
    outer loop
      vertex 31.8146 26.125 46
      vertex 30.0946 25.3729 46
      vertex 31.5784 26.4785 46
    endloop
  endfacet
  facet normal 0 0 -1
    outer loop
      vertex 32.2222 24.0758 46
      vertex 30.3649 24.1885 46
      vertex 30.4 24.5 46
    endloop
  endfacet
  facet normal 0 0 -1
    outer loop
      vertex 32.0026 23.2563 46
      vertex 30.2614 23.8926 46
      vertex 30.3649 24.1885 46
    endloop
  endfacet
  facet normal 0 0 -1
    outer loop
      vertex 29.6074 23.2386 46
      vertex 30.625 21.6854 46
      vertex 30.2437 21.4974 46
    endloop
  endfacet
  facet normal 0 0 -1
    outer loop
      vertex 31.8146 22.875 46
      vertex 30.0946 23.6271 46
      vertex 30.2614 23.8926 46
    endloop
  endfacet
  facet normal 0 0 -1
    outer loop
      vertex 31.2981 22.2019 46
      vertex 29.8729 23.4054 46
      vertex 30.0946 23.6271 46
    endloop
  endfacet
  facet normal 0 0 -1
    outer loop
      vertex 29.3115 23.1351 46
      vertex 30.2437 21.4974 46
      vertex 29.8412 21.3607 46
    endloop
  endfacet
  facet normal 0 0 -1
    outer loop
      vertex 30.625 21.6854 46
      vertex 29.6074 23.2386 46
      vertex 29.8729 23.4054 46
    endloop
  endfacet
  facet normal 0 0 -1
    outer loop
      vertex 29.3115 23.1351 46
      vertex 29.8412 21.3607 46
      vertex 29.4242 21.2778 46
    endloop
  endfacet
  facet normal 0 0 -1
    outer loop
      vertex 30.2437 21.4974 46
      vertex 29.3115 23.1351 46
      vertex 29.6074 23.2386 46
    endloop
  endfacet
  facet normal 0 0 -1
    outer loop
      vertex 29 23.1 46
      vertex 29.4242 21.2778 46
      vertex 29 21.25 46
    endloop
  endfacet
  facet normal 0 0 -1
    outer loop
      vertex 29.4242 21.2778 46
      vertex 29 23.1 46
      vertex 29.3115 23.1351 46
    endloop
  endfacet
  facet normal 0 0 -1
    outer loop
      vertex 28.5758 21.2778 46
      vertex 29 23.1 46
      vertex 29 21.25 46
    endloop
  endfacet
  facet normal -0 0 -1
    outer loop
      vertex 29 23.1 46
      vertex 28.5758 21.2778 46
      vertex 28.6885 23.1351 46
    endloop
  endfacet
  facet normal 0 0 -1
    outer loop
      vertex 28.1588 21.3607 46
      vertex 28.6885 23.1351 46
      vertex 28.5758 21.2778 46
    endloop
  endfacet
  facet normal 0 0 -1
    outer loop
      vertex 27.7563 21.4974 46
      vertex 28.6885 23.1351 46
      vertex 28.1588 21.3607 46
    endloop
  endfacet
  facet normal -0 0 -1
    outer loop
      vertex 28.6885 23.1351 46
      vertex 27.7563 21.4974 46
      vertex 28.3926 23.2386 46
    endloop
  endfacet
  facet normal 0 0 -1
    outer loop
      vertex 27.375 21.6854 46
      vertex 28.3926 23.2386 46
      vertex 27.7563 21.4974 46
    endloop
  endfacet
  facet normal -0 0 -1
    outer loop
      vertex 28.3926 23.2386 46
      vertex 27.375 21.6854 46
      vertex 28.1271 23.4054 46
    endloop
  endfacet
  facet normal 0 0 -1
    outer loop
      vertex 27.0215 21.9216 46
      vertex 28.1271 23.4054 46
      vertex 27.375 21.6854 46
    endloop
  endfacet
  facet normal 0 0 -1
    outer loop
      vertex 26.7019 22.2019 46
      vertex 28.1271 23.4054 46
      vertex 27.0215 21.9216 46
    endloop
  endfacet
  facet normal -0 0 -1
    outer loop
      vertex 28.1271 23.4054 46
      vertex 26.7019 22.2019 46
      vertex 27.9054 23.6271 46
    endloop
  endfacet
  facet normal 0 0 -1
    outer loop
      vertex 26.4216 22.5215 46
      vertex 27.9054 23.6271 46
      vertex 26.7019 22.2019 46
    endloop
  endfacet
  facet normal -0 0 -1
    outer loop
      vertex 31.5784 26.4785 46
      vertex 30.0946 25.3729 46
      vertex 31.2981 26.7981 46
    endloop
  endfacet
  facet normal 0 0 -1
    outer loop
      vertex 29.8729 25.5946 46
      vertex 31.2981 26.7981 46
      vertex 30.0946 25.3729 46
    endloop
  endfacet
  facet normal -0 0 -1
    outer loop
      vertex 31.2981 26.7981 46
      vertex 29.8729 25.5946 46
      vertex 30.9785 27.0784 46
    endloop
  endfacet
  facet normal -0 0 -1
    outer loop
      vertex 30.9785 27.0784 46
      vertex 29.8729 25.5946 46
      vertex 30.625 27.3146 46
    endloop
  endfacet
  facet normal 0 0 -1
    outer loop
      vertex 29.6074 25.7614 46
      vertex 30.625 27.3146 46
      vertex 29.8729 25.5946 46
    endloop
  endfacet
  facet normal -0 0 -1
    outer loop
      vertex 30.625 27.3146 46
      vertex 29.6074 25.7614 46
      vertex 30.2437 27.5026 46
    endloop
  endfacet
  facet normal 0 0 -1
    outer loop
      vertex 29.3115 25.8649 46
      vertex 30.2437 27.5026 46
      vertex 29.6074 25.7614 46
    endloop
  endfacet
  facet normal -0 0 -1
    outer loop
      vertex 30.2437 27.5026 46
      vertex 29.3115 25.8649 46
      vertex 29.8412 27.6393 46
    endloop
  endfacet
  facet normal -0 0 -1
    outer loop
      vertex 29.8412 27.6393 46
      vertex 29.3115 25.8649 46
      vertex 29.4242 27.7222 46
    endloop
  endfacet
  facet normal 0 0 -1
    outer loop
      vertex 29 25.9 46
      vertex 29.4242 27.7222 46
      vertex 29.3115 25.8649 46
    endloop
  endfacet
  facet normal 0 0 -1
    outer loop
      vertex 29 25.9 46
      vertex 29 27.75 46
      vertex 29.4242 27.7222 46
    endloop
  endfacet
  facet normal 0 0 -1
    outer loop
      vertex 28.5758 27.7222 46
      vertex 29 25.9 46
      vertex 28.6885 25.8649 46
    endloop
  endfacet
  facet normal 0 0 -1
    outer loop
      vertex 29 25.9 46
      vertex 28.5758 27.7222 46
      vertex 29 27.75 46
    endloop
  endfacet
  facet normal 0 0 -1
    outer loop
      vertex 27.7563 27.5026 46
      vertex 28.6885 25.8649 46
      vertex 28.3926 25.7614 46
    endloop
  endfacet
  facet normal 0 0 -1
    outer loop
      vertex 28.6885 25.8649 46
      vertex 28.1588 27.6393 46
      vertex 28.5758 27.7222 46
    endloop
  endfacet
  facet normal 0 0 -1
    outer loop
      vertex 27.375 27.3146 46
      vertex 28.3926 25.7614 46
      vertex 28.1271 25.5946 46
    endloop
  endfacet
  facet normal 0 0 -1
    outer loop
      vertex 26.7019 26.7981 46
      vertex 28.1271 25.5946 46
      vertex 27.9054 25.3729 46
    endloop
  endfacet
  facet normal 0 0 -1
    outer loop
      vertex 28.6885 25.8649 46
      vertex 27.7563 27.5026 46
      vertex 28.1588 27.6393 46
    endloop
  endfacet
  facet normal 0 0 -1
    outer loop
      vertex 26.1854 26.125 46
      vertex 27.9054 25.3729 46
      vertex 27.7386 25.1074 46
    endloop
  endfacet
  facet normal 0 0 -1
    outer loop
      vertex 25.9974 25.7437 46
      vertex 27.7386 25.1074 46
      vertex 27.6351 24.8115 46
    endloop
  endfacet
  facet normal 0 0 -1
    outer loop
      vertex 25.7778 24.9242 46
      vertex 27.6351 24.8115 46
      vertex 27.6 24.5 46
    endloop
  endfacet
  facet normal 0 0 -1
    outer loop
      vertex 26.1854 22.875 46
      vertex 27.9054 23.6271 46
      vertex 26.4216 22.5215 46
    endloop
  endfacet
  facet normal 0 0 -1
    outer loop
      vertex 28.3926 25.7614 46
      vertex 27.375 27.3146 46
      vertex 27.7563 27.5026 46
    endloop
  endfacet
  facet normal -0 0 -1
    outer loop
      vertex 27.9054 23.6271 46
      vertex 26.1854 22.875 46
      vertex 27.7386 23.8926 46
    endloop
  endfacet
  facet normal 0 0 -1
    outer loop
      vertex 28.1271 25.5946 46
      vertex 27.0215 27.0784 46
      vertex 27.375 27.3146 46
    endloop
  endfacet
  facet normal 0 0 -1
    outer loop
      vertex 25.9974 23.2563 46
      vertex 27.7386 23.8926 46
      vertex 26.1854 22.875 46
    endloop
  endfacet
  facet normal 0 0 -1
    outer loop
      vertex 28.1271 25.5946 46
      vertex 26.7019 26.7981 46
      vertex 27.0215 27.0784 46
    endloop
  endfacet
  facet normal -0 0 -1
    outer loop
      vertex 27.7386 23.8926 46
      vertex 25.9974 23.2563 46
      vertex 27.6351 24.1885 46
    endloop
  endfacet
  facet normal 0 0 -1
    outer loop
      vertex 27.9054 25.3729 46
      vertex 26.4216 26.4785 46
      vertex 26.7019 26.7981 46
    endloop
  endfacet
  facet normal 0 0 -1
    outer loop
      vertex 25.8607 23.6588 46
      vertex 27.6351 24.1885 46
      vertex 25.9974 23.2563 46
    endloop
  endfacet
  facet normal 0 0 -1
    outer loop
      vertex 27.9054 25.3729 46
      vertex 26.1854 26.125 46
      vertex 26.4216 26.4785 46
    endloop
  endfacet
  facet normal 0 0 -1
    outer loop
      vertex 25.7778 24.0758 46
      vertex 27.6351 24.1885 46
      vertex 25.8607 23.6588 46
    endloop
  endfacet
  facet normal 0 0 -1
    outer loop
      vertex 27.7386 25.1074 46
      vertex 25.9974 25.7437 46
      vertex 26.1854 26.125 46
    endloop
  endfacet
  facet normal -0 0 -1
    outer loop
      vertex 27.6351 24.1885 46
      vertex 25.7778 24.0758 46
      vertex 27.6 24.5 46
    endloop
  endfacet
  facet normal 0 0 -1
    outer loop
      vertex 27.6351 24.8115 46
      vertex 25.8607 25.3412 46
      vertex 25.9974 25.7437 46
    endloop
  endfacet
  facet normal 0 0 -1
    outer loop
      vertex 25.75 24.5 46
      vertex 27.6 24.5 46
      vertex 25.7778 24.0758 46
    endloop
  endfacet
  facet normal 0 0 -1
    outer loop
      vertex 27.6351 24.8115 46
      vertex 25.7778 24.9242 46
      vertex 25.8607 25.3412 46
    endloop
  endfacet
  facet normal 0 0 -1
    outer loop
      vertex 27.6 24.5 46
      vertex 25.75 24.5 46
      vertex 25.7778 24.9242 46
    endloop
  endfacet
  facet normal -0.751818 -0.65937 0
    outer loop
      vertex 26.7019 22.2019 46
      vertex 26.4216 22.5215 51
      vertex 26.4216 22.5215 46
    endloop
  endfacet
  facet normal -0.751818 -0.65937 0
    outer loop
      vertex 26.4216 22.5215 51
      vertex 26.7019 22.2019 46
      vertex 26.7019 22.2019 51
    endloop
  endfacet
  facet normal 0.980806 0.194985 0
    outer loop
      vertex 32.2222 24.9242 51
      vertex 32.1393 25.3412 46
      vertex 32.1393 25.3412 51
    endloop
  endfacet
  facet normal 0.980806 0.194985 0
    outer loop
      vertex 32.1393 25.3412 46
      vertex 32.2222 24.9242 51
      vertex 32.2222 24.9242 46
    endloop
  endfacet
  facet normal 0.94688 0.321586 0
    outer loop
      vertex 32.1393 25.3412 51
      vertex 32.0026 25.7437 46
      vertex 32.0026 25.7437 51
    endloop
  endfacet
  facet normal 0.94688 0.321586 0
    outer loop
      vertex 32.0026 25.7437 46
      vertex 32.1393 25.3412 51
      vertex 32.1393 25.3412 46
    endloop
  endfacet
  facet normal 0.751818 0.65937 0
    outer loop
      vertex 31.5784 26.4785 51
      vertex 31.2981 26.7981 46
      vertex 31.2981 26.7981 51
    endloop
  endfacet
  facet normal 0.751818 0.65937 0
    outer loop
      vertex 31.2981 26.7981 46
      vertex 31.5784 26.4785 51
      vertex 31.5784 26.4785 46
    endloop
  endfacet
  facet normal 0.65937 0.751818 -0
    outer loop
      vertex 31.2981 26.7981 46
      vertex 30.9785 27.0784 51
      vertex 31.2981 26.7981 51
    endloop
  endfacet
  facet normal 0.65937 0.751818 0
    outer loop
      vertex 30.9785 27.0784 51
      vertex 31.2981 26.7981 46
      vertex 30.9785 27.0784 46
    endloop
  endfacet
  facet normal 0.321586 0.94688 -0
    outer loop
      vertex 30.2437 27.5026 46
      vertex 29.8412 27.6393 51
      vertex 30.2437 27.5026 51
    endloop
  endfacet
  facet normal 0.321586 0.94688 0
    outer loop
      vertex 29.8412 27.6393 51
      vertex 30.2437 27.5026 46
      vertex 29.8412 27.6393 46
    endloop
  endfacet
  facet normal 0.194985 0.980806 -0
    outer loop
      vertex 29.8412 27.6393 46
      vertex 29.4242 27.7222 51
      vertex 29.8412 27.6393 51
    endloop
  endfacet
  facet normal 0.194985 0.980806 0
    outer loop
      vertex 29.4242 27.7222 51
      vertex 29.8412 27.6393 46
      vertex 29.4242 27.7222 46
    endloop
  endfacet
  facet normal -0.94688 0.321586 0
    outer loop
      vertex 25.8607 25.3412 46
      vertex 25.9974 25.7437 51
      vertex 25.9974 25.7437 46
    endloop
  endfacet
  facet normal -0.94688 0.321586 0
    outer loop
      vertex 25.9974 25.7437 51
      vertex 25.8607 25.3412 46
      vertex 25.8607 25.3412 51
    endloop
  endfacet
  facet normal -0.980806 0.194985 0
    outer loop
      vertex 25.7778 24.9242 46
      vertex 25.8607 25.3412 51
      vertex 25.8607 25.3412 46
    endloop
  endfacet
  facet normal -0.980806 0.194985 0
    outer loop
      vertex 25.8607 25.3412 51
      vertex 25.7778 24.9242 46
      vertex 25.7778 24.9242 51
    endloop
  endfacet
  facet normal -0.831471 0.555568 0
    outer loop
      vertex 26.1854 26.125 46
      vertex 26.4216 26.4785 51
      vertex 26.4216 26.4785 46
    endloop
  endfacet
  facet normal -0.831471 0.555568 0
    outer loop
      vertex 26.4216 26.4785 51
      vertex 26.1854 26.125 46
      vertex 26.1854 26.125 51
    endloop
  endfacet
  facet normal -0.194985 0.980806 0
    outer loop
      vertex 28.5758 27.7222 46
      vertex 28.1588 27.6393 51
      vertex 28.5758 27.7222 51
    endloop
  endfacet
  facet normal -0.194985 0.980806 0
    outer loop
      vertex 28.1588 27.6393 51
      vertex 28.5758 27.7222 46
      vertex 28.1588 27.6393 46
    endloop
  endfacet
  facet normal -0.555568 0.831471 0
    outer loop
      vertex 27.375 27.3146 46
      vertex 27.0215 27.0784 51
      vertex 27.375 27.3146 51
    endloop
  endfacet
  facet normal -0.555568 0.831471 0
    outer loop
      vertex 27.0215 27.0784 51
      vertex 27.375 27.3146 46
      vertex 27.0215 27.0784 46
    endloop
  endfacet
  facet normal -0.44222 0.896907 0
    outer loop
      vertex 27.7563 27.5026 46
      vertex 27.375 27.3146 51
      vertex 27.7563 27.5026 51
    endloop
  endfacet
  facet normal -0.44222 0.896907 0
    outer loop
      vertex 27.375 27.3146 51
      vertex 27.7563 27.5026 46
      vertex 27.375 27.3146 46
    endloop
  endfacet
  facet normal 0.997859 -0.0653948 0
    outer loop
      vertex 32.2222 24.0758 51
      vertex 32.25 24.5 46
      vertex 32.25 24.5 51
    endloop
  endfacet
  facet normal 0.997859 -0.0653948 0
    outer loop
      vertex 32.25 24.5 46
      vertex 32.2222 24.0758 51
      vertex 32.2222 24.0758 46
    endloop
  endfacet
  facet normal 0.194985 -0.980806 0
    outer loop
      vertex 29.4242 21.2778 46
      vertex 29.8412 21.3607 51
      vertex 29.4242 21.2778 51
    endloop
  endfacet
  facet normal 0.194985 -0.980806 0
    outer loop
      vertex 29.8412 21.3607 51
      vertex 29.4242 21.2778 46
      vertex 29.8412 21.3607 46
    endloop
  endfacet
  facet normal 0.65937 -0.751818 0
    outer loop
      vertex 30.9785 21.9216 46
      vertex 31.2981 22.2019 51
      vertex 30.9785 21.9216 51
    endloop
  endfacet
  facet normal 0.65937 -0.751818 0
    outer loop
      vertex 31.2981 22.2019 51
      vertex 30.9785 21.9216 46
      vertex 31.2981 22.2019 46
    endloop
  endfacet
  facet normal 0.44222 -0.896907 0
    outer loop
      vertex 30.2437 21.4974 46
      vertex 30.625 21.6854 51
      vertex 30.2437 21.4974 51
    endloop
  endfacet
  facet normal 0.44222 -0.896907 0
    outer loop
      vertex 30.625 21.6854 51
      vertex 30.2437 21.4974 46
      vertex 30.625 21.6854 46
    endloop
  endfacet
  facet normal -0.321586 -0.94688 0
    outer loop
      vertex 27.7563 21.4974 46
      vertex 28.1588 21.3607 51
      vertex 27.7563 21.4974 51
    endloop
  endfacet
  facet normal -0.321586 -0.94688 -0
    outer loop
      vertex 28.1588 21.3607 51
      vertex 27.7563 21.4974 46
      vertex 28.1588 21.3607 46
    endloop
  endfacet
  facet normal -0.555568 -0.831471 0
    outer loop
      vertex 27.0215 21.9216 46
      vertex 27.375 21.6854 51
      vertex 27.0215 21.9216 51
    endloop
  endfacet
  facet normal -0.555568 -0.831471 -0
    outer loop
      vertex 27.375 21.6854 51
      vertex 27.0215 21.9216 46
      vertex 27.375 21.6854 46
    endloop
  endfacet
  facet normal -0.980806 -0.194985 0
    outer loop
      vertex 25.8607 23.6588 46
      vertex 25.7778 24.0758 51
      vertex 25.7778 24.0758 46
    endloop
  endfacet
  facet normal -0.980806 -0.194985 0
    outer loop
      vertex 25.7778 24.0758 51
      vertex 25.8607 23.6588 46
      vertex 25.8607 23.6588 51
    endloop
  endfacet
  facet normal -0.896907 -0.44222 0
    outer loop
      vertex 26.1854 22.875 46
      vertex 25.9974 23.2563 51
      vertex 25.9974 23.2563 46
    endloop
  endfacet
  facet normal -0.896907 -0.44222 0
    outer loop
      vertex 25.9974 23.2563 51
      vertex 26.1854 22.875 46
      vertex 26.1854 22.875 51
    endloop
  endfacet
  facet normal 0.980806 -0.194985 0
    outer loop
      vertex 32.1393 23.6588 51
      vertex 32.2222 24.0758 46
      vertex 32.2222 24.0758 51
    endloop
  endfacet
  facet normal 0.980806 -0.194985 0
    outer loop
      vertex 32.2222 24.0758 46
      vertex 32.1393 23.6588 51
      vertex 32.1393 23.6588 46
    endloop
  endfacet
  facet normal 0.896907 -0.44222 0
    outer loop
      vertex 31.8146 22.875 51
      vertex 32.0026 23.2563 46
      vertex 32.0026 23.2563 51
    endloop
  endfacet
  facet normal 0.896907 -0.44222 0
    outer loop
      vertex 32.0026 23.2563 46
      vertex 31.8146 22.875 51
      vertex 31.8146 22.875 46
    endloop
  endfacet
  facet normal 0.321586 -0.94688 0
    outer loop
      vertex 29.8412 21.3607 46
      vertex 30.2437 21.4974 51
      vertex 29.8412 21.3607 51
    endloop
  endfacet
  facet normal 0.321586 -0.94688 0
    outer loop
      vertex 30.2437 21.4974 51
      vertex 29.8412 21.3607 46
      vertex 30.2437 21.4974 46
    endloop
  endfacet
  facet normal 0.751818 -0.65937 0
    outer loop
      vertex 31.2981 22.2019 51
      vertex 31.5784 22.5215 46
      vertex 31.5784 22.5215 51
    endloop
  endfacet
  facet normal 0.751818 -0.65937 0
    outer loop
      vertex 31.5784 22.5215 46
      vertex 31.2981 22.2019 51
      vertex 31.2981 22.2019 46
    endloop
  endfacet
  facet normal 0.555568 -0.831471 0
    outer loop
      vertex 30.625 21.6854 46
      vertex 30.9785 21.9216 51
      vertex 30.625 21.6854 51
    endloop
  endfacet
  facet normal 0.555568 -0.831471 0
    outer loop
      vertex 30.9785 21.9216 51
      vertex 30.625 21.6854 46
      vertex 30.9785 21.9216 46
    endloop
  endfacet
  facet normal -0.194985 -0.980806 0
    outer loop
      vertex 28.1588 21.3607 46
      vertex 28.5758 21.2778 51
      vertex 28.1588 21.3607 51
    endloop
  endfacet
  facet normal -0.194985 -0.980806 -0
    outer loop
      vertex 28.5758 21.2778 51
      vertex 28.1588 21.3607 46
      vertex 28.5758 21.2778 46
    endloop
  endfacet
  facet normal -0.44222 -0.896907 0
    outer loop
      vertex 27.375 21.6854 46
      vertex 27.7563 21.4974 51
      vertex 27.375 21.6854 51
    endloop
  endfacet
  facet normal -0.44222 -0.896907 -0
    outer loop
      vertex 27.7563 21.4974 51
      vertex 27.375 21.6854 46
      vertex 27.7563 21.4974 46
    endloop
  endfacet
  facet normal -0.94688 -0.321586 0
    outer loop
      vertex 25.9974 23.2563 46
      vertex 25.8607 23.6588 51
      vertex 25.8607 23.6588 46
    endloop
  endfacet
  facet normal -0.94688 -0.321586 0
    outer loop
      vertex 25.8607 23.6588 51
      vertex 25.9974 23.2563 46
      vertex 25.9974 23.2563 51
    endloop
  endfacet
  facet normal -0.831471 -0.555568 0
    outer loop
      vertex 26.4216 22.5215 46
      vertex 26.1854 22.875 51
      vertex 26.1854 22.875 46
    endloop
  endfacet
  facet normal -0.831471 -0.555568 0
    outer loop
      vertex 26.1854 22.875 51
      vertex 26.4216 22.5215 46
      vertex 26.4216 22.5215 51
    endloop
  endfacet
  facet normal -0.531976 -0.84676 0
    outer loop
      vertex 29.6074 25.7614 46
      vertex 29.8729 25.5946 51
      vertex 29.6074 25.7614 51
    endloop
  endfacet
  facet normal -0.531976 -0.84676 -0
    outer loop
      vertex 29.8729 25.5946 51
      vertex 29.6074 25.7614 46
      vertex 29.8729 25.5946 46
    endloop
  endfacet
  facet normal -0.993711 0.111972 0
    outer loop
      vertex 30.3649 24.1885 46
      vertex 30.4 24.5 51
      vertex 30.4 24.5 46
    endloop
  endfacet
  facet normal -0.993711 0.111972 0
    outer loop
      vertex 30.4 24.5 51
      vertex 30.3649 24.1885 46
      vertex 30.3649 24.1885 51
    endloop
  endfacet
  facet normal 0.330166 0.943923 -0
    outer loop
      vertex 28.6885 23.1351 46
      vertex 28.3926 23.2386 51
      vertex 28.6885 23.1351 51
    endloop
  endfacet
  facet normal 0.330166 0.943923 0
    outer loop
      vertex 28.3926 23.2386 51
      vertex 28.6885 23.1351 46
      vertex 28.3926 23.2386 46
    endloop
  endfacet
  facet normal -0.943923 -0.330166 0
    outer loop
      vertex 30.3649 24.8115 46
      vertex 30.2614 25.1074 51
      vertex 30.2614 25.1074 46
    endloop
  endfacet
  facet normal -0.943923 -0.330166 0
    outer loop
      vertex 30.2614 25.1074 51
      vertex 30.3649 24.8115 46
      vertex 30.3649 24.8115 51
    endloop
  endfacet
  facet normal 0.330166 -0.943923 0
    outer loop
      vertex 28.3926 25.7614 46
      vertex 28.6885 25.8649 51
      vertex 28.3926 25.7614 51
    endloop
  endfacet
  facet normal 0.330166 -0.943923 0
    outer loop
      vertex 28.6885 25.8649 51
      vertex 28.3926 25.7614 46
      vertex 28.6885 25.8649 46
    endloop
  endfacet
  facet normal 0.84676 -0.531976 0
    outer loop
      vertex 27.7386 25.1074 51
      vertex 27.9054 25.3729 46
      vertex 27.9054 25.3729 51
    endloop
  endfacet
  facet normal 0.84676 -0.531976 0
    outer loop
      vertex 27.9054 25.3729 46
      vertex 27.7386 25.1074 51
      vertex 27.7386 25.1074 46
    endloop
  endfacet
  facet normal 0.531976 -0.84676 0
    outer loop
      vertex 28.1271 25.5946 46
      vertex 28.3926 25.7614 51
      vertex 28.1271 25.5946 51
    endloop
  endfacet
  facet normal 0.531976 -0.84676 0
    outer loop
      vertex 28.3926 25.7614 51
      vertex 28.1271 25.5946 46
      vertex 28.3926 25.7614 46
    endloop
  endfacet
  facet normal -0.707107 0.707107 0
    outer loop
      vertex 29.8729 23.4054 46
      vertex 30.0946 23.6271 51
      vertex 30.0946 23.6271 46
    endloop
  endfacet
  facet normal -0.707107 0.707107 0
    outer loop
      vertex 30.0946 23.6271 51
      vertex 29.8729 23.4054 46
      vertex 29.8729 23.4054 51
    endloop
  endfacet
  facet normal 0.943923 0.330166 0
    outer loop
      vertex 27.7386 23.8926 51
      vertex 27.6351 24.1885 46
      vertex 27.6351 24.1885 51
    endloop
  endfacet
  facet normal 0.943923 0.330166 0
    outer loop
      vertex 27.6351 24.1885 46
      vertex 27.7386 23.8926 51
      vertex 27.7386 23.8926 46
    endloop
  endfacet
  facet normal -0.84676 -0.531976 0
    outer loop
      vertex 30.2614 25.1074 46
      vertex 30.0946 25.3729 51
      vertex 30.0946 25.3729 46
    endloop
  endfacet
  facet normal -0.84676 -0.531976 0
    outer loop
      vertex 30.0946 25.3729 51
      vertex 30.2614 25.1074 46
      vertex 30.2614 25.1074 51
    endloop
  endfacet
  facet normal -0.707107 -0.707107 0
    outer loop
      vertex 30.0946 25.3729 46
      vertex 29.8729 25.5946 51
      vertex 29.8729 25.5946 46
    endloop
  endfacet
  facet normal -0.707107 -0.707107 0
    outer loop
      vertex 29.8729 25.5946 51
      vertex 30.0946 25.3729 46
      vertex 30.0946 25.3729 51
    endloop
  endfacet
  facet normal -0.111972 -0.993711 0
    outer loop
      vertex 29 25.9 46
      vertex 29.3115 25.8649 51
      vertex 29 25.9 51
    endloop
  endfacet
  facet normal -0.111972 -0.993711 -0
    outer loop
      vertex 29.3115 25.8649 51
      vertex 29 25.9 46
      vertex 29.3115 25.8649 46
    endloop
  endfacet
  facet normal -0.330166 -0.943923 0
    outer loop
      vertex 29.3115 25.8649 46
      vertex 29.6074 25.7614 51
      vertex 29.3115 25.8649 51
    endloop
  endfacet
  facet normal -0.330166 -0.943923 -0
    outer loop
      vertex 29.6074 25.7614 51
      vertex 29.3115 25.8649 46
      vertex 29.6074 25.7614 46
    endloop
  endfacet
  facet normal 0.993711 -0.111972 0
    outer loop
      vertex 27.6 24.5 51
      vertex 27.6351 24.8115 46
      vertex 27.6351 24.8115 51
    endloop
  endfacet
  facet normal 0.993711 -0.111972 0
    outer loop
      vertex 27.6351 24.8115 46
      vertex 27.6 24.5 51
      vertex 27.6 24.5 46
    endloop
  endfacet
  facet normal 0.707107 -0.707107 0
    outer loop
      vertex 27.9054 25.3729 51
      vertex 28.1271 25.5946 46
      vertex 28.1271 25.5946 51
    endloop
  endfacet
  facet normal 0.707107 -0.707107 0
    outer loop
      vertex 28.1271 25.5946 46
      vertex 27.9054 25.3729 51
      vertex 27.9054 25.3729 46
    endloop
  endfacet
  facet normal 0.111972 -0.993711 0
    outer loop
      vertex 28.6885 25.8649 46
      vertex 29 25.9 51
      vertex 28.6885 25.8649 51
    endloop
  endfacet
  facet normal 0.111972 -0.993711 0
    outer loop
      vertex 29 25.9 51
      vertex 28.6885 25.8649 46
      vertex 29 25.9 46
    endloop
  endfacet
  facet normal -0.993711 -0.111972 0
    outer loop
      vertex 30.4 24.5 46
      vertex 30.3649 24.8115 51
      vertex 30.3649 24.8115 46
    endloop
  endfacet
  facet normal -0.993711 -0.111972 0
    outer loop
      vertex 30.3649 24.8115 51
      vertex 30.4 24.5 46
      vertex 30.4 24.5 51
    endloop
  endfacet
  facet normal -0.111972 0.993711 0
    outer loop
      vertex 29.3115 23.1351 46
      vertex 29 23.1 51
      vertex 29.3115 23.1351 51
    endloop
  endfacet
  facet normal -0.111972 0.993711 0
    outer loop
      vertex 29 23.1 51
      vertex 29.3115 23.1351 46
      vertex 29 23.1 46
    endloop
  endfacet
  facet normal -0.84676 0.531976 0
    outer loop
      vertex 30.0946 23.6271 46
      vertex 30.2614 23.8926 51
      vertex 30.2614 23.8926 46
    endloop
  endfacet
  facet normal -0.84676 0.531976 0
    outer loop
      vertex 30.2614 23.8926 51
      vertex 30.0946 23.6271 46
      vertex 30.0946 23.6271 51
    endloop
  endfacet
  facet normal -0.943923 0.330166 0
    outer loop
      vertex 30.2614 23.8926 46
      vertex 30.3649 24.1885 51
      vertex 30.3649 24.1885 46
    endloop
  endfacet
  facet normal -0.943923 0.330166 0
    outer loop
      vertex 30.3649 24.1885 51
      vertex 30.2614 23.8926 46
      vertex 30.2614 23.8926 51
    endloop
  endfacet
  facet normal -0.330166 0.943923 0
    outer loop
      vertex 29.6074 23.2386 46
      vertex 29.3115 23.1351 51
      vertex 29.6074 23.2386 51
    endloop
  endfacet
  facet normal -0.330166 0.943923 0
    outer loop
      vertex 29.3115 23.1351 51
      vertex 29.6074 23.2386 46
      vertex 29.3115 23.1351 46
    endloop
  endfacet
  facet normal -0.531976 0.84676 0
    outer loop
      vertex 29.8729 23.4054 46
      vertex 29.6074 23.2386 51
      vertex 29.8729 23.4054 51
    endloop
  endfacet
  facet normal -0.531976 0.84676 0
    outer loop
      vertex 29.6074 23.2386 51
      vertex 29.8729 23.4054 46
      vertex 29.6074 23.2386 46
    endloop
  endfacet
  facet normal 0.111972 0.993711 -0
    outer loop
      vertex 29 23.1 46
      vertex 28.6885 23.1351 51
      vertex 29 23.1 51
    endloop
  endfacet
  facet normal 0.111972 0.993711 0
    outer loop
      vertex 28.6885 23.1351 51
      vertex 29 23.1 46
      vertex 28.6885 23.1351 46
    endloop
  endfacet
  facet normal 0.707107 0.707107 0
    outer loop
      vertex 28.1271 23.4054 51
      vertex 27.9054 23.6271 46
      vertex 27.9054 23.6271 51
    endloop
  endfacet
  facet normal 0.707107 0.707107 0
    outer loop
      vertex 27.9054 23.6271 46
      vertex 28.1271 23.4054 51
      vertex 28.1271 23.4054 46
    endloop
  endfacet
  facet normal 0.84676 0.531976 0
    outer loop
      vertex 27.9054 23.6271 51
      vertex 27.7386 23.8926 46
      vertex 27.7386 23.8926 51
    endloop
  endfacet
  facet normal 0.84676 0.531976 0
    outer loop
      vertex 27.7386 23.8926 46
      vertex 27.9054 23.6271 51
      vertex 27.9054 23.6271 46
    endloop
  endfacet
  facet normal 0.993711 0.111972 0
    outer loop
      vertex 27.6351 24.1885 51
      vertex 27.6 24.5 46
      vertex 27.6 24.5 51
    endloop
  endfacet
  facet normal 0.993711 0.111972 0
    outer loop
      vertex 27.6 24.5 46
      vertex 27.6351 24.1885 51
      vertex 27.6351 24.1885 46
    endloop
  endfacet
  facet normal 0.943923 -0.330166 0
    outer loop
      vertex 27.6351 24.8115 51
      vertex 27.7386 25.1074 46
      vertex 27.7386 25.1074 51
    endloop
  endfacet
  facet normal 0.943923 -0.330166 0
    outer loop
      vertex 27.7386 25.1074 46
      vertex 27.6351 24.8115 51
      vertex 27.6351 24.8115 46
    endloop
  endfacet
  facet normal 0.531976 0.84676 -0
    outer loop
      vertex 28.3926 23.2386 46
      vertex 28.1271 23.4054 51
      vertex 28.3926 23.2386 51
    endloop
  endfacet
  facet normal 0.531976 0.84676 0
    outer loop
      vertex 28.1271 23.4054 51
      vertex 28.3926 23.2386 46
      vertex 28.1271 23.4054 46
    endloop
  endfacet
  facet normal -1 0 0
    outer loop
      vertex -42.5 -28 44.4
      vertex -42.5 28 46
      vertex -42.5 28 44.4
    endloop
  endfacet
  facet normal -1 -0 0
    outer loop
      vertex -42.5 28 46
      vertex -42.5 -28 44.4
      vertex -42.5 -28 46
    endloop
  endfacet
  facet normal 0 0 -1
    outer loop
      vertex -34 -35 46
      vertex 4 -28 46
      vertex 4 -35 46
    endloop
  endfacet
  facet normal -0 0 -1
    outer loop
      vertex 4 -28 46
      vertex -34 -35 46
      vertex -34 -28 46
    endloop
  endfacet
  facet normal 0 0 1
    outer loop
      vertex 4 -26 46
      vertex 40.5 5 46
      vertex 40.5 28 46
    endloop
  endfacet
  facet normal 0 0 1
    outer loop
      vertex 40.5 5 46
      vertex 4 -26 46
      vertex 40.5 -4 46
    endloop
  endfacet
  facet normal 0 0 1
    outer loop
      vertex 40.5 -4 46
      vertex 4 -26 46
      vertex 40.5 -22 46
    endloop
  endfacet
  facet normal -0 0 1
    outer loop
      vertex -42.5 28 46
      vertex 4 -26 46
      vertex 40.5 28 46
    endloop
  endfacet
  facet normal 0 0 1
    outer loop
      vertex 4 -26 46
      vertex -42.5 28 46
      vertex -34 -26 46
    endloop
  endfacet
  facet normal 0 0 1
    outer loop
      vertex -42.5 -28 46
      vertex -34 -26 46
      vertex -42.5 28 46
    endloop
  endfacet
  facet normal 0 0 1
    outer loop
      vertex -34 -26 46
      vertex -42.5 -28 46
      vertex -34 -28 46
    endloop
  endfacet
  facet normal -0 0 1
    outer loop
      vertex 40.5 5 46
      vertex 42.5 -4 46
      vertex 42.5 5 46
    endloop
  endfacet
  facet normal 0 0 1
    outer loop
      vertex 42.5 -4 46
      vertex 40.5 5 46
      vertex 40.5 -4 46
    endloop
  endfacet
  facet normal -0 0 1
    outer loop
      vertex 40.5 -22 46
      vertex 42.5 -28 46
      vertex 42.5 -22 46
    endloop
  endfacet
  facet normal 0 0 1
    outer loop
      vertex 4 -28 46
      vertex 40.5 -22 46
      vertex 4 -26 46
    endloop
  endfacet
  facet normal 0 0 1
    outer loop
      vertex 40.5 -22 46
      vertex 4 -28 46
      vertex 42.5 -28 46
    endloop
  endfacet
  facet normal 0 0 -1
    outer loop
      vertex 42.5 28 46
      vertex 56.5 5 46
      vertex 42.5 5 46
    endloop
  endfacet
  facet normal 0 0 -1
    outer loop
      vertex 56.5 5 46
      vertex 42.5 28 46
      vertex 56.5 39 46
    endloop
  endfacet
  facet normal 0 0 -1
    outer loop
      vertex 40.5 39 46
      vertex 42.5 28 46
      vertex 40.5 28 46
    endloop
  endfacet
  facet normal 0 0 -1
    outer loop
      vertex 42.5 28 46
      vertex 40.5 39 46
      vertex 56.5 39 46
    endloop
  endfacet
  facet normal 0 0 -1
    outer loop
      vertex 42.5 -22 46
      vertex 56.5 -4 46
      vertex 56.5 -22 46
    endloop
  endfacet
  facet normal -0 0 -1
    outer loop
      vertex 56.5 -4 46
      vertex 42.5 -22 46
      vertex 42.5 -4 46
    endloop
  endfacet
  facet normal 1 -0 0
    outer loop
      vertex 42.5 5 46
      vertex 42.5 28 44.4
      vertex 42.5 28 46
    endloop
  endfacet
  facet normal 1 -0 0
    outer loop
      vertex 42.5 -4 46
      vertex 42.5 28 44.4
      vertex 42.5 5 46
    endloop
  endfacet
  facet normal 1 0 0
    outer loop
      vertex 42.5 -28 44.4
      vertex 42.5 -4 46
      vertex 42.5 -22 46
    endloop
  endfacet
  facet normal 1 0 0
    outer loop
      vertex 42.5 -28 44.4
      vertex 42.5 -22 46
      vertex 42.5 -28 46
    endloop
  endfacet
  facet normal 1 0 0
    outer loop
      vertex 42.5 -4 46
      vertex 42.5 -28 44.4
      vertex 42.5 28 44.4
    endloop
  endfacet
  facet normal 0 1 -0
    outer loop
      vertex 42.5 28 44.4
      vertex 40.5 28 46
      vertex 42.5 28 46
    endloop
  endfacet
  facet normal 0 1 0
    outer loop
      vertex -42.5 28 44.4
      vertex 40.5 28 46
      vertex 42.5 28 44.4
    endloop
  endfacet
  facet normal 0 1 0
    outer loop
      vertex 40.5 28 46
      vertex -42.5 28 44.4
      vertex -42.5 28 46
    endloop
  endfacet
  facet normal 0 0 -1
    outer loop
      vertex 42.5 -28 44.4
      vertex 31.75 -21.25 44.4
      vertex 42.5 28 44.4
    endloop
  endfacet
  facet normal 0 0 -1
    outer loop
      vertex 42.5 -28 44.4
      vertex -31.75 -21.25 44.4
      vertex 31.75 -21.25 44.4
    endloop
  endfacet
  facet normal -0 0 -1
    outer loop
      vertex -31.75 -21.25 44.4
      vertex -42.5 -28 44.4
      vertex -31.75 21.25 44.4
    endloop
  endfacet
  facet normal 0 0 -1
    outer loop
      vertex -42.5 -28 44.4
      vertex -31.75 -21.25 44.4
      vertex 42.5 -28 44.4
    endloop
  endfacet
  facet normal 0 0 -1
    outer loop
      vertex 31.75 21.25 44.4
      vertex 42.5 28 44.4
      vertex 31.75 -21.25 44.4
    endloop
  endfacet
  facet normal 0 0 -1
    outer loop
      vertex -31.75 21.25 44.4
      vertex 42.5 28 44.4
      vertex 31.75 21.25 44.4
    endloop
  endfacet
  facet normal 0 0 -1
    outer loop
      vertex -31.75 21.25 44.4
      vertex -42.5 28 44.4
      vertex 42.5 28 44.4
    endloop
  endfacet
  facet normal 0 0 -1
    outer loop
      vertex -42.5 28 44.4
      vertex -31.75 21.25 44.4
      vertex -42.5 -28 44.4
    endloop
  endfacet
  facet normal 0 -1 0
    outer loop
      vertex -42.5 -28 44.4
      vertex -34 -28 46
      vertex -42.5 -28 46
    endloop
  endfacet
  facet normal 0 -1 -0
    outer loop
      vertex -34 -28 46
      vertex -42.5 -28 44.4
      vertex 4 -28 46
    endloop
  endfacet
  facet normal 0 -1 0
    outer loop
      vertex 42.5 -28 44.4
      vertex 4 -28 46
      vertex -42.5 -28 44.4
    endloop
  endfacet
  facet normal 0 -1 0
    outer loop
      vertex 4 -28 46
      vertex 42.5 -28 44.4
      vertex 42.5 -28 46
    endloop
  endfacet
  facet normal -1 0 0
    outer loop
      vertex -31.75 -21.25 26
      vertex -31.75 21.25 44.4
      vertex -31.75 21.25 26
    endloop
  endfacet
  facet normal -1 -0 0
    outer loop
      vertex -31.75 21.25 44.4
      vertex -31.75 -21.25 26
      vertex -31.75 -21.25 44.4
    endloop
  endfacet
  facet normal 1 -0 0
    outer loop
      vertex 31.75 -21.25 44.4
      vertex 31.75 21.25 26
      vertex 31.75 21.25 44.4
    endloop
  endfacet
  facet normal 1 0 0
    outer loop
      vertex 31.75 21.25 26
      vertex 31.75 -21.25 44.4
      vertex 31.75 -21.25 26
    endloop
  endfacet
  facet normal 0 0 -1
    outer loop
      vertex -31.75 -21.25 26
      vertex 31.75 21.25 26
      vertex 31.75 -21.25 26
    endloop
  endfacet
  facet normal -0 0 -1
    outer loop
      vertex 31.75 21.25 26
      vertex -31.75 -21.25 26
      vertex -31.75 21.25 26
    endloop
  endfacet
  facet normal 0 -1 0
    outer loop
      vertex -31.75 -21.25 26
      vertex 31.75 -21.25 44.4
      vertex -31.75 -21.25 44.4
    endloop
  endfacet
  facet normal 0 -1 -0
    outer loop
      vertex 31.75 -21.25 44.4
      vertex -31.75 -21.25 26
      vertex 31.75 -21.25 26
    endloop
  endfacet
  facet normal 0 1 -0
    outer loop
      vertex 31.75 21.25 26
      vertex -31.75 21.25 44.4
      vertex 31.75 21.25 44.4
    endloop
  endfacet
  facet normal 0 1 0
    outer loop
      vertex -31.75 21.25 44.4
      vertex 31.75 21.25 26
      vertex -31.75 21.25 26
    endloop
  endfacet
  facet normal -1 0 0
    outer loop
      vertex 40.5 -22 46
      vertex 40.5 -4 51
      vertex 40.5 -4 46
    endloop
  endfacet
  facet normal -1 -0 0
    outer loop
      vertex 40.5 -4 51
      vertex 40.5 -22 46
      vertex 40.5 -22 51
    endloop
  endfacet
  facet normal -0 0 1
    outer loop
      vertex 56.3952 -11.2177 61
      vertex 56.5 -22 61
      vertex 56.5 -10.6134 61
    endloop
  endfacet
  facet normal -0 0 1
    outer loop
      vertex 55.7768 -13.9714 61
      vertex 56.5 -22 61
      vertex 56.3952 -11.2177 61
    endloop
  endfacet
  facet normal -0 0 1
    outer loop
      vertex 55.0241 -16.6914 61
      vertex 56.5 -22 61
      vertex 55.7768 -13.9714 61
    endloop
  endfacet
  facet normal -0 0 1
    outer loop
      vertex 54.1388 -19.3712 61
      vertex 56.5 -22 61
      vertex 55.0241 -16.6914 61
    endloop
  endfacet
  facet normal 0 0 1
    outer loop
      vertex 56.5 -22 61
      vertex 54.1388 -19.3712 61
      vertex 53.1247 -22 61
    endloop
  endfacet
  facet normal 1 0 0
    outer loop
      vertex 56.5 -10.6134 61
      vertex 56.5 -22 61
      vertex 56.5 -10.6134 51
    endloop
  endfacet
  facet normal 1 -0 0
    outer loop
      vertex 56.5 -10.6134 51
      vertex 56.5 -4 46
      vertex 56.5 -4 51
    endloop
  endfacet
  facet normal 1 0 0
    outer loop
      vertex 56.5 -10.6134 51
      vertex 56.5 -22 46
      vertex 56.5 -4 46
    endloop
  endfacet
  facet normal 1 0 0
    outer loop
      vertex 56.5 -22 46
      vertex 56.5 -10.6134 51
      vertex 56.5 -22 61
    endloop
  endfacet
  facet normal 0 1 0
    outer loop
      vertex 42.5 -4 46
      vertex 56.5 -4 51
      vertex 56.5 -4 46
    endloop
  endfacet
  facet normal 0 1 0
    outer loop
      vertex 56.5 -4 51
      vertex 42.5 -4 46
      vertex 40.5 -4 51
    endloop
  endfacet
  facet normal 0 1 0
    outer loop
      vertex 40.5 -4 51
      vertex 42.5 -4 46
      vertex 40.5 -4 46
    endloop
  endfacet
  facet normal 0 -1 0
    outer loop
      vertex 42.5 -22 46
      vertex 40.5 -22 51
      vertex 40.5 -22 46
    endloop
  endfacet
  facet normal 0 -1 0
    outer loop
      vertex 53.1247 -22 51
      vertex 56.5 -22 61
      vertex 53.1247 -22 61
    endloop
  endfacet
  facet normal 0 -1 0
    outer loop
      vertex 40.5 -22 51
      vertex 42.5 -22 46
      vertex 53.1247 -22 51
    endloop
  endfacet
  facet normal 0 -1 0
    outer loop
      vertex 53.1247 -22 51
      vertex 56.5 -22 46
      vertex 56.5 -22 61
    endloop
  endfacet
  facet normal 0 -1 0
    outer loop
      vertex 56.5 -22 46
      vertex 53.1247 -22 51
      vertex 42.5 -22 46
    endloop
  endfacet
  facet normal -1 0 0
    outer loop
      vertex 40.5 28 46
      vertex 40.5 39 51
      vertex 40.5 39 46
    endloop
  endfacet
  facet normal -1 0 0
    outer loop
      vertex 40.5 5 51
      vertex 40.5 28 46
      vertex 40.5 5 46
    endloop
  endfacet
  facet normal -1 0 0
    outer loop
      vertex 40.5 28 46
      vertex 40.5 5 51
      vertex 40.5 39 51
    endloop
  endfacet
  facet normal 0 0 1
    outer loop
      vertex 56.5 39 61
      vertex 56.3952 11.2177 61
      vertex 56.5 10.6134 61
    endloop
  endfacet
  facet normal 0 0 1
    outer loop
      vertex 56.5 39 61
      vertex 55.7768 13.9714 61
      vertex 56.3952 11.2177 61
    endloop
  endfacet
  facet normal 0 0 1
    outer loop
      vertex 56.5 39 61
      vertex 55.0241 16.6914 61
      vertex 55.7768 13.9714 61
    endloop
  endfacet
  facet normal 0 0 1
    outer loop
      vertex 56.5 39 61
      vertex 54.1388 19.3712 61
      vertex 55.0241 16.6914 61
    endloop
  endfacet
  facet normal 0 0 1
    outer loop
      vertex 56.5 39 61
      vertex 53.1231 22.0043 61
      vertex 54.1388 19.3712 61
    endloop
  endfacet
  facet normal 0 0 1
    outer loop
      vertex 56.5 39 61
      vertex 51.9794 24.5844 61
      vertex 53.1231 22.0043 61
    endloop
  endfacet
  facet normal 0 0 1
    outer loop
      vertex 56.5 39 61
      vertex 50.7105 27.1053 61
      vertex 51.9794 24.5844 61
    endloop
  endfacet
  facet normal 0 0 1
    outer loop
      vertex 56.5 39 61
      vertex 49.3194 29.5609 61
      vertex 50.7105 27.1053 61
    endloop
  endfacet
  facet normal 0 0 1
    outer loop
      vertex 56.5 39 61
      vertex 47.8095 31.9453 61
      vertex 49.3194 29.5609 61
    endloop
  endfacet
  facet normal 0 0 1
    outer loop
      vertex 56.5 39 61
      vertex 46.1844 34.2527 61
      vertex 47.8095 31.9453 61
    endloop
  endfacet
  facet normal 0 0 1
    outer loop
      vertex 56.5 39 61
      vertex 44.4481 36.4776 61
      vertex 46.1844 34.2527 61
    endloop
  endfacet
  facet normal 0 0 1
    outer loop
      vertex 56.5 39 61
      vertex 42.6047 38.6146 61
      vertex 44.4481 36.4776 61
    endloop
  endfacet
  facet normal 0 -0 1
    outer loop
      vertex 42.6047 38.6146 61
      vertex 56.5 39 61
      vertex 42.2378 39 61
    endloop
  endfacet
  facet normal 1 0 0
    outer loop
      vertex 56.5 10.6134 51
      vertex 56.5 39 61
      vertex 56.5 10.6134 61
    endloop
  endfacet
  facet normal 1 0 0
    outer loop
      vertex 56.5 39 61
      vertex 56.5 10.6134 51
      vertex 56.5 39 46
    endloop
  endfacet
  facet normal 1 0 0
    outer loop
      vertex 56.5 5 46
      vertex 56.5 10.6134 51
      vertex 56.5 5 51
    endloop
  endfacet
  facet normal 1 0 0
    outer loop
      vertex 56.5 10.6134 51
      vertex 56.5 5 46
      vertex 56.5 39 46
    endloop
  endfacet
  facet normal 0 1 0
    outer loop
      vertex 56.5 39 61
      vertex 42.2378 39 51
      vertex 42.2378 39 61
    endloop
  endfacet
  facet normal 0 1 -0
    outer loop
      vertex 56.5 39 46
      vertex 42.2378 39 51
      vertex 56.5 39 61
    endloop
  endfacet
  facet normal 0 1 0
    outer loop
      vertex 40.5 39 46
      vertex 42.2378 39 51
      vertex 56.5 39 46
    endloop
  endfacet
  facet normal 0 1 0
    outer loop
      vertex 42.2378 39 51
      vertex 40.5 39 46
      vertex 40.5 39 51
    endloop
  endfacet
  facet normal 0 -1 0
    outer loop
      vertex 42.5 5 46
      vertex 40.5 5 51
      vertex 40.5 5 46
    endloop
  endfacet
  facet normal 0 -1 0
    outer loop
      vertex 40.5 5 51
      vertex 42.5 5 46
      vertex 56.5 5 51
    endloop
  endfacet
  facet normal 0 -1 -0
    outer loop
      vertex 56.5 5 51
      vertex 42.5 5 46
      vertex 56.5 5 46
    endloop
  endfacet
  facet normal -1 0 0
    outer loop
      vertex -34 -28 46
      vertex -34 -26 51
      vertex -34 -26 46
    endloop
  endfacet
  facet normal -1 0 0
    outer loop
      vertex -34 -35 51
      vertex -34 -28 46
      vertex -34 -35 46
    endloop
  endfacet
  facet normal -1 0 0
    outer loop
      vertex -34 -28 46
      vertex -34 -35 51
      vertex -34 -26 51
    endloop
  endfacet
  facet normal 1 0 0
    outer loop
      vertex 4 -26 51
      vertex 4 -28 46
      vertex 4 -26 46
    endloop
  endfacet
  facet normal 1 -0 0
    outer loop
      vertex 4 -35 51
      vertex 4 -28 46
      vertex 4 -26 51
    endloop
  endfacet
  facet normal 1 0 0
    outer loop
      vertex 4 -28 46
      vertex 4 -35 51
      vertex 4 -35 46
    endloop
  endfacet
  facet normal 0 1 -0
    outer loop
      vertex -31.8762 -26 46
      vertex -34 -26 51
      vertex -31.8762 -26 51
    endloop
  endfacet
  facet normal 0 1 0
    outer loop
      vertex -34 -26 51
      vertex -31.8762 -26 46
      vertex -34 -26 46
    endloop
  endfacet
  facet normal 0 1 -0
    outer loop
      vertex 4 -26 46
      vertex -26.1238 -26 51
      vertex 4 -26 51
    endloop
  endfacet
  facet normal 0 1 0
    outer loop
      vertex -26.1238 -26 51
      vertex 4 -26 46
      vertex -26.1238 -26 46
    endloop
  endfacet
  facet normal 0 0 0
    outer loop
      vertex -34 -26 46
      vertex -31.8762 -26 46
      vertex -26.1238 -26 46
    endloop
  endfacet
  facet normal 0 -0 0
    outer loop
      vertex -26.1238 -26 46
      vertex 4 -26 46
      vertex -34 -26 46
    endloop
  endfacet
  facet normal 0 -1 0
    outer loop
      vertex -34 -35 46
      vertex 4 -35 51
      vertex -34 -35 51
    endloop
  endfacet
  facet normal 0 -1 -0
    outer loop
      vertex 4 -35 51
      vertex -34 -35 46
      vertex 4 -35 46
    endloop
  endfacet
  facet normal -1 0 0
    outer loop
      vertex -35 26 10
      vertex -35 46 40
      vertex -35 46 10
    endloop
  endfacet
  facet normal -1 -0 0
    outer loop
      vertex -35 46 40
      vertex -35 26 10
      vertex -35 26 40
    endloop
  endfacet
  facet normal -0 0 1
    outer loop
      vertex -35 46 40
      vertex 35 26 40
      vertex 35 46 40
    endloop
  endfacet
  facet normal 0 0 1
    outer loop
      vertex 35 26 40
      vertex -35 46 40
      vertex -35 26 40
    endloop
  endfacet
  facet normal 1 -0 0
    outer loop
      vertex 35 26 40
      vertex 35 46 10
      vertex 35 46 40
    endloop
  endfacet
  facet normal 1 0 0
    outer loop
      vertex 35 46 10
      vertex 35 26 40
      vertex 35 26 10
    endloop
  endfacet
  facet normal 0 1 0
    outer loop
      vertex 35 46 40
      vertex 0 46 34
      vertex -35 46 40
    endloop
  endfacet
  facet normal 0 1 0
    outer loop
      vertex 35 46 40
      vertex 1.99705 46 33.923
      vertex 0 46 34
    endloop
  endfacet
  facet normal 0 1 0
    outer loop
      vertex 35 46 40
      vertex 3.95993 46 33.6933
      vertex 1.99705 46 33.923
    endloop
  endfacet
  facet normal 0 1 0
    outer loop
      vertex 35 46 40
      vertex 5.85506 46 33.3149
      vertex 3.95993 46 33.6933
    endloop
  endfacet
  facet normal 0 1 0
    outer loop
      vertex 35 46 40
      vertex 7.65 46 32.7942
      vertex 5.85506 46 33.3149
    endloop
  endfacet
  facet normal 0 1 0
    outer loop
      vertex 35 46 40
      vertex 9.31405 46 32.1402
      vertex 7.65 46 32.7942
    endloop
  endfacet
  facet normal 0 1 0
    outer loop
      vertex 35 46 40
      vertex 10.8187 46 31.364
      vertex 9.31405 46 32.1402
    endloop
  endfacet
  facet normal 0 1 0
    outer loop
      vertex 35 46 40
      vertex 12.1383 46 30.4789
      vertex 10.8187 46 31.364
    endloop
  endfacet
  facet normal 0 1 0
    outer loop
      vertex 35 46 40
      vertex 13.2502 46 29.5
      vertex 12.1383 46 30.4789
    endloop
  endfacet
  facet normal 0 1 0
    outer loop
      vertex 35 46 40
      vertex 14.1354 46 28.4441
      vertex 13.2502 46 29.5
    endloop
  endfacet
  facet normal 0 1 0
    outer loop
      vertex 35 46 40
      vertex 14.7787 46 27.3294
      vertex 14.1354 46 28.4441
    endloop
  endfacet
  facet normal 0 1 0
    outer loop
      vertex 35 46 40
      vertex 15.1691 46 26.1747
      vertex 14.7787 46 27.3294
    endloop
  endfacet
  facet normal 0 1 0
    outer loop
      vertex 35 46 40
      vertex 15.3 46 25
      vertex 15.1691 46 26.1747
    endloop
  endfacet
  facet normal 0 1 -0
    outer loop
      vertex 35 46 10
      vertex 15.3 46 25
      vertex 35 46 40
    endloop
  endfacet
  facet normal 0 1 0
    outer loop
      vertex 15.3 46 25
      vertex 35 46 10
      vertex 15.1691 46 23.8253
    endloop
  endfacet
  facet normal 0 1 0
    outer loop
      vertex 15.1691 46 23.8253
      vertex 35 46 10
      vertex 14.7787 46 22.6706
    endloop
  endfacet
  facet normal 0 1 0
    outer loop
      vertex 14.7787 46 22.6706
      vertex 35 46 10
      vertex 14.1354 46 21.5558
    endloop
  endfacet
  facet normal 0 1 0
    outer loop
      vertex 1.99705 46 16.077
      vertex 35 46 10
      vertex 0 46 16
    endloop
  endfacet
  facet normal 0 1 0
    outer loop
      vertex 3.95993 46 16.3067
      vertex 35 46 10
      vertex 1.99705 46 16.077
    endloop
  endfacet
  facet normal 0 1 0
    outer loop
      vertex 5.85506 46 16.6851
      vertex 35 46 10
      vertex 3.95993 46 16.3067
    endloop
  endfacet
  facet normal 0 1 0
    outer loop
      vertex 7.65 46 17.2058
      vertex 35 46 10
      vertex 5.85506 46 16.6851
    endloop
  endfacet
  facet normal 0 1 0
    outer loop
      vertex 9.31405 46 17.8598
      vertex 35 46 10
      vertex 7.65 46 17.2058
    endloop
  endfacet
  facet normal 0 1 0
    outer loop
      vertex 10.8187 46 18.636
      vertex 35 46 10
      vertex 9.31405 46 17.8598
    endloop
  endfacet
  facet normal 0 1 0
    outer loop
      vertex 12.1383 46 19.5211
      vertex 35 46 10
      vertex 10.8187 46 18.636
    endloop
  endfacet
  facet normal 0 1 0
    outer loop
      vertex 13.2502 46 20.5
      vertex 35 46 10
      vertex 12.1383 46 19.5211
    endloop
  endfacet
  facet normal 0 1 0
    outer loop
      vertex 14.1354 46 21.5558
      vertex 35 46 10
      vertex 13.2502 46 20.5
    endloop
  endfacet
  facet normal 0 1 -0
    outer loop
      vertex -1.99705 46 33.923
      vertex -35 46 40
      vertex 0 46 34
    endloop
  endfacet
  facet normal 0 1 -0
    outer loop
      vertex -3.95993 46 33.6933
      vertex -35 46 40
      vertex -1.99705 46 33.923
    endloop
  endfacet
  facet normal 0 1 -0
    outer loop
      vertex -5.85506 46 33.3149
      vertex -35 46 40
      vertex -3.95993 46 33.6933
    endloop
  endfacet
  facet normal 0 1 -0
    outer loop
      vertex -7.65 46 32.7942
      vertex -35 46 40
      vertex -5.85506 46 33.3149
    endloop
  endfacet
  facet normal 0 1 -0
    outer loop
      vertex -9.31405 46 32.1402
      vertex -35 46 40
      vertex -7.65 46 32.7942
    endloop
  endfacet
  facet normal 0 1 -0
    outer loop
      vertex -10.8187 46 31.364
      vertex -35 46 40
      vertex -9.31405 46 32.1402
    endloop
  endfacet
  facet normal 0 1 -0
    outer loop
      vertex -12.1383 46 30.4789
      vertex -35 46 40
      vertex -10.8187 46 31.364
    endloop
  endfacet
  facet normal 0 1 -0
    outer loop
      vertex -13.2502 46 29.5
      vertex -35 46 40
      vertex -12.1383 46 30.4789
    endloop
  endfacet
  facet normal 0 1 -0
    outer loop
      vertex -14.1354 46 28.4441
      vertex -35 46 40
      vertex -13.2502 46 29.5
    endloop
  endfacet
  facet normal 0 1 -0
    outer loop
      vertex -14.7787 46 27.3294
      vertex -35 46 40
      vertex -14.1354 46 28.4441
    endloop
  endfacet
  facet normal 0 1 -0
    outer loop
      vertex -15.1691 46 26.1747
      vertex -35 46 40
      vertex -14.7787 46 27.3294
    endloop
  endfacet
  facet normal 0 1 -0
    outer loop
      vertex -15.3 46 25
      vertex -35 46 40
      vertex -15.1691 46 26.1747
    endloop
  endfacet
  facet normal 0 1 0
    outer loop
      vertex -35 46 10
      vertex -15.3 46 25
      vertex -15.1691 46 23.8253
    endloop
  endfacet
  facet normal 0 1 0
    outer loop
      vertex -35 46 10
      vertex -15.1691 46 23.8253
      vertex -14.7787 46 22.6706
    endloop
  endfacet
  facet normal 0 1 0
    outer loop
      vertex -35 46 10
      vertex -14.7787 46 22.6706
      vertex -14.1354 46 21.5558
    endloop
  endfacet
  facet normal 0 1 0
    outer loop
      vertex -35 46 10
      vertex -14.1354 46 21.5558
      vertex -13.2502 46 20.5
    endloop
  endfacet
  facet normal 0 1 0
    outer loop
      vertex -35 46 10
      vertex 0 46 16
      vertex 35 46 10
    endloop
  endfacet
  facet normal 0 1 0
    outer loop
      vertex 0 46 16
      vertex -35 46 10
      vertex -1.99705 46 16.077
    endloop
  endfacet
  facet normal 0 1 0
    outer loop
      vertex -15.3 46 25
      vertex -35 46 10
      vertex -35 46 40
    endloop
  endfacet
  facet normal 0 1 0
    outer loop
      vertex -12.1383 46 19.5211
      vertex -35 46 10
      vertex -13.2502 46 20.5
    endloop
  endfacet
  facet normal 0 1 0
    outer loop
      vertex -10.8187 46 18.636
      vertex -35 46 10
      vertex -12.1383 46 19.5211
    endloop
  endfacet
  facet normal 0 1 0
    outer loop
      vertex -9.31405 46 17.8598
      vertex -35 46 10
      vertex -10.8187 46 18.636
    endloop
  endfacet
  facet normal 0 1 0
    outer loop
      vertex -7.65 46 17.2058
      vertex -35 46 10
      vertex -9.31405 46 17.8598
    endloop
  endfacet
  facet normal 0 1 0
    outer loop
      vertex -5.85506 46 16.6851
      vertex -35 46 10
      vertex -7.65 46 17.2058
    endloop
  endfacet
  facet normal 0 1 0
    outer loop
      vertex -3.95993 46 16.3067
      vertex -35 46 10
      vertex -5.85506 46 16.6851
    endloop
  endfacet
  facet normal 0 1 0
    outer loop
      vertex -1.99705 46 16.077
      vertex -35 46 10
      vertex -3.95993 46 16.3067
    endloop
  endfacet
  facet normal 0 0 -1
    outer loop
      vertex -35 26 10
      vertex 35 46 10
      vertex 35 26 10
    endloop
  endfacet
  facet normal -0 0 -1
    outer loop
      vertex 35 46 10
      vertex -35 26 10
      vertex -35 46 10
    endloop
  endfacet
  facet normal 0 -1 0
    outer loop
      vertex -35 26 10
      vertex 35 26 40
      vertex -35 26 40
    endloop
  endfacet
  facet normal 0 -1 -0
    outer loop
      vertex 35 26 40
      vertex -35 26 10
      vertex 35 26 10
    endloop
  endfacet
  facet normal 0.993849 -0 0.110747
    outer loop
      vertex 15.1691 46 26.1747
      vertex 15.3 46.2 25
      vertex 15.1691 46.2 26.1747
    endloop
  endfacet
  facet normal 0.993849 0 0.110747
    outer loop
      vertex 15.3 46.2 25
      vertex 15.1691 46 26.1747
      vertex 15.3 46 25
    endloop
  endfacet
  facet normal 0.947321 -0 0.320286
    outer loop
      vertex 14.7787 46 27.3294
      vertex 15.1691 46.2 26.1747
      vertex 14.7787 46.2 27.3294
    endloop
  endfacet
  facet normal 0.947321 0 0.320286
    outer loop
      vertex 15.1691 46.2 26.1747
      vertex 14.7787 46 27.3294
      vertex 15.1691 46 26.1747
    endloop
  endfacet
  facet normal -0.0385282 0 0.999258
    outer loop
      vertex -1.99705 46.2 33.923
      vertex 0 46 34
      vertex 0 46.2 34
    endloop
  endfacet
  facet normal -0.0385282 0 0.999258
    outer loop
      vertex 0 46 34
      vertex -1.99705 46.2 33.923
      vertex -1.99705 46 33.923
    endloop
  endfacet
  facet normal 0.458459 0 0.888715
    outer loop
      vertex 9.31405 46.2 32.1402
      vertex 10.8187 46 31.364
      vertex 10.8187 46.2 31.364
    endloop
  endfacet
  facet normal 0.458459 0 0.888715
    outer loop
      vertex 10.8187 46 31.364
      vertex 9.31405 46.2 32.1402
      vertex 9.31405 46 32.1402
    endloop
  endfacet
  facet normal -0.557036 0 0.830488
    outer loop
      vertex -12.1383 46.2 30.4789
      vertex -10.8187 46 31.364
      vertex -10.8187 46.2 31.364
    endloop
  endfacet
  facet normal -0.557036 0 0.830488
    outer loop
      vertex -10.8187 46 31.364
      vertex -12.1383 46.2 30.4789
      vertex -12.1383 46 30.4789
    endloop
  endfacet
  facet normal -0.278607 0 0.960405
    outer loop
      vertex -7.65 46.2 32.7942
      vertex -5.85506 46 33.3149
      vertex -5.85506 46.2 33.3149
    endloop
  endfacet
  facet normal -0.278607 0 0.960405
    outer loop
      vertex -5.85506 46 33.3149
      vertex -7.65 46.2 32.7942
      vertex -7.65 46 32.7942
    endloop
  endfacet
  facet normal 0.116229 0 -0.993222
    outer loop
      vertex 1.99705 46 16.077
      vertex 3.95993 46.2 16.3067
      vertex 3.95993 46 16.3067
    endloop
  endfacet
  facet normal 0.116229 0 -0.993222
    outer loop
      vertex 3.95993 46.2 16.3067
      vertex 1.99705 46 16.077
      vertex 1.99705 46.2 16.077
    endloop
  endfacet
  facet normal 0.766332 -0 0.642445
    outer loop
      vertex 13.2502 46 29.5
      vertex 14.1354 46.2 28.4441
      vertex 13.2502 46.2 29.5
    endloop
  endfacet
  facet normal 0.766332 0 0.642445
    outer loop
      vertex 14.1354 46.2 28.4441
      vertex 13.2502 46 29.5
      vertex 14.1354 46 28.4441
    endloop
  endfacet
  facet normal 0.195805 0 0.980643
    outer loop
      vertex 3.95993 46.2 33.6933
      vertex 5.85506 46 33.3149
      vertex 5.85506 46.2 33.3149
    endloop
  endfacet
  facet normal 0.195805 0 0.980643
    outer loop
      vertex 5.85506 46 33.3149
      vertex 3.95993 46.2 33.6933
      vertex 3.95993 46 33.6933
    endloop
  endfacet
  facet normal 0 1 0
    outer loop
      vertex 0 46.2 16
      vertex 0 46.2 34
      vertex 1.99705 46.2 33.923
    endloop
  endfacet
  facet normal 0 1 0
    outer loop
      vertex 1.99705 46.2 16.077
      vertex 1.99705 46.2 33.923
      vertex 3.95993 46.2 33.6933
    endloop
  endfacet
  facet normal 0 1 0
    outer loop
      vertex 0 46.2 34
      vertex 0 46.2 16
      vertex -1.99705 46.2 33.923
    endloop
  endfacet
  facet normal 0 1 0
    outer loop
      vertex 3.95993 46.2 16.3067
      vertex 3.95993 46.2 33.6933
      vertex 5.85506 46.2 33.3149
    endloop
  endfacet
  facet normal -0 1 0
    outer loop
      vertex -1.99705 46.2 16.077
      vertex -1.99705 46.2 33.923
      vertex 0 46.2 16
    endloop
  endfacet
  facet normal 0 1 0
    outer loop
      vertex 5.85506 46.2 16.6851
      vertex 5.85506 46.2 33.3149
      vertex 7.65 46.2 32.7942
    endloop
  endfacet
  facet normal 0 1 0
    outer loop
      vertex -1.99705 46.2 33.923
      vertex -1.99705 46.2 16.077
      vertex -3.95993 46.2 33.6933
    endloop
  endfacet
  facet normal 0 1 0
    outer loop
      vertex 7.65 46.2 17.2058
      vertex 7.65 46.2 32.7942
      vertex 9.31405 46.2 32.1402
    endloop
  endfacet
  facet normal -0 1 0
    outer loop
      vertex -3.95993 46.2 16.3067
      vertex -3.95993 46.2 33.6933
      vertex -1.99705 46.2 16.077
    endloop
  endfacet
  facet normal 0 1 0
    outer loop
      vertex 9.31405 46.2 17.8598
      vertex 9.31405 46.2 32.1402
      vertex 10.8187 46.2 31.364
    endloop
  endfacet
  facet normal 0 1 0
    outer loop
      vertex -3.95993 46.2 33.6933
      vertex -3.95993 46.2 16.3067
      vertex -5.85506 46.2 33.3149
    endloop
  endfacet
  facet normal 0 1 0
    outer loop
      vertex 10.8187 46.2 18.636
      vertex 10.8187 46.2 31.364
      vertex 12.1383 46.2 30.4789
    endloop
  endfacet
  facet normal -0 1 0
    outer loop
      vertex -5.85506 46.2 16.6851
      vertex -5.85506 46.2 33.3149
      vertex -3.95993 46.2 16.3067
    endloop
  endfacet
  facet normal 0 1 0
    outer loop
      vertex 12.1383 46.2 19.5211
      vertex 12.1383 46.2 30.4789
      vertex 13.2502 46.2 29.5
    endloop
  endfacet
  facet normal 0 1 0
    outer loop
      vertex -5.85506 46.2 33.3149
      vertex -5.85506 46.2 16.6851
      vertex -7.65 46.2 32.7942
    endloop
  endfacet
  facet normal 0 1 0
    outer loop
      vertex 13.2502 46.2 20.5
      vertex 13.2502 46.2 29.5
      vertex 14.1354 46.2 28.4441
    endloop
  endfacet
  facet normal -0 1 0
    outer loop
      vertex -7.65 46.2 17.2058
      vertex -7.65 46.2 32.7942
      vertex -5.85506 46.2 16.6851
    endloop
  endfacet
  facet normal 0 1 0
    outer loop
      vertex 14.1354 46.2 21.5558
      vertex 14.1354 46.2 28.4441
      vertex 14.7787 46.2 27.3294
    endloop
  endfacet
  facet normal 0 1 0
    outer loop
      vertex -7.65 46.2 32.7942
      vertex -7.65 46.2 17.2058
      vertex -9.31405 46.2 32.1402
    endloop
  endfacet
  facet normal 0 1 0
    outer loop
      vertex 14.7787 46.2 22.6706
      vertex 14.7787 46.2 27.3294
      vertex 15.1691 46.2 26.1747
    endloop
  endfacet
  facet normal -0 1 0
    outer loop
      vertex -9.31405 46.2 17.8598
      vertex -9.31405 46.2 32.1402
      vertex -7.65 46.2 17.2058
    endloop
  endfacet
  facet normal 0 1 0
    outer loop
      vertex 14.7787 46.2 22.6706
      vertex 15.1691 46.2 26.1747
      vertex 15.3 46.2 25
    endloop
  endfacet
  facet normal 0 1 0
    outer loop
      vertex -9.31405 46.2 32.1402
      vertex -9.31405 46.2 17.8598
      vertex -10.8187 46.2 31.364
    endloop
  endfacet
  facet normal 0 1 0
    outer loop
      vertex 14.7787 46.2 22.6706
      vertex 15.3 46.2 25
      vertex 15.1691 46.2 23.8253
    endloop
  endfacet
  facet normal -0 1 0
    outer loop
      vertex -10.8187 46.2 18.636
      vertex -10.8187 46.2 31.364
      vertex -9.31405 46.2 17.8598
    endloop
  endfacet
  facet normal 0 1 0
    outer loop
      vertex 14.7787 46.2 27.3294
      vertex 14.7787 46.2 22.6706
      vertex 14.1354 46.2 21.5558
    endloop
  endfacet
  facet normal 0 1 0
    outer loop
      vertex -10.8187 46.2 31.364
      vertex -10.8187 46.2 18.636
      vertex -12.1383 46.2 30.4789
    endloop
  endfacet
  facet normal 0 1 0
    outer loop
      vertex 14.1354 46.2 28.4441
      vertex 14.1354 46.2 21.5558
      vertex 13.2502 46.2 20.5
    endloop
  endfacet
  facet normal -0 1 0
    outer loop
      vertex -12.1383 46.2 19.5211
      vertex -12.1383 46.2 30.4789
      vertex -10.8187 46.2 18.636
    endloop
  endfacet
  facet normal 0 1 0
    outer loop
      vertex 13.2502 46.2 29.5
      vertex 13.2502 46.2 20.5
      vertex 12.1383 46.2 19.5211
    endloop
  endfacet
  facet normal 0 1 0
    outer loop
      vertex 1.99705 46.2 33.923
      vertex 1.99705 46.2 16.077
      vertex 0 46.2 16
    endloop
  endfacet
  facet normal 0 1 0
    outer loop
      vertex 12.1383 46.2 30.4789
      vertex 12.1383 46.2 19.5211
      vertex 10.8187 46.2 18.636
    endloop
  endfacet
  facet normal 0 1 0
    outer loop
      vertex -12.1383 46.2 30.4789
      vertex -12.1383 46.2 19.5211
      vertex -13.2502 46.2 29.5
    endloop
  endfacet
  facet normal 0 1 0
    outer loop
      vertex 10.8187 46.2 31.364
      vertex 10.8187 46.2 18.636
      vertex 9.31405 46.2 17.8598
    endloop
  endfacet
  facet normal -0 1 0
    outer loop
      vertex -13.2502 46.2 20.5
      vertex -13.2502 46.2 29.5
      vertex -12.1383 46.2 19.5211
    endloop
  endfacet
  facet normal 0 1 0
    outer loop
      vertex 9.31405 46.2 32.1402
      vertex 9.31405 46.2 17.8598
      vertex 7.65 46.2 17.2058
    endloop
  endfacet
  facet normal 0 1 0
    outer loop
      vertex 3.95993 46.2 33.6933
      vertex 3.95993 46.2 16.3067
      vertex 1.99705 46.2 16.077
    endloop
  endfacet
  facet normal 0 1 0
    outer loop
      vertex 7.65 46.2 32.7942
      vertex 7.65 46.2 17.2058
      vertex 5.85506 46.2 16.6851
    endloop
  endfacet
  facet normal 0 1 0
    outer loop
      vertex 5.85506 46.2 33.3149
      vertex 5.85506 46.2 16.6851
      vertex 3.95993 46.2 16.3067
    endloop
  endfacet
  facet normal 0 1 0
    outer loop
      vertex -13.2502 46.2 29.5
      vertex -13.2502 46.2 20.5
      vertex -14.1354 46.2 28.4441
    endloop
  endfacet
  facet normal 0 1 0
    outer loop
      vertex -15.1691 46.2 26.1747
      vertex -14.7787 46.2 22.6706
      vertex -15.3 46.2 25
    endloop
  endfacet
  facet normal 0 1 0
    outer loop
      vertex -14.1354 46.2 28.4441
      vertex -14.1354 46.2 21.5558
      vertex -14.7787 46.2 27.3294
    endloop
  endfacet
  facet normal 0 1 0
    outer loop
      vertex -15.3 46.2 25
      vertex -14.7787 46.2 22.6706
      vertex -15.1691 46.2 23.8253
    endloop
  endfacet
  facet normal 0 1 0
    outer loop
      vertex -14.7787 46.2 27.3294
      vertex -14.7787 46.2 22.6706
      vertex -15.1691 46.2 26.1747
    endloop
  endfacet
  facet normal -0 1 0
    outer loop
      vertex -14.7787 46.2 22.6706
      vertex -14.7787 46.2 27.3294
      vertex -14.1354 46.2 21.5558
    endloop
  endfacet
  facet normal -0 1 0
    outer loop
      vertex -14.1354 46.2 21.5558
      vertex -14.1354 46.2 28.4441
      vertex -13.2502 46.2 20.5
    endloop
  endfacet
  facet normal -0.660791 0 0.75057
    outer loop
      vertex -13.2502 46.2 29.5
      vertex -12.1383 46 30.4789
      vertex -12.1383 46.2 30.4789
    endloop
  endfacet
  facet normal -0.660791 0 0.75057
    outer loop
      vertex -12.1383 46 30.4789
      vertex -13.2502 46.2 29.5
      vertex -13.2502 46 29.5
    endloop
  endfacet
  facet normal -0.195805 0 0.980643
    outer loop
      vertex -5.85506 46.2 33.3149
      vertex -3.95993 46 33.6933
      vertex -3.95993 46.2 33.6933
    endloop
  endfacet
  facet normal -0.195805 0 0.980643
    outer loop
      vertex -3.95993 46 33.6933
      vertex -5.85506 46.2 33.3149
      vertex -5.85506 46 33.3149
    endloop
  endfacet
  facet normal 0.557036 0 -0.830488
    outer loop
      vertex 10.8187 46 18.636
      vertex 12.1383 46.2 19.5211
      vertex 12.1383 46 19.5211
    endloop
  endfacet
  facet normal 0.557036 0 -0.830488
    outer loop
      vertex 12.1383 46.2 19.5211
      vertex 10.8187 46 18.636
      vertex 10.8187 46.2 18.636
    endloop
  endfacet
  facet normal -0.557036 0 -0.830488
    outer loop
      vertex -12.1383 46 19.5211
      vertex -10.8187 46.2 18.636
      vertex -10.8187 46 18.636
    endloop
  endfacet
  facet normal -0.557036 0 -0.830488
    outer loop
      vertex -10.8187 46.2 18.636
      vertex -12.1383 46 19.5211
      vertex -12.1383 46.2 19.5211
    endloop
  endfacet
  facet normal -0.947321 0 -0.320286
    outer loop
      vertex -14.7787 46 22.6706
      vertex -15.1691 46.2 23.8253
      vertex -14.7787 46.2 22.6706
    endloop
  endfacet
  facet normal -0.947321 -0 -0.320286
    outer loop
      vertex -15.1691 46.2 23.8253
      vertex -14.7787 46 22.6706
      vertex -15.1691 46 23.8253
    endloop
  endfacet
  facet normal 0.866117 -0 0.499841
    outer loop
      vertex 14.1354 46 28.4441
      vertex 14.7787 46.2 27.3294
      vertex 14.1354 46.2 28.4441
    endloop
  endfacet
  facet normal 0.866117 0 0.499841
    outer loop
      vertex 14.7787 46.2 27.3294
      vertex 14.1354 46 28.4441
      vertex 14.7787 46 27.3294
    endloop
  endfacet
  facet normal 0.660791 0 0.75057
    outer loop
      vertex 12.1383 46.2 30.4789
      vertex 13.2502 46 29.5
      vertex 13.2502 46.2 29.5
    endloop
  endfacet
  facet normal 0.660791 0 0.75057
    outer loop
      vertex 13.2502 46 29.5
      vertex 12.1383 46.2 30.4789
      vertex 12.1383 46 30.4789
    endloop
  endfacet
  facet normal 0.0385282 0 0.999258
    outer loop
      vertex 0 46.2 34
      vertex 1.99705 46 33.923
      vertex 1.99705 46.2 33.923
    endloop
  endfacet
  facet normal 0.0385282 0 0.999258
    outer loop
      vertex 1.99705 46 33.923
      vertex 0 46.2 34
      vertex 0 46 34
    endloop
  endfacet
  facet normal 0.365781 0 0.930701
    outer loop
      vertex 7.65 46.2 32.7942
      vertex 9.31405 46 32.1402
      vertex 9.31405 46.2 32.1402
    endloop
  endfacet
  facet normal 0.365781 0 0.930701
    outer loop
      vertex 9.31405 46 32.1402
      vertex 7.65 46.2 32.7942
      vertex 7.65 46 32.7942
    endloop
  endfacet
  facet normal -0.866117 0 0.499841
    outer loop
      vertex -14.7787 46 27.3294
      vertex -14.1354 46.2 28.4441
      vertex -14.7787 46.2 27.3294
    endloop
  endfacet
  facet normal -0.866117 0 0.499841
    outer loop
      vertex -14.1354 46.2 28.4441
      vertex -14.7787 46 27.3294
      vertex -14.1354 46 28.4441
    endloop
  endfacet
  facet normal -0.766332 0 0.642445
    outer loop
      vertex -14.1354 46 28.4441
      vertex -13.2502 46.2 29.5
      vertex -14.1354 46.2 28.4441
    endloop
  endfacet
  facet normal -0.766332 0 0.642445
    outer loop
      vertex -13.2502 46.2 29.5
      vertex -14.1354 46 28.4441
      vertex -13.2502 46 29.5
    endloop
  endfacet
  facet normal -0.993849 0 0.110747
    outer loop
      vertex -15.3 46 25
      vertex -15.1691 46.2 26.1747
      vertex -15.3 46.2 25
    endloop
  endfacet
  facet normal -0.993849 0 0.110747
    outer loop
      vertex -15.1691 46.2 26.1747
      vertex -15.3 46 25
      vertex -15.1691 46 26.1747
    endloop
  endfacet
  facet normal -0.993849 0 -0.110747
    outer loop
      vertex -15.1691 46 23.8253
      vertex -15.3 46.2 25
      vertex -15.1691 46.2 23.8253
    endloop
  endfacet
  facet normal -0.993849 -0 -0.110747
    outer loop
      vertex -15.3 46.2 25
      vertex -15.1691 46 23.8253
      vertex -15.3 46 25
    endloop
  endfacet
  facet normal -0.365781 0 0.930701
    outer loop
      vertex -9.31405 46.2 32.1402
      vertex -7.65 46 32.7942
      vertex -7.65 46.2 32.7942
    endloop
  endfacet
  facet normal -0.365781 0 0.930701
    outer loop
      vertex -7.65 46 32.7942
      vertex -9.31405 46.2 32.1402
      vertex -9.31405 46 32.1402
    endloop
  endfacet
  facet normal -0.116229 0 0.993222
    outer loop
      vertex -3.95993 46.2 33.6933
      vertex -1.99705 46 33.923
      vertex -1.99705 46.2 33.923
    endloop
  endfacet
  facet normal -0.116229 0 0.993222
    outer loop
      vertex -1.99705 46 33.923
      vertex -3.95993 46.2 33.6933
      vertex -3.95993 46 33.6933
    endloop
  endfacet
  facet normal 0.278607 0 -0.960405
    outer loop
      vertex 5.85506 46 16.6851
      vertex 7.65 46.2 17.2058
      vertex 7.65 46 17.2058
    endloop
  endfacet
  facet normal 0.278607 0 -0.960405
    outer loop
      vertex 7.65 46.2 17.2058
      vertex 5.85506 46 16.6851
      vertex 5.85506 46.2 16.6851
    endloop
  endfacet
  facet normal 0.365781 0 -0.930701
    outer loop
      vertex 7.65 46 17.2058
      vertex 9.31405 46.2 17.8598
      vertex 9.31405 46 17.8598
    endloop
  endfacet
  facet normal 0.365781 0 -0.930701
    outer loop
      vertex 9.31405 46.2 17.8598
      vertex 7.65 46 17.2058
      vertex 7.65 46.2 17.2058
    endloop
  endfacet
  facet normal 0.866136 0 -0.499808
    outer loop
      vertex 14.7787 46 22.6706
      vertex 14.1354 46.2 21.5558
      vertex 14.7787 46.2 22.6706
    endloop
  endfacet
  facet normal 0.866136 0 -0.499808
    outer loop
      vertex 14.1354 46.2 21.5558
      vertex 14.7787 46 22.6706
      vertex 14.1354 46 21.5558
    endloop
  endfacet
  facet normal 0.660791 0 -0.75057
    outer loop
      vertex 12.1383 46 19.5211
      vertex 13.2502 46.2 20.5
      vertex 13.2502 46 20.5
    endloop
  endfacet
  facet normal 0.660791 0 -0.75057
    outer loop
      vertex 13.2502 46.2 20.5
      vertex 12.1383 46 19.5211
      vertex 12.1383 46.2 19.5211
    endloop
  endfacet
  facet normal 0.766302 0 -0.64248
    outer loop
      vertex 14.1354 46 21.5558
      vertex 13.2502 46.2 20.5
      vertex 14.1354 46.2 21.5558
    endloop
  endfacet
  facet normal 0.766302 0 -0.64248
    outer loop
      vertex 13.2502 46.2 20.5
      vertex 14.1354 46 21.5558
      vertex 13.2502 46 20.5
    endloop
  endfacet
  facet normal -0.116229 0 -0.993222
    outer loop
      vertex -3.95993 46 16.3067
      vertex -1.99705 46.2 16.077
      vertex -1.99705 46 16.077
    endloop
  endfacet
  facet normal -0.116229 0 -0.993222
    outer loop
      vertex -1.99705 46.2 16.077
      vertex -3.95993 46 16.3067
      vertex -3.95993 46.2 16.3067
    endloop
  endfacet
  facet normal -0.365781 0 -0.930701
    outer loop
      vertex -9.31405 46 17.8598
      vertex -7.65 46.2 17.2058
      vertex -7.65 46 17.2058
    endloop
  endfacet
  facet normal -0.365781 0 -0.930701
    outer loop
      vertex -7.65 46.2 17.2058
      vertex -9.31405 46 17.8598
      vertex -9.31405 46.2 17.8598
    endloop
  endfacet
  facet normal -0.458459 0 -0.888715
    outer loop
      vertex -10.8187 46 18.636
      vertex -9.31405 46.2 17.8598
      vertex -9.31405 46 17.8598
    endloop
  endfacet
  facet normal -0.458459 0 -0.888715
    outer loop
      vertex -9.31405 46.2 17.8598
      vertex -10.8187 46 18.636
      vertex -10.8187 46.2 18.636
    endloop
  endfacet
  facet normal -0.660791 0 -0.75057
    outer loop
      vertex -13.2502 46 20.5
      vertex -12.1383 46.2 19.5211
      vertex -12.1383 46 19.5211
    endloop
  endfacet
  facet normal -0.660791 0 -0.75057
    outer loop
      vertex -12.1383 46.2 19.5211
      vertex -13.2502 46 20.5
      vertex -13.2502 46.2 20.5
    endloop
  endfacet
  facet normal 0.557036 0 0.830488
    outer loop
      vertex 10.8187 46.2 31.364
      vertex 12.1383 46 30.4789
      vertex 12.1383 46.2 30.4789
    endloop
  endfacet
  facet normal 0.557036 0 0.830488
    outer loop
      vertex 12.1383 46 30.4789
      vertex 10.8187 46.2 31.364
      vertex 10.8187 46 31.364
    endloop
  endfacet
  facet normal 0.116229 0 0.993222
    outer loop
      vertex 1.99705 46.2 33.923
      vertex 3.95993 46 33.6933
      vertex 3.95993 46.2 33.6933
    endloop
  endfacet
  facet normal 0.116229 0 0.993222
    outer loop
      vertex 3.95993 46 33.6933
      vertex 1.99705 46.2 33.923
      vertex 1.99705 46 33.923
    endloop
  endfacet
  facet normal 0.278607 0 0.960405
    outer loop
      vertex 5.85506 46.2 33.3149
      vertex 7.65 46 32.7942
      vertex 7.65 46.2 32.7942
    endloop
  endfacet
  facet normal 0.278607 0 0.960405
    outer loop
      vertex 7.65 46 32.7942
      vertex 5.85506 46.2 33.3149
      vertex 5.85506 46 33.3149
    endloop
  endfacet
  facet normal -0.947321 0 0.320286
    outer loop
      vertex -15.1691 46 26.1747
      vertex -14.7787 46.2 27.3294
      vertex -15.1691 46.2 26.1747
    endloop
  endfacet
  facet normal -0.947321 0 0.320286
    outer loop
      vertex -14.7787 46.2 27.3294
      vertex -15.1691 46 26.1747
      vertex -14.7787 46 27.3294
    endloop
  endfacet
  facet normal -0.458459 0 0.888715
    outer loop
      vertex -10.8187 46.2 31.364
      vertex -9.31405 46 32.1402
      vertex -9.31405 46.2 32.1402
    endloop
  endfacet
  facet normal -0.458459 0 0.888715
    outer loop
      vertex -9.31405 46 32.1402
      vertex -10.8187 46.2 31.364
      vertex -10.8187 46 31.364
    endloop
  endfacet
  facet normal 0.947321 0 -0.320286
    outer loop
      vertex 15.1691 46 23.8253
      vertex 14.7787 46.2 22.6706
      vertex 15.1691 46.2 23.8253
    endloop
  endfacet
  facet normal 0.947321 0 -0.320286
    outer loop
      vertex 14.7787 46.2 22.6706
      vertex 15.1691 46 23.8253
      vertex 14.7787 46 22.6706
    endloop
  endfacet
  facet normal 0.993849 0 -0.110747
    outer loop
      vertex 15.3 46 25
      vertex 15.1691 46.2 23.8253
      vertex 15.3 46.2 25
    endloop
  endfacet
  facet normal 0.993849 0 -0.110747
    outer loop
      vertex 15.1691 46.2 23.8253
      vertex 15.3 46 25
      vertex 15.1691 46 23.8253
    endloop
  endfacet
  facet normal 0.195805 0 -0.980643
    outer loop
      vertex 3.95993 46 16.3067
      vertex 5.85506 46.2 16.6851
      vertex 5.85506 46 16.6851
    endloop
  endfacet
  facet normal 0.195805 0 -0.980643
    outer loop
      vertex 5.85506 46.2 16.6851
      vertex 3.95993 46 16.3067
      vertex 3.95993 46.2 16.3067
    endloop
  endfacet
  facet normal 0.458459 0 -0.888715
    outer loop
      vertex 9.31405 46 17.8598
      vertex 10.8187 46.2 18.636
      vertex 10.8187 46 18.636
    endloop
  endfacet
  facet normal 0.458459 0 -0.888715
    outer loop
      vertex 10.8187 46.2 18.636
      vertex 9.31405 46 17.8598
      vertex 9.31405 46.2 17.8598
    endloop
  endfacet
  facet normal -0.278607 0 -0.960405
    outer loop
      vertex -7.65 46 17.2058
      vertex -5.85506 46.2 16.6851
      vertex -5.85506 46 16.6851
    endloop
  endfacet
  facet normal -0.278607 0 -0.960405
    outer loop
      vertex -5.85506 46.2 16.6851
      vertex -7.65 46 17.2058
      vertex -7.65 46.2 17.2058
    endloop
  endfacet
  facet normal -0.195805 0 -0.980643
    outer loop
      vertex -5.85506 46 16.6851
      vertex -3.95993 46.2 16.3067
      vertex -3.95993 46 16.3067
    endloop
  endfacet
  facet normal -0.195805 0 -0.980643
    outer loop
      vertex -3.95993 46.2 16.3067
      vertex -5.85506 46 16.6851
      vertex -5.85506 46.2 16.6851
    endloop
  endfacet
  facet normal -0.0385282 0 -0.999258
    outer loop
      vertex -1.99705 46 16.077
      vertex 0 46.2 16
      vertex 0 46 16
    endloop
  endfacet
  facet normal -0.0385282 0 -0.999258
    outer loop
      vertex 0 46.2 16
      vertex -1.99705 46 16.077
      vertex -1.99705 46.2 16.077
    endloop
  endfacet
  facet normal 0.0385282 0 -0.999258
    outer loop
      vertex 0 46 16
      vertex 1.99705 46.2 16.077
      vertex 1.99705 46 16.077
    endloop
  endfacet
  facet normal 0.0385282 0 -0.999258
    outer loop
      vertex 1.99705 46.2 16.077
      vertex 0 46 16
      vertex 0 46.2 16
    endloop
  endfacet
  facet normal -0.866136 0 -0.499808
    outer loop
      vertex -14.1354 46 21.5558
      vertex -14.7787 46.2 22.6706
      vertex -14.1354 46.2 21.5558
    endloop
  endfacet
  facet normal -0.866136 -0 -0.499808
    outer loop
      vertex -14.7787 46.2 22.6706
      vertex -14.1354 46 21.5558
      vertex -14.7787 46 22.6706
    endloop
  endfacet
  facet normal -0.766302 0 -0.64248
    outer loop
      vertex -13.2502 46 20.5
      vertex -14.1354 46.2 21.5558
      vertex -13.2502 46.2 20.5
    endloop
  endfacet
  facet normal -0.766302 -0 -0.64248
    outer loop
      vertex -14.1354 46.2 21.5558
      vertex -13.2502 46 20.5
      vertex -14.1354 46 21.5558
    endloop
  endfacet
  facet normal -1 0 0
    outer loop
      vertex -35 -28 10
      vertex -35 -46 10
      vertex -35 -28 22
    endloop
  endfacet
  facet normal -1 0 0
    outer loop
      vertex -35 -28 22
      vertex -35 -26 40
      vertex -35 -26 22
    endloop
  endfacet
  facet normal -1 0 0
    outer loop
      vertex -35 -46 40
      vertex -35 -28 22
      vertex -35 -46 10
    endloop
  endfacet
  facet normal -1 0 0
    outer loop
      vertex -35 -28 22
      vertex -35 -46 40
      vertex -35 -26 40
    endloop
  endfacet
  facet normal -0 0 1
    outer loop
      vertex -35 -26 40
      vertex 35 -46 40
      vertex 35 -26 40
    endloop
  endfacet
  facet normal 0 0 1
    outer loop
      vertex 35 -46 40
      vertex -35 -26 40
      vertex -35 -46 40
    endloop
  endfacet
  facet normal 1 -0 0
    outer loop
      vertex 35 -46 40
      vertex 35 -26 10
      vertex 35 -26 40
    endloop
  endfacet
  facet normal 1 0 0
    outer loop
      vertex 35 -26 10
      vertex 35 -46 40
      vertex 35 -46 10
    endloop
  endfacet
  facet normal 0 1 0
    outer loop
      vertex 35 -26 40
      vertex 0 -26 22
      vertex -35 -26 40
    endloop
  endfacet
  facet normal 0 1 -0
    outer loop
      vertex 35 -26 10
      vertex 0 -26 22
      vertex 35 -26 40
    endloop
  endfacet
  facet normal 0 1 0
    outer loop
      vertex 0 -26 22
      vertex 35 -26 10
      vertex 0 -26 10
    endloop
  endfacet
  facet normal 0 1 0
    outer loop
      vertex -35 -26 40
      vertex 0 -26 22
      vertex -35 -26 22
    endloop
  endfacet
  facet normal 0 0 -1
    outer loop
      vertex 35 -46 10
      vertex 0 -26 10
      vertex 35 -26 10
    endloop
  endfacet
  facet normal 0 0 -1
    outer loop
      vertex -2 0 10
      vertex 0 -2 10
      vertex 0 -26 10
    endloop
  endfacet
  facet normal 0 0 -1
    outer loop
      vertex 0 -2 10
      vertex -2 0 10
      vertex -0.068161 -1.48238 10
    endloop
  endfacet
  facet normal 0 0 -1
    outer loop
      vertex -0.068161 -1.48238 10
      vertex -2 0 10
      vertex -0.26796 -1 10
    endloop
  endfacet
  facet normal 0 0 -1
    outer loop
      vertex -0.26796 -1 10
      vertex -2 0 10
      vertex -0.5858 -0.5858 10
    endloop
  endfacet
  facet normal 0 0 -1
    outer loop
      vertex -0.5858 -0.5858 10
      vertex -2 0 10
      vertex -1 -0.26796 10
    endloop
  endfacet
  facet normal 0 0 -1
    outer loop
      vertex -1 -0.26796 10
      vertex -2 0 10
      vertex -1.48238 -0.068161 10
    endloop
  endfacet
  facet normal 0 0 -1
    outer loop
      vertex -35 -46 10
      vertex 0 -26 10
      vertex 35 -46 10
    endloop
  endfacet
  facet normal 0 0 -1
    outer loop
      vertex -35 -28 10
      vertex 0 -26 10
      vertex -35 -46 10
    endloop
  endfacet
  facet normal -0 0 -1
    outer loop
      vertex 0 -26 10
      vertex -35 -28 10
      vertex -2 0 10
    endloop
  endfacet
  facet normal 0 0 -1
    outer loop
      vertex -56 -26 10
      vertex -35 -28 10
      vertex -54 -28 10
    endloop
  endfacet
  facet normal 0 0 -1
    outer loop
      vertex -35 -28 10
      vertex -54 0 10
      vertex -2 0 10
    endloop
  endfacet
  facet normal 0 0 -1
    outer loop
      vertex -56 -26 10
      vertex -54 -28 10
      vertex -54.5176 -27.9318 10
    endloop
  endfacet
  facet normal 0 0 -1
    outer loop
      vertex -56 -2 10
      vertex -35 -28 10
      vertex -56 -26 10
    endloop
  endfacet
  facet normal 0 0 -1
    outer loop
      vertex -56 -26 10
      vertex -54.5176 -27.9318 10
      vertex -55 -27.732 10
    endloop
  endfacet
  facet normal 0 0 -1
    outer loop
      vertex -35 -28 10
      vertex -56 -2 10
      vertex -54 0 10
    endloop
  endfacet
  facet normal 0 0 -1
    outer loop
      vertex -56 -26 10
      vertex -55 -27.732 10
      vertex -55.4142 -27.4142 10
    endloop
  endfacet
  facet normal 0 0 -1
    outer loop
      vertex -54 0 10
      vertex -56 -2 10
      vertex -54.5176 -0.068161 10
    endloop
  endfacet
  facet normal 0 0 -1
    outer loop
      vertex -56 -26 10
      vertex -55.4142 -27.4142 10
      vertex -55.732 -27 10
    endloop
  endfacet
  facet normal 0 0 -1
    outer loop
      vertex -54.5176 -0.068161 10
      vertex -56 -2 10
      vertex -55 -0.26796 10
    endloop
  endfacet
  facet normal 0 0 -1
    outer loop
      vertex -56 -26 10
      vertex -55.732 -27 10
      vertex -55.9318 -26.5176 10
    endloop
  endfacet
  facet normal 0 0 -1
    outer loop
      vertex -55 -0.26796 10
      vertex -56 -2 10
      vertex -55.4142 -0.5858 10
    endloop
  endfacet
  facet normal 0 0 -1
    outer loop
      vertex -55.4142 -0.5858 10
      vertex -56 -2 10
      vertex -55.732 -1 10
    endloop
  endfacet
  facet normal 0 0 -1
    outer loop
      vertex -55.732 -1 10
      vertex -56 -2 10
      vertex -55.9318 -1.48238 10
    endloop
  endfacet
  facet normal 0 -1 0
    outer loop
      vertex -35 -46 10
      vertex 35 -46 40
      vertex -35 -46 40
    endloop
  endfacet
  facet normal 0 -1 -0
    outer loop
      vertex 35 -46 40
      vertex -35 -46 10
      vertex 35 -46 10
    endloop
  endfacet
  facet normal 0.993849 -0 0.110747
    outer loop
      vertex 15.1691 -47.2 26.1747
      vertex 15.3 -46.2 25
      vertex 15.1691 -46.2 26.1747
    endloop
  endfacet
  facet normal 0.993849 0 0.110747
    outer loop
      vertex 15.3 -46.2 25
      vertex 15.1691 -47.2 26.1747
      vertex 15.3 -47.2 25
    endloop
  endfacet
  facet normal 0 1 0
    outer loop
      vertex 0 -46.2 16
      vertex 0 -46.2 34
      vertex 1.99705 -46.2 33.923
    endloop
  endfacet
  facet normal 0 1 0
    outer loop
      vertex 1.99705 -46.2 16.077
      vertex 1.99705 -46.2 33.923
      vertex 3.95993 -46.2 33.6933
    endloop
  endfacet
  facet normal 0 1 0
    outer loop
      vertex 0 -46.2 34
      vertex 0 -46.2 16
      vertex -1.99705 -46.2 33.923
    endloop
  endfacet
  facet normal 0 1 0
    outer loop
      vertex 3.95993 -46.2 16.3067
      vertex 3.95993 -46.2 33.6933
      vertex 5.85506 -46.2 33.3149
    endloop
  endfacet
  facet normal -0 1 0
    outer loop
      vertex -1.99705 -46.2 16.077
      vertex -1.99705 -46.2 33.923
      vertex 0 -46.2 16
    endloop
  endfacet
  facet normal 0 1 0
    outer loop
      vertex 5.85506 -46.2 16.6851
      vertex 5.85506 -46.2 33.3149
      vertex 7.65 -46.2 32.7942
    endloop
  endfacet
  facet normal 0 1 0
    outer loop
      vertex -1.99705 -46.2 33.923
      vertex -1.99705 -46.2 16.077
      vertex -3.95993 -46.2 33.6933
    endloop
  endfacet
  facet normal 0 1 0
    outer loop
      vertex 7.65 -46.2 17.2058
      vertex 7.65 -46.2 32.7942
      vertex 9.31405 -46.2 32.1402
    endloop
  endfacet
  facet normal -0 1 0
    outer loop
      vertex -3.95993 -46.2 16.3067
      vertex -3.95993 -46.2 33.6933
      vertex -1.99705 -46.2 16.077
    endloop
  endfacet
  facet normal 0 1 0
    outer loop
      vertex 9.31405 -46.2 17.8598
      vertex 9.31405 -46.2 32.1402
      vertex 10.8187 -46.2 31.364
    endloop
  endfacet
  facet normal 0 1 0
    outer loop
      vertex -3.95993 -46.2 33.6933
      vertex -3.95993 -46.2 16.3067
      vertex -5.85506 -46.2 33.3149
    endloop
  endfacet
  facet normal 0 1 0
    outer loop
      vertex 10.8187 -46.2 18.636
      vertex 10.8187 -46.2 31.364
      vertex 12.1383 -46.2 30.4789
    endloop
  endfacet
  facet normal -0 1 0
    outer loop
      vertex -5.85506 -46.2 16.6851
      vertex -5.85506 -46.2 33.3149
      vertex -3.95993 -46.2 16.3067
    endloop
  endfacet
  facet normal 0 1 0
    outer loop
      vertex 12.1383 -46.2 19.5211
      vertex 12.1383 -46.2 30.4789
      vertex 13.2502 -46.2 29.5
    endloop
  endfacet
  facet normal 0 1 0
    outer loop
      vertex -5.85506 -46.2 33.3149
      vertex -5.85506 -46.2 16.6851
      vertex -7.65 -46.2 32.7942
    endloop
  endfacet
  facet normal 0 1 0
    outer loop
      vertex 13.2502 -46.2 20.5
      vertex 13.2502 -46.2 29.5
      vertex 14.1354 -46.2 28.4441
    endloop
  endfacet
  facet normal -0 1 0
    outer loop
      vertex -7.65 -46.2 17.2058
      vertex -7.65 -46.2 32.7942
      vertex -5.85506 -46.2 16.6851
    endloop
  endfacet
  facet normal 0 1 0
    outer loop
      vertex 14.1354 -46.2 21.5558
      vertex 14.1354 -46.2 28.4441
      vertex 14.7787 -46.2 27.3294
    endloop
  endfacet
  facet normal 0 1 0
    outer loop
      vertex -7.65 -46.2 32.7942
      vertex -7.65 -46.2 17.2058
      vertex -9.31405 -46.2 32.1402
    endloop
  endfacet
  facet normal 0 1 0
    outer loop
      vertex 14.7787 -46.2 22.6706
      vertex 14.7787 -46.2 27.3294
      vertex 15.1691 -46.2 26.1747
    endloop
  endfacet
  facet normal -0 1 0
    outer loop
      vertex -9.31405 -46.2 17.8598
      vertex -9.31405 -46.2 32.1402
      vertex -7.65 -46.2 17.2058
    endloop
  endfacet
  facet normal 0 1 0
    outer loop
      vertex 14.7787 -46.2 22.6706
      vertex 15.1691 -46.2 26.1747
      vertex 15.3 -46.2 25
    endloop
  endfacet
  facet normal 0 1 0
    outer loop
      vertex -9.31405 -46.2 32.1402
      vertex -9.31405 -46.2 17.8598
      vertex -10.8187 -46.2 31.364
    endloop
  endfacet
  facet normal 0 1 0
    outer loop
      vertex 14.7787 -46.2 22.6706
      vertex 15.3 -46.2 25
      vertex 15.1691 -46.2 23.8253
    endloop
  endfacet
  facet normal -0 1 0
    outer loop
      vertex -10.8187 -46.2 18.636
      vertex -10.8187 -46.2 31.364
      vertex -9.31405 -46.2 17.8598
    endloop
  endfacet
  facet normal 0 1 0
    outer loop
      vertex 14.7787 -46.2 27.3294
      vertex 14.7787 -46.2 22.6706
      vertex 14.1354 -46.2 21.5558
    endloop
  endfacet
  facet normal 0 1 0
    outer loop
      vertex -10.8187 -46.2 31.364
      vertex -10.8187 -46.2 18.636
      vertex -12.1383 -46.2 30.4789
    endloop
  endfacet
  facet normal 0 1 0
    outer loop
      vertex 14.1354 -46.2 28.4441
      vertex 14.1354 -46.2 21.5558
      vertex 13.2502 -46.2 20.5
    endloop
  endfacet
  facet normal -0 1 0
    outer loop
      vertex -12.1383 -46.2 19.5211
      vertex -12.1383 -46.2 30.4789
      vertex -10.8187 -46.2 18.636
    endloop
  endfacet
  facet normal 0 1 0
    outer loop
      vertex 13.2502 -46.2 29.5
      vertex 13.2502 -46.2 20.5
      vertex 12.1383 -46.2 19.5211
    endloop
  endfacet
  facet normal 0 1 0
    outer loop
      vertex 1.99705 -46.2 33.923
      vertex 1.99705 -46.2 16.077
      vertex 0 -46.2 16
    endloop
  endfacet
  facet normal 0 1 0
    outer loop
      vertex 12.1383 -46.2 30.4789
      vertex 12.1383 -46.2 19.5211
      vertex 10.8187 -46.2 18.636
    endloop
  endfacet
  facet normal 0 1 0
    outer loop
      vertex -12.1383 -46.2 30.4789
      vertex -12.1383 -46.2 19.5211
      vertex -13.2502 -46.2 29.5
    endloop
  endfacet
  facet normal 0 1 0
    outer loop
      vertex 10.8187 -46.2 31.364
      vertex 10.8187 -46.2 18.636
      vertex 9.31405 -46.2 17.8598
    endloop
  endfacet
  facet normal -0 1 0
    outer loop
      vertex -13.2502 -46.2 20.5
      vertex -13.2502 -46.2 29.5
      vertex -12.1383 -46.2 19.5211
    endloop
  endfacet
  facet normal 0 1 0
    outer loop
      vertex 9.31405 -46.2 32.1402
      vertex 9.31405 -46.2 17.8598
      vertex 7.65 -46.2 17.2058
    endloop
  endfacet
  facet normal 0 1 0
    outer loop
      vertex 3.95993 -46.2 33.6933
      vertex 3.95993 -46.2 16.3067
      vertex 1.99705 -46.2 16.077
    endloop
  endfacet
  facet normal 0 1 0
    outer loop
      vertex 7.65 -46.2 32.7942
      vertex 7.65 -46.2 17.2058
      vertex 5.85506 -46.2 16.6851
    endloop
  endfacet
  facet normal 0 1 0
    outer loop
      vertex 5.85506 -46.2 33.3149
      vertex 5.85506 -46.2 16.6851
      vertex 3.95993 -46.2 16.3067
    endloop
  endfacet
  facet normal 0 1 0
    outer loop
      vertex -13.2502 -46.2 29.5
      vertex -13.2502 -46.2 20.5
      vertex -14.1354 -46.2 28.4441
    endloop
  endfacet
  facet normal 0 1 0
    outer loop
      vertex -15.1691 -46.2 26.1747
      vertex -14.7787 -46.2 22.6706
      vertex -15.3 -46.2 25
    endloop
  endfacet
  facet normal 0 1 0
    outer loop
      vertex -14.1354 -46.2 28.4441
      vertex -14.1354 -46.2 21.5558
      vertex -14.7787 -46.2 27.3294
    endloop
  endfacet
  facet normal 0 1 0
    outer loop
      vertex -15.3 -46.2 25
      vertex -14.7787 -46.2 22.6706
      vertex -15.1691 -46.2 23.8253
    endloop
  endfacet
  facet normal 0 1 0
    outer loop
      vertex -14.7787 -46.2 27.3294
      vertex -14.7787 -46.2 22.6706
      vertex -15.1691 -46.2 26.1747
    endloop
  endfacet
  facet normal -0 1 0
    outer loop
      vertex -14.7787 -46.2 22.6706
      vertex -14.7787 -46.2 27.3294
      vertex -14.1354 -46.2 21.5558
    endloop
  endfacet
  facet normal -0 1 0
    outer loop
      vertex -14.1354 -46.2 21.5558
      vertex -14.1354 -46.2 28.4441
      vertex -13.2502 -46.2 20.5
    endloop
  endfacet
  facet normal -0.116229 0 -0.993222
    outer loop
      vertex -3.95993 -47.2 16.3067
      vertex -1.99705 -46.2 16.077
      vertex -1.99705 -47.2 16.077
    endloop
  endfacet
  facet normal -0.116229 0 -0.993222
    outer loop
      vertex -1.99705 -46.2 16.077
      vertex -3.95993 -47.2 16.3067
      vertex -3.95993 -46.2 16.3067
    endloop
  endfacet
  facet normal 0.365781 0 0.930701
    outer loop
      vertex 7.65 -46.2 32.7942
      vertex 9.31405 -47.2 32.1402
      vertex 9.31405 -46.2 32.1402
    endloop
  endfacet
  facet normal 0.365781 0 0.930701
    outer loop
      vertex 9.31405 -47.2 32.1402
      vertex 7.65 -46.2 32.7942
      vertex 7.65 -47.2 32.7942
    endloop
  endfacet
  facet normal -0.278607 0 0.960405
    outer loop
      vertex -7.65 -46.2 32.7942
      vertex -5.85506 -47.2 33.3149
      vertex -5.85506 -46.2 33.3149
    endloop
  endfacet
  facet normal -0.278607 0 0.960405
    outer loop
      vertex -5.85506 -47.2 33.3149
      vertex -7.65 -46.2 32.7942
      vertex -7.65 -47.2 32.7942
    endloop
  endfacet
  facet normal 0.195805 0 0.980643
    outer loop
      vertex 3.95993 -46.2 33.6933
      vertex 5.85506 -47.2 33.3149
      vertex 5.85506 -46.2 33.3149
    endloop
  endfacet
  facet normal 0.195805 0 0.980643
    outer loop
      vertex 5.85506 -47.2 33.3149
      vertex 3.95993 -46.2 33.6933
      vertex 3.95993 -47.2 33.6933
    endloop
  endfacet
  facet normal -0.0385282 0 0.999258
    outer loop
      vertex -1.99705 -46.2 33.923
      vertex 0 -47.2 34
      vertex 0 -46.2 34
    endloop
  endfacet
  facet normal -0.0385282 0 0.999258
    outer loop
      vertex 0 -47.2 34
      vertex -1.99705 -46.2 33.923
      vertex -1.99705 -47.2 33.923
    endloop
  endfacet
  facet normal -0.993849 0 -0.110747
    outer loop
      vertex -15.1691 -47.2 23.8253
      vertex -15.3 -46.2 25
      vertex -15.1691 -46.2 23.8253
    endloop
  endfacet
  facet normal -0.993849 -0 -0.110747
    outer loop
      vertex -15.3 -46.2 25
      vertex -15.1691 -47.2 23.8253
      vertex -15.3 -47.2 25
    endloop
  endfacet
  facet normal -0.660791 0 0.75057
    outer loop
      vertex -13.2502 -46.2 29.5
      vertex -12.1383 -47.2 30.4789
      vertex -12.1383 -46.2 30.4789
    endloop
  endfacet
  facet normal -0.660791 0 0.75057
    outer loop
      vertex -12.1383 -47.2 30.4789
      vertex -13.2502 -46.2 29.5
      vertex -13.2502 -47.2 29.5
    endloop
  endfacet
  facet normal 0.278607 0 -0.960405
    outer loop
      vertex 5.85506 -47.2 16.6851
      vertex 7.65 -46.2 17.2058
      vertex 7.65 -47.2 17.2058
    endloop
  endfacet
  facet normal 0.278607 0 -0.960405
    outer loop
      vertex 7.65 -46.2 17.2058
      vertex 5.85506 -47.2 16.6851
      vertex 5.85506 -46.2 16.6851
    endloop
  endfacet
  facet normal 0.365781 0 -0.930701
    outer loop
      vertex 7.65 -47.2 17.2058
      vertex 9.31405 -46.2 17.8598
      vertex 9.31405 -47.2 17.8598
    endloop
  endfacet
  facet normal 0.365781 0 -0.930701
    outer loop
      vertex 9.31405 -46.2 17.8598
      vertex 7.65 -47.2 17.2058
      vertex 7.65 -46.2 17.2058
    endloop
  endfacet
  facet normal -0.0385282 0 -0.999258
    outer loop
      vertex -1.99705 -47.2 16.077
      vertex 0 -46.2 16
      vertex 0 -47.2 16
    endloop
  endfacet
  facet normal -0.0385282 0 -0.999258
    outer loop
      vertex 0 -46.2 16
      vertex -1.99705 -47.2 16.077
      vertex -1.99705 -46.2 16.077
    endloop
  endfacet
  facet normal -0.365781 0 -0.930701
    outer loop
      vertex -9.31405 -47.2 17.8598
      vertex -7.65 -46.2 17.2058
      vertex -7.65 -47.2 17.2058
    endloop
  endfacet
  facet normal -0.365781 0 -0.930701
    outer loop
      vertex -7.65 -46.2 17.2058
      vertex -9.31405 -47.2 17.8598
      vertex -9.31405 -46.2 17.8598
    endloop
  endfacet
  facet normal 0.947321 -0 0.320286
    outer loop
      vertex 14.7787 -47.2 27.3294
      vertex 15.1691 -46.2 26.1747
      vertex 14.7787 -46.2 27.3294
    endloop
  endfacet
  facet normal 0.947321 0 0.320286
    outer loop
      vertex 15.1691 -46.2 26.1747
      vertex 14.7787 -47.2 27.3294
      vertex 15.1691 -47.2 26.1747
    endloop
  endfacet
  facet normal 0.660791 0 0.75057
    outer loop
      vertex 12.1383 -46.2 30.4789
      vertex 13.2502 -47.2 29.5
      vertex 13.2502 -46.2 29.5
    endloop
  endfacet
  facet normal 0.660791 0 0.75057
    outer loop
      vertex 13.2502 -47.2 29.5
      vertex 12.1383 -46.2 30.4789
      vertex 12.1383 -47.2 30.4789
    endloop
  endfacet
  facet normal 0.116229 0 0.993222
    outer loop
      vertex 1.99705 -46.2 33.923
      vertex 3.95993 -47.2 33.6933
      vertex 3.95993 -46.2 33.6933
    endloop
  endfacet
  facet normal 0.116229 0 0.993222
    outer loop
      vertex 3.95993 -47.2 33.6933
      vertex 1.99705 -46.2 33.923
      vertex 1.99705 -47.2 33.923
    endloop
  endfacet
  facet normal 0.0385282 0 0.999258
    outer loop
      vertex 0 -46.2 34
      vertex 1.99705 -47.2 33.923
      vertex 1.99705 -46.2 33.923
    endloop
  endfacet
  facet normal 0.0385282 0 0.999258
    outer loop
      vertex 1.99705 -47.2 33.923
      vertex 0 -46.2 34
      vertex 0 -47.2 34
    endloop
  endfacet
  facet normal -0.947321 0 0.320286
    outer loop
      vertex -15.1691 -47.2 26.1747
      vertex -14.7787 -46.2 27.3294
      vertex -15.1691 -46.2 26.1747
    endloop
  endfacet
  facet normal -0.947321 0 0.320286
    outer loop
      vertex -14.7787 -46.2 27.3294
      vertex -15.1691 -47.2 26.1747
      vertex -14.7787 -47.2 27.3294
    endloop
  endfacet
  facet normal -0.993849 0 0.110747
    outer loop
      vertex -15.3 -47.2 25
      vertex -15.1691 -46.2 26.1747
      vertex -15.3 -46.2 25
    endloop
  endfacet
  facet normal -0.993849 0 0.110747
    outer loop
      vertex -15.1691 -46.2 26.1747
      vertex -15.3 -47.2 25
      vertex -15.1691 -47.2 26.1747
    endloop
  endfacet
  facet normal -0.365781 0 0.930701
    outer loop
      vertex -9.31405 -46.2 32.1402
      vertex -7.65 -47.2 32.7942
      vertex -7.65 -46.2 32.7942
    endloop
  endfacet
  facet normal -0.365781 0 0.930701
    outer loop
      vertex -7.65 -47.2 32.7942
      vertex -9.31405 -46.2 32.1402
      vertex -9.31405 -47.2 32.1402
    endloop
  endfacet
  facet normal 0.947321 0 -0.320286
    outer loop
      vertex 15.1691 -47.2 23.8253
      vertex 14.7787 -46.2 22.6706
      vertex 15.1691 -46.2 23.8253
    endloop
  endfacet
  facet normal 0.947321 0 -0.320286
    outer loop
      vertex 14.7787 -46.2 22.6706
      vertex 15.1691 -47.2 23.8253
      vertex 14.7787 -47.2 22.6706
    endloop
  endfacet
  facet normal 0.116229 0 -0.993222
    outer loop
      vertex 1.99705 -47.2 16.077
      vertex 3.95993 -46.2 16.3067
      vertex 3.95993 -47.2 16.3067
    endloop
  endfacet
  facet normal 0.116229 0 -0.993222
    outer loop
      vertex 3.95993 -46.2 16.3067
      vertex 1.99705 -47.2 16.077
      vertex 1.99705 -46.2 16.077
    endloop
  endfacet
  facet normal 0.195805 0 -0.980643
    outer loop
      vertex 3.95993 -47.2 16.3067
      vertex 5.85506 -46.2 16.6851
      vertex 5.85506 -47.2 16.6851
    endloop
  endfacet
  facet normal 0.195805 0 -0.980643
    outer loop
      vertex 5.85506 -46.2 16.6851
      vertex 3.95993 -47.2 16.3067
      vertex 3.95993 -46.2 16.3067
    endloop
  endfacet
  facet normal 0.866136 0 -0.499808
    outer loop
      vertex 14.7787 -47.2 22.6706
      vertex 14.1354 -46.2 21.5558
      vertex 14.7787 -46.2 22.6706
    endloop
  endfacet
  facet normal 0.866136 0 -0.499808
    outer loop
      vertex 14.1354 -46.2 21.5558
      vertex 14.7787 -47.2 22.6706
      vertex 14.1354 -47.2 21.5558
    endloop
  endfacet
  facet normal 0.660791 0 -0.75057
    outer loop
      vertex 12.1383 -47.2 19.5211
      vertex 13.2502 -46.2 20.5
      vertex 13.2502 -47.2 20.5
    endloop
  endfacet
  facet normal 0.660791 0 -0.75057
    outer loop
      vertex 13.2502 -46.2 20.5
      vertex 12.1383 -47.2 19.5211
      vertex 12.1383 -46.2 19.5211
    endloop
  endfacet
  facet normal 0.0385282 0 -0.999258
    outer loop
      vertex 0 -47.2 16
      vertex 1.99705 -46.2 16.077
      vertex 1.99705 -47.2 16.077
    endloop
  endfacet
  facet normal 0.0385282 0 -0.999258
    outer loop
      vertex 1.99705 -46.2 16.077
      vertex 0 -47.2 16
      vertex 0 -46.2 16
    endloop
  endfacet
  facet normal -0.947321 0 -0.320286
    outer loop
      vertex -14.7787 -47.2 22.6706
      vertex -15.1691 -46.2 23.8253
      vertex -14.7787 -46.2 22.6706
    endloop
  endfacet
  facet normal -0.947321 -0 -0.320286
    outer loop
      vertex -15.1691 -46.2 23.8253
      vertex -14.7787 -47.2 22.6706
      vertex -15.1691 -47.2 23.8253
    endloop
  endfacet
  facet normal -0.660791 0 -0.75057
    outer loop
      vertex -13.2502 -47.2 20.5
      vertex -12.1383 -46.2 19.5211
      vertex -12.1383 -47.2 19.5211
    endloop
  endfacet
  facet normal -0.660791 0 -0.75057
    outer loop
      vertex -12.1383 -46.2 19.5211
      vertex -13.2502 -47.2 20.5
      vertex -13.2502 -46.2 20.5
    endloop
  endfacet
  facet normal 0.866117 -0 0.499841
    outer loop
      vertex 14.1354 -47.2 28.4441
      vertex 14.7787 -46.2 27.3294
      vertex 14.1354 -46.2 28.4441
    endloop
  endfacet
  facet normal 0.866117 0 0.499841
    outer loop
      vertex 14.7787 -46.2 27.3294
      vertex 14.1354 -47.2 28.4441
      vertex 14.7787 -47.2 27.3294
    endloop
  endfacet
  facet normal 0.766332 -0 0.642445
    outer loop
      vertex 13.2502 -47.2 29.5
      vertex 14.1354 -46.2 28.4441
      vertex 13.2502 -46.2 29.5
    endloop
  endfacet
  facet normal 0.766332 0 0.642445
    outer loop
      vertex 14.1354 -46.2 28.4441
      vertex 13.2502 -47.2 29.5
      vertex 14.1354 -47.2 28.4441
    endloop
  endfacet
  facet normal 0.557036 0 0.830488
    outer loop
      vertex 10.8187 -46.2 31.364
      vertex 12.1383 -47.2 30.4789
      vertex 12.1383 -46.2 30.4789
    endloop
  endfacet
  facet normal 0.557036 0 0.830488
    outer loop
      vertex 12.1383 -47.2 30.4789
      vertex 10.8187 -46.2 31.364
      vertex 10.8187 -47.2 31.364
    endloop
  endfacet
  facet normal 0.458459 0 0.888715
    outer loop
      vertex 9.31405 -46.2 32.1402
      vertex 10.8187 -47.2 31.364
      vertex 10.8187 -46.2 31.364
    endloop
  endfacet
  facet normal 0.458459 0 0.888715
    outer loop
      vertex 10.8187 -47.2 31.364
      vertex 9.31405 -46.2 32.1402
      vertex 9.31405 -47.2 32.1402
    endloop
  endfacet
  facet normal 0.278607 0 0.960405
    outer loop
      vertex 5.85506 -46.2 33.3149
      vertex 7.65 -47.2 32.7942
      vertex 7.65 -46.2 32.7942
    endloop
  endfacet
  facet normal 0.278607 0 0.960405
    outer loop
      vertex 7.65 -47.2 32.7942
      vertex 5.85506 -46.2 33.3149
      vertex 5.85506 -47.2 33.3149
    endloop
  endfacet
  facet normal 0 -1 0
    outer loop
      vertex 0 -47.2 16
      vertex 0 -47.2 34
      vertex -1.99705 -47.2 33.923
    endloop
  endfacet
  facet normal 0 -1 0
    outer loop
      vertex -1.99705 -47.2 16.077
      vertex -1.99705 -47.2 33.923
      vertex -3.95993 -47.2 33.6933
    endloop
  endfacet
  facet normal 0 -1 0
    outer loop
      vertex 0 -47.2 34
      vertex 0 -47.2 16
      vertex 1.99705 -47.2 33.923
    endloop
  endfacet
  facet normal 0 -1 0
    outer loop
      vertex -3.95993 -47.2 16.3067
      vertex -3.95993 -47.2 33.6933
      vertex -5.85506 -47.2 33.3149
    endloop
  endfacet
  facet normal -0 -1 0
    outer loop
      vertex 1.99705 -47.2 16.077
      vertex 1.99705 -47.2 33.923
      vertex 0 -47.2 16
    endloop
  endfacet
  facet normal 0 -1 0
    outer loop
      vertex -5.85506 -47.2 16.6851
      vertex -5.85506 -47.2 33.3149
      vertex -7.65 -47.2 32.7942
    endloop
  endfacet
  facet normal 0 -1 0
    outer loop
      vertex 1.99705 -47.2 33.923
      vertex 1.99705 -47.2 16.077
      vertex 3.95993 -47.2 33.6933
    endloop
  endfacet
  facet normal 0 -1 0
    outer loop
      vertex -7.65 -47.2 17.2058
      vertex -7.65 -47.2 32.7942
      vertex -9.31405 -47.2 32.1402
    endloop
  endfacet
  facet normal -0 -1 0
    outer loop
      vertex 3.95993 -47.2 16.3067
      vertex 3.95993 -47.2 33.6933
      vertex 1.99705 -47.2 16.077
    endloop
  endfacet
  facet normal 0 -1 0
    outer loop
      vertex -9.31405 -47.2 17.8598
      vertex -9.31405 -47.2 32.1402
      vertex -10.8187 -47.2 31.364
    endloop
  endfacet
  facet normal 0 -1 0
    outer loop
      vertex 3.95993 -47.2 33.6933
      vertex 3.95993 -47.2 16.3067
      vertex 5.85506 -47.2 33.3149
    endloop
  endfacet
  facet normal 0 -1 0
    outer loop
      vertex -10.8187 -47.2 18.636
      vertex -10.8187 -47.2 31.364
      vertex -12.1383 -47.2 30.4789
    endloop
  endfacet
  facet normal -0 -1 0
    outer loop
      vertex 5.85506 -47.2 16.6851
      vertex 5.85506 -47.2 33.3149
      vertex 3.95993 -47.2 16.3067
    endloop
  endfacet
  facet normal 0 -1 0
    outer loop
      vertex -12.1383 -47.2 19.5211
      vertex -12.1383 -47.2 30.4789
      vertex -13.2502 -47.2 29.5
    endloop
  endfacet
  facet normal 0 -1 0
    outer loop
      vertex 5.85506 -47.2 33.3149
      vertex 5.85506 -47.2 16.6851
      vertex 7.65 -47.2 32.7942
    endloop
  endfacet
  facet normal 0 -1 0
    outer loop
      vertex -13.2502 -47.2 20.5
      vertex -13.2502 -47.2 29.5
      vertex -14.1354 -47.2 28.4441
    endloop
  endfacet
  facet normal -0 -1 0
    outer loop
      vertex 7.65 -47.2 17.2058
      vertex 7.65 -47.2 32.7942
      vertex 5.85506 -47.2 16.6851
    endloop
  endfacet
  facet normal 0 -1 0
    outer loop
      vertex -14.1354 -47.2 21.5558
      vertex -14.1354 -47.2 28.4441
      vertex -14.7787 -47.2 27.3294
    endloop
  endfacet
  facet normal 0 -1 0
    outer loop
      vertex 7.65 -47.2 32.7942
      vertex 7.65 -47.2 17.2058
      vertex 9.31405 -47.2 32.1402
    endloop
  endfacet
  facet normal 0 -1 0
    outer loop
      vertex -14.7787 -47.2 22.6706
      vertex -14.7787 -47.2 27.3294
      vertex -15.1691 -47.2 26.1747
    endloop
  endfacet
  facet normal -0 -1 0
    outer loop
      vertex 9.31405 -47.2 17.8598
      vertex 9.31405 -47.2 32.1402
      vertex 7.65 -47.2 17.2058
    endloop
  endfacet
  facet normal 0 -1 0
    outer loop
      vertex -14.7787 -47.2 22.6706
      vertex -15.1691 -47.2 26.1747
      vertex -15.3 -47.2 25
    endloop
  endfacet
  facet normal 0 -1 0
    outer loop
      vertex 9.31405 -47.2 32.1402
      vertex 9.31405 -47.2 17.8598
      vertex 10.8187 -47.2 31.364
    endloop
  endfacet
  facet normal 0 -1 0
    outer loop
      vertex -14.7787 -47.2 22.6706
      vertex -15.3 -47.2 25
      vertex -15.1691 -47.2 23.8253
    endloop
  endfacet
  facet normal -0 -1 0
    outer loop
      vertex 10.8187 -47.2 18.636
      vertex 10.8187 -47.2 31.364
      vertex 9.31405 -47.2 17.8598
    endloop
  endfacet
  facet normal 0 -1 0
    outer loop
      vertex -14.7787 -47.2 27.3294
      vertex -14.7787 -47.2 22.6706
      vertex -14.1354 -47.2 21.5558
    endloop
  endfacet
  facet normal 0 -1 0
    outer loop
      vertex 10.8187 -47.2 31.364
      vertex 10.8187 -47.2 18.636
      vertex 12.1383 -47.2 30.4789
    endloop
  endfacet
  facet normal 0 -1 0
    outer loop
      vertex -14.1354 -47.2 28.4441
      vertex -14.1354 -47.2 21.5558
      vertex -13.2502 -47.2 20.5
    endloop
  endfacet
  facet normal -0 -1 0
    outer loop
      vertex 12.1383 -47.2 19.5211
      vertex 12.1383 -47.2 30.4789
      vertex 10.8187 -47.2 18.636
    endloop
  endfacet
  facet normal 0 -1 0
    outer loop
      vertex -13.2502 -47.2 29.5
      vertex -13.2502 -47.2 20.5
      vertex -12.1383 -47.2 19.5211
    endloop
  endfacet
  facet normal 0 -1 0
    outer loop
      vertex -1.99705 -47.2 33.923
      vertex -1.99705 -47.2 16.077
      vertex 0 -47.2 16
    endloop
  endfacet
  facet normal 0 -1 0
    outer loop
      vertex -12.1383 -47.2 30.4789
      vertex -12.1383 -47.2 19.5211
      vertex -10.8187 -47.2 18.636
    endloop
  endfacet
  facet normal 0 -1 0
    outer loop
      vertex 12.1383 -47.2 30.4789
      vertex 12.1383 -47.2 19.5211
      vertex 13.2502 -47.2 29.5
    endloop
  endfacet
  facet normal 0 -1 0
    outer loop
      vertex -10.8187 -47.2 31.364
      vertex -10.8187 -47.2 18.636
      vertex -9.31405 -47.2 17.8598
    endloop
  endfacet
  facet normal -0 -1 0
    outer loop
      vertex 13.2502 -47.2 20.5
      vertex 13.2502 -47.2 29.5
      vertex 12.1383 -47.2 19.5211
    endloop
  endfacet
  facet normal 0 -1 0
    outer loop
      vertex -9.31405 -47.2 32.1402
      vertex -9.31405 -47.2 17.8598
      vertex -7.65 -47.2 17.2058
    endloop
  endfacet
  facet normal 0 -1 0
    outer loop
      vertex -3.95993 -47.2 33.6933
      vertex -3.95993 -47.2 16.3067
      vertex -1.99705 -47.2 16.077
    endloop
  endfacet
  facet normal 0 -1 0
    outer loop
      vertex -7.65 -47.2 32.7942
      vertex -7.65 -47.2 17.2058
      vertex -5.85506 -47.2 16.6851
    endloop
  endfacet
  facet normal 0 -1 0
    outer loop
      vertex -5.85506 -47.2 33.3149
      vertex -5.85506 -47.2 16.6851
      vertex -3.95993 -47.2 16.3067
    endloop
  endfacet
  facet normal 0 -1 0
    outer loop
      vertex 13.2502 -47.2 29.5
      vertex 13.2502 -47.2 20.5
      vertex 14.1354 -47.2 28.4441
    endloop
  endfacet
  facet normal 0 -1 -0
    outer loop
      vertex 15.1691 -47.2 26.1747
      vertex 14.7787 -47.2 22.6706
      vertex 15.3 -47.2 25
    endloop
  endfacet
  facet normal 0 -1 0
    outer loop
      vertex 14.1354 -47.2 28.4441
      vertex 14.1354 -47.2 21.5558
      vertex 14.7787 -47.2 27.3294
    endloop
  endfacet
  facet normal 0 -1 0
    outer loop
      vertex 15.3 -47.2 25
      vertex 14.7787 -47.2 22.6706
      vertex 15.1691 -47.2 23.8253
    endloop
  endfacet
  facet normal 0 -1 0
    outer loop
      vertex 14.7787 -47.2 27.3294
      vertex 14.7787 -47.2 22.6706
      vertex 15.1691 -47.2 26.1747
    endloop
  endfacet
  facet normal -0 -1 0
    outer loop
      vertex 14.7787 -47.2 22.6706
      vertex 14.7787 -47.2 27.3294
      vertex 14.1354 -47.2 21.5558
    endloop
  endfacet
  facet normal -0 -1 0
    outer loop
      vertex 14.1354 -47.2 21.5558
      vertex 14.1354 -47.2 28.4441
      vertex 13.2502 -47.2 20.5
    endloop
  endfacet
  facet normal -0.766332 0 0.642445
    outer loop
      vertex -14.1354 -47.2 28.4441
      vertex -13.2502 -46.2 29.5
      vertex -14.1354 -46.2 28.4441
    endloop
  endfacet
  facet normal -0.766332 0 0.642445
    outer loop
      vertex -13.2502 -46.2 29.5
      vertex -14.1354 -47.2 28.4441
      vertex -13.2502 -47.2 29.5
    endloop
  endfacet
  facet normal -0.866117 0 0.499841
    outer loop
      vertex -14.7787 -47.2 27.3294
      vertex -14.1354 -46.2 28.4441
      vertex -14.7787 -46.2 27.3294
    endloop
  endfacet
  facet normal -0.866117 0 0.499841
    outer loop
      vertex -14.1354 -46.2 28.4441
      vertex -14.7787 -47.2 27.3294
      vertex -14.1354 -47.2 28.4441
    endloop
  endfacet
  facet normal -0.116229 0 0.993222
    outer loop
      vertex -3.95993 -46.2 33.6933
      vertex -1.99705 -47.2 33.923
      vertex -1.99705 -46.2 33.923
    endloop
  endfacet
  facet normal -0.116229 0 0.993222
    outer loop
      vertex -1.99705 -47.2 33.923
      vertex -3.95993 -46.2 33.6933
      vertex -3.95993 -47.2 33.6933
    endloop
  endfacet
  facet normal -0.195805 0 0.980643
    outer loop
      vertex -5.85506 -46.2 33.3149
      vertex -3.95993 -47.2 33.6933
      vertex -3.95993 -46.2 33.6933
    endloop
  endfacet
  facet normal -0.195805 0 0.980643
    outer loop
      vertex -3.95993 -47.2 33.6933
      vertex -5.85506 -46.2 33.3149
      vertex -5.85506 -47.2 33.3149
    endloop
  endfacet
  facet normal -0.458459 0 0.888715
    outer loop
      vertex -10.8187 -46.2 31.364
      vertex -9.31405 -47.2 32.1402
      vertex -9.31405 -46.2 32.1402
    endloop
  endfacet
  facet normal -0.458459 0 0.888715
    outer loop
      vertex -9.31405 -47.2 32.1402
      vertex -10.8187 -46.2 31.364
      vertex -10.8187 -47.2 31.364
    endloop
  endfacet
  facet normal -0.557036 0 0.830488
    outer loop
      vertex -12.1383 -46.2 30.4789
      vertex -10.8187 -47.2 31.364
      vertex -10.8187 -46.2 31.364
    endloop
  endfacet
  facet normal -0.557036 0 0.830488
    outer loop
      vertex -10.8187 -47.2 31.364
      vertex -12.1383 -46.2 30.4789
      vertex -12.1383 -47.2 30.4789
    endloop
  endfacet
  facet normal 0.993849 0 -0.110747
    outer loop
      vertex 15.3 -47.2 25
      vertex 15.1691 -46.2 23.8253
      vertex 15.3 -46.2 25
    endloop
  endfacet
  facet normal 0.993849 0 -0.110747
    outer loop
      vertex 15.1691 -46.2 23.8253
      vertex 15.3 -47.2 25
      vertex 15.1691 -47.2 23.8253
    endloop
  endfacet
  facet normal 0.458459 0 -0.888715
    outer loop
      vertex 9.31405 -47.2 17.8598
      vertex 10.8187 -46.2 18.636
      vertex 10.8187 -47.2 18.636
    endloop
  endfacet
  facet normal 0.458459 0 -0.888715
    outer loop
      vertex 10.8187 -46.2 18.636
      vertex 9.31405 -47.2 17.8598
      vertex 9.31405 -46.2 17.8598
    endloop
  endfacet
  facet normal 0.557036 0 -0.830488
    outer loop
      vertex 10.8187 -47.2 18.636
      vertex 12.1383 -46.2 19.5211
      vertex 12.1383 -47.2 19.5211
    endloop
  endfacet
  facet normal 0.557036 0 -0.830488
    outer loop
      vertex 12.1383 -46.2 19.5211
      vertex 10.8187 -47.2 18.636
      vertex 10.8187 -46.2 18.636
    endloop
  endfacet
  facet normal 0.766302 0 -0.64248
    outer loop
      vertex 14.1354 -47.2 21.5558
      vertex 13.2502 -46.2 20.5
      vertex 14.1354 -46.2 21.5558
    endloop
  endfacet
  facet normal 0.766302 0 -0.64248
    outer loop
      vertex 13.2502 -46.2 20.5
      vertex 14.1354 -47.2 21.5558
      vertex 13.2502 -47.2 20.5
    endloop
  endfacet
  facet normal -0.278607 0 -0.960405
    outer loop
      vertex -7.65 -47.2 17.2058
      vertex -5.85506 -46.2 16.6851
      vertex -5.85506 -47.2 16.6851
    endloop
  endfacet
  facet normal -0.278607 0 -0.960405
    outer loop
      vertex -5.85506 -46.2 16.6851
      vertex -7.65 -47.2 17.2058
      vertex -7.65 -46.2 17.2058
    endloop
  endfacet
  facet normal -0.195805 0 -0.980643
    outer loop
      vertex -5.85506 -47.2 16.6851
      vertex -3.95993 -46.2 16.3067
      vertex -3.95993 -47.2 16.3067
    endloop
  endfacet
  facet normal -0.195805 0 -0.980643
    outer loop
      vertex -3.95993 -46.2 16.3067
      vertex -5.85506 -47.2 16.6851
      vertex -5.85506 -46.2 16.6851
    endloop
  endfacet
  facet normal -0.866136 0 -0.499808
    outer loop
      vertex -14.1354 -47.2 21.5558
      vertex -14.7787 -46.2 22.6706
      vertex -14.1354 -46.2 21.5558
    endloop
  endfacet
  facet normal -0.866136 -0 -0.499808
    outer loop
      vertex -14.7787 -46.2 22.6706
      vertex -14.1354 -47.2 21.5558
      vertex -14.7787 -47.2 22.6706
    endloop
  endfacet
  facet normal -0.766302 0 -0.64248
    outer loop
      vertex -13.2502 -47.2 20.5
      vertex -14.1354 -46.2 21.5558
      vertex -13.2502 -46.2 20.5
    endloop
  endfacet
  facet normal -0.766302 -0 -0.64248
    outer loop
      vertex -14.1354 -46.2 21.5558
      vertex -13.2502 -47.2 20.5
      vertex -14.1354 -47.2 21.5558
    endloop
  endfacet
  facet normal -0.557036 0 -0.830488
    outer loop
      vertex -12.1383 -47.2 19.5211
      vertex -10.8187 -46.2 18.636
      vertex -10.8187 -47.2 18.636
    endloop
  endfacet
  facet normal -0.557036 0 -0.830488
    outer loop
      vertex -10.8187 -46.2 18.636
      vertex -12.1383 -47.2 19.5211
      vertex -12.1383 -46.2 19.5211
    endloop
  endfacet
  facet normal -0.458459 0 -0.888715
    outer loop
      vertex -10.8187 -47.2 18.636
      vertex -9.31405 -46.2 17.8598
      vertex -9.31405 -47.2 17.8598
    endloop
  endfacet
  facet normal -0.458459 0 -0.888715
    outer loop
      vertex -9.31405 -46.2 17.8598
      vertex -10.8187 -47.2 18.636
      vertex -10.8187 -46.2 18.636
    endloop
  endfacet
  facet normal -0.923891 -0.382656 0
    outer loop
      vertex -55.732 -27 10
      vertex -55.9318 -26.5176 22
      vertex -55.9318 -26.5176 10
    endloop
  endfacet
  facet normal -0.923891 -0.382656 0
    outer loop
      vertex -55.9318 -26.5176 22
      vertex -55.732 -27 10
      vertex -55.732 -27 22
    endloop
  endfacet
  facet normal -0.793378 -0.608729 0
    outer loop
      vertex -55.4142 -27.4142 10
      vertex -55.732 -27 22
      vertex -55.732 -27 10
    endloop
  endfacet
  facet normal -0.793378 -0.608729 0
    outer loop
      vertex -55.732 -27 22
      vertex -55.4142 -27.4142 10
      vertex -55.4142 -27.4142 22
    endloop
  endfacet
  facet normal 0 -1 0
    outer loop
      vertex -54 -28 10
      vertex -35 -28 22
      vertex -54 -28 22
    endloop
  endfacet
  facet normal 0 -1 -0
    outer loop
      vertex -35 -28 22
      vertex -54 -28 10
      vertex -35 -28 10
    endloop
  endfacet
  facet normal 0.608777 0.793341 -0
    outer loop
      vertex -0.5858 -0.5858 19
      vertex -1 -0.26796 22
      vertex -0.5858 -0.5858 22
    endloop
  endfacet
  facet normal 0.608777 0.793341 0
    outer loop
      vertex -1 -0.26796 22
      vertex -0.5858 -0.5858 19
      vertex -1 -0.26796 19
    endloop
  endfacet
  facet normal 0.608777 0.793341 -0
    outer loop
      vertex -0.5858 -0.5858 10
      vertex -1 -0.26796 13
      vertex -0.5858 -0.5858 13
    endloop
  endfacet
  facet normal 0.608777 0.793341 0
    outer loop
      vertex -1 -0.26796 13
      vertex -0.5858 -0.5858 10
      vertex -1 -0.26796 10
    endloop
  endfacet
  facet normal 0.991441 0.130554 0
    outer loop
      vertex 0 -2 22
      vertex -0.068161 -1.48238 19
      vertex -0.068161 -1.48238 22
    endloop
  endfacet
  facet normal 0.991441 0.130554 0
    outer loop
      vertex -0.068161 -1.48238 19
      vertex 0 -2 22
      vertex 0 -2 19
    endloop
  endfacet
  facet normal 0.991441 0.130554 0
    outer loop
      vertex 0 -2 13
      vertex -0.068161 -1.48238 10
      vertex -0.068161 -1.48238 13
    endloop
  endfacet
  facet normal 0.991441 0.130554 0
    outer loop
      vertex -0.068161 -1.48238 10
      vertex 0 -2 13
      vertex 0 -2 10
    endloop
  endfacet
  facet normal 0 0 1
    outer loop
      vertex -2 0 22
      vertex 0 -2 22
      vertex -0.068161 -1.48238 22
    endloop
  endfacet
  facet normal 0 0 1
    outer loop
      vertex -2 0 22
      vertex -0.068161 -1.48238 22
      vertex -0.26796 -1 22
    endloop
  endfacet
  facet normal 0 0 1
    outer loop
      vertex -2 0 22
      vertex -0.26796 -1 22
      vertex -0.5858 -0.5858 22
    endloop
  endfacet
  facet normal 0 0 1
    outer loop
      vertex -2 0 22
      vertex -0.5858 -0.5858 22
      vertex -1 -0.26796 22
    endloop
  endfacet
  facet normal 0 0 1
    outer loop
      vertex -2 0 22
      vertex -1 -0.26796 22
      vertex -1.48238 -0.068161 22
    endloop
  endfacet
  facet normal 0 0 1
    outer loop
      vertex 0 -2 22
      vertex -2 0 22
      vertex 0 -26 22
    endloop
  endfacet
  facet normal 0 0 1
    outer loop
      vertex -2 0 22
      vertex -35 -26 22
      vertex 0 -26 22
    endloop
  endfacet
  facet normal -0 0 1
    outer loop
      vertex -54 0 22
      vertex -35 -26 22
      vertex -2 0 22
    endloop
  endfacet
  facet normal -0 0 1
    outer loop
      vertex -56 -2 22
      vertex -35 -26 22
      vertex -54 0 22
    endloop
  endfacet
  facet normal 0 0 1
    outer loop
      vertex -56 -26 22
      vertex -35 -26 22
      vertex -56 -2 22
    endloop
  endfacet
  facet normal 0 0 1
    outer loop
      vertex -56 -2 22
      vertex -54 0 22
      vertex -54.5176 -0.068161 22
    endloop
  endfacet
  facet normal 0 -0 1
    outer loop
      vertex -54 -28 22
      vertex -35 -26 22
      vertex -56 -26 22
    endloop
  endfacet
  facet normal 0 0 1
    outer loop
      vertex -56 -2 22
      vertex -54.5176 -0.068161 22
      vertex -55 -0.26796 22
    endloop
  endfacet
  facet normal 0 0 1
    outer loop
      vertex -35 -26 22
      vertex -54 -28 22
      vertex -35 -28 22
    endloop
  endfacet
  facet normal 0 0 1
    outer loop
      vertex -56 -2 22
      vertex -55 -0.26796 22
      vertex -55.4142 -0.5858 22
    endloop
  endfacet
  facet normal 0 0 1
    outer loop
      vertex -54 -28 22
      vertex -56 -26 22
      vertex -54.5176 -27.9318 22
    endloop
  endfacet
  facet normal 0 0 1
    outer loop
      vertex -56 -2 22
      vertex -55.4142 -0.5858 22
      vertex -55.732 -1 22
    endloop
  endfacet
  facet normal 0 0 1
    outer loop
      vertex -54.5176 -27.9318 22
      vertex -56 -26 22
      vertex -55 -27.732 22
    endloop
  endfacet
  facet normal 0 0 1
    outer loop
      vertex -56 -2 22
      vertex -55.732 -1 22
      vertex -55.9318 -1.48238 22
    endloop
  endfacet
  facet normal 0 0 1
    outer loop
      vertex -55 -27.732 22
      vertex -56 -26 22
      vertex -55.4142 -27.4142 22
    endloop
  endfacet
  facet normal 0 0 1
    outer loop
      vertex -55.4142 -27.4142 22
      vertex -56 -26 22
      vertex -55.732 -27 22
    endloop
  endfacet
  facet normal 0 0 1
    outer loop
      vertex -55.732 -27 22
      vertex -56 -26 22
      vertex -55.9318 -26.5176 22
    endloop
  endfacet
  facet normal -0.991431 0.130628 0
    outer loop
      vertex -56 -2 10
      vertex -55.9318 -1.48238 22
      vertex -55.9318 -1.48238 10
    endloop
  endfacet
  facet normal -0.991431 0.130628 0
    outer loop
      vertex -55.9318 -1.48238 22
      vertex -56 -2 10
      vertex -56 -2 22
    endloop
  endfacet
  facet normal 1 0 0
    outer loop
      vertex 0 -2 22
      vertex 0 -8 19
      vertex 0 -2 19
    endloop
  endfacet
  facet normal 1 0 0
    outer loop
      vertex 0 -8 19
      vertex 0 -26 22
      vertex 0 -8 13
    endloop
  endfacet
  facet normal 1 -0 0
    outer loop
      vertex 0 -26 22
      vertex 0 -8 19
      vertex 0 -2 22
    endloop
  endfacet
  facet normal 1 -0 0
    outer loop
      vertex 0 -8 13
      vertex 0 -2 10
      vertex 0 -2 13
    endloop
  endfacet
  facet normal 1 0 0
    outer loop
      vertex 0 -26 10
      vertex 0 -8 13
      vertex 0 -26 22
    endloop
  endfacet
  facet normal 1 0 0
    outer loop
      vertex 0 -8 13
      vertex 0 -26 10
      vertex 0 -2 10
    endloop
  endfacet
  facet normal -0.608729 -0.793378 0
    outer loop
      vertex -55.4142 -27.4142 10
      vertex -55 -27.732 22
      vertex -55.4142 -27.4142 22
    endloop
  endfacet
  facet normal -0.608729 -0.793378 -0
    outer loop
      vertex -55 -27.732 22
      vertex -55.4142 -27.4142 10
      vertex -55 -27.732 10
    endloop
  endfacet
  facet normal -0.991431 -0.130633 0
    outer loop
      vertex -55.9318 -26.5176 10
      vertex -56 -26 22
      vertex -56 -26 10
    endloop
  endfacet
  facet normal -0.991431 -0.130633 0
    outer loop
      vertex -56 -26 22
      vertex -55.9318 -26.5176 10
      vertex -55.9318 -26.5176 22
    endloop
  endfacet
  facet normal -1 0 0
    outer loop
      vertex -56 -26 10
      vertex -56 -2 22
      vertex -56 -2 10
    endloop
  endfacet
  facet normal -1 -0 0
    outer loop
      vertex -56 -2 22
      vertex -56 -26 10
      vertex -56 -26 22
    endloop
  endfacet
  facet normal -0.793378 0.608729 0
    outer loop
      vertex -55.732 -1 10
      vertex -55.4142 -0.5858 22
      vertex -55.4142 -0.5858 10
    endloop
  endfacet
  facet normal -0.793378 0.608729 0
    outer loop
      vertex -55.4142 -0.5858 22
      vertex -55.732 -1 10
      vertex -55.732 -1 22
    endloop
  endfacet
  facet normal -0.608777 0.793341 0
    outer loop
      vertex -55 -0.26796 10
      vertex -55.4142 -0.5858 22
      vertex -55 -0.26796 22
    endloop
  endfacet
  facet normal -0.608777 0.793341 0
    outer loop
      vertex -55.4142 -0.5858 22
      vertex -55 -0.26796 10
      vertex -55.4142 -0.5858 10
    endloop
  endfacet
  facet normal 0.793341 0.608777 0
    outer loop
      vertex -0.26796 -1 22
      vertex -0.5858 -0.5858 19
      vertex -0.5858 -0.5858 22
    endloop
  endfacet
  facet normal 0.793341 0.608777 0
    outer loop
      vertex -0.5858 -0.5858 19
      vertex -0.26796 -1 22
      vertex -0.26796 -1 19
    endloop
  endfacet
  facet normal 0.793341 0.608777 0
    outer loop
      vertex -0.26796 -1 13
      vertex -0.5858 -0.5858 10
      vertex -0.5858 -0.5858 13
    endloop
  endfacet
  facet normal 0.793341 0.608777 0
    outer loop
      vertex -0.5858 -0.5858 10
      vertex -0.26796 -1 13
      vertex -0.26796 -1 10
    endloop
  endfacet
  facet normal 0.130554 0.991441 -0
    outer loop
      vertex -1.48238 -0.068161 10
      vertex -2 0 13
      vertex -1.48238 -0.068161 13
    endloop
  endfacet
  facet normal 0.130554 0.991441 0
    outer loop
      vertex -2 0 13
      vertex -1.48238 -0.068161 10
      vertex -2 0 10
    endloop
  endfacet
  facet normal 0.130554 0.991441 -0
    outer loop
      vertex -1.48238 -0.068161 19
      vertex -2 0 22
      vertex -1.48238 -0.068161 22
    endloop
  endfacet
  facet normal 0.130554 0.991441 0
    outer loop
      vertex -2 0 22
      vertex -1.48238 -0.068161 19
      vertex -2 0 19
    endloop
  endfacet
  facet normal 0 1 0
    outer loop
      vertex -2 0 13
      vertex -2 0 10
      vertex -37.5 0 13
    endloop
  endfacet
  facet normal 0 1 0
    outer loop
      vertex -37.5 0 19
      vertex -2 0 22
      vertex -2 0 19
    endloop
  endfacet
  facet normal 0 1 0
    outer loop
      vertex -2 0 22
      vertex -37.5 0 19
      vertex -54 0 22
    endloop
  endfacet
  facet normal 0 1 -0
    outer loop
      vertex -37.5 0 13
      vertex -54 0 22
      vertex -37.5 0 19
    endloop
  endfacet
  facet normal 0 1 0
    outer loop
      vertex -37.5 0 13
      vertex -54 0 10
      vertex -54 0 22
    endloop
  endfacet
  facet normal 0 1 0
    outer loop
      vertex -54 0 10
      vertex -37.5 0 13
      vertex -2 0 10
    endloop
  endfacet
  facet normal 0.923886 0.382668 0
    outer loop
      vertex -0.068161 -1.48238 13
      vertex -0.26796 -1 10
      vertex -0.26796 -1 13
    endloop
  endfacet
  facet normal 0.923886 0.382668 0
    outer loop
      vertex -0.26796 -1 10
      vertex -0.068161 -1.48238 13
      vertex -0.068161 -1.48238 10
    endloop
  endfacet
  facet normal 0.923886 0.382668 0
    outer loop
      vertex -0.068161 -1.48238 22
      vertex -0.26796 -1 19
      vertex -0.26796 -1 22
    endloop
  endfacet
  facet normal 0.923886 0.382668 0
    outer loop
      vertex -0.26796 -1 19
      vertex -0.068161 -1.48238 22
      vertex -0.068161 -1.48238 19
    endloop
  endfacet
  facet normal -0.923885 0.38267 0
    outer loop
      vertex -55.9318 -1.48238 10
      vertex -55.732 -1 22
      vertex -55.732 -1 10
    endloop
  endfacet
  facet normal -0.923885 0.38267 0
    outer loop
      vertex -55.732 -1 22
      vertex -55.9318 -1.48238 10
      vertex -55.9318 -1.48238 22
    endloop
  endfacet
  facet normal 0.382668 0.923886 -0
    outer loop
      vertex -1 -0.26796 19
      vertex -1.48238 -0.068161 22
      vertex -1 -0.26796 22
    endloop
  endfacet
  facet normal 0.382668 0.923886 0
    outer loop
      vertex -1.48238 -0.068161 22
      vertex -1 -0.26796 19
      vertex -1.48238 -0.068161 19
    endloop
  endfacet
  facet normal 0.382668 0.923886 -0
    outer loop
      vertex -1 -0.26796 10
      vertex -1.48238 -0.068161 13
      vertex -1 -0.26796 13
    endloop
  endfacet
  facet normal 0.382668 0.923886 0
    outer loop
      vertex -1.48238 -0.068161 13
      vertex -1 -0.26796 10
      vertex -1.48238 -0.068161 10
    endloop
  endfacet
  facet normal -0.382655 0.923891 0
    outer loop
      vertex -54.5176 -0.068161 10
      vertex -55 -0.26796 22
      vertex -54.5176 -0.068161 22
    endloop
  endfacet
  facet normal -0.382655 0.923891 0
    outer loop
      vertex -55 -0.26796 22
      vertex -54.5176 -0.068161 10
      vertex -55 -0.26796 10
    endloop
  endfacet
  facet normal -0.130559 0.99144 0
    outer loop
      vertex -54 0 10
      vertex -54.5176 -0.068161 22
      vertex -54 0 22
    endloop
  endfacet
  facet normal -0.130559 0.99144 0
    outer loop
      vertex -54.5176 -0.068161 22
      vertex -54 0 10
      vertex -54.5176 -0.068161 10
    endloop
  endfacet
  facet normal -0.382656 -0.923891 0
    outer loop
      vertex -55 -27.732 10
      vertex -54.5176 -27.9318 22
      vertex -55 -27.732 22
    endloop
  endfacet
  facet normal -0.382656 -0.923891 -0
    outer loop
      vertex -54.5176 -27.9318 22
      vertex -55 -27.732 10
      vertex -54.5176 -27.9318 10
    endloop
  endfacet
  facet normal -0.130633 -0.991431 0
    outer loop
      vertex -54.5176 -27.9318 10
      vertex -54 -28 22
      vertex -54.5176 -27.9318 22
    endloop
  endfacet
  facet normal -0.130633 -0.991431 -0
    outer loop
      vertex -54 -28 22
      vertex -54.5176 -27.9318 10
      vertex -54 -28 10
    endloop
  endfacet
  facet normal -1 0 0
    outer loop
      vertex -37.5 0 13
      vertex -37.5 8 19
      vertex -37.5 8 13
    endloop
  endfacet
  facet normal -1 -0 0
    outer loop
      vertex -37.5 8 19
      vertex -37.5 0 13
      vertex -37.5 0 19
    endloop
  endfacet
  facet normal 0 0 1
    outer loop
      vertex 37.5 8 19
      vertex 0 -2 19
      vertex 37.5 -8 19
    endloop
  endfacet
  facet normal 0 0 1
    outer loop
      vertex 37.5 8 19
      vertex -0.068161 -1.48238 19
      vertex 0 -2 19
    endloop
  endfacet
  facet normal 0 0 1
    outer loop
      vertex 37.5 8 19
      vertex -0.26796 -1 19
      vertex -0.068161 -1.48238 19
    endloop
  endfacet
  facet normal 0 0 1
    outer loop
      vertex 37.5 8 19
      vertex -0.5858 -0.5858 19
      vertex -0.26796 -1 19
    endloop
  endfacet
  facet normal 0 0 1
    outer loop
      vertex 37.5 8 19
      vertex -1 -0.26796 19
      vertex -0.5858 -0.5858 19
    endloop
  endfacet
  facet normal 0 0 1
    outer loop
      vertex 37.5 8 19
      vertex -1.48238 -0.068161 19
      vertex -1 -0.26796 19
    endloop
  endfacet
  facet normal 0 0 1
    outer loop
      vertex 37.5 8 19
      vertex -2 0 19
      vertex -1.48238 -0.068161 19
    endloop
  endfacet
  facet normal -0 0 1
    outer loop
      vertex -37.5 8 19
      vertex -2 0 19
      vertex 37.5 8 19
    endloop
  endfacet
  facet normal 0 0 1
    outer loop
      vertex -2 0 19
      vertex -37.5 8 19
      vertex -37.5 0 19
    endloop
  endfacet
  facet normal 0 0 1
    outer loop
      vertex 37.5 -8 19
      vertex 0 -2 19
      vertex 0 -8 19
    endloop
  endfacet
  facet normal 1 -0 0
    outer loop
      vertex 37.5 -8 19
      vertex 37.5 8 13
      vertex 37.5 8 19
    endloop
  endfacet
  facet normal 1 0 0
    outer loop
      vertex 37.5 8 13
      vertex 37.5 -8 19
      vertex 37.5 -8 13
    endloop
  endfacet
  facet normal 0 1 -0
    outer loop
      vertex 37.5 8 13
      vertex -37.5 8 19
      vertex 37.5 8 19
    endloop
  endfacet
  facet normal 0 1 0
    outer loop
      vertex -37.5 8 19
      vertex 37.5 8 13
      vertex -37.5 8 13
    endloop
  endfacet
  facet normal 0 0 -1
    outer loop
      vertex 0 -2 13
      vertex 37.5 -8 13
      vertex 0 -8 13
    endloop
  endfacet
  facet normal 0 0 -1
    outer loop
      vertex 37.5 -8 13
      vertex 0 -2 13
      vertex 37.5 8 13
    endloop
  endfacet
  facet normal 0 0 -1
    outer loop
      vertex -0.068161 -1.48238 13
      vertex 37.5 8 13
      vertex 0 -2 13
    endloop
  endfacet
  facet normal 0 0 -1
    outer loop
      vertex -0.26796 -1 13
      vertex 37.5 8 13
      vertex -0.068161 -1.48238 13
    endloop
  endfacet
  facet normal 0 0 -1
    outer loop
      vertex -0.5858 -0.5858 13
      vertex 37.5 8 13
      vertex -0.26796 -1 13
    endloop
  endfacet
  facet normal 0 0 -1
    outer loop
      vertex -1 -0.26796 13
      vertex 37.5 8 13
      vertex -0.5858 -0.5858 13
    endloop
  endfacet
  facet normal 0 0 -1
    outer loop
      vertex -1.48238 -0.068161 13
      vertex 37.5 8 13
      vertex -1 -0.26796 13
    endloop
  endfacet
  facet normal 0 0 -1
    outer loop
      vertex -2 0 13
      vertex 37.5 8 13
      vertex -1.48238 -0.068161 13
    endloop
  endfacet
  facet normal 0 0 -1
    outer loop
      vertex -37.5 8 13
      vertex -2 0 13
      vertex -37.5 0 13
    endloop
  endfacet
  facet normal 0 0 -1
    outer loop
      vertex -2 0 13
      vertex -37.5 8 13
      vertex 37.5 8 13
    endloop
  endfacet
  facet normal 0 -1 0
    outer loop
      vertex 0 -8 13
      vertex 37.5 -8 19
      vertex 0 -8 19
    endloop
  endfacet
  facet normal 0 -1 -0
    outer loop
      vertex 37.5 -8 19
      vertex 0 -8 13
      vertex 37.5 -8 13
    endloop
  endfacet
  facet normal 0 -1 0
    outer loop
      vertex -12 38 40.5
      vertex 12 38 51
      vertex -12 38 51
    endloop
  endfacet
  facet normal 0 -1 -0
    outer loop
      vertex 12 38 51
      vertex -12 38 40.5
      vertex 12 38 40.5
    endloop
  endfacet
  facet normal 0 0 1
    outer loop
      vertex 12 60 64.5
      vertex 11.2177 56.3952 64.5
      vertex 12 56.2195 64.5
    endloop
  endfacet
  facet normal 0 0 1
    outer loop
      vertex 12 60 64.5
      vertex 8.437 56.8776 64.5
      vertex 11.2177 56.3952 64.5
    endloop
  endfacet
  facet normal 0 0 1
    outer loop
      vertex 12 60 64.5
      vertex 5.63599 57.2231 64.5
      vertex 8.437 56.8776 64.5
    endloop
  endfacet
  facet normal 0 0 1
    outer loop
      vertex 12 60 64.5
      vertex 2.82139 57.4307 64.5
      vertex 5.63599 57.2231 64.5
    endloop
  endfacet
  facet normal 0 0 1
    outer loop
      vertex 12 60 64.5
      vertex 0 57.5 64.5
      vertex 2.82139 57.4307 64.5
    endloop
  endfacet
  facet normal -0 0 1
    outer loop
      vertex -12 60 64.5
      vertex 0 57.5 64.5
      vertex 12 60 64.5
    endloop
  endfacet
  facet normal 0 0 1
    outer loop
      vertex 0 57.5 64.5
      vertex -12 60 64.5
      vertex -2.82139 57.4307 64.5
    endloop
  endfacet
  facet normal 0 0 1
    outer loop
      vertex -2.82139 57.4307 64.5
      vertex -12 60 64.5
      vertex -5.63599 57.2231 64.5
    endloop
  endfacet
  facet normal 0 0 1
    outer loop
      vertex -5.63599 57.2231 64.5
      vertex -12 60 64.5
      vertex -8.437 56.8776 64.5
    endloop
  endfacet
  facet normal 0 0 1
    outer loop
      vertex -12 60 64.5
      vertex -11.2177 56.3952 64.5
      vertex -8.437 56.8776 64.5
    endloop
  endfacet
  facet normal 0 0 1
    outer loop
      vertex -11.2177 56.3952 64.5
      vertex -12 60 64.5
      vertex -12 56.2195 64.5
    endloop
  endfacet
  facet normal 0 1 0
    outer loop
      vertex 12 60 64.5
      vertex 0 60 56
      vertex -12 60 64.5
    endloop
  endfacet
  facet normal 0 1 0
    outer loop
      vertex 12 60 64.5
      vertex 0.682816 60 55.9327
      vertex 0 60 56
    endloop
  endfacet
  facet normal 0 1 0
    outer loop
      vertex 12 60 64.5
      vertex 1.33939 60 55.7336
      vertex 0.682816 60 55.9327
    endloop
  endfacet
  facet normal 0 1 0
    outer loop
      vertex 12 60 64.5
      vertex 1.9445 60 55.4101
      vertex 1.33939 60 55.7336
    endloop
  endfacet
  facet normal 0 1 0
    outer loop
      vertex 12 60 64.5
      vertex 2.47487 60 54.9749
      vertex 1.9445 60 55.4101
    endloop
  endfacet
  facet normal 0 1 0
    outer loop
      vertex 12 60 64.5
      vertex 2.91014 60 54.4445
      vertex 2.47487 60 54.9749
    endloop
  endfacet
  facet normal 0 1 0
    outer loop
      vertex 12 60 64.5
      vertex 3.23358 60 53.8394
      vertex 2.91014 60 54.4445
    endloop
  endfacet
  facet normal 0 1 0
    outer loop
      vertex 12 60 64.5
      vertex 3.43275 60 53.1828
      vertex 3.23358 60 53.8394
    endloop
  endfacet
  facet normal 0 1 0
    outer loop
      vertex 12 60 64.5
      vertex 3.5 60 52.5
      vertex 3.43275 60 53.1828
    endloop
  endfacet
  facet normal 0 1 -0
    outer loop
      vertex 12 60 40.5
      vertex 3.5 60 52.5
      vertex 12 60 64.5
    endloop
  endfacet
  facet normal 0 1 0
    outer loop
      vertex 3.5 60 52.5
      vertex 12 60 40.5
      vertex 3.43275 60 51.8172
    endloop
  endfacet
  facet normal 0 1 0
    outer loop
      vertex 3.43275 60 51.8172
      vertex 12 60 40.5
      vertex 3.23358 60 51.1606
    endloop
  endfacet
  facet normal 0 1 0
    outer loop
      vertex 0.682816 60 49.0673
      vertex 12 60 40.5
      vertex 0 60 49
    endloop
  endfacet
  facet normal 0 1 0
    outer loop
      vertex 1.33939 60 49.2664
      vertex 12 60 40.5
      vertex 0.682816 60 49.0673
    endloop
  endfacet
  facet normal 0 1 0
    outer loop
      vertex 1.9445 60 49.5899
      vertex 12 60 40.5
      vertex 1.33939 60 49.2664
    endloop
  endfacet
  facet normal 0 1 0
    outer loop
      vertex 2.47487 60 50.0251
      vertex 12 60 40.5
      vertex 1.9445 60 49.5899
    endloop
  endfacet
  facet normal 0 1 0
    outer loop
      vertex 2.91014 60 50.5555
      vertex 12 60 40.5
      vertex 2.47487 60 50.0251
    endloop
  endfacet
  facet normal 0 1 0
    outer loop
      vertex 3.23358 60 51.1606
      vertex 12 60 40.5
      vertex 2.91014 60 50.5555
    endloop
  endfacet
  facet normal 0 1 -0
    outer loop
      vertex -0.682816 60 55.9327
      vertex -12 60 64.5
      vertex 0 60 56
    endloop
  endfacet
  facet normal 0 1 -0
    outer loop
      vertex -1.33939 60 55.7336
      vertex -12 60 64.5
      vertex -0.682816 60 55.9327
    endloop
  endfacet
  facet normal 0 1 -0
    outer loop
      vertex -1.9445 60 55.4101
      vertex -12 60 64.5
      vertex -1.33939 60 55.7336
    endloop
  endfacet
  facet normal 0 1 -0
    outer loop
      vertex -2.47487 60 54.9749
      vertex -12 60 64.5
      vertex -1.9445 60 55.4101
    endloop
  endfacet
  facet normal 0 1 -0
    outer loop
      vertex -2.91014 60 54.4445
      vertex -12 60 64.5
      vertex -2.47487 60 54.9749
    endloop
  endfacet
  facet normal 0 1 -0
    outer loop
      vertex -3.23358 60 53.8394
      vertex -12 60 64.5
      vertex -2.91014 60 54.4445
    endloop
  endfacet
  facet normal 0 1 -0
    outer loop
      vertex -3.43275 60 53.1828
      vertex -12 60 64.5
      vertex -3.23358 60 53.8394
    endloop
  endfacet
  facet normal 0 1 -0
    outer loop
      vertex -3.5 60 52.5
      vertex -12 60 64.5
      vertex -3.43275 60 53.1828
    endloop
  endfacet
  facet normal 0 1 0
    outer loop
      vertex -12 60 40.5
      vertex -3.5 60 52.5
      vertex -3.43275 60 51.8172
    endloop
  endfacet
  facet normal 0 1 0
    outer loop
      vertex -12 60 40.5
      vertex -3.43275 60 51.8172
      vertex -3.23358 60 51.1606
    endloop
  endfacet
  facet normal 0 1 0
    outer loop
      vertex -12 60 40.5
      vertex -3.23358 60 51.1606
      vertex -2.91014 60 50.5555
    endloop
  endfacet
  facet normal 0 1 0
    outer loop
      vertex -12 60 40.5
      vertex 0 60 49
      vertex 12 60 40.5
    endloop
  endfacet
  facet normal 0 1 0
    outer loop
      vertex 0 60 49
      vertex -12 60 40.5
      vertex -0.682816 60 49.0673
    endloop
  endfacet
  facet normal 0 1 0
    outer loop
      vertex -0.682816 60 49.0673
      vertex -12 60 40.5
      vertex -1.33939 60 49.2664
    endloop
  endfacet
  facet normal 0 1 0
    outer loop
      vertex -3.5 60 52.5
      vertex -12 60 40.5
      vertex -12 60 64.5
    endloop
  endfacet
  facet normal 0 1 0
    outer loop
      vertex -2.47487 60 50.0251
      vertex -12 60 40.5
      vertex -2.91014 60 50.5555
    endloop
  endfacet
  facet normal 0 1 0
    outer loop
      vertex -1.9445 60 49.5899
      vertex -12 60 40.5
      vertex -2.47487 60 50.0251
    endloop
  endfacet
  facet normal 0 1 0
    outer loop
      vertex -1.33939 60 49.2664
      vertex -12 60 40.5
      vertex -1.9445 60 49.5899
    endloop
  endfacet
  facet normal -1 0 0
    outer loop
      vertex -12 60 40.5
      vertex -12 56.2195 51
      vertex -12 60 64.5
    endloop
  endfacet
  facet normal -1 0 0
    outer loop
      vertex -12 38 40.5
      vertex -12 56.2195 51
      vertex -12 60 40.5
    endloop
  endfacet
  facet normal -1 -0 0
    outer loop
      vertex -12 56.2195 51
      vertex -12 38 40.5
      vertex -12 38 51
    endloop
  endfacet
  facet normal -1 -0 0
    outer loop
      vertex -12 60 64.5
      vertex -12 56.2195 51
      vertex -12 56.2195 64.5
    endloop
  endfacet
  facet normal 0 0 -1
    outer loop
      vertex -12 38 40.5
      vertex 12 60 40.5
      vertex 12 38 40.5
    endloop
  endfacet
  facet normal -0 0 -1
    outer loop
      vertex 12 60 40.5
      vertex -12 38 40.5
      vertex -12 60 40.5
    endloop
  endfacet
  facet normal 1 0 0
    outer loop
      vertex 12 56.2195 51
      vertex 12 60 64.5
      vertex 12 56.2195 64.5
    endloop
  endfacet
  facet normal 1 0 0
    outer loop
      vertex 12 60 64.5
      vertex 12 56.2195 51
      vertex 12 60 40.5
    endloop
  endfacet
  facet normal 1 0 0
    outer loop
      vertex 12 38 40.5
      vertex 12 56.2195 51
      vertex 12 38 51
    endloop
  endfacet
  facet normal 1 0 0
    outer loop
      vertex 12 56.2195 51
      vertex 12 38 40.5
      vertex 12 60 40.5
    endloop
  endfacet
  facet normal -0.0980871 0 -0.995178
    outer loop
      vertex -0.682816 60 49.0673
      vertex 0 71 49
      vertex 0 60 49
    endloop
  endfacet
  facet normal -0.0980871 0 -0.995178
    outer loop
      vertex 0 71 49
      vertex -0.682816 60 49.0673
      vertex -0.682816 71 49.0673
    endloop
  endfacet
  facet normal -0.0980871 0 0.995178
    outer loop
      vertex -0.682816 71 55.9327
      vertex 0 60 56
      vertex 0 71 56
    endloop
  endfacet
  facet normal -0.0980871 0 0.995178
    outer loop
      vertex 0 60 56
      vertex -0.682816 71 55.9327
      vertex -0.682816 60 55.9327
    endloop
  endfacet
  facet normal 0.995185 -0 0.0980172
    outer loop
      vertex 3.43275 60 53.1828
      vertex 3.5 71 52.5
      vertex 3.43275 71 53.1828
    endloop
  endfacet
  facet normal 0.995185 0 0.0980172
    outer loop
      vertex 3.5 71 52.5
      vertex 3.43275 60 53.1828
      vertex 3.5 60 52.5
    endloop
  endfacet
  facet normal 0.634338 0 0.773056
    outer loop
      vertex 1.9445 71 55.4101
      vertex 2.47487 60 54.9749
      vertex 2.47487 71 54.9749
    endloop
  endfacet
  facet normal 0.634338 0 0.773056
    outer loop
      vertex 2.47487 60 54.9749
      vertex 1.9445 71 55.4101
      vertex 1.9445 60 55.4101
    endloop
  endfacet
  facet normal -0.290192 0 -0.956968
    outer loop
      vertex -1.33939 60 49.2664
      vertex -0.682816 71 49.0673
      vertex -0.682816 60 49.0673
    endloop
  endfacet
  facet normal -0.290192 0 -0.956968
    outer loop
      vertex -0.682816 71 49.0673
      vertex -1.33939 60 49.2664
      vertex -1.33939 71 49.2664
    endloop
  endfacet
  facet normal -0.773023 0 0.634378
    outer loop
      vertex -2.91014 60 54.4445
      vertex -2.47487 71 54.9749
      vertex -2.91014 71 54.4445
    endloop
  endfacet
  facet normal -0.773023 0 0.634378
    outer loop
      vertex -2.47487 71 54.9749
      vertex -2.91014 60 54.4445
      vertex -2.47487 60 54.9749
    endloop
  endfacet
  facet normal -0.956943 0 0.290275
    outer loop
      vertex -3.43275 60 53.1828
      vertex -3.23358 71 53.8394
      vertex -3.43275 71 53.1828
    endloop
  endfacet
  facet normal -0.956943 0 0.290275
    outer loop
      vertex -3.23358 71 53.8394
      vertex -3.43275 60 53.1828
      vertex -3.23358 60 53.8394
    endloop
  endfacet
  facet normal 0.290192 0 0.956968
    outer loop
      vertex 0.682816 71 55.9327
      vertex 1.33939 60 55.7336
      vertex 1.33939 71 55.7336
    endloop
  endfacet
  facet normal 0.290192 0 0.956968
    outer loop
      vertex 1.33939 60 55.7336
      vertex 0.682816 71 55.9327
      vertex 0.682816 60 55.9327
    endloop
  endfacet
  facet normal -0.471467 0 -0.881884
    outer loop
      vertex -1.9445 60 49.5899
      vertex -1.33939 71 49.2664
      vertex -1.33939 60 49.2664
    endloop
  endfacet
  facet normal -0.471467 0 -0.881884
    outer loop
      vertex -1.33939 71 49.2664
      vertex -1.9445 60 49.5899
      vertex -1.9445 71 49.5899
    endloop
  endfacet
  facet normal -0.956943 0 -0.290275
    outer loop
      vertex -3.23358 60 51.1606
      vertex -3.43275 71 51.8172
      vertex -3.23358 71 51.1606
    endloop
  endfacet
  facet normal -0.956943 -0 -0.290275
    outer loop
      vertex -3.43275 71 51.8172
      vertex -3.23358 60 51.1606
      vertex -3.43275 60 51.8172
    endloop
  endfacet
  facet normal -0.773023 0 -0.634378
    outer loop
      vertex -2.47487 60 50.0251
      vertex -2.91014 71 50.5555
      vertex -2.47487 71 50.0251
    endloop
  endfacet
  facet normal -0.773023 -0 -0.634378
    outer loop
      vertex -2.91014 71 50.5555
      vertex -2.47487 60 50.0251
      vertex -2.91014 60 50.5555
    endloop
  endfacet
  facet normal -0.471467 0 0.881884
    outer loop
      vertex -1.9445 71 55.4101
      vertex -1.33939 60 55.7336
      vertex -1.33939 71 55.7336
    endloop
  endfacet
  facet normal -0.471467 0 0.881884
    outer loop
      vertex -1.33939 60 55.7336
      vertex -1.9445 71 55.4101
      vertex -1.9445 60 55.4101
    endloop
  endfacet
  facet normal -0.634338 0 0.773056
    outer loop
      vertex -2.47487 71 54.9749
      vertex -1.9445 60 55.4101
      vertex -1.9445 71 55.4101
    endloop
  endfacet
  facet normal -0.634338 0 0.773056
    outer loop
      vertex -1.9445 60 55.4101
      vertex -2.47487 71 54.9749
      vertex -2.47487 60 54.9749
    endloop
  endfacet
  facet normal -0.290192 0 0.956968
    outer loop
      vertex -1.33939 71 55.7336
      vertex -0.682816 60 55.9327
      vertex -0.682816 71 55.9327
    endloop
  endfacet
  facet normal -0.290192 0 0.956968
    outer loop
      vertex -0.682816 60 55.9327
      vertex -1.33939 71 55.7336
      vertex -1.33939 60 55.7336
    endloop
  endfacet
  facet normal -0.881917 0 0.471405
    outer loop
      vertex -3.23358 60 53.8394
      vertex -2.91014 71 54.4445
      vertex -3.23358 71 53.8394
    endloop
  endfacet
  facet normal -0.881917 0 0.471405
    outer loop
      vertex -2.91014 71 54.4445
      vertex -3.23358 60 53.8394
      vertex -2.91014 60 54.4445
    endloop
  endfacet
  facet normal -0.995185 0 0.0980172
    outer loop
      vertex -3.5 60 52.5
      vertex -3.43275 71 53.1828
      vertex -3.5 71 52.5
    endloop
  endfacet
  facet normal -0.995185 0 0.0980172
    outer loop
      vertex -3.43275 71 53.1828
      vertex -3.5 60 52.5
      vertex -3.43275 60 53.1828
    endloop
  endfacet
  facet normal 0.995185 0 -0.0980172
    outer loop
      vertex 3.5 60 52.5
      vertex 3.43275 71 51.8172
      vertex 3.5 71 52.5
    endloop
  endfacet
  facet normal 0.995185 0 -0.0980172
    outer loop
      vertex 3.43275 71 51.8172
      vertex 3.5 60 52.5
      vertex 3.43275 60 51.8172
    endloop
  endfacet
  facet normal 0.881917 0 -0.471405
    outer loop
      vertex 3.23358 60 51.1606
      vertex 2.91014 71 50.5555
      vertex 3.23358 71 51.1606
    endloop
  endfacet
  facet normal 0.881917 0 -0.471405
    outer loop
      vertex 2.91014 71 50.5555
      vertex 3.23358 60 51.1606
      vertex 2.91014 60 50.5555
    endloop
  endfacet
  facet normal 0.290192 0 -0.956968
    outer loop
      vertex 0.682816 60 49.0673
      vertex 1.33939 71 49.2664
      vertex 1.33939 60 49.2664
    endloop
  endfacet
  facet normal 0.290192 0 -0.956968
    outer loop
      vertex 1.33939 71 49.2664
      vertex 0.682816 60 49.0673
      vertex 0.682816 71 49.0673
    endloop
  endfacet
  facet normal 0.881917 -0 0.471405
    outer loop
      vertex 2.91014 60 54.4445
      vertex 3.23358 71 53.8394
      vertex 2.91014 71 54.4445
    endloop
  endfacet
  facet normal 0.881917 0 0.471405
    outer loop
      vertex 3.23358 71 53.8394
      vertex 2.91014 60 54.4445
      vertex 3.23358 60 53.8394
    endloop
  endfacet
  facet normal 0.773023 -0 0.634378
    outer loop
      vertex 2.47487 60 54.9749
      vertex 2.91014 71 54.4445
      vertex 2.47487 71 54.9749
    endloop
  endfacet
  facet normal 0.773023 0 0.634378
    outer loop
      vertex 2.91014 71 54.4445
      vertex 2.47487 60 54.9749
      vertex 2.91014 60 54.4445
    endloop
  endfacet
  facet normal 0.956943 -0 0.290275
    outer loop
      vertex 3.23358 60 53.8394
      vertex 3.43275 71 53.1828
      vertex 3.23358 71 53.8394
    endloop
  endfacet
  facet normal 0.956943 0 0.290275
    outer loop
      vertex 3.43275 71 53.1828
      vertex 3.23358 60 53.8394
      vertex 3.43275 60 53.1828
    endloop
  endfacet
  facet normal 0 1 0
    outer loop
      vertex 0.682816 71 55.9327
      vertex -0.682816 71 55.9327
      vertex 0 71 56
    endloop
  endfacet
  facet normal 0 1 0
    outer loop
      vertex 1.33939 71 55.7336
      vertex -0.682816 71 55.9327
      vertex 0.682816 71 55.9327
    endloop
  endfacet
  facet normal 0 1 0
    outer loop
      vertex 1.33939 71 55.7336
      vertex -1.33939 71 55.7336
      vertex -0.682816 71 55.9327
    endloop
  endfacet
  facet normal 0 1 0
    outer loop
      vertex 1.9445 71 55.4101
      vertex -1.33939 71 55.7336
      vertex 1.33939 71 55.7336
    endloop
  endfacet
  facet normal 0 1 0
    outer loop
      vertex 1.9445 71 55.4101
      vertex -1.9445 71 55.4101
      vertex -1.33939 71 55.7336
    endloop
  endfacet
  facet normal 0 1 0
    outer loop
      vertex 2.47487 71 54.9749
      vertex -1.9445 71 55.4101
      vertex 1.9445 71 55.4101
    endloop
  endfacet
  facet normal 0 1 0
    outer loop
      vertex 2.47487 71 54.9749
      vertex -2.47487 71 54.9749
      vertex -1.9445 71 55.4101
    endloop
  endfacet
  facet normal 0 1 0
    outer loop
      vertex 2.91014 71 54.4445
      vertex -2.47487 71 54.9749
      vertex 2.47487 71 54.9749
    endloop
  endfacet
  facet normal 0 1 0
    outer loop
      vertex 2.91014 71 54.4445
      vertex -2.91014 71 54.4445
      vertex -2.47487 71 54.9749
    endloop
  endfacet
  facet normal 0 1 0
    outer loop
      vertex 3.23358 71 53.8394
      vertex -2.91014 71 54.4445
      vertex 2.91014 71 54.4445
    endloop
  endfacet
  facet normal 0 1 0
    outer loop
      vertex 3.23358 71 53.8394
      vertex -3.23358 71 53.8394
      vertex -2.91014 71 54.4445
    endloop
  endfacet
  facet normal 0 1 0
    outer loop
      vertex 3.43275 71 53.1828
      vertex -3.23358 71 53.8394
      vertex 3.23358 71 53.8394
    endloop
  endfacet
  facet normal 0 1 0
    outer loop
      vertex 3.43275 71 53.1828
      vertex -3.43275 71 53.1828
      vertex -3.23358 71 53.8394
    endloop
  endfacet
  facet normal 0 1 0
    outer loop
      vertex 3.5 71 52.5
      vertex -3.43275 71 53.1828
      vertex 3.43275 71 53.1828
    endloop
  endfacet
  facet normal 0 1 0
    outer loop
      vertex 3.5 71 52.5
      vertex -3.5 71 52.5
      vertex -3.43275 71 53.1828
    endloop
  endfacet
  facet normal 0 1 -0
    outer loop
      vertex 3.43275 71 51.8172
      vertex -3.5 71 52.5
      vertex 3.5 71 52.5
    endloop
  endfacet
  facet normal 0 1 0
    outer loop
      vertex 3.43275 71 51.8172
      vertex -3.43275 71 51.8172
      vertex -3.5 71 52.5
    endloop
  endfacet
  facet normal 0 1 -0
    outer loop
      vertex 3.23358 71 51.1606
      vertex -3.43275 71 51.8172
      vertex 3.43275 71 51.8172
    endloop
  endfacet
  facet normal 0 1 0
    outer loop
      vertex 3.23358 71 51.1606
      vertex -3.23358 71 51.1606
      vertex -3.43275 71 51.8172
    endloop
  endfacet
  facet normal 0 1 -0
    outer loop
      vertex 2.91014 71 50.5555
      vertex -3.23358 71 51.1606
      vertex 3.23358 71 51.1606
    endloop
  endfacet
  facet normal 0 1 0
    outer loop
      vertex 2.91014 71 50.5555
      vertex -2.91014 71 50.5555
      vertex -3.23358 71 51.1606
    endloop
  endfacet
  facet normal 0 1 -0
    outer loop
      vertex 2.47487 71 50.0251
      vertex -2.91014 71 50.5555
      vertex 2.91014 71 50.5555
    endloop
  endfacet
  facet normal 0 1 0
    outer loop
      vertex 2.47487 71 50.0251
      vertex -2.47487 71 50.0251
      vertex -2.91014 71 50.5555
    endloop
  endfacet
  facet normal 0 1 -0
    outer loop
      vertex 1.9445 71 49.5899
      vertex -2.47487 71 50.0251
      vertex 2.47487 71 50.0251
    endloop
  endfacet
  facet normal 0 1 0
    outer loop
      vertex 1.9445 71 49.5899
      vertex -1.9445 71 49.5899
      vertex -2.47487 71 50.0251
    endloop
  endfacet
  facet normal 0 1 -0
    outer loop
      vertex 1.33939 71 49.2664
      vertex -1.9445 71 49.5899
      vertex 1.9445 71 49.5899
    endloop
  endfacet
  facet normal 0 1 0
    outer loop
      vertex 1.33939 71 49.2664
      vertex -1.33939 71 49.2664
      vertex -1.9445 71 49.5899
    endloop
  endfacet
  facet normal 0 1 -0
    outer loop
      vertex 0.682816 71 49.0673
      vertex -1.33939 71 49.2664
      vertex 1.33939 71 49.2664
    endloop
  endfacet
  facet normal 0 1 0
    outer loop
      vertex 0.682816 71 49.0673
      vertex -0.682816 71 49.0673
      vertex -1.33939 71 49.2664
    endloop
  endfacet
  facet normal -0 1 0
    outer loop
      vertex -0.682816 71 49.0673
      vertex 0.682816 71 49.0673
      vertex 0 71 49
    endloop
  endfacet
  facet normal 0.471467 0 0.881884
    outer loop
      vertex 1.33939 71 55.7336
      vertex 1.9445 60 55.4101
      vertex 1.9445 71 55.4101
    endloop
  endfacet
  facet normal 0.471467 0 0.881884
    outer loop
      vertex 1.9445 60 55.4101
      vertex 1.33939 71 55.7336
      vertex 1.33939 60 55.7336
    endloop
  endfacet
  facet normal 0.0980871 0 0.995178
    outer loop
      vertex 0 71 56
      vertex 0.682816 60 55.9327
      vertex 0.682816 71 55.9327
    endloop
  endfacet
  facet normal 0.0980871 0 0.995178
    outer loop
      vertex 0.682816 60 55.9327
      vertex 0 71 56
      vertex 0 60 56
    endloop
  endfacet
  facet normal -0.634338 0 -0.773056
    outer loop
      vertex -2.47487 60 50.0251
      vertex -1.9445 71 49.5899
      vertex -1.9445 60 49.5899
    endloop
  endfacet
  facet normal -0.634338 0 -0.773056
    outer loop
      vertex -1.9445 71 49.5899
      vertex -2.47487 60 50.0251
      vertex -2.47487 71 50.0251
    endloop
  endfacet
  facet normal -0.995185 0 -0.0980172
    outer loop
      vertex -3.43275 60 51.8172
      vertex -3.5 71 52.5
      vertex -3.43275 71 51.8172
    endloop
  endfacet
  facet normal -0.995185 -0 -0.0980172
    outer loop
      vertex -3.5 71 52.5
      vertex -3.43275 60 51.8172
      vertex -3.5 60 52.5
    endloop
  endfacet
  facet normal -0.881917 0 -0.471405
    outer loop
      vertex -2.91014 60 50.5555
      vertex -3.23358 71 51.1606
      vertex -2.91014 71 50.5555
    endloop
  endfacet
  facet normal -0.881917 -0 -0.471405
    outer loop
      vertex -3.23358 71 51.1606
      vertex -2.91014 60 50.5555
      vertex -3.23358 60 51.1606
    endloop
  endfacet
  facet normal 0.0980871 0 -0.995178
    outer loop
      vertex 0 60 49
      vertex 0.682816 71 49.0673
      vertex 0.682816 60 49.0673
    endloop
  endfacet
  facet normal 0.0980871 0 -0.995178
    outer loop
      vertex 0.682816 71 49.0673
      vertex 0 60 49
      vertex 0 71 49
    endloop
  endfacet
  facet normal 0.956943 0 -0.290275
    outer loop
      vertex 3.43275 60 51.8172
      vertex 3.23358 71 51.1606
      vertex 3.43275 71 51.8172
    endloop
  endfacet
  facet normal 0.956943 0 -0.290275
    outer loop
      vertex 3.23358 71 51.1606
      vertex 3.43275 60 51.8172
      vertex 3.23358 60 51.1606
    endloop
  endfacet
  facet normal 0.773023 0 -0.634378
    outer loop
      vertex 2.91014 60 50.5555
      vertex 2.47487 71 50.0251
      vertex 2.91014 71 50.5555
    endloop
  endfacet
  facet normal 0.773023 0 -0.634378
    outer loop
      vertex 2.47487 71 50.0251
      vertex 2.91014 60 50.5555
      vertex 2.47487 60 50.0251
    endloop
  endfacet
  facet normal 0.471467 0 -0.881884
    outer loop
      vertex 1.33939 60 49.2664
      vertex 1.9445 71 49.5899
      vertex 1.9445 60 49.5899
    endloop
  endfacet
  facet normal 0.471467 0 -0.881884
    outer loop
      vertex 1.9445 71 49.5899
      vertex 1.33939 60 49.2664
      vertex 1.33939 71 49.2664
    endloop
  endfacet
  facet normal 0.634338 0 -0.773056
    outer loop
      vertex 1.9445 60 49.5899
      vertex 2.47487 71 50.0251
      vertex 2.47487 60 50.0251
    endloop
  endfacet
  facet normal 0.634338 0 -0.773056
    outer loop
      vertex 2.47487 71 50.0251
      vertex 1.9445 60 49.5899
      vertex 1.9445 71 49.5899
    endloop
  endfacet
  facet normal 0.992478 0.122424 0
    outer loop
      vertex 44.7833 4.41077 255.5
      vertex 44.5129 6.60287 75.5
      vertex 44.5129 6.60287 255.5
    endloop
  endfacet
  facet normal 0.992478 0.122424 0
    outer loop
      vertex 44.5129 6.60287 75.5
      vertex 44.7833 4.41077 255.5
      vertex 44.7833 4.41077 75.5
    endloop
  endfacet
  facet normal 0.999699 0.0245392 0
    outer loop
      vertex 45 0 255.5
      vertex 44.9458 2.20805 75.5
      vertex 44.9458 2.20805 255.5
    endloop
  endfacet
  facet normal 0.999699 0.0245392 0
    outer loop
      vertex 44.9458 2.20805 75.5
      vertex 45 0 255.5
      vertex 45 0 75.5
    endloop
  endfacet
  facet normal -0.999699 0.0245392 0
    outer loop
      vertex -45 0 75.5
      vertex -44.9458 2.20805 255.5
      vertex -44.9458 2.20805 75.5
    endloop
  endfacet
  facet normal -0.999699 0.0245392 0
    outer loop
      vertex -44.9458 2.20805 255.5
      vertex -45 0 75.5
      vertex -45 0 255.5
    endloop
  endfacet
  facet normal 0.0245392 0.999699 -0
    outer loop
      vertex 2.20805 44.9458 75.5
      vertex 0 45 255.5
      vertex 2.20805 44.9458 255.5
    endloop
  endfacet
  facet normal 0.0245392 0.999699 0
    outer loop
      vertex 0 45 255.5
      vertex 2.20805 44.9458 75.5
      vertex 0 45 75.5
    endloop
  endfacet
  facet normal 0.724235 0.689553 0
    outer loop
      vertex 33.3428 30.2202 255.5
      vertex 31.8198 31.8198 75.5
      vertex 31.8198 31.8198 255.5
    endloop
  endfacet
  facet normal 0.724235 0.689553 0
    outer loop
      vertex 31.8198 31.8198 75.5
      vertex 33.3428 30.2202 255.5
      vertex 33.3428 30.2202 75.5
    endloop
  endfacet
  facet normal -0.689553 0.724235 0
    outer loop
      vertex -30.2202 33.3428 75.5
      vertex -31.8198 31.8198 255.5
      vertex -30.2202 33.3428 255.5
    endloop
  endfacet
  facet normal -0.689553 0.724235 0
    outer loop
      vertex -31.8198 31.8198 255.5
      vertex -30.2202 33.3428 75.5
      vertex -31.8198 31.8198 75.5
    endloop
  endfacet
  facet normal -0.35988 0.932999 0
    outer loop
      vertex -15.16 42.3695 75.5
      vertex -17.2208 41.5746 255.5
      vertex -15.16 42.3695 255.5
    endloop
  endfacet
  facet normal -0.35988 0.932999 0
    outer loop
      vertex -17.2208 41.5746 255.5
      vertex -15.16 42.3695 75.5
      vertex -17.2208 41.5746 75.5
    endloop
  endfacet
  facet normal 0.914201 0.40526 0
    outer loop
      vertex 41.5746 17.2208 255.5
      vertex 40.6795 19.24 75.5
      vertex 40.6795 19.24 255.5
    endloop
  endfacet
  facet normal 0.914201 0.40526 0
    outer loop
      vertex 40.6795 19.24 75.5
      vertex 41.5746 17.2208 255.5
      vertex 41.5746 17.2208 75.5
    endloop
  endfacet
  facet normal 0.40526 0.914201 -0
    outer loop
      vertex 19.24 40.6795 75.5
      vertex 17.2208 41.5746 255.5
      vertex 19.24 40.6795 255.5
    endloop
  endfacet
  facet normal 0.40526 0.914201 0
    outer loop
      vertex 17.2208 41.5746 255.5
      vertex 19.24 40.6795 75.5
      vertex 17.2208 41.5746 75.5
    endloop
  endfacet
  facet normal 0.575812 0.817582 -0
    outer loop
      vertex 26.8065 36.1443 75.5
      vertex 25.0007 37.4161 255.5
      vertex 26.8065 36.1443 255.5
    endloop
  endfacet
  facet normal 0.575812 0.817582 0
    outer loop
      vertex 25.0007 37.4161 255.5
      vertex 26.8065 36.1443 75.5
      vertex 25.0007 37.4161 75.5
    endloop
  endfacet
  facet normal -0.914201 0.40526 0
    outer loop
      vertex -41.5746 17.2208 75.5
      vertex -40.6795 19.24 255.5
      vertex -40.6795 19.24 75.5
    endloop
  endfacet
  facet normal -0.914201 0.40526 0
    outer loop
      vertex -40.6795 19.24 255.5
      vertex -41.5746 17.2208 75.5
      vertex -41.5746 17.2208 255.5
    endloop
  endfacet
  facet normal -0.757211 0.653171 0
    outer loop
      vertex -34.7855 28.5477 75.5
      vertex -33.3428 30.2202 255.5
      vertex -33.3428 30.2202 75.5
    endloop
  endfacet
  facet normal -0.757211 0.653171 0
    outer loop
      vertex -33.3428 30.2202 255.5
      vertex -34.7855 28.5477 75.5
      vertex -34.7855 28.5477 255.5
    endloop
  endfacet
  facet normal -0.17096 0.985278 0
    outer loop
      vertex -6.60287 44.5129 75.5
      vertex -8.77906 44.1353 255.5
      vertex -6.60287 44.5129 255.5
    endloop
  endfacet
  facet normal -0.17096 0.985278 0
    outer loop
      vertex -8.77906 44.1353 255.5
      vertex -6.60287 44.5129 75.5
      vertex -8.77906 44.1353 75.5
    endloop
  endfacet
  facet normal -0.757211 -0.653171 0
    outer loop
      vertex -33.3428 -30.2202 75.5
      vertex -34.7855 -28.5477 255.5
      vertex -34.7855 -28.5477 75.5
    endloop
  endfacet
  facet normal -0.757211 -0.653171 0
    outer loop
      vertex -34.7855 -28.5477 255.5
      vertex -33.3428 -30.2202 75.5
      vertex -33.3428 -30.2202 255.5
    endloop
  endfacet
  facet normal -0.949531 -0.313673 0
    outer loop
      vertex -42.3695 -15.16 75.5
      vertex -43.0623 -13.0628 255.5
      vertex -43.0623 -13.0628 75.5
    endloop
  endfacet
  facet normal -0.949531 -0.313673 0
    outer loop
      vertex -43.0623 -13.0628 255.5
      vertex -42.3695 -15.16 75.5
      vertex -42.3695 -15.16 255.5
    endloop
  endfacet
  facet normal 0.985278 0.17096 0
    outer loop
      vertex 44.5129 6.60287 255.5
      vertex 44.1353 8.77906 75.5
      vertex 44.1353 8.77906 255.5
    endloop
  endfacet
  facet normal 0.985278 0.17096 0
    outer loop
      vertex 44.1353 8.77906 75.5
      vertex 44.5129 6.60287 255.5
      vertex 44.5129 6.60287 75.5
    endloop
  endfacet
  facet normal 0.817582 0.575812 0
    outer loop
      vertex 37.4161 25.0007 255.5
      vertex 36.1443 26.8065 75.5
      vertex 36.1443 26.8065 255.5
    endloop
  endfacet
  facet normal 0.817582 0.575812 0
    outer loop
      vertex 36.1443 26.8065 75.5
      vertex 37.4161 25.0007 255.5
      vertex 37.4161 25.0007 75.5
    endloop
  endfacet
  facet normal 0.757211 0.653171 0
    outer loop
      vertex 34.7855 28.5477 255.5
      vertex 33.3428 30.2202 75.5
      vertex 33.3428 30.2202 255.5
    endloop
  endfacet
  facet normal 0.757211 0.653171 0
    outer loop
      vertex 33.3428 30.2202 75.5
      vertex 34.7855 28.5477 255.5
      vertex 34.7855 28.5477 75.5
    endloop
  endfacet
  facet normal 0.266717 0.963775 -0
    outer loop
      vertex 13.0628 43.0623 75.5
      vertex 10.9341 43.6514 255.5
      vertex 13.0628 43.0623 255.5
    endloop
  endfacet
  facet normal 0.266717 0.963775 0
    outer loop
      vertex 10.9341 43.6514 255.5
      vertex 13.0628 43.0623 75.5
      vertex 10.9341 43.6514 75.5
    endloop
  endfacet
  facet normal 0.313673 0.949531 -0
    outer loop
      vertex 15.16 42.3695 75.5
      vertex 13.0628 43.0623 255.5
      vertex 15.16 42.3695 255.5
    endloop
  endfacet
  facet normal 0.313673 0.949531 0
    outer loop
      vertex 13.0628 43.0623 255.5
      vertex 15.16 42.3695 75.5
      vertex 13.0628 43.0623 75.5
    endloop
  endfacet
  facet normal -0.963775 0.266717 0
    outer loop
      vertex -43.6514 10.9341 75.5
      vertex -43.0623 13.0628 255.5
      vertex -43.0623 13.0628 75.5
    endloop
  endfacet
  facet normal -0.963775 0.266717 0
    outer loop
      vertex -43.0623 13.0628 255.5
      vertex -43.6514 10.9341 75.5
      vertex -43.6514 10.9341 255.5
    endloop
  endfacet
  facet normal -0.788356 0.615219 0
    outer loop
      vertex -36.1443 26.8065 75.5
      vertex -34.7855 28.5477 255.5
      vertex -34.7855 28.5477 75.5
    endloop
  endfacet
  facet normal -0.788356 0.615219 0
    outer loop
      vertex -34.7855 28.5477 255.5
      vertex -36.1443 26.8065 75.5
      vertex -36.1443 26.8065 255.5
    endloop
  endfacet
  facet normal -0.949531 0.313673 0
    outer loop
      vertex -43.0623 13.0628 75.5
      vertex -42.3695 15.16 255.5
      vertex -42.3695 15.16 75.5
    endloop
  endfacet
  facet normal -0.949531 0.313673 0
    outer loop
      vertex -42.3695 15.16 255.5
      vertex -43.0623 13.0628 75.5
      vertex -43.0623 13.0628 255.5
    endloop
  endfacet
  facet normal -0.492922 0.870073 0
    outer loop
      vertex -21.2129 39.6865 75.5
      vertex -23.1346 38.5978 255.5
      vertex -21.2129 39.6865 255.5
    endloop
  endfacet
  facet normal -0.492922 0.870073 0
    outer loop
      vertex -23.1346 38.5978 255.5
      vertex -21.2129 39.6865 75.5
      vertex -23.1346 38.5978 75.5
    endloop
  endfacet
  facet normal -0.449584 0.893238 0
    outer loop
      vertex -19.24 40.6795 75.5
      vertex -21.2129 39.6865 255.5
      vertex -19.24 40.6795 255.5
    endloop
  endfacet
  facet normal -0.449584 0.893238 0
    outer loop
      vertex -21.2129 39.6865 255.5
      vertex -19.24 40.6795 75.5
      vertex -21.2129 39.6865 75.5
    endloop
  endfacet
  facet normal 0.122424 -0.992478 0
    outer loop
      vertex 4.41077 -44.7833 75.5
      vertex 6.60287 -44.5129 255.5
      vertex 4.41077 -44.7833 255.5
    endloop
  endfacet
  facet normal 0.122424 -0.992478 0
    outer loop
      vertex 6.60287 -44.5129 255.5
      vertex 4.41077 -44.7833 75.5
      vertex 6.60287 -44.5129 75.5
    endloop
  endfacet
  facet normal 0.35988 -0.932999 0
    outer loop
      vertex 15.16 -42.3695 75.5
      vertex 17.2208 -41.5746 255.5
      vertex 15.16 -42.3695 255.5
    endloop
  endfacet
  facet normal 0.35988 -0.932999 0
    outer loop
      vertex 17.2208 -41.5746 255.5
      vertex 15.16 -42.3695 75.5
      vertex 17.2208 -41.5746 75.5
    endloop
  endfacet
  facet normal 0.689553 -0.724235 0
    outer loop
      vertex 30.2202 -33.3428 75.5
      vertex 31.8198 -31.8198 255.5
      vertex 30.2202 -33.3428 255.5
    endloop
  endfacet
  facet normal 0.689553 -0.724235 0
    outer loop
      vertex 31.8198 -31.8198 255.5
      vertex 30.2202 -33.3428 75.5
      vertex 31.8198 -31.8198 75.5
    endloop
  endfacet
  facet normal 0.534999 -0.844852 0
    outer loop
      vertex 23.1346 -38.5978 75.5
      vertex 25.0007 -37.4161 255.5
      vertex 23.1346 -38.5978 255.5
    endloop
  endfacet
  facet normal 0.534999 -0.844852 0
    outer loop
      vertex 25.0007 -37.4161 255.5
      vertex 23.1346 -38.5978 75.5
      vertex 25.0007 -37.4161 75.5
    endloop
  endfacet
  facet normal 0.788356 -0.615219 0
    outer loop
      vertex 34.7855 -28.5477 255.5
      vertex 36.1443 -26.8065 75.5
      vertex 36.1443 -26.8065 255.5
    endloop
  endfacet
  facet normal 0.788356 -0.615219 0
    outer loop
      vertex 36.1443 -26.8065 75.5
      vertex 34.7855 -28.5477 255.5
      vertex 34.7855 -28.5477 75.5
    endloop
  endfacet
  facet normal 0.914201 -0.40526 0
    outer loop
      vertex 40.6795 -19.24 255.5
      vertex 41.5746 -17.2208 75.5
      vertex 41.5746 -17.2208 255.5
    endloop
  endfacet
  facet normal 0.914201 -0.40526 0
    outer loop
      vertex 41.5746 -17.2208 75.5
      vertex 40.6795 -19.24 255.5
      vertex 40.6795 -19.24 75.5
    endloop
  endfacet
  facet normal -0.266717 -0.963775 0
    outer loop
      vertex -13.0628 -43.0623 75.5
      vertex -10.9341 -43.6514 255.5
      vertex -13.0628 -43.0623 255.5
    endloop
  endfacet
  facet normal -0.266717 -0.963775 -0
    outer loop
      vertex -10.9341 -43.6514 255.5
      vertex -13.0628 -43.0623 75.5
      vertex -10.9341 -43.6514 75.5
    endloop
  endfacet
  facet normal -0.615219 -0.788356 0
    outer loop
      vertex -28.5477 -34.7855 75.5
      vertex -26.8065 -36.1443 255.5
      vertex -28.5477 -34.7855 255.5
    endloop
  endfacet
  facet normal -0.615219 -0.788356 -0
    outer loop
      vertex -26.8065 -36.1443 255.5
      vertex -28.5477 -34.7855 75.5
      vertex -26.8065 -36.1443 75.5
    endloop
  endfacet
  facet normal -0.40526 -0.914201 0
    outer loop
      vertex -19.24 -40.6795 75.5
      vertex -17.2208 -41.5746 255.5
      vertex -19.24 -40.6795 255.5
    endloop
  endfacet
  facet normal -0.40526 -0.914201 -0
    outer loop
      vertex -17.2208 -41.5746 255.5
      vertex -19.24 -40.6795 75.5
      vertex -17.2208 -41.5746 75.5
    endloop
  endfacet
  facet normal -0.0245392 -0.999699 0
    outer loop
      vertex -2.20805 -44.9458 75.5
      vertex 0 -45 255.5
      vertex -2.20805 -44.9458 255.5
    endloop
  endfacet
  facet normal -0.0245392 -0.999699 -0
    outer loop
      vertex 0 -45 255.5
      vertex -2.20805 -44.9458 75.5
      vertex 0 -45 75.5
    endloop
  endfacet
  facet normal 0.99729 0.0735725 0
    outer loop
      vertex 44.9458 2.20805 255.5
      vertex 44.7833 4.41077 75.5
      vertex 44.7833 4.41077 255.5
    endloop
  endfacet
  facet normal 0.99729 0.0735725 0
    outer loop
      vertex 44.7833 4.41077 75.5
      vertex 44.9458 2.20805 255.5
      vertex 44.9458 2.20805 75.5
    endloop
  endfacet
  facet normal 0.975705 0.219088 0
    outer loop
      vertex 44.1353 8.77906 255.5
      vertex 43.6514 10.9341 75.5
      vertex 43.6514 10.9341 255.5
    endloop
  endfacet
  facet normal 0.975705 0.219088 0
    outer loop
      vertex 43.6514 10.9341 75.5
      vertex 44.1353 8.77906 255.5
      vertex 44.1353 8.77906 75.5
    endloop
  endfacet
  facet normal 0.963775 0.266717 0
    outer loop
      vertex 43.6514 10.9341 255.5
      vertex 43.0623 13.0628 75.5
      vertex 43.0623 13.0628 255.5
    endloop
  endfacet
  facet normal 0.963775 0.266717 0
    outer loop
      vertex 43.0623 13.0628 75.5
      vertex 43.6514 10.9341 255.5
      vertex 43.6514 10.9341 75.5
    endloop
  endfacet
  facet normal 0.932999 0.35988 0
    outer loop
      vertex 42.3695 15.16 255.5
      vertex 41.5746 17.2208 75.5
      vertex 41.5746 17.2208 255.5
    endloop
  endfacet
  facet normal 0.932999 0.35988 0
    outer loop
      vertex 41.5746 17.2208 75.5
      vertex 42.3695 15.16 255.5
      vertex 42.3695 15.16 75.5
    endloop
  endfacet
  facet normal 0.949531 0.313673 0
    outer loop
      vertex 43.0623 13.0628 255.5
      vertex 42.3695 15.16 75.5
      vertex 42.3695 15.16 255.5
    endloop
  endfacet
  facet normal 0.949531 0.313673 0
    outer loop
      vertex 42.3695 15.16 75.5
      vertex 43.0623 13.0628 255.5
      vertex 43.0623 13.0628 75.5
    endloop
  endfacet
  facet normal 0.788356 0.615219 0
    outer loop
      vertex 36.1443 26.8065 255.5
      vertex 34.7855 28.5477 75.5
      vertex 34.7855 28.5477 255.5
    endloop
  endfacet
  facet normal 0.788356 0.615219 0
    outer loop
      vertex 34.7855 28.5477 75.5
      vertex 36.1443 26.8065 255.5
      vertex 36.1443 26.8065 75.5
    endloop
  endfacet
  facet normal 0.893238 0.449584 0
    outer loop
      vertex 40.6795 19.24 255.5
      vertex 39.6865 21.2129 75.5
      vertex 39.6865 21.2129 255.5
    endloop
  endfacet
  facet normal 0.893238 0.449584 0
    outer loop
      vertex 39.6865 21.2129 75.5
      vertex 40.6795 19.24 255.5
      vertex 40.6795 19.24 75.5
    endloop
  endfacet
  facet normal 0.870073 0.492922 0
    outer loop
      vertex 39.6865 21.2129 255.5
      vertex 38.5978 23.1346 75.5
      vertex 38.5978 23.1346 255.5
    endloop
  endfacet
  facet normal 0.870073 0.492922 0
    outer loop
      vertex 38.5978 23.1346 75.5
      vertex 39.6865 21.2129 255.5
      vertex 39.6865 21.2129 75.5
    endloop
  endfacet
  facet normal 0.35988 0.932999 -0
    outer loop
      vertex 17.2208 41.5746 75.5
      vertex 15.16 42.3695 255.5
      vertex 17.2208 41.5746 255.5
    endloop
  endfacet
  facet normal 0.35988 0.932999 0
    outer loop
      vertex 15.16 42.3695 255.5
      vertex 17.2208 41.5746 75.5
      vertex 15.16 42.3695 75.5
    endloop
  endfacet
  facet normal 0.219088 0.975705 -0
    outer loop
      vertex 10.9341 43.6514 75.5
      vertex 8.77906 44.1353 255.5
      vertex 10.9341 43.6514 255.5
    endloop
  endfacet
  facet normal 0.219088 0.975705 0
    outer loop
      vertex 8.77906 44.1353 255.5
      vertex 10.9341 43.6514 75.5
      vertex 8.77906 44.1353 75.5
    endloop
  endfacet
  facet normal 0.17096 0.985278 -0
    outer loop
      vertex 8.77906 44.1353 75.5
      vertex 6.60287 44.5129 255.5
      vertex 8.77906 44.1353 255.5
    endloop
  endfacet
  facet normal 0.17096 0.985278 0
    outer loop
      vertex 6.60287 44.5129 255.5
      vertex 8.77906 44.1353 75.5
      vertex 6.60287 44.5129 75.5
    endloop
  endfacet
  facet normal 0.122424 0.992478 -0
    outer loop
      vertex 6.60287 44.5129 75.5
      vertex 4.41077 44.7833 255.5
      vertex 6.60287 44.5129 255.5
    endloop
  endfacet
  facet normal 0.122424 0.992478 0
    outer loop
      vertex 4.41077 44.7833 255.5
      vertex 6.60287 44.5129 75.5
      vertex 4.41077 44.7833 75.5
    endloop
  endfacet
  facet normal 0.0735725 0.99729 -0
    outer loop
      vertex 4.41077 44.7833 75.5
      vertex 2.20805 44.9458 255.5
      vertex 4.41077 44.7833 255.5
    endloop
  endfacet
  facet normal 0.0735725 0.99729 0
    outer loop
      vertex 2.20805 44.9458 255.5
      vertex 4.41077 44.7833 75.5
      vertex 2.20805 44.9458 75.5
    endloop
  endfacet
  facet normal 0.534999 0.844852 -0
    outer loop
      vertex 25.0007 37.4161 75.5
      vertex 23.1346 38.5978 255.5
      vertex 25.0007 37.4161 255.5
    endloop
  endfacet
  facet normal 0.534999 0.844852 0
    outer loop
      vertex 23.1346 38.5978 255.5
      vertex 25.0007 37.4161 75.5
      vertex 23.1346 38.5978 75.5
    endloop
  endfacet
  facet normal 0.492922 0.870073 -0
    outer loop
      vertex 23.1346 38.5978 75.5
      vertex 21.2129 39.6865 255.5
      vertex 23.1346 38.5978 255.5
    endloop
  endfacet
  facet normal 0.492922 0.870073 0
    outer loop
      vertex 21.2129 39.6865 255.5
      vertex 23.1346 38.5978 75.5
      vertex 21.2129 39.6865 75.5
    endloop
  endfacet
  facet normal 0.449584 0.893238 -0
    outer loop
      vertex 21.2129 39.6865 75.5
      vertex 19.24 40.6795 255.5
      vertex 21.2129 39.6865 255.5
    endloop
  endfacet
  facet normal 0.449584 0.893238 0
    outer loop
      vertex 19.24 40.6795 255.5
      vertex 21.2129 39.6865 75.5
      vertex 19.24 40.6795 75.5
    endloop
  endfacet
  facet normal 0.689553 0.724235 -0
    outer loop
      vertex 31.8198 31.8198 75.5
      vertex 30.2202 33.3428 255.5
      vertex 31.8198 31.8198 255.5
    endloop
  endfacet
  facet normal 0.689553 0.724235 0
    outer loop
      vertex 30.2202 33.3428 255.5
      vertex 31.8198 31.8198 75.5
      vertex 30.2202 33.3428 75.5
    endloop
  endfacet
  facet normal 0.653171 0.757211 -0
    outer loop
      vertex 30.2202 33.3428 75.5
      vertex 28.5477 34.7855 255.5
      vertex 30.2202 33.3428 255.5
    endloop
  endfacet
  facet normal 0.653171 0.757211 0
    outer loop
      vertex 28.5477 34.7855 255.5
      vertex 30.2202 33.3428 75.5
      vertex 28.5477 34.7855 75.5
    endloop
  endfacet
  facet normal -0.724235 0.689553 0
    outer loop
      vertex -33.3428 30.2202 75.5
      vertex -31.8198 31.8198 255.5
      vertex -31.8198 31.8198 75.5
    endloop
  endfacet
  facet normal -0.724235 0.689553 0
    outer loop
      vertex -31.8198 31.8198 255.5
      vertex -33.3428 30.2202 75.5
      vertex -33.3428 30.2202 255.5
    endloop
  endfacet
  facet normal -0.817582 0.575812 0
    outer loop
      vertex -37.4161 25.0007 75.5
      vertex -36.1443 26.8065 255.5
      vertex -36.1443 26.8065 75.5
    endloop
  endfacet
  facet normal -0.817582 0.575812 0
    outer loop
      vertex -36.1443 26.8065 255.5
      vertex -37.4161 25.0007 75.5
      vertex -37.4161 25.0007 255.5
    endloop
  endfacet
  facet normal -0.844852 0.534999 0
    outer loop
      vertex -38.5978 23.1346 75.5
      vertex -37.4161 25.0007 255.5
      vertex -37.4161 25.0007 75.5
    endloop
  endfacet
  facet normal -0.844852 0.534999 0
    outer loop
      vertex -37.4161 25.0007 255.5
      vertex -38.5978 23.1346 75.5
      vertex -38.5978 23.1346 255.5
    endloop
  endfacet
  facet normal -0.870073 0.492922 0
    outer loop
      vertex -39.6865 21.2129 75.5
      vertex -38.5978 23.1346 255.5
      vertex -38.5978 23.1346 75.5
    endloop
  endfacet
  facet normal -0.870073 0.492922 0
    outer loop
      vertex -38.5978 23.1346 255.5
      vertex -39.6865 21.2129 75.5
      vertex -39.6865 21.2129 255.5
    endloop
  endfacet
  facet normal -0.932999 0.35988 0
    outer loop
      vertex -42.3695 15.16 75.5
      vertex -41.5746 17.2208 255.5
      vertex -41.5746 17.2208 75.5
    endloop
  endfacet
  facet normal -0.932999 0.35988 0
    outer loop
      vertex -41.5746 17.2208 255.5
      vertex -42.3695 15.16 75.5
      vertex -42.3695 15.16 255.5
    endloop
  endfacet
  facet normal -0.975705 0.219088 0
    outer loop
      vertex -44.1353 8.77906 75.5
      vertex -43.6514 10.9341 255.5
      vertex -43.6514 10.9341 75.5
    endloop
  endfacet
  facet normal -0.975705 0.219088 0
    outer loop
      vertex -43.6514 10.9341 255.5
      vertex -44.1353 8.77906 75.5
      vertex -44.1353 8.77906 255.5
    endloop
  endfacet
  facet normal -0.985278 0.17096 0
    outer loop
      vertex -44.5129 6.60287 75.5
      vertex -44.1353 8.77906 255.5
      vertex -44.1353 8.77906 75.5
    endloop
  endfacet
  facet normal -0.985278 0.17096 0
    outer loop
      vertex -44.1353 8.77906 255.5
      vertex -44.5129 6.60287 75.5
      vertex -44.5129 6.60287 255.5
    endloop
  endfacet
  facet normal -0.992478 0.122424 0
    outer loop
      vertex -44.7833 4.41077 75.5
      vertex -44.5129 6.60287 255.5
      vertex -44.5129 6.60287 75.5
    endloop
  endfacet
  facet normal -0.992478 0.122424 0
    outer loop
      vertex -44.5129 6.60287 255.5
      vertex -44.7833 4.41077 75.5
      vertex -44.7833 4.41077 255.5
    endloop
  endfacet
  facet normal -0.99729 0.0735725 0
    outer loop
      vertex -44.9458 2.20805 75.5
      vertex -44.7833 4.41077 255.5
      vertex -44.7833 4.41077 75.5
    endloop
  endfacet
  facet normal -0.99729 0.0735725 0
    outer loop
      vertex -44.7833 4.41077 255.5
      vertex -44.9458 2.20805 75.5
      vertex -44.9458 2.20805 255.5
    endloop
  endfacet
  facet normal -0.40526 0.914201 0
    outer loop
      vertex -17.2208 41.5746 75.5
      vertex -19.24 40.6795 255.5
      vertex -17.2208 41.5746 255.5
    endloop
  endfacet
  facet normal -0.40526 0.914201 0
    outer loop
      vertex -19.24 40.6795 255.5
      vertex -17.2208 41.5746 75.5
      vertex -19.24 40.6795 75.5
    endloop
  endfacet
  facet normal -0.534999 0.844852 0
    outer loop
      vertex -23.1346 38.5978 75.5
      vertex -25.0007 37.4161 255.5
      vertex -23.1346 38.5978 255.5
    endloop
  endfacet
  facet normal -0.534999 0.844852 0
    outer loop
      vertex -25.0007 37.4161 255.5
      vertex -23.1346 38.5978 75.5
      vertex -25.0007 37.4161 75.5
    endloop
  endfacet
  facet normal -0.575812 0.817582 0
    outer loop
      vertex -25.0007 37.4161 75.5
      vertex -26.8065 36.1443 255.5
      vertex -25.0007 37.4161 255.5
    endloop
  endfacet
  facet normal -0.575812 0.817582 0
    outer loop
      vertex -26.8065 36.1443 255.5
      vertex -25.0007 37.4161 75.5
      vertex -26.8065 36.1443 75.5
    endloop
  endfacet
  facet normal -0.615219 0.788356 0
    outer loop
      vertex -26.8065 36.1443 75.5
      vertex -28.5477 34.7855 255.5
      vertex -26.8065 36.1443 255.5
    endloop
  endfacet
  facet normal -0.615219 0.788356 0
    outer loop
      vertex -28.5477 34.7855 255.5
      vertex -26.8065 36.1443 75.5
      vertex -28.5477 34.7855 75.5
    endloop
  endfacet
  facet normal -0.653171 0.757211 0
    outer loop
      vertex -28.5477 34.7855 75.5
      vertex -30.2202 33.3428 255.5
      vertex -28.5477 34.7855 255.5
    endloop
  endfacet
  facet normal -0.653171 0.757211 0
    outer loop
      vertex -30.2202 33.3428 255.5
      vertex -28.5477 34.7855 75.5
      vertex -30.2202 33.3428 75.5
    endloop
  endfacet
  facet normal -0.219088 0.975705 0
    outer loop
      vertex -8.77906 44.1353 75.5
      vertex -10.9341 43.6514 255.5
      vertex -8.77906 44.1353 255.5
    endloop
  endfacet
  facet normal -0.219088 0.975705 0
    outer loop
      vertex -10.9341 43.6514 255.5
      vertex -8.77906 44.1353 75.5
      vertex -10.9341 43.6514 75.5
    endloop
  endfacet
  facet normal -0.266717 0.963775 0
    outer loop
      vertex -10.9341 43.6514 75.5
      vertex -13.0628 43.0623 255.5
      vertex -10.9341 43.6514 255.5
    endloop
  endfacet
  facet normal -0.266717 0.963775 0
    outer loop
      vertex -13.0628 43.0623 255.5
      vertex -10.9341 43.6514 75.5
      vertex -13.0628 43.0623 75.5
    endloop
  endfacet
  facet normal -0.313673 0.949531 0
    outer loop
      vertex -13.0628 43.0623 75.5
      vertex -15.16 42.3695 255.5
      vertex -13.0628 43.0623 255.5
    endloop
  endfacet
  facet normal -0.313673 0.949531 0
    outer loop
      vertex -15.16 42.3695 255.5
      vertex -13.0628 43.0623 75.5
      vertex -15.16 42.3695 75.5
    endloop
  endfacet
  facet normal -0.0245392 0.999699 0
    outer loop
      vertex 0 45 75.5
      vertex -2.20805 44.9458 255.5
      vertex 0 45 255.5
    endloop
  endfacet
  facet normal -0.0245392 0.999699 0
    outer loop
      vertex -2.20805 44.9458 255.5
      vertex 0 45 75.5
      vertex -2.20805 44.9458 75.5
    endloop
  endfacet
  facet normal -0.0735725 0.99729 0
    outer loop
      vertex -2.20805 44.9458 75.5
      vertex -4.41077 44.7833 255.5
      vertex -2.20805 44.9458 255.5
    endloop
  endfacet
  facet normal -0.0735725 0.99729 0
    outer loop
      vertex -4.41077 44.7833 255.5
      vertex -2.20805 44.9458 75.5
      vertex -4.41077 44.7833 75.5
    endloop
  endfacet
  facet normal 0.999699 -0.0245392 0
    outer loop
      vertex 44.9458 -2.20805 255.5
      vertex 45 0 75.5
      vertex 45 0 255.5
    endloop
  endfacet
  facet normal 0.999699 -0.0245392 0
    outer loop
      vertex 45 0 75.5
      vertex 44.9458 -2.20805 255.5
      vertex 44.9458 -2.20805 75.5
    endloop
  endfacet
  facet normal 0.0245392 -0.999699 0
    outer loop
      vertex 0 -45 75.5
      vertex 2.20805 -44.9458 255.5
      vertex 0 -45 255.5
    endloop
  endfacet
  facet normal 0.0245392 -0.999699 0
    outer loop
      vertex 2.20805 -44.9458 255.5
      vertex 0 -45 75.5
      vertex 2.20805 -44.9458 75.5
    endloop
  endfacet
  facet normal 0.0735725 -0.99729 0
    outer loop
      vertex 2.20805 -44.9458 75.5
      vertex 4.41077 -44.7833 255.5
      vertex 2.20805 -44.9458 255.5
    endloop
  endfacet
  facet normal 0.0735725 -0.99729 0
    outer loop
      vertex 4.41077 -44.7833 255.5
      vertex 2.20805 -44.9458 75.5
      vertex 4.41077 -44.7833 75.5
    endloop
  endfacet
  facet normal 0.219088 -0.975705 0
    outer loop
      vertex 8.77906 -44.1353 75.5
      vertex 10.9341 -43.6514 255.5
      vertex 8.77906 -44.1353 255.5
    endloop
  endfacet
  facet normal 0.219088 -0.975705 0
    outer loop
      vertex 10.9341 -43.6514 255.5
      vertex 8.77906 -44.1353 75.5
      vertex 10.9341 -43.6514 75.5
    endloop
  endfacet
  facet normal 0.313673 -0.949531 0
    outer loop
      vertex 13.0628 -43.0623 75.5
      vertex 15.16 -42.3695 255.5
      vertex 13.0628 -43.0623 255.5
    endloop
  endfacet
  facet normal 0.313673 -0.949531 0
    outer loop
      vertex 15.16 -42.3695 255.5
      vertex 13.0628 -43.0623 75.5
      vertex 15.16 -42.3695 75.5
    endloop
  endfacet
  facet normal 0.266717 -0.963775 0
    outer loop
      vertex 10.9341 -43.6514 75.5
      vertex 13.0628 -43.0623 255.5
      vertex 10.9341 -43.6514 255.5
    endloop
  endfacet
  facet normal 0.266717 -0.963775 0
    outer loop
      vertex 13.0628 -43.0623 255.5
      vertex 10.9341 -43.6514 75.5
      vertex 13.0628 -43.0623 75.5
    endloop
  endfacet
  facet normal 0.615219 -0.788356 0
    outer loop
      vertex 26.8065 -36.1443 75.5
      vertex 28.5477 -34.7855 255.5
      vertex 26.8065 -36.1443 255.5
    endloop
  endfacet
  facet normal 0.615219 -0.788356 0
    outer loop
      vertex 28.5477 -34.7855 255.5
      vertex 26.8065 -36.1443 75.5
      vertex 28.5477 -34.7855 75.5
    endloop
  endfacet
  facet normal 0.575812 -0.817582 0
    outer loop
      vertex 25.0007 -37.4161 75.5
      vertex 26.8065 -36.1443 255.5
      vertex 25.0007 -37.4161 255.5
    endloop
  endfacet
  facet normal 0.575812 -0.817582 0
    outer loop
      vertex 26.8065 -36.1443 255.5
      vertex 25.0007 -37.4161 75.5
      vertex 26.8065 -36.1443 75.5
    endloop
  endfacet
  facet normal 0.653171 -0.757211 0
    outer loop
      vertex 28.5477 -34.7855 75.5
      vertex 30.2202 -33.3428 255.5
      vertex 28.5477 -34.7855 255.5
    endloop
  endfacet
  facet normal 0.653171 -0.757211 0
    outer loop
      vertex 30.2202 -33.3428 255.5
      vertex 28.5477 -34.7855 75.5
      vertex 30.2202 -33.3428 75.5
    endloop
  endfacet
  facet normal 0.40526 -0.914201 0
    outer loop
      vertex 17.2208 -41.5746 75.5
      vertex 19.24 -40.6795 255.5
      vertex 17.2208 -41.5746 255.5
    endloop
  endfacet
  facet normal 0.40526 -0.914201 0
    outer loop
      vertex 19.24 -40.6795 255.5
      vertex 17.2208 -41.5746 75.5
      vertex 19.24 -40.6795 75.5
    endloop
  endfacet
  facet normal 0.492922 -0.870073 0
    outer loop
      vertex 21.2129 -39.6865 75.5
      vertex 23.1346 -38.5978 255.5
      vertex 21.2129 -39.6865 255.5
    endloop
  endfacet
  facet normal 0.492922 -0.870073 0
    outer loop
      vertex 23.1346 -38.5978 255.5
      vertex 21.2129 -39.6865 75.5
      vertex 23.1346 -38.5978 75.5
    endloop
  endfacet
  facet normal 0.449584 -0.893238 0
    outer loop
      vertex 19.24 -40.6795 75.5
      vertex 21.2129 -39.6865 255.5
      vertex 19.24 -40.6795 255.5
    endloop
  endfacet
  facet normal 0.449584 -0.893238 0
    outer loop
      vertex 21.2129 -39.6865 255.5
      vertex 19.24 -40.6795 75.5
      vertex 21.2129 -39.6865 75.5
    endloop
  endfacet
  facet normal 0.724235 -0.689553 0
    outer loop
      vertex 31.8198 -31.8198 255.5
      vertex 33.3428 -30.2202 75.5
      vertex 33.3428 -30.2202 255.5
    endloop
  endfacet
  facet normal 0.724235 -0.689553 0
    outer loop
      vertex 33.3428 -30.2202 75.5
      vertex 31.8198 -31.8198 255.5
      vertex 31.8198 -31.8198 75.5
    endloop
  endfacet
  facet normal 0.757211 -0.653171 0
    outer loop
      vertex 33.3428 -30.2202 255.5
      vertex 34.7855 -28.5477 75.5
      vertex 34.7855 -28.5477 255.5
    endloop
  endfacet
  facet normal 0.757211 -0.653171 0
    outer loop
      vertex 34.7855 -28.5477 75.5
      vertex 33.3428 -30.2202 255.5
      vertex 33.3428 -30.2202 75.5
    endloop
  endfacet
  facet normal 0.844852 -0.534999 0
    outer loop
      vertex 37.4161 -25.0007 255.5
      vertex 38.5978 -23.1346 75.5
      vertex 38.5978 -23.1346 255.5
    endloop
  endfacet
  facet normal 0.844852 -0.534999 0
    outer loop
      vertex 38.5978 -23.1346 75.5
      vertex 37.4161 -25.0007 255.5
      vertex 37.4161 -25.0007 75.5
    endloop
  endfacet
  facet normal 0.893238 -0.449584 0
    outer loop
      vertex 39.6865 -21.2129 255.5
      vertex 40.6795 -19.24 75.5
      vertex 40.6795 -19.24 255.5
    endloop
  endfacet
  facet normal 0.893238 -0.449584 0
    outer loop
      vertex 40.6795 -19.24 75.5
      vertex 39.6865 -21.2129 255.5
      vertex 39.6865 -21.2129 75.5
    endloop
  endfacet
  facet normal 0.963775 -0.266717 0
    outer loop
      vertex 43.0623 -13.0628 255.5
      vertex 43.6514 -10.9341 75.5
      vertex 43.6514 -10.9341 255.5
    endloop
  endfacet
  facet normal 0.963775 -0.266717 0
    outer loop
      vertex 43.6514 -10.9341 75.5
      vertex 43.0623 -13.0628 255.5
      vertex 43.0623 -13.0628 75.5
    endloop
  endfacet
  facet normal -0.122424 -0.992478 0
    outer loop
      vertex -6.60287 -44.5129 75.5
      vertex -4.41077 -44.7833 255.5
      vertex -6.60287 -44.5129 255.5
    endloop
  endfacet
  facet normal -0.122424 -0.992478 -0
    outer loop
      vertex -4.41077 -44.7833 255.5
      vertex -6.60287 -44.5129 75.5
      vertex -4.41077 -44.7833 75.5
    endloop
  endfacet
  facet normal -0.689553 -0.724235 0
    outer loop
      vertex -31.8198 -31.8198 75.5
      vertex -30.2202 -33.3428 255.5
      vertex -31.8198 -31.8198 255.5
    endloop
  endfacet
  facet normal -0.689553 -0.724235 -0
    outer loop
      vertex -30.2202 -33.3428 255.5
      vertex -31.8198 -31.8198 75.5
      vertex -30.2202 -33.3428 75.5
    endloop
  endfacet
  facet normal -0.653171 -0.757211 0
    outer loop
      vertex -30.2202 -33.3428 75.5
      vertex -28.5477 -34.7855 255.5
      vertex -30.2202 -33.3428 255.5
    endloop
  endfacet
  facet normal -0.653171 -0.757211 -0
    outer loop
      vertex -28.5477 -34.7855 255.5
      vertex -30.2202 -33.3428 75.5
      vertex -28.5477 -34.7855 75.5
    endloop
  endfacet
  facet normal -0.534999 -0.844852 0
    outer loop
      vertex -25.0007 -37.4161 75.5
      vertex -23.1346 -38.5978 255.5
      vertex -25.0007 -37.4161 255.5
    endloop
  endfacet
  facet normal -0.534999 -0.844852 -0
    outer loop
      vertex -23.1346 -38.5978 255.5
      vertex -25.0007 -37.4161 75.5
      vertex -23.1346 -38.5978 75.5
    endloop
  endfacet
  facet normal -0.449584 -0.893238 0
    outer loop
      vertex -21.2129 -39.6865 75.5
      vertex -19.24 -40.6795 255.5
      vertex -21.2129 -39.6865 255.5
    endloop
  endfacet
  facet normal -0.449584 -0.893238 -0
    outer loop
      vertex -19.24 -40.6795 255.5
      vertex -21.2129 -39.6865 75.5
      vertex -19.24 -40.6795 75.5
    endloop
  endfacet
  facet normal -0.35988 -0.932999 0
    outer loop
      vertex -17.2208 -41.5746 75.5
      vertex -15.16 -42.3695 255.5
      vertex -17.2208 -41.5746 255.5
    endloop
  endfacet
  facet normal -0.35988 -0.932999 -0
    outer loop
      vertex -15.16 -42.3695 255.5
      vertex -17.2208 -41.5746 75.5
      vertex -15.16 -42.3695 75.5
    endloop
  endfacet
  facet normal -0.313673 -0.949531 0
    outer loop
      vertex -15.16 -42.3695 75.5
      vertex -13.0628 -43.0623 255.5
      vertex -15.16 -42.3695 255.5
    endloop
  endfacet
  facet normal -0.313673 -0.949531 -0
    outer loop
      vertex -13.0628 -43.0623 255.5
      vertex -15.16 -42.3695 75.5
      vertex -13.0628 -43.0623 75.5
    endloop
  endfacet
  facet normal -0.17096 -0.985278 0
    outer loop
      vertex -8.77906 -44.1353 75.5
      vertex -6.60287 -44.5129 255.5
      vertex -8.77906 -44.1353 255.5
    endloop
  endfacet
  facet normal -0.17096 -0.985278 -0
    outer loop
      vertex -6.60287 -44.5129 255.5
      vertex -8.77906 -44.1353 75.5
      vertex -6.60287 -44.5129 75.5
    endloop
  endfacet
  facet normal -0.0735725 -0.99729 0
    outer loop
      vertex -4.41077 -44.7833 75.5
      vertex -2.20805 -44.9458 255.5
      vertex -4.41077 -44.7833 255.5
    endloop
  endfacet
  facet normal -0.0735725 -0.99729 -0
    outer loop
      vertex -2.20805 -44.9458 255.5
      vertex -4.41077 -44.7833 75.5
      vertex -2.20805 -44.9458 75.5
    endloop
  endfacet
  facet normal -0.724235 -0.689553 0
    outer loop
      vertex -31.8198 -31.8198 75.5
      vertex -33.3428 -30.2202 255.5
      vertex -33.3428 -30.2202 75.5
    endloop
  endfacet
  facet normal -0.724235 -0.689553 0
    outer loop
      vertex -33.3428 -30.2202 255.5
      vertex -31.8198 -31.8198 75.5
      vertex -31.8198 -31.8198 255.5
    endloop
  endfacet
  facet normal -0.914201 -0.40526 0
    outer loop
      vertex -40.6795 -19.24 75.5
      vertex -41.5746 -17.2208 255.5
      vertex -41.5746 -17.2208 75.5
    endloop
  endfacet
  facet normal -0.914201 -0.40526 0
    outer loop
      vertex -41.5746 -17.2208 255.5
      vertex -40.6795 -19.24 75.5
      vertex -40.6795 -19.24 255.5
    endloop
  endfacet
  facet normal -0.893238 -0.449584 0
    outer loop
      vertex -39.6865 -21.2129 75.5
      vertex -40.6795 -19.24 255.5
      vertex -40.6795 -19.24 75.5
    endloop
  endfacet
  facet normal -0.893238 -0.449584 0
    outer loop
      vertex -40.6795 -19.24 255.5
      vertex -39.6865 -21.2129 75.5
      vertex -39.6865 -21.2129 255.5
    endloop
  endfacet
  facet normal -0.870073 -0.492922 0
    outer loop
      vertex -38.5978 -23.1346 75.5
      vertex -39.6865 -21.2129 255.5
      vertex -39.6865 -21.2129 75.5
    endloop
  endfacet
  facet normal -0.870073 -0.492922 0
    outer loop
      vertex -39.6865 -21.2129 255.5
      vertex -38.5978 -23.1346 75.5
      vertex -38.5978 -23.1346 255.5
    endloop
  endfacet
  facet normal -0.817582 -0.575812 0
    outer loop
      vertex -36.1443 -26.8065 75.5
      vertex -37.4161 -25.0007 255.5
      vertex -37.4161 -25.0007 75.5
    endloop
  endfacet
  facet normal -0.817582 -0.575812 0
    outer loop
      vertex -37.4161 -25.0007 255.5
      vertex -36.1443 -26.8065 75.5
      vertex -36.1443 -26.8065 255.5
    endloop
  endfacet
  facet normal -0.932999 -0.35988 0
    outer loop
      vertex -41.5746 -17.2208 75.5
      vertex -42.3695 -15.16 255.5
      vertex -42.3695 -15.16 75.5
    endloop
  endfacet
  facet normal -0.932999 -0.35988 0
    outer loop
      vertex -42.3695 -15.16 255.5
      vertex -41.5746 -17.2208 75.5
      vertex -41.5746 -17.2208 255.5
    endloop
  endfacet
  facet normal -0.975705 -0.219088 0
    outer loop
      vertex -43.6514 -10.9341 75.5
      vertex -44.1353 -8.77906 255.5
      vertex -44.1353 -8.77906 75.5
    endloop
  endfacet
  facet normal -0.975705 -0.219088 0
    outer loop
      vertex -44.1353 -8.77906 255.5
      vertex -43.6514 -10.9341 75.5
      vertex -43.6514 -10.9341 255.5
    endloop
  endfacet
  facet normal -0.992478 -0.122424 0
    outer loop
      vertex -44.5129 -6.60287 75.5
      vertex -44.7833 -4.41077 255.5
      vertex -44.7833 -4.41077 75.5
    endloop
  endfacet
  facet normal -0.992478 -0.122424 0
    outer loop
      vertex -44.7833 -4.41077 255.5
      vertex -44.5129 -6.60287 75.5
      vertex -44.5129 -6.60287 255.5
    endloop
  endfacet
  facet normal -0.999699 -0.0245392 0
    outer loop
      vertex -44.9458 -2.20805 75.5
      vertex -45 0 255.5
      vertex -45 0 75.5
    endloop
  endfacet
  facet normal -0.999699 -0.0245392 0
    outer loop
      vertex -45 0 255.5
      vertex -44.9458 -2.20805 75.5
      vertex -44.9458 -2.20805 255.5
    endloop
  endfacet
  facet normal 0 0 -1
    outer loop
      vertex 43 0 75.5
      vertex 45 0 75.5
      vertex 44.9458 -2.20805 75.5
    endloop
  endfacet
  facet normal 0 0 -1
    outer loop
      vertex 42.9482 -2.10991 75.5
      vertex 44.9458 -2.20805 75.5
      vertex 44.7833 -4.41077 75.5
    endloop
  endfacet
  facet normal 0 0 -1
    outer loop
      vertex 45 0 75.5
      vertex 43 0 75.5
      vertex 44.9458 2.20805 75.5
    endloop
  endfacet
  facet normal 0 0 -1
    outer loop
      vertex 42.7929 -4.21474 75.5
      vertex 44.7833 -4.41077 75.5
      vertex 44.5129 -6.60287 75.5
    endloop
  endfacet
  facet normal 0 0 -1
    outer loop
      vertex 42.9482 2.10991 75.5
      vertex 44.9458 2.20805 75.5
      vertex 43 0 75.5
    endloop
  endfacet
  facet normal 0 0 -1
    outer loop
      vertex 42.5346 -6.30941 75.5
      vertex 44.5129 -6.60287 75.5
      vertex 44.1353 -8.77906 75.5
    endloop
  endfacet
  facet normal -0 0 -1
    outer loop
      vertex 44.9458 2.20805 75.5
      vertex 42.9482 2.10991 75.5
      vertex 44.7833 4.41077 75.5
    endloop
  endfacet
  facet normal 0 0 -1
    outer loop
      vertex 42.1738 -8.38888 75.5
      vertex 44.1353 -8.77906 75.5
      vertex 43.6514 -10.9341 75.5
    endloop
  endfacet
  facet normal 0 0 -1
    outer loop
      vertex 42.7929 4.21474 75.5
      vertex 44.7833 4.41077 75.5
      vertex 42.9482 2.10991 75.5
    endloop
  endfacet
  facet normal 0 0 -1
    outer loop
      vertex 41.7113 -10.4481 75.5
      vertex 43.6514 -10.9341 75.5
      vertex 43.0623 -13.0628 75.5
    endloop
  endfacet
  facet normal -0 0 -1
    outer loop
      vertex 44.7833 4.41077 75.5
      vertex 42.7929 4.21474 75.5
      vertex 44.5129 6.60287 75.5
    endloop
  endfacet
  facet normal 0 0 -1
    outer loop
      vertex 42.5346 6.30941 75.5
      vertex 44.5129 6.60287 75.5
      vertex 42.7929 4.21474 75.5
    endloop
  endfacet
  facet normal 0 0 -1
    outer loop
      vertex 44.9458 -2.20805 75.5
      vertex 42.9482 -2.10991 75.5
      vertex 43 0 75.5
    endloop
  endfacet
  facet normal 0 0 -1
    outer loop
      vertex 44.7833 -4.41077 75.5
      vertex 42.7929 -4.21474 75.5
      vertex 42.9482 -2.10991 75.5
    endloop
  endfacet
  facet normal 0 0 -1
    outer loop
      vertex 44.5129 -6.60287 75.5
      vertex 42.5346 -6.30941 75.5
      vertex 42.7929 -4.21474 75.5
    endloop
  endfacet
  facet normal 0 0 -1
    outer loop
      vertex 41.1484 -12.4822 75.5
      vertex 43.0623 -13.0628 75.5
      vertex 42.3695 -15.16 75.5
    endloop
  endfacet
  facet normal 0 0 -1
    outer loop
      vertex 44.1353 -8.77906 75.5
      vertex 42.1738 -8.38888 75.5
      vertex 42.5346 -6.30941 75.5
    endloop
  endfacet
  facet normal 0 0 -1
    outer loop
      vertex 43.6514 -10.9341 75.5
      vertex 41.7113 -10.4481 75.5
      vertex 42.1738 -8.38888 75.5
    endloop
  endfacet
  facet normal 0 0 -1
    outer loop
      vertex 40.4864 -14.4863 75.5
      vertex 42.3695 -15.16 75.5
      vertex 41.5746 -17.2208 75.5
    endloop
  endfacet
  facet normal 0 0 -1
    outer loop
      vertex 43.0623 -13.0628 75.5
      vertex 41.1484 -12.4822 75.5
      vertex 41.7113 -10.4481 75.5
    endloop
  endfacet
  facet normal 0 0 -1
    outer loop
      vertex 39.7268 -16.4554 75.5
      vertex 41.5746 -17.2208 75.5
      vertex 40.6795 -19.24 75.5
    endloop
  endfacet
  facet normal 0 0 -1
    outer loop
      vertex 42.3695 -15.16 75.5
      vertex 40.4864 -14.4863 75.5
      vertex 41.1484 -12.4822 75.5
    endloop
  endfacet
  facet normal 0 0 -1
    outer loop
      vertex 41.5746 -17.2208 75.5
      vertex 39.7268 -16.4554 75.5
      vertex 40.4864 -14.4863 75.5
    endloop
  endfacet
  facet normal 0 0 -1
    outer loop
      vertex 38.8715 -18.3849 75.5
      vertex 40.6795 -19.24 75.5
      vertex 39.6865 -21.2129 75.5
    endloop
  endfacet
  facet normal 0 0 -1
    outer loop
      vertex 40.6795 -19.24 75.5
      vertex 38.8715 -18.3849 75.5
      vertex 39.7268 -16.4554 75.5
    endloop
  endfacet
  facet normal 0 0 -1
    outer loop
      vertex 37.9226 -20.2701 75.5
      vertex 39.6865 -21.2129 75.5
      vertex 38.5978 -23.1346 75.5
    endloop
  endfacet
  facet normal 0 0 -1
    outer loop
      vertex 39.6865 -21.2129 75.5
      vertex 37.9226 -20.2701 75.5
      vertex 38.8715 -18.3849 75.5
    endloop
  endfacet
  facet normal 0 0 -1
    outer loop
      vertex 36.8823 -22.1064 75.5
      vertex 38.5978 -23.1346 75.5
      vertex 37.4161 -25.0007 75.5
    endloop
  endfacet
  facet normal 0 0 -1
    outer loop
      vertex 38.5978 -23.1346 75.5
      vertex 36.8823 -22.1064 75.5
      vertex 37.9226 -20.2701 75.5
    endloop
  endfacet
  facet normal 0 0 -1
    outer loop
      vertex 35.7532 -23.8895 75.5
      vertex 37.4161 -25.0007 75.5
      vertex 36.1443 -26.8065 75.5
    endloop
  endfacet
  facet normal 0 0 -1
    outer loop
      vertex 37.4161 -25.0007 75.5
      vertex 35.7532 -23.8895 75.5
      vertex 36.8823 -22.1064 75.5
    endloop
  endfacet
  facet normal 0 0 -1
    outer loop
      vertex 34.5379 -25.6151 75.5
      vertex 36.1443 -26.8065 75.5
      vertex 34.7855 -28.5477 75.5
    endloop
  endfacet
  facet normal 0 0 -1
    outer loop
      vertex 36.1443 -26.8065 75.5
      vertex 34.5379 -25.6151 75.5
      vertex 35.7532 -23.8895 75.5
    endloop
  endfacet
  facet normal 0 0 -1
    outer loop
      vertex 33.2394 -27.2789 75.5
      vertex 34.7855 -28.5477 75.5
      vertex 33.3428 -30.2202 75.5
    endloop
  endfacet
  facet normal 0 0 -1
    outer loop
      vertex 34.7855 -28.5477 75.5
      vertex 33.2394 -27.2789 75.5
      vertex 34.5379 -25.6151 75.5
    endloop
  endfacet
  facet normal 0 0 -1
    outer loop
      vertex 33.3428 -30.2202 75.5
      vertex 31.8609 -28.877 75.5
      vertex 33.2394 -27.2789 75.5
    endloop
  endfacet
  facet normal 0 0 -1
    outer loop
      vertex 31.8198 -31.8198 75.5
      vertex 31.8609 -28.877 75.5
      vertex 33.3428 -30.2202 75.5
    endloop
  endfacet
  facet normal 0 0 -1
    outer loop
      vertex 31.8198 -31.8198 75.5
      vertex 30.4056 -30.4056 75.5
      vertex 31.8609 -28.877 75.5
    endloop
  endfacet
  facet normal 0 0 -1
    outer loop
      vertex 30.2202 -33.3428 75.5
      vertex 30.4056 -30.4056 75.5
      vertex 31.8198 -31.8198 75.5
    endloop
  endfacet
  facet normal 0 0 -1
    outer loop
      vertex 30.2202 -33.3428 75.5
      vertex 28.877 -31.8609 75.5
      vertex 30.4056 -30.4056 75.5
    endloop
  endfacet
  facet normal 0 0 -1
    outer loop
      vertex 28.5477 -34.7855 75.5
      vertex 28.877 -31.8609 75.5
      vertex 30.2202 -33.3428 75.5
    endloop
  endfacet
  facet normal 0 0 -1
    outer loop
      vertex 28.5477 -34.7855 75.5
      vertex 27.2789 -33.2394 75.5
      vertex 28.877 -31.8609 75.5
    endloop
  endfacet
  facet normal 0 0 -1
    outer loop
      vertex 26.8065 -36.1443 75.5
      vertex 27.2789 -33.2394 75.5
      vertex 28.5477 -34.7855 75.5
    endloop
  endfacet
  facet normal 0 0 -1
    outer loop
      vertex 26.8065 -36.1443 75.5
      vertex 25.6151 -34.5379 75.5
      vertex 27.2789 -33.2394 75.5
    endloop
  endfacet
  facet normal 0 0 -1
    outer loop
      vertex 25.0007 -37.4161 75.5
      vertex 25.6151 -34.5379 75.5
      vertex 26.8065 -36.1443 75.5
    endloop
  endfacet
  facet normal 0 0 -1
    outer loop
      vertex 25.0007 -37.4161 75.5
      vertex 23.8895 -35.7532 75.5
      vertex 25.6151 -34.5379 75.5
    endloop
  endfacet
  facet normal 0 0 -1
    outer loop
      vertex 23.1346 -38.5978 75.5
      vertex 23.8895 -35.7532 75.5
      vertex 25.0007 -37.4161 75.5
    endloop
  endfacet
  facet normal 0 0 -1
    outer loop
      vertex 23.1346 -38.5978 75.5
      vertex 22.1064 -36.8823 75.5
      vertex 23.8895 -35.7532 75.5
    endloop
  endfacet
  facet normal 0 0 -1
    outer loop
      vertex 21.2129 -39.6865 75.5
      vertex 22.1064 -36.8823 75.5
      vertex 23.1346 -38.5978 75.5
    endloop
  endfacet
  facet normal 0 0 -1
    outer loop
      vertex 21.2129 -39.6865 75.5
      vertex 20.2701 -37.9226 75.5
      vertex 22.1064 -36.8823 75.5
    endloop
  endfacet
  facet normal 0 0 -1
    outer loop
      vertex 19.24 -40.6795 75.5
      vertex 20.2701 -37.9226 75.5
      vertex 21.2129 -39.6865 75.5
    endloop
  endfacet
  facet normal 0 0 -1
    outer loop
      vertex 19.24 -40.6795 75.5
      vertex 18.3849 -38.8715 75.5
      vertex 20.2701 -37.9226 75.5
    endloop
  endfacet
  facet normal 0 0 -1
    outer loop
      vertex 17.2208 -41.5746 75.5
      vertex 18.3849 -38.8715 75.5
      vertex 19.24 -40.6795 75.5
    endloop
  endfacet
  facet normal 0 0 -1
    outer loop
      vertex 17.2208 -41.5746 75.5
      vertex 16.4554 -39.7268 75.5
      vertex 18.3849 -38.8715 75.5
    endloop
  endfacet
  facet normal 0 0 -1
    outer loop
      vertex 15.16 -42.3695 75.5
      vertex 16.4554 -39.7268 75.5
      vertex 17.2208 -41.5746 75.5
    endloop
  endfacet
  facet normal 0 0 -1
    outer loop
      vertex 15.16 -42.3695 75.5
      vertex 14.4863 -40.4864 75.5
      vertex 16.4554 -39.7268 75.5
    endloop
  endfacet
  facet normal 0 0 -1
    outer loop
      vertex 13.0628 -43.0623 75.5
      vertex 14.4863 -40.4864 75.5
      vertex 15.16 -42.3695 75.5
    endloop
  endfacet
  facet normal 0 0 -1
    outer loop
      vertex 13.0628 -43.0623 75.5
      vertex 12.4822 -41.1484 75.5
      vertex 14.4863 -40.4864 75.5
    endloop
  endfacet
  facet normal 0 0 -1
    outer loop
      vertex 10.9341 -43.6514 75.5
      vertex 12.4822 -41.1484 75.5
      vertex 13.0628 -43.0623 75.5
    endloop
  endfacet
  facet normal 0 0 -1
    outer loop
      vertex 10.9341 -43.6514 75.5
      vertex 10.4481 -41.7113 75.5
      vertex 12.4822 -41.1484 75.5
    endloop
  endfacet
  facet normal 0 0 -1
    outer loop
      vertex 8.77906 -44.1353 75.5
      vertex 10.4481 -41.7113 75.5
      vertex 10.9341 -43.6514 75.5
    endloop
  endfacet
  facet normal 0 0 -1
    outer loop
      vertex 8.77906 -44.1353 75.5
      vertex 8.38888 -42.1738 75.5
      vertex 10.4481 -41.7113 75.5
    endloop
  endfacet
  facet normal 0 0 -1
    outer loop
      vertex 6.60287 -44.5129 75.5
      vertex 8.38888 -42.1738 75.5
      vertex 8.77906 -44.1353 75.5
    endloop
  endfacet
  facet normal 0 0 -1
    outer loop
      vertex 6.60287 -44.5129 75.5
      vertex 6.30941 -42.5346 75.5
      vertex 8.38888 -42.1738 75.5
    endloop
  endfacet
  facet normal 0 0 -1
    outer loop
      vertex 4.41077 -44.7833 75.5
      vertex 6.30941 -42.5346 75.5
      vertex 6.60287 -44.5129 75.5
    endloop
  endfacet
  facet normal 0 0 -1
    outer loop
      vertex 4.41077 -44.7833 75.5
      vertex 4.21474 -42.7929 75.5
      vertex 6.30941 -42.5346 75.5
    endloop
  endfacet
  facet normal 0 0 -1
    outer loop
      vertex 2.20805 -44.9458 75.5
      vertex 4.21474 -42.7929 75.5
      vertex 4.41077 -44.7833 75.5
    endloop
  endfacet
  facet normal 0 0 -1
    outer loop
      vertex 2.20805 -44.9458 75.5
      vertex 2.10991 -42.9482 75.5
      vertex 4.21474 -42.7929 75.5
    endloop
  endfacet
  facet normal 0 0 -1
    outer loop
      vertex 0 -45 75.5
      vertex 2.10991 -42.9482 75.5
      vertex 2.20805 -44.9458 75.5
    endloop
  endfacet
  facet normal 0 0 -1
    outer loop
      vertex 0 -45 75.5
      vertex 0 -43 75.5
      vertex 2.10991 -42.9482 75.5
    endloop
  endfacet
  facet normal 0 0 -1
    outer loop
      vertex 0 -45 75.5
      vertex -2.10991 -42.9482 75.5
      vertex 0 -43 75.5
    endloop
  endfacet
  facet normal 0 0 -1
    outer loop
      vertex -2.20805 -44.9458 75.5
      vertex -2.10991 -42.9482 75.5
      vertex 0 -45 75.5
    endloop
  endfacet
  facet normal 0 0 -1
    outer loop
      vertex -2.20805 -44.9458 75.5
      vertex -4.21474 -42.7929 75.5
      vertex -2.10991 -42.9482 75.5
    endloop
  endfacet
  facet normal 0 0 -1
    outer loop
      vertex -4.41077 -44.7833 75.5
      vertex -4.21474 -42.7929 75.5
      vertex -2.20805 -44.9458 75.5
    endloop
  endfacet
  facet normal 0 0 -1
    outer loop
      vertex -4.41077 -44.7833 75.5
      vertex -6.30941 -42.5346 75.5
      vertex -4.21474 -42.7929 75.5
    endloop
  endfacet
  facet normal 0 0 -1
    outer loop
      vertex -6.60287 -44.5129 75.5
      vertex -6.30941 -42.5346 75.5
      vertex -4.41077 -44.7833 75.5
    endloop
  endfacet
  facet normal 0 0 -1
    outer loop
      vertex -6.60287 -44.5129 75.5
      vertex -8.38888 -42.1738 75.5
      vertex -6.30941 -42.5346 75.5
    endloop
  endfacet
  facet normal 0 0 -1
    outer loop
      vertex -8.77906 -44.1353 75.5
      vertex -8.38888 -42.1738 75.5
      vertex -6.60287 -44.5129 75.5
    endloop
  endfacet
  facet normal 0 0 -1
    outer loop
      vertex -8.77906 -44.1353 75.5
      vertex -10.4481 -41.7113 75.5
      vertex -8.38888 -42.1738 75.5
    endloop
  endfacet
  facet normal 0 0 -1
    outer loop
      vertex -10.9341 -43.6514 75.5
      vertex -10.4481 -41.7113 75.5
      vertex -8.77906 -44.1353 75.5
    endloop
  endfacet
  facet normal 0 0 -1
    outer loop
      vertex -10.9341 -43.6514 75.5
      vertex -12.4822 -41.1484 75.5
      vertex -10.4481 -41.7113 75.5
    endloop
  endfacet
  facet normal 0 0 -1
    outer loop
      vertex -13.0628 -43.0623 75.5
      vertex -12.4822 -41.1484 75.5
      vertex -10.9341 -43.6514 75.5
    endloop
  endfacet
  facet normal 0 0 -1
    outer loop
      vertex -13.0628 -43.0623 75.5
      vertex -14.4863 -40.4864 75.5
      vertex -12.4822 -41.1484 75.5
    endloop
  endfacet
  facet normal 0 0 -1
    outer loop
      vertex -15.16 -42.3695 75.5
      vertex -14.4863 -40.4864 75.5
      vertex -13.0628 -43.0623 75.5
    endloop
  endfacet
  facet normal 0 0 -1
    outer loop
      vertex -15.16 -42.3695 75.5
      vertex -16.4554 -39.7268 75.5
      vertex -14.4863 -40.4864 75.5
    endloop
  endfacet
  facet normal 0 0 -1
    outer loop
      vertex -17.2208 -41.5746 75.5
      vertex -16.4554 -39.7268 75.5
      vertex -15.16 -42.3695 75.5
    endloop
  endfacet
  facet normal 0 0 -1
    outer loop
      vertex -17.2208 -41.5746 75.5
      vertex -18.3849 -38.8715 75.5
      vertex -16.4554 -39.7268 75.5
    endloop
  endfacet
  facet normal 0 0 -1
    outer loop
      vertex -19.24 -40.6795 75.5
      vertex -18.3849 -38.8715 75.5
      vertex -17.2208 -41.5746 75.5
    endloop
  endfacet
  facet normal 0 0 -1
    outer loop
      vertex -19.24 -40.6795 75.5
      vertex -20.2701 -37.9226 75.5
      vertex -18.3849 -38.8715 75.5
    endloop
  endfacet
  facet normal 0 0 -1
    outer loop
      vertex -21.2129 -39.6865 75.5
      vertex -20.2701 -37.9226 75.5
      vertex -19.24 -40.6795 75.5
    endloop
  endfacet
  facet normal 0 0 -1
    outer loop
      vertex -21.2129 -39.6865 75.5
      vertex -22.1064 -36.8823 75.5
      vertex -20.2701 -37.9226 75.5
    endloop
  endfacet
  facet normal 0 0 -1
    outer loop
      vertex -23.1346 -38.5978 75.5
      vertex -22.1064 -36.8823 75.5
      vertex -21.2129 -39.6865 75.5
    endloop
  endfacet
  facet normal 0 0 -1
    outer loop
      vertex -23.1346 -38.5978 75.5
      vertex -23.8895 -35.7532 75.5
      vertex -22.1064 -36.8823 75.5
    endloop
  endfacet
  facet normal 0 0 -1
    outer loop
      vertex -25.0007 -37.4161 75.5
      vertex -23.8895 -35.7532 75.5
      vertex -23.1346 -38.5978 75.5
    endloop
  endfacet
  facet normal 0 0 -1
    outer loop
      vertex -25.0007 -37.4161 75.5
      vertex -25.6151 -34.5379 75.5
      vertex -23.8895 -35.7532 75.5
    endloop
  endfacet
  facet normal 0 0 -1
    outer loop
      vertex -26.8065 -36.1443 75.5
      vertex -25.6151 -34.5379 75.5
      vertex -25.0007 -37.4161 75.5
    endloop
  endfacet
  facet normal 0 0 -1
    outer loop
      vertex -26.8065 -36.1443 75.5
      vertex -27.2789 -33.2394 75.5
      vertex -25.6151 -34.5379 75.5
    endloop
  endfacet
  facet normal 0 0 -1
    outer loop
      vertex -28.5477 -34.7855 75.5
      vertex -27.2789 -33.2394 75.5
      vertex -26.8065 -36.1443 75.5
    endloop
  endfacet
  facet normal 0 0 -1
    outer loop
      vertex -28.5477 -34.7855 75.5
      vertex -28.877 -31.8609 75.5
      vertex -27.2789 -33.2394 75.5
    endloop
  endfacet
  facet normal 0 0 -1
    outer loop
      vertex -30.2202 -33.3428 75.5
      vertex -28.877 -31.8609 75.5
      vertex -28.5477 -34.7855 75.5
    endloop
  endfacet
  facet normal 0 0 -1
    outer loop
      vertex -30.2202 -33.3428 75.5
      vertex -30.4056 -30.4056 75.5
      vertex -28.877 -31.8609 75.5
    endloop
  endfacet
  facet normal 0 0 -1
    outer loop
      vertex -31.8198 -31.8198 75.5
      vertex -30.4056 -30.4056 75.5
      vertex -30.2202 -33.3428 75.5
    endloop
  endfacet
  facet normal 0 0 -1
    outer loop
      vertex -31.8198 -31.8198 75.5
      vertex -31.8609 -28.877 75.5
      vertex -30.4056 -30.4056 75.5
    endloop
  endfacet
  facet normal 0 0 -1
    outer loop
      vertex -33.3428 -30.2202 75.5
      vertex -31.8609 -28.877 75.5
      vertex -31.8198 -31.8198 75.5
    endloop
  endfacet
  facet normal -0 0 -1
    outer loop
      vertex -31.8609 -28.877 75.5
      vertex -33.3428 -30.2202 75.5
      vertex -33.2394 -27.2789 75.5
    endloop
  endfacet
  facet normal 0 0 -1
    outer loop
      vertex -34.7855 -28.5477 75.5
      vertex -33.2394 -27.2789 75.5
      vertex -33.3428 -30.2202 75.5
    endloop
  endfacet
  facet normal -0 0 -1
    outer loop
      vertex -33.2394 -27.2789 75.5
      vertex -34.7855 -28.5477 75.5
      vertex -34.5379 -25.6151 75.5
    endloop
  endfacet
  facet normal 0 0 -1
    outer loop
      vertex -36.1443 -26.8065 75.5
      vertex -34.5379 -25.6151 75.5
      vertex -34.7855 -28.5477 75.5
    endloop
  endfacet
  facet normal -0 0 -1
    outer loop
      vertex -34.5379 -25.6151 75.5
      vertex -36.1443 -26.8065 75.5
      vertex -35.7532 -23.8895 75.5
    endloop
  endfacet
  facet normal 0 0 -1
    outer loop
      vertex -37.4161 -25.0007 75.5
      vertex -35.7532 -23.8895 75.5
      vertex -36.1443 -26.8065 75.5
    endloop
  endfacet
  facet normal -0 0 -1
    outer loop
      vertex -35.7532 -23.8895 75.5
      vertex -37.4161 -25.0007 75.5
      vertex -36.8823 -22.1064 75.5
    endloop
  endfacet
  facet normal 0 0 -1
    outer loop
      vertex -38.5978 -23.1346 75.5
      vertex -36.8823 -22.1064 75.5
      vertex -37.4161 -25.0007 75.5
    endloop
  endfacet
  facet normal -0 0 -1
    outer loop
      vertex -36.8823 -22.1064 75.5
      vertex -38.5978 -23.1346 75.5
      vertex -37.9226 -20.2701 75.5
    endloop
  endfacet
  facet normal 0 0 -1
    outer loop
      vertex -39.6865 -21.2129 75.5
      vertex -37.9226 -20.2701 75.5
      vertex -38.5978 -23.1346 75.5
    endloop
  endfacet
  facet normal -0 0 -1
    outer loop
      vertex -37.9226 -20.2701 75.5
      vertex -39.6865 -21.2129 75.5
      vertex -38.8715 -18.3849 75.5
    endloop
  endfacet
  facet normal 0 0 -1
    outer loop
      vertex -40.6795 -19.24 75.5
      vertex -38.8715 -18.3849 75.5
      vertex -39.6865 -21.2129 75.5
    endloop
  endfacet
  facet normal -0 0 -1
    outer loop
      vertex -38.8715 -18.3849 75.5
      vertex -40.6795 -19.24 75.5
      vertex -39.7268 -16.4554 75.5
    endloop
  endfacet
  facet normal 0 0 -1
    outer loop
      vertex -41.5746 -17.2208 75.5
      vertex -39.7268 -16.4554 75.5
      vertex -40.6795 -19.24 75.5
    endloop
  endfacet
  facet normal -0 0 -1
    outer loop
      vertex -39.7268 -16.4554 75.5
      vertex -41.5746 -17.2208 75.5
      vertex -40.4864 -14.4863 75.5
    endloop
  endfacet
  facet normal 0 0 -1
    outer loop
      vertex -42.3695 -15.16 75.5
      vertex -40.4864 -14.4863 75.5
      vertex -41.5746 -17.2208 75.5
    endloop
  endfacet
  facet normal -0 0 -1
    outer loop
      vertex -40.4864 -14.4863 75.5
      vertex -42.3695 -15.16 75.5
      vertex -41.1484 -12.4822 75.5
    endloop
  endfacet
  facet normal 0 0 -1
    outer loop
      vertex -43.0623 -13.0628 75.5
      vertex -41.1484 -12.4822 75.5
      vertex -42.3695 -15.16 75.5
    endloop
  endfacet
  facet normal -0 0 -1
    outer loop
      vertex -41.1484 -12.4822 75.5
      vertex -43.0623 -13.0628 75.5
      vertex -41.7113 -10.4481 75.5
    endloop
  endfacet
  facet normal 0 0 -1
    outer loop
      vertex -43.6514 -10.9341 75.5
      vertex -41.7113 -10.4481 75.5
      vertex -43.0623 -13.0628 75.5
    endloop
  endfacet
  facet normal -0 0 -1
    outer loop
      vertex -41.7113 -10.4481 75.5
      vertex -43.6514 -10.9341 75.5
      vertex -42.1738 -8.38888 75.5
    endloop
  endfacet
  facet normal 0 0 -1
    outer loop
      vertex -44.1353 -8.77906 75.5
      vertex -42.1738 -8.38888 75.5
      vertex -43.6514 -10.9341 75.5
    endloop
  endfacet
  facet normal 0 0 -1
    outer loop
      vertex -44.5129 -6.60287 75.5
      vertex -42.5346 -6.30941 75.5
      vertex -44.1353 -8.77906 75.5
    endloop
  endfacet
  facet normal -0 0 -1
    outer loop
      vertex -42.1738 -8.38888 75.5
      vertex -44.1353 -8.77906 75.5
      vertex -42.5346 -6.30941 75.5
    endloop
  endfacet
  facet normal -0 0 -1
    outer loop
      vertex 44.5129 6.60287 75.5
      vertex 42.5346 6.30941 75.5
      vertex 44.1353 8.77906 75.5
    endloop
  endfacet
  facet normal 0 0 -1
    outer loop
      vertex 42.1738 8.38888 75.5
      vertex 44.1353 8.77906 75.5
      vertex 42.5346 6.30941 75.5
    endloop
  endfacet
  facet normal -0 0 -1
    outer loop
      vertex 44.1353 8.77906 75.5
      vertex 42.1738 8.38888 75.5
      vertex 43.6514 10.9341 75.5
    endloop
  endfacet
  facet normal 0 0 -1
    outer loop
      vertex 41.7113 10.4481 75.5
      vertex 43.6514 10.9341 75.5
      vertex 42.1738 8.38888 75.5
    endloop
  endfacet
  facet normal -0 0 -1
    outer loop
      vertex 43.6514 10.9341 75.5
      vertex 41.7113 10.4481 75.5
      vertex 43.0623 13.0628 75.5
    endloop
  endfacet
  facet normal 0 0 -1
    outer loop
      vertex 41.1484 12.4822 75.5
      vertex 43.0623 13.0628 75.5
      vertex 41.7113 10.4481 75.5
    endloop
  endfacet
  facet normal -0 0 -1
    outer loop
      vertex 43.0623 13.0628 75.5
      vertex 41.1484 12.4822 75.5
      vertex 42.3695 15.16 75.5
    endloop
  endfacet
  facet normal 0 0 -1
    outer loop
      vertex 40.4864 14.4863 75.5
      vertex 42.3695 15.16 75.5
      vertex 41.1484 12.4822 75.5
    endloop
  endfacet
  facet normal -0 0 -1
    outer loop
      vertex 42.3695 15.16 75.5
      vertex 40.4864 14.4863 75.5
      vertex 41.5746 17.2208 75.5
    endloop
  endfacet
  facet normal 0 0 -1
    outer loop
      vertex 39.7268 16.4554 75.5
      vertex 41.5746 17.2208 75.5
      vertex 40.4864 14.4863 75.5
    endloop
  endfacet
  facet normal -0 0 -1
    outer loop
      vertex 41.5746 17.2208 75.5
      vertex 39.7268 16.4554 75.5
      vertex 40.6795 19.24 75.5
    endloop
  endfacet
  facet normal 0 0 -1
    outer loop
      vertex 38.8715 18.3849 75.5
      vertex 40.6795 19.24 75.5
      vertex 39.7268 16.4554 75.5
    endloop
  endfacet
  facet normal -0 0 -1
    outer loop
      vertex 40.6795 19.24 75.5
      vertex 38.8715 18.3849 75.5
      vertex 39.6865 21.2129 75.5
    endloop
  endfacet
  facet normal 0 0 -1
    outer loop
      vertex 37.9226 20.2701 75.5
      vertex 39.6865 21.2129 75.5
      vertex 38.8715 18.3849 75.5
    endloop
  endfacet
  facet normal -0 0 -1
    outer loop
      vertex 39.6865 21.2129 75.5
      vertex 37.9226 20.2701 75.5
      vertex 38.5978 23.1346 75.5
    endloop
  endfacet
  facet normal 0 0 -1
    outer loop
      vertex 36.8823 22.1064 75.5
      vertex 38.5978 23.1346 75.5
      vertex 37.9226 20.2701 75.5
    endloop
  endfacet
  facet normal -0 0 -1
    outer loop
      vertex 38.5978 23.1346 75.5
      vertex 36.8823 22.1064 75.5
      vertex 37.4161 25.0007 75.5
    endloop
  endfacet
  facet normal 0 0 -1
    outer loop
      vertex 35.7532 23.8895 75.5
      vertex 37.4161 25.0007 75.5
      vertex 36.8823 22.1064 75.5
    endloop
  endfacet
  facet normal -0 0 -1
    outer loop
      vertex 37.4161 25.0007 75.5
      vertex 35.7532 23.8895 75.5
      vertex 36.1443 26.8065 75.5
    endloop
  endfacet
  facet normal 0 0 -1
    outer loop
      vertex 34.5379 25.6151 75.5
      vertex 36.1443 26.8065 75.5
      vertex 35.7532 23.8895 75.5
    endloop
  endfacet
  facet normal -0 0 -1
    outer loop
      vertex 36.1443 26.8065 75.5
      vertex 34.5379 25.6151 75.5
      vertex 34.7855 28.5477 75.5
    endloop
  endfacet
  facet normal 0 0 -1
    outer loop
      vertex 33.2394 27.2789 75.5
      vertex 34.7855 28.5477 75.5
      vertex 34.5379 25.6151 75.5
    endloop
  endfacet
  facet normal -0 0 -1
    outer loop
      vertex 34.7855 28.5477 75.5
      vertex 33.2394 27.2789 75.5
      vertex 33.3428 30.2202 75.5
    endloop
  endfacet
  facet normal 0 0 -1
    outer loop
      vertex 31.8609 28.877 75.5
      vertex 33.3428 30.2202 75.5
      vertex 33.2394 27.2789 75.5
    endloop
  endfacet
  facet normal 0 0 -1
    outer loop
      vertex 31.8609 28.877 75.5
      vertex 31.8198 31.8198 75.5
      vertex 33.3428 30.2202 75.5
    endloop
  endfacet
  facet normal 0 0 -1
    outer loop
      vertex 30.4056 30.4056 75.5
      vertex 31.8198 31.8198 75.5
      vertex 31.8609 28.877 75.5
    endloop
  endfacet
  facet normal 0 0 -1
    outer loop
      vertex 30.4056 30.4056 75.5
      vertex 30.2202 33.3428 75.5
      vertex 31.8198 31.8198 75.5
    endloop
  endfacet
  facet normal 0 0 -1
    outer loop
      vertex 28.877 31.8609 75.5
      vertex 30.2202 33.3428 75.5
      vertex 30.4056 30.4056 75.5
    endloop
  endfacet
  facet normal 0 0 -1
    outer loop
      vertex 28.877 31.8609 75.5
      vertex 28.5477 34.7855 75.5
      vertex 30.2202 33.3428 75.5
    endloop
  endfacet
  facet normal 0 0 -1
    outer loop
      vertex 27.2789 33.2394 75.5
      vertex 28.5477 34.7855 75.5
      vertex 28.877 31.8609 75.5
    endloop
  endfacet
  facet normal 0 0 -1
    outer loop
      vertex 27.2789 33.2394 75.5
      vertex 26.8065 36.1443 75.5
      vertex 28.5477 34.7855 75.5
    endloop
  endfacet
  facet normal 0 0 -1
    outer loop
      vertex 25.6151 34.5379 75.5
      vertex 26.8065 36.1443 75.5
      vertex 27.2789 33.2394 75.5
    endloop
  endfacet
  facet normal 0 0 -1
    outer loop
      vertex 25.6151 34.5379 75.5
      vertex 25.0007 37.4161 75.5
      vertex 26.8065 36.1443 75.5
    endloop
  endfacet
  facet normal 0 0 -1
    outer loop
      vertex 23.8895 35.7532 75.5
      vertex 25.0007 37.4161 75.5
      vertex 25.6151 34.5379 75.5
    endloop
  endfacet
  facet normal 0 0 -1
    outer loop
      vertex 23.8895 35.7532 75.5
      vertex 23.1346 38.5978 75.5
      vertex 25.0007 37.4161 75.5
    endloop
  endfacet
  facet normal 0 0 -1
    outer loop
      vertex 22.1064 36.8823 75.5
      vertex 23.1346 38.5978 75.5
      vertex 23.8895 35.7532 75.5
    endloop
  endfacet
  facet normal 0 0 -1
    outer loop
      vertex 22.1064 36.8823 75.5
      vertex 21.2129 39.6865 75.5
      vertex 23.1346 38.5978 75.5
    endloop
  endfacet
  facet normal 0 0 -1
    outer loop
      vertex 20.2701 37.9226 75.5
      vertex 21.2129 39.6865 75.5
      vertex 22.1064 36.8823 75.5
    endloop
  endfacet
  facet normal 0 0 -1
    outer loop
      vertex 20.2701 37.9226 75.5
      vertex 19.24 40.6795 75.5
      vertex 21.2129 39.6865 75.5
    endloop
  endfacet
  facet normal 0 0 -1
    outer loop
      vertex 18.3849 38.8715 75.5
      vertex 19.24 40.6795 75.5
      vertex 20.2701 37.9226 75.5
    endloop
  endfacet
  facet normal 0 0 -1
    outer loop
      vertex 18.3849 38.8715 75.5
      vertex 17.2208 41.5746 75.5
      vertex 19.24 40.6795 75.5
    endloop
  endfacet
  facet normal 0 0 -1
    outer loop
      vertex 16.4554 39.7268 75.5
      vertex 17.2208 41.5746 75.5
      vertex 18.3849 38.8715 75.5
    endloop
  endfacet
  facet normal 0 0 -1
    outer loop
      vertex 16.4554 39.7268 75.5
      vertex 15.16 42.3695 75.5
      vertex 17.2208 41.5746 75.5
    endloop
  endfacet
  facet normal 0 0 -1
    outer loop
      vertex 14.4863 40.4864 75.5
      vertex 15.16 42.3695 75.5
      vertex 16.4554 39.7268 75.5
    endloop
  endfacet
  facet normal 0 0 -1
    outer loop
      vertex 14.4863 40.4864 75.5
      vertex 13.0628 43.0623 75.5
      vertex 15.16 42.3695 75.5
    endloop
  endfacet
  facet normal 0 0 -1
    outer loop
      vertex 12.4822 41.1484 75.5
      vertex 13.0628 43.0623 75.5
      vertex 14.4863 40.4864 75.5
    endloop
  endfacet
  facet normal 0 0 -1
    outer loop
      vertex 12.4822 41.1484 75.5
      vertex 10.9341 43.6514 75.5
      vertex 13.0628 43.0623 75.5
    endloop
  endfacet
  facet normal 0 0 -1
    outer loop
      vertex 10.4481 41.7113 75.5
      vertex 10.9341 43.6514 75.5
      vertex 12.4822 41.1484 75.5
    endloop
  endfacet
  facet normal 0 0 -1
    outer loop
      vertex 10.4481 41.7113 75.5
      vertex 8.77906 44.1353 75.5
      vertex 10.9341 43.6514 75.5
    endloop
  endfacet
  facet normal 0 0 -1
    outer loop
      vertex 8.38888 42.1738 75.5
      vertex 8.77906 44.1353 75.5
      vertex 10.4481 41.7113 75.5
    endloop
  endfacet
  facet normal 0 0 -1
    outer loop
      vertex 8.38888 42.1738 75.5
      vertex 6.60287 44.5129 75.5
      vertex 8.77906 44.1353 75.5
    endloop
  endfacet
  facet normal 0 0 -1
    outer loop
      vertex 6.30941 42.5346 75.5
      vertex 6.60287 44.5129 75.5
      vertex 8.38888 42.1738 75.5
    endloop
  endfacet
  facet normal 0 0 -1
    outer loop
      vertex 6.30941 42.5346 75.5
      vertex 4.41077 44.7833 75.5
      vertex 6.60287 44.5129 75.5
    endloop
  endfacet
  facet normal 0 0 -1
    outer loop
      vertex 4.21474 42.7929 75.5
      vertex 4.41077 44.7833 75.5
      vertex 6.30941 42.5346 75.5
    endloop
  endfacet
  facet normal 0 0 -1
    outer loop
      vertex 4.21474 42.7929 75.5
      vertex 2.20805 44.9458 75.5
      vertex 4.41077 44.7833 75.5
    endloop
  endfacet
  facet normal 0 0 -1
    outer loop
      vertex 2.10991 42.9482 75.5
      vertex 2.20805 44.9458 75.5
      vertex 4.21474 42.7929 75.5
    endloop
  endfacet
  facet normal 0 0 -1
    outer loop
      vertex 0 43 75.5
      vertex 2.20805 44.9458 75.5
      vertex 2.10991 42.9482 75.5
    endloop
  endfacet
  facet normal 0 0 -1
    outer loop
      vertex 0 43 75.5
      vertex 0 45 75.5
      vertex 2.20805 44.9458 75.5
    endloop
  endfacet
  facet normal 0 0 -1
    outer loop
      vertex -2.10991 42.9482 75.5
      vertex 0 45 75.5
      vertex 0 43 75.5
    endloop
  endfacet
  facet normal 0 0 -1
    outer loop
      vertex -2.10991 42.9482 75.5
      vertex -2.20805 44.9458 75.5
      vertex 0 45 75.5
    endloop
  endfacet
  facet normal 0 0 -1
    outer loop
      vertex -4.21474 42.7929 75.5
      vertex -2.20805 44.9458 75.5
      vertex -2.10991 42.9482 75.5
    endloop
  endfacet
  facet normal 0 0 -1
    outer loop
      vertex -4.21474 42.7929 75.5
      vertex -4.41077 44.7833 75.5
      vertex -2.20805 44.9458 75.5
    endloop
  endfacet
  facet normal 0 0 -1
    outer loop
      vertex -6.30941 42.5346 75.5
      vertex -4.41077 44.7833 75.5
      vertex -4.21474 42.7929 75.5
    endloop
  endfacet
  facet normal 0 0 -1
    outer loop
      vertex -6.30941 42.5346 75.5
      vertex -6.60287 44.5129 75.5
      vertex -4.41077 44.7833 75.5
    endloop
  endfacet
  facet normal 0 0 -1
    outer loop
      vertex -8.38888 42.1738 75.5
      vertex -6.60287 44.5129 75.5
      vertex -6.30941 42.5346 75.5
    endloop
  endfacet
  facet normal 0 0 -1
    outer loop
      vertex -8.38888 42.1738 75.5
      vertex -8.77906 44.1353 75.5
      vertex -6.60287 44.5129 75.5
    endloop
  endfacet
  facet normal 0 0 -1
    outer loop
      vertex -10.4481 41.7113 75.5
      vertex -8.77906 44.1353 75.5
      vertex -8.38888 42.1738 75.5
    endloop
  endfacet
  facet normal 0 0 -1
    outer loop
      vertex -10.4481 41.7113 75.5
      vertex -10.9341 43.6514 75.5
      vertex -8.77906 44.1353 75.5
    endloop
  endfacet
  facet normal 0 0 -1
    outer loop
      vertex -12.4822 41.1484 75.5
      vertex -10.9341 43.6514 75.5
      vertex -10.4481 41.7113 75.5
    endloop
  endfacet
  facet normal 0 0 -1
    outer loop
      vertex -12.4822 41.1484 75.5
      vertex -13.0628 43.0623 75.5
      vertex -10.9341 43.6514 75.5
    endloop
  endfacet
  facet normal 0 0 -1
    outer loop
      vertex -14.4863 40.4864 75.5
      vertex -13.0628 43.0623 75.5
      vertex -12.4822 41.1484 75.5
    endloop
  endfacet
  facet normal 0 0 -1
    outer loop
      vertex -14.4863 40.4864 75.5
      vertex -15.16 42.3695 75.5
      vertex -13.0628 43.0623 75.5
    endloop
  endfacet
  facet normal 0 0 -1
    outer loop
      vertex -16.4554 39.7268 75.5
      vertex -15.16 42.3695 75.5
      vertex -14.4863 40.4864 75.5
    endloop
  endfacet
  facet normal 0 0 -1
    outer loop
      vertex -16.4554 39.7268 75.5
      vertex -17.2208 41.5746 75.5
      vertex -15.16 42.3695 75.5
    endloop
  endfacet
  facet normal 0 0 -1
    outer loop
      vertex -18.3849 38.8715 75.5
      vertex -17.2208 41.5746 75.5
      vertex -16.4554 39.7268 75.5
    endloop
  endfacet
  facet normal 0 0 -1
    outer loop
      vertex -18.3849 38.8715 75.5
      vertex -19.24 40.6795 75.5
      vertex -17.2208 41.5746 75.5
    endloop
  endfacet
  facet normal 0 0 -1
    outer loop
      vertex -20.2701 37.9226 75.5
      vertex -19.24 40.6795 75.5
      vertex -18.3849 38.8715 75.5
    endloop
  endfacet
  facet normal 0 0 -1
    outer loop
      vertex -20.2701 37.9226 75.5
      vertex -21.2129 39.6865 75.5
      vertex -19.24 40.6795 75.5
    endloop
  endfacet
  facet normal 0 0 -1
    outer loop
      vertex -22.1064 36.8823 75.5
      vertex -21.2129 39.6865 75.5
      vertex -20.2701 37.9226 75.5
    endloop
  endfacet
  facet normal 0 0 -1
    outer loop
      vertex -22.1064 36.8823 75.5
      vertex -23.1346 38.5978 75.5
      vertex -21.2129 39.6865 75.5
    endloop
  endfacet
  facet normal 0 0 -1
    outer loop
      vertex -23.8895 35.7532 75.5
      vertex -23.1346 38.5978 75.5
      vertex -22.1064 36.8823 75.5
    endloop
  endfacet
  facet normal 0 0 -1
    outer loop
      vertex -23.8895 35.7532 75.5
      vertex -25.0007 37.4161 75.5
      vertex -23.1346 38.5978 75.5
    endloop
  endfacet
  facet normal 0 0 -1
    outer loop
      vertex -25.6151 34.5379 75.5
      vertex -25.0007 37.4161 75.5
      vertex -23.8895 35.7532 75.5
    endloop
  endfacet
  facet normal 0 0 -1
    outer loop
      vertex -25.6151 34.5379 75.5
      vertex -26.8065 36.1443 75.5
      vertex -25.0007 37.4161 75.5
    endloop
  endfacet
  facet normal 0 0 -1
    outer loop
      vertex -27.2789 33.2394 75.5
      vertex -26.8065 36.1443 75.5
      vertex -25.6151 34.5379 75.5
    endloop
  endfacet
  facet normal 0 0 -1
    outer loop
      vertex -27.2789 33.2394 75.5
      vertex -28.5477 34.7855 75.5
      vertex -26.8065 36.1443 75.5
    endloop
  endfacet
  facet normal 0 0 -1
    outer loop
      vertex -28.877 31.8609 75.5
      vertex -28.5477 34.7855 75.5
      vertex -27.2789 33.2394 75.5
    endloop
  endfacet
  facet normal 0 0 -1
    outer loop
      vertex -28.877 31.8609 75.5
      vertex -30.2202 33.3428 75.5
      vertex -28.5477 34.7855 75.5
    endloop
  endfacet
  facet normal 0 0 -1
    outer loop
      vertex -30.4056 30.4056 75.5
      vertex -30.2202 33.3428 75.5
      vertex -28.877 31.8609 75.5
    endloop
  endfacet
  facet normal 0 0 -1
    outer loop
      vertex -30.4056 30.4056 75.5
      vertex -31.8198 31.8198 75.5
      vertex -30.2202 33.3428 75.5
    endloop
  endfacet
  facet normal 0 0 -1
    outer loop
      vertex -31.8609 28.877 75.5
      vertex -31.8198 31.8198 75.5
      vertex -30.4056 30.4056 75.5
    endloop
  endfacet
  facet normal 0 0 -1
    outer loop
      vertex -33.3428 30.2202 75.5
      vertex -31.8609 28.877 75.5
      vertex -33.2394 27.2789 75.5
    endloop
  endfacet
  facet normal 0 0 -1
    outer loop
      vertex -31.8609 28.877 75.5
      vertex -33.3428 30.2202 75.5
      vertex -31.8198 31.8198 75.5
    endloop
  endfacet
  facet normal 0 0 -1
    outer loop
      vertex -34.7855 28.5477 75.5
      vertex -33.2394 27.2789 75.5
      vertex -34.5379 25.6151 75.5
    endloop
  endfacet
  facet normal 0 0 -1
    outer loop
      vertex -33.2394 27.2789 75.5
      vertex -34.7855 28.5477 75.5
      vertex -33.3428 30.2202 75.5
    endloop
  endfacet
  facet normal 0 0 -1
    outer loop
      vertex -36.1443 26.8065 75.5
      vertex -34.5379 25.6151 75.5
      vertex -35.7532 23.8895 75.5
    endloop
  endfacet
  facet normal 0 0 -1
    outer loop
      vertex -34.5379 25.6151 75.5
      vertex -36.1443 26.8065 75.5
      vertex -34.7855 28.5477 75.5
    endloop
  endfacet
  facet normal 0 0 -1
    outer loop
      vertex -37.4161 25.0007 75.5
      vertex -35.7532 23.8895 75.5
      vertex -36.8823 22.1064 75.5
    endloop
  endfacet
  facet normal 0 0 -1
    outer loop
      vertex -35.7532 23.8895 75.5
      vertex -37.4161 25.0007 75.5
      vertex -36.1443 26.8065 75.5
    endloop
  endfacet
  facet normal 0 0 -1
    outer loop
      vertex -38.5978 23.1346 75.5
      vertex -36.8823 22.1064 75.5
      vertex -37.9226 20.2701 75.5
    endloop
  endfacet
  facet normal 0 0 -1
    outer loop
      vertex -36.8823 22.1064 75.5
      vertex -38.5978 23.1346 75.5
      vertex -37.4161 25.0007 75.5
    endloop
  endfacet
  facet normal 0 0 -1
    outer loop
      vertex -39.6865 21.2129 75.5
      vertex -37.9226 20.2701 75.5
      vertex -38.8715 18.3849 75.5
    endloop
  endfacet
  facet normal 0 0 -1
    outer loop
      vertex -37.9226 20.2701 75.5
      vertex -39.6865 21.2129 75.5
      vertex -38.5978 23.1346 75.5
    endloop
  endfacet
  facet normal 0 0 -1
    outer loop
      vertex -40.6795 19.24 75.5
      vertex -38.8715 18.3849 75.5
      vertex -39.7268 16.4554 75.5
    endloop
  endfacet
  facet normal 0 0 -1
    outer loop
      vertex -41.5746 17.2208 75.5
      vertex -39.7268 16.4554 75.5
      vertex -40.4864 14.4863 75.5
    endloop
  endfacet
  facet normal 0 0 -1
    outer loop
      vertex -38.8715 18.3849 75.5
      vertex -40.6795 19.24 75.5
      vertex -39.6865 21.2129 75.5
    endloop
  endfacet
  facet normal 0 0 -1
    outer loop
      vertex -42.3695 15.16 75.5
      vertex -40.4864 14.4863 75.5
      vertex -41.1484 12.4822 75.5
    endloop
  endfacet
  facet normal 0 0 -1
    outer loop
      vertex -39.7268 16.4554 75.5
      vertex -41.5746 17.2208 75.5
      vertex -40.6795 19.24 75.5
    endloop
  endfacet
  facet normal 0 0 -1
    outer loop
      vertex -43.0623 13.0628 75.5
      vertex -41.1484 12.4822 75.5
      vertex -41.7113 10.4481 75.5
    endloop
  endfacet
  facet normal 0 0 -1
    outer loop
      vertex -43.6514 10.9341 75.5
      vertex -41.7113 10.4481 75.5
      vertex -42.1738 8.38888 75.5
    endloop
  endfacet
  facet normal 0 0 -1
    outer loop
      vertex -40.4864 14.4863 75.5
      vertex -42.3695 15.16 75.5
      vertex -41.5746 17.2208 75.5
    endloop
  endfacet
  facet normal 0 0 -1
    outer loop
      vertex -44.1353 8.77906 75.5
      vertex -42.1738 8.38888 75.5
      vertex -42.5346 6.30941 75.5
    endloop
  endfacet
  facet normal 0 0 -1
    outer loop
      vertex -44.5129 6.60287 75.5
      vertex -42.5346 6.30941 75.5
      vertex -42.7929 4.21474 75.5
    endloop
  endfacet
  facet normal 0 0 -1
    outer loop
      vertex -44.7833 4.41077 75.5
      vertex -42.7929 4.21474 75.5
      vertex -42.9482 2.10991 75.5
    endloop
  endfacet
  facet normal 0 0 -1
    outer loop
      vertex -41.1484 12.4822 75.5
      vertex -43.0623 13.0628 75.5
      vertex -42.3695 15.16 75.5
    endloop
  endfacet
  facet normal 0 0 -1
    outer loop
      vertex -44.9458 2.20805 75.5
      vertex -42.9482 2.10991 75.5
      vertex -43 0 75.5
    endloop
  endfacet
  facet normal -0 0 -1
    outer loop
      vertex -42.5346 -6.30941 75.5
      vertex -44.5129 -6.60287 75.5
      vertex -42.7929 -4.21474 75.5
    endloop
  endfacet
  facet normal 0 0 -1
    outer loop
      vertex -44.7833 -4.41077 75.5
      vertex -42.7929 -4.21474 75.5
      vertex -44.5129 -6.60287 75.5
    endloop
  endfacet
  facet normal 0 0 -1
    outer loop
      vertex -41.7113 10.4481 75.5
      vertex -43.6514 10.9341 75.5
      vertex -43.0623 13.0628 75.5
    endloop
  endfacet
  facet normal -0 0 -1
    outer loop
      vertex -42.7929 -4.21474 75.5
      vertex -44.7833 -4.41077 75.5
      vertex -42.9482 -2.10991 75.5
    endloop
  endfacet
  facet normal 0 0 -1
    outer loop
      vertex -42.1738 8.38888 75.5
      vertex -44.1353 8.77906 75.5
      vertex -43.6514 10.9341 75.5
    endloop
  endfacet
  facet normal 0 0 -1
    outer loop
      vertex -44.9458 -2.20805 75.5
      vertex -42.9482 -2.10991 75.5
      vertex -44.7833 -4.41077 75.5
    endloop
  endfacet
  facet normal 0 0 -1
    outer loop
      vertex -42.5346 6.30941 75.5
      vertex -44.5129 6.60287 75.5
      vertex -44.1353 8.77906 75.5
    endloop
  endfacet
  facet normal -0 0 -1
    outer loop
      vertex -42.9482 -2.10991 75.5
      vertex -44.9458 -2.20805 75.5
      vertex -43 0 75.5
    endloop
  endfacet
  facet normal 0 0 -1
    outer loop
      vertex -42.7929 4.21474 75.5
      vertex -44.7833 4.41077 75.5
      vertex -44.5129 6.60287 75.5
    endloop
  endfacet
  facet normal 0 0 -1
    outer loop
      vertex -45 0 75.5
      vertex -43 0 75.5
      vertex -44.9458 -2.20805 75.5
    endloop
  endfacet
  facet normal 0 0 -1
    outer loop
      vertex -42.9482 2.10991 75.5
      vertex -44.9458 2.20805 75.5
      vertex -44.7833 4.41077 75.5
    endloop
  endfacet
  facet normal 0 0 -1
    outer loop
      vertex -43 0 75.5
      vertex -45 0 75.5
      vertex -44.9458 2.20805 75.5
    endloop
  endfacet
  facet normal 0.844852 0.534999 0
    outer loop
      vertex 38.5978 23.1346 255.5
      vertex 37.4161 25.0007 75.5
      vertex 37.4161 25.0007 255.5
    endloop
  endfacet
  facet normal 0.844852 0.534999 0
    outer loop
      vertex 37.4161 25.0007 75.5
      vertex 38.5978 23.1346 255.5
      vertex 38.5978 23.1346 75.5
    endloop
  endfacet
  facet normal 0.615219 0.788356 -0
    outer loop
      vertex 28.5477 34.7855 75.5
      vertex 26.8065 36.1443 255.5
      vertex 28.5477 34.7855 255.5
    endloop
  endfacet
  facet normal 0.615219 0.788356 0
    outer loop
      vertex 26.8065 36.1443 255.5
      vertex 28.5477 34.7855 75.5
      vertex 26.8065 36.1443 75.5
    endloop
  endfacet
  facet normal -0.893238 0.449584 0
    outer loop
      vertex -40.6795 19.24 75.5
      vertex -39.6865 21.2129 255.5
      vertex -39.6865 21.2129 75.5
    endloop
  endfacet
  facet normal -0.893238 0.449584 0
    outer loop
      vertex -39.6865 21.2129 255.5
      vertex -40.6795 19.24 75.5
      vertex -40.6795 19.24 255.5
    endloop
  endfacet
  facet normal 0 0 1
    outer loop
      vertex 43 0 255.5
      vertex 45 0 255.5
      vertex 44.9458 2.20805 255.5
    endloop
  endfacet
  facet normal 0 0 1
    outer loop
      vertex 42.9482 2.10991 255.5
      vertex 44.9458 2.20805 255.5
      vertex 44.7833 4.41077 255.5
    endloop
  endfacet
  facet normal 0 0 1
    outer loop
      vertex 45 0 255.5
      vertex 43 0 255.5
      vertex 44.9458 -2.20805 255.5
    endloop
  endfacet
  facet normal 0 0 1
    outer loop
      vertex 42.7929 4.21474 255.5
      vertex 44.7833 4.41077 255.5
      vertex 44.5129 6.60287 255.5
    endloop
  endfacet
  facet normal -0 0 1
    outer loop
      vertex 42.9482 -2.10991 255.5
      vertex 44.9458 -2.20805 255.5
      vertex 43 0 255.5
    endloop
  endfacet
  facet normal 0 0 1
    outer loop
      vertex 42.5346 6.30941 255.5
      vertex 44.5129 6.60287 255.5
      vertex 44.1353 8.77906 255.5
    endloop
  endfacet
  facet normal 0 0 1
    outer loop
      vertex 44.9458 -2.20805 255.5
      vertex 42.9482 -2.10991 255.5
      vertex 44.7833 -4.41077 255.5
    endloop
  endfacet
  facet normal 0 0 1
    outer loop
      vertex 42.1738 8.38888 255.5
      vertex 44.1353 8.77906 255.5
      vertex 43.6514 10.9341 255.5
    endloop
  endfacet
  facet normal -0 0 1
    outer loop
      vertex 42.7929 -4.21474 255.5
      vertex 44.7833 -4.41077 255.5
      vertex 42.9482 -2.10991 255.5
    endloop
  endfacet
  facet normal 0 0 1
    outer loop
      vertex 41.7113 10.4481 255.5
      vertex 43.6514 10.9341 255.5
      vertex 43.0623 13.0628 255.5
    endloop
  endfacet
  facet normal 0 0 1
    outer loop
      vertex 44.7833 -4.41077 255.5
      vertex 42.7929 -4.21474 255.5
      vertex 44.5129 -6.60287 255.5
    endloop
  endfacet
  facet normal -0 0 1
    outer loop
      vertex 42.5346 -6.30941 255.5
      vertex 44.5129 -6.60287 255.5
      vertex 42.7929 -4.21474 255.5
    endloop
  endfacet
  facet normal 0 0 1
    outer loop
      vertex 44.9458 2.20805 255.5
      vertex 42.9482 2.10991 255.5
      vertex 43 0 255.5
    endloop
  endfacet
  facet normal 0 0 1
    outer loop
      vertex 44.7833 4.41077 255.5
      vertex 42.7929 4.21474 255.5
      vertex 42.9482 2.10991 255.5
    endloop
  endfacet
  facet normal 0 0 1
    outer loop
      vertex 44.5129 6.60287 255.5
      vertex 42.5346 6.30941 255.5
      vertex 42.7929 4.21474 255.5
    endloop
  endfacet
  facet normal 0 0 1
    outer loop
      vertex 41.1484 12.4822 255.5
      vertex 43.0623 13.0628 255.5
      vertex 42.3695 15.16 255.5
    endloop
  endfacet
  facet normal 0 0 1
    outer loop
      vertex 44.1353 8.77906 255.5
      vertex 42.1738 8.38888 255.5
      vertex 42.5346 6.30941 255.5
    endloop
  endfacet
  facet normal 0 0 1
    outer loop
      vertex 43.6514 10.9341 255.5
      vertex 41.7113 10.4481 255.5
      vertex 42.1738 8.38888 255.5
    endloop
  endfacet
  facet normal 0 0 1
    outer loop
      vertex 40.4864 14.4863 255.5
      vertex 42.3695 15.16 255.5
      vertex 41.5746 17.2208 255.5
    endloop
  endfacet
  facet normal 0 0 1
    outer loop
      vertex 43.0623 13.0628 255.5
      vertex 41.1484 12.4822 255.5
      vertex 41.7113 10.4481 255.5
    endloop
  endfacet
  facet normal 0 0 1
    outer loop
      vertex 39.7268 16.4554 255.5
      vertex 41.5746 17.2208 255.5
      vertex 40.6795 19.24 255.5
    endloop
  endfacet
  facet normal 0 0 1
    outer loop
      vertex 42.3695 15.16 255.5
      vertex 40.4864 14.4863 255.5
      vertex 41.1484 12.4822 255.5
    endloop
  endfacet
  facet normal 0 0 1
    outer loop
      vertex 41.5746 17.2208 255.5
      vertex 39.7268 16.4554 255.5
      vertex 40.4864 14.4863 255.5
    endloop
  endfacet
  facet normal 0 0 1
    outer loop
      vertex 38.8715 18.3849 255.5
      vertex 40.6795 19.24 255.5
      vertex 39.6865 21.2129 255.5
    endloop
  endfacet
  facet normal 0 0 1
    outer loop
      vertex 40.6795 19.24 255.5
      vertex 38.8715 18.3849 255.5
      vertex 39.7268 16.4554 255.5
    endloop
  endfacet
  facet normal 0 0 1
    outer loop
      vertex 37.9226 20.2701 255.5
      vertex 39.6865 21.2129 255.5
      vertex 38.5978 23.1346 255.5
    endloop
  endfacet
  facet normal 0 0 1
    outer loop
      vertex 39.6865 21.2129 255.5
      vertex 37.9226 20.2701 255.5
      vertex 38.8715 18.3849 255.5
    endloop
  endfacet
  facet normal 0 0 1
    outer loop
      vertex 36.8823 22.1064 255.5
      vertex 38.5978 23.1346 255.5
      vertex 37.4161 25.0007 255.5
    endloop
  endfacet
  facet normal 0 0 1
    outer loop
      vertex 38.5978 23.1346 255.5
      vertex 36.8823 22.1064 255.5
      vertex 37.9226 20.2701 255.5
    endloop
  endfacet
  facet normal 0 0 1
    outer loop
      vertex 35.7532 23.8895 255.5
      vertex 37.4161 25.0007 255.5
      vertex 36.1443 26.8065 255.5
    endloop
  endfacet
  facet normal 0 0 1
    outer loop
      vertex 37.4161 25.0007 255.5
      vertex 35.7532 23.8895 255.5
      vertex 36.8823 22.1064 255.5
    endloop
  endfacet
  facet normal 0 0 1
    outer loop
      vertex 34.5379 25.6151 255.5
      vertex 36.1443 26.8065 255.5
      vertex 34.7855 28.5477 255.5
    endloop
  endfacet
  facet normal 0 0 1
    outer loop
      vertex 36.1443 26.8065 255.5
      vertex 34.5379 25.6151 255.5
      vertex 35.7532 23.8895 255.5
    endloop
  endfacet
  facet normal 0 0 1
    outer loop
      vertex 33.2394 27.2789 255.5
      vertex 34.7855 28.5477 255.5
      vertex 33.3428 30.2202 255.5
    endloop
  endfacet
  facet normal 0 0 1
    outer loop
      vertex 34.7855 28.5477 255.5
      vertex 33.2394 27.2789 255.5
      vertex 34.5379 25.6151 255.5
    endloop
  endfacet
  facet normal 0 0 1
    outer loop
      vertex 33.3428 30.2202 255.5
      vertex 31.8609 28.877 255.5
      vertex 33.2394 27.2789 255.5
    endloop
  endfacet
  facet normal 0 0 1
    outer loop
      vertex 31.8198 31.8198 255.5
      vertex 31.8609 28.877 255.5
      vertex 33.3428 30.2202 255.5
    endloop
  endfacet
  facet normal 0 0 1
    outer loop
      vertex 31.8198 31.8198 255.5
      vertex 30.4056 30.4056 255.5
      vertex 31.8609 28.877 255.5
    endloop
  endfacet
  facet normal 0 0 1
    outer loop
      vertex 30.2202 33.3428 255.5
      vertex 30.4056 30.4056 255.5
      vertex 31.8198 31.8198 255.5
    endloop
  endfacet
  facet normal 0 0 1
    outer loop
      vertex 30.2202 33.3428 255.5
      vertex 28.877 31.8609 255.5
      vertex 30.4056 30.4056 255.5
    endloop
  endfacet
  facet normal 0 0 1
    outer loop
      vertex 28.5477 34.7855 255.5
      vertex 28.877 31.8609 255.5
      vertex 30.2202 33.3428 255.5
    endloop
  endfacet
  facet normal 0 0 1
    outer loop
      vertex 28.5477 34.7855 255.5
      vertex 27.2789 33.2394 255.5
      vertex 28.877 31.8609 255.5
    endloop
  endfacet
  facet normal 0 0 1
    outer loop
      vertex 26.8065 36.1443 255.5
      vertex 27.2789 33.2394 255.5
      vertex 28.5477 34.7855 255.5
    endloop
  endfacet
  facet normal 0 0 1
    outer loop
      vertex 26.8065 36.1443 255.5
      vertex 25.6151 34.5379 255.5
      vertex 27.2789 33.2394 255.5
    endloop
  endfacet
  facet normal 0 0 1
    outer loop
      vertex 25.0007 37.4161 255.5
      vertex 25.6151 34.5379 255.5
      vertex 26.8065 36.1443 255.5
    endloop
  endfacet
  facet normal 0 0 1
    outer loop
      vertex 25.0007 37.4161 255.5
      vertex 23.8895 35.7532 255.5
      vertex 25.6151 34.5379 255.5
    endloop
  endfacet
  facet normal 0 0 1
    outer loop
      vertex 23.1346 38.5978 255.5
      vertex 23.8895 35.7532 255.5
      vertex 25.0007 37.4161 255.5
    endloop
  endfacet
  facet normal 0 0 1
    outer loop
      vertex 23.1346 38.5978 255.5
      vertex 22.1064 36.8823 255.5
      vertex 23.8895 35.7532 255.5
    endloop
  endfacet
  facet normal 0 0 1
    outer loop
      vertex 21.2129 39.6865 255.5
      vertex 22.1064 36.8823 255.5
      vertex 23.1346 38.5978 255.5
    endloop
  endfacet
  facet normal 0 0 1
    outer loop
      vertex 21.2129 39.6865 255.5
      vertex 20.2701 37.9226 255.5
      vertex 22.1064 36.8823 255.5
    endloop
  endfacet
  facet normal 0 0 1
    outer loop
      vertex 19.24 40.6795 255.5
      vertex 20.2701 37.9226 255.5
      vertex 21.2129 39.6865 255.5
    endloop
  endfacet
  facet normal 0 0 1
    outer loop
      vertex 19.24 40.6795 255.5
      vertex 18.3849 38.8715 255.5
      vertex 20.2701 37.9226 255.5
    endloop
  endfacet
  facet normal 0 0 1
    outer loop
      vertex 17.2208 41.5746 255.5
      vertex 18.3849 38.8715 255.5
      vertex 19.24 40.6795 255.5
    endloop
  endfacet
  facet normal 0 0 1
    outer loop
      vertex 17.2208 41.5746 255.5
      vertex 16.4554 39.7268 255.5
      vertex 18.3849 38.8715 255.5
    endloop
  endfacet
  facet normal 0 0 1
    outer loop
      vertex 15.16 42.3695 255.5
      vertex 16.4554 39.7268 255.5
      vertex 17.2208 41.5746 255.5
    endloop
  endfacet
  facet normal 0 0 1
    outer loop
      vertex 15.16 42.3695 255.5
      vertex 14.4863 40.4864 255.5
      vertex 16.4554 39.7268 255.5
    endloop
  endfacet
  facet normal 0 0 1
    outer loop
      vertex 13.0628 43.0623 255.5
      vertex 14.4863 40.4864 255.5
      vertex 15.16 42.3695 255.5
    endloop
  endfacet
  facet normal 0 0 1
    outer loop
      vertex 13.0628 43.0623 255.5
      vertex 12.4822 41.1484 255.5
      vertex 14.4863 40.4864 255.5
    endloop
  endfacet
  facet normal 0 0 1
    outer loop
      vertex 10.9341 43.6514 255.5
      vertex 12.4822 41.1484 255.5
      vertex 13.0628 43.0623 255.5
    endloop
  endfacet
  facet normal 0 0 1
    outer loop
      vertex 10.9341 43.6514 255.5
      vertex 10.4481 41.7113 255.5
      vertex 12.4822 41.1484 255.5
    endloop
  endfacet
  facet normal 0 0 1
    outer loop
      vertex 8.77906 44.1353 255.5
      vertex 10.4481 41.7113 255.5
      vertex 10.9341 43.6514 255.5
    endloop
  endfacet
  facet normal 0 0 1
    outer loop
      vertex 8.77906 44.1353 255.5
      vertex 8.38888 42.1738 255.5
      vertex 10.4481 41.7113 255.5
    endloop
  endfacet
  facet normal 0 0 1
    outer loop
      vertex 6.60287 44.5129 255.5
      vertex 8.38888 42.1738 255.5
      vertex 8.77906 44.1353 255.5
    endloop
  endfacet
  facet normal 0 0 1
    outer loop
      vertex 6.60287 44.5129 255.5
      vertex 6.30941 42.5346 255.5
      vertex 8.38888 42.1738 255.5
    endloop
  endfacet
  facet normal 0 0 1
    outer loop
      vertex 4.41077 44.7833 255.5
      vertex 6.30941 42.5346 255.5
      vertex 6.60287 44.5129 255.5
    endloop
  endfacet
  facet normal 0 0 1
    outer loop
      vertex 4.41077 44.7833 255.5
      vertex 4.21474 42.7929 255.5
      vertex 6.30941 42.5346 255.5
    endloop
  endfacet
  facet normal 0 0 1
    outer loop
      vertex 2.20805 44.9458 255.5
      vertex 4.21474 42.7929 255.5
      vertex 4.41077 44.7833 255.5
    endloop
  endfacet
  facet normal 0 0 1
    outer loop
      vertex 2.20805 44.9458 255.5
      vertex 2.10991 42.9482 255.5
      vertex 4.21474 42.7929 255.5
    endloop
  endfacet
  facet normal 0 0 1
    outer loop
      vertex 0 45 255.5
      vertex 2.10991 42.9482 255.5
      vertex 2.20805 44.9458 255.5
    endloop
  endfacet
  facet normal 0 0 1
    outer loop
      vertex 0 45 255.5
      vertex 0 43 255.5
      vertex 2.10991 42.9482 255.5
    endloop
  endfacet
  facet normal 0 0 1
    outer loop
      vertex 0 45 255.5
      vertex -2.10991 42.9482 255.5
      vertex 0 43 255.5
    endloop
  endfacet
  facet normal -0 0 1
    outer loop
      vertex -2.20805 44.9458 255.5
      vertex -2.10991 42.9482 255.5
      vertex 0 45 255.5
    endloop
  endfacet
  facet normal 0 0 1
    outer loop
      vertex -2.20805 44.9458 255.5
      vertex -4.21474 42.7929 255.5
      vertex -2.10991 42.9482 255.5
    endloop
  endfacet
  facet normal -0 0 1
    outer loop
      vertex -4.41077 44.7833 255.5
      vertex -4.21474 42.7929 255.5
      vertex -2.20805 44.9458 255.5
    endloop
  endfacet
  facet normal 0 0 1
    outer loop
      vertex -4.41077 44.7833 255.5
      vertex -6.30941 42.5346 255.5
      vertex -4.21474 42.7929 255.5
    endloop
  endfacet
  facet normal -0 0 1
    outer loop
      vertex -6.60287 44.5129 255.5
      vertex -6.30941 42.5346 255.5
      vertex -4.41077 44.7833 255.5
    endloop
  endfacet
  facet normal 0 0 1
    outer loop
      vertex -6.60287 44.5129 255.5
      vertex -8.38888 42.1738 255.5
      vertex -6.30941 42.5346 255.5
    endloop
  endfacet
  facet normal -0 0 1
    outer loop
      vertex -8.77906 44.1353 255.5
      vertex -8.38888 42.1738 255.5
      vertex -6.60287 44.5129 255.5
    endloop
  endfacet
  facet normal 0 0 1
    outer loop
      vertex -8.77906 44.1353 255.5
      vertex -10.4481 41.7113 255.5
      vertex -8.38888 42.1738 255.5
    endloop
  endfacet
  facet normal -0 0 1
    outer loop
      vertex -10.9341 43.6514 255.5
      vertex -10.4481 41.7113 255.5
      vertex -8.77906 44.1353 255.5
    endloop
  endfacet
  facet normal 0 0 1
    outer loop
      vertex -10.9341 43.6514 255.5
      vertex -12.4822 41.1484 255.5
      vertex -10.4481 41.7113 255.5
    endloop
  endfacet
  facet normal -0 0 1
    outer loop
      vertex -13.0628 43.0623 255.5
      vertex -12.4822 41.1484 255.5
      vertex -10.9341 43.6514 255.5
    endloop
  endfacet
  facet normal 0 0 1
    outer loop
      vertex -13.0628 43.0623 255.5
      vertex -14.4863 40.4864 255.5
      vertex -12.4822 41.1484 255.5
    endloop
  endfacet
  facet normal -0 0 1
    outer loop
      vertex -15.16 42.3695 255.5
      vertex -14.4863 40.4864 255.5
      vertex -13.0628 43.0623 255.5
    endloop
  endfacet
  facet normal 0 0 1
    outer loop
      vertex -15.16 42.3695 255.5
      vertex -16.4554 39.7268 255.5
      vertex -14.4863 40.4864 255.5
    endloop
  endfacet
  facet normal -0 0 1
    outer loop
      vertex -17.2208 41.5746 255.5
      vertex -16.4554 39.7268 255.5
      vertex -15.16 42.3695 255.5
    endloop
  endfacet
  facet normal 0 0 1
    outer loop
      vertex -17.2208 41.5746 255.5
      vertex -18.3849 38.8715 255.5
      vertex -16.4554 39.7268 255.5
    endloop
  endfacet
  facet normal -0 0 1
    outer loop
      vertex -19.24 40.6795 255.5
      vertex -18.3849 38.8715 255.5
      vertex -17.2208 41.5746 255.5
    endloop
  endfacet
  facet normal 0 0 1
    outer loop
      vertex -19.24 40.6795 255.5
      vertex -20.2701 37.9226 255.5
      vertex -18.3849 38.8715 255.5
    endloop
  endfacet
  facet normal -0 0 1
    outer loop
      vertex -21.2129 39.6865 255.5
      vertex -20.2701 37.9226 255.5
      vertex -19.24 40.6795 255.5
    endloop
  endfacet
  facet normal 0 0 1
    outer loop
      vertex -21.2129 39.6865 255.5
      vertex -22.1064 36.8823 255.5
      vertex -20.2701 37.9226 255.5
    endloop
  endfacet
  facet normal -0 0 1
    outer loop
      vertex -23.1346 38.5978 255.5
      vertex -22.1064 36.8823 255.5
      vertex -21.2129 39.6865 255.5
    endloop
  endfacet
  facet normal 0 0 1
    outer loop
      vertex -23.1346 38.5978 255.5
      vertex -23.8895 35.7532 255.5
      vertex -22.1064 36.8823 255.5
    endloop
  endfacet
  facet normal -0 0 1
    outer loop
      vertex -25.0007 37.4161 255.5
      vertex -23.8895 35.7532 255.5
      vertex -23.1346 38.5978 255.5
    endloop
  endfacet
  facet normal 0 0 1
    outer loop
      vertex -25.0007 37.4161 255.5
      vertex -25.6151 34.5379 255.5
      vertex -23.8895 35.7532 255.5
    endloop
  endfacet
  facet normal -0 0 1
    outer loop
      vertex -26.8065 36.1443 255.5
      vertex -25.6151 34.5379 255.5
      vertex -25.0007 37.4161 255.5
    endloop
  endfacet
  facet normal 0 0 1
    outer loop
      vertex -26.8065 36.1443 255.5
      vertex -27.2789 33.2394 255.5
      vertex -25.6151 34.5379 255.5
    endloop
  endfacet
  facet normal -0 0 1
    outer loop
      vertex -28.5477 34.7855 255.5
      vertex -27.2789 33.2394 255.5
      vertex -26.8065 36.1443 255.5
    endloop
  endfacet
  facet normal 0 0 1
    outer loop
      vertex -28.5477 34.7855 255.5
      vertex -28.877 31.8609 255.5
      vertex -27.2789 33.2394 255.5
    endloop
  endfacet
  facet normal -0 0 1
    outer loop
      vertex -30.2202 33.3428 255.5
      vertex -28.877 31.8609 255.5
      vertex -28.5477 34.7855 255.5
    endloop
  endfacet
  facet normal 0 0 1
    outer loop
      vertex -30.2202 33.3428 255.5
      vertex -30.4056 30.4056 255.5
      vertex -28.877 31.8609 255.5
    endloop
  endfacet
  facet normal -0 0 1
    outer loop
      vertex -31.8198 31.8198 255.5
      vertex -30.4056 30.4056 255.5
      vertex -30.2202 33.3428 255.5
    endloop
  endfacet
  facet normal 0 0 1
    outer loop
      vertex -31.8198 31.8198 255.5
      vertex -31.8609 28.877 255.5
      vertex -30.4056 30.4056 255.5
    endloop
  endfacet
  facet normal -0 0 1
    outer loop
      vertex -33.3428 30.2202 255.5
      vertex -31.8609 28.877 255.5
      vertex -31.8198 31.8198 255.5
    endloop
  endfacet
  facet normal 0 0 1
    outer loop
      vertex -31.8609 28.877 255.5
      vertex -33.3428 30.2202 255.5
      vertex -33.2394 27.2789 255.5
    endloop
  endfacet
  facet normal -0 0 1
    outer loop
      vertex -34.7855 28.5477 255.5
      vertex -33.2394 27.2789 255.5
      vertex -33.3428 30.2202 255.5
    endloop
  endfacet
  facet normal 0 0 1
    outer loop
      vertex -33.2394 27.2789 255.5
      vertex -34.7855 28.5477 255.5
      vertex -34.5379 25.6151 255.5
    endloop
  endfacet
  facet normal -0 0 1
    outer loop
      vertex -36.1443 26.8065 255.5
      vertex -34.5379 25.6151 255.5
      vertex -34.7855 28.5477 255.5
    endloop
  endfacet
  facet normal 0 0 1
    outer loop
      vertex -34.5379 25.6151 255.5
      vertex -36.1443 26.8065 255.5
      vertex -35.7532 23.8895 255.5
    endloop
  endfacet
  facet normal -0 0 1
    outer loop
      vertex -37.4161 25.0007 255.5
      vertex -35.7532 23.8895 255.5
      vertex -36.1443 26.8065 255.5
    endloop
  endfacet
  facet normal 0 0 1
    outer loop
      vertex -35.7532 23.8895 255.5
      vertex -37.4161 25.0007 255.5
      vertex -36.8823 22.1064 255.5
    endloop
  endfacet
  facet normal -0 0 1
    outer loop
      vertex -38.5978 23.1346 255.5
      vertex -36.8823 22.1064 255.5
      vertex -37.4161 25.0007 255.5
    endloop
  endfacet
  facet normal 0 0 1
    outer loop
      vertex -36.8823 22.1064 255.5
      vertex -38.5978 23.1346 255.5
      vertex -37.9226 20.2701 255.5
    endloop
  endfacet
  facet normal -0 0 1
    outer loop
      vertex -39.6865 21.2129 255.5
      vertex -37.9226 20.2701 255.5
      vertex -38.5978 23.1346 255.5
    endloop
  endfacet
  facet normal 0 0 1
    outer loop
      vertex -37.9226 20.2701 255.5
      vertex -39.6865 21.2129 255.5
      vertex -38.8715 18.3849 255.5
    endloop
  endfacet
  facet normal -0 0 1
    outer loop
      vertex -40.6795 19.24 255.5
      vertex -38.8715 18.3849 255.5
      vertex -39.6865 21.2129 255.5
    endloop
  endfacet
  facet normal 0 0 1
    outer loop
      vertex -38.8715 18.3849 255.5
      vertex -40.6795 19.24 255.5
      vertex -39.7268 16.4554 255.5
    endloop
  endfacet
  facet normal -0 0 1
    outer loop
      vertex -41.5746 17.2208 255.5
      vertex -39.7268 16.4554 255.5
      vertex -40.6795 19.24 255.5
    endloop
  endfacet
  facet normal 0 0 1
    outer loop
      vertex -39.7268 16.4554 255.5
      vertex -41.5746 17.2208 255.5
      vertex -40.4864 14.4863 255.5
    endloop
  endfacet
  facet normal -0 0 1
    outer loop
      vertex -42.3695 15.16 255.5
      vertex -40.4864 14.4863 255.5
      vertex -41.5746 17.2208 255.5
    endloop
  endfacet
  facet normal 0 0 1
    outer loop
      vertex -40.4864 14.4863 255.5
      vertex -42.3695 15.16 255.5
      vertex -41.1484 12.4822 255.5
    endloop
  endfacet
  facet normal -0 0 1
    outer loop
      vertex -43.0623 13.0628 255.5
      vertex -41.1484 12.4822 255.5
      vertex -42.3695 15.16 255.5
    endloop
  endfacet
  facet normal 0 0 1
    outer loop
      vertex -41.1484 12.4822 255.5
      vertex -43.0623 13.0628 255.5
      vertex -41.7113 10.4481 255.5
    endloop
  endfacet
  facet normal -0 0 1
    outer loop
      vertex -43.6514 10.9341 255.5
      vertex -41.7113 10.4481 255.5
      vertex -43.0623 13.0628 255.5
    endloop
  endfacet
  facet normal 0 0 1
    outer loop
      vertex -41.7113 10.4481 255.5
      vertex -43.6514 10.9341 255.5
      vertex -42.1738 8.38888 255.5
    endloop
  endfacet
  facet normal -0 0 1
    outer loop
      vertex -44.1353 8.77906 255.5
      vertex -42.1738 8.38888 255.5
      vertex -43.6514 10.9341 255.5
    endloop
  endfacet
  facet normal -0 0 1
    outer loop
      vertex -44.5129 6.60287 255.5
      vertex -42.5346 6.30941 255.5
      vertex -44.1353 8.77906 255.5
    endloop
  endfacet
  facet normal 0 0 1
    outer loop
      vertex -42.1738 8.38888 255.5
      vertex -44.1353 8.77906 255.5
      vertex -42.5346 6.30941 255.5
    endloop
  endfacet
  facet normal 0 0 1
    outer loop
      vertex 44.5129 -6.60287 255.5
      vertex 42.5346 -6.30941 255.5
      vertex 44.1353 -8.77906 255.5
    endloop
  endfacet
  facet normal -0 0 1
    outer loop
      vertex 42.1738 -8.38888 255.5
      vertex 44.1353 -8.77906 255.5
      vertex 42.5346 -6.30941 255.5
    endloop
  endfacet
  facet normal 0 0 1
    outer loop
      vertex 44.1353 -8.77906 255.5
      vertex 42.1738 -8.38888 255.5
      vertex 43.6514 -10.9341 255.5
    endloop
  endfacet
  facet normal -0 0 1
    outer loop
      vertex 41.7113 -10.4481 255.5
      vertex 43.6514 -10.9341 255.5
      vertex 42.1738 -8.38888 255.5
    endloop
  endfacet
  facet normal 0 0 1
    outer loop
      vertex 43.6514 -10.9341 255.5
      vertex 41.7113 -10.4481 255.5
      vertex 43.0623 -13.0628 255.5
    endloop
  endfacet
  facet normal -0 0 1
    outer loop
      vertex 41.1484 -12.4822 255.5
      vertex 43.0623 -13.0628 255.5
      vertex 41.7113 -10.4481 255.5
    endloop
  endfacet
  facet normal 0 0 1
    outer loop
      vertex 43.0623 -13.0628 255.5
      vertex 41.1484 -12.4822 255.5
      vertex 42.3695 -15.16 255.5
    endloop
  endfacet
  facet normal -0 0 1
    outer loop
      vertex 40.4864 -14.4863 255.5
      vertex 42.3695 -15.16 255.5
      vertex 41.1484 -12.4822 255.5
    endloop
  endfacet
  facet normal 0 0 1
    outer loop
      vertex 42.3695 -15.16 255.5
      vertex 40.4864 -14.4863 255.5
      vertex 41.5746 -17.2208 255.5
    endloop
  endfacet
  facet normal -0 0 1
    outer loop
      vertex 39.7268 -16.4554 255.5
      vertex 41.5746 -17.2208 255.5
      vertex 40.4864 -14.4863 255.5
    endloop
  endfacet
  facet normal 0 0 1
    outer loop
      vertex 41.5746 -17.2208 255.5
      vertex 39.7268 -16.4554 255.5
      vertex 40.6795 -19.24 255.5
    endloop
  endfacet
  facet normal -0 0 1
    outer loop
      vertex 38.8715 -18.3849 255.5
      vertex 40.6795 -19.24 255.5
      vertex 39.7268 -16.4554 255.5
    endloop
  endfacet
  facet normal 0 0 1
    outer loop
      vertex 40.6795 -19.24 255.5
      vertex 38.8715 -18.3849 255.5
      vertex 39.6865 -21.2129 255.5
    endloop
  endfacet
  facet normal -0 0 1
    outer loop
      vertex 37.9226 -20.2701 255.5
      vertex 39.6865 -21.2129 255.5
      vertex 38.8715 -18.3849 255.5
    endloop
  endfacet
  facet normal 0 0 1
    outer loop
      vertex 39.6865 -21.2129 255.5
      vertex 37.9226 -20.2701 255.5
      vertex 38.5978 -23.1346 255.5
    endloop
  endfacet
  facet normal -0 0 1
    outer loop
      vertex 36.8823 -22.1064 255.5
      vertex 38.5978 -23.1346 255.5
      vertex 37.9226 -20.2701 255.5
    endloop
  endfacet
  facet normal 0 0 1
    outer loop
      vertex 38.5978 -23.1346 255.5
      vertex 36.8823 -22.1064 255.5
      vertex 37.4161 -25.0007 255.5
    endloop
  endfacet
  facet normal -0 0 1
    outer loop
      vertex 35.7532 -23.8895 255.5
      vertex 37.4161 -25.0007 255.5
      vertex 36.8823 -22.1064 255.5
    endloop
  endfacet
  facet normal 0 0 1
    outer loop
      vertex 37.4161 -25.0007 255.5
      vertex 35.7532 -23.8895 255.5
      vertex 36.1443 -26.8065 255.5
    endloop
  endfacet
  facet normal -0 0 1
    outer loop
      vertex 34.5379 -25.6151 255.5
      vertex 36.1443 -26.8065 255.5
      vertex 35.7532 -23.8895 255.5
    endloop
  endfacet
  facet normal 0 0 1
    outer loop
      vertex 36.1443 -26.8065 255.5
      vertex 34.5379 -25.6151 255.5
      vertex 34.7855 -28.5477 255.5
    endloop
  endfacet
  facet normal -0 0 1
    outer loop
      vertex 33.2394 -27.2789 255.5
      vertex 34.7855 -28.5477 255.5
      vertex 34.5379 -25.6151 255.5
    endloop
  endfacet
  facet normal 0 0 1
    outer loop
      vertex 34.7855 -28.5477 255.5
      vertex 33.2394 -27.2789 255.5
      vertex 33.3428 -30.2202 255.5
    endloop
  endfacet
  facet normal -0 0 1
    outer loop
      vertex 31.8609 -28.877 255.5
      vertex 33.3428 -30.2202 255.5
      vertex 33.2394 -27.2789 255.5
    endloop
  endfacet
  facet normal 0 0 1
    outer loop
      vertex 31.8609 -28.877 255.5
      vertex 31.8198 -31.8198 255.5
      vertex 33.3428 -30.2202 255.5
    endloop
  endfacet
  facet normal -0 0 1
    outer loop
      vertex 30.4056 -30.4056 255.5
      vertex 31.8198 -31.8198 255.5
      vertex 31.8609 -28.877 255.5
    endloop
  endfacet
  facet normal 0 0 1
    outer loop
      vertex 30.4056 -30.4056 255.5
      vertex 30.2202 -33.3428 255.5
      vertex 31.8198 -31.8198 255.5
    endloop
  endfacet
  facet normal -0 0 1
    outer loop
      vertex 28.877 -31.8609 255.5
      vertex 30.2202 -33.3428 255.5
      vertex 30.4056 -30.4056 255.5
    endloop
  endfacet
  facet normal 0 0 1
    outer loop
      vertex 28.877 -31.8609 255.5
      vertex 28.5477 -34.7855 255.5
      vertex 30.2202 -33.3428 255.5
    endloop
  endfacet
  facet normal -0 0 1
    outer loop
      vertex 27.2789 -33.2394 255.5
      vertex 28.5477 -34.7855 255.5
      vertex 28.877 -31.8609 255.5
    endloop
  endfacet
  facet normal 0 0 1
    outer loop
      vertex 27.2789 -33.2394 255.5
      vertex 26.8065 -36.1443 255.5
      vertex 28.5477 -34.7855 255.5
    endloop
  endfacet
  facet normal -0 0 1
    outer loop
      vertex 25.6151 -34.5379 255.5
      vertex 26.8065 -36.1443 255.5
      vertex 27.2789 -33.2394 255.5
    endloop
  endfacet
  facet normal 0 0 1
    outer loop
      vertex 25.6151 -34.5379 255.5
      vertex 25.0007 -37.4161 255.5
      vertex 26.8065 -36.1443 255.5
    endloop
  endfacet
  facet normal -0 0 1
    outer loop
      vertex 23.8895 -35.7532 255.5
      vertex 25.0007 -37.4161 255.5
      vertex 25.6151 -34.5379 255.5
    endloop
  endfacet
  facet normal 0 0 1
    outer loop
      vertex 23.8895 -35.7532 255.5
      vertex 23.1346 -38.5978 255.5
      vertex 25.0007 -37.4161 255.5
    endloop
  endfacet
  facet normal -0 0 1
    outer loop
      vertex 22.1064 -36.8823 255.5
      vertex 23.1346 -38.5978 255.5
      vertex 23.8895 -35.7532 255.5
    endloop
  endfacet
  facet normal 0 0 1
    outer loop
      vertex 22.1064 -36.8823 255.5
      vertex 21.2129 -39.6865 255.5
      vertex 23.1346 -38.5978 255.5
    endloop
  endfacet
  facet normal -0 0 1
    outer loop
      vertex 20.2701 -37.9226 255.5
      vertex 21.2129 -39.6865 255.5
      vertex 22.1064 -36.8823 255.5
    endloop
  endfacet
  facet normal 0 0 1
    outer loop
      vertex 20.2701 -37.9226 255.5
      vertex 19.24 -40.6795 255.5
      vertex 21.2129 -39.6865 255.5
    endloop
  endfacet
  facet normal -0 0 1
    outer loop
      vertex 18.3849 -38.8715 255.5
      vertex 19.24 -40.6795 255.5
      vertex 20.2701 -37.9226 255.5
    endloop
  endfacet
  facet normal 0 0 1
    outer loop
      vertex 18.3849 -38.8715 255.5
      vertex 17.2208 -41.5746 255.5
      vertex 19.24 -40.6795 255.5
    endloop
  endfacet
  facet normal -0 0 1
    outer loop
      vertex 16.4554 -39.7268 255.5
      vertex 17.2208 -41.5746 255.5
      vertex 18.3849 -38.8715 255.5
    endloop
  endfacet
  facet normal 0 0 1
    outer loop
      vertex 16.4554 -39.7268 255.5
      vertex 15.16 -42.3695 255.5
      vertex 17.2208 -41.5746 255.5
    endloop
  endfacet
  facet normal -0 0 1
    outer loop
      vertex 14.4863 -40.4864 255.5
      vertex 15.16 -42.3695 255.5
      vertex 16.4554 -39.7268 255.5
    endloop
  endfacet
  facet normal 0 0 1
    outer loop
      vertex 14.4863 -40.4864 255.5
      vertex 13.0628 -43.0623 255.5
      vertex 15.16 -42.3695 255.5
    endloop
  endfacet
  facet normal -0 0 1
    outer loop
      vertex 12.4822 -41.1484 255.5
      vertex 13.0628 -43.0623 255.5
      vertex 14.4863 -40.4864 255.5
    endloop
  endfacet
  facet normal 0 0 1
    outer loop
      vertex 12.4822 -41.1484 255.5
      vertex 10.9341 -43.6514 255.5
      vertex 13.0628 -43.0623 255.5
    endloop
  endfacet
  facet normal -0 0 1
    outer loop
      vertex 10.4481 -41.7113 255.5
      vertex 10.9341 -43.6514 255.5
      vertex 12.4822 -41.1484 255.5
    endloop
  endfacet
  facet normal 0 0 1
    outer loop
      vertex 10.4481 -41.7113 255.5
      vertex 8.77906 -44.1353 255.5
      vertex 10.9341 -43.6514 255.5
    endloop
  endfacet
  facet normal -0 0 1
    outer loop
      vertex 8.38888 -42.1738 255.5
      vertex 8.77906 -44.1353 255.5
      vertex 10.4481 -41.7113 255.5
    endloop
  endfacet
  facet normal 0 0 1
    outer loop
      vertex 8.38888 -42.1738 255.5
      vertex 6.60287 -44.5129 255.5
      vertex 8.77906 -44.1353 255.5
    endloop
  endfacet
  facet normal -0 0 1
    outer loop
      vertex 6.30941 -42.5346 255.5
      vertex 6.60287 -44.5129 255.5
      vertex 8.38888 -42.1738 255.5
    endloop
  endfacet
  facet normal 0 0 1
    outer loop
      vertex 6.30941 -42.5346 255.5
      vertex 4.41077 -44.7833 255.5
      vertex 6.60287 -44.5129 255.5
    endloop
  endfacet
  facet normal -0 0 1
    outer loop
      vertex 4.21474 -42.7929 255.5
      vertex 4.41077 -44.7833 255.5
      vertex 6.30941 -42.5346 255.5
    endloop
  endfacet
  facet normal 0 0 1
    outer loop
      vertex 4.21474 -42.7929 255.5
      vertex 2.20805 -44.9458 255.5
      vertex 4.41077 -44.7833 255.5
    endloop
  endfacet
  facet normal -0 0 1
    outer loop
      vertex 2.10991 -42.9482 255.5
      vertex 2.20805 -44.9458 255.5
      vertex 4.21474 -42.7929 255.5
    endloop
  endfacet
  facet normal -0 0 1
    outer loop
      vertex 0 -43 255.5
      vertex 2.20805 -44.9458 255.5
      vertex 2.10991 -42.9482 255.5
    endloop
  endfacet
  facet normal 0 0 1
    outer loop
      vertex 0 -43 255.5
      vertex 0 -45 255.5
      vertex 2.20805 -44.9458 255.5
    endloop
  endfacet
  facet normal 0 0 1
    outer loop
      vertex -2.10991 -42.9482 255.5
      vertex 0 -45 255.5
      vertex 0 -43 255.5
    endloop
  endfacet
  facet normal 0 0 1
    outer loop
      vertex -2.10991 -42.9482 255.5
      vertex -2.20805 -44.9458 255.5
      vertex 0 -45 255.5
    endloop
  endfacet
  facet normal 0 0 1
    outer loop
      vertex -4.21474 -42.7929 255.5
      vertex -2.20805 -44.9458 255.5
      vertex -2.10991 -42.9482 255.5
    endloop
  endfacet
  facet normal 0 0 1
    outer loop
      vertex -4.21474 -42.7929 255.5
      vertex -4.41077 -44.7833 255.5
      vertex -2.20805 -44.9458 255.5
    endloop
  endfacet
  facet normal 0 0 1
    outer loop
      vertex -6.30941 -42.5346 255.5
      vertex -4.41077 -44.7833 255.5
      vertex -4.21474 -42.7929 255.5
    endloop
  endfacet
  facet normal 0 0 1
    outer loop
      vertex -6.30941 -42.5346 255.5
      vertex -6.60287 -44.5129 255.5
      vertex -4.41077 -44.7833 255.5
    endloop
  endfacet
  facet normal 0 0 1
    outer loop
      vertex -8.38888 -42.1738 255.5
      vertex -6.60287 -44.5129 255.5
      vertex -6.30941 -42.5346 255.5
    endloop
  endfacet
  facet normal 0 0 1
    outer loop
      vertex -8.38888 -42.1738 255.5
      vertex -8.77906 -44.1353 255.5
      vertex -6.60287 -44.5129 255.5
    endloop
  endfacet
  facet normal 0 0 1
    outer loop
      vertex -10.4481 -41.7113 255.5
      vertex -8.77906 -44.1353 255.5
      vertex -8.38888 -42.1738 255.5
    endloop
  endfacet
  facet normal 0 0 1
    outer loop
      vertex -10.4481 -41.7113 255.5
      vertex -10.9341 -43.6514 255.5
      vertex -8.77906 -44.1353 255.5
    endloop
  endfacet
  facet normal 0 0 1
    outer loop
      vertex -12.4822 -41.1484 255.5
      vertex -10.9341 -43.6514 255.5
      vertex -10.4481 -41.7113 255.5
    endloop
  endfacet
  facet normal 0 0 1
    outer loop
      vertex -12.4822 -41.1484 255.5
      vertex -13.0628 -43.0623 255.5
      vertex -10.9341 -43.6514 255.5
    endloop
  endfacet
  facet normal 0 0 1
    outer loop
      vertex -14.4863 -40.4864 255.5
      vertex -13.0628 -43.0623 255.5
      vertex -12.4822 -41.1484 255.5
    endloop
  endfacet
  facet normal 0 0 1
    outer loop
      vertex -14.4863 -40.4864 255.5
      vertex -15.16 -42.3695 255.5
      vertex -13.0628 -43.0623 255.5
    endloop
  endfacet
  facet normal 0 0 1
    outer loop
      vertex -16.4554 -39.7268 255.5
      vertex -15.16 -42.3695 255.5
      vertex -14.4863 -40.4864 255.5
    endloop
  endfacet
  facet normal 0 0 1
    outer loop
      vertex -16.4554 -39.7268 255.5
      vertex -17.2208 -41.5746 255.5
      vertex -15.16 -42.3695 255.5
    endloop
  endfacet
  facet normal 0 0 1
    outer loop
      vertex -18.3849 -38.8715 255.5
      vertex -17.2208 -41.5746 255.5
      vertex -16.4554 -39.7268 255.5
    endloop
  endfacet
  facet normal 0 0 1
    outer loop
      vertex -18.3849 -38.8715 255.5
      vertex -19.24 -40.6795 255.5
      vertex -17.2208 -41.5746 255.5
    endloop
  endfacet
  facet normal 0 0 1
    outer loop
      vertex -20.2701 -37.9226 255.5
      vertex -19.24 -40.6795 255.5
      vertex -18.3849 -38.8715 255.5
    endloop
  endfacet
  facet normal 0 0 1
    outer loop
      vertex -20.2701 -37.9226 255.5
      vertex -21.2129 -39.6865 255.5
      vertex -19.24 -40.6795 255.5
    endloop
  endfacet
  facet normal 0 0 1
    outer loop
      vertex -22.1064 -36.8823 255.5
      vertex -21.2129 -39.6865 255.5
      vertex -20.2701 -37.9226 255.5
    endloop
  endfacet
  facet normal 0 0 1
    outer loop
      vertex -22.1064 -36.8823 255.5
      vertex -23.1346 -38.5978 255.5
      vertex -21.2129 -39.6865 255.5
    endloop
  endfacet
  facet normal 0 0 1
    outer loop
      vertex -23.8895 -35.7532 255.5
      vertex -23.1346 -38.5978 255.5
      vertex -22.1064 -36.8823 255.5
    endloop
  endfacet
  facet normal 0 0 1
    outer loop
      vertex -23.8895 -35.7532 255.5
      vertex -25.0007 -37.4161 255.5
      vertex -23.1346 -38.5978 255.5
    endloop
  endfacet
  facet normal 0 0 1
    outer loop
      vertex -25.6151 -34.5379 255.5
      vertex -25.0007 -37.4161 255.5
      vertex -23.8895 -35.7532 255.5
    endloop
  endfacet
  facet normal 0 0 1
    outer loop
      vertex -25.6151 -34.5379 255.5
      vertex -26.8065 -36.1443 255.5
      vertex -25.0007 -37.4161 255.5
    endloop
  endfacet
  facet normal 0 0 1
    outer loop
      vertex -27.2789 -33.2394 255.5
      vertex -26.8065 -36.1443 255.5
      vertex -25.6151 -34.5379 255.5
    endloop
  endfacet
  facet normal 0 0 1
    outer loop
      vertex -27.2789 -33.2394 255.5
      vertex -28.5477 -34.7855 255.5
      vertex -26.8065 -36.1443 255.5
    endloop
  endfacet
  facet normal 0 0 1
    outer loop
      vertex -28.877 -31.8609 255.5
      vertex -28.5477 -34.7855 255.5
      vertex -27.2789 -33.2394 255.5
    endloop
  endfacet
  facet normal 0 0 1
    outer loop
      vertex -28.877 -31.8609 255.5
      vertex -30.2202 -33.3428 255.5
      vertex -28.5477 -34.7855 255.5
    endloop
  endfacet
  facet normal 0 0 1
    outer loop
      vertex -30.4056 -30.4056 255.5
      vertex -30.2202 -33.3428 255.5
      vertex -28.877 -31.8609 255.5
    endloop
  endfacet
  facet normal 0 0 1
    outer loop
      vertex -30.4056 -30.4056 255.5
      vertex -31.8198 -31.8198 255.5
      vertex -30.2202 -33.3428 255.5
    endloop
  endfacet
  facet normal 0 0 1
    outer loop
      vertex -31.8609 -28.877 255.5
      vertex -31.8198 -31.8198 255.5
      vertex -30.4056 -30.4056 255.5
    endloop
  endfacet
  facet normal 0 0 1
    outer loop
      vertex -33.3428 -30.2202 255.5
      vertex -31.8609 -28.877 255.5
      vertex -33.2394 -27.2789 255.5
    endloop
  endfacet
  facet normal 0 0 1
    outer loop
      vertex -31.8609 -28.877 255.5
      vertex -33.3428 -30.2202 255.5
      vertex -31.8198 -31.8198 255.5
    endloop
  endfacet
  facet normal 0 0 1
    outer loop
      vertex -34.7855 -28.5477 255.5
      vertex -33.2394 -27.2789 255.5
      vertex -34.5379 -25.6151 255.5
    endloop
  endfacet
  facet normal 0 0 1
    outer loop
      vertex -33.2394 -27.2789 255.5
      vertex -34.7855 -28.5477 255.5
      vertex -33.3428 -30.2202 255.5
    endloop
  endfacet
  facet normal 0 0 1
    outer loop
      vertex -36.1443 -26.8065 255.5
      vertex -34.5379 -25.6151 255.5
      vertex -35.7532 -23.8895 255.5
    endloop
  endfacet
  facet normal 0 0 1
    outer loop
      vertex -34.5379 -25.6151 255.5
      vertex -36.1443 -26.8065 255.5
      vertex -34.7855 -28.5477 255.5
    endloop
  endfacet
  facet normal 0 0 1
    outer loop
      vertex -37.4161 -25.0007 255.5
      vertex -35.7532 -23.8895 255.5
      vertex -36.8823 -22.1064 255.5
    endloop
  endfacet
  facet normal 0 0 1
    outer loop
      vertex -35.7532 -23.8895 255.5
      vertex -37.4161 -25.0007 255.5
      vertex -36.1443 -26.8065 255.5
    endloop
  endfacet
  facet normal 0 0 1
    outer loop
      vertex -38.5978 -23.1346 255.5
      vertex -36.8823 -22.1064 255.5
      vertex -37.9226 -20.2701 255.5
    endloop
  endfacet
  facet normal 0 0 1
    outer loop
      vertex -36.8823 -22.1064 255.5
      vertex -38.5978 -23.1346 255.5
      vertex -37.4161 -25.0007 255.5
    endloop
  endfacet
  facet normal 0 0 1
    outer loop
      vertex -39.6865 -21.2129 255.5
      vertex -37.9226 -20.2701 255.5
      vertex -38.8715 -18.3849 255.5
    endloop
  endfacet
  facet normal 0 0 1
    outer loop
      vertex -37.9226 -20.2701 255.5
      vertex -39.6865 -21.2129 255.5
      vertex -38.5978 -23.1346 255.5
    endloop
  endfacet
  facet normal 0 0 1
    outer loop
      vertex -40.6795 -19.24 255.5
      vertex -38.8715 -18.3849 255.5
      vertex -39.7268 -16.4554 255.5
    endloop
  endfacet
  facet normal 0 0 1
    outer loop
      vertex -41.5746 -17.2208 255.5
      vertex -39.7268 -16.4554 255.5
      vertex -40.4864 -14.4863 255.5
    endloop
  endfacet
  facet normal 0 0 1
    outer loop
      vertex -38.8715 -18.3849 255.5
      vertex -40.6795 -19.24 255.5
      vertex -39.6865 -21.2129 255.5
    endloop
  endfacet
  facet normal 0 0 1
    outer loop
      vertex -42.3695 -15.16 255.5
      vertex -40.4864 -14.4863 255.5
      vertex -41.1484 -12.4822 255.5
    endloop
  endfacet
  facet normal 0 0 1
    outer loop
      vertex -39.7268 -16.4554 255.5
      vertex -41.5746 -17.2208 255.5
      vertex -40.6795 -19.24 255.5
    endloop
  endfacet
  facet normal 0 0 1
    outer loop
      vertex -43.0623 -13.0628 255.5
      vertex -41.1484 -12.4822 255.5
      vertex -41.7113 -10.4481 255.5
    endloop
  endfacet
  facet normal 0 0 1
    outer loop
      vertex -43.6514 -10.9341 255.5
      vertex -41.7113 -10.4481 255.5
      vertex -42.1738 -8.38888 255.5
    endloop
  endfacet
  facet normal 0 0 1
    outer loop
      vertex -40.4864 -14.4863 255.5
      vertex -42.3695 -15.16 255.5
      vertex -41.5746 -17.2208 255.5
    endloop
  endfacet
  facet normal 0 0 1
    outer loop
      vertex -44.1353 -8.77906 255.5
      vertex -42.1738 -8.38888 255.5
      vertex -42.5346 -6.30941 255.5
    endloop
  endfacet
  facet normal 0 0 1
    outer loop
      vertex -44.5129 -6.60287 255.5
      vertex -42.5346 -6.30941 255.5
      vertex -42.7929 -4.21474 255.5
    endloop
  endfacet
  facet normal 0 0 1
    outer loop
      vertex -44.7833 -4.41077 255.5
      vertex -42.7929 -4.21474 255.5
      vertex -42.9482 -2.10991 255.5
    endloop
  endfacet
  facet normal 0 0 1
    outer loop
      vertex -41.1484 -12.4822 255.5
      vertex -43.0623 -13.0628 255.5
      vertex -42.3695 -15.16 255.5
    endloop
  endfacet
  facet normal 0 0 1
    outer loop
      vertex -44.9458 -2.20805 255.5
      vertex -42.9482 -2.10991 255.5
      vertex -43 0 255.5
    endloop
  endfacet
  facet normal 0 0 1
    outer loop
      vertex -42.5346 6.30941 255.5
      vertex -44.5129 6.60287 255.5
      vertex -42.7929 4.21474 255.5
    endloop
  endfacet
  facet normal -0 0 1
    outer loop
      vertex -44.7833 4.41077 255.5
      vertex -42.7929 4.21474 255.5
      vertex -44.5129 6.60287 255.5
    endloop
  endfacet
  facet normal 0 0 1
    outer loop
      vertex -41.7113 -10.4481 255.5
      vertex -43.6514 -10.9341 255.5
      vertex -43.0623 -13.0628 255.5
    endloop
  endfacet
  facet normal 0 0 1
    outer loop
      vertex -42.7929 4.21474 255.5
      vertex -44.7833 4.41077 255.5
      vertex -42.9482 2.10991 255.5
    endloop
  endfacet
  facet normal 0 0 1
    outer loop
      vertex -42.1738 -8.38888 255.5
      vertex -44.1353 -8.77906 255.5
      vertex -43.6514 -10.9341 255.5
    endloop
  endfacet
  facet normal -0 0 1
    outer loop
      vertex -44.9458 2.20805 255.5
      vertex -42.9482 2.10991 255.5
      vertex -44.7833 4.41077 255.5
    endloop
  endfacet
  facet normal 0 0 1
    outer loop
      vertex -42.5346 -6.30941 255.5
      vertex -44.5129 -6.60287 255.5
      vertex -44.1353 -8.77906 255.5
    endloop
  endfacet
  facet normal 0 0 1
    outer loop
      vertex -42.9482 2.10991 255.5
      vertex -44.9458 2.20805 255.5
      vertex -43 0 255.5
    endloop
  endfacet
  facet normal 0 0 1
    outer loop
      vertex -42.7929 -4.21474 255.5
      vertex -44.7833 -4.41077 255.5
      vertex -44.5129 -6.60287 255.5
    endloop
  endfacet
  facet normal 0 0 1
    outer loop
      vertex -45 0 255.5
      vertex -43 0 255.5
      vertex -44.9458 2.20805 255.5
    endloop
  endfacet
  facet normal 0 0 1
    outer loop
      vertex -42.9482 -2.10991 255.5
      vertex -44.9458 -2.20805 255.5
      vertex -44.7833 -4.41077 255.5
    endloop
  endfacet
  facet normal 0 0 1
    outer loop
      vertex -43 0 255.5
      vertex -45 0 255.5
      vertex -44.9458 -2.20805 255.5
    endloop
  endfacet
  facet normal -0.122424 0.992478 0
    outer loop
      vertex -4.41077 44.7833 75.5
      vertex -6.60287 44.5129 255.5
      vertex -4.41077 44.7833 255.5
    endloop
  endfacet
  facet normal -0.122424 0.992478 0
    outer loop
      vertex -6.60287 44.5129 255.5
      vertex -4.41077 44.7833 75.5
      vertex -6.60287 44.5129 75.5
    endloop
  endfacet
  facet normal 0.975705 -0.219088 0
    outer loop
      vertex 43.6514 -10.9341 255.5
      vertex 44.1353 -8.77906 75.5
      vertex 44.1353 -8.77906 255.5
    endloop
  endfacet
  facet normal 0.975705 -0.219088 0
    outer loop
      vertex 44.1353 -8.77906 75.5
      vertex 43.6514 -10.9341 255.5
      vertex 43.6514 -10.9341 75.5
    endloop
  endfacet
  facet normal 0.17096 -0.985278 0
    outer loop
      vertex 6.60287 -44.5129 75.5
      vertex 8.77906 -44.1353 255.5
      vertex 6.60287 -44.5129 255.5
    endloop
  endfacet
  facet normal 0.17096 -0.985278 0
    outer loop
      vertex 8.77906 -44.1353 255.5
      vertex 6.60287 -44.5129 75.5
      vertex 8.77906 -44.1353 75.5
    endloop
  endfacet
  facet normal 0.817582 -0.575812 0
    outer loop
      vertex 36.1443 -26.8065 255.5
      vertex 37.4161 -25.0007 75.5
      vertex 37.4161 -25.0007 255.5
    endloop
  endfacet
  facet normal 0.817582 -0.575812 0
    outer loop
      vertex 37.4161 -25.0007 75.5
      vertex 36.1443 -26.8065 255.5
      vertex 36.1443 -26.8065 75.5
    endloop
  endfacet
  facet normal 0.870073 -0.492922 0
    outer loop
      vertex 38.5978 -23.1346 255.5
      vertex 39.6865 -21.2129 75.5
      vertex 39.6865 -21.2129 255.5
    endloop
  endfacet
  facet normal 0.870073 -0.492922 0
    outer loop
      vertex 39.6865 -21.2129 75.5
      vertex 38.5978 -23.1346 255.5
      vertex 38.5978 -23.1346 75.5
    endloop
  endfacet
  facet normal 0.932999 -0.35988 0
    outer loop
      vertex 41.5746 -17.2208 255.5
      vertex 42.3695 -15.16 75.5
      vertex 42.3695 -15.16 255.5
    endloop
  endfacet
  facet normal 0.932999 -0.35988 0
    outer loop
      vertex 42.3695 -15.16 75.5
      vertex 41.5746 -17.2208 255.5
      vertex 41.5746 -17.2208 75.5
    endloop
  endfacet
  facet normal -0.575812 -0.817582 0
    outer loop
      vertex -26.8065 -36.1443 75.5
      vertex -25.0007 -37.4161 255.5
      vertex -26.8065 -36.1443 255.5
    endloop
  endfacet
  facet normal -0.575812 -0.817582 -0
    outer loop
      vertex -25.0007 -37.4161 255.5
      vertex -26.8065 -36.1443 75.5
      vertex -25.0007 -37.4161 75.5
    endloop
  endfacet
  facet normal -0.492922 -0.870073 0
    outer loop
      vertex -23.1346 -38.5978 75.5
      vertex -21.2129 -39.6865 255.5
      vertex -23.1346 -38.5978 255.5
    endloop
  endfacet
  facet normal -0.492922 -0.870073 -0
    outer loop
      vertex -21.2129 -39.6865 255.5
      vertex -23.1346 -38.5978 75.5
      vertex -21.2129 -39.6865 75.5
    endloop
  endfacet
  facet normal -0.219088 -0.975705 0
    outer loop
      vertex -10.9341 -43.6514 75.5
      vertex -8.77906 -44.1353 255.5
      vertex -10.9341 -43.6514 255.5
    endloop
  endfacet
  facet normal -0.219088 -0.975705 -0
    outer loop
      vertex -8.77906 -44.1353 255.5
      vertex -10.9341 -43.6514 75.5
      vertex -8.77906 -44.1353 75.5
    endloop
  endfacet
  facet normal -0.844852 -0.534999 0
    outer loop
      vertex -37.4161 -25.0007 75.5
      vertex -38.5978 -23.1346 255.5
      vertex -38.5978 -23.1346 75.5
    endloop
  endfacet
  facet normal -0.844852 -0.534999 0
    outer loop
      vertex -38.5978 -23.1346 255.5
      vertex -37.4161 -25.0007 75.5
      vertex -37.4161 -25.0007 255.5
    endloop
  endfacet
  facet normal -0.788356 -0.615219 0
    outer loop
      vertex -34.7855 -28.5477 75.5
      vertex -36.1443 -26.8065 255.5
      vertex -36.1443 -26.8065 75.5
    endloop
  endfacet
  facet normal -0.788356 -0.615219 0
    outer loop
      vertex -36.1443 -26.8065 255.5
      vertex -34.7855 -28.5477 75.5
      vertex -34.7855 -28.5477 255.5
    endloop
  endfacet
  facet normal -0.963775 -0.266717 0
    outer loop
      vertex -43.0623 -13.0628 75.5
      vertex -43.6514 -10.9341 255.5
      vertex -43.6514 -10.9341 75.5
    endloop
  endfacet
  facet normal -0.963775 -0.266717 0
    outer loop
      vertex -43.6514 -10.9341 255.5
      vertex -43.0623 -13.0628 75.5
      vertex -43.0623 -13.0628 255.5
    endloop
  endfacet
  facet normal -0.99729 -0.0735725 0
    outer loop
      vertex -44.7833 -4.41077 75.5
      vertex -44.9458 -2.20805 255.5
      vertex -44.9458 -2.20805 75.5
    endloop
  endfacet
  facet normal -0.99729 -0.0735725 0
    outer loop
      vertex -44.9458 -2.20805 255.5
      vertex -44.7833 -4.41077 75.5
      vertex -44.7833 -4.41077 255.5
    endloop
  endfacet
  facet normal -0.985278 -0.17096 0
    outer loop
      vertex -44.1353 -8.77906 75.5
      vertex -44.5129 -6.60287 255.5
      vertex -44.5129 -6.60287 75.5
    endloop
  endfacet
  facet normal -0.985278 -0.17096 0
    outer loop
      vertex -44.5129 -6.60287 255.5
      vertex -44.1353 -8.77906 75.5
      vertex -44.1353 -8.77906 255.5
    endloop
  endfacet
  facet normal 0.949531 -0.313673 0
    outer loop
      vertex 42.3695 -15.16 255.5
      vertex 43.0623 -13.0628 75.5
      vertex 43.0623 -13.0628 255.5
    endloop
  endfacet
  facet normal 0.949531 -0.313673 0
    outer loop
      vertex 43.0623 -13.0628 75.5
      vertex 42.3695 -15.16 255.5
      vertex 42.3695 -15.16 75.5
    endloop
  endfacet
  facet normal 0.985278 -0.17096 0
    outer loop
      vertex 44.1353 -8.77906 255.5
      vertex 44.5129 -6.60287 75.5
      vertex 44.5129 -6.60287 255.5
    endloop
  endfacet
  facet normal 0.985278 -0.17096 0
    outer loop
      vertex 44.5129 -6.60287 75.5
      vertex 44.1353 -8.77906 255.5
      vertex 44.1353 -8.77906 75.5
    endloop
  endfacet
  facet normal 0.992478 -0.122424 0
    outer loop
      vertex 44.5129 -6.60287 255.5
      vertex 44.7833 -4.41077 75.5
      vertex 44.7833 -4.41077 255.5
    endloop
  endfacet
  facet normal 0.992478 -0.122424 0
    outer loop
      vertex 44.7833 -4.41077 75.5
      vertex 44.5129 -6.60287 255.5
      vertex 44.5129 -6.60287 75.5
    endloop
  endfacet
  facet normal 0.99729 -0.0735725 0
    outer loop
      vertex 44.7833 -4.41077 255.5
      vertex 44.9458 -2.20805 75.5
      vertex 44.9458 -2.20805 255.5
    endloop
  endfacet
  facet normal 0.99729 -0.0735725 0
    outer loop
      vertex 44.9458 -2.20805 75.5
      vertex 44.7833 -4.41077 255.5
      vertex 44.7833 -4.41077 75.5
    endloop
  endfacet
  facet normal -0.724258 -0.689529 0
    outer loop
      vertex 31.8609 28.877 75.5
      vertex 30.4056 30.4056 255.5
      vertex 30.4056 30.4056 75.5
    endloop
  endfacet
  facet normal -0.724258 -0.689529 0
    outer loop
      vertex 30.4056 30.4056 255.5
      vertex 31.8609 28.877 75.5
      vertex 31.8609 28.877 255.5
    endloop
  endfacet
  facet normal -0.963777 -0.266708 0
    outer loop
      vertex 41.7113 10.4481 75.5
      vertex 41.1484 12.4822 255.5
      vertex 41.1484 12.4822 75.5
    endloop
  endfacet
  facet normal -0.963777 -0.266708 0
    outer loop
      vertex 41.1484 12.4822 255.5
      vertex 41.7113 10.4481 75.5
      vertex 41.7113 10.4481 255.5
    endloop
  endfacet
  facet normal -0.0735827 -0.997289 0
    outer loop
      vertex 2.10991 42.9482 75.5
      vertex 4.21474 42.7929 255.5
      vertex 2.10991 42.9482 255.5
    endloop
  endfacet
  facet normal -0.0735827 -0.997289 -0
    outer loop
      vertex 4.21474 42.7929 255.5
      vertex 2.10991 42.9482 75.5
      vertex 4.21474 42.7929 75.5
    endloop
  endfacet
  facet normal -0.4496 -0.89323 0
    outer loop
      vertex 18.3849 38.8715 75.5
      vertex 20.2701 37.9226 255.5
      vertex 18.3849 38.8715 255.5
    endloop
  endfacet
  facet normal -0.4496 -0.89323 -0
    outer loop
      vertex 20.2701 37.9226 255.5
      vertex 18.3849 38.8715 75.5
      vertex 20.2701 37.9226 75.5
    endloop
  endfacet
  facet normal 0.844861 -0.534986 0
    outer loop
      vertex -36.8823 22.1064 255.5
      vertex -35.7532 23.8895 75.5
      vertex -35.7532 23.8895 255.5
    endloop
  endfacet
  facet normal 0.844861 -0.534986 0
    outer loop
      vertex -35.7532 23.8895 75.5
      vertex -36.8823 22.1064 255.5
      vertex -36.8823 22.1064 75.5
    endloop
  endfacet
  facet normal 0.997289 -0.0735827 0
    outer loop
      vertex -42.9482 2.10991 255.5
      vertex -42.7929 4.21474 75.5
      vertex -42.7929 4.21474 255.5
    endloop
  endfacet
  facet normal 0.997289 -0.0735827 0
    outer loop
      vertex -42.7929 4.21474 75.5
      vertex -42.9482 2.10991 255.5
      vertex -42.9482 2.10991 75.5
    endloop
  endfacet
  facet normal 0.653165 -0.757216 0
    outer loop
      vertex -28.877 31.8609 75.5
      vertex -27.2789 33.2394 255.5
      vertex -28.877 31.8609 255.5
    endloop
  endfacet
  facet normal 0.653165 -0.757216 0
    outer loop
      vertex -27.2789 33.2394 255.5
      vertex -28.877 31.8609 75.5
      vertex -27.2789 33.2394 75.5
    endloop
  endfacet
  facet normal 0.313654 -0.949537 0
    outer loop
      vertex -14.4863 40.4864 75.5
      vertex -12.4822 41.1484 255.5
      vertex -14.4863 40.4864 255.5
    endloop
  endfacet
  facet normal 0.313654 -0.949537 0
    outer loop
      vertex -12.4822 41.1484 255.5
      vertex -14.4863 40.4864 75.5
      vertex -12.4822 41.1484 75.5
    endloop
  endfacet
  facet normal -0.844861 0.534986 0
    outer loop
      vertex 35.7532 -23.8895 75.5
      vertex 36.8823 -22.1064 255.5
      vertex 36.8823 -22.1064 75.5
    endloop
  endfacet
  facet normal -0.844861 0.534986 0
    outer loop
      vertex 36.8823 -22.1064 255.5
      vertex 35.7532 -23.8895 75.5
      vertex 35.7532 -23.8895 255.5
    endloop
  endfacet
  facet normal -0.21914 0.975693 0
    outer loop
      vertex 10.4481 -41.7113 75.5
      vertex 8.38888 -42.1738 255.5
      vertex 10.4481 -41.7113 255.5
    endloop
  endfacet
  facet normal -0.21914 0.975693 0
    outer loop
      vertex 8.38888 -42.1738 255.5
      vertex 10.4481 -41.7113 75.5
      vertex 8.38888 -42.1738 75.5
    endloop
  endfacet
  facet normal -0.653165 0.757216 0
    outer loop
      vertex 28.877 -31.8609 75.5
      vertex 27.2789 -33.2394 255.5
      vertex 28.877 -31.8609 255.5
    endloop
  endfacet
  facet normal -0.653165 0.757216 0
    outer loop
      vertex 27.2789 -33.2394 255.5
      vertex 28.877 -31.8609 75.5
      vertex 27.2789 -33.2394 75.5
    endloop
  endfacet
  facet normal 0.359909 0.932987 -0
    outer loop
      vertex -14.4863 -40.4864 75.5
      vertex -16.4554 -39.7268 255.5
      vertex -14.4863 -40.4864 255.5
    endloop
  endfacet
  facet normal 0.359909 0.932987 0
    outer loop
      vertex -16.4554 -39.7268 255.5
      vertex -14.4863 -40.4864 75.5
      vertex -16.4554 -39.7268 75.5
    endloop
  endfacet
  facet normal 0.844861 0.534986 0
    outer loop
      vertex -35.7532 -23.8895 255.5
      vertex -36.8823 -22.1064 75.5
      vertex -36.8823 -22.1064 255.5
    endloop
  endfacet
  facet normal 0.844861 0.534986 0
    outer loop
      vertex -36.8823 -22.1064 75.5
      vertex -35.7532 -23.8895 255.5
      vertex -35.7532 -23.8895 75.5
    endloop
  endfacet
  facet normal -0.870077 -0.492916 0
    outer loop
      vertex 37.9226 20.2701 75.5
      vertex 36.8823 22.1064 255.5
      vertex 36.8823 22.1064 75.5
    endloop
  endfacet
  facet normal -0.870077 -0.492916 0
    outer loop
      vertex 36.8823 22.1064 255.5
      vertex 37.9226 20.2701 75.5
      vertex 37.9226 20.2701 255.5
    endloop
  endfacet
  facet normal -0.757216 -0.653165 0
    outer loop
      vertex 33.2394 27.2789 75.5
      vertex 31.8609 28.877 255.5
      vertex 31.8609 28.877 75.5
    endloop
  endfacet
  facet normal -0.757216 -0.653165 0
    outer loop
      vertex 31.8609 28.877 255.5
      vertex 33.2394 27.2789 75.5
      vertex 33.2394 27.2789 255.5
    endloop
  endfacet
  facet normal -0.21914 -0.975693 0
    outer loop
      vertex 8.38888 42.1738 75.5
      vertex 10.4481 41.7113 255.5
      vertex 8.38888 42.1738 255.5
    endloop
  endfacet
  facet normal -0.21914 -0.975693 -0
    outer loop
      vertex 10.4481 41.7113 255.5
      vertex 8.38888 42.1738 75.5
      vertex 10.4481 41.7113 75.5
    endloop
  endfacet
  facet normal -0.122386 -0.992483 0
    outer loop
      vertex 4.21474 42.7929 75.5
      vertex 6.30941 42.5346 255.5
      vertex 4.21474 42.7929 255.5
    endloop
  endfacet
  facet normal -0.122386 -0.992483 -0
    outer loop
      vertex 6.30941 42.5346 255.5
      vertex 4.21474 42.7929 75.5
      vertex 6.30941 42.5346 75.5
    endloop
  endfacet
  facet normal -0.653165 -0.757216 0
    outer loop
      vertex 27.2789 33.2394 75.5
      vertex 28.877 31.8609 255.5
      vertex 27.2789 33.2394 255.5
    endloop
  endfacet
  facet normal -0.653165 -0.757216 -0
    outer loop
      vertex 28.877 31.8609 255.5
      vertex 27.2789 33.2394 75.5
      vertex 28.877 31.8609 75.5
    endloop
  endfacet
  facet normal -0.492916 -0.870077 0
    outer loop
      vertex 20.2701 37.9226 75.5
      vertex 22.1064 36.8823 255.5
      vertex 20.2701 37.9226 255.5
    endloop
  endfacet
  facet normal -0.492916 -0.870077 -0
    outer loop
      vertex 22.1064 36.8823 255.5
      vertex 20.2701 37.9226 75.5
      vertex 22.1064 36.8823 75.5
    endloop
  endfacet
  facet normal 0.975693 -0.21914 0
    outer loop
      vertex -42.1738 8.38888 255.5
      vertex -41.7113 10.4481 75.5
      vertex -41.7113 10.4481 255.5
    endloop
  endfacet
  facet normal 0.975693 -0.21914 0
    outer loop
      vertex -41.7113 10.4481 75.5
      vertex -42.1738 8.38888 255.5
      vertex -42.1738 8.38888 75.5
    endloop
  endfacet
  facet normal 0.992483 -0.122386 0
    outer loop
      vertex -42.7929 4.21474 255.5
      vertex -42.5346 6.30941 75.5
      vertex -42.5346 6.30941 255.5
    endloop
  endfacet
  facet normal 0.992483 -0.122386 0
    outer loop
      vertex -42.5346 6.30941 75.5
      vertex -42.7929 4.21474 255.5
      vertex -42.7929 4.21474 75.5
    endloop
  endfacet
  facet normal 0.534986 -0.844861 0
    outer loop
      vertex -23.8895 35.7532 75.5
      vertex -22.1064 36.8823 255.5
      vertex -23.8895 35.7532 255.5
    endloop
  endfacet
  facet normal 0.534986 -0.844861 0
    outer loop
      vertex -22.1064 36.8823 255.5
      vertex -23.8895 35.7532 75.5
      vertex -22.1064 36.8823 75.5
    endloop
  endfacet
  facet normal 0.615249 -0.788333 0
    outer loop
      vertex -27.2789 33.2394 75.5
      vertex -25.6151 34.5379 255.5
      vertex -27.2789 33.2394 255.5
    endloop
  endfacet
  facet normal 0.615249 -0.788333 0
    outer loop
      vertex -25.6151 34.5379 255.5
      vertex -27.2789 33.2394 75.5
      vertex -25.6151 34.5379 75.5
    endloop
  endfacet
  facet normal 0.0735827 -0.997289 0
    outer loop
      vertex -4.21474 42.7929 75.5
      vertex -2.10991 42.9482 255.5
      vertex -4.21474 42.7929 255.5
    endloop
  endfacet
  facet normal 0.0735827 -0.997289 0
    outer loop
      vertex -2.10991 42.9482 255.5
      vertex -4.21474 42.7929 75.5
      vertex -2.10991 42.9482 75.5
    endloop
  endfacet
  facet normal 0.266708 -0.963777 0
    outer loop
      vertex -12.4822 41.1484 75.5
      vertex -10.4481 41.7113 255.5
      vertex -12.4822 41.1484 255.5
    endloop
  endfacet
  facet normal 0.266708 -0.963777 0
    outer loop
      vertex -10.4481 41.7113 255.5
      vertex -12.4822 41.1484 75.5
      vertex -10.4481 41.7113 75.5
    endloop
  endfacet
  facet normal -0.999699 0.0245434 0
    outer loop
      vertex 42.9482 -2.10991 75.5
      vertex 43 0 255.5
      vertex 43 0 75.5
    endloop
  endfacet
  facet normal -0.999699 0.0245434 0
    outer loop
      vertex 43 0 255.5
      vertex 42.9482 -2.10991 75.5
      vertex 42.9482 -2.10991 255.5
    endloop
  endfacet
  facet normal 0.0735827 0.997289 -0
    outer loop
      vertex -2.10991 -42.9482 75.5
      vertex -4.21474 -42.7929 255.5
      vertex -2.10991 -42.9482 255.5
    endloop
  endfacet
  facet normal 0.0735827 0.997289 0
    outer loop
      vertex -4.21474 -42.7929 255.5
      vertex -2.10991 -42.9482 75.5
      vertex -4.21474 -42.7929 75.5
    endloop
  endfacet
  facet normal 0.575807 0.817586 -0
    outer loop
      vertex -23.8895 -35.7532 75.5
      vertex -25.6151 -34.5379 255.5
      vertex -23.8895 -35.7532 255.5
    endloop
  endfacet
  facet normal 0.575807 0.817586 0
    outer loop
      vertex -25.6151 -34.5379 255.5
      vertex -23.8895 -35.7532 75.5
      vertex -25.6151 -34.5379 75.5
    endloop
  endfacet
  facet normal 0.724258 0.689529 0
    outer loop
      vertex -30.4056 -30.4056 255.5
      vertex -31.8609 -28.877 75.5
      vertex -31.8609 -28.877 255.5
    endloop
  endfacet
  facet normal 0.724258 0.689529 0
    outer loop
      vertex -31.8609 -28.877 75.5
      vertex -30.4056 -30.4056 255.5
      vertex -30.4056 -30.4056 75.5
    endloop
  endfacet
  facet normal 0.757216 0.653165 0
    outer loop
      vertex -31.8609 -28.877 255.5
      vertex -33.2394 -27.2789 75.5
      vertex -33.2394 -27.2789 255.5
    endloop
  endfacet
  facet normal 0.757216 0.653165 0
    outer loop
      vertex -33.2394 -27.2789 75.5
      vertex -31.8609 -28.877 255.5
      vertex -31.8609 -28.877 75.5
    endloop
  endfacet
  facet normal 0.914208 0.405246 0
    outer loop
      vertex -38.8715 -18.3849 255.5
      vertex -39.7268 -16.4554 75.5
      vertex -39.7268 -16.4554 255.5
    endloop
  endfacet
  facet normal 0.914208 0.405246 0
    outer loop
      vertex -39.7268 -16.4554 75.5
      vertex -38.8715 -18.3849 255.5
      vertex -38.8715 -18.3849 75.5
    endloop
  endfacet
  facet normal -0.997289 -0.0735827 0
    outer loop
      vertex 42.9482 2.10991 75.5
      vertex 42.7929 4.21474 255.5
      vertex 42.7929 4.21474 75.5
    endloop
  endfacet
  facet normal -0.997289 -0.0735827 0
    outer loop
      vertex 42.7929 4.21474 255.5
      vertex 42.9482 2.10991 75.5
      vertex 42.9482 2.10991 255.5
    endloop
  endfacet
  facet normal -0.949537 -0.313654 0
    outer loop
      vertex 41.1484 12.4822 75.5
      vertex 40.4864 14.4863 255.5
      vertex 40.4864 14.4863 75.5
    endloop
  endfacet
  facet normal -0.949537 -0.313654 0
    outer loop
      vertex 40.4864 14.4863 255.5
      vertex 41.1484 12.4822 75.5
      vertex 41.1484 12.4822 255.5
    endloop
  endfacet
  facet normal -0.914208 -0.405246 0
    outer loop
      vertex 39.7268 16.4554 75.5
      vertex 38.8715 18.3849 255.5
      vertex 38.8715 18.3849 75.5
    endloop
  endfacet
  facet normal -0.914208 -0.405246 0
    outer loop
      vertex 38.8715 18.3849 255.5
      vertex 39.7268 16.4554 75.5
      vertex 39.7268 16.4554 255.5
    endloop
  endfacet
  facet normal -0.932987 -0.359909 0
    outer loop
      vertex 40.4864 14.4863 75.5
      vertex 39.7268 16.4554 255.5
      vertex 39.7268 16.4554 75.5
    endloop
  endfacet
  facet normal -0.932987 -0.359909 0
    outer loop
      vertex 39.7268 16.4554 255.5
      vertex 40.4864 14.4863 75.5
      vertex 40.4864 14.4863 255.5
    endloop
  endfacet
  facet normal -0.788333 -0.615249 0
    outer loop
      vertex 34.5379 25.6151 75.5
      vertex 33.2394 27.2789 255.5
      vertex 33.2394 27.2789 75.5
    endloop
  endfacet
  facet normal -0.788333 -0.615249 0
    outer loop
      vertex 33.2394 27.2789 255.5
      vertex 34.5379 25.6151 75.5
      vertex 34.5379 25.6151 255.5
    endloop
  endfacet
  facet normal -0.844861 -0.534986 0
    outer loop
      vertex 36.8823 22.1064 75.5
      vertex 35.7532 23.8895 255.5
      vertex 35.7532 23.8895 75.5
    endloop
  endfacet
  facet normal -0.844861 -0.534986 0
    outer loop
      vertex 35.7532 23.8895 255.5
      vertex 36.8823 22.1064 75.5
      vertex 36.8823 22.1064 255.5
    endloop
  endfacet
  facet normal -0.89323 -0.4496 0
    outer loop
      vertex 38.8715 18.3849 75.5
      vertex 37.9226 20.2701 255.5
      vertex 37.9226 20.2701 75.5
    endloop
  endfacet
  facet normal -0.89323 -0.4496 0
    outer loop
      vertex 37.9226 20.2701 255.5
      vertex 38.8715 18.3849 75.5
      vertex 38.8715 18.3849 255.5
    endloop
  endfacet
  facet normal -0.817586 -0.575807 0
    outer loop
      vertex 35.7532 23.8895 75.5
      vertex 34.5379 25.6151 255.5
      vertex 34.5379 25.6151 75.5
    endloop
  endfacet
  facet normal -0.817586 -0.575807 0
    outer loop
      vertex 34.5379 25.6151 255.5
      vertex 35.7532 23.8895 75.5
      vertex 35.7532 23.8895 255.5
    endloop
  endfacet
  facet normal -0.0245434 -0.999699 0
    outer loop
      vertex 0 43 75.5
      vertex 2.10991 42.9482 255.5
      vertex 0 43 255.5
    endloop
  endfacet
  facet normal -0.0245434 -0.999699 -0
    outer loop
      vertex 2.10991 42.9482 255.5
      vertex 0 43 75.5
      vertex 2.10991 42.9482 75.5
    endloop
  endfacet
  facet normal -0.359909 -0.932987 0
    outer loop
      vertex 14.4863 40.4864 75.5
      vertex 16.4554 39.7268 255.5
      vertex 14.4863 40.4864 255.5
    endloop
  endfacet
  facet normal -0.359909 -0.932987 -0
    outer loop
      vertex 16.4554 39.7268 255.5
      vertex 14.4863 40.4864 75.5
      vertex 16.4554 39.7268 75.5
    endloop
  endfacet
  facet normal -0.313654 -0.949537 0
    outer loop
      vertex 12.4822 41.1484 75.5
      vertex 14.4863 40.4864 255.5
      vertex 12.4822 41.1484 255.5
    endloop
  endfacet
  facet normal -0.313654 -0.949537 -0
    outer loop
      vertex 14.4863 40.4864 255.5
      vertex 12.4822 41.1484 75.5
      vertex 14.4863 40.4864 75.5
    endloop
  endfacet
  facet normal -0.266708 -0.963777 0
    outer loop
      vertex 10.4481 41.7113 75.5
      vertex 12.4822 41.1484 255.5
      vertex 10.4481 41.7113 255.5
    endloop
  endfacet
  facet normal -0.266708 -0.963777 -0
    outer loop
      vertex 12.4822 41.1484 255.5
      vertex 10.4481 41.7113 75.5
      vertex 12.4822 41.1484 75.5
    endloop
  endfacet
  facet normal -0.170952 -0.985279 0
    outer loop
      vertex 6.30941 42.5346 75.5
      vertex 8.38888 42.1738 255.5
      vertex 6.30941 42.5346 255.5
    endloop
  endfacet
  facet normal -0.170952 -0.985279 -0
    outer loop
      vertex 8.38888 42.1738 255.5
      vertex 6.30941 42.5346 75.5
      vertex 8.38888 42.1738 75.5
    endloop
  endfacet
  facet normal -0.405246 -0.914208 0
    outer loop
      vertex 16.4554 39.7268 75.5
      vertex 18.3849 38.8715 255.5
      vertex 16.4554 39.7268 255.5
    endloop
  endfacet
  facet normal -0.405246 -0.914208 -0
    outer loop
      vertex 18.3849 38.8715 255.5
      vertex 16.4554 39.7268 75.5
      vertex 18.3849 38.8715 75.5
    endloop
  endfacet
  facet normal -0.534986 -0.844861 0
    outer loop
      vertex 22.1064 36.8823 75.5
      vertex 23.8895 35.7532 255.5
      vertex 22.1064 36.8823 255.5
    endloop
  endfacet
  facet normal -0.534986 -0.844861 -0
    outer loop
      vertex 23.8895 35.7532 255.5
      vertex 22.1064 36.8823 75.5
      vertex 23.8895 35.7532 75.5
    endloop
  endfacet
  facet normal -0.615249 -0.788333 0
    outer loop
      vertex 25.6151 34.5379 75.5
      vertex 27.2789 33.2394 255.5
      vertex 25.6151 34.5379 255.5
    endloop
  endfacet
  facet normal -0.615249 -0.788333 -0
    outer loop
      vertex 27.2789 33.2394 255.5
      vertex 25.6151 34.5379 75.5
      vertex 27.2789 33.2394 75.5
    endloop
  endfacet
  facet normal -0.689529 -0.724258 0
    outer loop
      vertex 28.877 31.8609 75.5
      vertex 30.4056 30.4056 255.5
      vertex 28.877 31.8609 255.5
    endloop
  endfacet
  facet normal -0.689529 -0.724258 -0
    outer loop
      vertex 30.4056 30.4056 255.5
      vertex 28.877 31.8609 75.5
      vertex 30.4056 30.4056 75.5
    endloop
  endfacet
  facet normal -0.575807 -0.817586 0
    outer loop
      vertex 23.8895 35.7532 75.5
      vertex 25.6151 34.5379 255.5
      vertex 23.8895 35.7532 255.5
    endloop
  endfacet
  facet normal -0.575807 -0.817586 -0
    outer loop
      vertex 25.6151 34.5379 255.5
      vertex 23.8895 35.7532 75.5
      vertex 25.6151 34.5379 75.5
    endloop
  endfacet
  facet normal 0.999699 -0.0245434 0
    outer loop
      vertex -43 0 255.5
      vertex -42.9482 2.10991 75.5
      vertex -42.9482 2.10991 255.5
    endloop
  endfacet
  facet normal 0.999699 -0.0245434 0
    outer loop
      vertex -42.9482 2.10991 75.5
      vertex -43 0 255.5
      vertex -43 0 75.5
    endloop
  endfacet
  facet normal 0.724258 -0.689529 0
    outer loop
      vertex -31.8609 28.877 255.5
      vertex -30.4056 30.4056 75.5
      vertex -30.4056 30.4056 255.5
    endloop
  endfacet
  facet normal 0.724258 -0.689529 0
    outer loop
      vertex -30.4056 30.4056 75.5
      vertex -31.8609 28.877 255.5
      vertex -31.8609 28.877 75.5
    endloop
  endfacet
  facet normal 0.870077 -0.492916 0
    outer loop
      vertex -37.9226 20.2701 255.5
      vertex -36.8823 22.1064 75.5
      vertex -36.8823 22.1064 255.5
    endloop
  endfacet
  facet normal 0.870077 -0.492916 0
    outer loop
      vertex -36.8823 22.1064 75.5
      vertex -37.9226 20.2701 255.5
      vertex -37.9226 20.2701 75.5
    endloop
  endfacet
  facet normal 0.914208 -0.405246 0
    outer loop
      vertex -39.7268 16.4554 255.5
      vertex -38.8715 18.3849 75.5
      vertex -38.8715 18.3849 255.5
    endloop
  endfacet
  facet normal 0.914208 -0.405246 0
    outer loop
      vertex -38.8715 18.3849 75.5
      vertex -39.7268 16.4554 255.5
      vertex -39.7268 16.4554 75.5
    endloop
  endfacet
  facet normal 0.89323 -0.4496 0
    outer loop
      vertex -38.8715 18.3849 255.5
      vertex -37.9226 20.2701 75.5
      vertex -37.9226 20.2701 255.5
    endloop
  endfacet
  facet normal 0.89323 -0.4496 0
    outer loop
      vertex -37.9226 20.2701 75.5
      vertex -38.8715 18.3849 255.5
      vertex -38.8715 18.3849 75.5
    endloop
  endfacet
  facet normal 0.932987 -0.359909 0
    outer loop
      vertex -40.4864 14.4863 255.5
      vertex -39.7268 16.4554 75.5
      vertex -39.7268 16.4554 255.5
    endloop
  endfacet
  facet normal 0.932987 -0.359909 0
    outer loop
      vertex -39.7268 16.4554 75.5
      vertex -40.4864 14.4863 255.5
      vertex -40.4864 14.4863 75.5
    endloop
  endfacet
  facet normal 0.949537 -0.313654 0
    outer loop
      vertex -41.1484 12.4822 255.5
      vertex -40.4864 14.4863 75.5
      vertex -40.4864 14.4863 255.5
    endloop
  endfacet
  facet normal 0.949537 -0.313654 0
    outer loop
      vertex -40.4864 14.4863 75.5
      vertex -41.1484 12.4822 255.5
      vertex -41.1484 12.4822 75.5
    endloop
  endfacet
  facet normal 0.963777 -0.266708 0
    outer loop
      vertex -41.7113 10.4481 255.5
      vertex -41.1484 12.4822 75.5
      vertex -41.1484 12.4822 255.5
    endloop
  endfacet
  facet normal 0.963777 -0.266708 0
    outer loop
      vertex -41.1484 12.4822 75.5
      vertex -41.7113 10.4481 255.5
      vertex -41.7113 10.4481 75.5
    endloop
  endfacet
  facet normal 0.985279 -0.170952 0
    outer loop
      vertex -42.5346 6.30941 255.5
      vertex -42.1738 8.38888 75.5
      vertex -42.1738 8.38888 255.5
    endloop
  endfacet
  facet normal 0.985279 -0.170952 0
    outer loop
      vertex -42.1738 8.38888 75.5
      vertex -42.5346 6.30941 255.5
      vertex -42.5346 6.30941 75.5
    endloop
  endfacet
  facet normal 0.689529 -0.724258 0
    outer loop
      vertex -30.4056 30.4056 75.5
      vertex -28.877 31.8609 255.5
      vertex -30.4056 30.4056 255.5
    endloop
  endfacet
  facet normal 0.689529 -0.724258 0
    outer loop
      vertex -28.877 31.8609 255.5
      vertex -30.4056 30.4056 75.5
      vertex -28.877 31.8609 75.5
    endloop
  endfacet
  facet normal 0.405246 -0.914208 0
    outer loop
      vertex -18.3849 38.8715 75.5
      vertex -16.4554 39.7268 255.5
      vertex -18.3849 38.8715 255.5
    endloop
  endfacet
  facet normal 0.405246 -0.914208 0
    outer loop
      vertex -16.4554 39.7268 255.5
      vertex -18.3849 38.8715 75.5
      vertex -16.4554 39.7268 75.5
    endloop
  endfacet
  facet normal 0.4496 -0.89323 0
    outer loop
      vertex -20.2701 37.9226 75.5
      vertex -18.3849 38.8715 255.5
      vertex -20.2701 37.9226 255.5
    endloop
  endfacet
  facet normal 0.4496 -0.89323 0
    outer loop
      vertex -18.3849 38.8715 255.5
      vertex -20.2701 37.9226 75.5
      vertex -18.3849 38.8715 75.5
    endloop
  endfacet
  facet normal 0.492916 -0.870077 0
    outer loop
      vertex -22.1064 36.8823 75.5
      vertex -20.2701 37.9226 255.5
      vertex -22.1064 36.8823 255.5
    endloop
  endfacet
  facet normal 0.492916 -0.870077 0
    outer loop
      vertex -20.2701 37.9226 255.5
      vertex -22.1064 36.8823 75.5
      vertex -20.2701 37.9226 75.5
    endloop
  endfacet
  facet normal 0.575807 -0.817586 0
    outer loop
      vertex -25.6151 34.5379 75.5
      vertex -23.8895 35.7532 255.5
      vertex -25.6151 34.5379 255.5
    endloop
  endfacet
  facet normal 0.575807 -0.817586 0
    outer loop
      vertex -23.8895 35.7532 255.5
      vertex -25.6151 34.5379 75.5
      vertex -23.8895 35.7532 75.5
    endloop
  endfacet
  facet normal 0.359909 -0.932987 0
    outer loop
      vertex -16.4554 39.7268 75.5
      vertex -14.4863 40.4864 255.5
      vertex -16.4554 39.7268 255.5
    endloop
  endfacet
  facet normal 0.359909 -0.932987 0
    outer loop
      vertex -14.4863 40.4864 255.5
      vertex -16.4554 39.7268 75.5
      vertex -14.4863 40.4864 75.5
    endloop
  endfacet
  facet normal 0.21914 -0.975693 0
    outer loop
      vertex -10.4481 41.7113 75.5
      vertex -8.38888 42.1738 255.5
      vertex -10.4481 41.7113 255.5
    endloop
  endfacet
  facet normal 0.21914 -0.975693 0
    outer loop
      vertex -8.38888 42.1738 255.5
      vertex -10.4481 41.7113 75.5
      vertex -8.38888 42.1738 75.5
    endloop
  endfacet
  facet normal 0.122386 -0.992483 0
    outer loop
      vertex -6.30941 42.5346 75.5
      vertex -4.21474 42.7929 255.5
      vertex -6.30941 42.5346 255.5
    endloop
  endfacet
  facet normal 0.122386 -0.992483 0
    outer loop
      vertex -4.21474 42.7929 255.5
      vertex -6.30941 42.5346 75.5
      vertex -4.21474 42.7929 75.5
    endloop
  endfacet
  facet normal 0.0245434 -0.999699 0
    outer loop
      vertex -2.10991 42.9482 75.5
      vertex 0 43 255.5
      vertex -2.10991 42.9482 255.5
    endloop
  endfacet
  facet normal 0.0245434 -0.999699 0
    outer loop
      vertex 0 43 255.5
      vertex -2.10991 42.9482 75.5
      vertex 0 43 75.5
    endloop
  endfacet
  facet normal 0.170952 -0.985279 0
    outer loop
      vertex -8.38888 42.1738 75.5
      vertex -6.30941 42.5346 255.5
      vertex -8.38888 42.1738 255.5
    endloop
  endfacet
  facet normal 0.170952 -0.985279 0
    outer loop
      vertex -6.30941 42.5346 255.5
      vertex -8.38888 42.1738 75.5
      vertex -6.30941 42.5346 75.5
    endloop
  endfacet
  facet normal -0.999699 -0.0245434 0
    outer loop
      vertex 43 0 75.5
      vertex 42.9482 2.10991 255.5
      vertex 42.9482 2.10991 75.5
    endloop
  endfacet
  facet normal -0.999699 -0.0245434 0
    outer loop
      vertex 42.9482 2.10991 255.5
      vertex 43 0 75.5
      vertex 43 0 255.5
    endloop
  endfacet
  facet normal -0.997289 0.0735827 0
    outer loop
      vertex 42.7929 -4.21474 75.5
      vertex 42.9482 -2.10991 255.5
      vertex 42.9482 -2.10991 75.5
    endloop
  endfacet
  facet normal -0.997289 0.0735827 0
    outer loop
      vertex 42.9482 -2.10991 255.5
      vertex 42.7929 -4.21474 75.5
      vertex 42.7929 -4.21474 255.5
    endloop
  endfacet
  facet normal -0.0245434 0.999699 0
    outer loop
      vertex 2.10991 -42.9482 75.5
      vertex 0 -43 255.5
      vertex 2.10991 -42.9482 255.5
    endloop
  endfacet
  facet normal -0.0245434 0.999699 0
    outer loop
      vertex 0 -43 255.5
      vertex 2.10991 -42.9482 75.5
      vertex 0 -43 75.5
    endloop
  endfacet
  facet normal -0.122386 0.992483 0
    outer loop
      vertex 6.30941 -42.5346 75.5
      vertex 4.21474 -42.7929 255.5
      vertex 6.30941 -42.5346 255.5
    endloop
  endfacet
  facet normal -0.122386 0.992483 0
    outer loop
      vertex 4.21474 -42.7929 255.5
      vertex 6.30941 -42.5346 75.5
      vertex 4.21474 -42.7929 75.5
    endloop
  endfacet
  facet normal -0.313654 0.949537 0
    outer loop
      vertex 14.4863 -40.4864 75.5
      vertex 12.4822 -41.1484 255.5
      vertex 14.4863 -40.4864 255.5
    endloop
  endfacet
  facet normal -0.313654 0.949537 0
    outer loop
      vertex 12.4822 -41.1484 255.5
      vertex 14.4863 -40.4864 75.5
      vertex 12.4822 -41.1484 75.5
    endloop
  endfacet
  facet normal -0.359909 0.932987 0
    outer loop
      vertex 16.4554 -39.7268 75.5
      vertex 14.4863 -40.4864 255.5
      vertex 16.4554 -39.7268 255.5
    endloop
  endfacet
  facet normal -0.359909 0.932987 0
    outer loop
      vertex 14.4863 -40.4864 255.5
      vertex 16.4554 -39.7268 75.5
      vertex 14.4863 -40.4864 75.5
    endloop
  endfacet
  facet normal -0.689529 0.724258 0
    outer loop
      vertex 30.4056 -30.4056 75.5
      vertex 28.877 -31.8609 255.5
      vertex 30.4056 -30.4056 255.5
    endloop
  endfacet
  facet normal -0.689529 0.724258 0
    outer loop
      vertex 28.877 -31.8609 255.5
      vertex 30.4056 -30.4056 75.5
      vertex 28.877 -31.8609 75.5
    endloop
  endfacet
  facet normal -0.575807 0.817586 0
    outer loop
      vertex 25.6151 -34.5379 75.5
      vertex 23.8895 -35.7532 255.5
      vertex 25.6151 -34.5379 255.5
    endloop
  endfacet
  facet normal -0.575807 0.817586 0
    outer loop
      vertex 23.8895 -35.7532 255.5
      vertex 25.6151 -34.5379 75.5
      vertex 23.8895 -35.7532 75.5
    endloop
  endfacet
  facet normal -0.492916 0.870077 0
    outer loop
      vertex 22.1064 -36.8823 75.5
      vertex 20.2701 -37.9226 255.5
      vertex 22.1064 -36.8823 255.5
    endloop
  endfacet
  facet normal -0.492916 0.870077 0
    outer loop
      vertex 20.2701 -37.9226 255.5
      vertex 22.1064 -36.8823 75.5
      vertex 20.2701 -37.9226 75.5
    endloop
  endfacet
  facet normal -0.405246 0.914208 0
    outer loop
      vertex 18.3849 -38.8715 75.5
      vertex 16.4554 -39.7268 255.5
      vertex 18.3849 -38.8715 255.5
    endloop
  endfacet
  facet normal -0.405246 0.914208 0
    outer loop
      vertex 16.4554 -39.7268 255.5
      vertex 18.3849 -38.8715 75.5
      vertex 16.4554 -39.7268 75.5
    endloop
  endfacet
  facet normal -0.534986 0.844861 0
    outer loop
      vertex 23.8895 -35.7532 75.5
      vertex 22.1064 -36.8823 255.5
      vertex 23.8895 -35.7532 255.5
    endloop
  endfacet
  facet normal -0.534986 0.844861 0
    outer loop
      vertex 22.1064 -36.8823 255.5
      vertex 23.8895 -35.7532 75.5
      vertex 22.1064 -36.8823 75.5
    endloop
  endfacet
  facet normal -0.724258 0.689529 0
    outer loop
      vertex 30.4056 -30.4056 75.5
      vertex 31.8609 -28.877 255.5
      vertex 31.8609 -28.877 75.5
    endloop
  endfacet
  facet normal -0.724258 0.689529 0
    outer loop
      vertex 31.8609 -28.877 255.5
      vertex 30.4056 -30.4056 75.5
      vertex 30.4056 -30.4056 255.5
    endloop
  endfacet
  facet normal -0.788333 0.615249 0
    outer loop
      vertex 33.2394 -27.2789 75.5
      vertex 34.5379 -25.6151 255.5
      vertex 34.5379 -25.6151 75.5
    endloop
  endfacet
  facet normal -0.788333 0.615249 0
    outer loop
      vertex 34.5379 -25.6151 255.5
      vertex 33.2394 -27.2789 75.5
      vertex 33.2394 -27.2789 255.5
    endloop
  endfacet
  facet normal -0.89323 0.4496 0
    outer loop
      vertex 37.9226 -20.2701 75.5
      vertex 38.8715 -18.3849 255.5
      vertex 38.8715 -18.3849 75.5
    endloop
  endfacet
  facet normal -0.89323 0.4496 0
    outer loop
      vertex 38.8715 -18.3849 255.5
      vertex 37.9226 -20.2701 75.5
      vertex 37.9226 -20.2701 255.5
    endloop
  endfacet
  facet normal -0.932987 0.359909 0
    outer loop
      vertex 39.7268 -16.4554 75.5
      vertex 40.4864 -14.4863 255.5
      vertex 40.4864 -14.4863 75.5
    endloop
  endfacet
  facet normal -0.932987 0.359909 0
    outer loop
      vertex 40.4864 -14.4863 255.5
      vertex 39.7268 -16.4554 75.5
      vertex 39.7268 -16.4554 255.5
    endloop
  endfacet
  facet normal 0.689529 0.724258 -0
    outer loop
      vertex -28.877 -31.8609 75.5
      vertex -30.4056 -30.4056 255.5
      vertex -28.877 -31.8609 255.5
    endloop
  endfacet
  facet normal 0.689529 0.724258 0
    outer loop
      vertex -30.4056 -30.4056 255.5
      vertex -28.877 -31.8609 75.5
      vertex -30.4056 -30.4056 75.5
    endloop
  endfacet
  facet normal 0.405246 0.914208 -0
    outer loop
      vertex -16.4554 -39.7268 75.5
      vertex -18.3849 -38.8715 255.5
      vertex -16.4554 -39.7268 255.5
    endloop
  endfacet
  facet normal 0.405246 0.914208 0
    outer loop
      vertex -18.3849 -38.8715 255.5
      vertex -16.4554 -39.7268 75.5
      vertex -18.3849 -38.8715 75.5
    endloop
  endfacet
  facet normal 0.266708 0.963777 -0
    outer loop
      vertex -10.4481 -41.7113 75.5
      vertex -12.4822 -41.1484 255.5
      vertex -10.4481 -41.7113 255.5
    endloop
  endfacet
  facet normal 0.266708 0.963777 0
    outer loop
      vertex -12.4822 -41.1484 255.5
      vertex -10.4481 -41.7113 75.5
      vertex -12.4822 -41.1484 75.5
    endloop
  endfacet
  facet normal 0.170952 0.985279 -0
    outer loop
      vertex -6.30941 -42.5346 75.5
      vertex -8.38888 -42.1738 255.5
      vertex -6.30941 -42.5346 255.5
    endloop
  endfacet
  facet normal 0.170952 0.985279 0
    outer loop
      vertex -8.38888 -42.1738 255.5
      vertex -6.30941 -42.5346 75.5
      vertex -8.38888 -42.1738 75.5
    endloop
  endfacet
  facet normal 0.534986 0.844861 -0
    outer loop
      vertex -22.1064 -36.8823 75.5
      vertex -23.8895 -35.7532 255.5
      vertex -22.1064 -36.8823 255.5
    endloop
  endfacet
  facet normal 0.534986 0.844861 0
    outer loop
      vertex -23.8895 -35.7532 255.5
      vertex -22.1064 -36.8823 75.5
      vertex -23.8895 -35.7532 75.5
    endloop
  endfacet
  facet normal 0.4496 0.89323 -0
    outer loop
      vertex -18.3849 -38.8715 75.5
      vertex -20.2701 -37.9226 255.5
      vertex -18.3849 -38.8715 255.5
    endloop
  endfacet
  facet normal 0.4496 0.89323 0
    outer loop
      vertex -20.2701 -37.9226 255.5
      vertex -18.3849 -38.8715 75.5
      vertex -20.2701 -37.9226 75.5
    endloop
  endfacet
  facet normal 0.615249 0.788333 -0
    outer loop
      vertex -25.6151 -34.5379 75.5
      vertex -27.2789 -33.2394 255.5
      vertex -25.6151 -34.5379 255.5
    endloop
  endfacet
  facet normal 0.615249 0.788333 0
    outer loop
      vertex -27.2789 -33.2394 255.5
      vertex -25.6151 -34.5379 75.5
      vertex -27.2789 -33.2394 75.5
    endloop
  endfacet
  facet normal 0.817586 0.575807 0
    outer loop
      vertex -34.5379 -25.6151 255.5
      vertex -35.7532 -23.8895 75.5
      vertex -35.7532 -23.8895 255.5
    endloop
  endfacet
  facet normal 0.817586 0.575807 0
    outer loop
      vertex -35.7532 -23.8895 75.5
      vertex -34.5379 -25.6151 255.5
      vertex -34.5379 -25.6151 75.5
    endloop
  endfacet
  facet normal 0.870077 0.492916 0
    outer loop
      vertex -36.8823 -22.1064 255.5
      vertex -37.9226 -20.2701 75.5
      vertex -37.9226 -20.2701 255.5
    endloop
  endfacet
  facet normal 0.870077 0.492916 0
    outer loop
      vertex -37.9226 -20.2701 75.5
      vertex -36.8823 -22.1064 255.5
      vertex -36.8823 -22.1064 75.5
    endloop
  endfacet
  facet normal 0.992483 0.122386 0
    outer loop
      vertex -42.5346 -6.30941 255.5
      vertex -42.7929 -4.21474 75.5
      vertex -42.7929 -4.21474 255.5
    endloop
  endfacet
  facet normal 0.992483 0.122386 0
    outer loop
      vertex -42.7929 -4.21474 75.5
      vertex -42.5346 -6.30941 255.5
      vertex -42.5346 -6.30941 75.5
    endloop
  endfacet
  facet normal 0.999699 0.0245434 0
    outer loop
      vertex -42.9482 -2.10991 255.5
      vertex -43 0 75.5
      vertex -43 0 255.5
    endloop
  endfacet
  facet normal 0.999699 0.0245434 0
    outer loop
      vertex -43 0 75.5
      vertex -42.9482 -2.10991 255.5
      vertex -42.9482 -2.10991 75.5
    endloop
  endfacet
  facet normal 0.949537 0.313654 0
    outer loop
      vertex -40.4864 -14.4863 255.5
      vertex -41.1484 -12.4822 75.5
      vertex -41.1484 -12.4822 255.5
    endloop
  endfacet
  facet normal 0.949537 0.313654 0
    outer loop
      vertex -41.1484 -12.4822 75.5
      vertex -40.4864 -14.4863 255.5
      vertex -40.4864 -14.4863 75.5
    endloop
  endfacet
  facet normal 0.975693 0.21914 0
    outer loop
      vertex -41.7113 -10.4481 255.5
      vertex -42.1738 -8.38888 75.5
      vertex -42.1738 -8.38888 255.5
    endloop
  endfacet
  facet normal 0.975693 0.21914 0
    outer loop
      vertex -42.1738 -8.38888 75.5
      vertex -41.7113 -10.4481 255.5
      vertex -41.7113 -10.4481 75.5
    endloop
  endfacet
  facet normal 0.932987 0.359909 0
    outer loop
      vertex -39.7268 -16.4554 255.5
      vertex -40.4864 -14.4863 75.5
      vertex -40.4864 -14.4863 255.5
    endloop
  endfacet
  facet normal 0.932987 0.359909 0
    outer loop
      vertex -40.4864 -14.4863 75.5
      vertex -39.7268 -16.4554 255.5
      vertex -39.7268 -16.4554 75.5
    endloop
  endfacet
  facet normal -0.975693 -0.21914 0
    outer loop
      vertex 42.1738 8.38888 75.5
      vertex 41.7113 10.4481 255.5
      vertex 41.7113 10.4481 75.5
    endloop
  endfacet
  facet normal -0.975693 -0.21914 0
    outer loop
      vertex 41.7113 10.4481 255.5
      vertex 42.1738 8.38888 75.5
      vertex 42.1738 8.38888 255.5
    endloop
  endfacet
  facet normal -0.985279 -0.170952 0
    outer loop
      vertex 42.5346 6.30941 75.5
      vertex 42.1738 8.38888 255.5
      vertex 42.1738 8.38888 75.5
    endloop
  endfacet
  facet normal -0.985279 -0.170952 0
    outer loop
      vertex 42.1738 8.38888 255.5
      vertex 42.5346 6.30941 75.5
      vertex 42.5346 6.30941 255.5
    endloop
  endfacet
  facet normal -0.992483 -0.122386 0
    outer loop
      vertex 42.7929 4.21474 75.5
      vertex 42.5346 6.30941 255.5
      vertex 42.5346 6.30941 75.5
    endloop
  endfacet
  facet normal -0.992483 -0.122386 0
    outer loop
      vertex 42.5346 6.30941 255.5
      vertex 42.7929 4.21474 75.5
      vertex 42.7929 4.21474 255.5
    endloop
  endfacet
  facet normal 0.817586 -0.575807 0
    outer loop
      vertex -35.7532 23.8895 255.5
      vertex -34.5379 25.6151 75.5
      vertex -34.5379 25.6151 255.5
    endloop
  endfacet
  facet normal 0.817586 -0.575807 0
    outer loop
      vertex -34.5379 25.6151 75.5
      vertex -35.7532 23.8895 255.5
      vertex -35.7532 23.8895 75.5
    endloop
  endfacet
  facet normal 0.788333 -0.615249 0
    outer loop
      vertex -34.5379 25.6151 255.5
      vertex -33.2394 27.2789 75.5
      vertex -33.2394 27.2789 255.5
    endloop
  endfacet
  facet normal 0.788333 -0.615249 0
    outer loop
      vertex -33.2394 27.2789 75.5
      vertex -34.5379 25.6151 255.5
      vertex -34.5379 25.6151 75.5
    endloop
  endfacet
  facet normal -0.963777 0.266708 0
    outer loop
      vertex 41.1484 -12.4822 75.5
      vertex 41.7113 -10.4481 255.5
      vertex 41.7113 -10.4481 75.5
    endloop
  endfacet
  facet normal -0.963777 0.266708 0
    outer loop
      vertex 41.7113 -10.4481 255.5
      vertex 41.1484 -12.4822 75.5
      vertex 41.1484 -12.4822 255.5
    endloop
  endfacet
  facet normal -0.170952 0.985279 0
    outer loop
      vertex 8.38888 -42.1738 75.5
      vertex 6.30941 -42.5346 255.5
      vertex 8.38888 -42.1738 255.5
    endloop
  endfacet
  facet normal -0.170952 0.985279 0
    outer loop
      vertex 6.30941 -42.5346 255.5
      vertex 8.38888 -42.1738 75.5
      vertex 6.30941 -42.5346 75.5
    endloop
  endfacet
  facet normal -0.266708 0.963777 0
    outer loop
      vertex 12.4822 -41.1484 75.5
      vertex 10.4481 -41.7113 255.5
      vertex 12.4822 -41.1484 255.5
    endloop
  endfacet
  facet normal -0.266708 0.963777 0
    outer loop
      vertex 10.4481 -41.7113 255.5
      vertex 12.4822 -41.1484 75.5
      vertex 10.4481 -41.7113 75.5
    endloop
  endfacet
  facet normal -0.615249 0.788333 0
    outer loop
      vertex 27.2789 -33.2394 75.5
      vertex 25.6151 -34.5379 255.5
      vertex 27.2789 -33.2394 255.5
    endloop
  endfacet
  facet normal -0.615249 0.788333 0
    outer loop
      vertex 25.6151 -34.5379 255.5
      vertex 27.2789 -33.2394 75.5
      vertex 25.6151 -34.5379 75.5
    endloop
  endfacet
  facet normal -0.4496 0.89323 0
    outer loop
      vertex 20.2701 -37.9226 75.5
      vertex 18.3849 -38.8715 255.5
      vertex 20.2701 -37.9226 255.5
    endloop
  endfacet
  facet normal -0.4496 0.89323 0
    outer loop
      vertex 18.3849 -38.8715 255.5
      vertex 20.2701 -37.9226 75.5
      vertex 18.3849 -38.8715 75.5
    endloop
  endfacet
  facet normal -0.817586 0.575807 0
    outer loop
      vertex 34.5379 -25.6151 75.5
      vertex 35.7532 -23.8895 255.5
      vertex 35.7532 -23.8895 75.5
    endloop
  endfacet
  facet normal -0.817586 0.575807 0
    outer loop
      vertex 35.7532 -23.8895 255.5
      vertex 34.5379 -25.6151 75.5
      vertex 34.5379 -25.6151 255.5
    endloop
  endfacet
  facet normal -0.757216 0.653165 0
    outer loop
      vertex 31.8609 -28.877 75.5
      vertex 33.2394 -27.2789 255.5
      vertex 33.2394 -27.2789 75.5
    endloop
  endfacet
  facet normal -0.757216 0.653165 0
    outer loop
      vertex 33.2394 -27.2789 255.5
      vertex 31.8609 -28.877 75.5
      vertex 31.8609 -28.877 255.5
    endloop
  endfacet
  facet normal -0.870077 0.492916 0
    outer loop
      vertex 36.8823 -22.1064 75.5
      vertex 37.9226 -20.2701 255.5
      vertex 37.9226 -20.2701 75.5
    endloop
  endfacet
  facet normal -0.870077 0.492916 0
    outer loop
      vertex 37.9226 -20.2701 255.5
      vertex 36.8823 -22.1064 75.5
      vertex 36.8823 -22.1064 255.5
    endloop
  endfacet
  facet normal -0.914208 0.405246 0
    outer loop
      vertex 38.8715 -18.3849 75.5
      vertex 39.7268 -16.4554 255.5
      vertex 39.7268 -16.4554 75.5
    endloop
  endfacet
  facet normal -0.914208 0.405246 0
    outer loop
      vertex 39.7268 -16.4554 255.5
      vertex 38.8715 -18.3849 75.5
      vertex 38.8715 -18.3849 255.5
    endloop
  endfacet
  facet normal 0.313654 0.949537 -0
    outer loop
      vertex -12.4822 -41.1484 75.5
      vertex -14.4863 -40.4864 255.5
      vertex -12.4822 -41.1484 255.5
    endloop
  endfacet
  facet normal 0.313654 0.949537 0
    outer loop
      vertex -14.4863 -40.4864 255.5
      vertex -12.4822 -41.1484 75.5
      vertex -14.4863 -40.4864 75.5
    endloop
  endfacet
  facet normal 0.21914 0.975693 -0
    outer loop
      vertex -8.38888 -42.1738 75.5
      vertex -10.4481 -41.7113 255.5
      vertex -8.38888 -42.1738 255.5
    endloop
  endfacet
  facet normal 0.21914 0.975693 0
    outer loop
      vertex -10.4481 -41.7113 255.5
      vertex -8.38888 -42.1738 75.5
      vertex -10.4481 -41.7113 75.5
    endloop
  endfacet
  facet normal 0.0245434 0.999699 -0
    outer loop
      vertex 0 -43 75.5
      vertex -2.10991 -42.9482 255.5
      vertex 0 -43 255.5
    endloop
  endfacet
  facet normal 0.0245434 0.999699 0
    outer loop
      vertex -2.10991 -42.9482 255.5
      vertex 0 -43 75.5
      vertex -2.10991 -42.9482 75.5
    endloop
  endfacet
  facet normal 0.122386 0.992483 -0
    outer loop
      vertex -4.21474 -42.7929 75.5
      vertex -6.30941 -42.5346 255.5
      vertex -4.21474 -42.7929 255.5
    endloop
  endfacet
  facet normal 0.122386 0.992483 0
    outer loop
      vertex -6.30941 -42.5346 255.5
      vertex -4.21474 -42.7929 75.5
      vertex -6.30941 -42.5346 75.5
    endloop
  endfacet
  facet normal 0.492916 0.870077 -0
    outer loop
      vertex -20.2701 -37.9226 75.5
      vertex -22.1064 -36.8823 255.5
      vertex -20.2701 -37.9226 255.5
    endloop
  endfacet
  facet normal 0.492916 0.870077 0
    outer loop
      vertex -22.1064 -36.8823 255.5
      vertex -20.2701 -37.9226 75.5
      vertex -22.1064 -36.8823 75.5
    endloop
  endfacet
  facet normal 0.653165 0.757216 -0
    outer loop
      vertex -27.2789 -33.2394 75.5
      vertex -28.877 -31.8609 255.5
      vertex -27.2789 -33.2394 255.5
    endloop
  endfacet
  facet normal 0.653165 0.757216 0
    outer loop
      vertex -28.877 -31.8609 255.5
      vertex -27.2789 -33.2394 75.5
      vertex -28.877 -31.8609 75.5
    endloop
  endfacet
  facet normal 0.788333 0.615249 0
    outer loop
      vertex -33.2394 -27.2789 255.5
      vertex -34.5379 -25.6151 75.5
      vertex -34.5379 -25.6151 255.5
    endloop
  endfacet
  facet normal 0.788333 0.615249 0
    outer loop
      vertex -34.5379 -25.6151 75.5
      vertex -33.2394 -27.2789 255.5
      vertex -33.2394 -27.2789 75.5
    endloop
  endfacet
  facet normal 0.89323 0.4496 0
    outer loop
      vertex -37.9226 -20.2701 255.5
      vertex -38.8715 -18.3849 75.5
      vertex -38.8715 -18.3849 255.5
    endloop
  endfacet
  facet normal 0.89323 0.4496 0
    outer loop
      vertex -38.8715 -18.3849 75.5
      vertex -37.9226 -20.2701 255.5
      vertex -37.9226 -20.2701 75.5
    endloop
  endfacet
  facet normal 0.985279 0.170952 0
    outer loop
      vertex -42.1738 -8.38888 255.5
      vertex -42.5346 -6.30941 75.5
      vertex -42.5346 -6.30941 255.5
    endloop
  endfacet
  facet normal 0.985279 0.170952 0
    outer loop
      vertex -42.5346 -6.30941 75.5
      vertex -42.1738 -8.38888 255.5
      vertex -42.1738 -8.38888 75.5
    endloop
  endfacet
  facet normal 0.997289 0.0735827 0
    outer loop
      vertex -42.7929 -4.21474 255.5
      vertex -42.9482 -2.10991 75.5
      vertex -42.9482 -2.10991 255.5
    endloop
  endfacet
  facet normal 0.997289 0.0735827 0
    outer loop
      vertex -42.9482 -2.10991 75.5
      vertex -42.7929 -4.21474 255.5
      vertex -42.7929 -4.21474 75.5
    endloop
  endfacet
  facet normal 0.963777 0.266708 0
    outer loop
      vertex -41.1484 -12.4822 255.5
      vertex -41.7113 -10.4481 75.5
      vertex -41.7113 -10.4481 255.5
    endloop
  endfacet
  facet normal 0.963777 0.266708 0
    outer loop
      vertex -41.7113 -10.4481 75.5
      vertex -41.1484 -12.4822 255.5
      vertex -41.1484 -12.4822 75.5
    endloop
  endfacet
  facet normal 0.757216 -0.653165 0
    outer loop
      vertex -33.2394 27.2789 255.5
      vertex -31.8609 28.877 75.5
      vertex -31.8609 28.877 255.5
    endloop
  endfacet
  facet normal 0.757216 -0.653165 0
    outer loop
      vertex -31.8609 28.877 75.5
      vertex -33.2394 27.2789 255.5
      vertex -33.2394 27.2789 75.5
    endloop
  endfacet
  facet normal -0.949537 0.313654 0
    outer loop
      vertex 40.4864 -14.4863 75.5
      vertex 41.1484 -12.4822 255.5
      vertex 41.1484 -12.4822 75.5
    endloop
  endfacet
  facet normal -0.949537 0.313654 0
    outer loop
      vertex 41.1484 -12.4822 255.5
      vertex 40.4864 -14.4863 75.5
      vertex 40.4864 -14.4863 255.5
    endloop
  endfacet
  facet normal -0.0735827 0.997289 0
    outer loop
      vertex 4.21474 -42.7929 75.5
      vertex 2.10991 -42.9482 255.5
      vertex 4.21474 -42.7929 255.5
    endloop
  endfacet
  facet normal -0.0735827 0.997289 0
    outer loop
      vertex 2.10991 -42.9482 255.5
      vertex 4.21474 -42.7929 75.5
      vertex 2.10991 -42.9482 75.5
    endloop
  endfacet
  facet normal -0.985279 0.170952 0
    outer loop
      vertex 42.1738 -8.38888 75.5
      vertex 42.5346 -6.30941 255.5
      vertex 42.5346 -6.30941 75.5
    endloop
  endfacet
  facet normal -0.985279 0.170952 0
    outer loop
      vertex 42.5346 -6.30941 255.5
      vertex 42.1738 -8.38888 75.5
      vertex 42.1738 -8.38888 255.5
    endloop
  endfacet
  facet normal -0.975693 0.21914 0
    outer loop
      vertex 41.7113 -10.4481 75.5
      vertex 42.1738 -8.38888 255.5
      vertex 42.1738 -8.38888 75.5
    endloop
  endfacet
  facet normal -0.975693 0.21914 0
    outer loop
      vertex 42.1738 -8.38888 255.5
      vertex 41.7113 -10.4481 75.5
      vertex 41.7113 -10.4481 255.5
    endloop
  endfacet
  facet normal -0.992483 0.122386 0
    outer loop
      vertex 42.5346 -6.30941 75.5
      vertex 42.7929 -4.21474 255.5
      vertex 42.7929 -4.21474 75.5
    endloop
  endfacet
  facet normal -0.992483 0.122386 0
    outer loop
      vertex 42.7929 -4.21474 255.5
      vertex 42.5346 -6.30941 75.5
      vertex 42.5346 -6.30941 255.5
    endloop
  endfacet
endsolid OpenSCAD_Model
