solid OpenSCAD_Model
  facet normal 0.999699 -0.0245444 0
    outer loop
      vertex 59.5282 -2.92443 69
      vertex 59.6 0 64.1
      vertex 59.6 0 69
    endloop
  endfacet
  facet normal 0.999699 -0.0245444 0
    outer loop
      vertex 59.6 0 64.1
      vertex 59.5282 -2.92443 69
      vertex 59.5282 -2.92443 64.1
    endloop
  endfacet
  facet normal -0.999699 -0.0245444 0
    outer loop
      vertex -59.5282 -2.92443 64.1
      vertex -59.6 0 66
      vertex -59.6 0 64.1
    endloop
  endfacet
  facet normal -0.999699 -0.0245444 0
    outer loop
      vertex -59.6 0 66
      vertex -59.5282 -2.92443 64.1
      vertex -59.5282 -2.92443 66
    endloop
  endfacet
  facet normal -0.0245444 -0.999699 0
    outer loop
      vertex -2.92443 -59.5282 64.1
      vertex 0 -59.6 69
      vertex -2.92443 -59.5282 69
    endloop
  endfacet
  facet normal -0.0245444 -0.999699 -0
    outer loop
      vertex 0 -59.6 69
      vertex -2.92443 -59.5282 64.1
      vertex 0 -59.6 64.1
    endloop
  endfacet
  facet normal 0.0245444 0.999699 -0
    outer loop
      vertex 2.92443 59.5282 64.1
      vertex 0 59.6 69
      vertex 2.92443 59.5282 69
    endloop
  endfacet
  facet normal 0.0245444 0.999699 0
    outer loop
      vertex 0 59.6 69
      vertex 2.92443 59.5282 64.1
      vertex 0 59.6 64.1
    endloop
  endfacet
  facet normal 0.689528 -0.724259 0
    outer loop
      vertex 40.0249 -44.1607 64.1
      vertex 42.1436 -42.1436 69
      vertex 40.0249 -44.1607 69
    endloop
  endfacet
  facet normal 0.689528 -0.724259 0
    outer loop
      vertex 42.1436 -42.1436 69
      vertex 40.0249 -44.1607 64.1
      vertex 42.1436 -42.1436 64.1
    endloop
  endfacet
  facet normal -0.724259 -0.689528 0
    outer loop
      vertex -42.1436 -42.1436 64.1
      vertex -44.1607 -40.0249 69
      vertex -44.1607 -40.0249 64.1
    endloop
  endfacet
  facet normal -0.724259 -0.689528 0
    outer loop
      vertex -44.1607 -40.0249 69
      vertex -42.1436 -42.1436 64.1
      vertex -42.1436 -42.1436 69
    endloop
  endfacet
  facet normal -0.405218 -0.91422 0
    outer loop
      vertex -25.4823 -53.8778 64.1
      vertex -22.8079 -55.0632 69
      vertex -25.4823 -53.8778 69
    endloop
  endfacet
  facet normal -0.405218 -0.91422 -0
    outer loop
      vertex -22.8079 -55.0632 69
      vertex -25.4823 -53.8778 64.1
      vertex -22.8079 -55.0632 64.1
    endloop
  endfacet
  facet normal 0.91422 -0.405218 0
    outer loop
      vertex 53.8778 -25.4823 69
      vertex 55.0632 -22.8079 64.1
      vertex 55.0632 -22.8079 69
    endloop
  endfacet
  facet normal 0.91422 -0.405218 0
    outer loop
      vertex 55.0632 -22.8079 64.1
      vertex 53.8778 -25.4823 69
      vertex 53.8778 -25.4823 64.1
    endloop
  endfacet
  facet normal 0.359893 -0.932994 0
    outer loop
      vertex 20.0786 -56.116 64.1
      vertex 22.8079 -55.0632 69
      vertex 20.0786 -56.116 69
    endloop
  endfacet
  facet normal 0.359893 -0.932994 0
    outer loop
      vertex 22.8079 -55.0632 69
      vertex 20.0786 -56.116 64.1
      vertex 22.8079 -55.0632 64.1
    endloop
  endfacet
  facet normal 0.534983 -0.844863 0
    outer loop
      vertex 30.6405 -51.1206 64.1
      vertex 33.112 -49.5556 69
      vertex 30.6405 -51.1206 69
    endloop
  endfacet
  facet normal 0.534983 -0.844863 0
    outer loop
      vertex 33.112 -49.5556 69
      vertex 30.6405 -51.1206 64.1
      vertex 33.112 -49.5556 64.1
    endloop
  endfacet
  facet normal -0.91422 -0.405218 0
    outer loop
      vertex -53.8778 -25.4823 64.1
      vertex -55.0632 -22.8079 69
      vertex -55.0632 -22.8079 64.1
    endloop
  endfacet
  facet normal -0.91422 -0.405218 0
    outer loop
      vertex -55.0632 -22.8079 69
      vertex -53.8778 -25.4823 64.1
      vertex -53.8778 -25.4823 69
    endloop
  endfacet
  facet normal -0.219091 -0.975704 0
    outer loop
      vertex -14.4816 -57.8139 64.1
      vertex -11.6274 -58.4548 69
      vertex -14.4816 -57.8139 69
    endloop
  endfacet
  facet normal -0.219091 -0.975704 -0
    outer loop
      vertex -11.6274 -58.4548 69
      vertex -14.4816 -57.8139 64.1
      vertex -11.6274 -58.4548 64.1
    endloop
  endfacet
  facet normal 0.313683 0.949528 -0
    outer loop
      vertex 20.0786 56.116 64.1
      vertex 17.301 57.0336 69
      vertex 20.0786 56.116 69
    endloop
  endfacet
  facet normal 0.313683 0.949528 0
    outer loop
      vertex 17.301 57.0336 69
      vertex 20.0786 56.116 64.1
      vertex 17.301 57.0336 64.1
    endloop
  endfacet
  facet normal 0.975704 -0.219091 0
    outer loop
      vertex 57.8139 -14.4816 69
      vertex 58.4548 -11.6274 64.1
      vertex 58.4548 -11.6274 69
    endloop
  endfacet
  facet normal 0.975704 -0.219091 0
    outer loop
      vertex 58.4548 -11.6274 64.1
      vertex 57.8139 -14.4816 69
      vertex 57.8139 -14.4816 64.1
    endloop
  endfacet
  facet normal 0.817354 -0.576135 0
    outer loop
      vertex 49.5556 -33.112 69
      vertex 49.5267 -33.153 66.5
      vertex 49.5556 -33.112 64.1
    endloop
  endfacet
  facet normal 0.817146 -0.576431 7.2516e-06
    outer loop
      vertex 49.5556 -33.112 69
      vertex 49.5049 -33.1839 66.7871
      vertex 49.5267 -33.153 66.5
    endloop
  endfacet
  facet normal 0.821043 -0.570867 -0.000262793
    outer loop
      vertex 49.5556 -33.112 69
      vertex 49.5022 -33.1878 66.8235
      vertex 49.5049 -33.1839 66.7871
    endloop
  endfacet
  facet normal 0.817554 -0.575853 -3.55369e-06
    outer loop
      vertex 49.5556 -33.112 69
      vertex 49.4941 -33.1993 66.8575
      vertex 49.5022 -33.1878 66.8235
    endloop
  endfacet
  facet normal 0.817606 -0.575778 -8.12105e-06
    outer loop
      vertex 49.5556 -33.112 69
      vertex 49.4303 -33.2899 67.125
      vertex 49.4941 -33.1993 66.8575
    endloop
  endfacet
  facet normal 0.817531 -0.575885 7.08953e-06
    outer loop
      vertex 49.5556 -33.112 69
      vertex 49.3159 -33.4523 67.3839
      vertex 49.4303 -33.2899 67.125
    endloop
  endfacet
  facet normal 0.817516 -0.575905 1.35629e-05
    outer loop
      vertex 49.5556 -33.112 69
      vertex 49.1836 -33.6401 67.5601
      vertex 49.3159 -33.4523 67.3839
    endloop
  endfacet
  facet normal 0.817959 -0.575277 -0.000331124
    outer loop
      vertex 49.5556 -33.112 69
      vertex 49.1668 -33.664 67.5825
      vertex 49.1836 -33.6401 67.5601
    endloop
  endfacet
  facet normal 0.817587 -0.575805 -2.34513e-05
    outer loop
      vertex 49.5556 -33.112 69
      vertex 48.9932 -33.9105 67.7074
      vertex 49.1668 -33.664 67.5825
    endloop
  endfacet
  facet normal 0.818262 -0.574845 -0.000910302
    outer loop
      vertex 49.5556 -33.112 69
      vertex 48.9722 -33.9404 67.7122
      vertex 48.9932 -33.9105 67.7074
    endloop
  endfacet
  facet normal 0.817473 -0.575967 0.000168873
    outer loop
      vertex 49.5556 -33.112 69
      vertex 48.8069 -34.175 67.75
      vertex 48.9722 -33.9404 67.7122
    endloop
  endfacet
  facet normal 0.817589 -0.575802 -4.06357e-05
    outer loop
      vertex 47.8712 -35.5037 69
      vertex 48.8069 -34.175 67.75
      vertex 49.5556 -33.112 69
    endloop
  endfacet
  facet normal 0.818225 -0.574897 0.00139753
    outer loop
      vertex 48.8069 -34.175 67.75
      vertex 47.8712 -35.5037 69
      vertex 48.7859 -34.2049 67.7452
    endloop
  endfacet
  facet normal 0.817619 -0.575759 6.39392e-05
    outer loop
      vertex 48.7859 -34.2049 67.7452
      vertex 47.8712 -35.5037 69
      vertex 48.6207 -34.4395 67.7074
    endloop
  endfacet
  facet normal 0.817091 -0.576508 -0.00085903
    outer loop
      vertex 48.6207 -34.4395 67.7074
      vertex 47.8712 -35.5037 69
      vertex 48.601 -34.4674 67.6933
    endloop
  endfacet
  facet normal 0.817955 -0.575282 9.2724e-05
    outer loop
      vertex 47.8712 -35.5037 69
      vertex 48.09 -35.193 66.5367
      vertex 48.1117 -35.1621 66.8235
    endloop
  endfacet
  facet normal 0.818361 -0.574704 0.000201742
    outer loop
      vertex 48.09 -35.193 66.5367
      vertex 47.8712 -35.5037 69
      vertex 48.0872 -35.197 66.5
    endloop
  endfacet
  facet normal 0.81745 -0.575999 -7.55586e-05
    outer loop
      vertex 48.1836 -35.0601 67.125
      vertex 47.8712 -35.5037 69
      vertex 48.1117 -35.1621 66.8235
    endloop
  endfacet
  facet normal 0.817757 -0.575563 7.86995e-05
    outer loop
      vertex 48.285 -34.916 67.3545
      vertex 47.8712 -35.5037 69
      vertex 48.1836 -35.0601 67.125
    endloop
  endfacet
  facet normal 0.81706 -0.576552 -0.000449803
    outer loop
      vertex 48.298 -34.8976 67.3839
      vertex 47.8712 -35.5037 69
      vertex 48.285 -34.916 67.3545
    endloop
  endfacet
  facet normal 0.817627 -0.575748 1.71562e-06
    outer loop
      vertex 48.3149 -34.8736 67.4064
      vertex 47.8712 -35.5037 69
      vertex 48.298 -34.8976 67.3839
    endloop
  endfacet
  facet normal 0.81748 -0.575957 -0.000121848
    outer loop
      vertex 48.4471 -34.686 67.5825
      vertex 47.8712 -35.5037 69
      vertex 48.3149 -34.8736 67.4064
    endloop
  endfacet
  facet normal 0.817659 -0.575702 9.74127e-05
    outer loop
      vertex 48.601 -34.4674 67.6933
      vertex 47.8712 -35.5037 69
      vertex 48.4471 -34.686 67.5825
    endloop
  endfacet
  facet normal 0.817147 -0.576429 -7.51237e-06
    outer loop
      vertex 49.5049 -33.1839 66.2129
      vertex 49.5556 -33.112 64.1
      vertex 49.5267 -33.153 66.5
    endloop
  endfacet
  facet normal 0.821001 -0.570926 0.000272219
    outer loop
      vertex 49.5022 -33.1878 66.1765
      vertex 49.5556 -33.112 64.1
      vertex 49.5049 -33.1839 66.2129
    endloop
  endfacet
  facet normal 0.817553 -0.575853 3.70815e-06
    outer loop
      vertex 49.4941 -33.1993 66.1425
      vertex 49.5556 -33.112 64.1
      vertex 49.5022 -33.1878 66.1765
    endloop
  endfacet
  facet normal 0.817606 -0.575778 8.47409e-06
    outer loop
      vertex 49.4303 -33.2899 65.875
      vertex 49.5556 -33.112 64.1
      vertex 49.4941 -33.1993 66.1425
    endloop
  endfacet
  facet normal 0.817531 -0.575884 -7.43392e-06
    outer loop
      vertex 49.3159 -33.4523 65.6161
      vertex 49.5556 -33.112 64.1
      vertex 49.4303 -33.2899 65.875
    endloop
  endfacet
  facet normal 0.817517 -0.575905 -1.43019e-05
    outer loop
      vertex 49.1836 -33.6401 65.4399
      vertex 49.5556 -33.112 64.1
      vertex 49.3159 -33.4523 65.6161
    endloop
  endfacet
  facet normal 0.817951 -0.575288 0.000349167
    outer loop
      vertex 49.1668 -33.664 65.4175
      vertex 49.5556 -33.112 64.1
      vertex 49.1836 -33.6401 65.4399
    endloop
  endfacet
  facet normal 0.817586 -0.575806 2.49195e-05
    outer loop
      vertex 48.9932 -33.9105 65.2926
      vertex 49.5556 -33.112 64.1
      vertex 49.1668 -33.664 65.4175
    endloop
  endfacet
  facet normal 0.818257 -0.574852 0.000979217
    outer loop
      vertex 48.9722 -33.9404 65.2878
      vertex 49.5556 -33.112 64.1
      vertex 48.9932 -33.9105 65.2926
    endloop
  endfacet
  facet normal 0.817474 -0.575966 -0.000181654
    outer loop
      vertex 48.8069 -34.175 65.25
      vertex 49.5556 -33.112 64.1
      vertex 48.9722 -33.9404 65.2878
    endloop
  endfacet
  facet normal 0.818217 -0.574908 -0.00150003
    outer loop
      vertex 47.8712 -35.5037 64.1
      vertex 48.8069 -34.175 65.25
      vertex 48.7859 -34.2049 65.2548
    endloop
  endfacet
  facet normal 0.817619 -0.57576 -6.86266e-05
    outer loop
      vertex 47.8712 -35.5037 64.1
      vertex 48.7859 -34.2049 65.2548
      vertex 48.6207 -34.4395 65.2926
    endloop
  endfacet
  facet normal 0.817103 -0.576491 0.000908686
    outer loop
      vertex 47.8712 -35.5037 64.1
      vertex 48.6207 -34.4395 65.2926
      vertex 48.601 -34.4674 65.3067
    endloop
  endfacet
  facet normal 0.817658 -0.575704 -0.000103037
    outer loop
      vertex 47.8712 -35.5037 64.1
      vertex 48.601 -34.4674 65.3067
      vertex 48.4471 -34.686 65.4175
    endloop
  endfacet
  facet normal 0.817627 -0.575748 -1.79793e-06
    outer loop
      vertex 47.8712 -35.5037 64.1
      vertex 48.3149 -34.8736 65.5936
      vertex 48.298 -34.8976 65.6161
    endloop
  endfacet
  facet normal 0.818345 -0.574728 -0.000205607
    outer loop
      vertex 47.8712 -35.5037 64.1
      vertex 48.09 -35.193 66.4633
      vertex 48.0872 -35.197 66.5
    endloop
  endfacet
  facet normal 0.817588 -0.575804 0
    outer loop
      vertex 47.8712 -35.5037 64.1
      vertex 48.0872 -35.197 66.5
      vertex 47.8712 -35.5037 69
    endloop
  endfacet
  facet normal 0.817589 -0.575802 4.41692e-05
    outer loop
      vertex 48.8069 -34.175 65.25
      vertex 47.8712 -35.5037 64.1
      vertex 49.5556 -33.112 64.1
    endloop
  endfacet
  facet normal 0.817483 -0.575953 0.000127693
    outer loop
      vertex 48.3149 -34.8736 65.5936
      vertex 47.8712 -35.5037 64.1
      vertex 48.4471 -34.686 65.4175
    endloop
  endfacet
  facet normal 0.817074 -0.576533 0.000467915
    outer loop
      vertex 48.285 -34.916 65.6455
      vertex 47.8712 -35.5037 64.1
      vertex 48.298 -34.8976 65.6161
    endloop
  endfacet
  facet normal 0.817755 -0.575567 -8.18707e-05
    outer loop
      vertex 48.1836 -35.0601 65.875
      vertex 47.8712 -35.5037 64.1
      vertex 48.285 -34.916 65.6455
    endloop
  endfacet
  facet normal 0.817454 -0.575994 7.80072e-05
    outer loop
      vertex 48.1117 -35.1621 66.1765
      vertex 47.8712 -35.5037 64.1
      vertex 48.1836 -35.0601 65.875
    endloop
  endfacet
  facet normal 0.817947 -0.575293 -9.44903e-05
    outer loop
      vertex 48.09 -35.193 66.4633
      vertex 47.8712 -35.5037 64.1
      vertex 48.1117 -35.1621 66.1765
    endloop
  endfacet
  facet normal 0.870086 -0.4929 0
    outer loop
      vertex 51.1206 -30.6405 69
      vertex 52.5625 -28.0952 64.1
      vertex 52.5625 -28.0952 69
    endloop
  endfacet
  facet normal 0.870086 -0.4929 0
    outer loop
      vertex 52.5625 -28.0952 64.1
      vertex 51.1206 -30.6405 69
      vertex 51.1206 -30.6405 64.1
    endloop
  endfacet
  facet normal 0.170955 -0.985279 0
    outer loop
      vertex 8.74514 -58.9549 64.1
      vertex 11.6274 -58.4548 69
      vertex 8.74514 -58.9549 69
    endloop
  endfacet
  facet normal 0.170955 -0.985279 0
    outer loop
      vertex 11.6274 -58.4548 69
      vertex 8.74514 -58.9549 64.1
      vertex 11.6274 -58.4548 64.1
    endloop
  endfacet
  facet normal 0.615253 -0.78833 0
    outer loop
      vertex 35.5037 -47.8712 64.1
      vertex 37.8098 -46.0714 69
      vertex 35.5037 -47.8712 69
    endloop
  endfacet
  facet normal 0.615253 -0.78833 0
    outer loop
      vertex 37.8098 -46.0714 69
      vertex 35.5037 -47.8712 64.1
      vertex 37.8098 -46.0714 64.1
    endloop
  endfacet
  facet normal -0.96377 -0.266734 0
    outer loop
      vertex -57.0336 -17.301 64.1
      vertex -57.8139 -14.4816 69
      vertex -57.8139 -14.4816 64.1
    endloop
  endfacet
  facet normal -0.96377 -0.266734 0
    outer loop
      vertex -57.8139 -14.4816 69
      vertex -57.0336 -17.301 64.1
      vertex -57.0336 -17.301 69
    endloop
  endfacet
  facet normal -0.78833 -0.615253 0
    outer loop
      vertex -46.0714 -37.8098 64.1
      vertex -47.8712 -35.5037 69
      vertex -47.8712 -35.5037 64.1
    endloop
  endfacet
  facet normal -0.78833 -0.615253 0
    outer loop
      vertex -47.8712 -35.5037 69
      vertex -46.0714 -37.8098 64.1
      vertex -46.0714 -37.8098 69
    endloop
  endfacet
  facet normal -0.757219 -0.653161 0
    outer loop
      vertex -44.1607 -40.0249 64.1
      vertex -46.0714 -37.8098 69
      vertex -46.0714 -37.8098 64.1
    endloop
  endfacet
  facet normal -0.757219 -0.653161 0
    outer loop
      vertex -46.0714 -37.8098 69
      vertex -44.1607 -40.0249 64.1
      vertex -44.1607 -40.0249 69
    endloop
  endfacet
  facet normal -0.949528 -0.313683 0
    outer loop
      vertex -56.116 -20.0786 64.1
      vertex -57.0336 -17.301 69
      vertex -57.0336 -17.301 64.1
    endloop
  endfacet
  facet normal -0.949528 -0.313683 0
    outer loop
      vertex -57.0336 -17.301 69
      vertex -56.116 -20.0786 64.1
      vertex -56.116 -20.0786 69
    endloop
  endfacet
  facet normal -0.534983 -0.844863 0
    outer loop
      vertex -33.112 -49.5556 64.1
      vertex -30.6405 -51.1206 69
      vertex -33.112 -49.5556 69
    endloop
  endfacet
  facet normal -0.534983 -0.844863 -0
    outer loop
      vertex -30.6405 -51.1206 69
      vertex -33.112 -49.5556 64.1
      vertex -30.6405 -51.1206 64.1
    endloop
  endfacet
  facet normal -0.4929 -0.870086 0
    outer loop
      vertex -30.6405 -51.1206 64.1
      vertex -28.0952 -52.5625 69
      vertex -30.6405 -51.1206 69
    endloop
  endfacet
  facet normal -0.4929 -0.870086 -0
    outer loop
      vertex -28.0952 -52.5625 69
      vertex -30.6405 -51.1206 64.1
      vertex -28.0952 -52.5625 64.1
    endloop
  endfacet
  facet normal -0.122414 -0.992479 0
    outer loop
      vertex -8.74514 -58.9549 64.1
      vertex -5.84182 -59.313 69
      vertex -8.74514 -58.9549 69
    endloop
  endfacet
  facet normal -0.122414 -0.992479 -0
    outer loop
      vertex -5.84182 -59.313 69
      vertex -8.74514 -58.9549 64.1
      vertex -5.84182 -59.313 64.1
    endloop
  endfacet
  facet normal 0.724259 0.689528 0
    outer loop
      vertex 44.1607 40.0249 69
      vertex 42.1436 42.1436 64.1
      vertex 42.1436 42.1436 69
    endloop
  endfacet
  facet normal 0.724259 0.689528 0
    outer loop
      vertex 42.1436 42.1436 64.1
      vertex 44.1607 40.0249 69
      vertex 44.1607 40.0249 64.1
    endloop
  endfacet
  facet normal 0.405218 0.91422 -0
    outer loop
      vertex 25.4823 53.8778 64.1
      vertex 22.8079 55.0632 69
      vertex 25.4823 53.8778 69
    endloop
  endfacet
  facet normal 0.405218 0.91422 0
    outer loop
      vertex 22.8079 55.0632 69
      vertex 25.4823 53.8778 64.1
      vertex 22.8079 55.0632 64.1
    endloop
  endfacet
  facet normal 0.992479 -0.122414 0
    outer loop
      vertex 58.9549 -8.74514 69
      vertex 59.313 -5.84182 64.1
      vertex 59.313 -5.84182 69
    endloop
  endfacet
  facet normal 0.992479 -0.122414 0
    outer loop
      vertex 59.313 -5.84182 64.1
      vertex 58.9549 -8.74514 69
      vertex 58.9549 -8.74514 64.1
    endloop
  endfacet
  facet normal 0.99729 -0.0735647 0
    outer loop
      vertex 59.313 -5.84182 69
      vertex 59.5282 -2.92443 64.1
      vertex 59.5282 -2.92443 69
    endloop
  endfacet
  facet normal 0.99729 -0.0735647 0
    outer loop
      vertex 59.5282 -2.92443 64.1
      vertex 59.313 -5.84182 69
      vertex 59.313 -5.84182 64.1
    endloop
  endfacet
  facet normal 0.985279 -0.170955 0
    outer loop
      vertex 58.4548 -11.6274 69
      vertex 58.9549 -8.74514 64.1
      vertex 58.9549 -8.74514 69
    endloop
  endfacet
  facet normal 0.985279 -0.170955 0
    outer loop
      vertex 58.9549 -8.74514 64.1
      vertex 58.4548 -11.6274 69
      vertex 58.4548 -11.6274 64.1
    endloop
  endfacet
  facet normal 0.949528 -0.313683 0
    outer loop
      vertex 56.116 -20.0786 69
      vertex 57.0336 -17.301 64.1
      vertex 57.0336 -17.301 69
    endloop
  endfacet
  facet normal 0.949528 -0.313683 0
    outer loop
      vertex 57.0336 -17.301 64.1
      vertex 56.116 -20.0786 69
      vertex 56.116 -20.0786 64.1
    endloop
  endfacet
  facet normal 0.932994 -0.359893 0
    outer loop
      vertex 55.0632 -22.8079 69
      vertex 56.116 -20.0786 64.1
      vertex 56.116 -20.0786 69
    endloop
  endfacet
  facet normal 0.932994 -0.359893 0
    outer loop
      vertex 56.116 -20.0786 64.1
      vertex 55.0632 -22.8079 69
      vertex 55.0632 -22.8079 64.1
    endloop
  endfacet
  facet normal 0.96377 -0.266734 0
    outer loop
      vertex 57.0336 -17.301 69
      vertex 57.8139 -14.4816 64.1
      vertex 57.8139 -14.4816 69
    endloop
  endfacet
  facet normal 0.96377 -0.266734 0
    outer loop
      vertex 57.8139 -14.4816 64.1
      vertex 57.0336 -17.301 69
      vertex 57.0336 -17.301 64.1
    endloop
  endfacet
  facet normal 0.757219 -0.653161 0
    outer loop
      vertex 44.1607 -40.0249 69
      vertex 46.0714 -37.8098 64.1
      vertex 46.0714 -37.8098 69
    endloop
  endfacet
  facet normal 0.757219 -0.653161 0
    outer loop
      vertex 46.0714 -37.8098 64.1
      vertex 44.1607 -40.0249 69
      vertex 44.1607 -40.0249 64.1
    endloop
  endfacet
  facet normal 0.78833 -0.615253 0
    outer loop
      vertex 46.0714 -37.8098 69
      vertex 47.8712 -35.5037 64.1
      vertex 47.8712 -35.5037 69
    endloop
  endfacet
  facet normal 0.78833 -0.615253 0
    outer loop
      vertex 47.8712 -35.5037 64.1
      vertex 46.0714 -37.8098 69
      vertex 46.0714 -37.8098 64.1
    endloop
  endfacet
  facet normal 0.724259 -0.689528 0
    outer loop
      vertex 42.1436 -42.1436 69
      vertex 44.1607 -40.0249 64.1
      vertex 44.1607 -40.0249 69
    endloop
  endfacet
  facet normal 0.724259 -0.689528 0
    outer loop
      vertex 44.1607 -40.0249 64.1
      vertex 42.1436 -42.1436 69
      vertex 42.1436 -42.1436 64.1
    endloop
  endfacet
  facet normal 0.844863 -0.534983 0
    outer loop
      vertex 49.5556 -33.112 69
      vertex 51.1206 -30.6405 64.1
      vertex 51.1206 -30.6405 69
    endloop
  endfacet
  facet normal 0.844863 -0.534983 0
    outer loop
      vertex 51.1206 -30.6405 64.1
      vertex 49.5556 -33.112 69
      vertex 49.5556 -33.112 64.1
    endloop
  endfacet
  facet normal 0.893214 -0.449632 0
    outer loop
      vertex 52.5625 -28.0952 69
      vertex 53.8778 -25.4823 64.1
      vertex 53.8778 -25.4823 69
    endloop
  endfacet
  facet normal 0.893214 -0.449632 0
    outer loop
      vertex 53.8778 -25.4823 64.1
      vertex 52.5625 -28.0952 69
      vertex 52.5625 -28.0952 64.1
    endloop
  endfacet
  facet normal 0.0735647 -0.99729 0
    outer loop
      vertex 2.92443 -59.5282 64.1
      vertex 5.84182 -59.313 69
      vertex 2.92443 -59.5282 69
    endloop
  endfacet
  facet normal 0.0735647 -0.99729 0
    outer loop
      vertex 5.84182 -59.313 69
      vertex 2.92443 -59.5282 64.1
      vertex 5.84182 -59.313 64.1
    endloop
  endfacet
  facet normal 0.266734 -0.96377 0
    outer loop
      vertex 14.4816 -57.8139 64.1
      vertex 17.301 -57.0336 69
      vertex 14.4816 -57.8139 69
    endloop
  endfacet
  facet normal 0.266734 -0.96377 0
    outer loop
      vertex 17.301 -57.0336 69
      vertex 14.4816 -57.8139 64.1
      vertex 17.301 -57.0336 64.1
    endloop
  endfacet
  facet normal 0.313683 -0.949528 0
    outer loop
      vertex 17.301 -57.0336 64.1
      vertex 20.0786 -56.116 69
      vertex 17.301 -57.0336 69
    endloop
  endfacet
  facet normal 0.313683 -0.949528 0
    outer loop
      vertex 20.0786 -56.116 69
      vertex 17.301 -57.0336 64.1
      vertex 20.0786 -56.116 64.1
    endloop
  endfacet
  facet normal 0.219091 -0.975704 0
    outer loop
      vertex 11.6274 -58.4548 64.1
      vertex 14.4816 -57.8139 69
      vertex 11.6274 -58.4548 69
    endloop
  endfacet
  facet normal 0.219091 -0.975704 0
    outer loop
      vertex 14.4816 -57.8139 69
      vertex 11.6274 -58.4548 64.1
      vertex 14.4816 -57.8139 64.1
    endloop
  endfacet
  facet normal 0.122414 -0.992479 0
    outer loop
      vertex 5.84182 -59.313 64.1
      vertex 8.74514 -58.9549 69
      vertex 5.84182 -59.313 69
    endloop
  endfacet
  facet normal 0.122414 -0.992479 0
    outer loop
      vertex 8.74514 -58.9549 69
      vertex 5.84182 -59.313 64.1
      vertex 8.74514 -58.9549 64.1
    endloop
  endfacet
  facet normal 0.0245444 -0.999699 0
    outer loop
      vertex 0 -59.6 64.1
      vertex 2.92443 -59.5282 69
      vertex 0 -59.6 69
    endloop
  endfacet
  facet normal 0.0245444 -0.999699 0
    outer loop
      vertex 2.92443 -59.5282 69
      vertex 0 -59.6 64.1
      vertex 2.92443 -59.5282 64.1
    endloop
  endfacet
  facet normal 0.4929 -0.870086 0
    outer loop
      vertex 28.0952 -52.5625 64.1
      vertex 30.6405 -51.1206 69
      vertex 28.0952 -52.5625 69
    endloop
  endfacet
  facet normal 0.4929 -0.870086 0
    outer loop
      vertex 30.6405 -51.1206 69
      vertex 28.0952 -52.5625 64.1
      vertex 30.6405 -51.1206 64.1
    endloop
  endfacet
  facet normal 0.449632 -0.893214 0
    outer loop
      vertex 25.4823 -53.8778 64.1
      vertex 28.0952 -52.5625 69
      vertex 25.4823 -53.8778 69
    endloop
  endfacet
  facet normal 0.449632 -0.893214 0
    outer loop
      vertex 28.0952 -52.5625 69
      vertex 25.4823 -53.8778 64.1
      vertex 28.0952 -52.5625 64.1
    endloop
  endfacet
  facet normal 0.575802 -0.817589 0
    outer loop
      vertex 33.112 -49.5556 64.1
      vertex 35.5037 -47.8712 69
      vertex 33.112 -49.5556 69
    endloop
  endfacet
  facet normal 0.575802 -0.817589 0
    outer loop
      vertex 35.5037 -47.8712 69
      vertex 33.112 -49.5556 64.1
      vertex 35.5037 -47.8712 64.1
    endloop
  endfacet
  facet normal 0.653161 -0.757219 0
    outer loop
      vertex 37.8098 -46.0714 64.1
      vertex 40.0249 -44.1607 69
      vertex 37.8098 -46.0714 69
    endloop
  endfacet
  facet normal 0.653161 -0.757219 0
    outer loop
      vertex 40.0249 -44.1607 69
      vertex 37.8098 -46.0714 64.1
      vertex 40.0249 -44.1607 64.1
    endloop
  endfacet
  facet normal -0.992479 -0.122414 0
    outer loop
      vertex -58.9549 -8.74514 64.1
      vertex -59.313 -5.84182 66
      vertex -59.313 -5.84182 64.1
    endloop
  endfacet
  facet normal -0.992479 -0.122414 0
    outer loop
      vertex -59.313 -5.84182 66
      vertex -58.9549 -8.74514 64.1
      vertex -58.9549 -8.74514 66
    endloop
  endfacet
  facet normal -0.817354 -0.576135 0
    outer loop
      vertex -49.5556 -33.112 64.1
      vertex -49.5267 -33.153 66.5
      vertex -49.5556 -33.112 69
    endloop
  endfacet
  facet normal -0.817147 -0.576429 -7.51237e-06
    outer loop
      vertex -49.5556 -33.112 64.1
      vertex -49.5049 -33.1839 66.2129
      vertex -49.5267 -33.153 66.5
    endloop
  endfacet
  facet normal -0.821001 -0.570926 0.000272219
    outer loop
      vertex -49.5556 -33.112 64.1
      vertex -49.5022 -33.1878 66.1765
      vertex -49.5049 -33.1839 66.2129
    endloop
  endfacet
  facet normal -0.817553 -0.575853 3.70815e-06
    outer loop
      vertex -49.5556 -33.112 64.1
      vertex -49.4941 -33.1993 66.1425
      vertex -49.5022 -33.1878 66.1765
    endloop
  endfacet
  facet normal -0.817606 -0.575778 8.47409e-06
    outer loop
      vertex -49.5556 -33.112 64.1
      vertex -49.4303 -33.2899 65.875
      vertex -49.4941 -33.1993 66.1425
    endloop
  endfacet
  facet normal -0.817531 -0.575884 -7.43392e-06
    outer loop
      vertex -49.5556 -33.112 64.1
      vertex -49.3159 -33.4523 65.6161
      vertex -49.4303 -33.2899 65.875
    endloop
  endfacet
  facet normal -0.817517 -0.575905 -1.43019e-05
    outer loop
      vertex -49.5556 -33.112 64.1
      vertex -49.1836 -33.6401 65.4399
      vertex -49.3159 -33.4523 65.6161
    endloop
  endfacet
  facet normal -0.817951 -0.575288 0.000349167
    outer loop
      vertex -49.5556 -33.112 64.1
      vertex -49.1668 -33.664 65.4175
      vertex -49.1836 -33.6401 65.4399
    endloop
  endfacet
  facet normal -0.817586 -0.575806 2.49195e-05
    outer loop
      vertex -49.5556 -33.112 64.1
      vertex -48.9932 -33.9105 65.2926
      vertex -49.1668 -33.664 65.4175
    endloop
  endfacet
  facet normal -0.818257 -0.574852 0.000979217
    outer loop
      vertex -49.5556 -33.112 64.1
      vertex -48.9722 -33.9404 65.2878
      vertex -48.9932 -33.9105 65.2926
    endloop
  endfacet
  facet normal -0.817474 -0.575966 -0.000181654
    outer loop
      vertex -49.5556 -33.112 64.1
      vertex -48.8069 -34.175 65.25
      vertex -48.9722 -33.9404 65.2878
    endloop
  endfacet
  facet normal -0.817589 -0.575802 4.41692e-05
    outer loop
      vertex -47.8712 -35.5037 64.1
      vertex -48.8069 -34.175 65.25
      vertex -49.5556 -33.112 64.1
    endloop
  endfacet
  facet normal -0.818217 -0.574908 -0.00150003
    outer loop
      vertex -48.8069 -34.175 65.25
      vertex -47.8712 -35.5037 64.1
      vertex -48.7859 -34.2049 65.2548
    endloop
  endfacet
  facet normal -0.817619 -0.57576 -6.86266e-05
    outer loop
      vertex -48.7859 -34.2049 65.2548
      vertex -47.8712 -35.5037 64.1
      vertex -48.6207 -34.4395 65.2926
    endloop
  endfacet
  facet normal -0.817103 -0.576491 0.000908686
    outer loop
      vertex -48.6207 -34.4395 65.2926
      vertex -47.8712 -35.5037 64.1
      vertex -48.601 -34.4674 65.3067
    endloop
  endfacet
  facet normal -0.817483 -0.575953 0.000127693
    outer loop
      vertex -47.8712 -35.5037 64.1
      vertex -48.3149 -34.8736 65.5936
      vertex -48.4471 -34.686 65.4175
    endloop
  endfacet
  facet normal -0.817947 -0.575293 -9.44903e-05
    outer loop
      vertex -47.8712 -35.5037 64.1
      vertex -48.09 -35.193 66.4633
      vertex -48.1117 -35.1621 66.1765
    endloop
  endfacet
  facet normal -0.818345 -0.574728 -0.000205607
    outer loop
      vertex -48.09 -35.193 66.4633
      vertex -47.8712 -35.5037 64.1
      vertex -48.0872 -35.197 66.5
    endloop
  endfacet
  facet normal -0.817454 -0.575994 7.80072e-05
    outer loop
      vertex -48.1836 -35.0601 65.875
      vertex -47.8712 -35.5037 64.1
      vertex -48.1117 -35.1621 66.1765
    endloop
  endfacet
  facet normal -0.817755 -0.575567 -8.18707e-05
    outer loop
      vertex -48.285 -34.916 65.6455
      vertex -47.8712 -35.5037 64.1
      vertex -48.1836 -35.0601 65.875
    endloop
  endfacet
  facet normal -0.817074 -0.576533 0.000467915
    outer loop
      vertex -48.298 -34.8976 65.6161
      vertex -47.8712 -35.5037 64.1
      vertex -48.285 -34.916 65.6455
    endloop
  endfacet
  facet normal -0.817627 -0.575748 -1.79793e-06
    outer loop
      vertex -48.3149 -34.8736 65.5936
      vertex -47.8712 -35.5037 64.1
      vertex -48.298 -34.8976 65.6161
    endloop
  endfacet
  facet normal -0.817658 -0.575704 -0.000103037
    outer loop
      vertex -48.601 -34.4674 65.3067
      vertex -47.8712 -35.5037 64.1
      vertex -48.4471 -34.686 65.4175
    endloop
  endfacet
  facet normal -0.817146 -0.576431 7.2516e-06
    outer loop
      vertex -49.5049 -33.1839 66.7871
      vertex -49.5556 -33.112 69
      vertex -49.5267 -33.153 66.5
    endloop
  endfacet
  facet normal -0.821043 -0.570867 -0.000262793
    outer loop
      vertex -49.5022 -33.1878 66.8235
      vertex -49.5556 -33.112 69
      vertex -49.5049 -33.1839 66.7871
    endloop
  endfacet
  facet normal -0.817554 -0.575853 -3.55369e-06
    outer loop
      vertex -49.4941 -33.1993 66.8575
      vertex -49.5556 -33.112 69
      vertex -49.5022 -33.1878 66.8235
    endloop
  endfacet
  facet normal -0.817606 -0.575778 -8.12105e-06
    outer loop
      vertex -49.4303 -33.2899 67.125
      vertex -49.5556 -33.112 69
      vertex -49.4941 -33.1993 66.8575
    endloop
  endfacet
  facet normal -0.817531 -0.575885 7.08953e-06
    outer loop
      vertex -49.3159 -33.4523 67.3839
      vertex -49.5556 -33.112 69
      vertex -49.4303 -33.2899 67.125
    endloop
  endfacet
  facet normal -0.817516 -0.575905 1.35629e-05
    outer loop
      vertex -49.1836 -33.6401 67.5601
      vertex -49.5556 -33.112 69
      vertex -49.3159 -33.4523 67.3839
    endloop
  endfacet
  facet normal -0.817959 -0.575277 -0.000331124
    outer loop
      vertex -49.1668 -33.664 67.5825
      vertex -49.5556 -33.112 69
      vertex -49.1836 -33.6401 67.5601
    endloop
  endfacet
  facet normal -0.817587 -0.575805 -2.34513e-05
    outer loop
      vertex -48.9932 -33.9105 67.7074
      vertex -49.5556 -33.112 69
      vertex -49.1668 -33.664 67.5825
    endloop
  endfacet
  facet normal -0.818262 -0.574845 -0.000910302
    outer loop
      vertex -48.9722 -33.9404 67.7122
      vertex -49.5556 -33.112 69
      vertex -48.9932 -33.9105 67.7074
    endloop
  endfacet
  facet normal -0.817473 -0.575967 0.000168873
    outer loop
      vertex -48.8069 -34.175 67.75
      vertex -49.5556 -33.112 69
      vertex -48.9722 -33.9404 67.7122
    endloop
  endfacet
  facet normal -0.818225 -0.574897 0.00139753
    outer loop
      vertex -47.8712 -35.5037 69
      vertex -48.8069 -34.175 67.75
      vertex -48.7859 -34.2049 67.7452
    endloop
  endfacet
  facet normal -0.817619 -0.575759 6.39392e-05
    outer loop
      vertex -47.8712 -35.5037 69
      vertex -48.7859 -34.2049 67.7452
      vertex -48.6207 -34.4395 67.7074
    endloop
  endfacet
  facet normal -0.817091 -0.576508 -0.00085903
    outer loop
      vertex -47.8712 -35.5037 69
      vertex -48.6207 -34.4395 67.7074
      vertex -48.601 -34.4674 67.6933
    endloop
  endfacet
  facet normal -0.817659 -0.575702 9.74127e-05
    outer loop
      vertex -47.8712 -35.5037 69
      vertex -48.601 -34.4674 67.6933
      vertex -48.4471 -34.686 67.5825
    endloop
  endfacet
  facet normal -0.818361 -0.574704 0.000201742
    outer loop
      vertex -47.8712 -35.5037 69
      vertex -48.09 -35.193 66.5367
      vertex -48.0872 -35.197 66.5
    endloop
  endfacet
  facet normal -0.817588 -0.575804 -0
    outer loop
      vertex -47.8712 -35.5037 69
      vertex -48.0872 -35.197 66.5
      vertex -47.8712 -35.5037 64.1
    endloop
  endfacet
  facet normal -0.817589 -0.575802 -4.06357e-05
    outer loop
      vertex -48.8069 -34.175 67.75
      vertex -47.8712 -35.5037 69
      vertex -49.5556 -33.112 69
    endloop
  endfacet
  facet normal -0.81748 -0.575957 -0.000121848
    outer loop
      vertex -48.3149 -34.8736 67.4064
      vertex -47.8712 -35.5037 69
      vertex -48.4471 -34.686 67.5825
    endloop
  endfacet
  facet normal -0.817627 -0.575748 1.71562e-06
    outer loop
      vertex -48.298 -34.8976 67.3839
      vertex -47.8712 -35.5037 69
      vertex -48.3149 -34.8736 67.4064
    endloop
  endfacet
  facet normal -0.81706 -0.576552 -0.000449803
    outer loop
      vertex -48.285 -34.916 67.3545
      vertex -47.8712 -35.5037 69
      vertex -48.298 -34.8976 67.3839
    endloop
  endfacet
  facet normal -0.817757 -0.575563 7.86995e-05
    outer loop
      vertex -48.1836 -35.0601 67.125
      vertex -47.8712 -35.5037 69
      vertex -48.285 -34.916 67.3545
    endloop
  endfacet
  facet normal -0.81745 -0.575999 -7.55586e-05
    outer loop
      vertex -48.1117 -35.1621 66.8235
      vertex -47.8712 -35.5037 69
      vertex -48.1836 -35.0601 67.125
    endloop
  endfacet
  facet normal -0.817955 -0.575282 9.2724e-05
    outer loop
      vertex -48.09 -35.193 66.5367
      vertex -47.8712 -35.5037 69
      vertex -48.1117 -35.1621 66.8235
    endloop
  endfacet
  facet normal -0.844863 -0.534983 0
    outer loop
      vertex -49.5556 -33.112 64.1
      vertex -51.1206 -30.6405 69
      vertex -51.1206 -30.6405 64.1
    endloop
  endfacet
  facet normal -0.844863 -0.534983 0
    outer loop
      vertex -51.1206 -30.6405 69
      vertex -49.5556 -33.112 64.1
      vertex -49.5556 -33.112 69
    endloop
  endfacet
  facet normal -0.870086 -0.4929 0
    outer loop
      vertex -51.1206 -30.6405 64.1
      vertex -52.5625 -28.0952 69
      vertex -52.5625 -28.0952 64.1
    endloop
  endfacet
  facet normal -0.870086 -0.4929 0
    outer loop
      vertex -52.5625 -28.0952 69
      vertex -51.1206 -30.6405 64.1
      vertex -51.1206 -30.6405 69
    endloop
  endfacet
  facet normal -0.932994 -0.359893 0
    outer loop
      vertex -55.0632 -22.8079 64.1
      vertex -56.116 -20.0786 69
      vertex -56.116 -20.0786 64.1
    endloop
  endfacet
  facet normal -0.932994 -0.359893 0
    outer loop
      vertex -56.116 -20.0786 69
      vertex -55.0632 -22.8079 64.1
      vertex -55.0632 -22.8079 69
    endloop
  endfacet
  facet normal -0.975701 -0.219107 0
    outer loop
      vertex -58.4548 -11.6274 64.1
      vertex -57.922 -14 66
      vertex -58.4548 -11.6274 66
    endloop
  endfacet
  facet normal -0.975704 -0.219091 2.13062e-05
    outer loop
      vertex -57.8139 -14.4816 64.1
      vertex -57.922 -14 66
      vertex -58.4548 -11.6274 64.1
    endloop
  endfacet
  facet normal -0.975722 -0.219011 -0
    outer loop
      vertex -57.8139 -14.4816 69
      vertex -57.922 -14 66
      vertex -57.8139 -14.4816 64.1
    endloop
  endfacet
  facet normal -0.975722 -0.219011 0
    outer loop
      vertex -57.922 -14 66
      vertex -57.8139 -14.4816 69
      vertex -57.922 -14 69
    endloop
  endfacet
  facet normal -0.99729 -0.0735647 0
    outer loop
      vertex -59.313 -5.84182 64.1
      vertex -59.5282 -2.92443 66
      vertex -59.5282 -2.92443 64.1
    endloop
  endfacet
  facet normal -0.99729 -0.0735647 0
    outer loop
      vertex -59.5282 -2.92443 66
      vertex -59.313 -5.84182 64.1
      vertex -59.313 -5.84182 66
    endloop
  endfacet
  facet normal -0.575802 -0.817589 0
    outer loop
      vertex -35.5037 -47.8712 64.1
      vertex -33.112 -49.5556 69
      vertex -35.5037 -47.8712 69
    endloop
  endfacet
  facet normal -0.575802 -0.817589 -0
    outer loop
      vertex -33.112 -49.5556 69
      vertex -35.5037 -47.8712 64.1
      vertex -33.112 -49.5556 64.1
    endloop
  endfacet
  facet normal -0.653161 -0.757219 0
    outer loop
      vertex -40.0249 -44.1607 64.1
      vertex -37.8098 -46.0714 69
      vertex -40.0249 -44.1607 69
    endloop
  endfacet
  facet normal -0.653161 -0.757219 -0
    outer loop
      vertex -37.8098 -46.0714 69
      vertex -40.0249 -44.1607 64.1
      vertex -37.8098 -46.0714 64.1
    endloop
  endfacet
  facet normal -0.313683 -0.949528 0
    outer loop
      vertex -20.0786 -56.116 64.1
      vertex -17.301 -57.0336 69
      vertex -20.0786 -56.116 69
    endloop
  endfacet
  facet normal -0.313683 -0.949528 -0
    outer loop
      vertex -17.301 -57.0336 69
      vertex -20.0786 -56.116 64.1
      vertex -17.301 -57.0336 64.1
    endloop
  endfacet
  facet normal -0.0735647 -0.99729 0
    outer loop
      vertex -5.84182 -59.313 64.1
      vertex -2.92443 -59.5282 69
      vertex -5.84182 -59.313 69
    endloop
  endfacet
  facet normal -0.0735647 -0.99729 -0
    outer loop
      vertex -2.92443 -59.5282 69
      vertex -5.84182 -59.313 64.1
      vertex -2.92443 -59.5282 64.1
    endloop
  endfacet
  facet normal 0.999699 0.0245444 0
    outer loop
      vertex 59.6 0 69
      vertex 59.5282 2.92443 64.1
      vertex 59.5282 2.92443 69
    endloop
  endfacet
  facet normal 0.999699 0.0245444 0
    outer loop
      vertex 59.5282 2.92443 64.1
      vertex 59.6 0 69
      vertex 59.6 0 64.1
    endloop
  endfacet
  facet normal 0.96377 0.266734 0
    outer loop
      vertex 57.8139 14.4816 69
      vertex 57.0336 17.301 64.1
      vertex 57.0336 17.301 69
    endloop
  endfacet
  facet normal 0.96377 0.266734 0
    outer loop
      vertex 57.0336 17.301 64.1
      vertex 57.8139 14.4816 69
      vertex 57.8139 14.4816 64.1
    endloop
  endfacet
  facet normal 0.757219 0.653161 0
    outer loop
      vertex 46.0714 37.8098 69
      vertex 44.1607 40.0249 64.1
      vertex 44.1607 40.0249 69
    endloop
  endfacet
  facet normal 0.757219 0.653161 0
    outer loop
      vertex 44.1607 40.0249 64.1
      vertex 46.0714 37.8098 69
      vertex 46.0714 37.8098 64.1
    endloop
  endfacet
  facet normal 0.575802 0.817589 -0
    outer loop
      vertex 35.5037 47.8712 64.1
      vertex 33.112 49.5556 69
      vertex 35.5037 47.8712 69
    endloop
  endfacet
  facet normal 0.575802 0.817589 0
    outer loop
      vertex 33.112 49.5556 69
      vertex 35.5037 47.8712 64.1
      vertex 33.112 49.5556 64.1
    endloop
  endfacet
  facet normal 0 0 1
    outer loop
      vertex 58.1 0 69
      vertex 59.6 0 69
      vertex 59.5282 2.92443 69
    endloop
  endfacet
  facet normal 0 0 1
    outer loop
      vertex 58.03 2.85083 69
      vertex 59.5282 2.92443 69
      vertex 59.313 5.84182 69
    endloop
  endfacet
  facet normal 0 0 1
    outer loop
      vertex 59.6 0 69
      vertex 58.1 0 69
      vertex 59.5282 -2.92443 69
    endloop
  endfacet
  facet normal 0 0 1
    outer loop
      vertex 57.8202 5.6948 69
      vertex 59.313 5.84182 69
      vertex 58.9549 8.74514 69
    endloop
  endfacet
  facet normal -0 0 1
    outer loop
      vertex 58.03 -2.85083 69
      vertex 59.5282 -2.92443 69
      vertex 58.1 0 69
    endloop
  endfacet
  facet normal 0 0 1
    outer loop
      vertex 57.4712 8.52504 69
      vertex 58.9549 8.74514 69
      vertex 58.4548 11.6274 69
    endloop
  endfacet
  facet normal 0 0 1
    outer loop
      vertex 59.5282 -2.92443 69
      vertex 58.03 -2.85083 69
      vertex 59.313 -5.84182 69
    endloop
  endfacet
  facet normal -0 0 1
    outer loop
      vertex 57.8202 -5.6948 69
      vertex 59.313 -5.84182 69
      vertex 58.03 -2.85083 69
    endloop
  endfacet
  facet normal 0 0 1
    outer loop
      vertex 59.5282 2.92443 69
      vertex 58.03 2.85083 69
      vertex 58.1 0 69
    endloop
  endfacet
  facet normal 0 0 1
    outer loop
      vertex 59.313 5.84182 69
      vertex 57.8202 5.6948 69
      vertex 58.03 2.85083 69
    endloop
  endfacet
  facet normal 0 0 1
    outer loop
      vertex 56.9836 11.3347 69
      vertex 58.4548 11.6274 69
      vertex 57.8139 14.4816 69
    endloop
  endfacet
  facet normal 0 0 1
    outer loop
      vertex 58.9549 8.74514 69
      vertex 57.4712 8.52504 69
      vertex 57.8202 5.6948 69
    endloop
  endfacet
  facet normal 0 0 1
    outer loop
      vertex 56.3588 14.1171 69
      vertex 57.8139 14.4816 69
      vertex 57.0336 17.301 69
    endloop
  endfacet
  facet normal 0 0 1
    outer loop
      vertex 58.4548 11.6274 69
      vertex 56.9836 11.3347 69
      vertex 57.4712 8.52504 69
    endloop
  endfacet
  facet normal 0 0 1
    outer loop
      vertex 57.8139 14.4816 69
      vertex 56.3588 14.1171 69
      vertex 56.9836 11.3347 69
    endloop
  endfacet
  facet normal 0 0 1
    outer loop
      vertex 55.5982 16.8655 69
      vertex 57.0336 17.301 69
      vertex 56.116 20.0786 69
    endloop
  endfacet
  facet normal 0 0 1
    outer loop
      vertex 57.0336 17.301 69
      vertex 55.5982 16.8655 69
      vertex 56.3588 14.1171 69
    endloop
  endfacet
  facet normal 0 0 1
    outer loop
      vertex 54.7037 19.5733 69
      vertex 56.116 20.0786 69
      vertex 55.0632 22.8079 69
    endloop
  endfacet
  facet normal 0 0 1
    outer loop
      vertex 56.116 20.0786 69
      vertex 54.7037 19.5733 69
      vertex 55.5982 16.8655 69
    endloop
  endfacet
  facet normal 0 0 1
    outer loop
      vertex 53.6774 22.2339 69
      vertex 55.0632 22.8079 69
      vertex 53.8778 25.4823 69
    endloop
  endfacet
  facet normal 0 0 1
    outer loop
      vertex 55.0632 22.8079 69
      vertex 53.6774 22.2339 69
      vertex 54.7037 19.5733 69
    endloop
  endfacet
  facet normal 0 0 1
    outer loop
      vertex 52.5218 24.841 69
      vertex 53.8778 25.4823 69
      vertex 52.5625 28.0952 69
    endloop
  endfacet
  facet normal 0 0 1
    outer loop
      vertex 53.8778 25.4823 69
      vertex 52.5218 24.841 69
      vertex 53.6774 22.2339 69
    endloop
  endfacet
  facet normal 0 0 1
    outer loop
      vertex 52.5625 28.0952 69
      vertex 51.2396 27.3881 69
      vertex 52.5218 24.841 69
    endloop
  endfacet
  facet normal 0 0 1
    outer loop
      vertex 51.1206 30.6405 69
      vertex 51.2396 27.3881 69
      vertex 52.5625 28.0952 69
    endloop
  endfacet
  facet normal 0 0 1
    outer loop
      vertex 51.1206 30.6405 69
      vertex 49.834 29.8694 69
      vertex 51.2396 27.3881 69
    endloop
  endfacet
  facet normal 0 0 1
    outer loop
      vertex 49.5556 33.112 69
      vertex 49.834 29.8694 69
      vertex 51.1206 30.6405 69
    endloop
  endfacet
  facet normal 0 0 1
    outer loop
      vertex 49.5556 33.112 69
      vertex 48.3084 32.2786 69
      vertex 49.834 29.8694 69
    endloop
  endfacet
  facet normal 0 0 1
    outer loop
      vertex 47.8712 35.5037 69
      vertex 48.3084 32.2786 69
      vertex 49.5556 33.112 69
    endloop
  endfacet
  facet normal 0 0 1
    outer loop
      vertex 47.8712 35.5037 69
      vertex 46.6664 34.6101 69
      vertex 48.3084 32.2786 69
    endloop
  endfacet
  facet normal 0 0 1
    outer loop
      vertex 46.0714 37.8098 69
      vertex 46.6664 34.6101 69
      vertex 47.8712 35.5037 69
    endloop
  endfacet
  facet normal 0 0 1
    outer loop
      vertex 46.0714 37.8098 69
      vertex 44.9119 36.8582 69
      vertex 46.6664 34.6101 69
    endloop
  endfacet
  facet normal 0 0 1
    outer loop
      vertex 44.1607 40.0249 69
      vertex 44.9119 36.8582 69
      vertex 46.0714 37.8098 69
    endloop
  endfacet
  facet normal 0 0 1
    outer loop
      vertex 44.1607 40.0249 69
      vertex 43.0493 39.0176 69
      vertex 44.9119 36.8582 69
    endloop
  endfacet
  facet normal 0 0 1
    outer loop
      vertex 42.1436 42.1436 69
      vertex 43.0493 39.0176 69
      vertex 44.1607 40.0249 69
    endloop
  endfacet
  facet normal 0 0 1
    outer loop
      vertex 42.1436 42.1436 69
      vertex 41.0829 41.0829 69
      vertex 43.0493 39.0176 69
    endloop
  endfacet
  facet normal 0 0 1
    outer loop
      vertex 40.0249 44.1607 69
      vertex 41.0829 41.0829 69
      vertex 42.1436 42.1436 69
    endloop
  endfacet
  facet normal 0 0 1
    outer loop
      vertex 40.0249 44.1607 69
      vertex 39.0176 43.0493 69
      vertex 41.0829 41.0829 69
    endloop
  endfacet
  facet normal 0 0 1
    outer loop
      vertex 37.8098 46.0714 69
      vertex 39.0176 43.0493 69
      vertex 40.0249 44.1607 69
    endloop
  endfacet
  facet normal 0 0 1
    outer loop
      vertex 37.8098 46.0714 69
      vertex 36.8582 44.9119 69
      vertex 39.0176 43.0493 69
    endloop
  endfacet
  facet normal 0 0 1
    outer loop
      vertex 35.5037 47.8712 69
      vertex 36.8582 44.9119 69
      vertex 37.8098 46.0714 69
    endloop
  endfacet
  facet normal 0 0 1
    outer loop
      vertex 35.5037 47.8712 69
      vertex 34.6101 46.6664 69
      vertex 36.8582 44.9119 69
    endloop
  endfacet
  facet normal 0 0 1
    outer loop
      vertex 33.112 49.5556 69
      vertex 34.6101 46.6664 69
      vertex 35.5037 47.8712 69
    endloop
  endfacet
  facet normal 0 0 1
    outer loop
      vertex 33.112 49.5556 69
      vertex 32.2786 48.3084 69
      vertex 34.6101 46.6664 69
    endloop
  endfacet
  facet normal 0 0 1
    outer loop
      vertex 30.6405 51.1206 69
      vertex 32.2786 48.3084 69
      vertex 33.112 49.5556 69
    endloop
  endfacet
  facet normal 0 0 1
    outer loop
      vertex 30.6405 51.1206 69
      vertex 29.8694 49.834 69
      vertex 32.2786 48.3084 69
    endloop
  endfacet
  facet normal 0 0 1
    outer loop
      vertex 28.0952 52.5625 69
      vertex 29.8694 49.834 69
      vertex 30.6405 51.1206 69
    endloop
  endfacet
  facet normal 0 0 1
    outer loop
      vertex 28.0952 52.5625 69
      vertex 27.3881 51.2396 69
      vertex 29.8694 49.834 69
    endloop
  endfacet
  facet normal 0 0 1
    outer loop
      vertex 25.4823 53.8778 69
      vertex 27.3881 51.2396 69
      vertex 28.0952 52.5625 69
    endloop
  endfacet
  facet normal 0 0 1
    outer loop
      vertex 25.4823 53.8778 69
      vertex 24.841 52.5218 69
      vertex 27.3881 51.2396 69
    endloop
  endfacet
  facet normal 0 0 1
    outer loop
      vertex 22.8079 55.0632 69
      vertex 24.841 52.5218 69
      vertex 25.4823 53.8778 69
    endloop
  endfacet
  facet normal 0 0 1
    outer loop
      vertex 22.8079 55.0632 69
      vertex 22.2339 53.6774 69
      vertex 24.841 52.5218 69
    endloop
  endfacet
  facet normal 0 0 1
    outer loop
      vertex 20.0786 56.116 69
      vertex 22.2339 53.6774 69
      vertex 22.8079 55.0632 69
    endloop
  endfacet
  facet normal 0 0 1
    outer loop
      vertex 20.0786 56.116 69
      vertex 19.5733 54.7037 69
      vertex 22.2339 53.6774 69
    endloop
  endfacet
  facet normal 0 0 1
    outer loop
      vertex 17.301 57.0336 69
      vertex 19.5733 54.7037 69
      vertex 20.0786 56.116 69
    endloop
  endfacet
  facet normal 0 0 1
    outer loop
      vertex 17.301 57.0336 69
      vertex 16.8655 55.5982 69
      vertex 19.5733 54.7037 69
    endloop
  endfacet
  facet normal 0 0 1
    outer loop
      vertex 14.4816 57.8139 69
      vertex 16.8655 55.5982 69
      vertex 17.301 57.0336 69
    endloop
  endfacet
  facet normal 0 0 1
    outer loop
      vertex 14.4816 57.8139 69
      vertex 14.1171 56.3588 69
      vertex 16.8655 55.5982 69
    endloop
  endfacet
  facet normal 0 0 1
    outer loop
      vertex 11.6274 58.4548 69
      vertex 14.1171 56.3588 69
      vertex 14.4816 57.8139 69
    endloop
  endfacet
  facet normal 0 0 1
    outer loop
      vertex 11.6274 58.4548 69
      vertex 11.3347 56.9836 69
      vertex 14.1171 56.3588 69
    endloop
  endfacet
  facet normal 0 0 1
    outer loop
      vertex 8.74514 58.9549 69
      vertex 11.3347 56.9836 69
      vertex 11.6274 58.4548 69
    endloop
  endfacet
  facet normal 0 0 1
    outer loop
      vertex 8.74514 58.9549 69
      vertex 8.52504 57.4712 69
      vertex 11.3347 56.9836 69
    endloop
  endfacet
  facet normal 0 0 1
    outer loop
      vertex 5.84182 59.313 69
      vertex 8.52504 57.4712 69
      vertex 8.74514 58.9549 69
    endloop
  endfacet
  facet normal 0 0 1
    outer loop
      vertex 5.84182 59.313 69
      vertex 5.6948 57.8202 69
      vertex 8.52504 57.4712 69
    endloop
  endfacet
  facet normal 0 0 1
    outer loop
      vertex 2.92443 59.5282 69
      vertex 5.6948 57.8202 69
      vertex 5.84182 59.313 69
    endloop
  endfacet
  facet normal 0 0 1
    outer loop
      vertex 2.92443 59.5282 69
      vertex 2.85083 58.03 69
      vertex 5.6948 57.8202 69
    endloop
  endfacet
  facet normal 0 0 1
    outer loop
      vertex 0 59.6 69
      vertex 2.85083 58.03 69
      vertex 2.92443 59.5282 69
    endloop
  endfacet
  facet normal 0 0 1
    outer loop
      vertex 0 59.6 69
      vertex 0 58.1 69
      vertex 2.85083 58.03 69
    endloop
  endfacet
  facet normal 0 0 1
    outer loop
      vertex 0 59.6 69
      vertex -2.85083 58.03 69
      vertex 0 58.1 69
    endloop
  endfacet
  facet normal -0 0 1
    outer loop
      vertex -2.92443 59.5282 69
      vertex -2.85083 58.03 69
      vertex 0 59.6 69
    endloop
  endfacet
  facet normal 0 0 1
    outer loop
      vertex -2.92443 59.5282 69
      vertex -5.6948 57.8202 69
      vertex -2.85083 58.03 69
    endloop
  endfacet
  facet normal -0 0 1
    outer loop
      vertex -5.84182 59.313 69
      vertex -5.6948 57.8202 69
      vertex -2.92443 59.5282 69
    endloop
  endfacet
  facet normal 0 0 1
    outer loop
      vertex -5.84182 59.313 69
      vertex -8.52504 57.4712 69
      vertex -5.6948 57.8202 69
    endloop
  endfacet
  facet normal -0 0 1
    outer loop
      vertex -8.74514 58.9549 69
      vertex -8.52504 57.4712 69
      vertex -5.84182 59.313 69
    endloop
  endfacet
  facet normal 0 0 1
    outer loop
      vertex -8.74514 58.9549 69
      vertex -11.3347 56.9836 69
      vertex -8.52504 57.4712 69
    endloop
  endfacet
  facet normal -0 0 1
    outer loop
      vertex -11.6274 58.4548 69
      vertex -11.3347 56.9836 69
      vertex -8.74514 58.9549 69
    endloop
  endfacet
  facet normal 0 0 1
    outer loop
      vertex -11.6274 58.4548 69
      vertex -14.1171 56.3588 69
      vertex -11.3347 56.9836 69
    endloop
  endfacet
  facet normal -0 0 1
    outer loop
      vertex -14.4816 57.8139 69
      vertex -14.1171 56.3588 69
      vertex -11.6274 58.4548 69
    endloop
  endfacet
  facet normal 0 0 1
    outer loop
      vertex -14.4816 57.8139 69
      vertex -16.8655 55.5982 69
      vertex -14.1171 56.3588 69
    endloop
  endfacet
  facet normal -0 0 1
    outer loop
      vertex -17.301 57.0336 69
      vertex -16.8655 55.5982 69
      vertex -14.4816 57.8139 69
    endloop
  endfacet
  facet normal 0 0 1
    outer loop
      vertex -17.301 57.0336 69
      vertex -19.5733 54.7037 69
      vertex -16.8655 55.5982 69
    endloop
  endfacet
  facet normal -0 0 1
    outer loop
      vertex -20.0786 56.116 69
      vertex -19.5733 54.7037 69
      vertex -17.301 57.0336 69
    endloop
  endfacet
  facet normal 0 0 1
    outer loop
      vertex -20.0786 56.116 69
      vertex -22.2339 53.6774 69
      vertex -19.5733 54.7037 69
    endloop
  endfacet
  facet normal -0 0 1
    outer loop
      vertex -22.8079 55.0632 69
      vertex -22.2339 53.6774 69
      vertex -20.0786 56.116 69
    endloop
  endfacet
  facet normal 0 0 1
    outer loop
      vertex -22.8079 55.0632 69
      vertex -24.841 52.5218 69
      vertex -22.2339 53.6774 69
    endloop
  endfacet
  facet normal -0 0 1
    outer loop
      vertex -25.4823 53.8778 69
      vertex -24.841 52.5218 69
      vertex -22.8079 55.0632 69
    endloop
  endfacet
  facet normal 0 0 1
    outer loop
      vertex -25.4823 53.8778 69
      vertex -27.3881 51.2396 69
      vertex -24.841 52.5218 69
    endloop
  endfacet
  facet normal -0 0 1
    outer loop
      vertex -28.0952 52.5625 69
      vertex -27.3881 51.2396 69
      vertex -25.4823 53.8778 69
    endloop
  endfacet
  facet normal 0 0 1
    outer loop
      vertex -28.0952 52.5625 69
      vertex -29.8694 49.834 69
      vertex -27.3881 51.2396 69
    endloop
  endfacet
  facet normal -0 0 1
    outer loop
      vertex -30.6405 51.1206 69
      vertex -29.8694 49.834 69
      vertex -28.0952 52.5625 69
    endloop
  endfacet
  facet normal 0 0 1
    outer loop
      vertex -30.6405 51.1206 69
      vertex -32.2786 48.3084 69
      vertex -29.8694 49.834 69
    endloop
  endfacet
  facet normal -0 0 1
    outer loop
      vertex -33.112 49.5556 69
      vertex -32.2786 48.3084 69
      vertex -30.6405 51.1206 69
    endloop
  endfacet
  facet normal 0 0 1
    outer loop
      vertex -33.112 49.5556 69
      vertex -34.6101 46.6664 69
      vertex -32.2786 48.3084 69
    endloop
  endfacet
  facet normal -0 0 1
    outer loop
      vertex -35.5037 47.8712 69
      vertex -34.6101 46.6664 69
      vertex -33.112 49.5556 69
    endloop
  endfacet
  facet normal 0 0 1
    outer loop
      vertex -35.5037 47.8712 69
      vertex -36.8582 44.9119 69
      vertex -34.6101 46.6664 69
    endloop
  endfacet
  facet normal -0 0 1
    outer loop
      vertex -37.8098 46.0714 69
      vertex -36.8582 44.9119 69
      vertex -35.5037 47.8712 69
    endloop
  endfacet
  facet normal 0 0 1
    outer loop
      vertex -37.8098 46.0714 69
      vertex -39.0176 43.0493 69
      vertex -36.8582 44.9119 69
    endloop
  endfacet
  facet normal -0 0 1
    outer loop
      vertex -40.0249 44.1607 69
      vertex -39.0176 43.0493 69
      vertex -37.8098 46.0714 69
    endloop
  endfacet
  facet normal 0 0 1
    outer loop
      vertex -40.0249 44.1607 69
      vertex -41.0829 41.0829 69
      vertex -39.0176 43.0493 69
    endloop
  endfacet
  facet normal -0 0 1
    outer loop
      vertex -42.1436 42.1436 69
      vertex -41.0829 41.0829 69
      vertex -40.0249 44.1607 69
    endloop
  endfacet
  facet normal 0 0 1
    outer loop
      vertex -42.1436 42.1436 69
      vertex -43.0493 39.0176 69
      vertex -41.0829 41.0829 69
    endloop
  endfacet
  facet normal -0 0 1
    outer loop
      vertex -44.1607 40.0249 69
      vertex -43.0493 39.0176 69
      vertex -42.1436 42.1436 69
    endloop
  endfacet
  facet normal 0 0 1
    outer loop
      vertex -44.1607 40.0249 69
      vertex -44.9119 36.8582 69
      vertex -43.0493 39.0176 69
    endloop
  endfacet
  facet normal -0 0 1
    outer loop
      vertex -46.0714 37.8098 69
      vertex -44.9119 36.8582 69
      vertex -44.1607 40.0249 69
    endloop
  endfacet
  facet normal 0 0 1
    outer loop
      vertex -46.0714 37.8098 69
      vertex -46.6664 34.6101 69
      vertex -44.9119 36.8582 69
    endloop
  endfacet
  facet normal -0 0 1
    outer loop
      vertex -47.8712 35.5037 69
      vertex -46.6664 34.6101 69
      vertex -46.0714 37.8098 69
    endloop
  endfacet
  facet normal 0 0 1
    outer loop
      vertex -47.8712 35.5037 69
      vertex -48.3084 32.2786 69
      vertex -46.6664 34.6101 69
    endloop
  endfacet
  facet normal -0 0 1
    outer loop
      vertex -49.5556 33.112 69
      vertex -48.3084 32.2786 69
      vertex -47.8712 35.5037 69
    endloop
  endfacet
  facet normal 0 0 1
    outer loop
      vertex -49.5556 33.112 69
      vertex -49.834 29.8694 69
      vertex -48.3084 32.2786 69
    endloop
  endfacet
  facet normal -0 0 1
    outer loop
      vertex -51.1206 30.6405 69
      vertex -49.834 29.8694 69
      vertex -49.5556 33.112 69
    endloop
  endfacet
  facet normal 0 0 1
    outer loop
      vertex -51.1206 30.6405 69
      vertex -51.2396 27.3881 69
      vertex -49.834 29.8694 69
    endloop
  endfacet
  facet normal -0 0 1
    outer loop
      vertex -52.5625 28.0952 69
      vertex -51.2396 27.3881 69
      vertex -51.1206 30.6405 69
    endloop
  endfacet
  facet normal 0 0 1
    outer loop
      vertex -51.2396 27.3881 69
      vertex -52.5625 28.0952 69
      vertex -52.5218 24.841 69
    endloop
  endfacet
  facet normal -0 0 1
    outer loop
      vertex -53.8778 25.4823 69
      vertex -52.5218 24.841 69
      vertex -52.5625 28.0952 69
    endloop
  endfacet
  facet normal 0 0 1
    outer loop
      vertex -52.5218 24.841 69
      vertex -53.8778 25.4823 69
      vertex -53.6774 22.2339 69
    endloop
  endfacet
  facet normal -0 0 1
    outer loop
      vertex -55.0632 22.8079 69
      vertex -53.6774 22.2339 69
      vertex -53.8778 25.4823 69
    endloop
  endfacet
  facet normal 0 0 1
    outer loop
      vertex -53.6774 22.2339 69
      vertex -55.0632 22.8079 69
      vertex -54.7037 19.5733 69
    endloop
  endfacet
  facet normal -0 0 1
    outer loop
      vertex -56.116 20.0786 69
      vertex -54.7037 19.5733 69
      vertex -55.0632 22.8079 69
    endloop
  endfacet
  facet normal 0 0 1
    outer loop
      vertex -54.7037 19.5733 69
      vertex -56.116 20.0786 69
      vertex -55.5982 16.8655 69
    endloop
  endfacet
  facet normal -0 0 1
    outer loop
      vertex -57.0336 17.301 69
      vertex -55.5982 16.8655 69
      vertex -56.116 20.0786 69
    endloop
  endfacet
  facet normal 0 0 1
    outer loop
      vertex -55.5982 16.8655 69
      vertex -57.0336 17.301 69
      vertex -56.3588 14.1171 69
    endloop
  endfacet
  facet normal -0 0 1
    outer loop
      vertex -57.8139 14.4816 69
      vertex -56.3588 14.1171 69
      vertex -57.0336 17.301 69
    endloop
  endfacet
  facet normal 0 0 1
    outer loop
      vertex -56.3588 14.1171 69
      vertex -57.8139 14.4816 69
      vertex -56.3851 14 69
    endloop
  endfacet
  facet normal 0 0 1
    outer loop
      vertex -56.3851 14 69
      vertex -57.8139 14.4816 69
      vertex -57.922 14 69
    endloop
  endfacet
  facet normal 0 0 1
    outer loop
      vertex 59.313 -5.84182 69
      vertex 57.8202 -5.6948 69
      vertex 58.9549 -8.74514 69
    endloop
  endfacet
  facet normal -0 0 1
    outer loop
      vertex 57.4712 -8.52504 69
      vertex 58.9549 -8.74514 69
      vertex 57.8202 -5.6948 69
    endloop
  endfacet
  facet normal 0 0 1
    outer loop
      vertex 58.9549 -8.74514 69
      vertex 57.4712 -8.52504 69
      vertex 58.4548 -11.6274 69
    endloop
  endfacet
  facet normal -0 0 1
    outer loop
      vertex 56.9836 -11.3347 69
      vertex 58.4548 -11.6274 69
      vertex 57.4712 -8.52504 69
    endloop
  endfacet
  facet normal 0 0 1
    outer loop
      vertex 58.4548 -11.6274 69
      vertex 56.9836 -11.3347 69
      vertex 57.8139 -14.4816 69
    endloop
  endfacet
  facet normal -0 0 1
    outer loop
      vertex 56.3588 -14.1171 69
      vertex 57.8139 -14.4816 69
      vertex 56.9836 -11.3347 69
    endloop
  endfacet
  facet normal 0 0 1
    outer loop
      vertex 57.8139 -14.4816 69
      vertex 56.3588 -14.1171 69
      vertex 57.0336 -17.301 69
    endloop
  endfacet
  facet normal -0 0 1
    outer loop
      vertex 55.5982 -16.8655 69
      vertex 57.0336 -17.301 69
      vertex 56.3588 -14.1171 69
    endloop
  endfacet
  facet normal 0 0 1
    outer loop
      vertex 57.0336 -17.301 69
      vertex 55.5982 -16.8655 69
      vertex 56.116 -20.0786 69
    endloop
  endfacet
  facet normal -0 0 1
    outer loop
      vertex 54.7037 -19.5733 69
      vertex 56.116 -20.0786 69
      vertex 55.5982 -16.8655 69
    endloop
  endfacet
  facet normal 0 0 1
    outer loop
      vertex 56.116 -20.0786 69
      vertex 54.7037 -19.5733 69
      vertex 55.0632 -22.8079 69
    endloop
  endfacet
  facet normal -0 0 1
    outer loop
      vertex 53.6774 -22.2339 69
      vertex 55.0632 -22.8079 69
      vertex 54.7037 -19.5733 69
    endloop
  endfacet
  facet normal 0 0 1
    outer loop
      vertex 55.0632 -22.8079 69
      vertex 53.6774 -22.2339 69
      vertex 53.8778 -25.4823 69
    endloop
  endfacet
  facet normal -0 0 1
    outer loop
      vertex 52.5218 -24.841 69
      vertex 53.8778 -25.4823 69
      vertex 53.6774 -22.2339 69
    endloop
  endfacet
  facet normal 0 0 1
    outer loop
      vertex 53.8778 -25.4823 69
      vertex 52.5218 -24.841 69
      vertex 52.5625 -28.0952 69
    endloop
  endfacet
  facet normal -0 0 1
    outer loop
      vertex 51.2396 -27.3881 69
      vertex 52.5625 -28.0952 69
      vertex 52.5218 -24.841 69
    endloop
  endfacet
  facet normal 0 0 1
    outer loop
      vertex 51.2396 -27.3881 69
      vertex 51.1206 -30.6405 69
      vertex 52.5625 -28.0952 69
    endloop
  endfacet
  facet normal -0 0 1
    outer loop
      vertex 49.834 -29.8694 69
      vertex 51.1206 -30.6405 69
      vertex 51.2396 -27.3881 69
    endloop
  endfacet
  facet normal 0 0 1
    outer loop
      vertex 49.834 -29.8694 69
      vertex 49.5556 -33.112 69
      vertex 51.1206 -30.6405 69
    endloop
  endfacet
  facet normal -0 0 1
    outer loop
      vertex 48.3084 -32.2786 69
      vertex 49.5556 -33.112 69
      vertex 49.834 -29.8694 69
    endloop
  endfacet
  facet normal 0 0 1
    outer loop
      vertex 48.3084 -32.2786 69
      vertex 47.8712 -35.5037 69
      vertex 49.5556 -33.112 69
    endloop
  endfacet
  facet normal -0 0 1
    outer loop
      vertex 46.6664 -34.6101 69
      vertex 47.8712 -35.5037 69
      vertex 48.3084 -32.2786 69
    endloop
  endfacet
  facet normal 0 0 1
    outer loop
      vertex 46.6664 -34.6101 69
      vertex 46.0714 -37.8098 69
      vertex 47.8712 -35.5037 69
    endloop
  endfacet
  facet normal -0 0 1
    outer loop
      vertex 44.9119 -36.8582 69
      vertex 46.0714 -37.8098 69
      vertex 46.6664 -34.6101 69
    endloop
  endfacet
  facet normal 0 0 1
    outer loop
      vertex 44.9119 -36.8582 69
      vertex 44.1607 -40.0249 69
      vertex 46.0714 -37.8098 69
    endloop
  endfacet
  facet normal -0 0 1
    outer loop
      vertex 43.0493 -39.0176 69
      vertex 44.1607 -40.0249 69
      vertex 44.9119 -36.8582 69
    endloop
  endfacet
  facet normal 0 0 1
    outer loop
      vertex 43.0493 -39.0176 69
      vertex 42.1436 -42.1436 69
      vertex 44.1607 -40.0249 69
    endloop
  endfacet
  facet normal -0 0 1
    outer loop
      vertex 41.0829 -41.0829 69
      vertex 42.1436 -42.1436 69
      vertex 43.0493 -39.0176 69
    endloop
  endfacet
  facet normal 0 0 1
    outer loop
      vertex 41.0829 -41.0829 69
      vertex 40.0249 -44.1607 69
      vertex 42.1436 -42.1436 69
    endloop
  endfacet
  facet normal -0 0 1
    outer loop
      vertex 39.0176 -43.0493 69
      vertex 40.0249 -44.1607 69
      vertex 41.0829 -41.0829 69
    endloop
  endfacet
  facet normal 0 0 1
    outer loop
      vertex 39.0176 -43.0493 69
      vertex 37.8098 -46.0714 69
      vertex 40.0249 -44.1607 69
    endloop
  endfacet
  facet normal -0 0 1
    outer loop
      vertex 36.8582 -44.9119 69
      vertex 37.8098 -46.0714 69
      vertex 39.0176 -43.0493 69
    endloop
  endfacet
  facet normal 0 0 1
    outer loop
      vertex 36.8582 -44.9119 69
      vertex 35.5037 -47.8712 69
      vertex 37.8098 -46.0714 69
    endloop
  endfacet
  facet normal -0 0 1
    outer loop
      vertex 34.6101 -46.6664 69
      vertex 35.5037 -47.8712 69
      vertex 36.8582 -44.9119 69
    endloop
  endfacet
  facet normal 0 0 1
    outer loop
      vertex 34.6101 -46.6664 69
      vertex 33.112 -49.5556 69
      vertex 35.5037 -47.8712 69
    endloop
  endfacet
  facet normal -0 0 1
    outer loop
      vertex 32.2786 -48.3084 69
      vertex 33.112 -49.5556 69
      vertex 34.6101 -46.6664 69
    endloop
  endfacet
  facet normal 0 0 1
    outer loop
      vertex 32.2786 -48.3084 69
      vertex 30.6405 -51.1206 69
      vertex 33.112 -49.5556 69
    endloop
  endfacet
  facet normal -0 0 1
    outer loop
      vertex 29.8694 -49.834 69
      vertex 30.6405 -51.1206 69
      vertex 32.2786 -48.3084 69
    endloop
  endfacet
  facet normal 0 0 1
    outer loop
      vertex 29.8694 -49.834 69
      vertex 28.0952 -52.5625 69
      vertex 30.6405 -51.1206 69
    endloop
  endfacet
  facet normal -0 0 1
    outer loop
      vertex 27.3881 -51.2396 69
      vertex 28.0952 -52.5625 69
      vertex 29.8694 -49.834 69
    endloop
  endfacet
  facet normal 0 0 1
    outer loop
      vertex 27.3881 -51.2396 69
      vertex 25.4823 -53.8778 69
      vertex 28.0952 -52.5625 69
    endloop
  endfacet
  facet normal -0 0 1
    outer loop
      vertex 24.841 -52.5218 69
      vertex 25.4823 -53.8778 69
      vertex 27.3881 -51.2396 69
    endloop
  endfacet
  facet normal 0 0 1
    outer loop
      vertex 24.841 -52.5218 69
      vertex 22.8079 -55.0632 69
      vertex 25.4823 -53.8778 69
    endloop
  endfacet
  facet normal -0 0 1
    outer loop
      vertex 22.2339 -53.6774 69
      vertex 22.8079 -55.0632 69
      vertex 24.841 -52.5218 69
    endloop
  endfacet
  facet normal 0 0 1
    outer loop
      vertex 22.2339 -53.6774 69
      vertex 20.0786 -56.116 69
      vertex 22.8079 -55.0632 69
    endloop
  endfacet
  facet normal -0 0 1
    outer loop
      vertex 19.5733 -54.7037 69
      vertex 20.0786 -56.116 69
      vertex 22.2339 -53.6774 69
    endloop
  endfacet
  facet normal 0 0 1
    outer loop
      vertex 19.5733 -54.7037 69
      vertex 17.301 -57.0336 69
      vertex 20.0786 -56.116 69
    endloop
  endfacet
  facet normal -0 0 1
    outer loop
      vertex 16.8655 -55.5982 69
      vertex 17.301 -57.0336 69
      vertex 19.5733 -54.7037 69
    endloop
  endfacet
  facet normal 0 0 1
    outer loop
      vertex 16.8655 -55.5982 69
      vertex 14.4816 -57.8139 69
      vertex 17.301 -57.0336 69
    endloop
  endfacet
  facet normal -0 0 1
    outer loop
      vertex 14.1171 -56.3588 69
      vertex 14.4816 -57.8139 69
      vertex 16.8655 -55.5982 69
    endloop
  endfacet
  facet normal 0 0 1
    outer loop
      vertex 14.1171 -56.3588 69
      vertex 11.6274 -58.4548 69
      vertex 14.4816 -57.8139 69
    endloop
  endfacet
  facet normal -0 0 1
    outer loop
      vertex 11.3347 -56.9836 69
      vertex 11.6274 -58.4548 69
      vertex 14.1171 -56.3588 69
    endloop
  endfacet
  facet normal 0 0 1
    outer loop
      vertex 11.3347 -56.9836 69
      vertex 8.74514 -58.9549 69
      vertex 11.6274 -58.4548 69
    endloop
  endfacet
  facet normal -0 0 1
    outer loop
      vertex 8.52504 -57.4712 69
      vertex 8.74514 -58.9549 69
      vertex 11.3347 -56.9836 69
    endloop
  endfacet
  facet normal 0 0 1
    outer loop
      vertex 8.52504 -57.4712 69
      vertex 5.84182 -59.313 69
      vertex 8.74514 -58.9549 69
    endloop
  endfacet
  facet normal -0 0 1
    outer loop
      vertex 5.6948 -57.8202 69
      vertex 5.84182 -59.313 69
      vertex 8.52504 -57.4712 69
    endloop
  endfacet
  facet normal 0 0 1
    outer loop
      vertex 5.6948 -57.8202 69
      vertex 2.92443 -59.5282 69
      vertex 5.84182 -59.313 69
    endloop
  endfacet
  facet normal -0 0 1
    outer loop
      vertex 2.85083 -58.03 69
      vertex 2.92443 -59.5282 69
      vertex 5.6948 -57.8202 69
    endloop
  endfacet
  facet normal -0 0 1
    outer loop
      vertex 0 -58.1 69
      vertex 2.92443 -59.5282 69
      vertex 2.85083 -58.03 69
    endloop
  endfacet
  facet normal 0 0 1
    outer loop
      vertex 0 -58.1 69
      vertex 0 -59.6 69
      vertex 2.92443 -59.5282 69
    endloop
  endfacet
  facet normal 0 0 1
    outer loop
      vertex -2.85083 -58.03 69
      vertex 0 -59.6 69
      vertex 0 -58.1 69
    endloop
  endfacet
  facet normal 0 0 1
    outer loop
      vertex -2.85083 -58.03 69
      vertex -2.92443 -59.5282 69
      vertex 0 -59.6 69
    endloop
  endfacet
  facet normal 0 0 1
    outer loop
      vertex -5.6948 -57.8202 69
      vertex -2.92443 -59.5282 69
      vertex -2.85083 -58.03 69
    endloop
  endfacet
  facet normal 0 0 1
    outer loop
      vertex -5.6948 -57.8202 69
      vertex -5.84182 -59.313 69
      vertex -2.92443 -59.5282 69
    endloop
  endfacet
  facet normal 0 0 1
    outer loop
      vertex -8.52504 -57.4712 69
      vertex -5.84182 -59.313 69
      vertex -5.6948 -57.8202 69
    endloop
  endfacet
  facet normal 0 0 1
    outer loop
      vertex -8.52504 -57.4712 69
      vertex -8.74514 -58.9549 69
      vertex -5.84182 -59.313 69
    endloop
  endfacet
  facet normal 0 0 1
    outer loop
      vertex -11.3347 -56.9836 69
      vertex -8.74514 -58.9549 69
      vertex -8.52504 -57.4712 69
    endloop
  endfacet
  facet normal 0 0 1
    outer loop
      vertex -11.3347 -56.9836 69
      vertex -11.6274 -58.4548 69
      vertex -8.74514 -58.9549 69
    endloop
  endfacet
  facet normal 0 0 1
    outer loop
      vertex -14.1171 -56.3588 69
      vertex -11.6274 -58.4548 69
      vertex -11.3347 -56.9836 69
    endloop
  endfacet
  facet normal 0 0 1
    outer loop
      vertex -14.1171 -56.3588 69
      vertex -14.4816 -57.8139 69
      vertex -11.6274 -58.4548 69
    endloop
  endfacet
  facet normal 0 0 1
    outer loop
      vertex -16.8655 -55.5982 69
      vertex -14.4816 -57.8139 69
      vertex -14.1171 -56.3588 69
    endloop
  endfacet
  facet normal 0 0 1
    outer loop
      vertex -16.8655 -55.5982 69
      vertex -17.301 -57.0336 69
      vertex -14.4816 -57.8139 69
    endloop
  endfacet
  facet normal 0 0 1
    outer loop
      vertex -19.5733 -54.7037 69
      vertex -17.301 -57.0336 69
      vertex -16.8655 -55.5982 69
    endloop
  endfacet
  facet normal 0 0 1
    outer loop
      vertex -19.5733 -54.7037 69
      vertex -20.0786 -56.116 69
      vertex -17.301 -57.0336 69
    endloop
  endfacet
  facet normal 0 0 1
    outer loop
      vertex -22.2339 -53.6774 69
      vertex -20.0786 -56.116 69
      vertex -19.5733 -54.7037 69
    endloop
  endfacet
  facet normal 0 0 1
    outer loop
      vertex -22.2339 -53.6774 69
      vertex -22.8079 -55.0632 69
      vertex -20.0786 -56.116 69
    endloop
  endfacet
  facet normal 0 0 1
    outer loop
      vertex -24.841 -52.5218 69
      vertex -22.8079 -55.0632 69
      vertex -22.2339 -53.6774 69
    endloop
  endfacet
  facet normal 0 0 1
    outer loop
      vertex -24.841 -52.5218 69
      vertex -25.4823 -53.8778 69
      vertex -22.8079 -55.0632 69
    endloop
  endfacet
  facet normal 0 0 1
    outer loop
      vertex -27.3881 -51.2396 69
      vertex -25.4823 -53.8778 69
      vertex -24.841 -52.5218 69
    endloop
  endfacet
  facet normal 0 0 1
    outer loop
      vertex -27.3881 -51.2396 69
      vertex -28.0952 -52.5625 69
      vertex -25.4823 -53.8778 69
    endloop
  endfacet
  facet normal 0 0 1
    outer loop
      vertex -29.8694 -49.834 69
      vertex -28.0952 -52.5625 69
      vertex -27.3881 -51.2396 69
    endloop
  endfacet
  facet normal 0 0 1
    outer loop
      vertex -29.8694 -49.834 69
      vertex -30.6405 -51.1206 69
      vertex -28.0952 -52.5625 69
    endloop
  endfacet
  facet normal 0 0 1
    outer loop
      vertex -32.2786 -48.3084 69
      vertex -30.6405 -51.1206 69
      vertex -29.8694 -49.834 69
    endloop
  endfacet
  facet normal 0 0 1
    outer loop
      vertex -32.2786 -48.3084 69
      vertex -33.112 -49.5556 69
      vertex -30.6405 -51.1206 69
    endloop
  endfacet
  facet normal 0 0 1
    outer loop
      vertex -34.6101 -46.6664 69
      vertex -33.112 -49.5556 69
      vertex -32.2786 -48.3084 69
    endloop
  endfacet
  facet normal 0 0 1
    outer loop
      vertex -34.6101 -46.6664 69
      vertex -35.5037 -47.8712 69
      vertex -33.112 -49.5556 69
    endloop
  endfacet
  facet normal 0 0 1
    outer loop
      vertex -36.8582 -44.9119 69
      vertex -35.5037 -47.8712 69
      vertex -34.6101 -46.6664 69
    endloop
  endfacet
  facet normal 0 0 1
    outer loop
      vertex -36.8582 -44.9119 69
      vertex -37.8098 -46.0714 69
      vertex -35.5037 -47.8712 69
    endloop
  endfacet
  facet normal 0 0 1
    outer loop
      vertex -39.0176 -43.0493 69
      vertex -37.8098 -46.0714 69
      vertex -36.8582 -44.9119 69
    endloop
  endfacet
  facet normal 0 0 1
    outer loop
      vertex -39.0176 -43.0493 69
      vertex -40.0249 -44.1607 69
      vertex -37.8098 -46.0714 69
    endloop
  endfacet
  facet normal 0 0 1
    outer loop
      vertex -41.0829 -41.0829 69
      vertex -40.0249 -44.1607 69
      vertex -39.0176 -43.0493 69
    endloop
  endfacet
  facet normal 0 0 1
    outer loop
      vertex -41.0829 -41.0829 69
      vertex -42.1436 -42.1436 69
      vertex -40.0249 -44.1607 69
    endloop
  endfacet
  facet normal 0 0 1
    outer loop
      vertex -43.0493 -39.0176 69
      vertex -42.1436 -42.1436 69
      vertex -41.0829 -41.0829 69
    endloop
  endfacet
  facet normal 0 0 1
    outer loop
      vertex -43.0493 -39.0176 69
      vertex -44.1607 -40.0249 69
      vertex -42.1436 -42.1436 69
    endloop
  endfacet
  facet normal 0 0 1
    outer loop
      vertex -44.9119 -36.8582 69
      vertex -44.1607 -40.0249 69
      vertex -43.0493 -39.0176 69
    endloop
  endfacet
  facet normal 0 0 1
    outer loop
      vertex -44.9119 -36.8582 69
      vertex -46.0714 -37.8098 69
      vertex -44.1607 -40.0249 69
    endloop
  endfacet
  facet normal 0 0 1
    outer loop
      vertex -46.6664 -34.6101 69
      vertex -46.0714 -37.8098 69
      vertex -44.9119 -36.8582 69
    endloop
  endfacet
  facet normal 0 0 1
    outer loop
      vertex -46.6664 -34.6101 69
      vertex -47.8712 -35.5037 69
      vertex -46.0714 -37.8098 69
    endloop
  endfacet
  facet normal 0 0 1
    outer loop
      vertex -48.3084 -32.2786 69
      vertex -47.8712 -35.5037 69
      vertex -46.6664 -34.6101 69
    endloop
  endfacet
  facet normal 0 0 1
    outer loop
      vertex -48.3084 -32.2786 69
      vertex -49.5556 -33.112 69
      vertex -47.8712 -35.5037 69
    endloop
  endfacet
  facet normal 0 0 1
    outer loop
      vertex -49.834 -29.8694 69
      vertex -49.5556 -33.112 69
      vertex -48.3084 -32.2786 69
    endloop
  endfacet
  facet normal 0 0 1
    outer loop
      vertex -49.834 -29.8694 69
      vertex -51.1206 -30.6405 69
      vertex -49.5556 -33.112 69
    endloop
  endfacet
  facet normal 0 0 1
    outer loop
      vertex -51.2396 -27.3881 69
      vertex -51.1206 -30.6405 69
      vertex -49.834 -29.8694 69
    endloop
  endfacet
  facet normal 0 0 1
    outer loop
      vertex -52.5625 -28.0952 69
      vertex -51.2396 -27.3881 69
      vertex -52.5218 -24.841 69
    endloop
  endfacet
  facet normal 0 0 1
    outer loop
      vertex -51.2396 -27.3881 69
      vertex -52.5625 -28.0952 69
      vertex -51.1206 -30.6405 69
    endloop
  endfacet
  facet normal 0 0 1
    outer loop
      vertex -53.8778 -25.4823 69
      vertex -52.5218 -24.841 69
      vertex -53.6774 -22.2339 69
    endloop
  endfacet
  facet normal 0 0 1
    outer loop
      vertex -52.5218 -24.841 69
      vertex -53.8778 -25.4823 69
      vertex -52.5625 -28.0952 69
    endloop
  endfacet
  facet normal 0 0 1
    outer loop
      vertex -55.0632 -22.8079 69
      vertex -53.6774 -22.2339 69
      vertex -54.7037 -19.5733 69
    endloop
  endfacet
  facet normal 0 0 1
    outer loop
      vertex -53.6774 -22.2339 69
      vertex -55.0632 -22.8079 69
      vertex -53.8778 -25.4823 69
    endloop
  endfacet
  facet normal 0 0 1
    outer loop
      vertex -56.116 -20.0786 69
      vertex -54.7037 -19.5733 69
      vertex -55.5982 -16.8655 69
    endloop
  endfacet
  facet normal 0 0 1
    outer loop
      vertex -54.7037 -19.5733 69
      vertex -56.116 -20.0786 69
      vertex -55.0632 -22.8079 69
    endloop
  endfacet
  facet normal 0 0 1
    outer loop
      vertex -57.0336 -17.301 69
      vertex -55.5982 -16.8655 69
      vertex -56.3588 -14.1171 69
    endloop
  endfacet
  facet normal 0 0 1
    outer loop
      vertex -57.8139 -14.4816 69
      vertex -56.3588 -14.1171 69
      vertex -56.3851 -14 69
    endloop
  endfacet
  facet normal 0 0 1
    outer loop
      vertex -55.5982 -16.8655 69
      vertex -57.0336 -17.301 69
      vertex -56.116 -20.0786 69
    endloop
  endfacet
  facet normal 0 0 1
    outer loop
      vertex -56.3588 -14.1171 69
      vertex -57.8139 -14.4816 69
      vertex -57.0336 -17.301 69
    endloop
  endfacet
  facet normal 0 -0 1
    outer loop
      vertex -57.8139 -14.4816 69
      vertex -56.3851 -14 69
      vertex -57.922 -14 69
    endloop
  endfacet
  facet normal 0.170955 0.985279 -0
    outer loop
      vertex 11.6274 58.4548 64.1
      vertex 8.74514 58.9549 69
      vertex 11.6274 58.4548 69
    endloop
  endfacet
  facet normal 0.170955 0.985279 0
    outer loop
      vertex 8.74514 58.9549 69
      vertex 11.6274 58.4548 64.1
      vertex 8.74514 58.9549 64.1
    endloop
  endfacet
  facet normal 0.359893 0.932994 -0
    outer loop
      vertex 22.8079 55.0632 64.1
      vertex 20.0786 56.116 69
      vertex 22.8079 55.0632 69
    endloop
  endfacet
  facet normal 0.359893 0.932994 0
    outer loop
      vertex 20.0786 56.116 69
      vertex 22.8079 55.0632 64.1
      vertex 20.0786 56.116 64.1
    endloop
  endfacet
  facet normal 0.405218 -0.91422 0
    outer loop
      vertex 22.8079 -55.0632 64.1
      vertex 25.4823 -53.8778 69
      vertex 22.8079 -55.0632 69
    endloop
  endfacet
  facet normal 0.405218 -0.91422 0
    outer loop
      vertex 25.4823 -53.8778 69
      vertex 22.8079 -55.0632 64.1
      vertex 25.4823 -53.8778 64.1
    endloop
  endfacet
  facet normal -0.893214 -0.449632 0
    outer loop
      vertex -52.5625 -28.0952 64.1
      vertex -53.8778 -25.4823 69
      vertex -53.8778 -25.4823 64.1
    endloop
  endfacet
  facet normal -0.893214 -0.449632 0
    outer loop
      vertex -53.8778 -25.4823 69
      vertex -52.5625 -28.0952 64.1
      vertex -52.5625 -28.0952 69
    endloop
  endfacet
  facet normal -0.985279 -0.170955 0
    outer loop
      vertex -58.4548 -11.6274 64.1
      vertex -58.9549 -8.74514 66
      vertex -58.9549 -8.74514 64.1
    endloop
  endfacet
  facet normal -0.985279 -0.170955 0
    outer loop
      vertex -58.9549 -8.74514 66
      vertex -58.4548 -11.6274 64.1
      vertex -58.4548 -11.6274 66
    endloop
  endfacet
  facet normal -0.449632 -0.893214 0
    outer loop
      vertex -28.0952 -52.5625 64.1
      vertex -25.4823 -53.8778 69
      vertex -28.0952 -52.5625 69
    endloop
  endfacet
  facet normal -0.449632 -0.893214 -0
    outer loop
      vertex -25.4823 -53.8778 69
      vertex -28.0952 -52.5625 64.1
      vertex -25.4823 -53.8778 64.1
    endloop
  endfacet
  facet normal -0.689528 -0.724259 0
    outer loop
      vertex -42.1436 -42.1436 64.1
      vertex -40.0249 -44.1607 69
      vertex -42.1436 -42.1436 69
    endloop
  endfacet
  facet normal -0.689528 -0.724259 -0
    outer loop
      vertex -40.0249 -44.1607 69
      vertex -42.1436 -42.1436 64.1
      vertex -40.0249 -44.1607 64.1
    endloop
  endfacet
  facet normal -0.615253 -0.78833 0
    outer loop
      vertex -37.8098 -46.0714 64.1
      vertex -35.5037 -47.8712 69
      vertex -37.8098 -46.0714 69
    endloop
  endfacet
  facet normal -0.615253 -0.78833 -0
    outer loop
      vertex -35.5037 -47.8712 69
      vertex -37.8098 -46.0714 64.1
      vertex -35.5037 -47.8712 64.1
    endloop
  endfacet
  facet normal -0.359893 -0.932994 0
    outer loop
      vertex -22.8079 -55.0632 64.1
      vertex -20.0786 -56.116 69
      vertex -22.8079 -55.0632 69
    endloop
  endfacet
  facet normal -0.359893 -0.932994 -0
    outer loop
      vertex -20.0786 -56.116 69
      vertex -22.8079 -55.0632 64.1
      vertex -20.0786 -56.116 64.1
    endloop
  endfacet
  facet normal -0.266734 -0.96377 0
    outer loop
      vertex -17.301 -57.0336 64.1
      vertex -14.4816 -57.8139 69
      vertex -17.301 -57.0336 69
    endloop
  endfacet
  facet normal -0.266734 -0.96377 -0
    outer loop
      vertex -14.4816 -57.8139 69
      vertex -17.301 -57.0336 64.1
      vertex -14.4816 -57.8139 64.1
    endloop
  endfacet
  facet normal -0.170955 -0.985279 0
    outer loop
      vertex -11.6274 -58.4548 64.1
      vertex -8.74514 -58.9549 69
      vertex -11.6274 -58.4548 69
    endloop
  endfacet
  facet normal -0.170955 -0.985279 -0
    outer loop
      vertex -8.74514 -58.9549 69
      vertex -11.6274 -58.4548 64.1
      vertex -8.74514 -58.9549 64.1
    endloop
  endfacet
  facet normal 0.992479 0.122414 0
    outer loop
      vertex 59.313 5.84182 69
      vertex 58.9549 8.74514 64.1
      vertex 58.9549 8.74514 69
    endloop
  endfacet
  facet normal 0.992479 0.122414 0
    outer loop
      vertex 58.9549 8.74514 64.1
      vertex 59.313 5.84182 69
      vertex 59.313 5.84182 64.1
    endloop
  endfacet
  facet normal 0.99729 0.0735647 0
    outer loop
      vertex 59.5282 2.92443 69
      vertex 59.313 5.84182 64.1
      vertex 59.313 5.84182 69
    endloop
  endfacet
  facet normal 0.99729 0.0735647 0
    outer loop
      vertex 59.313 5.84182 64.1
      vertex 59.5282 2.92443 69
      vertex 59.5282 2.92443 64.1
    endloop
  endfacet
  facet normal 0.91422 0.405218 0
    outer loop
      vertex 55.0632 22.8079 69
      vertex 53.8778 25.4823 64.1
      vertex 53.8778 25.4823 69
    endloop
  endfacet
  facet normal 0.91422 0.405218 0
    outer loop
      vertex 53.8778 25.4823 64.1
      vertex 55.0632 22.8079 69
      vertex 55.0632 22.8079 64.1
    endloop
  endfacet
  facet normal 0.975704 0.219091 0
    outer loop
      vertex 58.4548 11.6274 69
      vertex 57.8139 14.4816 64.1
      vertex 57.8139 14.4816 69
    endloop
  endfacet
  facet normal 0.975704 0.219091 0
    outer loop
      vertex 57.8139 14.4816 64.1
      vertex 58.4548 11.6274 69
      vertex 58.4548 11.6274 64.1
    endloop
  endfacet
  facet normal 0.449632 0.893214 -0
    outer loop
      vertex 28.0952 52.5625 64.1
      vertex 25.4823 53.8778 69
      vertex 28.0952 52.5625 69
    endloop
  endfacet
  facet normal 0.449632 0.893214 0
    outer loop
      vertex 25.4823 53.8778 69
      vertex 28.0952 52.5625 64.1
      vertex 25.4823 53.8778 64.1
    endloop
  endfacet
  facet normal -0.817589 0.575802 0
    outer loop
      vertex -49.5556 33.112 64.1
      vertex -47.8712 35.5037 69
      vertex -47.8712 35.5037 64.1
    endloop
  endfacet
  facet normal -0.817589 0.575802 0
    outer loop
      vertex -47.8712 35.5037 69
      vertex -49.5556 33.112 64.1
      vertex -49.5556 33.112 69
    endloop
  endfacet
  facet normal -0.724259 0.689528 0
    outer loop
      vertex -44.1607 40.0249 64.1
      vertex -42.1436 42.1436 69
      vertex -42.1436 42.1436 64.1
    endloop
  endfacet
  facet normal -0.724259 0.689528 0
    outer loop
      vertex -42.1436 42.1436 69
      vertex -44.1607 40.0249 64.1
      vertex -44.1607 40.0249 69
    endloop
  endfacet
  facet normal -0.932994 0.359893 0
    outer loop
      vertex -56.116 20.0786 64.1
      vertex -55.0632 22.8079 69
      vertex -55.0632 22.8079 64.1
    endloop
  endfacet
  facet normal -0.932994 0.359893 0
    outer loop
      vertex -55.0632 22.8079 69
      vertex -56.116 20.0786 64.1
      vertex -56.116 20.0786 69
    endloop
  endfacet
  facet normal -0.992479 0.122414 0
    outer loop
      vertex -59.313 5.84182 64.1
      vertex -58.9549 8.74514 66
      vertex -58.9549 8.74514 64.1
    endloop
  endfacet
  facet normal -0.992479 0.122414 0
    outer loop
      vertex -58.9549 8.74514 66
      vertex -59.313 5.84182 64.1
      vertex -59.313 5.84182 66
    endloop
  endfacet
  facet normal -0.985279 0.170955 0
    outer loop
      vertex -58.9549 8.74514 64.1
      vertex -58.4548 11.6274 66
      vertex -58.4548 11.6274 64.1
    endloop
  endfacet
  facet normal -0.985279 0.170955 0
    outer loop
      vertex -58.4548 11.6274 66
      vertex -58.9549 8.74514 64.1
      vertex -58.9549 8.74514 66
    endloop
  endfacet
  facet normal 0.949528 0.313683 0
    outer loop
      vertex 57.0336 17.301 69
      vertex 56.116 20.0786 64.1
      vertex 56.116 20.0786 69
    endloop
  endfacet
  facet normal 0.949528 0.313683 0
    outer loop
      vertex 56.116 20.0786 64.1
      vertex 57.0336 17.301 69
      vertex 57.0336 17.301 64.1
    endloop
  endfacet
  facet normal 0.870086 0.4929 0
    outer loop
      vertex 52.5625 28.0952 69
      vertex 51.1206 30.6405 64.1
      vertex 51.1206 30.6405 69
    endloop
  endfacet
  facet normal 0.870086 0.4929 0
    outer loop
      vertex 51.1206 30.6405 64.1
      vertex 52.5625 28.0952 69
      vertex 52.5625 28.0952 64.1
    endloop
  endfacet
  facet normal 0.985279 0.170955 0
    outer loop
      vertex 58.9549 8.74514 69
      vertex 58.4548 11.6274 64.1
      vertex 58.4548 11.6274 69
    endloop
  endfacet
  facet normal 0.985279 0.170955 0
    outer loop
      vertex 58.4548 11.6274 64.1
      vertex 58.9549 8.74514 69
      vertex 58.9549 8.74514 64.1
    endloop
  endfacet
  facet normal 0.78833 0.615253 0
    outer loop
      vertex 47.8712 35.5037 69
      vertex 46.0714 37.8098 64.1
      vertex 46.0714 37.8098 69
    endloop
  endfacet
  facet normal 0.78833 0.615253 0
    outer loop
      vertex 46.0714 37.8098 64.1
      vertex 47.8712 35.5037 69
      vertex 47.8712 35.5037 64.1
    endloop
  endfacet
  facet normal 0.689528 0.724259 -0
    outer loop
      vertex 42.1436 42.1436 64.1
      vertex 40.0249 44.1607 69
      vertex 42.1436 42.1436 69
    endloop
  endfacet
  facet normal 0.689528 0.724259 0
    outer loop
      vertex 40.0249 44.1607 69
      vertex 42.1436 42.1436 64.1
      vertex 40.0249 44.1607 64.1
    endloop
  endfacet
  facet normal 0.653161 0.757219 -0
    outer loop
      vertex 40.0249 44.1607 64.1
      vertex 37.8098 46.0714 69
      vertex 40.0249 44.1607 69
    endloop
  endfacet
  facet normal 0.653161 0.757219 0
    outer loop
      vertex 37.8098 46.0714 69
      vertex 40.0249 44.1607 64.1
      vertex 37.8098 46.0714 64.1
    endloop
  endfacet
  facet normal 0.615253 0.78833 -0
    outer loop
      vertex 37.8098 46.0714 64.1
      vertex 35.5037 47.8712 69
      vertex 37.8098 46.0714 69
    endloop
  endfacet
  facet normal 0.615253 0.78833 0
    outer loop
      vertex 35.5037 47.8712 69
      vertex 37.8098 46.0714 64.1
      vertex 35.5037 47.8712 64.1
    endloop
  endfacet
  facet normal -0.0245444 0.999699 0
    outer loop
      vertex 0 59.6 64.1
      vertex -2.92443 59.5282 69
      vertex 0 59.6 69
    endloop
  endfacet
  facet normal -0.0245444 0.999699 0
    outer loop
      vertex -2.92443 59.5282 69
      vertex 0 59.6 64.1
      vertex -2.92443 59.5282 64.1
    endloop
  endfacet
  facet normal -0.689528 0.724259 0
    outer loop
      vertex -40.0249 44.1607 64.1
      vertex -42.1436 42.1436 69
      vertex -40.0249 44.1607 69
    endloop
  endfacet
  facet normal -0.689528 0.724259 0
    outer loop
      vertex -42.1436 42.1436 69
      vertex -40.0249 44.1607 64.1
      vertex -42.1436 42.1436 64.1
    endloop
  endfacet
  facet normal -0.78833 0.615253 0
    outer loop
      vertex -47.8712 35.5037 64.1
      vertex -46.0714 37.8098 69
      vertex -46.0714 37.8098 64.1
    endloop
  endfacet
  facet normal -0.78833 0.615253 0
    outer loop
      vertex -46.0714 37.8098 69
      vertex -47.8712 35.5037 64.1
      vertex -47.8712 35.5037 69
    endloop
  endfacet
  facet normal -0.91422 0.405218 0
    outer loop
      vertex -55.0632 22.8079 64.1
      vertex -53.8778 25.4823 69
      vertex -53.8778 25.4823 64.1
    endloop
  endfacet
  facet normal -0.91422 0.405218 0
    outer loop
      vertex -53.8778 25.4823 69
      vertex -55.0632 22.8079 64.1
      vertex -55.0632 22.8079 69
    endloop
  endfacet
  facet normal -0.99729 0.0735647 0
    outer loop
      vertex -59.5282 2.92443 64.1
      vertex -59.313 5.84182 66
      vertex -59.313 5.84182 64.1
    endloop
  endfacet
  facet normal -0.99729 0.0735647 0
    outer loop
      vertex -59.313 5.84182 66
      vertex -59.5282 2.92443 64.1
      vertex -59.5282 2.92443 66
    endloop
  endfacet
  facet normal -0.999699 0.0245444 0
    outer loop
      vertex -59.6 0 64.1
      vertex -59.5282 2.92443 66
      vertex -59.5282 2.92443 64.1
    endloop
  endfacet
  facet normal -0.999699 0.0245444 0
    outer loop
      vertex -59.5282 2.92443 66
      vertex -59.6 0 64.1
      vertex -59.6 0 66
    endloop
  endfacet
  facet normal 0.122414 0.992479 -0
    outer loop
      vertex 8.74514 58.9549 64.1
      vertex 5.84182 59.313 69
      vertex 8.74514 58.9549 69
    endloop
  endfacet
  facet normal 0.122414 0.992479 0
    outer loop
      vertex 5.84182 59.313 69
      vertex 8.74514 58.9549 64.1
      vertex 5.84182 59.313 64.1
    endloop
  endfacet
  facet normal 0.0735647 0.99729 -0
    outer loop
      vertex 5.84182 59.313 64.1
      vertex 2.92443 59.5282 69
      vertex 5.84182 59.313 69
    endloop
  endfacet
  facet normal 0.0735647 0.99729 0
    outer loop
      vertex 2.92443 59.5282 69
      vertex 5.84182 59.313 64.1
      vertex 2.92443 59.5282 64.1
    endloop
  endfacet
  facet normal 0.893214 0.449632 0
    outer loop
      vertex 53.8778 25.4823 69
      vertex 52.5625 28.0952 64.1
      vertex 52.5625 28.0952 69
    endloop
  endfacet
  facet normal 0.893214 0.449632 0
    outer loop
      vertex 52.5625 28.0952 64.1
      vertex 53.8778 25.4823 69
      vertex 53.8778 25.4823 64.1
    endloop
  endfacet
  facet normal 0.932994 0.359893 0
    outer loop
      vertex 56.116 20.0786 69
      vertex 55.0632 22.8079 64.1
      vertex 55.0632 22.8079 69
    endloop
  endfacet
  facet normal 0.932994 0.359893 0
    outer loop
      vertex 55.0632 22.8079 64.1
      vertex 56.116 20.0786 69
      vertex 56.116 20.0786 64.1
    endloop
  endfacet
  facet normal 0.844863 0.534983 0
    outer loop
      vertex 51.1206 30.6405 69
      vertex 49.5556 33.112 64.1
      vertex 49.5556 33.112 69
    endloop
  endfacet
  facet normal 0.844863 0.534983 0
    outer loop
      vertex 49.5556 33.112 64.1
      vertex 51.1206 30.6405 69
      vertex 51.1206 30.6405 64.1
    endloop
  endfacet
  facet normal 0.817589 0.575802 0
    outer loop
      vertex 49.5556 33.112 69
      vertex 47.8712 35.5037 64.1
      vertex 47.8712 35.5037 69
    endloop
  endfacet
  facet normal 0.817589 0.575802 0
    outer loop
      vertex 47.8712 35.5037 64.1
      vertex 49.5556 33.112 69
      vertex 49.5556 33.112 64.1
    endloop
  endfacet
  facet normal 0.534983 0.844863 -0
    outer loop
      vertex 33.112 49.5556 64.1
      vertex 30.6405 51.1206 69
      vertex 33.112 49.5556 69
    endloop
  endfacet
  facet normal 0.534983 0.844863 0
    outer loop
      vertex 30.6405 51.1206 69
      vertex 33.112 49.5556 64.1
      vertex 30.6405 51.1206 64.1
    endloop
  endfacet
  facet normal -0.122272 0.992497 0
    outer loop
      vertex -6.07397 59.2844 67.3839
      vertex -5.84182 59.313 69
      vertex -5.84182 59.313 67.5633
    endloop
  endfacet
  facet normal -0.122414 0.992479 2.07215e-05
    outer loop
      vertex -5.84182 59.313 69
      vertex -6.07397 59.2844 67.3839
      vertex -8.74514 58.9549 69
    endloop
  endfacet
  facet normal -0.122458 0.992474 -5.31119e-05
    outer loop
      vertex -6.24893 59.2628 67.1543
      vertex -8.74514 58.9549 69
      vertex -6.07397 59.2844 67.3839
    endloop
  endfacet
  facet normal -0.123159 0.992386 -0.00101604
    outer loop
      vertex -6.27125 59.26 67.125
      vertex -8.74514 58.9549 69
      vertex -6.24893 59.2628 67.1543
    endloop
  endfacet
  facet normal -0.121858 0.992547 0.000726608
    outer loop
      vertex -6.2853 59.2583 67.0909
      vertex -8.74514 58.9549 69
      vertex -6.27125 59.26 67.125
    endloop
  endfacet
  facet normal -0.122494 0.992469 -0.000105185
    outer loop
      vertex -6.39526 59.2447 66.8235
      vertex -8.74514 58.9549 69
      vertex -6.2853 59.2583 67.0909
    endloop
  endfacet
  facet normal -0.122332 0.992489 7.24735e-05
    outer loop
      vertex -6.43275 59.2401 66.5368
      vertex -8.74514 58.9549 69
      vertex -6.39526 59.2447 66.8235
    endloop
  endfacet
  facet normal -0.122576 0.992459 -0.00015993
    outer loop
      vertex -6.43756 59.2395 66.5
      vertex -8.74514 58.9549 69
      vertex -6.43275 59.2401 66.5368
    endloop
  endfacet
  facet normal -0.12257 0.99246 0.000160727
    outer loop
      vertex -8.74514 58.9549 64.1
      vertex -6.43756 59.2395 66.5
      vertex -6.43275 59.2401 66.4632
    endloop
  endfacet
  facet normal -0.122335 0.992489 -7.2835e-05
    outer loop
      vertex -8.74514 58.9549 64.1
      vertex -6.43275 59.2401 66.4632
      vertex -6.39526 59.2447 66.1765
    endloop
  endfacet
  facet normal -0.122491 0.99247 0.000106535
    outer loop
      vertex -8.74514 58.9549 64.1
      vertex -6.39526 59.2447 66.1765
      vertex -6.2853 59.2583 65.9091
    endloop
  endfacet
  facet normal -0.121881 0.992545 -0.000735947
    outer loop
      vertex -8.74514 58.9549 64.1
      vertex -6.2853 59.2583 65.9091
      vertex -6.27125 59.26 65.875
    endloop
  endfacet
  facet normal -0.123133 0.99239 0.00103627
    outer loop
      vertex -8.74514 58.9549 64.1
      vertex -6.27125 59.26 65.875
      vertex -6.24893 59.2628 65.8457
    endloop
  endfacet
  facet normal -0.122457 0.992474 5.41696e-05
    outer loop
      vertex -8.74514 58.9549 64.1
      vertex -6.24893 59.2628 65.8457
      vertex -6.07397 59.2844 65.6161
    endloop
  endfacet
  facet normal -0.122272 0.992497 0
    outer loop
      vertex -5.84182 59.313 64.1
      vertex -6.07397 59.2844 65.6161
      vertex -5.84182 59.313 65.4367
    endloop
  endfacet
  facet normal -0.122414 0.992479 -2.20882e-05
    outer loop
      vertex -8.74514 58.9549 64.1
      vertex -6.07397 59.2844 65.6161
      vertex -5.84182 59.313 64.1
    endloop
  endfacet
  facet normal -0.122405 0.99248 0
    outer loop
      vertex -6.43756 59.2395 66.5
      vertex -8.74514 58.9549 64.1
      vertex -8.74514 58.9549 69
    endloop
  endfacet
  facet normal -0.653161 0.757219 0
    outer loop
      vertex -37.8098 46.0714 64.1
      vertex -40.0249 44.1607 69
      vertex -37.8098 46.0714 69
    endloop
  endfacet
  facet normal -0.653161 0.757219 0
    outer loop
      vertex -40.0249 44.1607 69
      vertex -37.8098 46.0714 64.1
      vertex -40.0249 44.1607 64.1
    endloop
  endfacet
  facet normal -0.359893 0.932994 0
    outer loop
      vertex -20.0786 56.116 64.1
      vertex -22.8079 55.0632 69
      vertex -20.0786 56.116 69
    endloop
  endfacet
  facet normal -0.359893 0.932994 0
    outer loop
      vertex -22.8079 55.0632 69
      vertex -20.0786 56.116 64.1
      vertex -22.8079 55.0632 64.1
    endloop
  endfacet
  facet normal -0.313683 0.949528 0
    outer loop
      vertex -17.301 57.0336 64.1
      vertex -20.0786 56.116 69
      vertex -17.301 57.0336 69
    endloop
  endfacet
  facet normal -0.313683 0.949528 0
    outer loop
      vertex -20.0786 56.116 69
      vertex -17.301 57.0336 64.1
      vertex -20.0786 56.116 64.1
    endloop
  endfacet
  facet normal -0.219091 0.975704 0
    outer loop
      vertex -11.6274 58.4548 64.1
      vertex -14.4816 57.8139 69
      vertex -11.6274 58.4548 69
    endloop
  endfacet
  facet normal -0.219091 0.975704 0
    outer loop
      vertex -14.4816 57.8139 69
      vertex -11.6274 58.4548 64.1
      vertex -14.4816 57.8139 64.1
    endloop
  endfacet
  facet normal -0.266734 0.96377 0
    outer loop
      vertex -14.4816 57.8139 64.1
      vertex -17.301 57.0336 69
      vertex -14.4816 57.8139 69
    endloop
  endfacet
  facet normal -0.266734 0.96377 0
    outer loop
      vertex -17.301 57.0336 69
      vertex -14.4816 57.8139 64.1
      vertex -17.301 57.0336 64.1
    endloop
  endfacet
  facet normal -0.893214 0.449632 0
    outer loop
      vertex -53.8778 25.4823 64.1
      vertex -52.5625 28.0952 69
      vertex -52.5625 28.0952 64.1
    endloop
  endfacet
  facet normal -0.893214 0.449632 0
    outer loop
      vertex -52.5625 28.0952 69
      vertex -53.8778 25.4823 64.1
      vertex -53.8778 25.4823 69
    endloop
  endfacet
  facet normal -0.844863 0.534983 0
    outer loop
      vertex -51.1206 30.6405 64.1
      vertex -49.5556 33.112 69
      vertex -49.5556 33.112 64.1
    endloop
  endfacet
  facet normal -0.844863 0.534983 0
    outer loop
      vertex -49.5556 33.112 69
      vertex -51.1206 30.6405 64.1
      vertex -51.1206 30.6405 69
    endloop
  endfacet
  facet normal -0.870086 0.4929 0
    outer loop
      vertex -52.5625 28.0952 64.1
      vertex -51.1206 30.6405 69
      vertex -51.1206 30.6405 64.1
    endloop
  endfacet
  facet normal -0.870086 0.4929 0
    outer loop
      vertex -51.1206 30.6405 69
      vertex -52.5625 28.0952 64.1
      vertex -52.5625 28.0952 69
    endloop
  endfacet
  facet normal -0.757219 0.653161 0
    outer loop
      vertex -46.0714 37.8098 64.1
      vertex -44.1607 40.0249 69
      vertex -44.1607 40.0249 64.1
    endloop
  endfacet
  facet normal -0.757219 0.653161 0
    outer loop
      vertex -44.1607 40.0249 69
      vertex -46.0714 37.8098 64.1
      vertex -46.0714 37.8098 69
    endloop
  endfacet
  facet normal -0.949528 0.313683 0
    outer loop
      vertex -57.0336 17.301 64.1
      vertex -56.116 20.0786 69
      vertex -56.116 20.0786 64.1
    endloop
  endfacet
  facet normal -0.949528 0.313683 0
    outer loop
      vertex -56.116 20.0786 69
      vertex -57.0336 17.301 64.1
      vertex -57.0336 17.301 69
    endloop
  endfacet
  facet normal 0.266734 0.96377 -0
    outer loop
      vertex 17.301 57.0336 64.1
      vertex 14.4816 57.8139 69
      vertex 17.301 57.0336 69
    endloop
  endfacet
  facet normal 0.266734 0.96377 0
    outer loop
      vertex 14.4816 57.8139 69
      vertex 17.301 57.0336 64.1
      vertex 14.4816 57.8139 64.1
    endloop
  endfacet
  facet normal 0.219091 0.975704 -0
    outer loop
      vertex 14.4816 57.8139 64.1
      vertex 11.6274 58.4548 69
      vertex 14.4816 57.8139 69
    endloop
  endfacet
  facet normal 0.219091 0.975704 0
    outer loop
      vertex 11.6274 58.4548 69
      vertex 14.4816 57.8139 64.1
      vertex 11.6274 58.4548 64.1
    endloop
  endfacet
  facet normal 0.4929 0.870086 -0
    outer loop
      vertex 30.6405 51.1206 64.1
      vertex 28.0952 52.5625 69
      vertex 30.6405 51.1206 69
    endloop
  endfacet
  facet normal 0.4929 0.870086 0
    outer loop
      vertex 28.0952 52.5625 69
      vertex 30.6405 51.1206 64.1
      vertex 28.0952 52.5625 64.1
    endloop
  endfacet
  facet normal -0.0735647 0.99729 -2.52815e-05
    outer loop
      vertex -4.87072 59.3846 67.7074
      vertex -5.84182 59.313 69
      vertex -2.92443 59.5282 69
    endloop
  endfacet
  facet normal -0.07418 0.997245 -0.0003452
    outer loop
      vertex -5.84182 59.313 69
      vertex -5.15708 59.3635 67.7452
      vertex -5.1934 59.3608 67.75
    endloop
  endfacet
  facet normal -0.0734791 0.997297 3.93785e-05
    outer loop
      vertex -5.84182 59.313 69
      vertex -4.87072 59.3846 67.7074
      vertex -5.15708 59.3635 67.7452
    endloop
  endfacet
  facet normal -0.0736127 0.997287 4.73425e-05
    outer loop
      vertex -2.92443 59.5282 69
      vertex -4.57004 59.4068 67.5825
      vertex -4.87072 59.3846 67.7074
    endloop
  endfacet
  facet normal -0.0736763 0.997282 0.00012157
    outer loop
      vertex -2.92443 59.5282 69
      vertex -4.31183 59.4259 67.3839
      vertex -4.57004 59.4068 67.5825
    endloop
  endfacet
  facet normal -0.0735139 0.997294 -1.85823e-05
    outer loop
      vertex -2.92443 59.5282 69
      vertex -4.1137 59.4405 67.125
      vertex -4.31183 59.4259 67.3839
    endloop
  endfacet
  facet normal -0.0722046 0.997389 -0.000853488
    outer loop
      vertex -2.92443 59.5282 69
      vertex -4.09948 59.4415 67.0906
      vertex -4.1137 59.4405 67.125
    endloop
  endfacet
  facet normal -0.0737985 0.997273 0.000132709
    outer loop
      vertex -2.92443 59.5282 69
      vertex -3.98915 59.4497 66.8235
      vertex -4.09948 59.4415 67.0906
    endloop
  endfacet
  facet normal -0.0731177 0.997323 -0.000202149
    outer loop
      vertex -2.92443 59.5282 69
      vertex -3.95153 59.4524 66.537
      vertex -3.98915 59.4497 66.8235
    endloop
  endfacet
  facet normal -0.07562 0.997136 0.000847068
    outer loop
      vertex -2.92443 59.5282 69
      vertex -3.94667 59.4528 66.5
      vertex -3.95153 59.4524 66.537
    endloop
  endfacet
  facet normal -0.0735598 0.997291 0
    outer loop
      vertex -2.92443 59.5282 64.1
      vertex -3.94667 59.4528 66.5
      vertex -2.92443 59.5282 69
    endloop
  endfacet
  facet normal -0.075557 0.997141 -0.000855391
    outer loop
      vertex -3.94667 59.4528 66.5
      vertex -2.92443 59.5282 64.1
      vertex -3.95153 59.4524 66.463
    endloop
  endfacet
  facet normal -0.0737917 0.997274 -0.000135561
    outer loop
      vertex -2.92443 59.5282 64.1
      vertex -4.09948 59.4415 65.9094
      vertex -3.98915 59.4497 66.1765
    endloop
  endfacet
  facet normal -0.0734786 0.997297 -4.3078e-05
    outer loop
      vertex -4.87072 59.3846 65.2926
      vertex -5.84182 59.313 64.1
      vertex -5.15708 59.3635 65.2548
    endloop
  endfacet
  facet normal -0.0735647 0.99729 2.74014e-05
    outer loop
      vertex -5.84182 59.313 64.1
      vertex -4.87072 59.3846 65.2926
      vertex -2.92443 59.5282 64.1
    endloop
  endfacet
  facet normal -0.0736117 0.997287 -4.97083e-05
    outer loop
      vertex -4.57004 59.4068 65.4175
      vertex -2.92443 59.5282 64.1
      vertex -4.87072 59.3846 65.2926
    endloop
  endfacet
  facet normal -0.0736727 0.997282 -0.000126276
    outer loop
      vertex -4.31183 59.4259 65.6161
      vertex -2.92443 59.5282 64.1
      vertex -4.57004 59.4068 65.4175
    endloop
  endfacet
  facet normal -0.0735146 0.997294 1.91405e-05
    outer loop
      vertex -4.1137 59.4405 65.875
      vertex -2.92443 59.5282 64.1
      vertex -4.31183 59.4259 65.6161
    endloop
  endfacet
  facet normal -0.0722488 0.997386 0.000871831
    outer loop
      vertex -4.09948 59.4415 65.9094
      vertex -2.92443 59.5282 64.1
      vertex -4.1137 59.4405 65.875
    endloop
  endfacet
  facet normal -0.0731328 0.997322 0.000204134
    outer loop
      vertex -3.95153 59.4524 66.463
      vertex -2.92443 59.5282 64.1
      vertex -3.98915 59.4497 66.1765
    endloop
  endfacet
  facet normal -0.0734482 0.997299 3.64715e-05
    outer loop
      vertex -5.47992 59.3397 67.7122
      vertex -5.84182 59.313 69
      vertex -5.1934 59.3608 67.75
    endloop
  endfacet
  facet normal -0.0744291 0.997226 -0.000240677
    outer loop
      vertex -5.51608 59.337 67.7074
      vertex -5.84182 59.313 69
      vertex -5.47992 59.3397 67.7122
    endloop
  endfacet
  facet normal -0.0713445 0.997452 0.000540836
    outer loop
      vertex -5.54974 59.3346 67.6934
      vertex -5.84182 59.313 69
      vertex -5.51608 59.337 67.7074
    endloop
  endfacet
  facet normal -0.073592 0.997288 3.57191e-05
    outer loop
      vertex -5.81676 59.3149 67.5825
      vertex -5.84182 59.313 69
      vertex -5.54974 59.3346 67.6934
    endloop
  endfacet
  facet normal -0.0756011 0.997138 0
    outer loop
      vertex -5.84182 59.313 69
      vertex -5.81676 59.3149 67.5825
      vertex -5.84182 59.313 67.5633
    endloop
  endfacet
  facet normal -0.0741843 0.997244 0.000377634
    outer loop
      vertex -5.15708 59.3635 65.2548
      vertex -5.84182 59.313 64.1
      vertex -5.1934 59.3608 65.25
    endloop
  endfacet
  facet normal -0.0734486 0.997299 -3.94234e-05
    outer loop
      vertex -5.1934 59.3608 65.25
      vertex -5.84182 59.313 64.1
      vertex -5.47992 59.3397 65.2878
    endloop
  endfacet
  facet normal -0.0744265 0.997226 0.000260152
    outer loop
      vertex -5.47992 59.3397 65.2878
      vertex -5.84182 59.313 64.1
      vertex -5.51608 59.337 65.2926
    endloop
  endfacet
  facet normal -0.0713613 0.99745 -0.000581558
    outer loop
      vertex -5.51608 59.337 65.2926
      vertex -5.84182 59.313 64.1
      vertex -5.54974 59.3346 65.3066
    endloop
  endfacet
  facet normal -0.0756011 0.997138 0
    outer loop
      vertex -5.81676 59.3149 65.4175
      vertex -5.84182 59.313 64.1
      vertex -5.84182 59.313 65.4367
    endloop
  endfacet
  facet normal -0.0735931 0.997288 -3.8409e-05
    outer loop
      vertex -5.54974 59.3346 65.3066
      vertex -5.84182 59.313 64.1
      vertex -5.81676 59.3149 65.4175
    endloop
  endfacet
  facet normal -0.534983 0.844863 0
    outer loop
      vertex -30.6405 51.1206 64.1
      vertex -33.112 49.5556 69
      vertex -30.6405 51.1206 69
    endloop
  endfacet
  facet normal -0.534983 0.844863 0
    outer loop
      vertex -33.112 49.5556 69
      vertex -30.6405 51.1206 64.1
      vertex -33.112 49.5556 64.1
    endloop
  endfacet
  facet normal -0.405218 0.91422 0
    outer loop
      vertex -22.8079 55.0632 64.1
      vertex -25.4823 53.8778 69
      vertex -22.8079 55.0632 69
    endloop
  endfacet
  facet normal -0.405218 0.91422 0
    outer loop
      vertex -25.4823 53.8778 69
      vertex -22.8079 55.0632 64.1
      vertex -25.4823 53.8778 64.1
    endloop
  endfacet
  facet normal -0.170955 0.985279 0
    outer loop
      vertex -8.74514 58.9549 64.1
      vertex -11.6274 58.4548 69
      vertex -8.74514 58.9549 69
    endloop
  endfacet
  facet normal -0.170955 0.985279 0
    outer loop
      vertex -11.6274 58.4548 69
      vertex -8.74514 58.9549 64.1
      vertex -11.6274 58.4548 64.1
    endloop
  endfacet
  facet normal -0.96377 0.266734 0
    outer loop
      vertex -57.8139 14.4816 64.1
      vertex -57.0336 17.301 69
      vertex -57.0336 17.301 64.1
    endloop
  endfacet
  facet normal -0.96377 0.266734 0
    outer loop
      vertex -57.0336 17.301 69
      vertex -57.8139 14.4816 64.1
      vertex -57.8139 14.4816 69
    endloop
  endfacet
  facet normal -0.975722 0.219011 0
    outer loop
      vertex -57.8139 14.4816 64.1
      vertex -57.922 14 66
      vertex -57.8139 14.4816 69
    endloop
  endfacet
  facet normal -0.975704 0.219091 2.13062e-05
    outer loop
      vertex -58.4548 11.6274 64.1
      vertex -57.922 14 66
      vertex -57.8139 14.4816 64.1
    endloop
  endfacet
  facet normal -0.975701 0.219107 0
    outer loop
      vertex -57.922 14 66
      vertex -58.4548 11.6274 64.1
      vertex -58.4548 11.6274 66
    endloop
  endfacet
  facet normal -0.975722 0.219011 0
    outer loop
      vertex -57.8139 14.4816 69
      vertex -57.922 14 66
      vertex -57.922 14 69
    endloop
  endfacet
  facet normal -0.575802 0.817589 0
    outer loop
      vertex -33.112 49.5556 64.1
      vertex -35.5037 47.8712 69
      vertex -33.112 49.5556 69
    endloop
  endfacet
  facet normal -0.575802 0.817589 0
    outer loop
      vertex -35.5037 47.8712 69
      vertex -33.112 49.5556 64.1
      vertex -35.5037 47.8712 64.1
    endloop
  endfacet
  facet normal -0.615253 0.78833 0
    outer loop
      vertex -35.5037 47.8712 64.1
      vertex -37.8098 46.0714 69
      vertex -35.5037 47.8712 69
    endloop
  endfacet
  facet normal -0.615253 0.78833 0
    outer loop
      vertex -37.8098 46.0714 69
      vertex -35.5037 47.8712 64.1
      vertex -37.8098 46.0714 64.1
    endloop
  endfacet
  facet normal -0.449632 0.893214 0
    outer loop
      vertex -25.4823 53.8778 64.1
      vertex -28.0952 52.5625 69
      vertex -25.4823 53.8778 69
    endloop
  endfacet
  facet normal -0.449632 0.893214 0
    outer loop
      vertex -28.0952 52.5625 69
      vertex -25.4823 53.8778 64.1
      vertex -28.0952 52.5625 64.1
    endloop
  endfacet
  facet normal -0.4929 0.870086 0
    outer loop
      vertex -28.0952 52.5625 64.1
      vertex -30.6405 51.1206 69
      vertex -28.0952 52.5625 69
    endloop
  endfacet
  facet normal -0.4929 0.870086 0
    outer loop
      vertex -30.6405 51.1206 69
      vertex -28.0952 52.5625 64.1
      vertex -30.6405 51.1206 64.1
    endloop
  endfacet
  facet normal -0.914207 0.405247 0
    outer loop
      vertex -58.2044 24.1091 59.9
      vertex -56.9513 26.936 64.1
      vertex -56.9513 26.936 59.9
    endloop
  endfacet
  facet normal -0.914207 0.405247 0
    outer loop
      vertex -56.9513 26.936 64.1
      vertex -58.2044 24.1091 59.9
      vertex -58.2044 24.1091 64.1
    endloop
  endfacet
  facet normal 0.963768 -0.266741 0
    outer loop
      vertex 60.2872 -18.2879 64.1
      vertex 61.112 -15.3078 59.9
      vertex 61.112 -15.3078 64.1
    endloop
  endfacet
  facet normal 0.963768 -0.266741 0
    outer loop
      vertex 61.112 -15.3078 59.9
      vertex 60.2872 -18.2879 64.1
      vertex 60.2872 -18.2879 59.9
    endloop
  endfacet
  facet normal 0.817594 -0.575795 0
    outer loop
      vertex 50.6021 -37.5291 64.1
      vertex 52.3826 -35.0009 59.9
      vertex 52.3826 -35.0009 64.1
    endloop
  endfacet
  facet normal 0.817594 -0.575795 0
    outer loop
      vertex 52.3826 -35.0009 59.9
      vertex 50.6021 -37.5291 64.1
      vertex 50.6021 -37.5291 59.9
    endloop
  endfacet
  facet normal 0.535001 -0.844851 0
    outer loop
      vertex 32.3885 -54.0369 59.9
      vertex 35.0009 -52.3826 64.1
      vertex 32.3885 -54.0369 64.1
    endloop
  endfacet
  facet normal 0.535001 -0.844851 0
    outer loop
      vertex 35.0009 -52.3826 64.1
      vertex 32.3885 -54.0369 59.9
      vertex 35.0009 -52.3826 59.9
    endloop
  endfacet
  facet normal 0.0735722 -0.99729 0
    outer loop
      vertex 3.09126 -62.9241 59.9
      vertex 6.17508 -62.6966 64.1
      vertex 3.09126 -62.9241 64.1
    endloop
  endfacet
  facet normal 0.0735722 -0.99729 0
    outer loop
      vertex 6.17508 -62.6966 64.1
      vertex 3.09126 -62.9241 59.9
      vertex 6.17508 -62.6966 59.9
    endloop
  endfacet
  facet normal -0.99729 -0.0735722 0
    outer loop
      vertex -62.6966 -6.17508 59.9
      vertex -62.9241 -3.09126 64.1
      vertex -62.9241 -3.09126 59.9
    endloop
  endfacet
  facet normal -0.99729 -0.0735722 0
    outer loop
      vertex -62.9241 -3.09126 64.1
      vertex -62.6966 -6.17508 59.9
      vertex -62.6966 -6.17508 64.1
    endloop
  endfacet
  facet normal -0.893221 -0.449618 0
    outer loop
      vertex -55.561 -29.698 59.9
      vertex -56.9513 -26.936 64.1
      vertex -56.9513 -26.936 59.9
    endloop
  endfacet
  facet normal -0.893221 -0.449618 0
    outer loop
      vertex -56.9513 -26.936 64.1
      vertex -55.561 -29.698 59.9
      vertex -55.561 -29.698 64.1
    endloop
  endfacet
  facet normal -0.313656 -0.949537 0
    outer loop
      vertex -21.2241 -59.3173 59.9
      vertex -18.2879 -60.2872 64.1
      vertex -21.2241 -59.3173 64.1
    endloop
  endfacet
  facet normal -0.313656 -0.949537 -0
    outer loop
      vertex -18.2879 -60.2872 64.1
      vertex -21.2241 -59.3173 59.9
      vertex -18.2879 -60.2872 59.9
    endloop
  endfacet
  facet normal -0.575795 -0.817594 0
    outer loop
      vertex -37.5291 -50.6021 59.9
      vertex -35.0009 -52.3826 64.1
      vertex -37.5291 -50.6021 64.1
    endloop
  endfacet
  facet normal -0.575795 -0.817594 -0
    outer loop
      vertex -35.0009 -52.3826 64.1
      vertex -37.5291 -50.6021 59.9
      vertex -35.0009 -52.3826 59.9
    endloop
  endfacet
  facet normal 0.219097 0.975703 -0
    outer loop
      vertex 15.3078 61.112 59.9
      vertex 12.2907 61.7895 64.1
      vertex 15.3078 61.112 64.1
    endloop
  endfacet
  facet normal 0.219097 0.975703 0
    outer loop
      vertex 12.2907 61.7895 64.1
      vertex 15.3078 61.112 59.9
      vertex 12.2907 61.7895 59.9
    endloop
  endfacet
  facet normal 0.65319 0.757194 -0
    outer loop
      vertex 42.3082 46.6799 59.9
      vertex 39.9668 48.6997 64.1
      vertex 42.3082 46.6799 64.1
    endloop
  endfacet
  facet normal 0.65319 0.757194 0
    outer loop
      vertex 39.9668 48.6997 64.1
      vertex 42.3082 46.6799 59.9
      vertex 39.9668 48.6997 59.9
    endloop
  endfacet
  facet normal -0.0735722 0.99729 0
    outer loop
      vertex -3.09126 62.9241 59.9
      vertex -6.17508 62.6966 64.1
      vertex -3.09126 62.9241 64.1
    endloop
  endfacet
  facet normal -0.0735722 0.99729 0
    outer loop
      vertex -6.17508 62.6966 64.1
      vertex -3.09126 62.9241 59.9
      vertex -6.17508 62.6966 59.9
    endloop
  endfacet
  facet normal -0.575795 0.817594 0
    outer loop
      vertex -35.0009 52.3826 59.9
      vertex -37.5291 50.6021 64.1
      vertex -35.0009 52.3826 64.1
    endloop
  endfacet
  facet normal -0.575795 0.817594 0
    outer loop
      vertex -37.5291 50.6021 64.1
      vertex -35.0009 52.3826 59.9
      vertex -37.5291 50.6021 59.9
    endloop
  endfacet
  facet normal 0.870094 -0.492886 0
    outer loop
      vertex 54.0369 -32.3885 64.1
      vertex 55.561 -29.698 59.9
      vertex 55.561 -29.698 64.1
    endloop
  endfacet
  facet normal 0.870094 -0.492886 0
    outer loop
      vertex 55.561 -29.698 59.9
      vertex 54.0369 -32.3885 64.1
      vertex 54.0369 -32.3885 59.9
    endloop
  endfacet
  facet normal 0.844851 -0.535001 0
    outer loop
      vertex 52.3826 -35.0009 64.1
      vertex 54.0369 -32.3885 59.9
      vertex 54.0369 -32.3885 64.1
    endloop
  endfacet
  facet normal 0.844851 -0.535001 0
    outer loop
      vertex 54.0369 -32.3885 59.9
      vertex 52.3826 -35.0009 64.1
      vertex 52.3826 -35.0009 59.9
    endloop
  endfacet
  facet normal 0.219097 -0.975703 0
    outer loop
      vertex 12.2907 -61.7895 59.9
      vertex 15.3078 -61.112 64.1
      vertex 12.2907 -61.7895 64.1
    endloop
  endfacet
  facet normal 0.219097 -0.975703 0
    outer loop
      vertex 15.3078 -61.112 64.1
      vertex 12.2907 -61.7895 59.9
      vertex 15.3078 -61.112 59.9
    endloop
  endfacet
  facet normal 0.615232 -0.788346 0
    outer loop
      vertex 37.5291 -50.6021 59.9
      vertex 39.9668 -48.6997 64.1
      vertex 37.5291 -50.6021 64.1
    endloop
  endfacet
  facet normal 0.615232 -0.788346 0
    outer loop
      vertex 39.9668 -48.6997 64.1
      vertex 37.5291 -50.6021 59.9
      vertex 39.9668 -48.6997 59.9
    endloop
  endfacet
  facet normal 0.122405 -0.99248 0
    outer loop
      vertex 6.17508 -62.6966 59.9
      vertex 9.24402 -62.3181 64.1
      vertex 6.17508 -62.6966 64.1
    endloop
  endfacet
  facet normal 0.122405 -0.99248 0
    outer loop
      vertex 9.24402 -62.3181 64.1
      vertex 6.17508 -62.6966 59.9
      vertex 9.24402 -62.3181 59.9
    endloop
  endfacet
  facet normal -0.975703 -0.219097 0
    outer loop
      vertex -61.112 -15.3078 59.9
      vertex -61.7895 -12.2907 64.1
      vertex -61.7895 -12.2907 59.9
    endloop
  endfacet
  facet normal -0.975703 -0.219097 0
    outer loop
      vertex -61.7895 -12.2907 64.1
      vertex -61.112 -15.3078 59.9
      vertex -61.112 -15.3078 64.1
    endloop
  endfacet
  facet normal -0.99248 -0.122405 0
    outer loop
      vertex -62.3181 -9.24402 59.9
      vertex -62.6966 -6.17508 64.1
      vertex -62.6966 -6.17508 59.9
    endloop
  endfacet
  facet normal -0.99248 -0.122405 0
    outer loop
      vertex -62.6966 -6.17508 64.1
      vertex -62.3181 -9.24402 59.9
      vertex -62.3181 -9.24402 64.1
    endloop
  endfacet
  facet normal -0.757194 -0.65319 0
    outer loop
      vertex -46.6799 -42.3082 59.9
      vertex -48.6997 -39.9668 64.1
      vertex -48.6997 -39.9668 59.9
    endloop
  endfacet
  facet normal -0.757194 -0.65319 0
    outer loop
      vertex -48.6997 -39.9668 64.1
      vertex -46.6799 -42.3082 59.9
      vertex -46.6799 -42.3082 64.1
    endloop
  endfacet
  facet normal -0.870094 -0.492886 0
    outer loop
      vertex -54.0369 -32.3885 59.9
      vertex -55.561 -29.698 64.1
      vertex -55.561 -29.698 59.9
    endloop
  endfacet
  facet normal -0.870094 -0.492886 0
    outer loop
      vertex -55.561 -29.698 64.1
      vertex -54.0369 -32.3885 59.9
      vertex -54.0369 -32.3885 64.1
    endloop
  endfacet
  facet normal -0.0735722 -0.99729 0
    outer loop
      vertex -6.17508 -62.6966 59.9
      vertex -3.09126 -62.9241 64.1
      vertex -6.17508 -62.6966 64.1
    endloop
  endfacet
  facet normal -0.0735722 -0.99729 -0
    outer loop
      vertex -3.09126 -62.9241 64.1
      vertex -6.17508 -62.6966 59.9
      vertex -3.09126 -62.9241 59.9
    endloop
  endfacet
  facet normal -0.266741 -0.963768 0
    outer loop
      vertex -18.2879 -60.2872 59.9
      vertex -15.3078 -61.112 64.1
      vertex -18.2879 -60.2872 64.1
    endloop
  endfacet
  facet normal -0.266741 -0.963768 -0
    outer loop
      vertex -15.3078 -61.112 64.1
      vertex -18.2879 -60.2872 59.9
      vertex -15.3078 -61.112 59.9
    endloop
  endfacet
  facet normal -0.449618 -0.893221 0
    outer loop
      vertex -29.698 -55.561 59.9
      vertex -26.936 -56.9513 64.1
      vertex -29.698 -55.561 64.1
    endloop
  endfacet
  facet normal -0.449618 -0.893221 -0
    outer loop
      vertex -26.936 -56.9513 64.1
      vertex -29.698 -55.561 59.9
      vertex -26.936 -56.9513 59.9
    endloop
  endfacet
  facet normal 0.999699 0.0245457 0
    outer loop
      vertex 63 0 64.1
      vertex 62.9241 3.09126 59.9
      vertex 62.9241 3.09126 64.1
    endloop
  endfacet
  facet normal 0.999699 0.0245457 0
    outer loop
      vertex 62.9241 3.09126 59.9
      vertex 63 0 64.1
      vertex 63 0 59.9
    endloop
  endfacet
  facet normal -0.449618 0.893221 0
    outer loop
      vertex -26.936 56.9513 59.9
      vertex -29.698 55.561 64.1
      vertex -26.936 56.9513 64.1
    endloop
  endfacet
  facet normal -0.449618 0.893221 0
    outer loop
      vertex -29.698 55.561 64.1
      vertex -26.936 56.9513 59.9
      vertex -29.698 55.561 59.9
    endloop
  endfacet
  facet normal -0.65319 0.757194 0
    outer loop
      vertex -39.9668 48.6997 59.9
      vertex -42.3082 46.6799 64.1
      vertex -39.9668 48.6997 64.1
    endloop
  endfacet
  facet normal -0.65319 0.757194 0
    outer loop
      vertex -42.3082 46.6799 64.1
      vertex -39.9668 48.6997 59.9
      vertex -42.3082 46.6799 59.9
    endloop
  endfacet
  facet normal -0.99729 0.0735722 0
    outer loop
      vertex -62.9241 3.09126 59.9
      vertex -62.6966 6.17508 64.1
      vertex -62.6966 6.17508 59.9
    endloop
  endfacet
  facet normal -0.99729 0.0735722 0
    outer loop
      vertex -62.6966 6.17508 64.1
      vertex -62.9241 3.09126 59.9
      vertex -62.9241 3.09126 64.1
    endloop
  endfacet
  facet normal -0.757194 0.65319 0
    outer loop
      vertex -48.6997 39.9668 59.9
      vertex -46.6799 42.3082 64.1
      vertex -46.6799 42.3082 59.9
    endloop
  endfacet
  facet normal -0.757194 0.65319 0
    outer loop
      vertex -46.6799 42.3082 64.1
      vertex -48.6997 39.9668 59.9
      vertex -48.6997 39.9668 64.1
    endloop
  endfacet
  facet normal 0.949537 -0.313656 0
    outer loop
      vertex 59.3173 -21.2241 64.1
      vertex 60.2872 -18.2879 59.9
      vertex 60.2872 -18.2879 64.1
    endloop
  endfacet
  facet normal 0.949537 -0.313656 0
    outer loop
      vertex 60.2872 -18.2879 59.9
      vertex 59.3173 -21.2241 64.1
      vertex 59.3173 -21.2241 59.9
    endloop
  endfacet
  facet normal 0.914207 -0.405247 0
    outer loop
      vertex 56.9513 -26.936 64.1
      vertex 58.2044 -24.1091 59.9
      vertex 58.2044 -24.1091 64.1
    endloop
  endfacet
  facet normal 0.914207 -0.405247 0
    outer loop
      vertex 58.2044 -24.1091 59.9
      vertex 56.9513 -26.936 64.1
      vertex 56.9513 -26.936 59.9
    endloop
  endfacet
  facet normal 0.932989 -0.359904 0
    outer loop
      vertex 58.2044 -24.1091 64.1
      vertex 59.3173 -21.2241 59.9
      vertex 59.3173 -21.2241 64.1
    endloop
  endfacet
  facet normal 0.932989 -0.359904 0
    outer loop
      vertex 59.3173 -21.2241 59.9
      vertex 58.2044 -24.1091 64.1
      vertex 58.2044 -24.1091 59.9
    endloop
  endfacet
  facet normal 0.893221 -0.449618 0
    outer loop
      vertex 55.561 -29.698 64.1
      vertex 56.9513 -26.936 59.9
      vertex 56.9513 -26.936 64.1
    endloop
  endfacet
  facet normal 0.893221 -0.449618 0
    outer loop
      vertex 56.9513 -26.936 59.9
      vertex 55.561 -29.698 64.1
      vertex 55.561 -29.698 59.9
    endloop
  endfacet
  facet normal 0.788346 -0.615232 0
    outer loop
      vertex 48.6997 -39.9668 64.1
      vertex 50.6021 -37.5291 59.9
      vertex 50.6021 -37.5291 64.1
    endloop
  endfacet
  facet normal 0.788346 -0.615232 0
    outer loop
      vertex 50.6021 -37.5291 59.9
      vertex 48.6997 -39.9668 64.1
      vertex 48.6997 -39.9668 59.9
    endloop
  endfacet
  facet normal 0.724244 -0.689544 0
    outer loop
      vertex 44.5477 -44.5477 64.1
      vertex 46.6799 -42.3082 59.9
      vertex 46.6799 -42.3082 64.1
    endloop
  endfacet
  facet normal 0.724244 -0.689544 0
    outer loop
      vertex 46.6799 -42.3082 59.9
      vertex 44.5477 -44.5477 64.1
      vertex 44.5477 -44.5477 59.9
    endloop
  endfacet
  facet normal 0.757194 -0.65319 0
    outer loop
      vertex 46.6799 -42.3082 64.1
      vertex 48.6997 -39.9668 59.9
      vertex 48.6997 -39.9668 64.1
    endloop
  endfacet
  facet normal 0.757194 -0.65319 0
    outer loop
      vertex 48.6997 -39.9668 59.9
      vertex 46.6799 -42.3082 64.1
      vertex 46.6799 -42.3082 59.9
    endloop
  endfacet
  facet normal 0.689544 -0.724244 0
    outer loop
      vertex 42.3082 -46.6799 59.9
      vertex 44.5477 -44.5477 64.1
      vertex 42.3082 -46.6799 64.1
    endloop
  endfacet
  facet normal 0.689544 -0.724244 0
    outer loop
      vertex 44.5477 -44.5477 64.1
      vertex 42.3082 -46.6799 59.9
      vertex 44.5477 -44.5477 59.9
    endloop
  endfacet
  facet normal 0.0245457 -0.999699 0
    outer loop
      vertex 0 -63 59.9
      vertex 3.09126 -62.9241 64.1
      vertex 0 -63 64.1
    endloop
  endfacet
  facet normal 0.0245457 -0.999699 0
    outer loop
      vertex 3.09126 -62.9241 64.1
      vertex 0 -63 59.9
      vertex 3.09126 -62.9241 59.9
    endloop
  endfacet
  facet normal 0.575795 -0.817594 0
    outer loop
      vertex 35.0009 -52.3826 59.9
      vertex 37.5291 -50.6021 64.1
      vertex 35.0009 -52.3826 64.1
    endloop
  endfacet
  facet normal 0.575795 -0.817594 0
    outer loop
      vertex 37.5291 -50.6021 64.1
      vertex 35.0009 -52.3826 59.9
      vertex 37.5291 -50.6021 59.9
    endloop
  endfacet
  facet normal 0.65319 -0.757194 0
    outer loop
      vertex 39.9668 -48.6997 59.9
      vertex 42.3082 -46.6799 64.1
      vertex 39.9668 -48.6997 64.1
    endloop
  endfacet
  facet normal 0.65319 -0.757194 0
    outer loop
      vertex 42.3082 -46.6799 64.1
      vertex 39.9668 -48.6997 59.9
      vertex 42.3082 -46.6799 59.9
    endloop
  endfacet
  facet normal 0.492886 -0.870094 0
    outer loop
      vertex 29.698 -55.561 59.9
      vertex 32.3885 -54.0369 64.1
      vertex 29.698 -55.561 64.1
    endloop
  endfacet
  facet normal 0.492886 -0.870094 0
    outer loop
      vertex 32.3885 -54.0369 64.1
      vertex 29.698 -55.561 59.9
      vertex 32.3885 -54.0369 59.9
    endloop
  endfacet
  facet normal 0.405247 -0.914207 0
    outer loop
      vertex 24.1091 -58.2044 59.9
      vertex 26.936 -56.9513 64.1
      vertex 24.1091 -58.2044 64.1
    endloop
  endfacet
  facet normal 0.405247 -0.914207 0
    outer loop
      vertex 26.936 -56.9513 64.1
      vertex 24.1091 -58.2044 59.9
      vertex 26.936 -56.9513 59.9
    endloop
  endfacet
  facet normal 0.449618 -0.893221 0
    outer loop
      vertex 26.936 -56.9513 59.9
      vertex 29.698 -55.561 64.1
      vertex 26.936 -56.9513 64.1
    endloop
  endfacet
  facet normal 0.449618 -0.893221 0
    outer loop
      vertex 29.698 -55.561 64.1
      vertex 26.936 -56.9513 59.9
      vertex 29.698 -55.561 59.9
    endloop
  endfacet
  facet normal 0.359904 -0.932989 0
    outer loop
      vertex 21.2241 -59.3173 59.9
      vertex 24.1091 -58.2044 64.1
      vertex 21.2241 -59.3173 64.1
    endloop
  endfacet
  facet normal 0.359904 -0.932989 0
    outer loop
      vertex 24.1091 -58.2044 64.1
      vertex 21.2241 -59.3173 59.9
      vertex 24.1091 -58.2044 59.9
    endloop
  endfacet
  facet normal 0.313656 -0.949537 0
    outer loop
      vertex 18.2879 -60.2872 59.9
      vertex 21.2241 -59.3173 64.1
      vertex 18.2879 -60.2872 64.1
    endloop
  endfacet
  facet normal 0.313656 -0.949537 0
    outer loop
      vertex 21.2241 -59.3173 64.1
      vertex 18.2879 -60.2872 59.9
      vertex 21.2241 -59.3173 59.9
    endloop
  endfacet
  facet normal 0.266741 -0.963768 0
    outer loop
      vertex 15.3078 -61.112 59.9
      vertex 18.2879 -60.2872 64.1
      vertex 15.3078 -61.112 64.1
    endloop
  endfacet
  facet normal 0.266741 -0.963768 0
    outer loop
      vertex 18.2879 -60.2872 64.1
      vertex 15.3078 -61.112 59.9
      vertex 18.2879 -60.2872 59.9
    endloop
  endfacet
  facet normal 0.170946 -0.98528 0
    outer loop
      vertex 9.24402 -62.3181 59.9
      vertex 12.2907 -61.7895 64.1
      vertex 9.24402 -62.3181 64.1
    endloop
  endfacet
  facet normal 0.170946 -0.98528 0
    outer loop
      vertex 12.2907 -61.7895 64.1
      vertex 9.24402 -62.3181 59.9
      vertex 12.2907 -61.7895 59.9
    endloop
  endfacet
  facet normal -0.999699 -0.0245457 0
    outer loop
      vertex -62.9241 -3.09126 59.9
      vertex -63 0 64.1
      vertex -63 0 59.9
    endloop
  endfacet
  facet normal -0.999699 -0.0245457 0
    outer loop
      vertex -63 0 64.1
      vertex -62.9241 -3.09126 59.9
      vertex -62.9241 -3.09126 64.1
    endloop
  endfacet
  facet normal -0.932989 -0.359904 0
    outer loop
      vertex -58.2044 -24.1091 59.9
      vertex -59.3173 -21.2241 64.1
      vertex -59.3173 -21.2241 59.9
    endloop
  endfacet
  facet normal -0.932989 -0.359904 0
    outer loop
      vertex -59.3173 -21.2241 64.1
      vertex -58.2044 -24.1091 59.9
      vertex -58.2044 -24.1091 64.1
    endloop
  endfacet
  facet normal -0.949537 -0.313656 0
    outer loop
      vertex -59.3173 -21.2241 59.9
      vertex -60.2872 -18.2879 64.1
      vertex -60.2872 -18.2879 59.9
    endloop
  endfacet
  facet normal -0.949537 -0.313656 0
    outer loop
      vertex -60.2872 -18.2879 64.1
      vertex -59.3173 -21.2241 59.9
      vertex -59.3173 -21.2241 64.1
    endloop
  endfacet
  facet normal -0.963768 -0.266741 0
    outer loop
      vertex -60.2872 -18.2879 59.9
      vertex -61.112 -15.3078 64.1
      vertex -61.112 -15.3078 59.9
    endloop
  endfacet
  facet normal -0.963768 -0.266741 0
    outer loop
      vertex -61.112 -15.3078 64.1
      vertex -60.2872 -18.2879 59.9
      vertex -60.2872 -18.2879 64.1
    endloop
  endfacet
  facet normal -0.98528 -0.170946 0
    outer loop
      vertex -61.7895 -12.2907 59.9
      vertex -62.3181 -9.24402 64.1
      vertex -62.3181 -9.24402 59.9
    endloop
  endfacet
  facet normal -0.98528 -0.170946 0
    outer loop
      vertex -62.3181 -9.24402 64.1
      vertex -61.7895 -12.2907 59.9
      vertex -61.7895 -12.2907 64.1
    endloop
  endfacet
  facet normal -0.914207 -0.405247 0
    outer loop
      vertex -56.9513 -26.936 59.9
      vertex -58.2044 -24.1091 64.1
      vertex -58.2044 -24.1091 59.9
    endloop
  endfacet
  facet normal -0.914207 -0.405247 0
    outer loop
      vertex -58.2044 -24.1091 64.1
      vertex -56.9513 -26.936 59.9
      vertex -56.9513 -26.936 64.1
    endloop
  endfacet
  facet normal -0.844851 -0.535001 0
    outer loop
      vertex -52.3826 -35.0009 59.9
      vertex -54.0369 -32.3885 64.1
      vertex -54.0369 -32.3885 59.9
    endloop
  endfacet
  facet normal -0.844851 -0.535001 0
    outer loop
      vertex -54.0369 -32.3885 64.1
      vertex -52.3826 -35.0009 59.9
      vertex -52.3826 -35.0009 64.1
    endloop
  endfacet
  facet normal -0.788346 -0.615232 0
    outer loop
      vertex -48.6997 -39.9668 59.9
      vertex -50.6021 -37.5291 64.1
      vertex -50.6021 -37.5291 59.9
    endloop
  endfacet
  facet normal -0.788346 -0.615232 0
    outer loop
      vertex -50.6021 -37.5291 64.1
      vertex -48.6997 -39.9668 59.9
      vertex -48.6997 -39.9668 64.1
    endloop
  endfacet
  facet normal -0.724244 -0.689544 0
    outer loop
      vertex -44.5477 -44.5477 59.9
      vertex -46.6799 -42.3082 64.1
      vertex -46.6799 -42.3082 59.9
    endloop
  endfacet
  facet normal -0.724244 -0.689544 0
    outer loop
      vertex -46.6799 -42.3082 64.1
      vertex -44.5477 -44.5477 59.9
      vertex -44.5477 -44.5477 64.1
    endloop
  endfacet
  facet normal -0.817594 -0.575795 0
    outer loop
      vertex -50.6021 -37.5291 59.9
      vertex -52.3826 -35.0009 64.1
      vertex -52.3826 -35.0009 59.9
    endloop
  endfacet
  facet normal -0.817594 -0.575795 0
    outer loop
      vertex -52.3826 -35.0009 64.1
      vertex -50.6021 -37.5291 59.9
      vertex -50.6021 -37.5291 64.1
    endloop
  endfacet
  facet normal -0.359904 -0.932989 0
    outer loop
      vertex -24.1091 -58.2044 59.9
      vertex -21.2241 -59.3173 64.1
      vertex -24.1091 -58.2044 64.1
    endloop
  endfacet
  facet normal -0.359904 -0.932989 -0
    outer loop
      vertex -21.2241 -59.3173 64.1
      vertex -24.1091 -58.2044 59.9
      vertex -21.2241 -59.3173 59.9
    endloop
  endfacet
  facet normal -0.219097 -0.975703 0
    outer loop
      vertex -15.3078 -61.112 59.9
      vertex -12.2907 -61.7895 64.1
      vertex -15.3078 -61.112 64.1
    endloop
  endfacet
  facet normal -0.219097 -0.975703 -0
    outer loop
      vertex -12.2907 -61.7895 64.1
      vertex -15.3078 -61.112 59.9
      vertex -12.2907 -61.7895 59.9
    endloop
  endfacet
  facet normal -0.122405 -0.99248 0
    outer loop
      vertex -9.24402 -62.3181 59.9
      vertex -6.17508 -62.6966 64.1
      vertex -9.24402 -62.3181 64.1
    endloop
  endfacet
  facet normal -0.122405 -0.99248 -0
    outer loop
      vertex -6.17508 -62.6966 64.1
      vertex -9.24402 -62.3181 59.9
      vertex -6.17508 -62.6966 59.9
    endloop
  endfacet
  facet normal -0.0245457 -0.999699 0
    outer loop
      vertex -3.09126 -62.9241 59.9
      vertex 0 -63 64.1
      vertex -3.09126 -62.9241 64.1
    endloop
  endfacet
  facet normal -0.0245457 -0.999699 -0
    outer loop
      vertex 0 -63 64.1
      vertex -3.09126 -62.9241 59.9
      vertex 0 -63 59.9
    endloop
  endfacet
  facet normal -0.170946 -0.98528 0
    outer loop
      vertex -12.2907 -61.7895 59.9
      vertex -9.24402 -62.3181 64.1
      vertex -12.2907 -61.7895 64.1
    endloop
  endfacet
  facet normal -0.170946 -0.98528 -0
    outer loop
      vertex -9.24402 -62.3181 64.1
      vertex -12.2907 -61.7895 59.9
      vertex -9.24402 -62.3181 59.9
    endloop
  endfacet
  facet normal -0.492886 -0.870094 0
    outer loop
      vertex -32.3885 -54.0369 59.9
      vertex -29.698 -55.561 64.1
      vertex -32.3885 -54.0369 64.1
    endloop
  endfacet
  facet normal -0.492886 -0.870094 -0
    outer loop
      vertex -29.698 -55.561 64.1
      vertex -32.3885 -54.0369 59.9
      vertex -29.698 -55.561 59.9
    endloop
  endfacet
  facet normal -0.405247 -0.914207 0
    outer loop
      vertex -26.936 -56.9513 59.9
      vertex -24.1091 -58.2044 64.1
      vertex -26.936 -56.9513 64.1
    endloop
  endfacet
  facet normal -0.405247 -0.914207 -0
    outer loop
      vertex -24.1091 -58.2044 64.1
      vertex -26.936 -56.9513 59.9
      vertex -24.1091 -58.2044 59.9
    endloop
  endfacet
  facet normal -0.535001 -0.844851 0
    outer loop
      vertex -35.0009 -52.3826 59.9
      vertex -32.3885 -54.0369 64.1
      vertex -35.0009 -52.3826 64.1
    endloop
  endfacet
  facet normal -0.535001 -0.844851 -0
    outer loop
      vertex -32.3885 -54.0369 64.1
      vertex -35.0009 -52.3826 59.9
      vertex -32.3885 -54.0369 59.9
    endloop
  endfacet
  facet normal -0.615232 -0.788346 0
    outer loop
      vertex -39.9668 -48.6997 59.9
      vertex -37.5291 -50.6021 64.1
      vertex -39.9668 -48.6997 64.1
    endloop
  endfacet
  facet normal -0.615232 -0.788346 -0
    outer loop
      vertex -37.5291 -50.6021 64.1
      vertex -39.9668 -48.6997 59.9
      vertex -37.5291 -50.6021 59.9
    endloop
  endfacet
  facet normal -0.689544 -0.724244 0
    outer loop
      vertex -44.5477 -44.5477 59.9
      vertex -42.3082 -46.6799 64.1
      vertex -44.5477 -44.5477 64.1
    endloop
  endfacet
  facet normal -0.689544 -0.724244 -0
    outer loop
      vertex -42.3082 -46.6799 64.1
      vertex -44.5477 -44.5477 59.9
      vertex -42.3082 -46.6799 59.9
    endloop
  endfacet
  facet normal 0.999699 -0.0245457 0
    outer loop
      vertex 62.9241 -3.09126 64.1
      vertex 63 0 59.9
      vertex 63 0 64.1
    endloop
  endfacet
  facet normal 0.999699 -0.0245457 0
    outer loop
      vertex 63 0 59.9
      vertex 62.9241 -3.09126 64.1
      vertex 62.9241 -3.09126 59.9
    endloop
  endfacet
  facet normal 0.0245457 0.999699 -0
    outer loop
      vertex 3.09126 62.9241 59.9
      vertex 0 63 64.1
      vertex 3.09126 62.9241 64.1
    endloop
  endfacet
  facet normal 0.0245457 0.999699 0
    outer loop
      vertex 0 63 64.1
      vertex 3.09126 62.9241 59.9
      vertex 0 63 59.9
    endloop
  endfacet
  facet normal 0.975703 0.219097 0
    outer loop
      vertex 61.7895 12.2907 64.1
      vertex 61.112 15.3078 59.9
      vertex 61.112 15.3078 64.1
    endloop
  endfacet
  facet normal 0.975703 0.219097 0
    outer loop
      vertex 61.112 15.3078 59.9
      vertex 61.7895 12.2907 64.1
      vertex 61.7895 12.2907 59.9
    endloop
  endfacet
  facet normal 0.963768 0.266741 0
    outer loop
      vertex 61.112 15.3078 64.1
      vertex 60.2872 18.2879 59.9
      vertex 60.2872 18.2879 64.1
    endloop
  endfacet
  facet normal 0.963768 0.266741 0
    outer loop
      vertex 60.2872 18.2879 59.9
      vertex 61.112 15.3078 64.1
      vertex 61.112 15.3078 59.9
    endloop
  endfacet
  facet normal 0.122405 0.99248 -0
    outer loop
      vertex 9.24402 62.3181 59.9
      vertex 6.17508 62.6966 64.1
      vertex 9.24402 62.3181 64.1
    endloop
  endfacet
  facet normal 0.122405 0.99248 0
    outer loop
      vertex 6.17508 62.6966 64.1
      vertex 9.24402 62.3181 59.9
      vertex 6.17508 62.6966 59.9
    endloop
  endfacet
  facet normal 0.313656 0.949537 -0
    outer loop
      vertex 21.2241 59.3173 59.9
      vertex 18.2879 60.2872 64.1
      vertex 21.2241 59.3173 64.1
    endloop
  endfacet
  facet normal 0.313656 0.949537 0
    outer loop
      vertex 18.2879 60.2872 64.1
      vertex 21.2241 59.3173 59.9
      vertex 18.2879 60.2872 59.9
    endloop
  endfacet
  facet normal 0.359904 0.932989 -0
    outer loop
      vertex 24.1091 58.2044 59.9
      vertex 21.2241 59.3173 64.1
      vertex 24.1091 58.2044 64.1
    endloop
  endfacet
  facet normal 0.359904 0.932989 0
    outer loop
      vertex 21.2241 59.3173 64.1
      vertex 24.1091 58.2044 59.9
      vertex 21.2241 59.3173 59.9
    endloop
  endfacet
  facet normal 0.689544 0.724244 -0
    outer loop
      vertex 44.5477 44.5477 59.9
      vertex 42.3082 46.6799 64.1
      vertex 44.5477 44.5477 64.1
    endloop
  endfacet
  facet normal 0.689544 0.724244 0
    outer loop
      vertex 42.3082 46.6799 64.1
      vertex 44.5477 44.5477 59.9
      vertex 42.3082 46.6799 59.9
    endloop
  endfacet
  facet normal 0.575795 0.817594 -0
    outer loop
      vertex 37.5291 50.6021 59.9
      vertex 35.0009 52.3826 64.1
      vertex 37.5291 50.6021 64.1
    endloop
  endfacet
  facet normal 0.575795 0.817594 0
    outer loop
      vertex 35.0009 52.3826 64.1
      vertex 37.5291 50.6021 59.9
      vertex 35.0009 52.3826 59.9
    endloop
  endfacet
  facet normal 0.492886 0.870094 -0
    outer loop
      vertex 32.3885 54.0369 59.9
      vertex 29.698 55.561 64.1
      vertex 32.3885 54.0369 64.1
    endloop
  endfacet
  facet normal 0.492886 0.870094 0
    outer loop
      vertex 29.698 55.561 64.1
      vertex 32.3885 54.0369 59.9
      vertex 29.698 55.561 59.9
    endloop
  endfacet
  facet normal 0.405247 0.914207 -0
    outer loop
      vertex 26.936 56.9513 59.9
      vertex 24.1091 58.2044 64.1
      vertex 26.936 56.9513 64.1
    endloop
  endfacet
  facet normal 0.405247 0.914207 0
    outer loop
      vertex 24.1091 58.2044 64.1
      vertex 26.936 56.9513 59.9
      vertex 24.1091 58.2044 59.9
    endloop
  endfacet
  facet normal 0.535001 0.844851 -0
    outer loop
      vertex 35.0009 52.3826 59.9
      vertex 32.3885 54.0369 64.1
      vertex 35.0009 52.3826 64.1
    endloop
  endfacet
  facet normal 0.535001 0.844851 0
    outer loop
      vertex 32.3885 54.0369 64.1
      vertex 35.0009 52.3826 59.9
      vertex 32.3885 54.0369 59.9
    endloop
  endfacet
  facet normal -0.0245457 0.999699 0
    outer loop
      vertex 0 63 59.9
      vertex -3.09126 62.9241 64.1
      vertex 0 63 64.1
    endloop
  endfacet
  facet normal -0.0245457 0.999699 0
    outer loop
      vertex -3.09126 62.9241 64.1
      vertex 0 63 59.9
      vertex -3.09126 62.9241 59.9
    endloop
  endfacet
  facet normal -0.359904 0.932989 0
    outer loop
      vertex -21.2241 59.3173 59.9
      vertex -24.1091 58.2044 64.1
      vertex -21.2241 59.3173 64.1
    endloop
  endfacet
  facet normal -0.359904 0.932989 0
    outer loop
      vertex -24.1091 58.2044 64.1
      vertex -21.2241 59.3173 59.9
      vertex -24.1091 58.2044 59.9
    endloop
  endfacet
  facet normal -0.313656 0.949537 0
    outer loop
      vertex -18.2879 60.2872 59.9
      vertex -21.2241 59.3173 64.1
      vertex -18.2879 60.2872 64.1
    endloop
  endfacet
  facet normal -0.313656 0.949537 0
    outer loop
      vertex -21.2241 59.3173 64.1
      vertex -18.2879 60.2872 59.9
      vertex -21.2241 59.3173 59.9
    endloop
  endfacet
  facet normal -0.266741 0.963768 0
    outer loop
      vertex -15.3078 61.112 59.9
      vertex -18.2879 60.2872 64.1
      vertex -15.3078 61.112 64.1
    endloop
  endfacet
  facet normal -0.266741 0.963768 0
    outer loop
      vertex -18.2879 60.2872 64.1
      vertex -15.3078 61.112 59.9
      vertex -18.2879 60.2872 59.9
    endloop
  endfacet
  facet normal -0.170946 0.98528 0
    outer loop
      vertex -9.24402 62.3181 59.9
      vertex -12.2907 61.7895 64.1
      vertex -9.24402 62.3181 64.1
    endloop
  endfacet
  facet normal -0.170946 0.98528 0
    outer loop
      vertex -12.2907 61.7895 64.1
      vertex -9.24402 62.3181 59.9
      vertex -12.2907 61.7895 59.9
    endloop
  endfacet
  facet normal -0.405247 0.914207 0
    outer loop
      vertex -24.1091 58.2044 59.9
      vertex -26.936 56.9513 64.1
      vertex -24.1091 58.2044 64.1
    endloop
  endfacet
  facet normal -0.405247 0.914207 0
    outer loop
      vertex -26.936 56.9513 64.1
      vertex -24.1091 58.2044 59.9
      vertex -26.936 56.9513 59.9
    endloop
  endfacet
  facet normal -0.535001 0.844851 0
    outer loop
      vertex -32.3885 54.0369 59.9
      vertex -35.0009 52.3826 64.1
      vertex -32.3885 54.0369 64.1
    endloop
  endfacet
  facet normal -0.535001 0.844851 0
    outer loop
      vertex -35.0009 52.3826 64.1
      vertex -32.3885 54.0369 59.9
      vertex -35.0009 52.3826 59.9
    endloop
  endfacet
  facet normal -0.615232 0.788346 0
    outer loop
      vertex -37.5291 50.6021 59.9
      vertex -39.9668 48.6997 64.1
      vertex -37.5291 50.6021 64.1
    endloop
  endfacet
  facet normal -0.615232 0.788346 0
    outer loop
      vertex -39.9668 48.6997 64.1
      vertex -37.5291 50.6021 59.9
      vertex -39.9668 48.6997 59.9
    endloop
  endfacet
  facet normal -0.689544 0.724244 0
    outer loop
      vertex -42.3082 46.6799 59.9
      vertex -44.5477 44.5477 64.1
      vertex -42.3082 46.6799 64.1
    endloop
  endfacet
  facet normal -0.689544 0.724244 0
    outer loop
      vertex -44.5477 44.5477 64.1
      vertex -42.3082 46.6799 59.9
      vertex -44.5477 44.5477 59.9
    endloop
  endfacet
  facet normal -0.99248 0.122405 0
    outer loop
      vertex -62.6966 6.17508 59.9
      vertex -62.3181 9.24402 64.1
      vertex -62.3181 9.24402 59.9
    endloop
  endfacet
  facet normal -0.99248 0.122405 0
    outer loop
      vertex -62.3181 9.24402 64.1
      vertex -62.6966 6.17508 59.9
      vertex -62.6966 6.17508 64.1
    endloop
  endfacet
  facet normal -0.999699 0.0245457 0
    outer loop
      vertex -63 0 59.9
      vertex -62.9241 3.09126 64.1
      vertex -62.9241 3.09126 59.9
    endloop
  endfacet
  facet normal -0.999699 0.0245457 0
    outer loop
      vertex -62.9241 3.09126 64.1
      vertex -63 0 59.9
      vertex -63 0 64.1
    endloop
  endfacet
  facet normal 0 0 1
    outer loop
      vertex 59.6 0 64.1
      vertex 63 0 64.1
      vertex 62.9241 3.09126 64.1
    endloop
  endfacet
  facet normal 0 0 1
    outer loop
      vertex 59.5282 2.92443 64.1
      vertex 62.9241 3.09126 64.1
      vertex 62.6966 6.17508 64.1
    endloop
  endfacet
  facet normal 0 0 1
    outer loop
      vertex 63 0 64.1
      vertex 59.6 0 64.1
      vertex 62.9241 -3.09126 64.1
    endloop
  endfacet
  facet normal 0 0 1
    outer loop
      vertex 59.313 5.84182 64.1
      vertex 62.6966 6.17508 64.1
      vertex 62.3181 9.24402 64.1
    endloop
  endfacet
  facet normal -0 0 1
    outer loop
      vertex 59.5282 -2.92443 64.1
      vertex 62.9241 -3.09126 64.1
      vertex 59.6 0 64.1
    endloop
  endfacet
  facet normal 0 0 1
    outer loop
      vertex 58.9549 8.74514 64.1
      vertex 62.3181 9.24402 64.1
      vertex 61.7895 12.2907 64.1
    endloop
  endfacet
  facet normal 0 0 1
    outer loop
      vertex 62.9241 -3.09126 64.1
      vertex 59.5282 -2.92443 64.1
      vertex 62.6966 -6.17508 64.1
    endloop
  endfacet
  facet normal 0 0 1
    outer loop
      vertex 58.4548 11.6274 64.1
      vertex 61.7895 12.2907 64.1
      vertex 61.112 15.3078 64.1
    endloop
  endfacet
  facet normal -0 0 1
    outer loop
      vertex 59.313 -5.84182 64.1
      vertex 62.6966 -6.17508 64.1
      vertex 59.5282 -2.92443 64.1
    endloop
  endfacet
  facet normal 0 0 1
    outer loop
      vertex 57.8139 14.4816 64.1
      vertex 61.112 15.3078 64.1
      vertex 60.2872 18.2879 64.1
    endloop
  endfacet
  facet normal 0 0 1
    outer loop
      vertex 62.6966 -6.17508 64.1
      vertex 59.313 -5.84182 64.1
      vertex 62.3181 -9.24402 64.1
    endloop
  endfacet
  facet normal -0 0 1
    outer loop
      vertex 58.9549 -8.74514 64.1
      vertex 62.3181 -9.24402 64.1
      vertex 59.313 -5.84182 64.1
    endloop
  endfacet
  facet normal 0 0 1
    outer loop
      vertex 62.9241 3.09126 64.1
      vertex 59.5282 2.92443 64.1
      vertex 59.6 0 64.1
    endloop
  endfacet
  facet normal 0 0 1
    outer loop
      vertex 57.0336 17.301 64.1
      vertex 60.2872 18.2879 64.1
      vertex 59.3173 21.2241 64.1
    endloop
  endfacet
  facet normal 0 0 1
    outer loop
      vertex 62.6966 6.17508 64.1
      vertex 59.313 5.84182 64.1
      vertex 59.5282 2.92443 64.1
    endloop
  endfacet
  facet normal 0 0 1
    outer loop
      vertex 62.3181 9.24402 64.1
      vertex 58.9549 8.74514 64.1
      vertex 59.313 5.84182 64.1
    endloop
  endfacet
  facet normal 0 0 1
    outer loop
      vertex 61.7895 12.2907 64.1
      vertex 58.4548 11.6274 64.1
      vertex 58.9549 8.74514 64.1
    endloop
  endfacet
  facet normal 0 0 1
    outer loop
      vertex 56.116 20.0786 64.1
      vertex 59.3173 21.2241 64.1
      vertex 58.2044 24.1091 64.1
    endloop
  endfacet
  facet normal 0 0 1
    outer loop
      vertex 61.112 15.3078 64.1
      vertex 57.8139 14.4816 64.1
      vertex 58.4548 11.6274 64.1
    endloop
  endfacet
  facet normal 0 0 1
    outer loop
      vertex 60.2872 18.2879 64.1
      vertex 57.0336 17.301 64.1
      vertex 57.8139 14.4816 64.1
    endloop
  endfacet
  facet normal 0 0 1
    outer loop
      vertex 55.0632 22.8079 64.1
      vertex 58.2044 24.1091 64.1
      vertex 56.9513 26.936 64.1
    endloop
  endfacet
  facet normal 0 0 1
    outer loop
      vertex 59.3173 21.2241 64.1
      vertex 56.116 20.0786 64.1
      vertex 57.0336 17.301 64.1
    endloop
  endfacet
  facet normal 0 0 1
    outer loop
      vertex 53.8778 25.4823 64.1
      vertex 56.9513 26.936 64.1
      vertex 55.561 29.698 64.1
    endloop
  endfacet
  facet normal 0 0 1
    outer loop
      vertex 58.2044 24.1091 64.1
      vertex 55.0632 22.8079 64.1
      vertex 56.116 20.0786 64.1
    endloop
  endfacet
  facet normal 0 0 1
    outer loop
      vertex 52.5625 28.0952 64.1
      vertex 55.561 29.698 64.1
      vertex 54.0369 32.3885 64.1
    endloop
  endfacet
  facet normal 0 0 1
    outer loop
      vertex 56.9513 26.936 64.1
      vertex 53.8778 25.4823 64.1
      vertex 55.0632 22.8079 64.1
    endloop
  endfacet
  facet normal 0 0 1
    outer loop
      vertex 55.561 29.698 64.1
      vertex 52.5625 28.0952 64.1
      vertex 53.8778 25.4823 64.1
    endloop
  endfacet
  facet normal 0 0 1
    outer loop
      vertex 51.1206 30.6405 64.1
      vertex 54.0369 32.3885 64.1
      vertex 52.3826 35.0009 64.1
    endloop
  endfacet
  facet normal 0 0 1
    outer loop
      vertex 54.0369 32.3885 64.1
      vertex 51.1206 30.6405 64.1
      vertex 52.5625 28.0952 64.1
    endloop
  endfacet
  facet normal 0 0 1
    outer loop
      vertex 49.5556 33.112 64.1
      vertex 52.3826 35.0009 64.1
      vertex 50.6021 37.5291 64.1
    endloop
  endfacet
  facet normal 0 0 1
    outer loop
      vertex 52.3826 35.0009 64.1
      vertex 49.5556 33.112 64.1
      vertex 51.1206 30.6405 64.1
    endloop
  endfacet
  facet normal 0 0 1
    outer loop
      vertex 47.8712 35.5037 64.1
      vertex 50.6021 37.5291 64.1
      vertex 48.6997 39.9668 64.1
    endloop
  endfacet
  facet normal 0 0 1
    outer loop
      vertex 50.6021 37.5291 64.1
      vertex 47.8712 35.5037 64.1
      vertex 49.5556 33.112 64.1
    endloop
  endfacet
  facet normal 0 0 1
    outer loop
      vertex 46.0714 37.8098 64.1
      vertex 48.6997 39.9668 64.1
      vertex 46.6799 42.3082 64.1
    endloop
  endfacet
  facet normal 0 0 1
    outer loop
      vertex 48.6997 39.9668 64.1
      vertex 46.0714 37.8098 64.1
      vertex 47.8712 35.5037 64.1
    endloop
  endfacet
  facet normal 0 0 1
    outer loop
      vertex 44.1607 40.0249 64.1
      vertex 46.6799 42.3082 64.1
      vertex 44.5477 44.5477 64.1
    endloop
  endfacet
  facet normal 0 0 1
    outer loop
      vertex 46.6799 42.3082 64.1
      vertex 44.1607 40.0249 64.1
      vertex 46.0714 37.8098 64.1
    endloop
  endfacet
  facet normal 0 0 1
    outer loop
      vertex 42.1436 42.1436 64.1
      vertex 44.5477 44.5477 64.1
      vertex 42.3082 46.6799 64.1
    endloop
  endfacet
  facet normal 0 0 1
    outer loop
      vertex 44.5477 44.5477 64.1
      vertex 42.1436 42.1436 64.1
      vertex 44.1607 40.0249 64.1
    endloop
  endfacet
  facet normal 0 0 1
    outer loop
      vertex 42.3082 46.6799 64.1
      vertex 40.0249 44.1607 64.1
      vertex 42.1436 42.1436 64.1
    endloop
  endfacet
  facet normal 0 0 1
    outer loop
      vertex 39.9668 48.6997 64.1
      vertex 40.0249 44.1607 64.1
      vertex 42.3082 46.6799 64.1
    endloop
  endfacet
  facet normal 0 0 1
    outer loop
      vertex 39.9668 48.6997 64.1
      vertex 37.8098 46.0714 64.1
      vertex 40.0249 44.1607 64.1
    endloop
  endfacet
  facet normal 0 0 1
    outer loop
      vertex 37.5291 50.6021 64.1
      vertex 37.8098 46.0714 64.1
      vertex 39.9668 48.6997 64.1
    endloop
  endfacet
  facet normal 0 0 1
    outer loop
      vertex 37.5291 50.6021 64.1
      vertex 35.5037 47.8712 64.1
      vertex 37.8098 46.0714 64.1
    endloop
  endfacet
  facet normal 0 0 1
    outer loop
      vertex 35.0009 52.3826 64.1
      vertex 35.5037 47.8712 64.1
      vertex 37.5291 50.6021 64.1
    endloop
  endfacet
  facet normal 0 0 1
    outer loop
      vertex 35.0009 52.3826 64.1
      vertex 33.112 49.5556 64.1
      vertex 35.5037 47.8712 64.1
    endloop
  endfacet
  facet normal 0 0 1
    outer loop
      vertex 32.3885 54.0369 64.1
      vertex 33.112 49.5556 64.1
      vertex 35.0009 52.3826 64.1
    endloop
  endfacet
  facet normal 0 0 1
    outer loop
      vertex 32.3885 54.0369 64.1
      vertex 30.6405 51.1206 64.1
      vertex 33.112 49.5556 64.1
    endloop
  endfacet
  facet normal 0 0 1
    outer loop
      vertex 29.698 55.561 64.1
      vertex 30.6405 51.1206 64.1
      vertex 32.3885 54.0369 64.1
    endloop
  endfacet
  facet normal 0 0 1
    outer loop
      vertex 29.698 55.561 64.1
      vertex 28.0952 52.5625 64.1
      vertex 30.6405 51.1206 64.1
    endloop
  endfacet
  facet normal 0 0 1
    outer loop
      vertex 26.936 56.9513 64.1
      vertex 28.0952 52.5625 64.1
      vertex 29.698 55.561 64.1
    endloop
  endfacet
  facet normal 0 0 1
    outer loop
      vertex 26.936 56.9513 64.1
      vertex 25.4823 53.8778 64.1
      vertex 28.0952 52.5625 64.1
    endloop
  endfacet
  facet normal 0 0 1
    outer loop
      vertex 24.1091 58.2044 64.1
      vertex 25.4823 53.8778 64.1
      vertex 26.936 56.9513 64.1
    endloop
  endfacet
  facet normal 0 0 1
    outer loop
      vertex 24.1091 58.2044 64.1
      vertex 22.8079 55.0632 64.1
      vertex 25.4823 53.8778 64.1
    endloop
  endfacet
  facet normal 0 0 1
    outer loop
      vertex 21.2241 59.3173 64.1
      vertex 22.8079 55.0632 64.1
      vertex 24.1091 58.2044 64.1
    endloop
  endfacet
  facet normal 0 0 1
    outer loop
      vertex 21.2241 59.3173 64.1
      vertex 20.0786 56.116 64.1
      vertex 22.8079 55.0632 64.1
    endloop
  endfacet
  facet normal 0 0 1
    outer loop
      vertex 18.2879 60.2872 64.1
      vertex 20.0786 56.116 64.1
      vertex 21.2241 59.3173 64.1
    endloop
  endfacet
  facet normal 0 0 1
    outer loop
      vertex 18.2879 60.2872 64.1
      vertex 17.301 57.0336 64.1
      vertex 20.0786 56.116 64.1
    endloop
  endfacet
  facet normal 0 0 1
    outer loop
      vertex 15.3078 61.112 64.1
      vertex 17.301 57.0336 64.1
      vertex 18.2879 60.2872 64.1
    endloop
  endfacet
  facet normal 0 0 1
    outer loop
      vertex 15.3078 61.112 64.1
      vertex 14.4816 57.8139 64.1
      vertex 17.301 57.0336 64.1
    endloop
  endfacet
  facet normal 0 0 1
    outer loop
      vertex 12.2907 61.7895 64.1
      vertex 14.4816 57.8139 64.1
      vertex 15.3078 61.112 64.1
    endloop
  endfacet
  facet normal 0 0 1
    outer loop
      vertex 12.2907 61.7895 64.1
      vertex 11.6274 58.4548 64.1
      vertex 14.4816 57.8139 64.1
    endloop
  endfacet
  facet normal 0 0 1
    outer loop
      vertex 9.24402 62.3181 64.1
      vertex 11.6274 58.4548 64.1
      vertex 12.2907 61.7895 64.1
    endloop
  endfacet
  facet normal 0 0 1
    outer loop
      vertex 9.24402 62.3181 64.1
      vertex 8.74514 58.9549 64.1
      vertex 11.6274 58.4548 64.1
    endloop
  endfacet
  facet normal 0 0 1
    outer loop
      vertex 6.17508 62.6966 64.1
      vertex 8.74514 58.9549 64.1
      vertex 9.24402 62.3181 64.1
    endloop
  endfacet
  facet normal 0 0 1
    outer loop
      vertex 6.17508 62.6966 64.1
      vertex 5.84182 59.313 64.1
      vertex 8.74514 58.9549 64.1
    endloop
  endfacet
  facet normal 0 0 1
    outer loop
      vertex 3.09126 62.9241 64.1
      vertex 5.84182 59.313 64.1
      vertex 6.17508 62.6966 64.1
    endloop
  endfacet
  facet normal 0 0 1
    outer loop
      vertex 3.09126 62.9241 64.1
      vertex 2.92443 59.5282 64.1
      vertex 5.84182 59.313 64.1
    endloop
  endfacet
  facet normal 0 0 1
    outer loop
      vertex 0 63 64.1
      vertex 2.92443 59.5282 64.1
      vertex 3.09126 62.9241 64.1
    endloop
  endfacet
  facet normal 0 0 1
    outer loop
      vertex 0 63 64.1
      vertex 0 59.6 64.1
      vertex 2.92443 59.5282 64.1
    endloop
  endfacet
  facet normal 0 0 1
    outer loop
      vertex 0 63 64.1
      vertex -2.92443 59.5282 64.1
      vertex 0 59.6 64.1
    endloop
  endfacet
  facet normal -0 0 1
    outer loop
      vertex -3.09126 62.9241 64.1
      vertex -2.92443 59.5282 64.1
      vertex 0 63 64.1
    endloop
  endfacet
  facet normal 0 0 1
    outer loop
      vertex -3.09126 62.9241 64.1
      vertex -5.84182 59.313 64.1
      vertex -2.92443 59.5282 64.1
    endloop
  endfacet
  facet normal -0 0 1
    outer loop
      vertex -6.17508 62.6966 64.1
      vertex -5.84182 59.313 64.1
      vertex -3.09126 62.9241 64.1
    endloop
  endfacet
  facet normal 0 0 1
    outer loop
      vertex -6.17508 62.6966 64.1
      vertex -8.74514 58.9549 64.1
      vertex -5.84182 59.313 64.1
    endloop
  endfacet
  facet normal -0 0 1
    outer loop
      vertex -9.24402 62.3181 64.1
      vertex -8.74514 58.9549 64.1
      vertex -6.17508 62.6966 64.1
    endloop
  endfacet
  facet normal 0 0 1
    outer loop
      vertex -9.24402 62.3181 64.1
      vertex -11.6274 58.4548 64.1
      vertex -8.74514 58.9549 64.1
    endloop
  endfacet
  facet normal -0 0 1
    outer loop
      vertex -12.2907 61.7895 64.1
      vertex -11.6274 58.4548 64.1
      vertex -9.24402 62.3181 64.1
    endloop
  endfacet
  facet normal 0 0 1
    outer loop
      vertex -12.2907 61.7895 64.1
      vertex -14.4816 57.8139 64.1
      vertex -11.6274 58.4548 64.1
    endloop
  endfacet
  facet normal -0 0 1
    outer loop
      vertex -15.3078 61.112 64.1
      vertex -14.4816 57.8139 64.1
      vertex -12.2907 61.7895 64.1
    endloop
  endfacet
  facet normal 0 0 1
    outer loop
      vertex -15.3078 61.112 64.1
      vertex -17.301 57.0336 64.1
      vertex -14.4816 57.8139 64.1
    endloop
  endfacet
  facet normal -0 0 1
    outer loop
      vertex -18.2879 60.2872 64.1
      vertex -17.301 57.0336 64.1
      vertex -15.3078 61.112 64.1
    endloop
  endfacet
  facet normal 0 0 1
    outer loop
      vertex -18.2879 60.2872 64.1
      vertex -20.0786 56.116 64.1
      vertex -17.301 57.0336 64.1
    endloop
  endfacet
  facet normal -0 0 1
    outer loop
      vertex -21.2241 59.3173 64.1
      vertex -20.0786 56.116 64.1
      vertex -18.2879 60.2872 64.1
    endloop
  endfacet
  facet normal 0 0 1
    outer loop
      vertex -21.2241 59.3173 64.1
      vertex -22.8079 55.0632 64.1
      vertex -20.0786 56.116 64.1
    endloop
  endfacet
  facet normal -0 0 1
    outer loop
      vertex -24.1091 58.2044 64.1
      vertex -22.8079 55.0632 64.1
      vertex -21.2241 59.3173 64.1
    endloop
  endfacet
  facet normal 0 0 1
    outer loop
      vertex -24.1091 58.2044 64.1
      vertex -25.4823 53.8778 64.1
      vertex -22.8079 55.0632 64.1
    endloop
  endfacet
  facet normal -0 0 1
    outer loop
      vertex -26.936 56.9513 64.1
      vertex -25.4823 53.8778 64.1
      vertex -24.1091 58.2044 64.1
    endloop
  endfacet
  facet normal 0 0 1
    outer loop
      vertex -26.936 56.9513 64.1
      vertex -28.0952 52.5625 64.1
      vertex -25.4823 53.8778 64.1
    endloop
  endfacet
  facet normal -0 0 1
    outer loop
      vertex -29.698 55.561 64.1
      vertex -28.0952 52.5625 64.1
      vertex -26.936 56.9513 64.1
    endloop
  endfacet
  facet normal 0 0 1
    outer loop
      vertex -29.698 55.561 64.1
      vertex -30.6405 51.1206 64.1
      vertex -28.0952 52.5625 64.1
    endloop
  endfacet
  facet normal -0 0 1
    outer loop
      vertex -32.3885 54.0369 64.1
      vertex -30.6405 51.1206 64.1
      vertex -29.698 55.561 64.1
    endloop
  endfacet
  facet normal 0 0 1
    outer loop
      vertex -32.3885 54.0369 64.1
      vertex -33.112 49.5556 64.1
      vertex -30.6405 51.1206 64.1
    endloop
  endfacet
  facet normal -0 0 1
    outer loop
      vertex -35.0009 52.3826 64.1
      vertex -33.112 49.5556 64.1
      vertex -32.3885 54.0369 64.1
    endloop
  endfacet
  facet normal 0 0 1
    outer loop
      vertex -35.0009 52.3826 64.1
      vertex -35.5037 47.8712 64.1
      vertex -33.112 49.5556 64.1
    endloop
  endfacet
  facet normal -0 0 1
    outer loop
      vertex -37.5291 50.6021 64.1
      vertex -35.5037 47.8712 64.1
      vertex -35.0009 52.3826 64.1
    endloop
  endfacet
  facet normal 0 0 1
    outer loop
      vertex -37.5291 50.6021 64.1
      vertex -37.8098 46.0714 64.1
      vertex -35.5037 47.8712 64.1
    endloop
  endfacet
  facet normal -0 0 1
    outer loop
      vertex -39.9668 48.6997 64.1
      vertex -37.8098 46.0714 64.1
      vertex -37.5291 50.6021 64.1
    endloop
  endfacet
  facet normal 0 0 1
    outer loop
      vertex -39.9668 48.6997 64.1
      vertex -40.0249 44.1607 64.1
      vertex -37.8098 46.0714 64.1
    endloop
  endfacet
  facet normal -0 0 1
    outer loop
      vertex -42.3082 46.6799 64.1
      vertex -40.0249 44.1607 64.1
      vertex -39.9668 48.6997 64.1
    endloop
  endfacet
  facet normal 0 0 1
    outer loop
      vertex -40.0249 44.1607 64.1
      vertex -42.3082 46.6799 64.1
      vertex -42.1436 42.1436 64.1
    endloop
  endfacet
  facet normal -0 0 1
    outer loop
      vertex -44.5477 44.5477 64.1
      vertex -42.1436 42.1436 64.1
      vertex -42.3082 46.6799 64.1
    endloop
  endfacet
  facet normal 0 0 1
    outer loop
      vertex -42.1436 42.1436 64.1
      vertex -44.5477 44.5477 64.1
      vertex -44.1607 40.0249 64.1
    endloop
  endfacet
  facet normal -0 0 1
    outer loop
      vertex -46.6799 42.3082 64.1
      vertex -44.1607 40.0249 64.1
      vertex -44.5477 44.5477 64.1
    endloop
  endfacet
  facet normal 0 0 1
    outer loop
      vertex -44.1607 40.0249 64.1
      vertex -46.6799 42.3082 64.1
      vertex -46.0714 37.8098 64.1
    endloop
  endfacet
  facet normal -0 0 1
    outer loop
      vertex -48.6997 39.9668 64.1
      vertex -46.0714 37.8098 64.1
      vertex -46.6799 42.3082 64.1
    endloop
  endfacet
  facet normal 0 0 1
    outer loop
      vertex -46.0714 37.8098 64.1
      vertex -48.6997 39.9668 64.1
      vertex -47.8712 35.5037 64.1
    endloop
  endfacet
  facet normal -0 0 1
    outer loop
      vertex -50.6021 37.5291 64.1
      vertex -47.8712 35.5037 64.1
      vertex -48.6997 39.9668 64.1
    endloop
  endfacet
  facet normal 0 0 1
    outer loop
      vertex -47.8712 35.5037 64.1
      vertex -50.6021 37.5291 64.1
      vertex -49.5556 33.112 64.1
    endloop
  endfacet
  facet normal -0 0 1
    outer loop
      vertex -52.3826 35.0009 64.1
      vertex -49.5556 33.112 64.1
      vertex -50.6021 37.5291 64.1
    endloop
  endfacet
  facet normal 0 0 1
    outer loop
      vertex -49.5556 33.112 64.1
      vertex -52.3826 35.0009 64.1
      vertex -51.1206 30.6405 64.1
    endloop
  endfacet
  facet normal -0 0 1
    outer loop
      vertex -54.0369 32.3885 64.1
      vertex -51.1206 30.6405 64.1
      vertex -52.3826 35.0009 64.1
    endloop
  endfacet
  facet normal 0 0 1
    outer loop
      vertex -51.1206 30.6405 64.1
      vertex -54.0369 32.3885 64.1
      vertex -52.5625 28.0952 64.1
    endloop
  endfacet
  facet normal -0 0 1
    outer loop
      vertex -55.561 29.698 64.1
      vertex -52.5625 28.0952 64.1
      vertex -54.0369 32.3885 64.1
    endloop
  endfacet
  facet normal 0 0 1
    outer loop
      vertex -52.5625 28.0952 64.1
      vertex -55.561 29.698 64.1
      vertex -53.8778 25.4823 64.1
    endloop
  endfacet
  facet normal -0 0 1
    outer loop
      vertex -56.9513 26.936 64.1
      vertex -53.8778 25.4823 64.1
      vertex -55.561 29.698 64.1
    endloop
  endfacet
  facet normal 0 0 1
    outer loop
      vertex -53.8778 25.4823 64.1
      vertex -56.9513 26.936 64.1
      vertex -55.0632 22.8079 64.1
    endloop
  endfacet
  facet normal -0 0 1
    outer loop
      vertex -58.2044 24.1091 64.1
      vertex -55.0632 22.8079 64.1
      vertex -56.9513 26.936 64.1
    endloop
  endfacet
  facet normal 0 0 1
    outer loop
      vertex -55.0632 22.8079 64.1
      vertex -58.2044 24.1091 64.1
      vertex -56.116 20.0786 64.1
    endloop
  endfacet
  facet normal -0 0 1
    outer loop
      vertex -59.3173 21.2241 64.1
      vertex -56.116 20.0786 64.1
      vertex -58.2044 24.1091 64.1
    endloop
  endfacet
  facet normal 0 0 1
    outer loop
      vertex -56.116 20.0786 64.1
      vertex -59.3173 21.2241 64.1
      vertex -57.0336 17.301 64.1
    endloop
  endfacet
  facet normal -0 0 1
    outer loop
      vertex -60.2872 18.2879 64.1
      vertex -57.0336 17.301 64.1
      vertex -59.3173 21.2241 64.1
    endloop
  endfacet
  facet normal 0 0 1
    outer loop
      vertex -57.0336 17.301 64.1
      vertex -60.2872 18.2879 64.1
      vertex -57.8139 14.4816 64.1
    endloop
  endfacet
  facet normal -0 0 1
    outer loop
      vertex -61.112 15.3078 64.1
      vertex -57.8139 14.4816 64.1
      vertex -60.2872 18.2879 64.1
    endloop
  endfacet
  facet normal 0 0 1
    outer loop
      vertex -57.8139 14.4816 64.1
      vertex -61.112 15.3078 64.1
      vertex -58.4548 11.6274 64.1
    endloop
  endfacet
  facet normal -0 0 1
    outer loop
      vertex -61.7895 12.2907 64.1
      vertex -58.4548 11.6274 64.1
      vertex -61.112 15.3078 64.1
    endloop
  endfacet
  facet normal 0 0 1
    outer loop
      vertex -58.4548 11.6274 64.1
      vertex -61.7895 12.2907 64.1
      vertex -58.9549 8.74514 64.1
    endloop
  endfacet
  facet normal -0 0 1
    outer loop
      vertex -62.3181 9.24402 64.1
      vertex -58.9549 8.74514 64.1
      vertex -61.7895 12.2907 64.1
    endloop
  endfacet
  facet normal 0 0 1
    outer loop
      vertex 62.3181 -9.24402 64.1
      vertex 58.9549 -8.74514 64.1
      vertex 61.7895 -12.2907 64.1
    endloop
  endfacet
  facet normal -0 0 1
    outer loop
      vertex 58.4548 -11.6274 64.1
      vertex 61.7895 -12.2907 64.1
      vertex 58.9549 -8.74514 64.1
    endloop
  endfacet
  facet normal 0 0 1
    outer loop
      vertex 61.7895 -12.2907 64.1
      vertex 58.4548 -11.6274 64.1
      vertex 61.112 -15.3078 64.1
    endloop
  endfacet
  facet normal -0 0 1
    outer loop
      vertex 57.8139 -14.4816 64.1
      vertex 61.112 -15.3078 64.1
      vertex 58.4548 -11.6274 64.1
    endloop
  endfacet
  facet normal 0 0 1
    outer loop
      vertex 61.112 -15.3078 64.1
      vertex 57.8139 -14.4816 64.1
      vertex 60.2872 -18.2879 64.1
    endloop
  endfacet
  facet normal -0 0 1
    outer loop
      vertex 57.0336 -17.301 64.1
      vertex 60.2872 -18.2879 64.1
      vertex 57.8139 -14.4816 64.1
    endloop
  endfacet
  facet normal 0 0 1
    outer loop
      vertex 60.2872 -18.2879 64.1
      vertex 57.0336 -17.301 64.1
      vertex 59.3173 -21.2241 64.1
    endloop
  endfacet
  facet normal -0 0 1
    outer loop
      vertex 56.116 -20.0786 64.1
      vertex 59.3173 -21.2241 64.1
      vertex 57.0336 -17.301 64.1
    endloop
  endfacet
  facet normal 0 0 1
    outer loop
      vertex 59.3173 -21.2241 64.1
      vertex 56.116 -20.0786 64.1
      vertex 58.2044 -24.1091 64.1
    endloop
  endfacet
  facet normal -0 0 1
    outer loop
      vertex 55.0632 -22.8079 64.1
      vertex 58.2044 -24.1091 64.1
      vertex 56.116 -20.0786 64.1
    endloop
  endfacet
  facet normal 0 0 1
    outer loop
      vertex 58.2044 -24.1091 64.1
      vertex 55.0632 -22.8079 64.1
      vertex 56.9513 -26.936 64.1
    endloop
  endfacet
  facet normal -0 0 1
    outer loop
      vertex 53.8778 -25.4823 64.1
      vertex 56.9513 -26.936 64.1
      vertex 55.0632 -22.8079 64.1
    endloop
  endfacet
  facet normal 0 0 1
    outer loop
      vertex 56.9513 -26.936 64.1
      vertex 53.8778 -25.4823 64.1
      vertex 55.561 -29.698 64.1
    endloop
  endfacet
  facet normal -0 0 1
    outer loop
      vertex 52.5625 -28.0952 64.1
      vertex 55.561 -29.698 64.1
      vertex 53.8778 -25.4823 64.1
    endloop
  endfacet
  facet normal 0 0 1
    outer loop
      vertex 55.561 -29.698 64.1
      vertex 52.5625 -28.0952 64.1
      vertex 54.0369 -32.3885 64.1
    endloop
  endfacet
  facet normal -0 0 1
    outer loop
      vertex 51.1206 -30.6405 64.1
      vertex 54.0369 -32.3885 64.1
      vertex 52.5625 -28.0952 64.1
    endloop
  endfacet
  facet normal 0 0 1
    outer loop
      vertex 54.0369 -32.3885 64.1
      vertex 51.1206 -30.6405 64.1
      vertex 52.3826 -35.0009 64.1
    endloop
  endfacet
  facet normal -0 0 1
    outer loop
      vertex 49.5556 -33.112 64.1
      vertex 52.3826 -35.0009 64.1
      vertex 51.1206 -30.6405 64.1
    endloop
  endfacet
  facet normal 0 0 1
    outer loop
      vertex 52.3826 -35.0009 64.1
      vertex 49.5556 -33.112 64.1
      vertex 50.6021 -37.5291 64.1
    endloop
  endfacet
  facet normal -0 0 1
    outer loop
      vertex 47.8712 -35.5037 64.1
      vertex 50.6021 -37.5291 64.1
      vertex 49.5556 -33.112 64.1
    endloop
  endfacet
  facet normal 0 0 1
    outer loop
      vertex 50.6021 -37.5291 64.1
      vertex 47.8712 -35.5037 64.1
      vertex 48.6997 -39.9668 64.1
    endloop
  endfacet
  facet normal -0 0 1
    outer loop
      vertex 46.0714 -37.8098 64.1
      vertex 48.6997 -39.9668 64.1
      vertex 47.8712 -35.5037 64.1
    endloop
  endfacet
  facet normal 0 0 1
    outer loop
      vertex 48.6997 -39.9668 64.1
      vertex 46.0714 -37.8098 64.1
      vertex 46.6799 -42.3082 64.1
    endloop
  endfacet
  facet normal -0 0 1
    outer loop
      vertex 44.1607 -40.0249 64.1
      vertex 46.6799 -42.3082 64.1
      vertex 46.0714 -37.8098 64.1
    endloop
  endfacet
  facet normal 0 0 1
    outer loop
      vertex 46.6799 -42.3082 64.1
      vertex 44.1607 -40.0249 64.1
      vertex 44.5477 -44.5477 64.1
    endloop
  endfacet
  facet normal -0 0 1
    outer loop
      vertex 42.1436 -42.1436 64.1
      vertex 44.5477 -44.5477 64.1
      vertex 44.1607 -40.0249 64.1
    endloop
  endfacet
  facet normal 0 0 1
    outer loop
      vertex 44.5477 -44.5477 64.1
      vertex 42.1436 -42.1436 64.1
      vertex 42.3082 -46.6799 64.1
    endloop
  endfacet
  facet normal -0 0 1
    outer loop
      vertex 40.0249 -44.1607 64.1
      vertex 42.3082 -46.6799 64.1
      vertex 42.1436 -42.1436 64.1
    endloop
  endfacet
  facet normal 0 0 1
    outer loop
      vertex 40.0249 -44.1607 64.1
      vertex 39.9668 -48.6997 64.1
      vertex 42.3082 -46.6799 64.1
    endloop
  endfacet
  facet normal -0 0 1
    outer loop
      vertex 37.8098 -46.0714 64.1
      vertex 39.9668 -48.6997 64.1
      vertex 40.0249 -44.1607 64.1
    endloop
  endfacet
  facet normal 0 0 1
    outer loop
      vertex 37.8098 -46.0714 64.1
      vertex 37.5291 -50.6021 64.1
      vertex 39.9668 -48.6997 64.1
    endloop
  endfacet
  facet normal -0 0 1
    outer loop
      vertex 35.5037 -47.8712 64.1
      vertex 37.5291 -50.6021 64.1
      vertex 37.8098 -46.0714 64.1
    endloop
  endfacet
  facet normal 0 0 1
    outer loop
      vertex 35.5037 -47.8712 64.1
      vertex 35.0009 -52.3826 64.1
      vertex 37.5291 -50.6021 64.1
    endloop
  endfacet
  facet normal -0 0 1
    outer loop
      vertex 33.112 -49.5556 64.1
      vertex 35.0009 -52.3826 64.1
      vertex 35.5037 -47.8712 64.1
    endloop
  endfacet
  facet normal 0 0 1
    outer loop
      vertex 33.112 -49.5556 64.1
      vertex 32.3885 -54.0369 64.1
      vertex 35.0009 -52.3826 64.1
    endloop
  endfacet
  facet normal -0 0 1
    outer loop
      vertex 30.6405 -51.1206 64.1
      vertex 32.3885 -54.0369 64.1
      vertex 33.112 -49.5556 64.1
    endloop
  endfacet
  facet normal 0 0 1
    outer loop
      vertex 30.6405 -51.1206 64.1
      vertex 29.698 -55.561 64.1
      vertex 32.3885 -54.0369 64.1
    endloop
  endfacet
  facet normal -0 0 1
    outer loop
      vertex 28.0952 -52.5625 64.1
      vertex 29.698 -55.561 64.1
      vertex 30.6405 -51.1206 64.1
    endloop
  endfacet
  facet normal 0 0 1
    outer loop
      vertex 28.0952 -52.5625 64.1
      vertex 26.936 -56.9513 64.1
      vertex 29.698 -55.561 64.1
    endloop
  endfacet
  facet normal -0 0 1
    outer loop
      vertex 25.4823 -53.8778 64.1
      vertex 26.936 -56.9513 64.1
      vertex 28.0952 -52.5625 64.1
    endloop
  endfacet
  facet normal 0 0 1
    outer loop
      vertex 25.4823 -53.8778 64.1
      vertex 24.1091 -58.2044 64.1
      vertex 26.936 -56.9513 64.1
    endloop
  endfacet
  facet normal -0 0 1
    outer loop
      vertex 22.8079 -55.0632 64.1
      vertex 24.1091 -58.2044 64.1
      vertex 25.4823 -53.8778 64.1
    endloop
  endfacet
  facet normal 0 0 1
    outer loop
      vertex 22.8079 -55.0632 64.1
      vertex 21.2241 -59.3173 64.1
      vertex 24.1091 -58.2044 64.1
    endloop
  endfacet
  facet normal -0 0 1
    outer loop
      vertex 20.0786 -56.116 64.1
      vertex 21.2241 -59.3173 64.1
      vertex 22.8079 -55.0632 64.1
    endloop
  endfacet
  facet normal 0 0 1
    outer loop
      vertex 20.0786 -56.116 64.1
      vertex 18.2879 -60.2872 64.1
      vertex 21.2241 -59.3173 64.1
    endloop
  endfacet
  facet normal -0 0 1
    outer loop
      vertex 17.301 -57.0336 64.1
      vertex 18.2879 -60.2872 64.1
      vertex 20.0786 -56.116 64.1
    endloop
  endfacet
  facet normal 0 0 1
    outer loop
      vertex 17.301 -57.0336 64.1
      vertex 15.3078 -61.112 64.1
      vertex 18.2879 -60.2872 64.1
    endloop
  endfacet
  facet normal -0 0 1
    outer loop
      vertex 14.4816 -57.8139 64.1
      vertex 15.3078 -61.112 64.1
      vertex 17.301 -57.0336 64.1
    endloop
  endfacet
  facet normal 0 0 1
    outer loop
      vertex 14.4816 -57.8139 64.1
      vertex 12.2907 -61.7895 64.1
      vertex 15.3078 -61.112 64.1
    endloop
  endfacet
  facet normal -0 0 1
    outer loop
      vertex 11.6274 -58.4548 64.1
      vertex 12.2907 -61.7895 64.1
      vertex 14.4816 -57.8139 64.1
    endloop
  endfacet
  facet normal 0 0 1
    outer loop
      vertex 11.6274 -58.4548 64.1
      vertex 9.24402 -62.3181 64.1
      vertex 12.2907 -61.7895 64.1
    endloop
  endfacet
  facet normal -0 0 1
    outer loop
      vertex 8.74514 -58.9549 64.1
      vertex 9.24402 -62.3181 64.1
      vertex 11.6274 -58.4548 64.1
    endloop
  endfacet
  facet normal 0 0 1
    outer loop
      vertex 8.74514 -58.9549 64.1
      vertex 6.17508 -62.6966 64.1
      vertex 9.24402 -62.3181 64.1
    endloop
  endfacet
  facet normal -0 0 1
    outer loop
      vertex 5.84182 -59.313 64.1
      vertex 6.17508 -62.6966 64.1
      vertex 8.74514 -58.9549 64.1
    endloop
  endfacet
  facet normal 0 0 1
    outer loop
      vertex 5.84182 -59.313 64.1
      vertex 3.09126 -62.9241 64.1
      vertex 6.17508 -62.6966 64.1
    endloop
  endfacet
  facet normal -0 0 1
    outer loop
      vertex 2.92443 -59.5282 64.1
      vertex 3.09126 -62.9241 64.1
      vertex 5.84182 -59.313 64.1
    endloop
  endfacet
  facet normal -0 0 1
    outer loop
      vertex 0 -59.6 64.1
      vertex 3.09126 -62.9241 64.1
      vertex 2.92443 -59.5282 64.1
    endloop
  endfacet
  facet normal 0 0 1
    outer loop
      vertex 0 -59.6 64.1
      vertex 0 -63 64.1
      vertex 3.09126 -62.9241 64.1
    endloop
  endfacet
  facet normal 0 0 1
    outer loop
      vertex -2.92443 -59.5282 64.1
      vertex 0 -63 64.1
      vertex 0 -59.6 64.1
    endloop
  endfacet
  facet normal 0 0 1
    outer loop
      vertex -2.92443 -59.5282 64.1
      vertex -3.09126 -62.9241 64.1
      vertex 0 -63 64.1
    endloop
  endfacet
  facet normal 0 0 1
    outer loop
      vertex -5.84182 -59.313 64.1
      vertex -3.09126 -62.9241 64.1
      vertex -2.92443 -59.5282 64.1
    endloop
  endfacet
  facet normal 0 0 1
    outer loop
      vertex -5.84182 -59.313 64.1
      vertex -6.17508 -62.6966 64.1
      vertex -3.09126 -62.9241 64.1
    endloop
  endfacet
  facet normal 0 0 1
    outer loop
      vertex -8.74514 -58.9549 64.1
      vertex -6.17508 -62.6966 64.1
      vertex -5.84182 -59.313 64.1
    endloop
  endfacet
  facet normal 0 0 1
    outer loop
      vertex -8.74514 -58.9549 64.1
      vertex -9.24402 -62.3181 64.1
      vertex -6.17508 -62.6966 64.1
    endloop
  endfacet
  facet normal 0 0 1
    outer loop
      vertex -11.6274 -58.4548 64.1
      vertex -9.24402 -62.3181 64.1
      vertex -8.74514 -58.9549 64.1
    endloop
  endfacet
  facet normal 0 0 1
    outer loop
      vertex -11.6274 -58.4548 64.1
      vertex -12.2907 -61.7895 64.1
      vertex -9.24402 -62.3181 64.1
    endloop
  endfacet
  facet normal 0 0 1
    outer loop
      vertex -14.4816 -57.8139 64.1
      vertex -12.2907 -61.7895 64.1
      vertex -11.6274 -58.4548 64.1
    endloop
  endfacet
  facet normal 0 0 1
    outer loop
      vertex -14.4816 -57.8139 64.1
      vertex -15.3078 -61.112 64.1
      vertex -12.2907 -61.7895 64.1
    endloop
  endfacet
  facet normal 0 0 1
    outer loop
      vertex -17.301 -57.0336 64.1
      vertex -15.3078 -61.112 64.1
      vertex -14.4816 -57.8139 64.1
    endloop
  endfacet
  facet normal 0 0 1
    outer loop
      vertex -17.301 -57.0336 64.1
      vertex -18.2879 -60.2872 64.1
      vertex -15.3078 -61.112 64.1
    endloop
  endfacet
  facet normal 0 0 1
    outer loop
      vertex -20.0786 -56.116 64.1
      vertex -18.2879 -60.2872 64.1
      vertex -17.301 -57.0336 64.1
    endloop
  endfacet
  facet normal 0 0 1
    outer loop
      vertex -20.0786 -56.116 64.1
      vertex -21.2241 -59.3173 64.1
      vertex -18.2879 -60.2872 64.1
    endloop
  endfacet
  facet normal 0 0 1
    outer loop
      vertex -22.8079 -55.0632 64.1
      vertex -21.2241 -59.3173 64.1
      vertex -20.0786 -56.116 64.1
    endloop
  endfacet
  facet normal 0 0 1
    outer loop
      vertex -22.8079 -55.0632 64.1
      vertex -24.1091 -58.2044 64.1
      vertex -21.2241 -59.3173 64.1
    endloop
  endfacet
  facet normal 0 0 1
    outer loop
      vertex -25.4823 -53.8778 64.1
      vertex -24.1091 -58.2044 64.1
      vertex -22.8079 -55.0632 64.1
    endloop
  endfacet
  facet normal 0 0 1
    outer loop
      vertex -25.4823 -53.8778 64.1
      vertex -26.936 -56.9513 64.1
      vertex -24.1091 -58.2044 64.1
    endloop
  endfacet
  facet normal 0 0 1
    outer loop
      vertex -28.0952 -52.5625 64.1
      vertex -26.936 -56.9513 64.1
      vertex -25.4823 -53.8778 64.1
    endloop
  endfacet
  facet normal 0 0 1
    outer loop
      vertex -28.0952 -52.5625 64.1
      vertex -29.698 -55.561 64.1
      vertex -26.936 -56.9513 64.1
    endloop
  endfacet
  facet normal 0 0 1
    outer loop
      vertex -30.6405 -51.1206 64.1
      vertex -29.698 -55.561 64.1
      vertex -28.0952 -52.5625 64.1
    endloop
  endfacet
  facet normal 0 0 1
    outer loop
      vertex -30.6405 -51.1206 64.1
      vertex -32.3885 -54.0369 64.1
      vertex -29.698 -55.561 64.1
    endloop
  endfacet
  facet normal 0 0 1
    outer loop
      vertex -33.112 -49.5556 64.1
      vertex -32.3885 -54.0369 64.1
      vertex -30.6405 -51.1206 64.1
    endloop
  endfacet
  facet normal 0 0 1
    outer loop
      vertex -33.112 -49.5556 64.1
      vertex -35.0009 -52.3826 64.1
      vertex -32.3885 -54.0369 64.1
    endloop
  endfacet
  facet normal 0 0 1
    outer loop
      vertex -35.5037 -47.8712 64.1
      vertex -35.0009 -52.3826 64.1
      vertex -33.112 -49.5556 64.1
    endloop
  endfacet
  facet normal 0 0 1
    outer loop
      vertex -35.5037 -47.8712 64.1
      vertex -37.5291 -50.6021 64.1
      vertex -35.0009 -52.3826 64.1
    endloop
  endfacet
  facet normal 0 0 1
    outer loop
      vertex -37.8098 -46.0714 64.1
      vertex -37.5291 -50.6021 64.1
      vertex -35.5037 -47.8712 64.1
    endloop
  endfacet
  facet normal 0 0 1
    outer loop
      vertex -37.8098 -46.0714 64.1
      vertex -39.9668 -48.6997 64.1
      vertex -37.5291 -50.6021 64.1
    endloop
  endfacet
  facet normal 0 0 1
    outer loop
      vertex -40.0249 -44.1607 64.1
      vertex -39.9668 -48.6997 64.1
      vertex -37.8098 -46.0714 64.1
    endloop
  endfacet
  facet normal 0 0 1
    outer loop
      vertex -42.3082 -46.6799 64.1
      vertex -40.0249 -44.1607 64.1
      vertex -42.1436 -42.1436 64.1
    endloop
  endfacet
  facet normal 0 0 1
    outer loop
      vertex -40.0249 -44.1607 64.1
      vertex -42.3082 -46.6799 64.1
      vertex -39.9668 -48.6997 64.1
    endloop
  endfacet
  facet normal 0 0 1
    outer loop
      vertex -44.5477 -44.5477 64.1
      vertex -42.1436 -42.1436 64.1
      vertex -44.1607 -40.0249 64.1
    endloop
  endfacet
  facet normal 0 0 1
    outer loop
      vertex -42.1436 -42.1436 64.1
      vertex -44.5477 -44.5477 64.1
      vertex -42.3082 -46.6799 64.1
    endloop
  endfacet
  facet normal 0 0 1
    outer loop
      vertex -46.6799 -42.3082 64.1
      vertex -44.1607 -40.0249 64.1
      vertex -46.0714 -37.8098 64.1
    endloop
  endfacet
  facet normal 0 0 1
    outer loop
      vertex -44.1607 -40.0249 64.1
      vertex -46.6799 -42.3082 64.1
      vertex -44.5477 -44.5477 64.1
    endloop
  endfacet
  facet normal 0 0 1
    outer loop
      vertex -48.6997 -39.9668 64.1
      vertex -46.0714 -37.8098 64.1
      vertex -47.8712 -35.5037 64.1
    endloop
  endfacet
  facet normal 0 0 1
    outer loop
      vertex -46.0714 -37.8098 64.1
      vertex -48.6997 -39.9668 64.1
      vertex -46.6799 -42.3082 64.1
    endloop
  endfacet
  facet normal 0 0 1
    outer loop
      vertex -50.6021 -37.5291 64.1
      vertex -47.8712 -35.5037 64.1
      vertex -49.5556 -33.112 64.1
    endloop
  endfacet
  facet normal 0 0 1
    outer loop
      vertex -47.8712 -35.5037 64.1
      vertex -50.6021 -37.5291 64.1
      vertex -48.6997 -39.9668 64.1
    endloop
  endfacet
  facet normal 0 0 1
    outer loop
      vertex -52.3826 -35.0009 64.1
      vertex -49.5556 -33.112 64.1
      vertex -51.1206 -30.6405 64.1
    endloop
  endfacet
  facet normal 0 0 1
    outer loop
      vertex -49.5556 -33.112 64.1
      vertex -52.3826 -35.0009 64.1
      vertex -50.6021 -37.5291 64.1
    endloop
  endfacet
  facet normal 0 0 1
    outer loop
      vertex -54.0369 -32.3885 64.1
      vertex -51.1206 -30.6405 64.1
      vertex -52.5625 -28.0952 64.1
    endloop
  endfacet
  facet normal 0 0 1
    outer loop
      vertex -55.561 -29.698 64.1
      vertex -52.5625 -28.0952 64.1
      vertex -53.8778 -25.4823 64.1
    endloop
  endfacet
  facet normal 0 0 1
    outer loop
      vertex -51.1206 -30.6405 64.1
      vertex -54.0369 -32.3885 64.1
      vertex -52.3826 -35.0009 64.1
    endloop
  endfacet
  facet normal 0 0 1
    outer loop
      vertex -56.9513 -26.936 64.1
      vertex -53.8778 -25.4823 64.1
      vertex -55.0632 -22.8079 64.1
    endloop
  endfacet
  facet normal 0 0 1
    outer loop
      vertex -52.5625 -28.0952 64.1
      vertex -55.561 -29.698 64.1
      vertex -54.0369 -32.3885 64.1
    endloop
  endfacet
  facet normal 0 0 1
    outer loop
      vertex -58.2044 -24.1091 64.1
      vertex -55.0632 -22.8079 64.1
      vertex -56.116 -20.0786 64.1
    endloop
  endfacet
  facet normal 0 0 1
    outer loop
      vertex -53.8778 -25.4823 64.1
      vertex -56.9513 -26.936 64.1
      vertex -55.561 -29.698 64.1
    endloop
  endfacet
  facet normal 0 0 1
    outer loop
      vertex -59.3173 -21.2241 64.1
      vertex -56.116 -20.0786 64.1
      vertex -57.0336 -17.301 64.1
    endloop
  endfacet
  facet normal 0 0 1
    outer loop
      vertex -60.2872 -18.2879 64.1
      vertex -57.0336 -17.301 64.1
      vertex -57.8139 -14.4816 64.1
    endloop
  endfacet
  facet normal 0 0 1
    outer loop
      vertex -55.0632 -22.8079 64.1
      vertex -58.2044 -24.1091 64.1
      vertex -56.9513 -26.936 64.1
    endloop
  endfacet
  facet normal 0 0 1
    outer loop
      vertex -61.112 -15.3078 64.1
      vertex -57.8139 -14.4816 64.1
      vertex -58.4548 -11.6274 64.1
    endloop
  endfacet
  facet normal 0 0 1
    outer loop
      vertex -61.7895 -12.2907 64.1
      vertex -58.4548 -11.6274 64.1
      vertex -58.9549 -8.74514 64.1
    endloop
  endfacet
  facet normal 0 0 1
    outer loop
      vertex -62.3181 -9.24402 64.1
      vertex -58.9549 -8.74514 64.1
      vertex -59.313 -5.84182 64.1
    endloop
  endfacet
  facet normal 0 0 1
    outer loop
      vertex -56.116 -20.0786 64.1
      vertex -59.3173 -21.2241 64.1
      vertex -58.2044 -24.1091 64.1
    endloop
  endfacet
  facet normal 0 0 1
    outer loop
      vertex -62.6966 -6.17508 64.1
      vertex -59.313 -5.84182 64.1
      vertex -59.5282 -2.92443 64.1
    endloop
  endfacet
  facet normal 0 0 1
    outer loop
      vertex -62.9241 -3.09126 64.1
      vertex -59.5282 -2.92443 64.1
      vertex -59.6 0 64.1
    endloop
  endfacet
  facet normal 0 0 1
    outer loop
      vertex -58.9549 8.74514 64.1
      vertex -62.3181 9.24402 64.1
      vertex -59.313 5.84182 64.1
    endloop
  endfacet
  facet normal 0 0 1
    outer loop
      vertex -57.0336 -17.301 64.1
      vertex -60.2872 -18.2879 64.1
      vertex -59.3173 -21.2241 64.1
    endloop
  endfacet
  facet normal -0 0 1
    outer loop
      vertex -62.6966 6.17508 64.1
      vertex -59.313 5.84182 64.1
      vertex -62.3181 9.24402 64.1
    endloop
  endfacet
  facet normal 0 0 1
    outer loop
      vertex -57.8139 -14.4816 64.1
      vertex -61.112 -15.3078 64.1
      vertex -60.2872 -18.2879 64.1
    endloop
  endfacet
  facet normal 0 0 1
    outer loop
      vertex -59.313 5.84182 64.1
      vertex -62.6966 6.17508 64.1
      vertex -59.5282 2.92443 64.1
    endloop
  endfacet
  facet normal 0 0 1
    outer loop
      vertex -58.4548 -11.6274 64.1
      vertex -61.7895 -12.2907 64.1
      vertex -61.112 -15.3078 64.1
    endloop
  endfacet
  facet normal -0 0 1
    outer loop
      vertex -62.9241 3.09126 64.1
      vertex -59.5282 2.92443 64.1
      vertex -62.6966 6.17508 64.1
    endloop
  endfacet
  facet normal 0 0 1
    outer loop
      vertex -58.9549 -8.74514 64.1
      vertex -62.3181 -9.24402 64.1
      vertex -61.7895 -12.2907 64.1
    endloop
  endfacet
  facet normal 0 0 1
    outer loop
      vertex -59.5282 2.92443 64.1
      vertex -62.9241 3.09126 64.1
      vertex -59.6 0 64.1
    endloop
  endfacet
  facet normal 0 0 1
    outer loop
      vertex -59.313 -5.84182 64.1
      vertex -62.6966 -6.17508 64.1
      vertex -62.3181 -9.24402 64.1
    endloop
  endfacet
  facet normal 0 0 1
    outer loop
      vertex -63 0 64.1
      vertex -59.6 0 64.1
      vertex -62.9241 3.09126 64.1
    endloop
  endfacet
  facet normal 0 0 1
    outer loop
      vertex -59.5282 -2.92443 64.1
      vertex -62.9241 -3.09126 64.1
      vertex -62.6966 -6.17508 64.1
    endloop
  endfacet
  facet normal 0 0 1
    outer loop
      vertex -59.6 0 64.1
      vertex -63 0 64.1
      vertex -62.9241 -3.09126 64.1
    endloop
  endfacet
  facet normal -0.949537 0.313656 0
    outer loop
      vertex -60.2872 18.2879 59.9
      vertex -59.3173 21.2241 64.1
      vertex -59.3173 21.2241 59.9
    endloop
  endfacet
  facet normal -0.949537 0.313656 0
    outer loop
      vertex -59.3173 21.2241 64.1
      vertex -60.2872 18.2879 59.9
      vertex -60.2872 18.2879 64.1
    endloop
  endfacet
  facet normal -0.975703 0.219097 0
    outer loop
      vertex -61.7895 12.2907 59.9
      vertex -61.112 15.3078 64.1
      vertex -61.112 15.3078 59.9
    endloop
  endfacet
  facet normal -0.975703 0.219097 0
    outer loop
      vertex -61.112 15.3078 64.1
      vertex -61.7895 12.2907 59.9
      vertex -61.7895 12.2907 64.1
    endloop
  endfacet
  facet normal -0.870094 0.492886 0
    outer loop
      vertex -55.561 29.698 59.9
      vertex -54.0369 32.3885 64.1
      vertex -54.0369 32.3885 59.9
    endloop
  endfacet
  facet normal -0.870094 0.492886 0
    outer loop
      vertex -54.0369 32.3885 64.1
      vertex -55.561 29.698 59.9
      vertex -55.561 29.698 64.1
    endloop
  endfacet
  facet normal -0.724244 0.689544 0
    outer loop
      vertex -46.6799 42.3082 59.9
      vertex -44.5477 44.5477 64.1
      vertex -44.5477 44.5477 59.9
    endloop
  endfacet
  facet normal -0.724244 0.689544 0
    outer loop
      vertex -44.5477 44.5477 64.1
      vertex -46.6799 42.3082 59.9
      vertex -46.6799 42.3082 64.1
    endloop
  endfacet
  facet normal -0.817594 0.575795 0
    outer loop
      vertex -52.3826 35.0009 59.9
      vertex -50.6021 37.5291 64.1
      vertex -50.6021 37.5291 59.9
    endloop
  endfacet
  facet normal -0.817594 0.575795 0
    outer loop
      vertex -50.6021 37.5291 64.1
      vertex -52.3826 35.0009 59.9
      vertex -52.3826 35.0009 64.1
    endloop
  endfacet
  facet normal 0.975703 -0.219097 0
    outer loop
      vertex 61.112 -15.3078 64.1
      vertex 61.7895 -12.2907 59.9
      vertex 61.7895 -12.2907 64.1
    endloop
  endfacet
  facet normal 0.975703 -0.219097 0
    outer loop
      vertex 61.7895 -12.2907 59.9
      vertex 61.112 -15.3078 64.1
      vertex 61.112 -15.3078 59.9
    endloop
  endfacet
  facet normal 0.98528 -0.170946 0
    outer loop
      vertex 61.7895 -12.2907 64.1
      vertex 62.3181 -9.24402 59.9
      vertex 62.3181 -9.24402 64.1
    endloop
  endfacet
  facet normal 0.98528 -0.170946 0
    outer loop
      vertex 62.3181 -9.24402 59.9
      vertex 61.7895 -12.2907 64.1
      vertex 61.7895 -12.2907 59.9
    endloop
  endfacet
  facet normal 0.99248 -0.122405 0
    outer loop
      vertex 62.3181 -9.24402 64.1
      vertex 62.6966 -6.17508 59.9
      vertex 62.6966 -6.17508 64.1
    endloop
  endfacet
  facet normal 0.99248 -0.122405 0
    outer loop
      vertex 62.6966 -6.17508 59.9
      vertex 62.3181 -9.24402 64.1
      vertex 62.3181 -9.24402 59.9
    endloop
  endfacet
  facet normal 0 0 -1
    outer loop
      vertex 62.7108 -0.0476935 59.9
      vertex 63 0 59.9
      vertex 62.9241 -3.09126 59.9
    endloop
  endfacet
  facet normal 0 0 -1
    outer loop
      vertex 62.7108 0.0476935 59.9
      vertex 63 0 59.9
      vertex 62.712 0 59.9
    endloop
  endfacet
  facet normal -0 0 -1
    outer loop
      vertex 63 0 59.9
      vertex 62.7108 -0.0476935 59.9
      vertex 62.712 0 59.9
    endloop
  endfacet
  facet normal 0 0 -1
    outer loop
      vertex 62.4135 -6.09927 59.9
      vertex 62.9241 -3.09126 59.9
      vertex 62.6966 -6.17508 59.9
    endloop
  endfacet
  facet normal 0 0 -1
    outer loop
      vertex 62.9241 -3.09126 59.9
      vertex 62.6365 -3.07713 59.9
      vertex 62.7108 -0.0476935 59.9
    endloop
  endfacet
  facet normal -0 0 -1
    outer loop
      vertex 62.9241 -3.09126 59.9
      vertex 62.4135 -6.09927 59.9
      vertex 62.6365 -3.07713 59.9
    endloop
  endfacet
  facet normal 0 0 -1
    outer loop
      vertex 62.6966 -6.17508 59.9
      vertex 62.41 -6.14685 59.9
      vertex 62.4135 -6.09927 59.9
    endloop
  endfacet
  facet normal 0 0 -1
    outer loop
      vertex 62.0391 -9.15441 59.9
      vertex 62.6966 -6.17508 59.9
      vertex 62.3181 -9.24402 59.9
    endloop
  endfacet
  facet normal -0 0 -1
    outer loop
      vertex 62.6966 -6.17508 59.9
      vertex 62.0391 -9.15441 59.9
      vertex 62.41 -6.14685 59.9
    endloop
  endfacet
  facet normal 0 0 -1
    outer loop
      vertex 62.3181 -9.24402 59.9
      vertex 62.0332 -9.20176 59.9
      vertex 62.0391 -9.15441 59.9
    endloop
  endfacet
  facet normal -0 0 -1
    outer loop
      vertex 62.3181 -9.24402 59.9
      vertex 62.0251 -9.24877 59.9
      vertex 62.0332 -9.20176 59.9
    endloop
  endfacet
  facet normal 0 0 -1
    outer loop
      vertex 61.7895 -12.2907 59.9
      vertex 62.0251 -9.24877 59.9
      vertex 62.3181 -9.24402 59.9
    endloop
  endfacet
  facet normal 0 0 -1
    outer loop
      vertex 61.7895 -12.2907 59.9
      vertex 61.507 -12.2345 59.9
      vertex 62.0251 -9.24877 59.9
    endloop
  endfacet
  facet normal 0 0 -1
    outer loop
      vertex 61.7895 -12.2907 59.9
      vertex 61.4966 -12.2811 59.9
      vertex 61.507 -12.2345 59.9
    endloop
  endfacet
  facet normal 0 0 -1
    outer loop
      vertex 61.112 -15.3078 59.9
      vertex 61.4966 -12.2811 59.9
      vertex 61.7895 -12.2907 59.9
    endloop
  endfacet
  facet normal 0 0 -1
    outer loop
      vertex 61.112 -15.3078 59.9
      vertex 60.8326 -15.2378 59.9
      vertex 61.4966 -12.2811 59.9
    endloop
  endfacet
  facet normal 0 0 -1
    outer loop
      vertex 60.0244 -18.1584 59.9
      vertex 61.112 -15.3078 59.9
      vertex 60.2872 -18.2879 59.9
    endloop
  endfacet
  facet normal -0 0 -1
    outer loop
      vertex 61.112 -15.3078 59.9
      vertex 60.0244 -18.1584 59.9
      vertex 60.8326 -15.2378 59.9
    endloop
  endfacet
  facet normal 0 0 -1
    outer loop
      vertex 60.2872 -18.2879 59.9
      vertex 60.0116 -18.2043 59.9
      vertex 60.0244 -18.1584 59.9
    endloop
  endfacet
  facet normal 0 0 -1
    outer loop
      vertex 60.2872 -18.2879 59.9
      vertex 59.9967 -18.2496 59.9
      vertex 60.0116 -18.2043 59.9
    endloop
  endfacet
  facet normal 0 0 -1
    outer loop
      vertex 59.3173 -21.2241 59.9
      vertex 59.9967 -18.2496 59.9
      vertex 60.2872 -18.2879 59.9
    endloop
  endfacet
  facet normal 0 0 -1
    outer loop
      vertex 59.3173 -21.2241 59.9
      vertex 59.0461 -21.127 59.9
      vertex 59.9967 -18.2496 59.9
    endloop
  endfacet
  facet normal 0 0 -1
    outer loop
      vertex 59.3173 -21.2241 59.9
      vertex 59.0289 -21.1715 59.9
      vertex 59.0461 -21.127 59.9
    endloop
  endfacet
  facet normal 0 0 -1
    outer loop
      vertex 58.2044 -24.1091 59.9
      vertex 59.0289 -21.1715 59.9
      vertex 59.3173 -21.2241 59.9
    endloop
  endfacet
  facet normal 0 0 -1
    outer loop
      vertex 58.2044 -24.1091 59.9
      vertex 57.9383 -23.9988 59.9
      vertex 59.0289 -21.1715 59.9
    endloop
  endfacet
  facet normal 0 0 -1
    outer loop
      vertex 56.7103 -26.7692 59.9
      vertex 58.2044 -24.1091 59.9
      vertex 56.9513 -26.936 59.9
    endloop
  endfacet
  facet normal -0 0 -1
    outer loop
      vertex 58.2044 -24.1091 59.9
      vertex 56.7103 -26.7692 59.9
      vertex 57.9383 -23.9988 59.9
    endloop
  endfacet
  facet normal 0 0 -1
    outer loop
      vertex 56.9513 -26.936 59.9
      vertex 56.691 -26.8128 59.9
      vertex 56.7103 -26.7692 59.9
    endloop
  endfacet
  facet normal 0 0 -1
    outer loop
      vertex 56.9513 -26.936 59.9
      vertex 56.6695 -26.8554 59.9
      vertex 56.691 -26.8128 59.9
    endloop
  endfacet
  facet normal 0 0 -1
    outer loop
      vertex 55.561 -29.698 59.9
      vertex 56.6695 -26.8554 59.9
      vertex 56.9513 -26.936 59.9
    endloop
  endfacet
  facet normal 0 0 -1
    outer loop
      vertex 55.561 -29.698 59.9
      vertex 55.307 -29.5622 59.9
      vertex 56.6695 -26.8554 59.9
    endloop
  endfacet
  facet normal 0 0 -1
    outer loop
      vertex 53.8134 -32.1989 59.9
      vertex 55.561 -29.698 59.9
      vertex 54.0369 -32.3885 59.9
    endloop
  endfacet
  facet normal -0 0 -1
    outer loop
      vertex 55.561 -29.698 59.9
      vertex 53.8134 -32.1989 59.9
      vertex 55.307 -29.5622 59.9
    endloop
  endfacet
  facet normal 0 0 -1
    outer loop
      vertex 54.0369 -32.3885 59.9
      vertex 53.7899 -32.2404 59.9
      vertex 53.8134 -32.1989 59.9
    endloop
  endfacet
  facet normal 0 0 -1
    outer loop
      vertex 54.0369 -32.3885 59.9
      vertex 53.7644 -32.2807 59.9
      vertex 53.7899 -32.2404 59.9
    endloop
  endfacet
  facet normal 0 0 -1
    outer loop
      vertex 52.3826 -35.0009 59.9
      vertex 53.7644 -32.2807 59.9
      vertex 54.0369 -32.3885 59.9
    endloop
  endfacet
  facet normal 0 0 -1
    outer loop
      vertex 52.3826 -35.0009 59.9
      vertex 52.1431 -34.8409 59.9
      vertex 53.7644 -32.2807 59.9
    endloop
  endfacet
  facet normal 0 0 -1
    outer loop
      vertex 52.3826 -35.0009 59.9
      vertex 52.1157 -34.8799 59.9
      vertex 52.1431 -34.8409 59.9
    endloop
  endfacet
  facet normal 0 0 -1
    outer loop
      vertex 50.6021 -37.5291 59.9
      vertex 52.1157 -34.8799 59.9
      vertex 52.3826 -35.0009 59.9
    endloop
  endfacet
  facet normal 0 0 -1
    outer loop
      vertex 50.6021 -37.5291 59.9
      vertex 50.3708 -37.3575 59.9
      vertex 52.1157 -34.8799 59.9
    endloop
  endfacet
  facet normal 0 0 -1
    outer loop
      vertex 48.5064 -39.7465 59.9
      vertex 50.6021 -37.5291 59.9
      vertex 48.6997 -39.9668 59.9
    endloop
  endfacet
  facet normal -0 0 -1
    outer loop
      vertex 50.6021 -37.5291 59.9
      vertex 48.5064 -39.7465 59.9
      vertex 50.3708 -37.3575 59.9
    endloop
  endfacet
  facet normal 0 0 -1
    outer loop
      vertex 48.6997 -39.9668 59.9
      vertex 48.477 -39.7841 59.9
      vertex 48.5064 -39.7465 59.9
    endloop
  endfacet
  facet normal 0 0 -1
    outer loop
      vertex 48.6997 -39.9668 59.9
      vertex 48.4459 -39.8202 59.9
      vertex 48.477 -39.7841 59.9
    endloop
  endfacet
  facet normal 0 0 -1
    outer loop
      vertex 46.6799 -42.3082 59.9
      vertex 48.4459 -39.8202 59.9
      vertex 48.6997 -39.9668 59.9
    endloop
  endfacet
  facet normal 0 0 -1
    outer loop
      vertex 46.6799 -42.3082 59.9
      vertex 46.4665 -42.1148 59.9
      vertex 48.4459 -39.8202 59.9
    endloop
  endfacet
  facet normal 0 0 -1
    outer loop
      vertex 44.377 -44.3095 59.9
      vertex 46.6799 -42.3082 59.9
      vertex 44.5477 -44.5477 59.9
    endloop
  endfacet
  facet normal -0 0 -1
    outer loop
      vertex 46.6799 -42.3082 59.9
      vertex 44.377 -44.3095 59.9
      vertex 46.4665 -42.1148 59.9
    endloop
  endfacet
  facet normal 0 0 -1
    outer loop
      vertex 44.5477 -44.5477 59.9
      vertex 44.3441 -44.3441 59.9
      vertex 44.377 -44.3095 59.9
    endloop
  endfacet
  facet normal 0 0 -1
    outer loop
      vertex 44.5477 -44.5477 59.9
      vertex 44.3095 -44.377 59.9
      vertex 44.3441 -44.3441 59.9
    endloop
  endfacet
  facet normal 0 0 -1
    outer loop
      vertex 42.3082 -46.6799 59.9
      vertex 44.3095 -44.377 59.9
      vertex 44.5477 -44.5477 59.9
    endloop
  endfacet
  facet normal 0 0 -1
    outer loop
      vertex 42.3082 -46.6799 59.9
      vertex 42.1148 -46.4665 59.9
      vertex 44.3095 -44.377 59.9
    endloop
  endfacet
  facet normal 0 0 -1
    outer loop
      vertex 39.8202 -48.4459 59.9
      vertex 42.3082 -46.6799 59.9
      vertex 39.9668 -48.6997 59.9
    endloop
  endfacet
  facet normal -0 0 -1
    outer loop
      vertex 42.3082 -46.6799 59.9
      vertex 39.8202 -48.4459 59.9
      vertex 42.1148 -46.4665 59.9
    endloop
  endfacet
  facet normal 0 0 -1
    outer loop
      vertex 39.9668 -48.6997 59.9
      vertex 39.7841 -48.477 59.9
      vertex 39.8202 -48.4459 59.9
    endloop
  endfacet
  facet normal 0 0 -1
    outer loop
      vertex 39.9668 -48.6997 59.9
      vertex 39.7465 -48.5064 59.9
      vertex 39.7841 -48.477 59.9
    endloop
  endfacet
  facet normal 0 0 -1
    outer loop
      vertex 37.5291 -50.6021 59.9
      vertex 39.7465 -48.5064 59.9
      vertex 39.9668 -48.6997 59.9
    endloop
  endfacet
  facet normal 0 0 -1
    outer loop
      vertex 37.5291 -50.6021 59.9
      vertex 37.3575 -50.3708 59.9
      vertex 39.7465 -48.5064 59.9
    endloop
  endfacet
  facet normal 0 0 -1
    outer loop
      vertex 34.8799 -52.1157 59.9
      vertex 37.5291 -50.6021 59.9
      vertex 35.0009 -52.3826 59.9
    endloop
  endfacet
  facet normal -0 0 -1
    outer loop
      vertex 37.5291 -50.6021 59.9
      vertex 34.8799 -52.1157 59.9
      vertex 37.3575 -50.3708 59.9
    endloop
  endfacet
  facet normal 0 0 -1
    outer loop
      vertex 35.0009 -52.3826 59.9
      vertex 34.8409 -52.1431 59.9
      vertex 34.8799 -52.1157 59.9
    endloop
  endfacet
  facet normal 0 0 -1
    outer loop
      vertex 32.2807 -53.7644 59.9
      vertex 35.0009 -52.3826 59.9
      vertex 32.3885 -54.0369 59.9
    endloop
  endfacet
  facet normal -0 0 -1
    outer loop
      vertex 35.0009 -52.3826 59.9
      vertex 32.2807 -53.7644 59.9
      vertex 34.8409 -52.1431 59.9
    endloop
  endfacet
  facet normal 0 0 -1
    outer loop
      vertex 32.3885 -54.0369 59.9
      vertex 32.2404 -53.7899 59.9
      vertex 32.2807 -53.7644 59.9
    endloop
  endfacet
  facet normal 0 0 -1
    outer loop
      vertex 32.3885 -54.0369 59.9
      vertex 32.1989 -53.8134 59.9
      vertex 32.2404 -53.7899 59.9
    endloop
  endfacet
  facet normal 0 0 -1
    outer loop
      vertex 29.698 -55.561 59.9
      vertex 32.1989 -53.8134 59.9
      vertex 32.3885 -54.0369 59.9
    endloop
  endfacet
  facet normal 0 0 -1
    outer loop
      vertex 29.698 -55.561 59.9
      vertex 29.5622 -55.307 59.9
      vertex 32.1989 -53.8134 59.9
    endloop
  endfacet
  facet normal 0 0 -1
    outer loop
      vertex 26.8554 -56.6695 59.9
      vertex 29.698 -55.561 59.9
      vertex 26.936 -56.9513 59.9
    endloop
  endfacet
  facet normal -0 0 -1
    outer loop
      vertex 29.698 -55.561 59.9
      vertex 26.8554 -56.6695 59.9
      vertex 29.5622 -55.307 59.9
    endloop
  endfacet
  facet normal 0 0 -1
    outer loop
      vertex 26.936 -56.9513 59.9
      vertex 26.8128 -56.691 59.9
      vertex 26.8554 -56.6695 59.9
    endloop
  endfacet
  facet normal 0 0 -1
    outer loop
      vertex 26.936 -56.9513 59.9
      vertex 26.7692 -56.7103 59.9
      vertex 26.8128 -56.691 59.9
    endloop
  endfacet
  facet normal 0 0 -1
    outer loop
      vertex 24.1091 -58.2044 59.9
      vertex 26.7692 -56.7103 59.9
      vertex 26.936 -56.9513 59.9
    endloop
  endfacet
  facet normal 0 0 -1
    outer loop
      vertex 24.1091 -58.2044 59.9
      vertex 23.9988 -57.9383 59.9
      vertex 26.7692 -56.7103 59.9
    endloop
  endfacet
  facet normal 0 0 -1
    outer loop
      vertex 21.1715 -59.0289 59.9
      vertex 24.1091 -58.2044 59.9
      vertex 21.2241 -59.3173 59.9
    endloop
  endfacet
  facet normal -0 0 -1
    outer loop
      vertex 24.1091 -58.2044 59.9
      vertex 21.1715 -59.0289 59.9
      vertex 23.9988 -57.9383 59.9
    endloop
  endfacet
  facet normal 0 0 -1
    outer loop
      vertex 21.2241 -59.3173 59.9
      vertex 21.127 -59.0461 59.9
      vertex 21.1715 -59.0289 59.9
    endloop
  endfacet
  facet normal 0 0 -1
    outer loop
      vertex 18.2496 -59.9967 59.9
      vertex 21.2241 -59.3173 59.9
      vertex 18.2879 -60.2872 59.9
    endloop
  endfacet
  facet normal -0 0 -1
    outer loop
      vertex 21.2241 -59.3173 59.9
      vertex 18.2496 -59.9967 59.9
      vertex 21.127 -59.0461 59.9
    endloop
  endfacet
  facet normal 0 0 -1
    outer loop
      vertex 18.2879 -60.2872 59.9
      vertex 18.2043 -60.0116 59.9
      vertex 18.2496 -59.9967 59.9
    endloop
  endfacet
  facet normal 0 0 -1
    outer loop
      vertex 18.2879 -60.2872 59.9
      vertex 18.1584 -60.0244 59.9
      vertex 18.2043 -60.0116 59.9
    endloop
  endfacet
  facet normal 0 0 -1
    outer loop
      vertex 15.3078 -61.112 59.9
      vertex 18.1584 -60.0244 59.9
      vertex 18.2879 -60.2872 59.9
    endloop
  endfacet
  facet normal 0 0 -1
    outer loop
      vertex 15.3078 -61.112 59.9
      vertex 15.2378 -60.8326 59.9
      vertex 18.1584 -60.0244 59.9
    endloop
  endfacet
  facet normal 0 0 -1
    outer loop
      vertex 12.2811 -61.4966 59.9
      vertex 15.3078 -61.112 59.9
      vertex 12.2907 -61.7895 59.9
    endloop
  endfacet
  facet normal -0 0 -1
    outer loop
      vertex 15.3078 -61.112 59.9
      vertex 12.2811 -61.4966 59.9
      vertex 15.2378 -60.8326 59.9
    endloop
  endfacet
  facet normal 0 0 -1
    outer loop
      vertex 12.2907 -61.7895 59.9
      vertex 12.2345 -61.507 59.9
      vertex 12.2811 -61.4966 59.9
    endloop
  endfacet
  facet normal -0 0 -1
    outer loop
      vertex 12.2907 -61.7895 59.9
      vertex 9.24877 -62.0251 59.9
      vertex 12.2345 -61.507 59.9
    endloop
  endfacet
  facet normal 0 0 -1
    outer loop
      vertex 9.24402 -62.3181 59.9
      vertex 9.24877 -62.0251 59.9
      vertex 12.2907 -61.7895 59.9
    endloop
  endfacet
  facet normal 0 0 -1
    outer loop
      vertex 9.24402 -62.3181 59.9
      vertex 9.20176 -62.0332 59.9
      vertex 9.24877 -62.0251 59.9
    endloop
  endfacet
  facet normal 0 0 -1
    outer loop
      vertex 9.24402 -62.3181 59.9
      vertex 9.15441 -62.0391 59.9
      vertex 9.20176 -62.0332 59.9
    endloop
  endfacet
  facet normal 0 0 -1
    outer loop
      vertex 6.17508 -62.6966 59.9
      vertex 9.15441 -62.0391 59.9
      vertex 9.24402 -62.3181 59.9
    endloop
  endfacet
  facet normal 0 0 -1
    outer loop
      vertex 6.17508 -62.6966 59.9
      vertex 6.14685 -62.41 59.9
      vertex 9.15441 -62.0391 59.9
    endloop
  endfacet
  facet normal 0 0 -1
    outer loop
      vertex 6.17508 -62.6966 59.9
      vertex 6.09927 -62.4135 59.9
      vertex 6.14685 -62.41 59.9
    endloop
  endfacet
  facet normal 0 0 -1
    outer loop
      vertex 3.09126 -62.9241 59.9
      vertex 6.09927 -62.4135 59.9
      vertex 6.17508 -62.6966 59.9
    endloop
  endfacet
  facet normal 0 0 -1
    outer loop
      vertex 3.09126 -62.9241 59.9
      vertex 3.07713 -62.6365 59.9
      vertex 6.09927 -62.4135 59.9
    endloop
  endfacet
  facet normal 0 0 -1
    outer loop
      vertex 3.09126 -62.9241 59.9
      vertex 0.0476935 -62.7108 59.9
      vertex 3.07713 -62.6365 59.9
    endloop
  endfacet
  facet normal 0 0 -1
    outer loop
      vertex 0 -63 59.9
      vertex 0.0476935 -62.7108 59.9
      vertex 3.09126 -62.9241 59.9
    endloop
  endfacet
  facet normal 0 0 -1
    outer loop
      vertex 0 -63 59.9
      vertex 0 -62.712 59.9
      vertex 0.0476935 -62.7108 59.9
    endloop
  endfacet
  facet normal 0 0 -1
    outer loop
      vertex 0 -63 59.9
      vertex -0.0476935 -62.7108 59.9
      vertex 0 -62.712 59.9
    endloop
  endfacet
  facet normal 0 0 -1
    outer loop
      vertex -3.09126 -62.9241 59.9
      vertex -0.0476935 -62.7108 59.9
      vertex 0 -63 59.9
    endloop
  endfacet
  facet normal -0 0 -1
    outer loop
      vertex -0.0476935 -62.7108 59.9
      vertex -3.09126 -62.9241 59.9
      vertex -3.07713 -62.6365 59.9
    endloop
  endfacet
  facet normal 0 0 -1
    outer loop
      vertex -3.09126 -62.9241 59.9
      vertex -6.09927 -62.4135 59.9
      vertex -3.07713 -62.6365 59.9
    endloop
  endfacet
  facet normal 0 0 -1
    outer loop
      vertex -6.17508 -62.6966 59.9
      vertex -6.09927 -62.4135 59.9
      vertex -3.09126 -62.9241 59.9
    endloop
  endfacet
  facet normal -0 0 -1
    outer loop
      vertex -6.09927 -62.4135 59.9
      vertex -6.17508 -62.6966 59.9
      vertex -6.14685 -62.41 59.9
    endloop
  endfacet
  facet normal 0 0 -1
    outer loop
      vertex -6.17508 -62.6966 59.9
      vertex -9.15441 -62.0391 59.9
      vertex -6.14685 -62.41 59.9
    endloop
  endfacet
  facet normal 0 0 -1
    outer loop
      vertex -9.24402 -62.3181 59.9
      vertex -9.15441 -62.0391 59.9
      vertex -6.17508 -62.6966 59.9
    endloop
  endfacet
  facet normal -0 0 -1
    outer loop
      vertex -9.15441 -62.0391 59.9
      vertex -9.24402 -62.3181 59.9
      vertex -9.20176 -62.0332 59.9
    endloop
  endfacet
  facet normal 0 0 -1
    outer loop
      vertex -9.24402 -62.3181 59.9
      vertex -9.24877 -62.0251 59.9
      vertex -9.20176 -62.0332 59.9
    endloop
  endfacet
  facet normal 0 0 -1
    outer loop
      vertex -12.2907 -61.7895 59.9
      vertex -9.24877 -62.0251 59.9
      vertex -9.24402 -62.3181 59.9
    endloop
  endfacet
  facet normal 0 0 -1
    outer loop
      vertex -9.24877 -62.0251 59.9
      vertex -12.2907 -61.7895 59.9
      vertex -12.2345 -61.507 59.9
    endloop
  endfacet
  facet normal -0 0 -1
    outer loop
      vertex -12.2345 -61.507 59.9
      vertex -12.2907 -61.7895 59.9
      vertex -12.2811 -61.4966 59.9
    endloop
  endfacet
  facet normal 0 0 -1
    outer loop
      vertex -15.3078 -61.112 59.9
      vertex -12.2811 -61.4966 59.9
      vertex -12.2907 -61.7895 59.9
    endloop
  endfacet
  facet normal 0 0 -1
    outer loop
      vertex -12.2811 -61.4966 59.9
      vertex -15.3078 -61.112 59.9
      vertex -15.2378 -60.8326 59.9
    endloop
  endfacet
  facet normal 0 0 -1
    outer loop
      vertex -15.3078 -61.112 59.9
      vertex -18.1584 -60.0244 59.9
      vertex -15.2378 -60.8326 59.9
    endloop
  endfacet
  facet normal 0 0 -1
    outer loop
      vertex -18.2879 -60.2872 59.9
      vertex -18.1584 -60.0244 59.9
      vertex -15.3078 -61.112 59.9
    endloop
  endfacet
  facet normal -0 0 -1
    outer loop
      vertex -18.1584 -60.0244 59.9
      vertex -18.2879 -60.2872 59.9
      vertex -18.2043 -60.0116 59.9
    endloop
  endfacet
  facet normal -0 0 -1
    outer loop
      vertex -18.2043 -60.0116 59.9
      vertex -18.2879 -60.2872 59.9
      vertex -18.2496 -59.9967 59.9
    endloop
  endfacet
  facet normal 0 0 -1
    outer loop
      vertex -21.2241 -59.3173 59.9
      vertex -18.2496 -59.9967 59.9
      vertex -18.2879 -60.2872 59.9
    endloop
  endfacet
  facet normal 0 0 -1
    outer loop
      vertex -18.2496 -59.9967 59.9
      vertex -21.2241 -59.3173 59.9
      vertex -21.127 -59.0461 59.9
    endloop
  endfacet
  facet normal -0 0 -1
    outer loop
      vertex -21.127 -59.0461 59.9
      vertex -21.2241 -59.3173 59.9
      vertex -21.1715 -59.0289 59.9
    endloop
  endfacet
  facet normal 0 0 -1
    outer loop
      vertex -24.1091 -58.2044 59.9
      vertex -21.1715 -59.0289 59.9
      vertex -21.2241 -59.3173 59.9
    endloop
  endfacet
  facet normal 0 0 -1
    outer loop
      vertex -21.1715 -59.0289 59.9
      vertex -24.1091 -58.2044 59.9
      vertex -23.9988 -57.9383 59.9
    endloop
  endfacet
  facet normal 0 0 -1
    outer loop
      vertex -24.1091 -58.2044 59.9
      vertex -26.7692 -56.7103 59.9
      vertex -23.9988 -57.9383 59.9
    endloop
  endfacet
  facet normal 0 0 -1
    outer loop
      vertex -26.936 -56.9513 59.9
      vertex -26.7692 -56.7103 59.9
      vertex -24.1091 -58.2044 59.9
    endloop
  endfacet
  facet normal -0 0 -1
    outer loop
      vertex -26.7692 -56.7103 59.9
      vertex -26.936 -56.9513 59.9
      vertex -26.8128 -56.691 59.9
    endloop
  endfacet
  facet normal -0 0 -1
    outer loop
      vertex -26.8128 -56.691 59.9
      vertex -26.936 -56.9513 59.9
      vertex -26.8554 -56.6695 59.9
    endloop
  endfacet
  facet normal 0 0 -1
    outer loop
      vertex -29.698 -55.561 59.9
      vertex -26.8554 -56.6695 59.9
      vertex -26.936 -56.9513 59.9
    endloop
  endfacet
  facet normal 0 0 -1
    outer loop
      vertex -26.8554 -56.6695 59.9
      vertex -29.698 -55.561 59.9
      vertex -29.5622 -55.307 59.9
    endloop
  endfacet
  facet normal 0 0 -1
    outer loop
      vertex -29.698 -55.561 59.9
      vertex -32.1989 -53.8134 59.9
      vertex -29.5622 -55.307 59.9
    endloop
  endfacet
  facet normal 0 0 -1
    outer loop
      vertex -32.3885 -54.0369 59.9
      vertex -32.1989 -53.8134 59.9
      vertex -29.698 -55.561 59.9
    endloop
  endfacet
  facet normal -0 0 -1
    outer loop
      vertex -32.1989 -53.8134 59.9
      vertex -32.3885 -54.0369 59.9
      vertex -32.2404 -53.7899 59.9
    endloop
  endfacet
  facet normal -0 0 -1
    outer loop
      vertex -32.2404 -53.7899 59.9
      vertex -32.3885 -54.0369 59.9
      vertex -32.2807 -53.7644 59.9
    endloop
  endfacet
  facet normal 0 0 -1
    outer loop
      vertex -35.0009 -52.3826 59.9
      vertex -32.2807 -53.7644 59.9
      vertex -32.3885 -54.0369 59.9
    endloop
  endfacet
  facet normal 0 0 -1
    outer loop
      vertex -32.2807 -53.7644 59.9
      vertex -35.0009 -52.3826 59.9
      vertex -34.8409 -52.1431 59.9
    endloop
  endfacet
  facet normal -0 0 -1
    outer loop
      vertex -34.8409 -52.1431 59.9
      vertex -35.0009 -52.3826 59.9
      vertex -34.8799 -52.1157 59.9
    endloop
  endfacet
  facet normal 0 0 -1
    outer loop
      vertex -37.5291 -50.6021 59.9
      vertex -34.8799 -52.1157 59.9
      vertex -35.0009 -52.3826 59.9
    endloop
  endfacet
  facet normal 0 0 -1
    outer loop
      vertex -34.8799 -52.1157 59.9
      vertex -37.5291 -50.6021 59.9
      vertex -37.3575 -50.3708 59.9
    endloop
  endfacet
  facet normal 0 0 -1
    outer loop
      vertex -37.5291 -50.6021 59.9
      vertex -39.7465 -48.5064 59.9
      vertex -37.3575 -50.3708 59.9
    endloop
  endfacet
  facet normal 0 0 -1
    outer loop
      vertex -39.9668 -48.6997 59.9
      vertex -39.7465 -48.5064 59.9
      vertex -37.5291 -50.6021 59.9
    endloop
  endfacet
  facet normal -0 0 -1
    outer loop
      vertex -39.7465 -48.5064 59.9
      vertex -39.9668 -48.6997 59.9
      vertex -39.7841 -48.477 59.9
    endloop
  endfacet
  facet normal -0 0 -1
    outer loop
      vertex -39.7841 -48.477 59.9
      vertex -39.9668 -48.6997 59.9
      vertex -39.8202 -48.4459 59.9
    endloop
  endfacet
  facet normal 0 0 -1
    outer loop
      vertex -42.3082 -46.6799 59.9
      vertex -39.8202 -48.4459 59.9
      vertex -39.9668 -48.6997 59.9
    endloop
  endfacet
  facet normal 0 0 -1
    outer loop
      vertex -39.8202 -48.4459 59.9
      vertex -42.3082 -46.6799 59.9
      vertex -42.1148 -46.4665 59.9
    endloop
  endfacet
  facet normal 0 0 -1
    outer loop
      vertex -42.3082 -46.6799 59.9
      vertex -44.3095 -44.377 59.9
      vertex -42.1148 -46.4665 59.9
    endloop
  endfacet
  facet normal 0 0 -1
    outer loop
      vertex -44.5477 -44.5477 59.9
      vertex -44.3095 -44.377 59.9
      vertex -42.3082 -46.6799 59.9
    endloop
  endfacet
  facet normal -0 0 -1
    outer loop
      vertex -44.3095 -44.377 59.9
      vertex -44.5477 -44.5477 59.9
      vertex -44.3441 -44.3441 59.9
    endloop
  endfacet
  facet normal -0 0 -1
    outer loop
      vertex -44.3441 -44.3441 59.9
      vertex -44.5477 -44.5477 59.9
      vertex -44.377 -44.3095 59.9
    endloop
  endfacet
  facet normal 0 0 -1
    outer loop
      vertex -46.6799 -42.3082 59.9
      vertex -44.377 -44.3095 59.9
      vertex -44.5477 -44.5477 59.9
    endloop
  endfacet
  facet normal 0 0 -1
    outer loop
      vertex -44.377 -44.3095 59.9
      vertex -46.6799 -42.3082 59.9
      vertex -46.4665 -42.1148 59.9
    endloop
  endfacet
  facet normal 0 0 -1
    outer loop
      vertex -46.6799 -42.3082 59.9
      vertex -48.4459 -39.8202 59.9
      vertex -46.4665 -42.1148 59.9
    endloop
  endfacet
  facet normal 0 0 -1
    outer loop
      vertex -48.6997 -39.9668 59.9
      vertex -48.4459 -39.8202 59.9
      vertex -46.6799 -42.3082 59.9
    endloop
  endfacet
  facet normal -0 0 -1
    outer loop
      vertex -48.4459 -39.8202 59.9
      vertex -48.6997 -39.9668 59.9
      vertex -48.477 -39.7841 59.9
    endloop
  endfacet
  facet normal -0 0 -1
    outer loop
      vertex -48.477 -39.7841 59.9
      vertex -48.6997 -39.9668 59.9
      vertex -48.5064 -39.7465 59.9
    endloop
  endfacet
  facet normal 0 0 -1
    outer loop
      vertex -50.6021 -37.5291 59.9
      vertex -48.5064 -39.7465 59.9
      vertex -48.6997 -39.9668 59.9
    endloop
  endfacet
  facet normal 0 0 -1
    outer loop
      vertex -48.5064 -39.7465 59.9
      vertex -50.6021 -37.5291 59.9
      vertex -50.3708 -37.3575 59.9
    endloop
  endfacet
  facet normal 0 0 -1
    outer loop
      vertex -50.6021 -37.5291 59.9
      vertex -52.1157 -34.8799 59.9
      vertex -50.3708 -37.3575 59.9
    endloop
  endfacet
  facet normal 0 0 -1
    outer loop
      vertex -52.3826 -35.0009 59.9
      vertex -52.1157 -34.8799 59.9
      vertex -50.6021 -37.5291 59.9
    endloop
  endfacet
  facet normal -0 0 -1
    outer loop
      vertex -52.1157 -34.8799 59.9
      vertex -52.3826 -35.0009 59.9
      vertex -52.1431 -34.8409 59.9
    endloop
  endfacet
  facet normal 0 0 -1
    outer loop
      vertex -52.3826 -35.0009 59.9
      vertex -53.7644 -32.2807 59.9
      vertex -52.1431 -34.8409 59.9
    endloop
  endfacet
  facet normal 0 0 -1
    outer loop
      vertex -54.0369 -32.3885 59.9
      vertex -53.7644 -32.2807 59.9
      vertex -52.3826 -35.0009 59.9
    endloop
  endfacet
  facet normal -0 0 -1
    outer loop
      vertex -53.7644 -32.2807 59.9
      vertex -54.0369 -32.3885 59.9
      vertex -53.7899 -32.2404 59.9
    endloop
  endfacet
  facet normal -0 0 -1
    outer loop
      vertex -53.7899 -32.2404 59.9
      vertex -54.0369 -32.3885 59.9
      vertex -53.8134 -32.1989 59.9
    endloop
  endfacet
  facet normal 0 0 -1
    outer loop
      vertex -55.561 -29.698 59.9
      vertex -53.8134 -32.1989 59.9
      vertex -54.0369 -32.3885 59.9
    endloop
  endfacet
  facet normal 0 0 -1
    outer loop
      vertex -53.8134 -32.1989 59.9
      vertex -55.561 -29.698 59.9
      vertex -55.307 -29.5622 59.9
    endloop
  endfacet
  facet normal 0 0 -1
    outer loop
      vertex -55.561 -29.698 59.9
      vertex -56.6695 -26.8554 59.9
      vertex -55.307 -29.5622 59.9
    endloop
  endfacet
  facet normal 0 0 -1
    outer loop
      vertex -56.9513 -26.936 59.9
      vertex -56.6695 -26.8554 59.9
      vertex -55.561 -29.698 59.9
    endloop
  endfacet
  facet normal -0 0 -1
    outer loop
      vertex -56.6695 -26.8554 59.9
      vertex -56.9513 -26.936 59.9
      vertex -56.691 -26.8128 59.9
    endloop
  endfacet
  facet normal -0 0 -1
    outer loop
      vertex -56.691 -26.8128 59.9
      vertex -56.9513 -26.936 59.9
      vertex -56.7103 -26.7692 59.9
    endloop
  endfacet
  facet normal 0 0 -1
    outer loop
      vertex -58.2044 -24.1091 59.9
      vertex -56.7103 -26.7692 59.9
      vertex -56.9513 -26.936 59.9
    endloop
  endfacet
  facet normal 0 0 -1
    outer loop
      vertex -56.7103 -26.7692 59.9
      vertex -58.2044 -24.1091 59.9
      vertex -57.9383 -23.9988 59.9
    endloop
  endfacet
  facet normal 0 0 -1
    outer loop
      vertex -58.2044 -24.1091 59.9
      vertex -59.0289 -21.1715 59.9
      vertex -57.9383 -23.9988 59.9
    endloop
  endfacet
  facet normal 0 0 -1
    outer loop
      vertex -59.3173 -21.2241 59.9
      vertex -59.0289 -21.1715 59.9
      vertex -58.2044 -24.1091 59.9
    endloop
  endfacet
  facet normal -0 0 -1
    outer loop
      vertex -59.0289 -21.1715 59.9
      vertex -59.3173 -21.2241 59.9
      vertex -59.0461 -21.127 59.9
    endloop
  endfacet
  facet normal 0 0 -1
    outer loop
      vertex -59.3173 -21.2241 59.9
      vertex -59.9967 -18.2496 59.9
      vertex -59.0461 -21.127 59.9
    endloop
  endfacet
  facet normal 0 0 -1
    outer loop
      vertex -60.2872 -18.2879 59.9
      vertex -59.9967 -18.2496 59.9
      vertex -59.3173 -21.2241 59.9
    endloop
  endfacet
  facet normal -0 0 -1
    outer loop
      vertex -59.9967 -18.2496 59.9
      vertex -60.2872 -18.2879 59.9
      vertex -60.0116 -18.2043 59.9
    endloop
  endfacet
  facet normal -0 0 -1
    outer loop
      vertex -60.0116 -18.2043 59.9
      vertex -60.2872 -18.2879 59.9
      vertex -60.0244 -18.1584 59.9
    endloop
  endfacet
  facet normal 0 0 -1
    outer loop
      vertex -61.112 -15.3078 59.9
      vertex -60.0244 -18.1584 59.9
      vertex -60.2872 -18.2879 59.9
    endloop
  endfacet
  facet normal 0 0 -1
    outer loop
      vertex -60.0244 -18.1584 59.9
      vertex -61.112 -15.3078 59.9
      vertex -60.8326 -15.2378 59.9
    endloop
  endfacet
  facet normal 0 0 -1
    outer loop
      vertex -61.112 -15.3078 59.9
      vertex -61.4966 -12.2811 59.9
      vertex -60.8326 -15.2378 59.9
    endloop
  endfacet
  facet normal 0 0 -1
    outer loop
      vertex -61.7895 -12.2907 59.9
      vertex -61.4966 -12.2811 59.9
      vertex -61.112 -15.3078 59.9
    endloop
  endfacet
  facet normal -0 0 -1
    outer loop
      vertex -61.4966 -12.2811 59.9
      vertex -61.7895 -12.2907 59.9
      vertex -61.507 -12.2345 59.9
    endloop
  endfacet
  facet normal 0 0 -1
    outer loop
      vertex -61.7895 -12.2907 59.9
      vertex -62.0251 -9.24877 59.9
      vertex -61.507 -12.2345 59.9
    endloop
  endfacet
  facet normal 0 0 -1
    outer loop
      vertex -62.3181 -9.24402 59.9
      vertex -62.0251 -9.24877 59.9
      vertex -61.7895 -12.2907 59.9
    endloop
  endfacet
  facet normal 0 0 -1
    outer loop
      vertex -62.0251 -9.24877 59.9
      vertex -62.3181 -9.24402 59.9
      vertex -62.0332 -9.20176 59.9
    endloop
  endfacet
  facet normal -0 0 -1
    outer loop
      vertex -62.0332 -9.20176 59.9
      vertex -62.3181 -9.24402 59.9
      vertex -62.0391 -9.15441 59.9
    endloop
  endfacet
  facet normal 0 0 -1
    outer loop
      vertex -62.6966 -6.17508 59.9
      vertex -62.0391 -9.15441 59.9
      vertex -62.3181 -9.24402 59.9
    endloop
  endfacet
  facet normal 0 0 -1
    outer loop
      vertex -62.0391 -9.15441 59.9
      vertex -62.6966 -6.17508 59.9
      vertex -62.41 -6.14685 59.9
    endloop
  endfacet
  facet normal -0 0 -1
    outer loop
      vertex -62.41 -6.14685 59.9
      vertex -62.6966 -6.17508 59.9
      vertex -62.4135 -6.09927 59.9
    endloop
  endfacet
  facet normal 0 0 -1
    outer loop
      vertex -62.9241 -3.09126 59.9
      vertex -62.4135 -6.09927 59.9
      vertex -62.6966 -6.17508 59.9
    endloop
  endfacet
  facet normal 0 0 -1
    outer loop
      vertex -62.4135 -6.09927 59.9
      vertex -62.9241 -3.09126 59.9
      vertex -62.6365 -3.07713 59.9
    endloop
  endfacet
  facet normal -0 0 -1
    outer loop
      vertex -62.6365 -3.07713 59.9
      vertex -62.9241 -3.09126 59.9
      vertex -62.7108 -0.0476935 59.9
    endloop
  endfacet
  facet normal 0 0 -1
    outer loop
      vertex -63 0 59.9
      vertex -62.7108 -0.0476935 59.9
      vertex -62.9241 -3.09126 59.9
    endloop
  endfacet
  facet normal 0 0 -1
    outer loop
      vertex 63 0 59.9
      vertex 62.7108 0.0476935 59.9
      vertex 62.9241 3.09126 59.9
    endloop
  endfacet
  facet normal 0 0 -1
    outer loop
      vertex 62.6365 3.07713 59.9
      vertex 62.9241 3.09126 59.9
      vertex 62.7108 0.0476935 59.9
    endloop
  endfacet
  facet normal 0 0 -1
    outer loop
      vertex 62.4135 6.09927 59.9
      vertex 62.9241 3.09126 59.9
      vertex 62.6365 3.07713 59.9
    endloop
  endfacet
  facet normal 0 0 -1
    outer loop
      vertex 62.9241 3.09126 59.9
      vertex 62.4135 6.09927 59.9
      vertex 62.6966 6.17508 59.9
    endloop
  endfacet
  facet normal 0 0 -1
    outer loop
      vertex 62.41 6.14685 59.9
      vertex 62.6966 6.17508 59.9
      vertex 62.4135 6.09927 59.9
    endloop
  endfacet
  facet normal 0 0 -1
    outer loop
      vertex 62.0391 9.15441 59.9
      vertex 62.6966 6.17508 59.9
      vertex 62.41 6.14685 59.9
    endloop
  endfacet
  facet normal 0 0 -1
    outer loop
      vertex 62.6966 6.17508 59.9
      vertex 62.0391 9.15441 59.9
      vertex 62.3181 9.24402 59.9
    endloop
  endfacet
  facet normal 0 0 -1
    outer loop
      vertex 62.0332 9.20176 59.9
      vertex 62.3181 9.24402 59.9
      vertex 62.0391 9.15441 59.9
    endloop
  endfacet
  facet normal 0 0 -1
    outer loop
      vertex 62.0251 9.24877 59.9
      vertex 62.3181 9.24402 59.9
      vertex 62.0332 9.20176 59.9
    endloop
  endfacet
  facet normal 0 0 -1
    outer loop
      vertex 62.0251 9.24877 59.9
      vertex 61.7895 12.2907 59.9
      vertex 62.3181 9.24402 59.9
    endloop
  endfacet
  facet normal 0 0 -1
    outer loop
      vertex 61.507 12.2345 59.9
      vertex 61.7895 12.2907 59.9
      vertex 62.0251 9.24877 59.9
    endloop
  endfacet
  facet normal 0 0 -1
    outer loop
      vertex 61.4966 12.2811 59.9
      vertex 61.7895 12.2907 59.9
      vertex 61.507 12.2345 59.9
    endloop
  endfacet
  facet normal 0 0 -1
    outer loop
      vertex 61.4966 12.2811 59.9
      vertex 61.112 15.3078 59.9
      vertex 61.7895 12.2907 59.9
    endloop
  endfacet
  facet normal 0 0 -1
    outer loop
      vertex 60.8326 15.2378 59.9
      vertex 61.112 15.3078 59.9
      vertex 61.4966 12.2811 59.9
    endloop
  endfacet
  facet normal 0 0 -1
    outer loop
      vertex 60.0244 18.1584 59.9
      vertex 61.112 15.3078 59.9
      vertex 60.8326 15.2378 59.9
    endloop
  endfacet
  facet normal 0 0 -1
    outer loop
      vertex 61.112 15.3078 59.9
      vertex 60.0244 18.1584 59.9
      vertex 60.2872 18.2879 59.9
    endloop
  endfacet
  facet normal 0 0 -1
    outer loop
      vertex 60.0116 18.2043 59.9
      vertex 60.2872 18.2879 59.9
      vertex 60.0244 18.1584 59.9
    endloop
  endfacet
  facet normal 0 0 -1
    outer loop
      vertex 59.9967 18.2496 59.9
      vertex 60.2872 18.2879 59.9
      vertex 60.0116 18.2043 59.9
    endloop
  endfacet
  facet normal 0 0 -1
    outer loop
      vertex 59.9967 18.2496 59.9
      vertex 59.3173 21.2241 59.9
      vertex 60.2872 18.2879 59.9
    endloop
  endfacet
  facet normal 0 0 -1
    outer loop
      vertex 59.0461 21.127 59.9
      vertex 59.3173 21.2241 59.9
      vertex 59.9967 18.2496 59.9
    endloop
  endfacet
  facet normal 0 0 -1
    outer loop
      vertex 59.0289 21.1715 59.9
      vertex 59.3173 21.2241 59.9
      vertex 59.0461 21.127 59.9
    endloop
  endfacet
  facet normal 0 0 -1
    outer loop
      vertex 59.0289 21.1715 59.9
      vertex 58.2044 24.1091 59.9
      vertex 59.3173 21.2241 59.9
    endloop
  endfacet
  facet normal 0 0 -1
    outer loop
      vertex 57.9383 23.9988 59.9
      vertex 58.2044 24.1091 59.9
      vertex 59.0289 21.1715 59.9
    endloop
  endfacet
  facet normal 0 0 -1
    outer loop
      vertex 56.7103 26.7692 59.9
      vertex 58.2044 24.1091 59.9
      vertex 57.9383 23.9988 59.9
    endloop
  endfacet
  facet normal 0 0 -1
    outer loop
      vertex 58.2044 24.1091 59.9
      vertex 56.7103 26.7692 59.9
      vertex 56.9513 26.936 59.9
    endloop
  endfacet
  facet normal 0 0 -1
    outer loop
      vertex 56.691 26.8128 59.9
      vertex 56.9513 26.936 59.9
      vertex 56.7103 26.7692 59.9
    endloop
  endfacet
  facet normal 0 0 -1
    outer loop
      vertex 56.6695 26.8554 59.9
      vertex 56.9513 26.936 59.9
      vertex 56.691 26.8128 59.9
    endloop
  endfacet
  facet normal 0 0 -1
    outer loop
      vertex 56.6695 26.8554 59.9
      vertex 55.561 29.698 59.9
      vertex 56.9513 26.936 59.9
    endloop
  endfacet
  facet normal 0 0 -1
    outer loop
      vertex 55.307 29.5622 59.9
      vertex 55.561 29.698 59.9
      vertex 56.6695 26.8554 59.9
    endloop
  endfacet
  facet normal 0 0 -1
    outer loop
      vertex 53.8134 32.1989 59.9
      vertex 55.561 29.698 59.9
      vertex 55.307 29.5622 59.9
    endloop
  endfacet
  facet normal 0 0 -1
    outer loop
      vertex 55.561 29.698 59.9
      vertex 53.8134 32.1989 59.9
      vertex 54.0369 32.3885 59.9
    endloop
  endfacet
  facet normal 0 0 -1
    outer loop
      vertex 53.7899 32.2404 59.9
      vertex 54.0369 32.3885 59.9
      vertex 53.8134 32.1989 59.9
    endloop
  endfacet
  facet normal 0 0 -1
    outer loop
      vertex 53.7644 32.2807 59.9
      vertex 54.0369 32.3885 59.9
      vertex 53.7899 32.2404 59.9
    endloop
  endfacet
  facet normal 0 0 -1
    outer loop
      vertex 53.7644 32.2807 59.9
      vertex 52.3826 35.0009 59.9
      vertex 54.0369 32.3885 59.9
    endloop
  endfacet
  facet normal 0 0 -1
    outer loop
      vertex 52.1431 34.8409 59.9
      vertex 52.3826 35.0009 59.9
      vertex 53.7644 32.2807 59.9
    endloop
  endfacet
  facet normal 0 0 -1
    outer loop
      vertex 52.1157 34.8799 59.9
      vertex 52.3826 35.0009 59.9
      vertex 52.1431 34.8409 59.9
    endloop
  endfacet
  facet normal 0 0 -1
    outer loop
      vertex 52.1157 34.8799 59.9
      vertex 50.6021 37.5291 59.9
      vertex 52.3826 35.0009 59.9
    endloop
  endfacet
  facet normal 0 0 -1
    outer loop
      vertex 50.3708 37.3575 59.9
      vertex 50.6021 37.5291 59.9
      vertex 52.1157 34.8799 59.9
    endloop
  endfacet
  facet normal 0 0 -1
    outer loop
      vertex 48.5064 39.7465 59.9
      vertex 50.6021 37.5291 59.9
      vertex 50.3708 37.3575 59.9
    endloop
  endfacet
  facet normal 0 0 -1
    outer loop
      vertex 50.6021 37.5291 59.9
      vertex 48.5064 39.7465 59.9
      vertex 48.6997 39.9668 59.9
    endloop
  endfacet
  facet normal 0 0 -1
    outer loop
      vertex 48.477 39.7841 59.9
      vertex 48.6997 39.9668 59.9
      vertex 48.5064 39.7465 59.9
    endloop
  endfacet
  facet normal 0 0 -1
    outer loop
      vertex 48.4459 39.8202 59.9
      vertex 48.6997 39.9668 59.9
      vertex 48.477 39.7841 59.9
    endloop
  endfacet
  facet normal 0 0 -1
    outer loop
      vertex 48.4459 39.8202 59.9
      vertex 46.6799 42.3082 59.9
      vertex 48.6997 39.9668 59.9
    endloop
  endfacet
  facet normal 0 0 -1
    outer loop
      vertex 46.4665 42.1148 59.9
      vertex 46.6799 42.3082 59.9
      vertex 48.4459 39.8202 59.9
    endloop
  endfacet
  facet normal 0 0 -1
    outer loop
      vertex 44.377 44.3095 59.9
      vertex 46.6799 42.3082 59.9
      vertex 46.4665 42.1148 59.9
    endloop
  endfacet
  facet normal 0 0 -1
    outer loop
      vertex 46.6799 42.3082 59.9
      vertex 44.377 44.3095 59.9
      vertex 44.5477 44.5477 59.9
    endloop
  endfacet
  facet normal 0 0 -1
    outer loop
      vertex 44.3441 44.3441 59.9
      vertex 44.5477 44.5477 59.9
      vertex 44.377 44.3095 59.9
    endloop
  endfacet
  facet normal 0 0 -1
    outer loop
      vertex 44.3095 44.377 59.9
      vertex 44.5477 44.5477 59.9
      vertex 44.3441 44.3441 59.9
    endloop
  endfacet
  facet normal 0 0 -1
    outer loop
      vertex 44.3095 44.377 59.9
      vertex 42.3082 46.6799 59.9
      vertex 44.5477 44.5477 59.9
    endloop
  endfacet
  facet normal 0 0 -1
    outer loop
      vertex 42.1148 46.4665 59.9
      vertex 42.3082 46.6799 59.9
      vertex 44.3095 44.377 59.9
    endloop
  endfacet
  facet normal 0 0 -1
    outer loop
      vertex 39.8202 48.4459 59.9
      vertex 42.3082 46.6799 59.9
      vertex 42.1148 46.4665 59.9
    endloop
  endfacet
  facet normal 0 0 -1
    outer loop
      vertex 42.3082 46.6799 59.9
      vertex 39.8202 48.4459 59.9
      vertex 39.9668 48.6997 59.9
    endloop
  endfacet
  facet normal 0 0 -1
    outer loop
      vertex 39.7841 48.477 59.9
      vertex 39.9668 48.6997 59.9
      vertex 39.8202 48.4459 59.9
    endloop
  endfacet
  facet normal 0 0 -1
    outer loop
      vertex 39.7465 48.5064 59.9
      vertex 39.9668 48.6997 59.9
      vertex 39.7841 48.477 59.9
    endloop
  endfacet
  facet normal 0 0 -1
    outer loop
      vertex 39.7465 48.5064 59.9
      vertex 37.5291 50.6021 59.9
      vertex 39.9668 48.6997 59.9
    endloop
  endfacet
  facet normal 0 0 -1
    outer loop
      vertex 37.3575 50.3708 59.9
      vertex 37.5291 50.6021 59.9
      vertex 39.7465 48.5064 59.9
    endloop
  endfacet
  facet normal 0 0 -1
    outer loop
      vertex 34.8799 52.1157 59.9
      vertex 37.5291 50.6021 59.9
      vertex 37.3575 50.3708 59.9
    endloop
  endfacet
  facet normal 0 0 -1
    outer loop
      vertex 37.5291 50.6021 59.9
      vertex 34.8799 52.1157 59.9
      vertex 35.0009 52.3826 59.9
    endloop
  endfacet
  facet normal 0 0 -1
    outer loop
      vertex 34.8409 52.1431 59.9
      vertex 35.0009 52.3826 59.9
      vertex 34.8799 52.1157 59.9
    endloop
  endfacet
  facet normal 0 0 -1
    outer loop
      vertex 32.2807 53.7644 59.9
      vertex 35.0009 52.3826 59.9
      vertex 34.8409 52.1431 59.9
    endloop
  endfacet
  facet normal 0 0 -1
    outer loop
      vertex 35.0009 52.3826 59.9
      vertex 32.2807 53.7644 59.9
      vertex 32.3885 54.0369 59.9
    endloop
  endfacet
  facet normal 0 0 -1
    outer loop
      vertex 32.2404 53.7899 59.9
      vertex 32.3885 54.0369 59.9
      vertex 32.2807 53.7644 59.9
    endloop
  endfacet
  facet normal 0 0 -1
    outer loop
      vertex 32.1989 53.8134 59.9
      vertex 32.3885 54.0369 59.9
      vertex 32.2404 53.7899 59.9
    endloop
  endfacet
  facet normal 0 0 -1
    outer loop
      vertex 32.1989 53.8134 59.9
      vertex 29.698 55.561 59.9
      vertex 32.3885 54.0369 59.9
    endloop
  endfacet
  facet normal 0 0 -1
    outer loop
      vertex 29.5622 55.307 59.9
      vertex 29.698 55.561 59.9
      vertex 32.1989 53.8134 59.9
    endloop
  endfacet
  facet normal 0 0 -1
    outer loop
      vertex 26.8554 56.6695 59.9
      vertex 29.698 55.561 59.9
      vertex 29.5622 55.307 59.9
    endloop
  endfacet
  facet normal 0 0 -1
    outer loop
      vertex 29.698 55.561 59.9
      vertex 26.8554 56.6695 59.9
      vertex 26.936 56.9513 59.9
    endloop
  endfacet
  facet normal 0 0 -1
    outer loop
      vertex 26.8128 56.691 59.9
      vertex 26.936 56.9513 59.9
      vertex 26.8554 56.6695 59.9
    endloop
  endfacet
  facet normal 0 0 -1
    outer loop
      vertex 26.7692 56.7103 59.9
      vertex 26.936 56.9513 59.9
      vertex 26.8128 56.691 59.9
    endloop
  endfacet
  facet normal 0 0 -1
    outer loop
      vertex 26.7692 56.7103 59.9
      vertex 24.1091 58.2044 59.9
      vertex 26.936 56.9513 59.9
    endloop
  endfacet
  facet normal 0 0 -1
    outer loop
      vertex 23.9988 57.9383 59.9
      vertex 24.1091 58.2044 59.9
      vertex 26.7692 56.7103 59.9
    endloop
  endfacet
  facet normal 0 0 -1
    outer loop
      vertex 21.1715 59.0289 59.9
      vertex 24.1091 58.2044 59.9
      vertex 23.9988 57.9383 59.9
    endloop
  endfacet
  facet normal 0 0 -1
    outer loop
      vertex 24.1091 58.2044 59.9
      vertex 21.1715 59.0289 59.9
      vertex 21.2241 59.3173 59.9
    endloop
  endfacet
  facet normal 0 0 -1
    outer loop
      vertex 21.127 59.0461 59.9
      vertex 21.2241 59.3173 59.9
      vertex 21.1715 59.0289 59.9
    endloop
  endfacet
  facet normal 0 0 -1
    outer loop
      vertex 18.2496 59.9967 59.9
      vertex 21.2241 59.3173 59.9
      vertex 21.127 59.0461 59.9
    endloop
  endfacet
  facet normal 0 0 -1
    outer loop
      vertex 21.2241 59.3173 59.9
      vertex 18.2496 59.9967 59.9
      vertex 18.2879 60.2872 59.9
    endloop
  endfacet
  facet normal 0 0 -1
    outer loop
      vertex 18.2043 60.0116 59.9
      vertex 18.2879 60.2872 59.9
      vertex 18.2496 59.9967 59.9
    endloop
  endfacet
  facet normal 0 0 -1
    outer loop
      vertex 18.1584 60.0244 59.9
      vertex 18.2879 60.2872 59.9
      vertex 18.2043 60.0116 59.9
    endloop
  endfacet
  facet normal 0 0 -1
    outer loop
      vertex 18.1584 60.0244 59.9
      vertex 15.3078 61.112 59.9
      vertex 18.2879 60.2872 59.9
    endloop
  endfacet
  facet normal 0 0 -1
    outer loop
      vertex 15.2378 60.8326 59.9
      vertex 15.3078 61.112 59.9
      vertex 18.1584 60.0244 59.9
    endloop
  endfacet
  facet normal 0 0 -1
    outer loop
      vertex 12.2811 61.4966 59.9
      vertex 15.3078 61.112 59.9
      vertex 15.2378 60.8326 59.9
    endloop
  endfacet
  facet normal 0 0 -1
    outer loop
      vertex 15.3078 61.112 59.9
      vertex 12.2811 61.4966 59.9
      vertex 12.2907 61.7895 59.9
    endloop
  endfacet
  facet normal 0 0 -1
    outer loop
      vertex 12.2345 61.507 59.9
      vertex 12.2907 61.7895 59.9
      vertex 12.2811 61.4966 59.9
    endloop
  endfacet
  facet normal 0 0 -1
    outer loop
      vertex 9.24877 62.0251 59.9
      vertex 12.2907 61.7895 59.9
      vertex 12.2345 61.507 59.9
    endloop
  endfacet
  facet normal 0 0 -1
    outer loop
      vertex 9.24877 62.0251 59.9
      vertex 9.24402 62.3181 59.9
      vertex 12.2907 61.7895 59.9
    endloop
  endfacet
  facet normal 0 0 -1
    outer loop
      vertex 9.20176 62.0332 59.9
      vertex 9.24402 62.3181 59.9
      vertex 9.24877 62.0251 59.9
    endloop
  endfacet
  facet normal 0 0 -1
    outer loop
      vertex 9.15441 62.0391 59.9
      vertex 9.24402 62.3181 59.9
      vertex 9.20176 62.0332 59.9
    endloop
  endfacet
  facet normal 0 0 -1
    outer loop
      vertex 9.15441 62.0391 59.9
      vertex 6.17508 62.6966 59.9
      vertex 9.24402 62.3181 59.9
    endloop
  endfacet
  facet normal 0 0 -1
    outer loop
      vertex 6.14685 62.41 59.9
      vertex 6.17508 62.6966 59.9
      vertex 9.15441 62.0391 59.9
    endloop
  endfacet
  facet normal 0 0 -1
    outer loop
      vertex 6.09927 62.4135 59.9
      vertex 6.17508 62.6966 59.9
      vertex 6.14685 62.41 59.9
    endloop
  endfacet
  facet normal 0 0 -1
    outer loop
      vertex 6.09927 62.4135 59.9
      vertex 3.09126 62.9241 59.9
      vertex 6.17508 62.6966 59.9
    endloop
  endfacet
  facet normal 0 0 -1
    outer loop
      vertex 3.07713 62.6365 59.9
      vertex 3.09126 62.9241 59.9
      vertex 6.09927 62.4135 59.9
    endloop
  endfacet
  facet normal 0 0 -1
    outer loop
      vertex 0.0476935 62.7108 59.9
      vertex 3.09126 62.9241 59.9
      vertex 3.07713 62.6365 59.9
    endloop
  endfacet
  facet normal 0 0 -1
    outer loop
      vertex 0 63 59.9
      vertex 0.0476935 62.7108 59.9
      vertex 0 62.712 59.9
    endloop
  endfacet
  facet normal 0 0 -1
    outer loop
      vertex 0.0476935 62.7108 59.9
      vertex 0 63 59.9
      vertex 3.09126 62.9241 59.9
    endloop
  endfacet
  facet normal 0 0 -1
    outer loop
      vertex -0.0476935 62.7108 59.9
      vertex 0 63 59.9
      vertex 0 62.712 59.9
    endloop
  endfacet
  facet normal 0 0 -1
    outer loop
      vertex -3.09126 62.9241 59.9
      vertex -0.0476935 62.7108 59.9
      vertex -3.07713 62.6365 59.9
    endloop
  endfacet
  facet normal 0 0 -1
    outer loop
      vertex -0.0476935 62.7108 59.9
      vertex -3.09126 62.9241 59.9
      vertex 0 63 59.9
    endloop
  endfacet
  facet normal 0 0 -1
    outer loop
      vertex -6.09927 62.4135 59.9
      vertex -3.09126 62.9241 59.9
      vertex -3.07713 62.6365 59.9
    endloop
  endfacet
  facet normal 0 0 -1
    outer loop
      vertex -6.17508 62.6966 59.9
      vertex -6.09927 62.4135 59.9
      vertex -6.14685 62.41 59.9
    endloop
  endfacet
  facet normal 0 0 -1
    outer loop
      vertex -6.09927 62.4135 59.9
      vertex -6.17508 62.6966 59.9
      vertex -3.09126 62.9241 59.9
    endloop
  endfacet
  facet normal 0 0 -1
    outer loop
      vertex -9.15441 62.0391 59.9
      vertex -6.17508 62.6966 59.9
      vertex -6.14685 62.41 59.9
    endloop
  endfacet
  facet normal 0 0 -1
    outer loop
      vertex -9.24402 62.3181 59.9
      vertex -9.15441 62.0391 59.9
      vertex -9.20176 62.0332 59.9
    endloop
  endfacet
  facet normal 0 0 -1
    outer loop
      vertex -9.15441 62.0391 59.9
      vertex -9.24402 62.3181 59.9
      vertex -6.17508 62.6966 59.9
    endloop
  endfacet
  facet normal 0 0 -1
    outer loop
      vertex -9.24877 62.0251 59.9
      vertex -9.24402 62.3181 59.9
      vertex -9.20176 62.0332 59.9
    endloop
  endfacet
  facet normal 0 0 -1
    outer loop
      vertex -12.2907 61.7895 59.9
      vertex -9.24877 62.0251 59.9
      vertex -12.2345 61.507 59.9
    endloop
  endfacet
  facet normal 0 0 -1
    outer loop
      vertex -12.2907 61.7895 59.9
      vertex -12.2345 61.507 59.9
      vertex -12.2811 61.4966 59.9
    endloop
  endfacet
  facet normal -0 0 -1
    outer loop
      vertex -9.24877 62.0251 59.9
      vertex -12.2907 61.7895 59.9
      vertex -9.24402 62.3181 59.9
    endloop
  endfacet
  facet normal 0 0 -1
    outer loop
      vertex -15.3078 61.112 59.9
      vertex -12.2811 61.4966 59.9
      vertex -15.2378 60.8326 59.9
    endloop
  endfacet
  facet normal -0 0 -1
    outer loop
      vertex -12.2811 61.4966 59.9
      vertex -15.3078 61.112 59.9
      vertex -12.2907 61.7895 59.9
    endloop
  endfacet
  facet normal 0 0 -1
    outer loop
      vertex -18.1584 60.0244 59.9
      vertex -15.3078 61.112 59.9
      vertex -15.2378 60.8326 59.9
    endloop
  endfacet
  facet normal 0 0 -1
    outer loop
      vertex -18.2879 60.2872 59.9
      vertex -18.1584 60.0244 59.9
      vertex -18.2043 60.0116 59.9
    endloop
  endfacet
  facet normal 0 0 -1
    outer loop
      vertex -18.2879 60.2872 59.9
      vertex -18.2043 60.0116 59.9
      vertex -18.2496 59.9967 59.9
    endloop
  endfacet
  facet normal 0 0 -1
    outer loop
      vertex -18.1584 60.0244 59.9
      vertex -18.2879 60.2872 59.9
      vertex -15.3078 61.112 59.9
    endloop
  endfacet
  facet normal 0 0 -1
    outer loop
      vertex -21.2241 59.3173 59.9
      vertex -18.2496 59.9967 59.9
      vertex -21.127 59.0461 59.9
    endloop
  endfacet
  facet normal 0 0 -1
    outer loop
      vertex -21.2241 59.3173 59.9
      vertex -21.127 59.0461 59.9
      vertex -21.1715 59.0289 59.9
    endloop
  endfacet
  facet normal -0 0 -1
    outer loop
      vertex -18.2496 59.9967 59.9
      vertex -21.2241 59.3173 59.9
      vertex -18.2879 60.2872 59.9
    endloop
  endfacet
  facet normal 0 0 -1
    outer loop
      vertex -24.1091 58.2044 59.9
      vertex -21.1715 59.0289 59.9
      vertex -23.9988 57.9383 59.9
    endloop
  endfacet
  facet normal -0 0 -1
    outer loop
      vertex -21.1715 59.0289 59.9
      vertex -24.1091 58.2044 59.9
      vertex -21.2241 59.3173 59.9
    endloop
  endfacet
  facet normal 0 0 -1
    outer loop
      vertex -26.7692 56.7103 59.9
      vertex -24.1091 58.2044 59.9
      vertex -23.9988 57.9383 59.9
    endloop
  endfacet
  facet normal 0 0 -1
    outer loop
      vertex -26.936 56.9513 59.9
      vertex -26.7692 56.7103 59.9
      vertex -26.8128 56.691 59.9
    endloop
  endfacet
  facet normal 0 0 -1
    outer loop
      vertex -26.936 56.9513 59.9
      vertex -26.8128 56.691 59.9
      vertex -26.8554 56.6695 59.9
    endloop
  endfacet
  facet normal 0 0 -1
    outer loop
      vertex -26.7692 56.7103 59.9
      vertex -26.936 56.9513 59.9
      vertex -24.1091 58.2044 59.9
    endloop
  endfacet
  facet normal 0 0 -1
    outer loop
      vertex -29.698 55.561 59.9
      vertex -26.8554 56.6695 59.9
      vertex -29.5622 55.307 59.9
    endloop
  endfacet
  facet normal -0 0 -1
    outer loop
      vertex -26.8554 56.6695 59.9
      vertex -29.698 55.561 59.9
      vertex -26.936 56.9513 59.9
    endloop
  endfacet
  facet normal 0 0 -1
    outer loop
      vertex -32.1989 53.8134 59.9
      vertex -29.698 55.561 59.9
      vertex -29.5622 55.307 59.9
    endloop
  endfacet
  facet normal 0 0 -1
    outer loop
      vertex -32.3885 54.0369 59.9
      vertex -32.1989 53.8134 59.9
      vertex -32.2404 53.7899 59.9
    endloop
  endfacet
  facet normal 0 0 -1
    outer loop
      vertex -32.3885 54.0369 59.9
      vertex -32.2404 53.7899 59.9
      vertex -32.2807 53.7644 59.9
    endloop
  endfacet
  facet normal 0 0 -1
    outer loop
      vertex -32.1989 53.8134 59.9
      vertex -32.3885 54.0369 59.9
      vertex -29.698 55.561 59.9
    endloop
  endfacet
  facet normal 0 0 -1
    outer loop
      vertex -35.0009 52.3826 59.9
      vertex -32.2807 53.7644 59.9
      vertex -34.8409 52.1431 59.9
    endloop
  endfacet
  facet normal 0 0 -1
    outer loop
      vertex -35.0009 52.3826 59.9
      vertex -34.8409 52.1431 59.9
      vertex -34.8799 52.1157 59.9
    endloop
  endfacet
  facet normal -0 0 -1
    outer loop
      vertex -32.2807 53.7644 59.9
      vertex -35.0009 52.3826 59.9
      vertex -32.3885 54.0369 59.9
    endloop
  endfacet
  facet normal 0 0 -1
    outer loop
      vertex -37.5291 50.6021 59.9
      vertex -34.8799 52.1157 59.9
      vertex -37.3575 50.3708 59.9
    endloop
  endfacet
  facet normal -0 0 -1
    outer loop
      vertex -34.8799 52.1157 59.9
      vertex -37.5291 50.6021 59.9
      vertex -35.0009 52.3826 59.9
    endloop
  endfacet
  facet normal 0 0 -1
    outer loop
      vertex -39.7465 48.5064 59.9
      vertex -37.5291 50.6021 59.9
      vertex -37.3575 50.3708 59.9
    endloop
  endfacet
  facet normal 0 0 -1
    outer loop
      vertex -39.9668 48.6997 59.9
      vertex -39.7465 48.5064 59.9
      vertex -39.7841 48.477 59.9
    endloop
  endfacet
  facet normal 0 0 -1
    outer loop
      vertex -39.9668 48.6997 59.9
      vertex -39.7841 48.477 59.9
      vertex -39.8202 48.4459 59.9
    endloop
  endfacet
  facet normal 0 0 -1
    outer loop
      vertex -39.7465 48.5064 59.9
      vertex -39.9668 48.6997 59.9
      vertex -37.5291 50.6021 59.9
    endloop
  endfacet
  facet normal 0 0 -1
    outer loop
      vertex -42.3082 46.6799 59.9
      vertex -39.8202 48.4459 59.9
      vertex -42.1148 46.4665 59.9
    endloop
  endfacet
  facet normal -0 0 -1
    outer loop
      vertex -39.8202 48.4459 59.9
      vertex -42.3082 46.6799 59.9
      vertex -39.9668 48.6997 59.9
    endloop
  endfacet
  facet normal 0 0 -1
    outer loop
      vertex -44.3095 44.377 59.9
      vertex -42.3082 46.6799 59.9
      vertex -42.1148 46.4665 59.9
    endloop
  endfacet
  facet normal 0 0 -1
    outer loop
      vertex -44.5477 44.5477 59.9
      vertex -44.3095 44.377 59.9
      vertex -44.3441 44.3441 59.9
    endloop
  endfacet
  facet normal 0 0 -1
    outer loop
      vertex -44.5477 44.5477 59.9
      vertex -44.3441 44.3441 59.9
      vertex -44.377 44.3095 59.9
    endloop
  endfacet
  facet normal 0 0 -1
    outer loop
      vertex -44.3095 44.377 59.9
      vertex -44.5477 44.5477 59.9
      vertex -42.3082 46.6799 59.9
    endloop
  endfacet
  facet normal 0 0 -1
    outer loop
      vertex -46.6799 42.3082 59.9
      vertex -44.377 44.3095 59.9
      vertex -46.4665 42.1148 59.9
    endloop
  endfacet
  facet normal -0 0 -1
    outer loop
      vertex -44.377 44.3095 59.9
      vertex -46.6799 42.3082 59.9
      vertex -44.5477 44.5477 59.9
    endloop
  endfacet
  facet normal 0 0 -1
    outer loop
      vertex -48.4459 39.8202 59.9
      vertex -46.6799 42.3082 59.9
      vertex -46.4665 42.1148 59.9
    endloop
  endfacet
  facet normal 0 0 -1
    outer loop
      vertex -48.6997 39.9668 59.9
      vertex -48.4459 39.8202 59.9
      vertex -48.477 39.7841 59.9
    endloop
  endfacet
  facet normal 0 0 -1
    outer loop
      vertex -48.6997 39.9668 59.9
      vertex -48.477 39.7841 59.9
      vertex -48.5064 39.7465 59.9
    endloop
  endfacet
  facet normal 0 0 -1
    outer loop
      vertex -48.4459 39.8202 59.9
      vertex -48.6997 39.9668 59.9
      vertex -46.6799 42.3082 59.9
    endloop
  endfacet
  facet normal 0 0 -1
    outer loop
      vertex -50.6021 37.5291 59.9
      vertex -48.5064 39.7465 59.9
      vertex -50.3708 37.3575 59.9
    endloop
  endfacet
  facet normal -0 0 -1
    outer loop
      vertex -48.5064 39.7465 59.9
      vertex -50.6021 37.5291 59.9
      vertex -48.6997 39.9668 59.9
    endloop
  endfacet
  facet normal 0 0 -1
    outer loop
      vertex -52.1157 34.8799 59.9
      vertex -50.6021 37.5291 59.9
      vertex -50.3708 37.3575 59.9
    endloop
  endfacet
  facet normal 0 0 -1
    outer loop
      vertex -52.3826 35.0009 59.9
      vertex -52.1157 34.8799 59.9
      vertex -52.1431 34.8409 59.9
    endloop
  endfacet
  facet normal 0 0 -1
    outer loop
      vertex -52.1157 34.8799 59.9
      vertex -52.3826 35.0009 59.9
      vertex -50.6021 37.5291 59.9
    endloop
  endfacet
  facet normal 0 0 -1
    outer loop
      vertex -53.7644 32.2807 59.9
      vertex -52.3826 35.0009 59.9
      vertex -52.1431 34.8409 59.9
    endloop
  endfacet
  facet normal 0 0 -1
    outer loop
      vertex -54.0369 32.3885 59.9
      vertex -53.7644 32.2807 59.9
      vertex -53.7899 32.2404 59.9
    endloop
  endfacet
  facet normal 0 0 -1
    outer loop
      vertex -54.0369 32.3885 59.9
      vertex -53.7899 32.2404 59.9
      vertex -53.8134 32.1989 59.9
    endloop
  endfacet
  facet normal 0 0 -1
    outer loop
      vertex -53.7644 32.2807 59.9
      vertex -54.0369 32.3885 59.9
      vertex -52.3826 35.0009 59.9
    endloop
  endfacet
  facet normal 0 0 -1
    outer loop
      vertex -55.561 29.698 59.9
      vertex -53.8134 32.1989 59.9
      vertex -55.307 29.5622 59.9
    endloop
  endfacet
  facet normal -0 0 -1
    outer loop
      vertex -53.8134 32.1989 59.9
      vertex -55.561 29.698 59.9
      vertex -54.0369 32.3885 59.9
    endloop
  endfacet
  facet normal 0 0 -1
    outer loop
      vertex -56.6695 26.8554 59.9
      vertex -55.561 29.698 59.9
      vertex -55.307 29.5622 59.9
    endloop
  endfacet
  facet normal 0 0 -1
    outer loop
      vertex -56.9513 26.936 59.9
      vertex -56.6695 26.8554 59.9
      vertex -56.691 26.8128 59.9
    endloop
  endfacet
  facet normal 0 0 -1
    outer loop
      vertex -56.9513 26.936 59.9
      vertex -56.691 26.8128 59.9
      vertex -56.7103 26.7692 59.9
    endloop
  endfacet
  facet normal 0 0 -1
    outer loop
      vertex -56.6695 26.8554 59.9
      vertex -56.9513 26.936 59.9
      vertex -55.561 29.698 59.9
    endloop
  endfacet
  facet normal 0 0 -1
    outer loop
      vertex -58.2044 24.1091 59.9
      vertex -56.7103 26.7692 59.9
      vertex -57.9383 23.9988 59.9
    endloop
  endfacet
  facet normal -0 0 -1
    outer loop
      vertex -56.7103 26.7692 59.9
      vertex -58.2044 24.1091 59.9
      vertex -56.9513 26.936 59.9
    endloop
  endfacet
  facet normal 0 0 -1
    outer loop
      vertex -59.0289 21.1715 59.9
      vertex -58.2044 24.1091 59.9
      vertex -57.9383 23.9988 59.9
    endloop
  endfacet
  facet normal 0 0 -1
    outer loop
      vertex -59.3173 21.2241 59.9
      vertex -59.0289 21.1715 59.9
      vertex -59.0461 21.127 59.9
    endloop
  endfacet
  facet normal 0 0 -1
    outer loop
      vertex -59.0289 21.1715 59.9
      vertex -59.3173 21.2241 59.9
      vertex -58.2044 24.1091 59.9
    endloop
  endfacet
  facet normal 0 0 -1
    outer loop
      vertex -59.9967 18.2496 59.9
      vertex -59.3173 21.2241 59.9
      vertex -59.0461 21.127 59.9
    endloop
  endfacet
  facet normal 0 0 -1
    outer loop
      vertex -60.2872 18.2879 59.9
      vertex -59.9967 18.2496 59.9
      vertex -60.0116 18.2043 59.9
    endloop
  endfacet
  facet normal 0 0 -1
    outer loop
      vertex -60.2872 18.2879 59.9
      vertex -60.0116 18.2043 59.9
      vertex -60.0244 18.1584 59.9
    endloop
  endfacet
  facet normal 0 0 -1
    outer loop
      vertex -59.9967 18.2496 59.9
      vertex -60.2872 18.2879 59.9
      vertex -59.3173 21.2241 59.9
    endloop
  endfacet
  facet normal 0 0 -1
    outer loop
      vertex -61.112 15.3078 59.9
      vertex -60.0244 18.1584 59.9
      vertex -60.8326 15.2378 59.9
    endloop
  endfacet
  facet normal -0 0 -1
    outer loop
      vertex -60.0244 18.1584 59.9
      vertex -61.112 15.3078 59.9
      vertex -60.2872 18.2879 59.9
    endloop
  endfacet
  facet normal 0 0 -1
    outer loop
      vertex -61.4966 12.2811 59.9
      vertex -61.112 15.3078 59.9
      vertex -60.8326 15.2378 59.9
    endloop
  endfacet
  facet normal 0 0 -1
    outer loop
      vertex -61.7895 12.2907 59.9
      vertex -61.4966 12.2811 59.9
      vertex -61.507 12.2345 59.9
    endloop
  endfacet
  facet normal 0 0 -1
    outer loop
      vertex -61.4966 12.2811 59.9
      vertex -61.7895 12.2907 59.9
      vertex -61.112 15.3078 59.9
    endloop
  endfacet
  facet normal 0 0 -1
    outer loop
      vertex -62.0251 9.24877 59.9
      vertex -61.7895 12.2907 59.9
      vertex -61.507 12.2345 59.9
    endloop
  endfacet
  facet normal 0 0 -1
    outer loop
      vertex -62.3181 9.24402 59.9
      vertex -62.0251 9.24877 59.9
      vertex -62.0332 9.20176 59.9
    endloop
  endfacet
  facet normal 0 0 -1
    outer loop
      vertex -62.3181 9.24402 59.9
      vertex -62.0332 9.20176 59.9
      vertex -62.0391 9.15441 59.9
    endloop
  endfacet
  facet normal -0 0 -1
    outer loop
      vertex -62.0251 9.24877 59.9
      vertex -62.3181 9.24402 59.9
      vertex -61.7895 12.2907 59.9
    endloop
  endfacet
  facet normal 0 0 -1
    outer loop
      vertex -62.6966 6.17508 59.9
      vertex -62.0391 9.15441 59.9
      vertex -62.41 6.14685 59.9
    endloop
  endfacet
  facet normal 0 0 -1
    outer loop
      vertex -62.6966 6.17508 59.9
      vertex -62.41 6.14685 59.9
      vertex -62.4135 6.09927 59.9
    endloop
  endfacet
  facet normal 0 0 -1
    outer loop
      vertex -62.9241 3.09126 59.9
      vertex -62.4135 6.09927 59.9
      vertex -62.6365 3.07713 59.9
    endloop
  endfacet
  facet normal -0 0 -1
    outer loop
      vertex -62.0391 9.15441 59.9
      vertex -62.6966 6.17508 59.9
      vertex -62.3181 9.24402 59.9
    endloop
  endfacet
  facet normal 0 0 -1
    outer loop
      vertex -62.9241 3.09126 59.9
      vertex -62.6365 3.07713 59.9
      vertex -62.7108 0.0476935 59.9
    endloop
  endfacet
  facet normal 0 0 -1
    outer loop
      vertex -63 0 59.9
      vertex -62.7108 0.0476935 59.9
      vertex -62.712 0 59.9
    endloop
  endfacet
  facet normal 0 0 -1
    outer loop
      vertex -62.7108 -0.0476935 59.9
      vertex -63 0 59.9
      vertex -62.712 0 59.9
    endloop
  endfacet
  facet normal -0 0 -1
    outer loop
      vertex -62.4135 6.09927 59.9
      vertex -62.9241 3.09126 59.9
      vertex -62.6966 6.17508 59.9
    endloop
  endfacet
  facet normal -0 0 -1
    outer loop
      vertex -62.7108 0.0476935 59.9
      vertex -63 0 59.9
      vertex -62.9241 3.09126 59.9
    endloop
  endfacet
  facet normal -0.65319 -0.757194 0
    outer loop
      vertex -42.3082 -46.6799 59.9
      vertex -39.9668 -48.6997 64.1
      vertex -42.3082 -46.6799 64.1
    endloop
  endfacet
  facet normal -0.65319 -0.757194 -0
    outer loop
      vertex -39.9668 -48.6997 64.1
      vertex -42.3082 -46.6799 59.9
      vertex -39.9668 -48.6997 59.9
    endloop
  endfacet
  facet normal 0.99248 0.122405 0
    outer loop
      vertex 62.6966 6.17508 64.1
      vertex 62.3181 9.24402 59.9
      vertex 62.3181 9.24402 64.1
    endloop
  endfacet
  facet normal 0.99248 0.122405 0
    outer loop
      vertex 62.3181 9.24402 59.9
      vertex 62.6966 6.17508 64.1
      vertex 62.6966 6.17508 59.9
    endloop
  endfacet
  facet normal 0.949537 0.313656 0
    outer loop
      vertex 60.2872 18.2879 64.1
      vertex 59.3173 21.2241 59.9
      vertex 59.3173 21.2241 64.1
    endloop
  endfacet
  facet normal 0.949537 0.313656 0
    outer loop
      vertex 59.3173 21.2241 59.9
      vertex 60.2872 18.2879 64.1
      vertex 60.2872 18.2879 59.9
    endloop
  endfacet
  facet normal 0.893221 0.449618 0
    outer loop
      vertex 56.9513 26.936 64.1
      vertex 55.561 29.698 59.9
      vertex 55.561 29.698 64.1
    endloop
  endfacet
  facet normal 0.893221 0.449618 0
    outer loop
      vertex 55.561 29.698 59.9
      vertex 56.9513 26.936 64.1
      vertex 56.9513 26.936 59.9
    endloop
  endfacet
  facet normal 0.914207 0.405247 0
    outer loop
      vertex 58.2044 24.1091 64.1
      vertex 56.9513 26.936 59.9
      vertex 56.9513 26.936 64.1
    endloop
  endfacet
  facet normal 0.914207 0.405247 0
    outer loop
      vertex 56.9513 26.936 59.9
      vertex 58.2044 24.1091 64.1
      vertex 58.2044 24.1091 59.9
    endloop
  endfacet
  facet normal 0.724244 0.689544 0
    outer loop
      vertex 46.6799 42.3082 64.1
      vertex 44.5477 44.5477 59.9
      vertex 44.5477 44.5477 64.1
    endloop
  endfacet
  facet normal 0.724244 0.689544 0
    outer loop
      vertex 44.5477 44.5477 59.9
      vertex 46.6799 42.3082 64.1
      vertex 46.6799 42.3082 59.9
    endloop
  endfacet
  facet normal 0.757194 0.65319 0
    outer loop
      vertex 48.6997 39.9668 64.1
      vertex 46.6799 42.3082 59.9
      vertex 46.6799 42.3082 64.1
    endloop
  endfacet
  facet normal 0.757194 0.65319 0
    outer loop
      vertex 46.6799 42.3082 59.9
      vertex 48.6997 39.9668 64.1
      vertex 48.6997 39.9668 59.9
    endloop
  endfacet
  facet normal 0.170946 0.98528 -0
    outer loop
      vertex 12.2907 61.7895 59.9
      vertex 9.24402 62.3181 64.1
      vertex 12.2907 61.7895 64.1
    endloop
  endfacet
  facet normal 0.170946 0.98528 0
    outer loop
      vertex 9.24402 62.3181 64.1
      vertex 12.2907 61.7895 59.9
      vertex 9.24402 62.3181 59.9
    endloop
  endfacet
  facet normal 0.0735722 0.99729 -0
    outer loop
      vertex 6.17508 62.6966 59.9
      vertex 3.09126 62.9241 64.1
      vertex 6.17508 62.6966 64.1
    endloop
  endfacet
  facet normal 0.0735722 0.99729 0
    outer loop
      vertex 3.09126 62.9241 64.1
      vertex 6.17508 62.6966 59.9
      vertex 3.09126 62.9241 59.9
    endloop
  endfacet
  facet normal 0.266741 0.963768 -0
    outer loop
      vertex 18.2879 60.2872 59.9
      vertex 15.3078 61.112 64.1
      vertex 18.2879 60.2872 64.1
    endloop
  endfacet
  facet normal 0.266741 0.963768 0
    outer loop
      vertex 15.3078 61.112 64.1
      vertex 18.2879 60.2872 59.9
      vertex 15.3078 61.112 59.9
    endloop
  endfacet
  facet normal 0.615232 0.788346 -0
    outer loop
      vertex 39.9668 48.6997 59.9
      vertex 37.5291 50.6021 64.1
      vertex 39.9668 48.6997 64.1
    endloop
  endfacet
  facet normal 0.615232 0.788346 0
    outer loop
      vertex 37.5291 50.6021 64.1
      vertex 39.9668 48.6997 59.9
      vertex 37.5291 50.6021 59.9
    endloop
  endfacet
  facet normal 0.449618 0.893221 -0
    outer loop
      vertex 29.698 55.561 59.9
      vertex 26.936 56.9513 64.1
      vertex 29.698 55.561 64.1
    endloop
  endfacet
  facet normal 0.449618 0.893221 0
    outer loop
      vertex 26.936 56.9513 64.1
      vertex 29.698 55.561 59.9
      vertex 26.936 56.9513 59.9
    endloop
  endfacet
  facet normal -0.219097 0.975703 0
    outer loop
      vertex -12.2907 61.7895 59.9
      vertex -15.3078 61.112 64.1
      vertex -12.2907 61.7895 64.1
    endloop
  endfacet
  facet normal -0.219097 0.975703 0
    outer loop
      vertex -15.3078 61.112 64.1
      vertex -12.2907 61.7895 59.9
      vertex -15.3078 61.112 59.9
    endloop
  endfacet
  facet normal -0.122405 0.99248 0
    outer loop
      vertex -6.17508 62.6966 59.9
      vertex -9.24402 62.3181 64.1
      vertex -6.17508 62.6966 64.1
    endloop
  endfacet
  facet normal -0.122405 0.99248 0
    outer loop
      vertex -9.24402 62.3181 64.1
      vertex -6.17508 62.6966 59.9
      vertex -9.24402 62.3181 59.9
    endloop
  endfacet
  facet normal -0.492886 0.870094 0
    outer loop
      vertex -29.698 55.561 59.9
      vertex -32.3885 54.0369 64.1
      vertex -29.698 55.561 64.1
    endloop
  endfacet
  facet normal -0.492886 0.870094 0
    outer loop
      vertex -32.3885 54.0369 64.1
      vertex -29.698 55.561 59.9
      vertex -32.3885 54.0369 59.9
    endloop
  endfacet
  facet normal -0.98528 0.170946 0
    outer loop
      vertex -62.3181 9.24402 59.9
      vertex -61.7895 12.2907 64.1
      vertex -61.7895 12.2907 59.9
    endloop
  endfacet
  facet normal -0.98528 0.170946 0
    outer loop
      vertex -61.7895 12.2907 64.1
      vertex -62.3181 9.24402 59.9
      vertex -62.3181 9.24402 64.1
    endloop
  endfacet
  facet normal -0.963768 0.266741 0
    outer loop
      vertex -61.112 15.3078 59.9
      vertex -60.2872 18.2879 64.1
      vertex -60.2872 18.2879 59.9
    endloop
  endfacet
  facet normal -0.963768 0.266741 0
    outer loop
      vertex -60.2872 18.2879 64.1
      vertex -61.112 15.3078 59.9
      vertex -61.112 15.3078 64.1
    endloop
  endfacet
  facet normal -0.932989 0.359904 0
    outer loop
      vertex -59.3173 21.2241 59.9
      vertex -58.2044 24.1091 64.1
      vertex -58.2044 24.1091 59.9
    endloop
  endfacet
  facet normal -0.932989 0.359904 0
    outer loop
      vertex -58.2044 24.1091 64.1
      vertex -59.3173 21.2241 59.9
      vertex -59.3173 21.2241 64.1
    endloop
  endfacet
  facet normal -0.893221 0.449618 0
    outer loop
      vertex -56.9513 26.936 59.9
      vertex -55.561 29.698 64.1
      vertex -55.561 29.698 59.9
    endloop
  endfacet
  facet normal -0.893221 0.449618 0
    outer loop
      vertex -55.561 29.698 64.1
      vertex -56.9513 26.936 59.9
      vertex -56.9513 26.936 64.1
    endloop
  endfacet
  facet normal -0.844851 0.535001 0
    outer loop
      vertex -54.0369 32.3885 59.9
      vertex -52.3826 35.0009 64.1
      vertex -52.3826 35.0009 59.9
    endloop
  endfacet
  facet normal -0.844851 0.535001 0
    outer loop
      vertex -52.3826 35.0009 64.1
      vertex -54.0369 32.3885 59.9
      vertex -54.0369 32.3885 64.1
    endloop
  endfacet
  facet normal -0.788346 0.615232 0
    outer loop
      vertex -50.6021 37.5291 59.9
      vertex -48.6997 39.9668 64.1
      vertex -48.6997 39.9668 59.9
    endloop
  endfacet
  facet normal -0.788346 0.615232 0
    outer loop
      vertex -48.6997 39.9668 64.1
      vertex -50.6021 37.5291 59.9
      vertex -50.6021 37.5291 64.1
    endloop
  endfacet
  facet normal 0.99729 -0.0735722 0
    outer loop
      vertex 62.6966 -6.17508 64.1
      vertex 62.9241 -3.09126 59.9
      vertex 62.9241 -3.09126 64.1
    endloop
  endfacet
  facet normal 0.99729 -0.0735722 0
    outer loop
      vertex 62.9241 -3.09126 59.9
      vertex 62.6966 -6.17508 64.1
      vertex 62.6966 -6.17508 59.9
    endloop
  endfacet
  facet normal 0.99729 0.0735722 0
    outer loop
      vertex 62.9241 3.09126 64.1
      vertex 62.6966 6.17508 59.9
      vertex 62.6966 6.17508 64.1
    endloop
  endfacet
  facet normal 0.99729 0.0735722 0
    outer loop
      vertex 62.6966 6.17508 59.9
      vertex 62.9241 3.09126 64.1
      vertex 62.9241 3.09126 59.9
    endloop
  endfacet
  facet normal 0.98528 0.170946 0
    outer loop
      vertex 62.3181 9.24402 64.1
      vertex 61.7895 12.2907 59.9
      vertex 61.7895 12.2907 64.1
    endloop
  endfacet
  facet normal 0.98528 0.170946 0
    outer loop
      vertex 61.7895 12.2907 59.9
      vertex 62.3181 9.24402 64.1
      vertex 62.3181 9.24402 59.9
    endloop
  endfacet
  facet normal 0.932989 0.359904 0
    outer loop
      vertex 59.3173 21.2241 64.1
      vertex 58.2044 24.1091 59.9
      vertex 58.2044 24.1091 64.1
    endloop
  endfacet
  facet normal 0.932989 0.359904 0
    outer loop
      vertex 58.2044 24.1091 59.9
      vertex 59.3173 21.2241 64.1
      vertex 59.3173 21.2241 59.9
    endloop
  endfacet
  facet normal 0.817594 0.575795 0
    outer loop
      vertex 52.3826 35.0009 64.1
      vertex 50.6021 37.5291 59.9
      vertex 50.6021 37.5291 64.1
    endloop
  endfacet
  facet normal 0.817594 0.575795 0
    outer loop
      vertex 50.6021 37.5291 59.9
      vertex 52.3826 35.0009 64.1
      vertex 52.3826 35.0009 59.9
    endloop
  endfacet
  facet normal 0.870094 0.492886 0
    outer loop
      vertex 55.561 29.698 64.1
      vertex 54.0369 32.3885 59.9
      vertex 54.0369 32.3885 64.1
    endloop
  endfacet
  facet normal 0.870094 0.492886 0
    outer loop
      vertex 54.0369 32.3885 59.9
      vertex 55.561 29.698 64.1
      vertex 55.561 29.698 59.9
    endloop
  endfacet
  facet normal 0.844851 0.535001 0
    outer loop
      vertex 54.0369 32.3885 64.1
      vertex 52.3826 35.0009 59.9
      vertex 52.3826 35.0009 64.1
    endloop
  endfacet
  facet normal 0.844851 0.535001 0
    outer loop
      vertex 52.3826 35.0009 59.9
      vertex 54.0369 32.3885 64.1
      vertex 54.0369 32.3885 59.9
    endloop
  endfacet
  facet normal 0.788346 0.615232 0
    outer loop
      vertex 50.6021 37.5291 64.1
      vertex 48.6997 39.9668 59.9
      vertex 48.6997 39.9668 64.1
    endloop
  endfacet
  facet normal 0.788346 0.615232 0
    outer loop
      vertex 48.6997 39.9668 59.9
      vertex 50.6021 37.5291 64.1
      vertex 50.6021 37.5291 59.9
    endloop
  endfacet
  facet normal 0.328001 -0.00825271 -0.944641
    outer loop
      vertex 62.7108 -0.0476935 59.9
      vertex 48.6 0 55
      vertex 62.712 0 59.9
    endloop
  endfacet
  facet normal 0.328002 -0.00804637 -0.944643
    outer loop
      vertex 48.6 0 55
      vertex 62.7108 -0.0476935 59.9
      vertex 48.5415 -2.38469 55
    endloop
  endfacet
  facet normal 0.328001 -0.00804457 -0.944643
    outer loop
      vertex 62.6365 -3.07713 59.9
      vertex 48.5415 -2.38469 55
      vertex 62.7108 -0.0476935 59.9
    endloop
  endfacet
  facet normal -0.226237 0.237627 -0.944643
    outer loop
      vertex -32.6378 36.0102 55
      vertex -44.3095 44.377 59.9
      vertex -42.1148 46.4665 59.9
    endloop
  endfacet
  facet normal 0.226237 -0.237627 -0.944643
    outer loop
      vertex 42.1148 -46.4665 59.9
      vertex 32.6378 -36.0102 55
      vertex 44.3095 -44.377 59.9
    endloop
  endfacet
  facet normal 0.325634 0.040158 -0.944643
    outer loop
      vertex 62.41 6.14685 59.9
      vertex 48.366 4.76363 55
      vertex 62.0391 9.15441 59.9
    endloop
  endfacet
  facet normal 0.293068 -0.147519 -0.944642
    outer loop
      vertex 55.307 -29.5622 59.9
      vertex 42.8614 -22.9099 55
      vertex 56.6695 -26.8554 59.9
    endloop
  endfacet
  facet normal -0.306115 0.118081 -0.944643
    outer loop
      vertex -44.9005 18.5984 55
      vertex -59.0289 21.1715 59.9
      vertex -57.9383 23.9988 59.9
    endloop
  endfacet
  facet normal 0.237627 0.226237 -0.944643
    outer loop
      vertex 46.4665 42.1148 59.9
      vertex 36.0102 32.6378 55
      vertex 44.377 44.3095 59.9
    endloop
  endfacet
  facet normal 0.118081 0.306115 -0.944643
    outer loop
      vertex 23.9988 57.9383 59.9
      vertex 18.5984 44.9005 55
      vertex 21.1715 59.0289 59.9
    endloop
  endfacet
  facet normal 0.311538 -0.102922 -0.944643
    outer loop
      vertex 59.0461 -21.127 59.9
      vertex 45.759 -16.3728 55
      vertex 59.9967 -18.2496 59.9
    endloop
  endfacet
  facet normal -0.237772 -0.22609 -0.944642
    outer loop
      vertex -44.377 -44.3095 59.9
      vertex -34.3654 -34.3654 55
      vertex -44.3441 -44.3441 59.9
    endloop
  endfacet
  facet normal -0.237626 -0.226238 -0.944643
    outer loop
      vertex -34.3654 -34.3654 55
      vertex -44.377 -44.3095 59.9
      vertex -36.0102 -32.6378 55
    endloop
  endfacet
  facet normal -0.320126 -0.0718922 -0.944643
    outer loop
      vertex -60.8326 -15.2378 59.9
      vertex -61.4966 -12.2811 59.9
      vertex -47.1435 -11.8088 55
    endloop
  endfacet
  facet normal 0.26825 -0.188921 -0.944643
    outer loop
      vertex 50.3708 -37.3575 59.9
      vertex 39.0359 -28.951 55
      vertex 52.1157 -34.8799 59.9
    endloop
  endfacet
  facet normal 0.202095 -0.258462 -0.944645
    outer loop
      vertex 39.7465 -48.5064 59.9
      vertex 30.8315 -37.5683 55
      vertex 39.7841 -48.477 59.9
    endloop
  endfacet
  facet normal 0.20186 -0.258653 -0.944643
    outer loop
      vertex 30.8315 -37.5683 55
      vertex 39.7465 -48.5064 59.9
      vertex 28.951 -39.0359 55
    endloop
  endfacet
  facet normal 0.0560955 -0.32327 -0.944643
    outer loop
      vertex 12.2345 -61.507 59.9
      vertex 9.24877 -62.0251 59.9
      vertex 9.48139 -47.6662 55
    endloop
  endfacet
  facet normal -0.320126 0.0718952 -0.944643
    outer loop
      vertex -47.6662 9.48139 55
      vertex -61.4966 12.2811 59.9
      vertex -47.1435 11.8088 55
    endloop
  endfacet
  facet normal -0.320214 0.071464 -0.944646
    outer loop
      vertex -61.4966 12.2811 59.9
      vertex -47.6662 9.48139 55
      vertex -61.507 12.2345 59.9
    endloop
  endfacet
  facet normal -0.268252 0.188917 -0.944643
    outer loop
      vertex -40.4094 27.0007 55
      vertex -52.1157 34.8799 59.9
      vertex -39.0359 28.951 55
    endloop
  endfacet
  facet normal -0.26846 0.18861 -0.944646
    outer loop
      vertex -52.1157 34.8799 59.9
      vertex -40.4094 27.0007 55
      vertex -52.1431 34.8409 59.9
    endloop
  endfacet
  facet normal -0.20186 0.258653 -0.944643
    outer loop
      vertex -30.8315 37.5683 55
      vertex -39.7465 48.5064 59.9
      vertex -28.951 39.0359 55
    endloop
  endfacet
  facet normal -0.202095 0.258462 -0.944645
    outer loop
      vertex -39.7465 48.5064 59.9
      vertex -30.8315 37.5683 55
      vertex -39.7841 48.477 59.9
    endloop
  endfacet
  facet normal 0.00804637 0.328002 -0.944643
    outer loop
      vertex 0 48.6 55
      vertex 0.0476935 62.7108 59.9
      vertex 2.38469 48.5415 55
    endloop
  endfacet
  facet normal 0.00825271 0.328001 -0.944641
    outer loop
      vertex 0.0476935 62.7108 59.9
      vertex 0 48.6 55
      vertex 0 62.712 59.9
    endloop
  endfacet
  facet normal 0.0718952 0.320126 -0.944643
    outer loop
      vertex 9.48139 47.6662 55
      vertex 12.2811 61.4966 59.9
      vertex 11.8088 47.1435 55
    endloop
  endfacet
  facet normal 0.071464 0.320214 -0.944646
    outer loop
      vertex 12.2811 61.4966 59.9
      vertex 9.48139 47.6662 55
      vertex 12.2345 61.507 59.9
    endloop
  endfacet
  facet normal 0.188917 0.268252 -0.944643
    outer loop
      vertex 27.0007 40.4094 55
      vertex 34.8799 52.1157 59.9
      vertex 28.951 39.0359 55
    endloop
  endfacet
  facet normal 0.18861 0.26846 -0.944646
    outer loop
      vertex 34.8799 52.1157 59.9
      vertex 27.0007 40.4094 55
      vertex 34.8409 52.1431 59.9
    endloop
  endfacet
  facet normal 0.258656 0.201858 -0.944643
    outer loop
      vertex 50.3708 37.3575 59.9
      vertex 39.0359 28.951 55
      vertex 48.5064 39.7465 59.9
    endloop
  endfacet
  facet normal 0.299957 0.132951 -0.944643
    outer loop
      vertex 43.9339 20.7792 55
      vertex 56.7103 26.7692 59.9
      vertex 44.9005 18.5984 55
    endloop
  endfacet
  facet normal 0.300024 0.132809 -0.944642
    outer loop
      vertex 56.7103 26.7692 59.9
      vertex 43.9339 20.7792 55
      vertex 56.691 26.8128 59.9
    endloop
  endfacet
  facet normal 0.306115 0.118081 -0.944643
    outer loop
      vertex 59.0289 21.1715 59.9
      vertex 44.9005 18.5984 55
      vertex 57.9383 23.9988 59.9
    endloop
  endfacet
  facet normal 0.311538 0.102922 -0.944643
    outer loop
      vertex 59.9967 18.2496 59.9
      vertex 45.759 16.3728 55
      vertex 59.0461 21.127 59.9
    endloop
  endfacet
  facet normal 0.316214 0.0875057 -0.944643
    outer loop
      vertex 46.5073 14.1078 55
      vertex 60.0244 18.1584 59.9
      vertex 47.1435 11.8088 55
    endloop
  endfacet
  facet normal 0.316029 0.08813 -0.944647
    outer loop
      vertex 60.0244 18.1584 59.9
      vertex 46.5073 14.1078 55
      vertex 60.0116 18.2043 59.9
    endloop
  endfacet
  facet normal 0.328001 0.00825271 -0.944641
    outer loop
      vertex 48.6 0 55
      vertex 62.7108 0.0476935 59.9
      vertex 62.712 0 59.9
    endloop
  endfacet
  facet normal 0.328002 0.00804637 -0.944643
    outer loop
      vertex 62.7108 0.0476935 59.9
      vertex 48.6 0 55
      vertex 48.5415 2.38469 55
    endloop
  endfacet
  facet normal 0.328001 0.00804457 -0.944643
    outer loop
      vertex 62.7108 0.0476935 59.9
      vertex 48.5415 2.38469 55
      vertex 62.6365 3.07713 59.9
    endloop
  endfacet
  facet normal 0.299953 -0.132957 -0.944643
    outer loop
      vertex 56.7103 -26.7692 59.9
      vertex 44.9005 -18.5984 55
      vertex 57.9383 -23.9988 59.9
    endloop
  endfacet
  facet normal 0.325575 -0.0405679 -0.944646
    outer loop
      vertex 48.074 -7.1311 55
      vertex 62.0391 -9.15441 59.9
      vertex 62.0332 -9.20176 59.9
    endloop
  endfacet
  facet normal 0.325632 -0.040163 -0.944643
    outer loop
      vertex 62.0391 -9.15441 59.9
      vertex 48.074 -7.1311 55
      vertex 48.366 -4.76363 55
    endloop
  endfacet
  facet normal 0.32721 -0.0241445 -0.944643
    outer loop
      vertex 62.4135 -6.09927 59.9
      vertex 48.5415 -2.38469 55
      vertex 62.6365 -3.07713 59.9
    endloop
  endfacet
  facet normal -0.327218 -0.0240703 -0.944642
    outer loop
      vertex -62.4135 -6.09927 59.9
      vertex -48.366 -4.76363 55
      vertex -62.41 -6.14685 59.9
    endloop
  endfacet
  facet normal -0.327212 -0.0241392 -0.944643
    outer loop
      vertex -48.366 -4.76363 55
      vertex -62.4135 -6.09927 59.9
      vertex -48.5415 -2.38469 55
    endloop
  endfacet
  facet normal -0.300024 -0.132809 -0.944642
    outer loop
      vertex -56.7103 -26.7692 59.9
      vertex -43.9339 -20.7792 55
      vertex -56.691 -26.8128 59.9
    endloop
  endfacet
  facet normal -0.299957 -0.132951 -0.944643
    outer loop
      vertex -43.9339 -20.7792 55
      vertex -56.7103 -26.7692 59.9
      vertex -44.9005 -18.5984 55
    endloop
  endfacet
  facet normal -0.248441 -0.214303 -0.944643
    outer loop
      vertex -48.4459 -39.8202 59.9
      vertex -37.5683 -30.8315 55
      vertex -36.0102 -32.6378 55
    endloop
  endfacet
  facet normal -0.248573 -0.214145 -0.944645
    outer loop
      vertex -37.5683 -30.8315 55
      vertex -48.4459 -39.8202 59.9
      vertex -48.477 -39.7841 59.9
    endloop
  endfacet
  facet normal 0.248437 -0.21431 -0.944643
    outer loop
      vertex 46.4665 -42.1148 59.9
      vertex 36.0102 -32.6378 55
      vertex 48.4459 -39.8202 59.9
    endloop
  endfacet
  facet normal 0.258462 -0.202095 -0.944645
    outer loop
      vertex 37.5683 -30.8315 55
      vertex 48.5064 -39.7465 59.9
      vertex 48.477 -39.7841 59.9
    endloop
  endfacet
  facet normal 0.258653 -0.20186 -0.944643
    outer loop
      vertex 48.5064 -39.7465 59.9
      vertex 37.5683 -30.8315 55
      vertex 39.0359 -28.951 55
    endloop
  endfacet
  facet normal 0.237772 -0.22609 -0.944642
    outer loop
      vertex 34.3654 -34.3654 55
      vertex 44.377 -44.3095 59.9
      vertex 44.3441 -44.3441 59.9
    endloop
  endfacet
  facet normal 0.237626 -0.226238 -0.944643
    outer loop
      vertex 44.377 -44.3095 59.9
      vertex 34.3654 -34.3654 55
      vertex 36.0102 -32.6378 55
    endloop
  endfacet
  facet normal 0.22609 -0.237772 -0.944642
    outer loop
      vertex 44.3095 -44.377 59.9
      vertex 34.3654 -34.3654 55
      vertex 44.3441 -44.3441 59.9
    endloop
  endfacet
  facet normal 0.226238 -0.237626 -0.944643
    outer loop
      vertex 34.3654 -34.3654 55
      vertex 44.3095 -44.377 59.9
      vertex 32.6378 -36.0102 55
    endloop
  endfacet
  facet normal 0.214145 -0.248573 -0.944645
    outer loop
      vertex 30.8315 -37.5683 55
      vertex 39.8202 -48.4459 59.9
      vertex 39.7841 -48.477 59.9
    endloop
  endfacet
  facet normal 0.214303 -0.248441 -0.944643
    outer loop
      vertex 39.8202 -48.4459 59.9
      vertex 30.8315 -37.5683 55
      vertex 32.6378 -36.0102 55
    endloop
  endfacet
  facet normal 0.118289 -0.306039 -0.944642
    outer loop
      vertex 16.3728 -45.759 55
      vertex 21.1715 -59.0289 59.9
      vertex 21.127 -59.0461 59.9
    endloop
  endfacet
  facet normal 0.11808 -0.306115 -0.944643
    outer loop
      vertex 21.1715 -59.0289 59.9
      vertex 16.3728 -45.759 55
      vertex 18.5984 -44.9005 55
    endloop
  endfacet
  facet normal -0.00825271 -0.328001 -0.944641
    outer loop
      vertex -0.0476935 -62.7108 59.9
      vertex 0 -48.6 55
      vertex 0 -62.712 59.9
    endloop
  endfacet
  facet normal -0.00804637 -0.328002 -0.944643
    outer loop
      vertex 0 -48.6 55
      vertex -0.0476935 -62.7108 59.9
      vertex -2.38469 -48.5415 55
    endloop
  endfacet
  facet normal -0.320126 0.0718922 -0.944643
    outer loop
      vertex -47.1435 11.8088 55
      vertex -61.4966 12.2811 59.9
      vertex -60.8326 15.2378 59.9
    endloop
  endfacet
  facet normal -0.327212 0.0241392 -0.944643
    outer loop
      vertex -62.4135 6.09927 59.9
      vertex -48.366 4.76363 55
      vertex -48.5415 2.38469 55
    endloop
  endfacet
  facet normal -0.327218 0.0240703 -0.944642
    outer loop
      vertex -48.366 4.76363 55
      vertex -62.4135 6.09927 59.9
      vertex -62.41 6.14685 59.9
    endloop
  endfacet
  facet normal -0.32721 0.0241445 -0.944643
    outer loop
      vertex -48.5415 2.38469 55
      vertex -62.6365 3.07713 59.9
      vertex -62.4135 6.09927 59.9
    endloop
  endfacet
  facet normal -0.328001 0.00804457 -0.944643
    outer loop
      vertex -48.5415 2.38469 55
      vertex -62.7108 0.0476935 59.9
      vertex -62.6365 3.07713 59.9
    endloop
  endfacet
  facet normal -0.277194 0.175535 -0.944643
    outer loop
      vertex -41.6856 24.9854 55
      vertex -53.7644 32.2807 59.9
      vertex -40.4094 27.0007 55
    endloop
  endfacet
  facet normal -0.277255 0.175434 -0.944644
    outer loop
      vertex -53.7644 32.2807 59.9
      vertex -41.6856 24.9854 55
      vertex -53.7899 32.2404 59.9
    endloop
  endfacet
  facet normal -0.258656 0.201858 -0.944643
    outer loop
      vertex -39.0359 28.951 55
      vertex -50.3708 37.3575 59.9
      vertex -48.5064 39.7465 59.9
    endloop
  endfacet
  facet normal -0.26825 0.188921 -0.944643
    outer loop
      vertex -39.0359 28.951 55
      vertex -52.1157 34.8799 59.9
      vertex -50.3708 37.3575 59.9
    endloop
  endfacet
  facet normal -0.214303 0.248441 -0.944643
    outer loop
      vertex -39.8202 48.4459 59.9
      vertex -30.8315 37.5683 55
      vertex -32.6378 36.0102 55
    endloop
  endfacet
  facet normal -0.214145 0.248573 -0.944645
    outer loop
      vertex -30.8315 37.5683 55
      vertex -39.8202 48.4459 59.9
      vertex -39.7841 48.477 59.9
    endloop
  endfacet
  facet normal -0.11808 0.306115 -0.944643
    outer loop
      vertex -21.1715 59.0289 59.9
      vertex -16.3728 45.759 55
      vertex -18.5984 44.9005 55
    endloop
  endfacet
  facet normal -0.118289 0.306039 -0.944642
    outer loop
      vertex -16.3728 45.759 55
      vertex -21.1715 59.0289 59.9
      vertex -21.127 59.0461 59.9
    endloop
  endfacet
  facet normal 0.0718922 0.320126 -0.944643
    outer loop
      vertex 15.2378 60.8326 59.9
      vertex 11.8088 47.1435 55
      vertex 12.2811 61.4966 59.9
    endloop
  endfacet
  facet normal 0.0240703 0.327218 -0.944642
    outer loop
      vertex 4.76363 48.366 55
      vertex 6.09927 62.4135 59.9
      vertex 6.14685 62.41 59.9
    endloop
  endfacet
  facet normal 0.0241392 0.327212 -0.944643
    outer loop
      vertex 6.09927 62.4135 59.9
      vertex 4.76363 48.366 55
      vertex 2.38469 48.5415 55
    endloop
  endfacet
  facet normal 0.0241445 0.32721 -0.944643
    outer loop
      vertex 6.09927 62.4135 59.9
      vertex 2.38469 48.5415 55
      vertex 3.07713 62.6365 59.9
    endloop
  endfacet
  facet normal 0.00804457 0.328001 -0.944643
    outer loop
      vertex 2.38469 48.5415 55
      vertex 0.0476935 62.7108 59.9
      vertex 3.07713 62.6365 59.9
    endloop
  endfacet
  facet normal 0.175535 0.277194 -0.944643
    outer loop
      vertex 24.9854 41.6856 55
      vertex 32.2807 53.7644 59.9
      vertex 27.0007 40.4094 55
    endloop
  endfacet
  facet normal 0.175434 0.277255 -0.944644
    outer loop
      vertex 32.2807 53.7644 59.9
      vertex 24.9854 41.6856 55
      vertex 32.2404 53.7899 59.9
    endloop
  endfacet
  facet normal 0.214303 0.248441 -0.944643
    outer loop
      vertex 30.8315 37.5683 55
      vertex 39.8202 48.4459 59.9
      vertex 32.6378 36.0102 55
    endloop
  endfacet
  facet normal 0.214145 0.248573 -0.944645
    outer loop
      vertex 39.8202 48.4459 59.9
      vertex 30.8315 37.5683 55
      vertex 39.7841 48.477 59.9
    endloop
  endfacet
  facet normal 0.188921 0.26825 -0.944643
    outer loop
      vertex 37.3575 50.3708 59.9
      vertex 28.951 39.0359 55
      vertex 34.8799 52.1157 59.9
    endloop
  endfacet
  facet normal 0.201858 0.258656 -0.944643
    outer loop
      vertex 39.7465 48.5064 59.9
      vertex 28.951 39.0359 55
      vertex 37.3575 50.3708 59.9
    endloop
  endfacet
  facet normal 0.22609 0.237772 -0.944642
    outer loop
      vertex 34.3654 34.3654 55
      vertex 44.3095 44.377 59.9
      vertex 44.3441 44.3441 59.9
    endloop
  endfacet
  facet normal 0.226238 0.237626 -0.944643
    outer loop
      vertex 44.3095 44.377 59.9
      vertex 34.3654 34.3654 55
      vertex 32.6378 36.0102 55
    endloop
  endfacet
  facet normal 0.248437 0.21431 -0.944643
    outer loop
      vertex 48.4459 39.8202 59.9
      vertex 36.0102 32.6378 55
      vertex 46.4665 42.1148 59.9
    endloop
  endfacet
  facet normal 0.26846 0.18861 -0.944646
    outer loop
      vertex 40.4094 27.0007 55
      vertex 52.1157 34.8799 59.9
      vertex 52.1431 34.8409 59.9
    endloop
  endfacet
  facet normal 0.268252 0.188917 -0.944643
    outer loop
      vertex 52.1157 34.8799 59.9
      vertex 40.4094 27.0007 55
      vertex 39.0359 28.951 55
    endloop
  endfacet
  facet normal 0.299953 0.132957 -0.944643
    outer loop
      vertex 57.9383 23.9988 59.9
      vertex 44.9005 18.5984 55
      vertex 56.7103 26.7692 59.9
    endloop
  endfacet
  facet normal 0.277193 0.175538 -0.944643
    outer loop
      vertex 53.7644 32.2807 59.9
      vertex 40.4094 27.0007 55
      vertex 52.1431 34.8409 59.9
    endloop
  endfacet
  facet normal 0.293068 0.147519 -0.944642
    outer loop
      vertex 56.6695 26.8554 59.9
      vertex 42.8614 22.9099 55
      vertex 55.307 29.5622 59.9
    endloop
  endfacet
  facet normal 0.32721 0.0241445 -0.944643
    outer loop
      vertex 62.6365 3.07713 59.9
      vertex 48.5415 2.38469 55
      vertex 62.4135 6.09927 59.9
    endloop
  endfacet
  facet normal 0.32327 0.0560955 -0.944643
    outer loop
      vertex 62.0251 9.24877 59.9
      vertex 47.6662 9.48139 55
      vertex 61.507 12.2345 59.9
    endloop
  endfacet
  facet normal 0.327212 0.0241392 -0.944643
    outer loop
      vertex 48.366 4.76363 55
      vertex 62.4135 6.09927 59.9
      vertex 48.5415 2.38469 55
    endloop
  endfacet
  facet normal 0.327218 0.0240703 -0.944642
    outer loop
      vertex 62.4135 6.09927 59.9
      vertex 48.366 4.76363 55
      vertex 62.41 6.14685 59.9
    endloop
  endfacet
  facet normal 0.311665 0.102512 -0.944646
    outer loop
      vertex 46.5073 14.1078 55
      vertex 59.9967 18.2496 59.9
      vertex 60.0116 18.2043 59.9
    endloop
  endfacet
  facet normal 0.311538 0.102924 -0.944643
    outer loop
      vertex 59.9967 18.2496 59.9
      vertex 46.5073 14.1078 55
      vertex 45.759 16.3728 55
    endloop
  endfacet
  facet normal 0.320126 0.0718922 -0.944643
    outer loop
      vertex 61.4966 12.2811 59.9
      vertex 47.1435 11.8088 55
      vertex 60.8326 15.2378 59.9
    endloop
  endfacet
  facet normal 0.316215 0.0875043 -0.944643
    outer loop
      vertex 60.8326 15.2378 59.9
      vertex 47.1435 11.8088 55
      vertex 60.0244 18.1584 59.9
    endloop
  endfacet
  facet normal 0.306039 -0.118289 -0.944642
    outer loop
      vertex 59.0289 -21.1715 59.9
      vertex 45.759 -16.3728 55
      vertex 59.0461 -21.127 59.9
    endloop
  endfacet
  facet normal 0.306115 -0.11808 -0.944643
    outer loop
      vertex 45.759 -16.3728 55
      vertex 59.0289 -21.1715 59.9
      vertex 44.9005 -18.5984 55
    endloop
  endfacet
  facet normal 0.306115 -0.118081 -0.944643
    outer loop
      vertex 57.9383 -23.9988 59.9
      vertex 44.9005 -18.5984 55
      vertex 59.0289 -21.1715 59.9
    endloop
  endfacet
  facet normal 0.320126 -0.0718922 -0.944643
    outer loop
      vertex 60.8326 -15.2378 59.9
      vertex 47.1435 -11.8088 55
      vertex 61.4966 -12.2811 59.9
    endloop
  endfacet
  facet normal 0.316215 -0.0875043 -0.944643
    outer loop
      vertex 60.0244 -18.1584 59.9
      vertex 47.1435 -11.8088 55
      vertex 60.8326 -15.2378 59.9
    endloop
  endfacet
  facet normal -0.328002 -0.00804637 -0.944643
    outer loop
      vertex -62.7108 -0.0476935 59.9
      vertex -48.6 0 55
      vertex -48.5415 -2.38469 55
    endloop
  endfacet
  facet normal -0.328001 -0.00825271 -0.944641
    outer loop
      vertex -48.6 0 55
      vertex -62.7108 -0.0476935 59.9
      vertex -62.712 0 59.9
    endloop
  endfacet
  facet normal -0.316215 -0.0875043 -0.944643
    outer loop
      vertex -60.0244 -18.1584 59.9
      vertex -60.8326 -15.2378 59.9
      vertex -47.1435 -11.8088 55
    endloop
  endfacet
  facet normal -0.26825 -0.188921 -0.944643
    outer loop
      vertex -50.3708 -37.3575 59.9
      vertex -52.1157 -34.8799 59.9
      vertex -39.0359 -28.951 55
    endloop
  endfacet
  facet normal -0.226238 -0.237626 -0.944643
    outer loop
      vertex -44.3095 -44.377 59.9
      vertex -34.3654 -34.3654 55
      vertex -32.6378 -36.0102 55
    endloop
  endfacet
  facet normal -0.22609 -0.237772 -0.944642
    outer loop
      vertex -34.3654 -34.3654 55
      vertex -44.3095 -44.377 59.9
      vertex -44.3441 -44.3441 59.9
    endloop
  endfacet
  facet normal -0.226237 -0.237627 -0.944643
    outer loop
      vertex -42.1148 -46.4665 59.9
      vertex -44.3095 -44.377 59.9
      vertex -32.6378 -36.0102 55
    endloop
  endfacet
  facet normal -0.0560955 -0.32327 -0.944643
    outer loop
      vertex -9.24877 -62.0251 59.9
      vertex -12.2345 -61.507 59.9
      vertex -9.48139 -47.6662 55
    endloop
  endfacet
  facet normal -0.161724 -0.285473 -0.944643
    outer loop
      vertex -32.1989 -53.8134 59.9
      vertex -24.9854 -41.6856 55
      vertex -22.9099 -42.8614 55
    endloop
  endfacet
  facet normal -0.161671 -0.285504 -0.944643
    outer loop
      vertex -24.9854 -41.6856 55
      vertex -32.1989 -53.8134 59.9
      vertex -32.2404 -53.7899 59.9
    endloop
  endfacet
  facet normal 0.258656 -0.201858 -0.944643
    outer loop
      vertex 48.5064 -39.7465 59.9
      vertex 39.0359 -28.951 55
      vertex 50.3708 -37.3575 59.9
    endloop
  endfacet
  facet normal 0.237627 -0.226237 -0.944643
    outer loop
      vertex 44.377 -44.3095 59.9
      vertex 36.0102 -32.6378 55
      vertex 46.4665 -42.1148 59.9
    endloop
  endfacet
  facet normal 0.248573 -0.214145 -0.944645
    outer loop
      vertex 48.4459 -39.8202 59.9
      vertex 37.5683 -30.8315 55
      vertex 48.477 -39.7841 59.9
    endloop
  endfacet
  facet normal 0.248441 -0.214303 -0.944643
    outer loop
      vertex 37.5683 -30.8315 55
      vertex 48.4459 -39.8202 59.9
      vertex 36.0102 -32.6378 55
    endloop
  endfacet
  facet normal 0.21431 -0.248437 -0.944643
    outer loop
      vertex 39.8202 -48.4459 59.9
      vertex 32.6378 -36.0102 55
      vertex 42.1148 -46.4665 59.9
    endloop
  endfacet
  facet normal 0.201858 -0.258656 -0.944643
    outer loop
      vertex 37.3575 -50.3708 59.9
      vertex 28.951 -39.0359 55
      vertex 39.7465 -48.5064 59.9
    endloop
  endfacet
  facet normal 0.161715 -0.28548 -0.944642
    outer loop
      vertex 29.5622 -55.307 59.9
      vertex 22.9099 -42.8614 55
      vertex 32.1989 -53.8134 59.9
    endloop
  endfacet
  facet normal 0.00825271 -0.328001 -0.944641
    outer loop
      vertex 0 -48.6 55
      vertex 0.0476935 -62.7108 59.9
      vertex 0 -62.712 59.9
    endloop
  endfacet
  facet normal 0.00804637 -0.328002 -0.944643
    outer loop
      vertex 0.0476935 -62.7108 59.9
      vertex 0 -48.6 55
      vertex 2.38469 -48.5415 55
    endloop
  endfacet
  facet normal -0.32327 0.0560955 -0.944643
    outer loop
      vertex -47.6662 9.48139 55
      vertex -62.0251 9.24877 59.9
      vertex -61.507 12.2345 59.9
    endloop
  endfacet
  facet normal -0.311538 0.102922 -0.944643
    outer loop
      vertex -45.759 16.3728 55
      vertex -59.9967 18.2496 59.9
      vertex -59.0461 21.127 59.9
    endloop
  endfacet
  facet normal -0.277193 0.175538 -0.944643
    outer loop
      vertex -40.4094 27.0007 55
      vertex -53.7644 32.2807 59.9
      vertex -52.1431 34.8409 59.9
    endloop
  endfacet
  facet normal -0.299957 0.132951 -0.944643
    outer loop
      vertex -56.7103 26.7692 59.9
      vertex -43.9339 20.7792 55
      vertex -44.9005 18.5984 55
    endloop
  endfacet
  facet normal -0.300024 0.132809 -0.944642
    outer loop
      vertex -43.9339 20.7792 55
      vertex -56.7103 26.7692 59.9
      vertex -56.691 26.8128 59.9
    endloop
  endfacet
  facet normal -0.248441 0.214303 -0.944643
    outer loop
      vertex -37.5683 30.8315 55
      vertex -48.4459 39.8202 59.9
      vertex -36.0102 32.6378 55
    endloop
  endfacet
  facet normal -0.248573 0.214145 -0.944645
    outer loop
      vertex -48.4459 39.8202 59.9
      vertex -37.5683 30.8315 55
      vertex -48.477 39.7841 59.9
    endloop
  endfacet
  facet normal -0.258653 0.20186 -0.944643
    outer loop
      vertex -48.5064 39.7465 59.9
      vertex -37.5683 30.8315 55
      vertex -39.0359 28.951 55
    endloop
  endfacet
  facet normal -0.258462 0.202095 -0.944645
    outer loop
      vertex -37.5683 30.8315 55
      vertex -48.5064 39.7465 59.9
      vertex -48.477 39.7841 59.9
    endloop
  endfacet
  facet normal -0.237626 0.226238 -0.944643
    outer loop
      vertex -44.377 44.3095 59.9
      vertex -34.3654 34.3654 55
      vertex -36.0102 32.6378 55
    endloop
  endfacet
  facet normal -0.237772 0.22609 -0.944642
    outer loop
      vertex -34.3654 34.3654 55
      vertex -44.377 44.3095 59.9
      vertex -44.3441 44.3441 59.9
    endloop
  endfacet
  facet normal -0.226238 0.237626 -0.944643
    outer loop
      vertex -34.3654 34.3654 55
      vertex -44.3095 44.377 59.9
      vertex -32.6378 36.0102 55
    endloop
  endfacet
  facet normal -0.22609 0.237772 -0.944642
    outer loop
      vertex -44.3095 44.377 59.9
      vertex -34.3654 34.3654 55
      vertex -44.3441 44.3441 59.9
    endloop
  endfacet
  facet normal -0.21431 0.248437 -0.944643
    outer loop
      vertex -32.6378 36.0102 55
      vertex -42.1148 46.4665 59.9
      vertex -39.8202 48.4459 59.9
    endloop
  endfacet
  facet normal -0.201858 0.258656 -0.944643
    outer loop
      vertex -28.951 39.0359 55
      vertex -39.7465 48.5064 59.9
      vertex -37.3575 50.3708 59.9
    endloop
  endfacet
  facet normal -0.161715 0.28548 -0.944642
    outer loop
      vertex -22.9099 42.8614 55
      vertex -32.1989 53.8134 59.9
      vertex -29.5622 55.307 59.9
    endloop
  endfacet
  facet normal -0.00825271 0.328001 -0.944641
    outer loop
      vertex 0 48.6 55
      vertex -0.0476935 62.7108 59.9
      vertex 0 62.712 59.9
    endloop
  endfacet
  facet normal -0.00804637 0.328002 -0.944643
    outer loop
      vertex -0.0476935 62.7108 59.9
      vertex 0 48.6 55
      vertex -2.38469 48.5415 55
    endloop
  endfacet
  facet normal -0.0560955 0.32327 -0.944643
    outer loop
      vertex -9.48139 47.6662 55
      vertex -12.2345 61.507 59.9
      vertex -9.24877 62.0251 59.9
    endloop
  endfacet
  facet normal 0.0560955 0.32327 -0.944643
    outer loop
      vertex 9.48139 47.6662 55
      vertex 9.24877 62.0251 59.9
      vertex 12.2345 61.507 59.9
    endloop
  endfacet
  facet normal 0.102922 0.311538 -0.944643
    outer loop
      vertex 21.127 59.0461 59.9
      vertex 16.3728 45.759 55
      vertex 18.2496 59.9967 59.9
    endloop
  endfacet
  facet normal 0.175538 0.277193 -0.944643
    outer loop
      vertex 34.8409 52.1431 59.9
      vertex 27.0007 40.4094 55
      vertex 32.2807 53.7644 59.9
    endloop
  endfacet
  facet normal 0.132809 0.300024 -0.944642
    outer loop
      vertex 20.7792 43.9339 55
      vertex 26.7692 56.7103 59.9
      vertex 26.8128 56.691 59.9
    endloop
  endfacet
  facet normal 0.132951 0.299957 -0.944643
    outer loop
      vertex 26.7692 56.7103 59.9
      vertex 20.7792 43.9339 55
      vertex 18.5984 44.9005 55
    endloop
  endfacet
  facet normal 0.202095 0.258462 -0.944645
    outer loop
      vertex 30.8315 37.5683 55
      vertex 39.7465 48.5064 59.9
      vertex 39.7841 48.477 59.9
    endloop
  endfacet
  facet normal 0.20186 0.258653 -0.944643
    outer loop
      vertex 39.7465 48.5064 59.9
      vertex 30.8315 37.5683 55
      vertex 28.951 39.0359 55
    endloop
  endfacet
  facet normal 0.21431 0.248437 -0.944643
    outer loop
      vertex 42.1148 46.4665 59.9
      vertex 32.6378 36.0102 55
      vertex 39.8202 48.4459 59.9
    endloop
  endfacet
  facet normal 0.237626 0.226238 -0.944643
    outer loop
      vertex 34.3654 34.3654 55
      vertex 44.377 44.3095 59.9
      vertex 36.0102 32.6378 55
    endloop
  endfacet
  facet normal 0.237772 0.22609 -0.944642
    outer loop
      vertex 44.377 44.3095 59.9
      vertex 34.3654 34.3654 55
      vertex 44.3441 44.3441 59.9
    endloop
  endfacet
  facet normal 0.248573 0.214145 -0.944645
    outer loop
      vertex 37.5683 30.8315 55
      vertex 48.4459 39.8202 59.9
      vertex 48.477 39.7841 59.9
    endloop
  endfacet
  facet normal 0.248441 0.214303 -0.944643
    outer loop
      vertex 48.4459 39.8202 59.9
      vertex 37.5683 30.8315 55
      vertex 36.0102 32.6378 55
    endloop
  endfacet
  facet normal 0.258653 0.20186 -0.944643
    outer loop
      vertex 37.5683 30.8315 55
      vertex 48.5064 39.7465 59.9
      vertex 39.0359 28.951 55
    endloop
  endfacet
  facet normal 0.258462 0.202095 -0.944645
    outer loop
      vertex 48.5064 39.7465 59.9
      vertex 37.5683 30.8315 55
      vertex 48.477 39.7841 59.9
    endloop
  endfacet
  facet normal 0.26825 0.188921 -0.944643
    outer loop
      vertex 52.1157 34.8799 59.9
      vertex 39.0359 28.951 55
      vertex 50.3708 37.3575 59.9
    endloop
  endfacet
  facet normal 0.292917 0.147834 -0.94464
    outer loop
      vertex 43.9339 20.7792 55
      vertex 56.6695 26.8554 59.9
      vertex 56.691 26.8128 59.9
    endloop
  endfacet
  facet normal 0.293068 0.147518 -0.944643
    outer loop
      vertex 56.6695 26.8554 59.9
      vertex 43.9339 20.7792 55
      vertex 42.8614 22.9099 55
    endloop
  endfacet
  facet normal 0.28548 0.161715 -0.944642
    outer loop
      vertex 55.307 29.5622 59.9
      vertex 42.8614 22.9099 55
      vertex 53.8134 32.1989 59.9
    endloop
  endfacet
  facet normal 0.325632 0.040163 -0.944643
    outer loop
      vertex 48.074 7.1311 55
      vertex 62.0391 9.15441 59.9
      vertex 48.366 4.76363 55
    endloop
  endfacet
  facet normal 0.325575 0.0405679 -0.944646
    outer loop
      vertex 62.0391 9.15441 59.9
      vertex 48.074 7.1311 55
      vertex 62.0332 9.20176 59.9
    endloop
  endfacet
  facet normal 0.306039 0.118289 -0.944642
    outer loop
      vertex 45.759 16.3728 55
      vertex 59.0289 21.1715 59.9
      vertex 59.0461 21.127 59.9
    endloop
  endfacet
  facet normal 0.306115 0.11808 -0.944643
    outer loop
      vertex 59.0289 21.1715 59.9
      vertex 45.759 16.3728 55
      vertex 44.9005 18.5984 55
    endloop
  endfacet
  facet normal 0.320214 0.071464 -0.944646
    outer loop
      vertex 47.6662 9.48139 55
      vertex 61.4966 12.2811 59.9
      vertex 61.507 12.2345 59.9
    endloop
  endfacet
  facet normal 0.320126 0.0718952 -0.944643
    outer loop
      vertex 61.4966 12.2811 59.9
      vertex 47.6662 9.48139 55
      vertex 47.1435 11.8088 55
    endloop
  endfacet
  facet normal 0.285504 -0.161671 -0.944643
    outer loop
      vertex 41.6856 -24.9854 55
      vertex 53.8134 -32.1989 59.9
      vertex 53.7899 -32.2404 59.9
    endloop
  endfacet
  facet normal 0.285473 -0.161724 -0.944643
    outer loop
      vertex 53.8134 -32.1989 59.9
      vertex 41.6856 -24.9854 55
      vertex 42.8614 -22.9099 55
    endloop
  endfacet
  facet normal 0.277193 -0.175538 -0.944643
    outer loop
      vertex 52.1431 -34.8409 59.9
      vertex 40.4094 -27.0007 55
      vertex 53.7644 -32.2807 59.9
    endloop
  endfacet
  facet normal 0.300024 -0.132809 -0.944642
    outer loop
      vertex 43.9339 -20.7792 55
      vertex 56.7103 -26.7692 59.9
      vertex 56.691 -26.8128 59.9
    endloop
  endfacet
  facet normal 0.299957 -0.132951 -0.944643
    outer loop
      vertex 56.7103 -26.7692 59.9
      vertex 43.9339 -20.7792 55
      vertex 44.9005 -18.5984 55
    endloop
  endfacet
  facet normal 0.292917 -0.147834 -0.94464
    outer loop
      vertex 56.6695 -26.8554 59.9
      vertex 43.9339 -20.7792 55
      vertex 56.691 -26.8128 59.9
    endloop
  endfacet
  facet normal 0.293068 -0.147518 -0.944643
    outer loop
      vertex 43.9339 -20.7792 55
      vertex 56.6695 -26.8554 59.9
      vertex 42.8614 -22.9099 55
    endloop
  endfacet
  facet normal 0.311665 -0.102512 -0.944646
    outer loop
      vertex 59.9967 -18.2496 59.9
      vertex 46.5073 -14.1078 55
      vertex 60.0116 -18.2043 59.9
    endloop
  endfacet
  facet normal 0.311538 -0.102924 -0.944643
    outer loop
      vertex 46.5073 -14.1078 55
      vertex 59.9967 -18.2496 59.9
      vertex 45.759 -16.3728 55
    endloop
  endfacet
  facet normal 0.323328 -0.0557107 -0.944645
    outer loop
      vertex 62.0251 -9.24877 59.9
      vertex 48.074 -7.1311 55
      vertex 62.0332 -9.20176 59.9
    endloop
  endfacet
  facet normal 0.32327 -0.0560907 -0.944643
    outer loop
      vertex 48.074 -7.1311 55
      vertex 62.0251 -9.24877 59.9
      vertex 47.6662 -9.48139 55
    endloop
  endfacet
  facet normal -0.32327 -0.0560907 -0.944643
    outer loop
      vertex -62.0251 -9.24877 59.9
      vertex -48.074 -7.1311 55
      vertex -47.6662 -9.48139 55
    endloop
  endfacet
  facet normal -0.323328 -0.0557107 -0.944645
    outer loop
      vertex -48.074 -7.1311 55
      vertex -62.0251 -9.24877 59.9
      vertex -62.0332 -9.20176 59.9
    endloop
  endfacet
  facet normal -0.325634 -0.040158 -0.944643
    outer loop
      vertex -62.0391 -9.15441 59.9
      vertex -62.41 -6.14685 59.9
      vertex -48.366 -4.76363 55
    endloop
  endfacet
  facet normal -0.328001 -0.00804457 -0.944643
    outer loop
      vertex -62.6365 -3.07713 59.9
      vertex -62.7108 -0.0476935 59.9
      vertex -48.5415 -2.38469 55
    endloop
  endfacet
  facet normal -0.328002 0.00804637 -0.944643
    outer loop
      vertex -48.6 0 55
      vertex -62.7108 0.0476935 59.9
      vertex -48.5415 2.38469 55
    endloop
  endfacet
  facet normal -0.328001 0.00825271 -0.944641
    outer loop
      vertex -62.7108 0.0476935 59.9
      vertex -48.6 0 55
      vertex -62.712 0 59.9
    endloop
  endfacet
  facet normal -0.32327 -0.0560955 -0.944643
    outer loop
      vertex -61.507 -12.2345 59.9
      vertex -62.0251 -9.24877 59.9
      vertex -47.6662 -9.48139 55
    endloop
  endfacet
  facet normal -0.320126 -0.0718952 -0.944643
    outer loop
      vertex -61.4966 -12.2811 59.9
      vertex -47.6662 -9.48139 55
      vertex -47.1435 -11.8088 55
    endloop
  endfacet
  facet normal -0.320214 -0.071464 -0.944646
    outer loop
      vertex -47.6662 -9.48139 55
      vertex -61.4966 -12.2811 59.9
      vertex -61.507 -12.2345 59.9
    endloop
  endfacet
  facet normal -0.316029 -0.08813 -0.944647
    outer loop
      vertex -60.0244 -18.1584 59.9
      vertex -46.5073 -14.1078 55
      vertex -60.0116 -18.2043 59.9
    endloop
  endfacet
  facet normal -0.316214 -0.0875057 -0.944643
    outer loop
      vertex -46.5073 -14.1078 55
      vertex -60.0244 -18.1584 59.9
      vertex -47.1435 -11.8088 55
    endloop
  endfacet
  facet normal -0.306115 -0.11808 -0.944643
    outer loop
      vertex -59.0289 -21.1715 59.9
      vertex -45.759 -16.3728 55
      vertex -44.9005 -18.5984 55
    endloop
  endfacet
  facet normal -0.306039 -0.118289 -0.944642
    outer loop
      vertex -45.759 -16.3728 55
      vertex -59.0289 -21.1715 59.9
      vertex -59.0461 -21.127 59.9
    endloop
  endfacet
  facet normal -0.311538 -0.102924 -0.944643
    outer loop
      vertex -59.9967 -18.2496 59.9
      vertex -46.5073 -14.1078 55
      vertex -45.759 -16.3728 55
    endloop
  endfacet
  facet normal -0.311665 -0.102512 -0.944646
    outer loop
      vertex -46.5073 -14.1078 55
      vertex -59.9967 -18.2496 59.9
      vertex -60.0116 -18.2043 59.9
    endloop
  endfacet
  facet normal -0.311538 -0.102922 -0.944643
    outer loop
      vertex -59.0461 -21.127 59.9
      vertex -59.9967 -18.2496 59.9
      vertex -45.759 -16.3728 55
    endloop
  endfacet
  facet normal -0.306115 -0.118081 -0.944643
    outer loop
      vertex -57.9383 -23.9988 59.9
      vertex -59.0289 -21.1715 59.9
      vertex -44.9005 -18.5984 55
    endloop
  endfacet
  facet normal -0.299953 -0.132957 -0.944643
    outer loop
      vertex -56.7103 -26.7692 59.9
      vertex -57.9383 -23.9988 59.9
      vertex -44.9005 -18.5984 55
    endloop
  endfacet
  facet normal -0.285504 -0.161671 -0.944643
    outer loop
      vertex -53.8134 -32.1989 59.9
      vertex -41.6856 -24.9854 55
      vertex -53.7899 -32.2404 59.9
    endloop
  endfacet
  facet normal -0.285473 -0.161724 -0.944643
    outer loop
      vertex -41.6856 -24.9854 55
      vertex -53.8134 -32.1989 59.9
      vertex -42.8614 -22.9099 55
    endloop
  endfacet
  facet normal -0.293068 -0.147519 -0.944642
    outer loop
      vertex -55.307 -29.5622 59.9
      vertex -56.6695 -26.8554 59.9
      vertex -42.8614 -22.9099 55
    endloop
  endfacet
  facet normal -0.277193 -0.175538 -0.944643
    outer loop
      vertex -52.1431 -34.8409 59.9
      vertex -53.7644 -32.2807 59.9
      vertex -40.4094 -27.0007 55
    endloop
  endfacet
  facet normal -0.277194 -0.175535 -0.944643
    outer loop
      vertex -53.7644 -32.2807 59.9
      vertex -41.6856 -24.9854 55
      vertex -40.4094 -27.0007 55
    endloop
  endfacet
  facet normal -0.277255 -0.175434 -0.944644
    outer loop
      vertex -41.6856 -24.9854 55
      vertex -53.7644 -32.2807 59.9
      vertex -53.7899 -32.2404 59.9
    endloop
  endfacet
  facet normal -0.248437 -0.21431 -0.944643
    outer loop
      vertex -46.4665 -42.1148 59.9
      vertex -48.4459 -39.8202 59.9
      vertex -36.0102 -32.6378 55
    endloop
  endfacet
  facet normal -0.237627 -0.226237 -0.944643
    outer loop
      vertex -44.377 -44.3095 59.9
      vertex -46.4665 -42.1148 59.9
      vertex -36.0102 -32.6378 55
    endloop
  endfacet
  facet normal -0.175434 -0.277255 -0.944644
    outer loop
      vertex -32.2807 -53.7644 59.9
      vertex -24.9854 -41.6856 55
      vertex -32.2404 -53.7899 59.9
    endloop
  endfacet
  facet normal -0.175535 -0.277194 -0.944643
    outer loop
      vertex -24.9854 -41.6856 55
      vertex -32.2807 -53.7644 59.9
      vertex -27.0007 -40.4094 55
    endloop
  endfacet
  facet normal -0.21431 -0.248437 -0.944643
    outer loop
      vertex -39.8202 -48.4459 59.9
      vertex -42.1148 -46.4665 59.9
      vertex -32.6378 -36.0102 55
    endloop
  endfacet
  facet normal -0.132957 -0.299953 -0.944643
    outer loop
      vertex -23.9988 -57.9383 59.9
      vertex -26.7692 -56.7103 59.9
      vertex -18.5984 -44.9005 55
    endloop
  endfacet
  facet normal -0.102922 -0.311538 -0.944643
    outer loop
      vertex -18.2496 -59.9967 59.9
      vertex -21.127 -59.0461 59.9
      vertex -16.3728 -45.759 55
    endloop
  endfacet
  facet normal -0.0241445 -0.32721 -0.944643
    outer loop
      vertex -3.07713 -62.6365 59.9
      vertex -6.09927 -62.4135 59.9
      vertex -2.38469 -48.5415 55
    endloop
  endfacet
  facet normal -0.147834 -0.292917 -0.94464
    outer loop
      vertex -26.8554 -56.6695 59.9
      vertex -20.7792 -43.9339 55
      vertex -26.8128 -56.691 59.9
    endloop
  endfacet
  facet normal -0.147518 -0.293068 -0.944643
    outer loop
      vertex -20.7792 -43.9339 55
      vertex -26.8554 -56.6695 59.9
      vertex -22.9099 -42.8614 55
    endloop
  endfacet
  facet normal 0.188921 -0.26825 -0.944643
    outer loop
      vertex 34.8799 -52.1157 59.9
      vertex 28.951 -39.0359 55
      vertex 37.3575 -50.3708 59.9
    endloop
  endfacet
  facet normal 0.175434 -0.277255 -0.944644
    outer loop
      vertex 24.9854 -41.6856 55
      vertex 32.2807 -53.7644 59.9
      vertex 32.2404 -53.7899 59.9
    endloop
  endfacet
  facet normal 0.175535 -0.277194 -0.944643
    outer loop
      vertex 32.2807 -53.7644 59.9
      vertex 24.9854 -41.6856 55
      vertex 27.0007 -40.4094 55
    endloop
  endfacet
  facet normal 0.132809 -0.300024 -0.944642
    outer loop
      vertex 26.7692 -56.7103 59.9
      vertex 20.7792 -43.9339 55
      vertex 26.8128 -56.691 59.9
    endloop
  endfacet
  facet normal 0.132951 -0.299957 -0.944643
    outer loop
      vertex 20.7792 -43.9339 55
      vertex 26.7692 -56.7103 59.9
      vertex 18.5984 -44.9005 55
    endloop
  endfacet
  facet normal 0.147519 -0.293068 -0.944642
    outer loop
      vertex 26.8554 -56.6695 59.9
      vertex 22.9099 -42.8614 55
      vertex 29.5622 -55.307 59.9
    endloop
  endfacet
  facet normal 0.175538 -0.277193 -0.944643
    outer loop
      vertex 32.2807 -53.7644 59.9
      vertex 27.0007 -40.4094 55
      vertex 34.8409 -52.1431 59.9
    endloop
  endfacet
  facet normal 0.102512 -0.311665 -0.944646
    outer loop
      vertex 14.1078 -46.5073 55
      vertex 18.2496 -59.9967 59.9
      vertex 18.2043 -60.0116 59.9
    endloop
  endfacet
  facet normal 0.102924 -0.311538 -0.944643
    outer loop
      vertex 18.2496 -59.9967 59.9
      vertex 14.1078 -46.5073 55
      vertex 16.3728 -45.759 55
    endloop
  endfacet
  facet normal 0.00804457 -0.328001 -0.944643
    outer loop
      vertex 3.07713 -62.6365 59.9
      vertex 0.0476935 -62.7108 59.9
      vertex 2.38469 -48.5415 55
    endloop
  endfacet
  facet normal 0.0241445 -0.32721 -0.944643
    outer loop
      vertex 3.07713 -62.6365 59.9
      vertex 2.38469 -48.5415 55
      vertex 6.09927 -62.4135 59.9
    endloop
  endfacet
  facet normal 0.0405679 -0.325575 -0.944646
    outer loop
      vertex 9.15441 -62.0391 59.9
      vertex 7.1311 -48.074 55
      vertex 9.20176 -62.0332 59.9
    endloop
  endfacet
  facet normal 0.040163 -0.325632 -0.944643
    outer loop
      vertex 7.1311 -48.074 55
      vertex 9.15441 -62.0391 59.9
      vertex 4.76363 -48.366 55
    endloop
  endfacet
  facet normal -0.316215 0.0875043 -0.944643
    outer loop
      vertex -47.1435 11.8088 55
      vertex -60.8326 15.2378 59.9
      vertex -60.0244 18.1584 59.9
    endloop
  endfacet
  facet normal -0.311538 0.102924 -0.944643
    outer loop
      vertex -46.5073 14.1078 55
      vertex -59.9967 18.2496 59.9
      vertex -45.759 16.3728 55
    endloop
  endfacet
  facet normal -0.311665 0.102512 -0.944646
    outer loop
      vertex -59.9967 18.2496 59.9
      vertex -46.5073 14.1078 55
      vertex -60.0116 18.2043 59.9
    endloop
  endfacet
  facet normal -0.325634 0.040158 -0.944643
    outer loop
      vertex -48.366 4.76363 55
      vertex -62.41 6.14685 59.9
      vertex -62.0391 9.15441 59.9
    endloop
  endfacet
  facet normal -0.299953 0.132957 -0.944643
    outer loop
      vertex -44.9005 18.5984 55
      vertex -57.9383 23.9988 59.9
      vertex -56.7103 26.7692 59.9
    endloop
  endfacet
  facet normal -0.28548 0.161715 -0.944642
    outer loop
      vertex -42.8614 22.9099 55
      vertex -55.307 29.5622 59.9
      vertex -53.8134 32.1989 59.9
    endloop
  endfacet
  facet normal -0.306115 0.11808 -0.944643
    outer loop
      vertex -45.759 16.3728 55
      vertex -59.0289 21.1715 59.9
      vertex -44.9005 18.5984 55
    endloop
  endfacet
  facet normal -0.306039 0.118289 -0.944642
    outer loop
      vertex -59.0289 21.1715 59.9
      vertex -45.759 16.3728 55
      vertex -59.0461 21.127 59.9
    endloop
  endfacet
  facet normal -0.293068 0.147519 -0.944642
    outer loop
      vertex -42.8614 22.9099 55
      vertex -56.6695 26.8554 59.9
      vertex -55.307 29.5622 59.9
    endloop
  endfacet
  facet normal -0.293068 0.147518 -0.944643
    outer loop
      vertex -43.9339 20.7792 55
      vertex -56.6695 26.8554 59.9
      vertex -42.8614 22.9099 55
    endloop
  endfacet
  facet normal -0.292917 0.147834 -0.94464
    outer loop
      vertex -56.6695 26.8554 59.9
      vertex -43.9339 20.7792 55
      vertex -56.691 26.8128 59.9
    endloop
  endfacet
  facet normal -0.237627 0.226237 -0.944643
    outer loop
      vertex -36.0102 32.6378 55
      vertex -46.4665 42.1148 59.9
      vertex -44.377 44.3095 59.9
    endloop
  endfacet
  facet normal -0.248437 0.21431 -0.944643
    outer loop
      vertex -36.0102 32.6378 55
      vertex -48.4459 39.8202 59.9
      vertex -46.4665 42.1148 59.9
    endloop
  endfacet
  facet normal -0.188921 0.26825 -0.944643
    outer loop
      vertex -28.951 39.0359 55
      vertex -37.3575 50.3708 59.9
      vertex -34.8799 52.1157 59.9
    endloop
  endfacet
  facet normal -0.175535 0.277194 -0.944643
    outer loop
      vertex -32.2807 53.7644 59.9
      vertex -24.9854 41.6856 55
      vertex -27.0007 40.4094 55
    endloop
  endfacet
  facet normal -0.175434 0.277255 -0.944644
    outer loop
      vertex -24.9854 41.6856 55
      vertex -32.2807 53.7644 59.9
      vertex -32.2404 53.7899 59.9
    endloop
  endfacet
  facet normal -0.147519 0.293068 -0.944642
    outer loop
      vertex -22.9099 42.8614 55
      vertex -29.5622 55.307 59.9
      vertex -26.8554 56.6695 59.9
    endloop
  endfacet
  facet normal -0.175538 0.277193 -0.944643
    outer loop
      vertex -27.0007 40.4094 55
      vertex -34.8409 52.1431 59.9
      vertex -32.2807 53.7644 59.9
    endloop
  endfacet
  facet normal -0.102924 0.311538 -0.944643
    outer loop
      vertex -18.2496 59.9967 59.9
      vertex -14.1078 46.5073 55
      vertex -16.3728 45.759 55
    endloop
  endfacet
  facet normal -0.102512 0.311665 -0.944646
    outer loop
      vertex -14.1078 46.5073 55
      vertex -18.2496 59.9967 59.9
      vertex -18.2043 60.0116 59.9
    endloop
  endfacet
  facet normal -0.00804457 0.328001 -0.944643
    outer loop
      vertex -2.38469 48.5415 55
      vertex -3.07713 62.6365 59.9
      vertex -0.0476935 62.7108 59.9
    endloop
  endfacet
  facet normal -0.0241445 0.32721 -0.944643
    outer loop
      vertex -2.38469 48.5415 55
      vertex -6.09927 62.4135 59.9
      vertex -3.07713 62.6365 59.9
    endloop
  endfacet
  facet normal -0.040163 0.325632 -0.944643
    outer loop
      vertex -7.1311 48.074 55
      vertex -9.15441 62.0391 59.9
      vertex -4.76363 48.366 55
    endloop
  endfacet
  facet normal -0.0405679 0.325575 -0.944646
    outer loop
      vertex -9.15441 62.0391 59.9
      vertex -7.1311 48.074 55
      vertex -9.20176 62.0332 59.9
    endloop
  endfacet
  facet normal 0.0875043 0.316215 -0.944643
    outer loop
      vertex 18.1584 60.0244 59.9
      vertex 11.8088 47.1435 55
      vertex 15.2378 60.8326 59.9
    endloop
  endfacet
  facet normal 0.102924 0.311538 -0.944643
    outer loop
      vertex 14.1078 46.5073 55
      vertex 18.2496 59.9967 59.9
      vertex 16.3728 45.759 55
    endloop
  endfacet
  facet normal 0.102512 0.311665 -0.944646
    outer loop
      vertex 18.2496 59.9967 59.9
      vertex 14.1078 46.5073 55
      vertex 18.2043 60.0116 59.9
    endloop
  endfacet
  facet normal 0.040158 0.325634 -0.944643
    outer loop
      vertex 9.15441 62.0391 59.9
      vertex 4.76363 48.366 55
      vertex 6.14685 62.41 59.9
    endloop
  endfacet
  facet normal 0.132957 0.299953 -0.944643
    outer loop
      vertex 26.7692 56.7103 59.9
      vertex 18.5984 44.9005 55
      vertex 23.9988 57.9383 59.9
    endloop
  endfacet
  facet normal 0.161715 0.28548 -0.944642
    outer loop
      vertex 32.1989 53.8134 59.9
      vertex 22.9099 42.8614 55
      vertex 29.5622 55.307 59.9
    endloop
  endfacet
  facet normal 0.11808 0.306115 -0.944643
    outer loop
      vertex 16.3728 45.759 55
      vertex 21.1715 59.0289 59.9
      vertex 18.5984 44.9005 55
    endloop
  endfacet
  facet normal 0.118289 0.306039 -0.944642
    outer loop
      vertex 21.1715 59.0289 59.9
      vertex 16.3728 45.759 55
      vertex 21.127 59.0461 59.9
    endloop
  endfacet
  facet normal 0.147519 0.293068 -0.944642
    outer loop
      vertex 29.5622 55.307 59.9
      vertex 22.9099 42.8614 55
      vertex 26.8554 56.6695 59.9
    endloop
  endfacet
  facet normal 0.147518 0.293068 -0.944643
    outer loop
      vertex 20.7792 43.9339 55
      vertex 26.8554 56.6695 59.9
      vertex 22.9099 42.8614 55
    endloop
  endfacet
  facet normal 0.147834 0.292917 -0.94464
    outer loop
      vertex 26.8554 56.6695 59.9
      vertex 20.7792 43.9339 55
      vertex 26.8128 56.691 59.9
    endloop
  endfacet
  facet normal 0.226237 0.237627 -0.944643
    outer loop
      vertex 44.3095 44.377 59.9
      vertex 32.6378 36.0102 55
      vertex 42.1148 46.4665 59.9
    endloop
  endfacet
  facet normal 0.277255 0.175434 -0.944644
    outer loop
      vertex 41.6856 24.9854 55
      vertex 53.7644 32.2807 59.9
      vertex 53.7899 32.2404 59.9
    endloop
  endfacet
  facet normal 0.277194 0.175535 -0.944643
    outer loop
      vertex 53.7644 32.2807 59.9
      vertex 41.6856 24.9854 55
      vertex 40.4094 27.0007 55
    endloop
  endfacet
  facet normal 0.285473 0.161724 -0.944643
    outer loop
      vertex 41.6856 24.9854 55
      vertex 53.8134 32.1989 59.9
      vertex 42.8614 22.9099 55
    endloop
  endfacet
  facet normal 0.285504 0.161671 -0.944643
    outer loop
      vertex 53.8134 32.1989 59.9
      vertex 41.6856 24.9854 55
      vertex 53.7899 32.2404 59.9
    endloop
  endfacet
  facet normal 0.323328 0.0557107 -0.944645
    outer loop
      vertex 48.074 7.1311 55
      vertex 62.0251 9.24877 59.9
      vertex 62.0332 9.20176 59.9
    endloop
  endfacet
  facet normal 0.32327 0.0560907 -0.944643
    outer loop
      vertex 62.0251 9.24877 59.9
      vertex 48.074 7.1311 55
      vertex 47.6662 9.48139 55
    endloop
  endfacet
  facet normal 0.28548 -0.161715 -0.944642
    outer loop
      vertex 53.8134 -32.1989 59.9
      vertex 42.8614 -22.9099 55
      vertex 55.307 -29.5622 59.9
    endloop
  endfacet
  facet normal 0.26846 -0.18861 -0.944646
    outer loop
      vertex 52.1157 -34.8799 59.9
      vertex 40.4094 -27.0007 55
      vertex 52.1431 -34.8409 59.9
    endloop
  endfacet
  facet normal 0.268252 -0.188917 -0.944643
    outer loop
      vertex 40.4094 -27.0007 55
      vertex 52.1157 -34.8799 59.9
      vertex 39.0359 -28.951 55
    endloop
  endfacet
  facet normal 0.316029 -0.08813 -0.944647
    outer loop
      vertex 46.5073 -14.1078 55
      vertex 60.0244 -18.1584 59.9
      vertex 60.0116 -18.2043 59.9
    endloop
  endfacet
  facet normal 0.316214 -0.0875057 -0.944643
    outer loop
      vertex 60.0244 -18.1584 59.9
      vertex 46.5073 -14.1078 55
      vertex 47.1435 -11.8088 55
    endloop
  endfacet
  facet normal 0.327218 -0.0240703 -0.944642
    outer loop
      vertex 48.366 -4.76363 55
      vertex 62.4135 -6.09927 59.9
      vertex 62.41 -6.14685 59.9
    endloop
  endfacet
  facet normal 0.327212 -0.0241392 -0.944643
    outer loop
      vertex 62.4135 -6.09927 59.9
      vertex 48.366 -4.76363 55
      vertex 48.5415 -2.38469 55
    endloop
  endfacet
  facet normal 0.325634 -0.040158 -0.944643
    outer loop
      vertex 62.0391 -9.15441 59.9
      vertex 48.366 -4.76363 55
      vertex 62.41 -6.14685 59.9
    endloop
  endfacet
  facet normal 0.32327 -0.0560955 -0.944643
    outer loop
      vertex 61.507 -12.2345 59.9
      vertex 47.6662 -9.48139 55
      vertex 62.0251 -9.24877 59.9
    endloop
  endfacet
  facet normal 0.320214 -0.071464 -0.944646
    outer loop
      vertex 61.4966 -12.2811 59.9
      vertex 47.6662 -9.48139 55
      vertex 61.507 -12.2345 59.9
    endloop
  endfacet
  facet normal 0.320126 -0.0718952 -0.944643
    outer loop
      vertex 47.6662 -9.48139 55
      vertex 61.4966 -12.2811 59.9
      vertex 47.1435 -11.8088 55
    endloop
  endfacet
  facet normal -0.325575 -0.0405679 -0.944646
    outer loop
      vertex -62.0391 -9.15441 59.9
      vertex -48.074 -7.1311 55
      vertex -62.0332 -9.20176 59.9
    endloop
  endfacet
  facet normal -0.325632 -0.040163 -0.944643
    outer loop
      vertex -48.074 -7.1311 55
      vertex -62.0391 -9.15441 59.9
      vertex -48.366 -4.76363 55
    endloop
  endfacet
  facet normal -0.32721 -0.0241445 -0.944643
    outer loop
      vertex -62.4135 -6.09927 59.9
      vertex -62.6365 -3.07713 59.9
      vertex -48.5415 -2.38469 55
    endloop
  endfacet
  facet normal -0.293068 -0.147518 -0.944643
    outer loop
      vertex -56.6695 -26.8554 59.9
      vertex -43.9339 -20.7792 55
      vertex -42.8614 -22.9099 55
    endloop
  endfacet
  facet normal -0.292917 -0.147834 -0.94464
    outer loop
      vertex -43.9339 -20.7792 55
      vertex -56.6695 -26.8554 59.9
      vertex -56.691 -26.8128 59.9
    endloop
  endfacet
  facet normal -0.28548 -0.161715 -0.944642
    outer loop
      vertex -53.8134 -32.1989 59.9
      vertex -55.307 -29.5622 59.9
      vertex -42.8614 -22.9099 55
    endloop
  endfacet
  facet normal -0.268252 -0.188917 -0.944643
    outer loop
      vertex -52.1157 -34.8799 59.9
      vertex -40.4094 -27.0007 55
      vertex -39.0359 -28.951 55
    endloop
  endfacet
  facet normal -0.26846 -0.18861 -0.944646
    outer loop
      vertex -40.4094 -27.0007 55
      vertex -52.1157 -34.8799 59.9
      vertex -52.1431 -34.8409 59.9
    endloop
  endfacet
  facet normal -0.214145 -0.248573 -0.944645
    outer loop
      vertex -39.8202 -48.4459 59.9
      vertex -30.8315 -37.5683 55
      vertex -39.7841 -48.477 59.9
    endloop
  endfacet
  facet normal -0.214303 -0.248441 -0.944643
    outer loop
      vertex -30.8315 -37.5683 55
      vertex -39.8202 -48.4459 59.9
      vertex -32.6378 -36.0102 55
    endloop
  endfacet
  facet normal -0.20186 -0.258653 -0.944643
    outer loop
      vertex -39.7465 -48.5064 59.9
      vertex -30.8315 -37.5683 55
      vertex -28.951 -39.0359 55
    endloop
  endfacet
  facet normal -0.202095 -0.258462 -0.944645
    outer loop
      vertex -30.8315 -37.5683 55
      vertex -39.7465 -48.5064 59.9
      vertex -39.7841 -48.477 59.9
    endloop
  endfacet
  facet normal -0.201858 -0.258656 -0.944643
    outer loop
      vertex -37.3575 -50.3708 59.9
      vertex -39.7465 -48.5064 59.9
      vertex -28.951 -39.0359 55
    endloop
  endfacet
  facet normal -0.118289 -0.306039 -0.944642
    outer loop
      vertex -21.1715 -59.0289 59.9
      vertex -16.3728 -45.759 55
      vertex -21.127 -59.0461 59.9
    endloop
  endfacet
  facet normal -0.11808 -0.306115 -0.944643
    outer loop
      vertex -16.3728 -45.759 55
      vertex -21.1715 -59.0289 59.9
      vertex -18.5984 -44.9005 55
    endloop
  endfacet
  facet normal -0.0875057 -0.316214 -0.944643
    outer loop
      vertex -18.1584 -60.0244 59.9
      vertex -14.1078 -46.5073 55
      vertex -11.8088 -47.1435 55
    endloop
  endfacet
  facet normal -0.08813 -0.316029 -0.944647
    outer loop
      vertex -14.1078 -46.5073 55
      vertex -18.1584 -60.0244 59.9
      vertex -18.2043 -60.0116 59.9
    endloop
  endfacet
  facet normal -0.0718922 -0.320126 -0.944643
    outer loop
      vertex -12.2811 -61.4966 59.9
      vertex -15.2378 -60.8326 59.9
      vertex -11.8088 -47.1435 55
    endloop
  endfacet
  facet normal -0.0875043 -0.316215 -0.944643
    outer loop
      vertex -15.2378 -60.8326 59.9
      vertex -18.1584 -60.0244 59.9
      vertex -11.8088 -47.1435 55
    endloop
  endfacet
  facet normal -0.0241392 -0.327212 -0.944643
    outer loop
      vertex -6.09927 -62.4135 59.9
      vertex -4.76363 -48.366 55
      vertex -2.38469 -48.5415 55
    endloop
  endfacet
  facet normal -0.0240703 -0.327218 -0.944642
    outer loop
      vertex -4.76363 -48.366 55
      vertex -6.09927 -62.4135 59.9
      vertex -6.14685 -62.41 59.9
    endloop
  endfacet
  facet normal -0.00804457 -0.328001 -0.944643
    outer loop
      vertex -0.0476935 -62.7108 59.9
      vertex -3.07713 -62.6365 59.9
      vertex -2.38469 -48.5415 55
    endloop
  endfacet
  facet normal -0.132951 -0.299957 -0.944643
    outer loop
      vertex -26.7692 -56.7103 59.9
      vertex -20.7792 -43.9339 55
      vertex -18.5984 -44.9005 55
    endloop
  endfacet
  facet normal -0.132809 -0.300024 -0.944642
    outer loop
      vertex -20.7792 -43.9339 55
      vertex -26.7692 -56.7103 59.9
      vertex -26.8128 -56.691 59.9
    endloop
  endfacet
  facet normal -0.161715 -0.28548 -0.944642
    outer loop
      vertex -29.5622 -55.307 59.9
      vertex -32.1989 -53.8134 59.9
      vertex -22.9099 -42.8614 55
    endloop
  endfacet
  facet normal -0.147519 -0.293068 -0.944642
    outer loop
      vertex -26.8554 -56.6695 59.9
      vertex -29.5622 -55.307 59.9
      vertex -22.9099 -42.8614 55
    endloop
  endfacet
  facet normal 0.18861 -0.26846 -0.944646
    outer loop
      vertex 27.0007 -40.4094 55
      vertex 34.8799 -52.1157 59.9
      vertex 34.8409 -52.1431 59.9
    endloop
  endfacet
  facet normal 0.188917 -0.268252 -0.944643
    outer loop
      vertex 34.8799 -52.1157 59.9
      vertex 27.0007 -40.4094 55
      vertex 28.951 -39.0359 55
    endloop
  endfacet
  facet normal 0.132957 -0.299953 -0.944643
    outer loop
      vertex 23.9988 -57.9383 59.9
      vertex 18.5984 -44.9005 55
      vertex 26.7692 -56.7103 59.9
    endloop
  endfacet
  facet normal 0.118081 -0.306115 -0.944643
    outer loop
      vertex 21.1715 -59.0289 59.9
      vertex 18.5984 -44.9005 55
      vertex 23.9988 -57.9383 59.9
    endloop
  endfacet
  facet normal 0.161671 -0.285504 -0.944643
    outer loop
      vertex 32.1989 -53.8134 59.9
      vertex 24.9854 -41.6856 55
      vertex 32.2404 -53.7899 59.9
    endloop
  endfacet
  facet normal 0.161724 -0.285473 -0.944643
    outer loop
      vertex 24.9854 -41.6856 55
      vertex 32.1989 -53.8134 59.9
      vertex 22.9099 -42.8614 55
    endloop
  endfacet
  facet normal 0.102922 -0.311538 -0.944643
    outer loop
      vertex 18.2496 -59.9967 59.9
      vertex 16.3728 -45.759 55
      vertex 21.127 -59.0461 59.9
    endloop
  endfacet
  facet normal 0.0875043 -0.316215 -0.944643
    outer loop
      vertex 15.2378 -60.8326 59.9
      vertex 11.8088 -47.1435 55
      vertex 18.1584 -60.0244 59.9
    endloop
  endfacet
  facet normal 0.08813 -0.316029 -0.944647
    outer loop
      vertex 18.1584 -60.0244 59.9
      vertex 14.1078 -46.5073 55
      vertex 18.2043 -60.0116 59.9
    endloop
  endfacet
  facet normal 0.0875057 -0.316214 -0.944643
    outer loop
      vertex 14.1078 -46.5073 55
      vertex 18.1584 -60.0244 59.9
      vertex 11.8088 -47.1435 55
    endloop
  endfacet
  facet normal 0.0240703 -0.327218 -0.944642
    outer loop
      vertex 6.09927 -62.4135 59.9
      vertex 4.76363 -48.366 55
      vertex 6.14685 -62.41 59.9
    endloop
  endfacet
  facet normal 0.0241392 -0.327212 -0.944643
    outer loop
      vertex 4.76363 -48.366 55
      vertex 6.09927 -62.4135 59.9
      vertex 2.38469 -48.5415 55
    endloop
  endfacet
  facet normal 0.040158 -0.325634 -0.944643
    outer loop
      vertex 6.14685 -62.41 59.9
      vertex 4.76363 -48.366 55
      vertex 9.15441 -62.0391 59.9
    endloop
  endfacet
  facet normal 0.0557107 -0.323328 -0.944645
    outer loop
      vertex 7.1311 -48.074 55
      vertex 9.24877 -62.0251 59.9
      vertex 9.20176 -62.0332 59.9
    endloop
  endfacet
  facet normal 0.0560907 -0.32327 -0.944643
    outer loop
      vertex 9.24877 -62.0251 59.9
      vertex 7.1311 -48.074 55
      vertex 9.48139 -47.6662 55
    endloop
  endfacet
  facet normal -0.316214 0.0875057 -0.944643
    outer loop
      vertex -60.0244 18.1584 59.9
      vertex -46.5073 14.1078 55
      vertex -47.1435 11.8088 55
    endloop
  endfacet
  facet normal -0.316029 0.08813 -0.944647
    outer loop
      vertex -46.5073 14.1078 55
      vertex -60.0244 18.1584 59.9
      vertex -60.0116 18.2043 59.9
    endloop
  endfacet
  facet normal -0.325632 0.040163 -0.944643
    outer loop
      vertex -62.0391 9.15441 59.9
      vertex -48.074 7.1311 55
      vertex -48.366 4.76363 55
    endloop
  endfacet
  facet normal -0.325575 0.0405679 -0.944646
    outer loop
      vertex -48.074 7.1311 55
      vertex -62.0391 9.15441 59.9
      vertex -62.0332 9.20176 59.9
    endloop
  endfacet
  facet normal -0.32327 0.0560907 -0.944643
    outer loop
      vertex -48.074 7.1311 55
      vertex -62.0251 9.24877 59.9
      vertex -47.6662 9.48139 55
    endloop
  endfacet
  facet normal -0.323328 0.0557107 -0.944645
    outer loop
      vertex -62.0251 9.24877 59.9
      vertex -48.074 7.1311 55
      vertex -62.0332 9.20176 59.9
    endloop
  endfacet
  facet normal -0.285473 0.161724 -0.944643
    outer loop
      vertex -53.8134 32.1989 59.9
      vertex -41.6856 24.9854 55
      vertex -42.8614 22.9099 55
    endloop
  endfacet
  facet normal -0.285504 0.161671 -0.944643
    outer loop
      vertex -41.6856 24.9854 55
      vertex -53.8134 32.1989 59.9
      vertex -53.7899 32.2404 59.9
    endloop
  endfacet
  facet normal -0.188917 0.268252 -0.944643
    outer loop
      vertex -34.8799 52.1157 59.9
      vertex -27.0007 40.4094 55
      vertex -28.951 39.0359 55
    endloop
  endfacet
  facet normal -0.18861 0.26846 -0.944646
    outer loop
      vertex -27.0007 40.4094 55
      vertex -34.8799 52.1157 59.9
      vertex -34.8409 52.1431 59.9
    endloop
  endfacet
  facet normal -0.132957 0.299953 -0.944643
    outer loop
      vertex -18.5984 44.9005 55
      vertex -26.7692 56.7103 59.9
      vertex -23.9988 57.9383 59.9
    endloop
  endfacet
  facet normal -0.118081 0.306115 -0.944643
    outer loop
      vertex -18.5984 44.9005 55
      vertex -23.9988 57.9383 59.9
      vertex -21.1715 59.0289 59.9
    endloop
  endfacet
  facet normal -0.161724 0.285473 -0.944643
    outer loop
      vertex -24.9854 41.6856 55
      vertex -32.1989 53.8134 59.9
      vertex -22.9099 42.8614 55
    endloop
  endfacet
  facet normal -0.161671 0.285504 -0.944643
    outer loop
      vertex -32.1989 53.8134 59.9
      vertex -24.9854 41.6856 55
      vertex -32.2404 53.7899 59.9
    endloop
  endfacet
  facet normal -0.102922 0.311538 -0.944643
    outer loop
      vertex -16.3728 45.759 55
      vertex -21.127 59.0461 59.9
      vertex -18.2496 59.9967 59.9
    endloop
  endfacet
  facet normal -0.0718922 0.320126 -0.944643
    outer loop
      vertex -11.8088 47.1435 55
      vertex -15.2378 60.8326 59.9
      vertex -12.2811 61.4966 59.9
    endloop
  endfacet
  facet normal -0.0718952 0.320126 -0.944643
    outer loop
      vertex -12.2811 61.4966 59.9
      vertex -9.48139 47.6662 55
      vertex -11.8088 47.1435 55
    endloop
  endfacet
  facet normal -0.071464 0.320214 -0.944646
    outer loop
      vertex -9.48139 47.6662 55
      vertex -12.2811 61.4966 59.9
      vertex -12.2345 61.507 59.9
    endloop
  endfacet
  facet normal -0.0241392 0.327212 -0.944643
    outer loop
      vertex -4.76363 48.366 55
      vertex -6.09927 62.4135 59.9
      vertex -2.38469 48.5415 55
    endloop
  endfacet
  facet normal -0.0240703 0.327218 -0.944642
    outer loop
      vertex -6.09927 62.4135 59.9
      vertex -4.76363 48.366 55
      vertex -6.14685 62.41 59.9
    endloop
  endfacet
  facet normal -0.040158 0.325634 -0.944643
    outer loop
      vertex -4.76363 48.366 55
      vertex -9.15441 62.0391 59.9
      vertex -6.14685 62.41 59.9
    endloop
  endfacet
  facet normal -0.0557107 0.323328 -0.944645
    outer loop
      vertex -7.1311 48.074 55
      vertex -9.24877 62.0251 59.9
      vertex -9.20176 62.0332 59.9
    endloop
  endfacet
  facet normal -0.0560907 0.32327 -0.944643
    outer loop
      vertex -9.24877 62.0251 59.9
      vertex -7.1311 48.074 55
      vertex -9.48139 47.6662 55
    endloop
  endfacet
  facet normal 0.08813 0.316029 -0.944647
    outer loop
      vertex 14.1078 46.5073 55
      vertex 18.1584 60.0244 59.9
      vertex 18.2043 60.0116 59.9
    endloop
  endfacet
  facet normal 0.0875057 0.316214 -0.944643
    outer loop
      vertex 18.1584 60.0244 59.9
      vertex 14.1078 46.5073 55
      vertex 11.8088 47.1435 55
    endloop
  endfacet
  facet normal 0.0405679 0.325575 -0.944646
    outer loop
      vertex 7.1311 48.074 55
      vertex 9.15441 62.0391 59.9
      vertex 9.20176 62.0332 59.9
    endloop
  endfacet
  facet normal 0.040163 0.325632 -0.944643
    outer loop
      vertex 9.15441 62.0391 59.9
      vertex 7.1311 48.074 55
      vertex 4.76363 48.366 55
    endloop
  endfacet
  facet normal 0.0560907 0.32327 -0.944643
    outer loop
      vertex 7.1311 48.074 55
      vertex 9.24877 62.0251 59.9
      vertex 9.48139 47.6662 55
    endloop
  endfacet
  facet normal 0.0557107 0.323328 -0.944645
    outer loop
      vertex 9.24877 62.0251 59.9
      vertex 7.1311 48.074 55
      vertex 9.20176 62.0332 59.9
    endloop
  endfacet
  facet normal 0.161671 0.285504 -0.944643
    outer loop
      vertex 24.9854 41.6856 55
      vertex 32.1989 53.8134 59.9
      vertex 32.2404 53.7899 59.9
    endloop
  endfacet
  facet normal 0.161724 0.285473 -0.944643
    outer loop
      vertex 32.1989 53.8134 59.9
      vertex 24.9854 41.6856 55
      vertex 22.9099 42.8614 55
    endloop
  endfacet
  facet normal 0.277255 -0.175434 -0.944644
    outer loop
      vertex 53.7644 -32.2807 59.9
      vertex 41.6856 -24.9854 55
      vertex 53.7899 -32.2404 59.9
    endloop
  endfacet
  facet normal 0.277194 -0.175535 -0.944643
    outer loop
      vertex 41.6856 -24.9854 55
      vertex 53.7644 -32.2807 59.9
      vertex 40.4094 -27.0007 55
    endloop
  endfacet
  facet normal -0.258462 -0.202095 -0.944645
    outer loop
      vertex -48.5064 -39.7465 59.9
      vertex -37.5683 -30.8315 55
      vertex -48.477 -39.7841 59.9
    endloop
  endfacet
  facet normal -0.258653 -0.20186 -0.944643
    outer loop
      vertex -37.5683 -30.8315 55
      vertex -48.5064 -39.7465 59.9
      vertex -39.0359 -28.951 55
    endloop
  endfacet
  facet normal -0.258656 -0.201858 -0.944643
    outer loop
      vertex -48.5064 -39.7465 59.9
      vertex -50.3708 -37.3575 59.9
      vertex -39.0359 -28.951 55
    endloop
  endfacet
  facet normal -0.188921 -0.26825 -0.944643
    outer loop
      vertex -34.8799 -52.1157 59.9
      vertex -37.3575 -50.3708 59.9
      vertex -28.951 -39.0359 55
    endloop
  endfacet
  facet normal -0.175538 -0.277193 -0.944643
    outer loop
      vertex -32.2807 -53.7644 59.9
      vertex -34.8409 -52.1431 59.9
      vertex -27.0007 -40.4094 55
    endloop
  endfacet
  facet normal -0.118081 -0.306115 -0.944643
    outer loop
      vertex -21.1715 -59.0289 59.9
      vertex -23.9988 -57.9383 59.9
      vertex -18.5984 -44.9005 55
    endloop
  endfacet
  facet normal -0.102512 -0.311665 -0.944646
    outer loop
      vertex -18.2496 -59.9967 59.9
      vertex -14.1078 -46.5073 55
      vertex -18.2043 -60.0116 59.9
    endloop
  endfacet
  facet normal -0.102924 -0.311538 -0.944643
    outer loop
      vertex -14.1078 -46.5073 55
      vertex -18.2496 -59.9967 59.9
      vertex -16.3728 -45.759 55
    endloop
  endfacet
  facet normal -0.071464 -0.320214 -0.944646
    outer loop
      vertex -12.2811 -61.4966 59.9
      vertex -9.48139 -47.6662 55
      vertex -12.2345 -61.507 59.9
    endloop
  endfacet
  facet normal -0.0718952 -0.320126 -0.944643
    outer loop
      vertex -9.48139 -47.6662 55
      vertex -12.2811 -61.4966 59.9
      vertex -11.8088 -47.1435 55
    endloop
  endfacet
  facet normal -0.040158 -0.325634 -0.944643
    outer loop
      vertex -6.14685 -62.41 59.9
      vertex -9.15441 -62.0391 59.9
      vertex -4.76363 -48.366 55
    endloop
  endfacet
  facet normal -0.040163 -0.325632 -0.944643
    outer loop
      vertex -9.15441 -62.0391 59.9
      vertex -7.1311 -48.074 55
      vertex -4.76363 -48.366 55
    endloop
  endfacet
  facet normal -0.0405679 -0.325575 -0.944646
    outer loop
      vertex -7.1311 -48.074 55
      vertex -9.15441 -62.0391 59.9
      vertex -9.20176 -62.0332 59.9
    endloop
  endfacet
  facet normal 0.147834 -0.292917 -0.94464
    outer loop
      vertex 20.7792 -43.9339 55
      vertex 26.8554 -56.6695 59.9
      vertex 26.8128 -56.691 59.9
    endloop
  endfacet
  facet normal 0.147518 -0.293068 -0.944643
    outer loop
      vertex 26.8554 -56.6695 59.9
      vertex 20.7792 -43.9339 55
      vertex 22.9099 -42.8614 55
    endloop
  endfacet
  facet normal 0.0718922 -0.320126 -0.944643
    outer loop
      vertex 12.2811 -61.4966 59.9
      vertex 11.8088 -47.1435 55
      vertex 15.2378 -60.8326 59.9
    endloop
  endfacet
  facet normal 0.071464 -0.320214 -0.944646
    outer loop
      vertex 9.48139 -47.6662 55
      vertex 12.2811 -61.4966 59.9
      vertex 12.2345 -61.507 59.9
    endloop
  endfacet
  facet normal 0.0718952 -0.320126 -0.944643
    outer loop
      vertex 12.2811 -61.4966 59.9
      vertex 9.48139 -47.6662 55
      vertex 11.8088 -47.1435 55
    endloop
  endfacet
  facet normal -0.147518 0.293068 -0.944643
    outer loop
      vertex -26.8554 56.6695 59.9
      vertex -20.7792 43.9339 55
      vertex -22.9099 42.8614 55
    endloop
  endfacet
  facet normal -0.147834 0.292917 -0.94464
    outer loop
      vertex -20.7792 43.9339 55
      vertex -26.8554 56.6695 59.9
      vertex -26.8128 56.691 59.9
    endloop
  endfacet
  facet normal -0.132951 0.299957 -0.944643
    outer loop
      vertex -20.7792 43.9339 55
      vertex -26.7692 56.7103 59.9
      vertex -18.5984 44.9005 55
    endloop
  endfacet
  facet normal -0.132809 0.300024 -0.944642
    outer loop
      vertex -26.7692 56.7103 59.9
      vertex -20.7792 43.9339 55
      vertex -26.8128 56.691 59.9
    endloop
  endfacet
  facet normal -0.0875057 0.316214 -0.944643
    outer loop
      vertex -14.1078 46.5073 55
      vertex -18.1584 60.0244 59.9
      vertex -11.8088 47.1435 55
    endloop
  endfacet
  facet normal -0.08813 0.316029 -0.944647
    outer loop
      vertex -18.1584 60.0244 59.9
      vertex -14.1078 46.5073 55
      vertex -18.2043 60.0116 59.9
    endloop
  endfacet
  facet normal -0.0875043 0.316215 -0.944643
    outer loop
      vertex -11.8088 47.1435 55
      vertex -18.1584 60.0244 59.9
      vertex -15.2378 60.8326 59.9
    endloop
  endfacet
  facet normal -0.18861 -0.26846 -0.944646
    outer loop
      vertex -34.8799 -52.1157 59.9
      vertex -27.0007 -40.4094 55
      vertex -34.8409 -52.1431 59.9
    endloop
  endfacet
  facet normal -0.188917 -0.268252 -0.944643
    outer loop
      vertex -27.0007 -40.4094 55
      vertex -34.8799 -52.1157 59.9
      vertex -28.951 -39.0359 55
    endloop
  endfacet
  facet normal -0.0557107 -0.323328 -0.944645
    outer loop
      vertex -9.24877 -62.0251 59.9
      vertex -7.1311 -48.074 55
      vertex -9.20176 -62.0332 59.9
    endloop
  endfacet
  facet normal -0.0560907 -0.32327 -0.944643
    outer loop
      vertex -7.1311 -48.074 55
      vertex -9.24877 -62.0251 59.9
      vertex -9.48139 -47.6662 55
    endloop
  endfacet
  facet normal 0.999699 -0.0245241 0
    outer loop
      vertex 48.5415 -2.38469 55
      vertex 48.6 0 0
      vertex 48.6 0 55
    endloop
  endfacet
  facet normal 0.999699 -0.0245241 0
    outer loop
      vertex 48.6 0 0
      vertex 48.5415 -2.38469 55
      vertex 48.5415 -2.38469 0
    endloop
  endfacet
  facet normal -0.999699 -0.0245241 0
    outer loop
      vertex -48.5415 -2.38469 0
      vertex -48.6 0 55
      vertex -48.6 0 0
    endloop
  endfacet
  facet normal -0.999699 -0.0245241 0
    outer loop
      vertex -48.6 0 55
      vertex -48.5415 -2.38469 0
      vertex -48.5415 -2.38469 55
    endloop
  endfacet
  facet normal -0.0245241 -0.999699 0
    outer loop
      vertex -2.38469 -48.5415 0
      vertex 0 -48.6 55
      vertex -2.38469 -48.5415 55
    endloop
  endfacet
  facet normal -0.0245241 -0.999699 -0
    outer loop
      vertex 0 -48.6 55
      vertex -2.38469 -48.5415 0
      vertex 0 -48.6 0
    endloop
  endfacet
  facet normal 0.0245241 0.999699 -0
    outer loop
      vertex 2.38469 48.5415 0
      vertex 0 48.6 55
      vertex 2.38469 48.5415 55
    endloop
  endfacet
  facet normal 0.0245241 0.999699 0
    outer loop
      vertex 0 48.6 55
      vertex 2.38469 48.5415 0
      vertex 0 48.6 0
    endloop
  endfacet
  facet normal 0.689538 -0.72425 0
    outer loop
      vertex 32.6378 -36.0102 0
      vertex 34.3654 -34.3654 55
      vertex 32.6378 -36.0102 55
    endloop
  endfacet
  facet normal 0.689538 -0.72425 0
    outer loop
      vertex 34.3654 -34.3654 55
      vertex 32.6378 -36.0102 0
      vertex 34.3654 -34.3654 0
    endloop
  endfacet
  facet normal -0.72425 -0.689538 0
    outer loop
      vertex -34.3654 -34.3654 0
      vertex -36.0102 -32.6378 55
      vertex -36.0102 -32.6378 0
    endloop
  endfacet
  facet normal -0.72425 -0.689538 0
    outer loop
      vertex -36.0102 -32.6378 55
      vertex -34.3654 -34.3654 0
      vertex -34.3654 -34.3654 55
    endloop
  endfacet
  facet normal -0.405213 -0.914223 0
    outer loop
      vertex -20.7792 -43.9339 0
      vertex -18.5984 -44.9005 55
      vertex -20.7792 -43.9339 55
    endloop
  endfacet
  facet normal -0.405213 -0.914223 -0
    outer loop
      vertex -18.5984 -44.9005 55
      vertex -20.7792 -43.9339 0
      vertex -18.5984 -44.9005 0
    endloop
  endfacet
  facet normal 0.914223 -0.405213 0
    outer loop
      vertex 43.9339 -20.7792 55
      vertex 44.9005 -18.5984 0
      vertex 44.9005 -18.5984 55
    endloop
  endfacet
  facet normal 0.914223 -0.405213 0
    outer loop
      vertex 44.9005 -18.5984 0
      vertex 43.9339 -20.7792 55
      vertex 43.9339 -20.7792 0
    endloop
  endfacet
  facet normal 0.359892 -0.932994 0
    outer loop
      vertex 16.3728 -45.759 0
      vertex 18.5984 -44.9005 55
      vertex 16.3728 -45.759 55
    endloop
  endfacet
  facet normal 0.359892 -0.932994 0
    outer loop
      vertex 18.5984 -44.9005 55
      vertex 16.3728 -45.759 0
      vertex 18.5984 -44.9005 0
    endloop
  endfacet
  facet normal 0.535005 -0.844849 0
    outer loop
      vertex 24.9854 -41.6856 0
      vertex 27.0007 -40.4094 55
      vertex 24.9854 -41.6856 55
    endloop
  endfacet
  facet normal 0.535005 -0.844849 0
    outer loop
      vertex 27.0007 -40.4094 55
      vertex 24.9854 -41.6856 0
      vertex 27.0007 -40.4094 0
    endloop
  endfacet
  facet normal -0.914223 -0.405213 0
    outer loop
      vertex -43.9339 -20.7792 0
      vertex -44.9005 -18.5984 55
      vertex -44.9005 -18.5984 0
    endloop
  endfacet
  facet normal -0.914223 -0.405213 0
    outer loop
      vertex -44.9005 -18.5984 55
      vertex -43.9339 -20.7792 0
      vertex -43.9339 -20.7792 55
    endloop
  endfacet
  facet normal -0.219126 -0.975697 0
    outer loop
      vertex -11.8088 -47.1435 0
      vertex -9.48139 -47.6662 55
      vertex -11.8088 -47.1435 55
    endloop
  endfacet
  facet normal -0.219126 -0.975697 -0
    outer loop
      vertex -9.48139 -47.6662 55
      vertex -11.8088 -47.1435 0
      vertex -9.48139 -47.6662 0
    endloop
  endfacet
  facet normal 0.219126 0.975697 -0
    outer loop
      vertex 11.8088 47.1435 0
      vertex 9.48139 47.6662 55
      vertex 11.8088 47.1435 55
    endloop
  endfacet
  facet normal 0.219126 0.975697 0
    outer loop
      vertex 9.48139 47.6662 55
      vertex 11.8088 47.1435 0
      vertex 9.48139 47.6662 0
    endloop
  endfacet
  facet normal 0.975697 -0.219126 0
    outer loop
      vertex 47.1435 -11.8088 55
      vertex 47.6662 -9.48139 0
      vertex 47.6662 -9.48139 55
    endloop
  endfacet
  facet normal 0.975697 -0.219126 0
    outer loop
      vertex 47.6662 -9.48139 0
      vertex 47.1435 -11.8088 55
      vertex 47.1435 -11.8088 0
    endloop
  endfacet
  facet normal 0.817596 -0.575792 0
    outer loop
      vertex 39.0359 -28.951 55
      vertex 40.4094 -27.0007 0
      vertex 40.4094 -27.0007 55
    endloop
  endfacet
  facet normal 0.817596 -0.575792 0
    outer loop
      vertex 40.4094 -27.0007 0
      vertex 39.0359 -28.951 55
      vertex 39.0359 -28.951 0
    endloop
  endfacet
  facet normal 0.870079 -0.492912 0
    outer loop
      vertex 41.6856 -24.9854 55
      vertex 42.8614 -22.9099 0
      vertex 42.8614 -22.9099 55
    endloop
  endfacet
  facet normal 0.870079 -0.492912 0
    outer loop
      vertex 42.8614 -22.9099 0
      vertex 41.6856 -24.9854 55
      vertex 41.6856 -24.9854 0
    endloop
  endfacet
  facet normal 0.170956 -0.985279 0
    outer loop
      vertex 7.1311 -48.074 0
      vertex 9.48139 -47.6662 55
      vertex 7.1311 -48.074 55
    endloop
  endfacet
  facet normal 0.170956 -0.985279 0
    outer loop
      vertex 9.48139 -47.6662 55
      vertex 7.1311 -48.074 0
      vertex 9.48139 -47.6662 0
    endloop
  endfacet
  facet normal 0.615243 -0.788338 0
    outer loop
      vertex 28.951 -39.0359 0
      vertex 30.8315 -37.5683 55
      vertex 28.951 -39.0359 55
    endloop
  endfacet
  facet normal 0.615243 -0.788338 0
    outer loop
      vertex 30.8315 -37.5683 55
      vertex 28.951 -39.0359 0
      vertex 30.8315 -37.5683 0
    endloop
  endfacet
  facet normal -0.975697 -0.219126 0
    outer loop
      vertex -47.1435 -11.8088 0
      vertex -47.6662 -9.48139 55
      vertex -47.6662 -9.48139 0
    endloop
  endfacet
  facet normal -0.975697 -0.219126 0
    outer loop
      vertex -47.6662 -9.48139 55
      vertex -47.1435 -11.8088 0
      vertex -47.1435 -11.8088 55
    endloop
  endfacet
  facet normal -0.817596 -0.575792 0
    outer loop
      vertex -39.0359 -28.951 0
      vertex -40.4094 -27.0007 55
      vertex -40.4094 -27.0007 0
    endloop
  endfacet
  facet normal -0.817596 -0.575792 0
    outer loop
      vertex -40.4094 -27.0007 55
      vertex -39.0359 -28.951 0
      vertex -39.0359 -28.951 55
    endloop
  endfacet
  facet normal -0.575792 -0.817596 0
    outer loop
      vertex -28.951 -39.0359 0
      vertex -27.0007 -40.4094 55
      vertex -28.951 -39.0359 55
    endloop
  endfacet
  facet normal -0.575792 -0.817596 -0
    outer loop
      vertex -27.0007 -40.4094 55
      vertex -28.951 -39.0359 0
      vertex -27.0007 -40.4094 0
    endloop
  endfacet
  facet normal -0.122411 -0.99248 0
    outer loop
      vertex -7.1311 -48.074 0
      vertex -4.76363 -48.366 55
      vertex -7.1311 -48.074 55
    endloop
  endfacet
  facet normal -0.122411 -0.99248 -0
    outer loop
      vertex -4.76363 -48.366 55
      vertex -7.1311 -48.074 0
      vertex -4.76363 -48.366 0
    endloop
  endfacet
  facet normal 0.99248 0.122411 0
    outer loop
      vertex 48.366 4.76363 55
      vertex 48.074 7.1311 0
      vertex 48.074 7.1311 55
    endloop
  endfacet
  facet normal 0.99248 0.122411 0
    outer loop
      vertex 48.074 7.1311 0
      vertex 48.366 4.76363 55
      vertex 48.366 4.76363 0
    endloop
  endfacet
  facet normal 0.72425 0.689538 0
    outer loop
      vertex 36.0102 32.6378 55
      vertex 34.3654 34.3654 0
      vertex 34.3654 34.3654 55
    endloop
  endfacet
  facet normal 0.72425 0.689538 0
    outer loop
      vertex 34.3654 34.3654 0
      vertex 36.0102 32.6378 55
      vertex 36.0102 32.6378 0
    endloop
  endfacet
  facet normal -0.914223 0.405213 0
    outer loop
      vertex -44.9005 18.5984 0
      vertex -43.9339 20.7792 55
      vertex -43.9339 20.7792 0
    endloop
  endfacet
  facet normal -0.914223 0.405213 0
    outer loop
      vertex -43.9339 20.7792 55
      vertex -44.9005 18.5984 0
      vertex -44.9005 18.5984 55
    endloop
  endfacet
  facet normal 0.0735724 0.99729 -0
    outer loop
      vertex 4.76363 48.366 0
      vertex 2.38469 48.5415 55
      vertex 4.76363 48.366 55
    endloop
  endfacet
  facet normal 0.0735724 0.99729 0
    outer loop
      vertex 2.38469 48.5415 55
      vertex 4.76363 48.366 0
      vertex 2.38469 48.5415 0
    endloop
  endfacet
  facet normal 0.99248 -0.122411 0
    outer loop
      vertex 48.074 -7.1311 55
      vertex 48.366 -4.76363 0
      vertex 48.366 -4.76363 55
    endloop
  endfacet
  facet normal 0.99248 -0.122411 0
    outer loop
      vertex 48.366 -4.76363 0
      vertex 48.074 -7.1311 55
      vertex 48.074 -7.1311 0
    endloop
  endfacet
  facet normal 0.99729 -0.0735724 0
    outer loop
      vertex 48.366 -4.76363 55
      vertex 48.5415 -2.38469 0
      vertex 48.5415 -2.38469 55
    endloop
  endfacet
  facet normal 0.99729 -0.0735724 0
    outer loop
      vertex 48.5415 -2.38469 0
      vertex 48.366 -4.76363 55
      vertex 48.366 -4.76363 0
    endloop
  endfacet
  facet normal 0.985279 -0.170956 0
    outer loop
      vertex 47.6662 -9.48139 55
      vertex 48.074 -7.1311 0
      vertex 48.074 -7.1311 55
    endloop
  endfacet
  facet normal 0.985279 -0.170956 0
    outer loop
      vertex 48.074 -7.1311 0
      vertex 47.6662 -9.48139 55
      vertex 47.6662 -9.48139 0
    endloop
  endfacet
  facet normal 0.949523 -0.313699 0
    outer loop
      vertex 45.759 -16.3728 55
      vertex 46.5073 -14.1078 0
      vertex 46.5073 -14.1078 55
    endloop
  endfacet
  facet normal 0.949523 -0.313699 0
    outer loop
      vertex 46.5073 -14.1078 0
      vertex 45.759 -16.3728 55
      vertex 45.759 -16.3728 0
    endloop
  endfacet
  facet normal 0.932994 -0.359892 0
    outer loop
      vertex 44.9005 -18.5984 55
      vertex 45.759 -16.3728 0
      vertex 45.759 -16.3728 55
    endloop
  endfacet
  facet normal 0.932994 -0.359892 0
    outer loop
      vertex 45.759 -16.3728 0
      vertex 44.9005 -18.5984 55
      vertex 44.9005 -18.5984 0
    endloop
  endfacet
  facet normal 0.963778 -0.266705 0
    outer loop
      vertex 46.5073 -14.1078 55
      vertex 47.1435 -11.8088 0
      vertex 47.1435 -11.8088 55
    endloop
  endfacet
  facet normal 0.963778 -0.266705 0
    outer loop
      vertex 47.1435 -11.8088 0
      vertex 46.5073 -14.1078 55
      vertex 46.5073 -14.1078 0
    endloop
  endfacet
  facet normal 0.757214 -0.653167 0
    outer loop
      vertex 36.0102 -32.6378 55
      vertex 37.5683 -30.8315 0
      vertex 37.5683 -30.8315 55
    endloop
  endfacet
  facet normal 0.757214 -0.653167 0
    outer loop
      vertex 37.5683 -30.8315 0
      vertex 36.0102 -32.6378 55
      vertex 36.0102 -32.6378 0
    endloop
  endfacet
  facet normal 0.788338 -0.615243 0
    outer loop
      vertex 37.5683 -30.8315 55
      vertex 39.0359 -28.951 0
      vertex 39.0359 -28.951 55
    endloop
  endfacet
  facet normal 0.788338 -0.615243 0
    outer loop
      vertex 39.0359 -28.951 0
      vertex 37.5683 -30.8315 55
      vertex 37.5683 -30.8315 0
    endloop
  endfacet
  facet normal 0.72425 -0.689538 0
    outer loop
      vertex 34.3654 -34.3654 55
      vertex 36.0102 -32.6378 0
      vertex 36.0102 -32.6378 55
    endloop
  endfacet
  facet normal 0.72425 -0.689538 0
    outer loop
      vertex 36.0102 -32.6378 0
      vertex 34.3654 -34.3654 55
      vertex 34.3654 -34.3654 0
    endloop
  endfacet
  facet normal 0.844849 -0.535005 0
    outer loop
      vertex 40.4094 -27.0007 55
      vertex 41.6856 -24.9854 0
      vertex 41.6856 -24.9854 55
    endloop
  endfacet
  facet normal 0.844849 -0.535005 0
    outer loop
      vertex 41.6856 -24.9854 0
      vertex 40.4094 -27.0007 55
      vertex 40.4094 -27.0007 0
    endloop
  endfacet
  facet normal 0.893225 -0.44961 0
    outer loop
      vertex 42.8614 -22.9099 55
      vertex 43.9339 -20.7792 0
      vertex 43.9339 -20.7792 55
    endloop
  endfacet
  facet normal 0.893225 -0.44961 0
    outer loop
      vertex 43.9339 -20.7792 0
      vertex 42.8614 -22.9099 55
      vertex 42.8614 -22.9099 0
    endloop
  endfacet
  facet normal 0.0735724 -0.99729 0
    outer loop
      vertex 2.38469 -48.5415 0
      vertex 4.76363 -48.366 55
      vertex 2.38469 -48.5415 55
    endloop
  endfacet
  facet normal 0.0735724 -0.99729 0
    outer loop
      vertex 4.76363 -48.366 55
      vertex 2.38469 -48.5415 0
      vertex 4.76363 -48.366 0
    endloop
  endfacet
  facet normal 0.266705 -0.963778 0
    outer loop
      vertex 11.8088 -47.1435 0
      vertex 14.1078 -46.5073 55
      vertex 11.8088 -47.1435 55
    endloop
  endfacet
  facet normal 0.266705 -0.963778 0
    outer loop
      vertex 14.1078 -46.5073 55
      vertex 11.8088 -47.1435 0
      vertex 14.1078 -46.5073 0
    endloop
  endfacet
  facet normal 0.313699 -0.949523 0
    outer loop
      vertex 14.1078 -46.5073 0
      vertex 16.3728 -45.759 55
      vertex 14.1078 -46.5073 55
    endloop
  endfacet
  facet normal 0.313699 -0.949523 0
    outer loop
      vertex 16.3728 -45.759 55
      vertex 14.1078 -46.5073 0
      vertex 16.3728 -45.759 0
    endloop
  endfacet
  facet normal 0.219126 -0.975697 0
    outer loop
      vertex 9.48139 -47.6662 0
      vertex 11.8088 -47.1435 55
      vertex 9.48139 -47.6662 55
    endloop
  endfacet
  facet normal 0.219126 -0.975697 0
    outer loop
      vertex 11.8088 -47.1435 55
      vertex 9.48139 -47.6662 0
      vertex 11.8088 -47.1435 0
    endloop
  endfacet
  facet normal 0.122411 -0.99248 0
    outer loop
      vertex 4.76363 -48.366 0
      vertex 7.1311 -48.074 55
      vertex 4.76363 -48.366 55
    endloop
  endfacet
  facet normal 0.122411 -0.99248 0
    outer loop
      vertex 7.1311 -48.074 55
      vertex 4.76363 -48.366 0
      vertex 7.1311 -48.074 0
    endloop
  endfacet
  facet normal 0.0245241 -0.999699 0
    outer loop
      vertex 0 -48.6 0
      vertex 2.38469 -48.5415 55
      vertex 0 -48.6 55
    endloop
  endfacet
  facet normal 0.0245241 -0.999699 0
    outer loop
      vertex 2.38469 -48.5415 55
      vertex 0 -48.6 0
      vertex 2.38469 -48.5415 0
    endloop
  endfacet
  facet normal 0.44961 -0.893225 0
    outer loop
      vertex 20.7792 -43.9339 0
      vertex 22.9099 -42.8614 55
      vertex 20.7792 -43.9339 55
    endloop
  endfacet
  facet normal 0.44961 -0.893225 0
    outer loop
      vertex 22.9099 -42.8614 55
      vertex 20.7792 -43.9339 0
      vertex 22.9099 -42.8614 0
    endloop
  endfacet
  facet normal 0.405213 -0.914223 0
    outer loop
      vertex 18.5984 -44.9005 0
      vertex 20.7792 -43.9339 55
      vertex 18.5984 -44.9005 55
    endloop
  endfacet
  facet normal 0.405213 -0.914223 0
    outer loop
      vertex 20.7792 -43.9339 55
      vertex 18.5984 -44.9005 0
      vertex 20.7792 -43.9339 0
    endloop
  endfacet
  facet normal 0.653167 -0.757214 0
    outer loop
      vertex 30.8315 -37.5683 0
      vertex 32.6378 -36.0102 55
      vertex 30.8315 -37.5683 55
    endloop
  endfacet
  facet normal 0.653167 -0.757214 0
    outer loop
      vertex 32.6378 -36.0102 55
      vertex 30.8315 -37.5683 0
      vertex 32.6378 -36.0102 0
    endloop
  endfacet
  facet normal -0.99248 -0.122411 0
    outer loop
      vertex -48.074 -7.1311 0
      vertex -48.366 -4.76363 55
      vertex -48.366 -4.76363 0
    endloop
  endfacet
  facet normal -0.99248 -0.122411 0
    outer loop
      vertex -48.366 -4.76363 55
      vertex -48.074 -7.1311 0
      vertex -48.074 -7.1311 55
    endloop
  endfacet
  facet normal -0.788338 -0.615243 0
    outer loop
      vertex -37.5683 -30.8315 0
      vertex -39.0359 -28.951 55
      vertex -39.0359 -28.951 0
    endloop
  endfacet
  facet normal -0.788338 -0.615243 0
    outer loop
      vertex -39.0359 -28.951 55
      vertex -37.5683 -30.8315 0
      vertex -37.5683 -30.8315 55
    endloop
  endfacet
  facet normal -0.757214 -0.653167 0
    outer loop
      vertex -36.0102 -32.6378 0
      vertex -37.5683 -30.8315 55
      vertex -37.5683 -30.8315 0
    endloop
  endfacet
  facet normal -0.757214 -0.653167 0
    outer loop
      vertex -37.5683 -30.8315 55
      vertex -36.0102 -32.6378 0
      vertex -36.0102 -32.6378 55
    endloop
  endfacet
  facet normal -0.870079 -0.492912 0
    outer loop
      vertex -41.6856 -24.9854 0
      vertex -42.8614 -22.9099 55
      vertex -42.8614 -22.9099 0
    endloop
  endfacet
  facet normal -0.870079 -0.492912 0
    outer loop
      vertex -42.8614 -22.9099 55
      vertex -41.6856 -24.9854 0
      vertex -41.6856 -24.9854 55
    endloop
  endfacet
  facet normal -0.893225 -0.44961 0
    outer loop
      vertex -42.8614 -22.9099 0
      vertex -43.9339 -20.7792 55
      vertex -43.9339 -20.7792 0
    endloop
  endfacet
  facet normal -0.893225 -0.44961 0
    outer loop
      vertex -43.9339 -20.7792 55
      vertex -42.8614 -22.9099 0
      vertex -42.8614 -22.9099 55
    endloop
  endfacet
  facet normal -0.844849 -0.535005 0
    outer loop
      vertex -40.4094 -27.0007 0
      vertex -41.6856 -24.9854 55
      vertex -41.6856 -24.9854 0
    endloop
  endfacet
  facet normal -0.844849 -0.535005 0
    outer loop
      vertex -41.6856 -24.9854 55
      vertex -40.4094 -27.0007 0
      vertex -40.4094 -27.0007 55
    endloop
  endfacet
  facet normal -0.949523 -0.313699 0
    outer loop
      vertex -45.759 -16.3728 0
      vertex -46.5073 -14.1078 55
      vertex -46.5073 -14.1078 0
    endloop
  endfacet
  facet normal -0.949523 -0.313699 0
    outer loop
      vertex -46.5073 -14.1078 55
      vertex -45.759 -16.3728 0
      vertex -45.759 -16.3728 55
    endloop
  endfacet
  facet normal -0.932994 -0.359892 0
    outer loop
      vertex -44.9005 -18.5984 0
      vertex -45.759 -16.3728 55
      vertex -45.759 -16.3728 0
    endloop
  endfacet
  facet normal -0.932994 -0.359892 0
    outer loop
      vertex -45.759 -16.3728 55
      vertex -44.9005 -18.5984 0
      vertex -44.9005 -18.5984 55
    endloop
  endfacet
  facet normal -0.963778 -0.266705 0
    outer loop
      vertex -46.5073 -14.1078 0
      vertex -47.1435 -11.8088 55
      vertex -47.1435 -11.8088 0
    endloop
  endfacet
  facet normal -0.963778 -0.266705 0
    outer loop
      vertex -47.1435 -11.8088 55
      vertex -46.5073 -14.1078 0
      vertex -46.5073 -14.1078 55
    endloop
  endfacet
  facet normal -0.99729 -0.0735724 0
    outer loop
      vertex -48.366 -4.76363 0
      vertex -48.5415 -2.38469 55
      vertex -48.5415 -2.38469 0
    endloop
  endfacet
  facet normal -0.99729 -0.0735724 0
    outer loop
      vertex -48.5415 -2.38469 55
      vertex -48.366 -4.76363 0
      vertex -48.366 -4.76363 55
    endloop
  endfacet
  facet normal 0 0 -1
    outer loop
      vertex 45.6 0 0
      vertex 48.6 0 0
      vertex 48.5415 -2.38469 0
    endloop
  endfacet
  facet normal 0 0 -1
    outer loop
      vertex 45.5451 -2.23749 0
      vertex 48.5415 -2.38469 0
      vertex 48.366 -4.76363 0
    endloop
  endfacet
  facet normal 0 0 -1
    outer loop
      vertex 48.6 0 0
      vertex 45.6 0 0
      vertex 48.5415 2.38469 0
    endloop
  endfacet
  facet normal 0 0 -1
    outer loop
      vertex 45.3804 -4.46958 0
      vertex 48.366 -4.76363 0
      vertex 48.074 -7.1311 0
    endloop
  endfacet
  facet normal 0 0 -1
    outer loop
      vertex 45.5451 2.23749 0
      vertex 48.5415 2.38469 0
      vertex 45.6 0 0
    endloop
  endfacet
  facet normal 0 0 -1
    outer loop
      vertex 45.1064 -6.69091 0
      vertex 48.074 -7.1311 0
      vertex 47.6662 -9.48139 0
    endloop
  endfacet
  facet normal -0 0 -1
    outer loop
      vertex 48.5415 2.38469 0
      vertex 45.5451 2.23749 0
      vertex 48.366 4.76363 0
    endloop
  endfacet
  facet normal 0 0 -1
    outer loop
      vertex 44.7238 -8.89612 0
      vertex 47.6662 -9.48139 0
      vertex 47.1435 -11.8088 0
    endloop
  endfacet
  facet normal 0 0 -1
    outer loop
      vertex 45.3804 4.46958 0
      vertex 48.366 4.76363 0
      vertex 45.5451 2.23749 0
    endloop
  endfacet
  facet normal 0 0 -1
    outer loop
      vertex 44.2334 -11.0799 0
      vertex 47.1435 -11.8088 0
      vertex 46.5073 -14.1078 0
    endloop
  endfacet
  facet normal -0 0 -1
    outer loop
      vertex 48.366 4.76363 0
      vertex 45.3804 4.46958 0
      vertex 48.074 7.1311 0
    endloop
  endfacet
  facet normal 0 0 -1
    outer loop
      vertex 43.6365 -13.237 0
      vertex 46.5073 -14.1078 0
      vertex 45.759 -16.3728 0
    endloop
  endfacet
  facet normal 0 0 -1
    outer loop
      vertex 45.1064 6.69091 0
      vertex 48.074 7.1311 0
      vertex 45.3804 4.46958 0
    endloop
  endfacet
  facet normal -0 0 -1
    outer loop
      vertex 48.074 7.1311 0
      vertex 45.1064 6.69091 0
      vertex 47.6662 9.48139 0
    endloop
  endfacet
  facet normal 0 0 -1
    outer loop
      vertex 48.5415 -2.38469 0
      vertex 45.5451 -2.23749 0
      vertex 45.6 0 0
    endloop
  endfacet
  facet normal 0 0 -1
    outer loop
      vertex 48.366 -4.76363 0
      vertex 45.3804 -4.46958 0
      vertex 45.5451 -2.23749 0
    endloop
  endfacet
  facet normal 0 0 -1
    outer loop
      vertex 48.074 -7.1311 0
      vertex 45.1064 -6.69091 0
      vertex 45.3804 -4.46958 0
    endloop
  endfacet
  facet normal 0 0 -1
    outer loop
      vertex 42.9344 -15.3622 0
      vertex 45.759 -16.3728 0
      vertex 44.9005 -18.5984 0
    endloop
  endfacet
  facet normal 0 0 -1
    outer loop
      vertex 47.6662 -9.48139 0
      vertex 44.7238 -8.89612 0
      vertex 45.1064 -6.69091 0
    endloop
  endfacet
  facet normal 0 0 -1
    outer loop
      vertex 47.1435 -11.8088 0
      vertex 44.2334 -11.0799 0
      vertex 44.7238 -8.89612 0
    endloop
  endfacet
  facet normal 0 0 -1
    outer loop
      vertex 42.1289 -17.4504 0
      vertex 44.9005 -18.5984 0
      vertex 43.9339 -20.7792 0
    endloop
  endfacet
  facet normal 0 0 -1
    outer loop
      vertex 46.5073 -14.1078 0
      vertex 43.6365 -13.237 0
      vertex 44.2334 -11.0799 0
    endloop
  endfacet
  facet normal 0 0 -1
    outer loop
      vertex 45.759 -16.3728 0
      vertex 42.9344 -15.3622 0
      vertex 43.6365 -13.237 0
    endloop
  endfacet
  facet normal 0 0 -1
    outer loop
      vertex 41.2219 -19.4965 0
      vertex 43.9339 -20.7792 0
      vertex 42.8614 -22.9099 0
    endloop
  endfacet
  facet normal 0 0 -1
    outer loop
      vertex 44.9005 -18.5984 0
      vertex 42.1289 -17.4504 0
      vertex 42.9344 -15.3622 0
    endloop
  endfacet
  facet normal 0 0 -1
    outer loop
      vertex 40.2156 -21.4957 0
      vertex 42.8614 -22.9099 0
      vertex 41.6856 -24.9854 0
    endloop
  endfacet
  facet normal 0 0 -1
    outer loop
      vertex 43.9339 -20.7792 0
      vertex 41.2219 -19.4965 0
      vertex 42.1289 -17.4504 0
    endloop
  endfacet
  facet normal 0 0 -1
    outer loop
      vertex 39.1124 -23.4431 0
      vertex 41.6856 -24.9854 0
      vertex 40.4094 -27.0007 0
    endloop
  endfacet
  facet normal 0 0 -1
    outer loop
      vertex 42.8614 -22.9099 0
      vertex 40.2156 -21.4957 0
      vertex 41.2219 -19.4965 0
    endloop
  endfacet
  facet normal 0 0 -1
    outer loop
      vertex 41.6856 -24.9854 0
      vertex 39.1124 -23.4431 0
      vertex 40.2156 -21.4957 0
    endloop
  endfacet
  facet normal 0 0 -1
    outer loop
      vertex 37.915 -25.334 0
      vertex 40.4094 -27.0007 0
      vertex 39.0359 -28.951 0
    endloop
  endfacet
  facet normal 0 0 -1
    outer loop
      vertex 40.4094 -27.0007 0
      vertex 37.915 -25.334 0
      vertex 39.1124 -23.4431 0
    endloop
  endfacet
  facet normal 0 0 -1
    outer loop
      vertex 36.6263 -27.1639 0
      vertex 39.0359 -28.951 0
      vertex 37.5683 -30.8315 0
    endloop
  endfacet
  facet normal 0 0 -1
    outer loop
      vertex 39.0359 -28.951 0
      vertex 36.6263 -27.1639 0
      vertex 37.915 -25.334 0
    endloop
  endfacet
  facet normal 0 0 -1
    outer loop
      vertex 35.2493 -28.9283 0
      vertex 37.5683 -30.8315 0
      vertex 36.0102 -32.6378 0
    endloop
  endfacet
  facet normal 0 0 -1
    outer loop
      vertex 37.5683 -30.8315 0
      vertex 35.2493 -28.9283 0
      vertex 36.6263 -27.1639 0
    endloop
  endfacet
  facet normal 0 0 -1
    outer loop
      vertex 33.7874 -30.6231 0
      vertex 36.0102 -32.6378 0
      vertex 34.3654 -34.3654 0
    endloop
  endfacet
  facet normal 0 0 -1
    outer loop
      vertex 36.0102 -32.6378 0
      vertex 33.7874 -30.6231 0
      vertex 35.2493 -28.9283 0
    endloop
  endfacet
  facet normal 0 0 -1
    outer loop
      vertex 32.2441 -32.2441 0
      vertex 34.3654 -34.3654 0
      vertex 32.6378 -36.0102 0
    endloop
  endfacet
  facet normal 0 0 -1
    outer loop
      vertex 34.3654 -34.3654 0
      vertex 32.2441 -32.2441 0
      vertex 33.7874 -30.6231 0
    endloop
  endfacet
  facet normal 0 0 -1
    outer loop
      vertex 30.6231 -33.7874 0
      vertex 32.6378 -36.0102 0
      vertex 30.8315 -37.5683 0
    endloop
  endfacet
  facet normal 0 0 -1
    outer loop
      vertex 32.6378 -36.0102 0
      vertex 30.6231 -33.7874 0
      vertex 32.2441 -32.2441 0
    endloop
  endfacet
  facet normal 0 0 -1
    outer loop
      vertex 28.9283 -35.2493 0
      vertex 30.8315 -37.5683 0
      vertex 28.951 -39.0359 0
    endloop
  endfacet
  facet normal 0 0 -1
    outer loop
      vertex 30.8315 -37.5683 0
      vertex 28.9283 -35.2493 0
      vertex 30.6231 -33.7874 0
    endloop
  endfacet
  facet normal 0 0 -1
    outer loop
      vertex 28.951 -39.0359 0
      vertex 27.1639 -36.6263 0
      vertex 28.9283 -35.2493 0
    endloop
  endfacet
  facet normal 0 0 -1
    outer loop
      vertex 27.0007 -40.4094 0
      vertex 27.1639 -36.6263 0
      vertex 28.951 -39.0359 0
    endloop
  endfacet
  facet normal 0 0 -1
    outer loop
      vertex 27.0007 -40.4094 0
      vertex 25.334 -37.915 0
      vertex 27.1639 -36.6263 0
    endloop
  endfacet
  facet normal 0 0 -1
    outer loop
      vertex 24.9854 -41.6856 0
      vertex 25.334 -37.915 0
      vertex 27.0007 -40.4094 0
    endloop
  endfacet
  facet normal 0 0 -1
    outer loop
      vertex 24.9854 -41.6856 0
      vertex 23.4431 -39.1124 0
      vertex 25.334 -37.915 0
    endloop
  endfacet
  facet normal 0 0 -1
    outer loop
      vertex 22.9099 -42.8614 0
      vertex 23.4431 -39.1124 0
      vertex 24.9854 -41.6856 0
    endloop
  endfacet
  facet normal 0 0 -1
    outer loop
      vertex 22.9099 -42.8614 0
      vertex 21.4957 -40.2156 0
      vertex 23.4431 -39.1124 0
    endloop
  endfacet
  facet normal 0 0 -1
    outer loop
      vertex 20.7792 -43.9339 0
      vertex 21.4957 -40.2156 0
      vertex 22.9099 -42.8614 0
    endloop
  endfacet
  facet normal 0 0 -1
    outer loop
      vertex 20.7792 -43.9339 0
      vertex 19.4965 -41.2219 0
      vertex 21.4957 -40.2156 0
    endloop
  endfacet
  facet normal 0 0 -1
    outer loop
      vertex 18.5984 -44.9005 0
      vertex 19.4965 -41.2219 0
      vertex 20.7792 -43.9339 0
    endloop
  endfacet
  facet normal 0 0 -1
    outer loop
      vertex 18.5984 -44.9005 0
      vertex 17.4504 -42.1289 0
      vertex 19.4965 -41.2219 0
    endloop
  endfacet
  facet normal 0 0 -1
    outer loop
      vertex 16.3728 -45.759 0
      vertex 17.4504 -42.1289 0
      vertex 18.5984 -44.9005 0
    endloop
  endfacet
  facet normal 0 0 -1
    outer loop
      vertex 16.3728 -45.759 0
      vertex 15.3622 -42.9344 0
      vertex 17.4504 -42.1289 0
    endloop
  endfacet
  facet normal 0 0 -1
    outer loop
      vertex 14.1078 -46.5073 0
      vertex 15.3622 -42.9344 0
      vertex 16.3728 -45.759 0
    endloop
  endfacet
  facet normal 0 0 -1
    outer loop
      vertex 14.1078 -46.5073 0
      vertex 13.237 -43.6365 0
      vertex 15.3622 -42.9344 0
    endloop
  endfacet
  facet normal 0 0 -1
    outer loop
      vertex 11.8088 -47.1435 0
      vertex 13.237 -43.6365 0
      vertex 14.1078 -46.5073 0
    endloop
  endfacet
  facet normal 0 0 -1
    outer loop
      vertex 11.8088 -47.1435 0
      vertex 11.0799 -44.2334 0
      vertex 13.237 -43.6365 0
    endloop
  endfacet
  facet normal 0 0 -1
    outer loop
      vertex 9.48139 -47.6662 0
      vertex 11.0799 -44.2334 0
      vertex 11.8088 -47.1435 0
    endloop
  endfacet
  facet normal 0 0 -1
    outer loop
      vertex 9.48139 -47.6662 0
      vertex 8.89612 -44.7238 0
      vertex 11.0799 -44.2334 0
    endloop
  endfacet
  facet normal 0 0 -1
    outer loop
      vertex 7.1311 -48.074 0
      vertex 8.89612 -44.7238 0
      vertex 9.48139 -47.6662 0
    endloop
  endfacet
  facet normal 0 0 -1
    outer loop
      vertex 7.1311 -48.074 0
      vertex 6.69091 -45.1064 0
      vertex 8.89612 -44.7238 0
    endloop
  endfacet
  facet normal 0 0 -1
    outer loop
      vertex 4.76363 -48.366 0
      vertex 6.69091 -45.1064 0
      vertex 7.1311 -48.074 0
    endloop
  endfacet
  facet normal 0 0 -1
    outer loop
      vertex 4.76363 -48.366 0
      vertex 4.46958 -45.3804 0
      vertex 6.69091 -45.1064 0
    endloop
  endfacet
  facet normal 0 0 -1
    outer loop
      vertex 2.38469 -48.5415 0
      vertex 4.46958 -45.3804 0
      vertex 4.76363 -48.366 0
    endloop
  endfacet
  facet normal 0 0 -1
    outer loop
      vertex 2.38469 -48.5415 0
      vertex 2.23749 -45.5451 0
      vertex 4.46958 -45.3804 0
    endloop
  endfacet
  facet normal 0 0 -1
    outer loop
      vertex 0 -48.6 0
      vertex 2.23749 -45.5451 0
      vertex 2.38469 -48.5415 0
    endloop
  endfacet
  facet normal 0 0 -1
    outer loop
      vertex 0 -48.6 0
      vertex 0 -45.6 0
      vertex 2.23749 -45.5451 0
    endloop
  endfacet
  facet normal 0 0 -1
    outer loop
      vertex 0 -48.6 0
      vertex -2.23749 -45.5451 0
      vertex 0 -45.6 0
    endloop
  endfacet
  facet normal 0 0 -1
    outer loop
      vertex -2.38469 -48.5415 0
      vertex -2.23749 -45.5451 0
      vertex 0 -48.6 0
    endloop
  endfacet
  facet normal 0 0 -1
    outer loop
      vertex -2.38469 -48.5415 0
      vertex -4.46958 -45.3804 0
      vertex -2.23749 -45.5451 0
    endloop
  endfacet
  facet normal 0 0 -1
    outer loop
      vertex -4.76363 -48.366 0
      vertex -4.46958 -45.3804 0
      vertex -2.38469 -48.5415 0
    endloop
  endfacet
  facet normal 0 0 -1
    outer loop
      vertex -4.76363 -48.366 0
      vertex -6.69091 -45.1064 0
      vertex -4.46958 -45.3804 0
    endloop
  endfacet
  facet normal 0 0 -1
    outer loop
      vertex -7.1311 -48.074 0
      vertex -6.69091 -45.1064 0
      vertex -4.76363 -48.366 0
    endloop
  endfacet
  facet normal 0 0 -1
    outer loop
      vertex -7.1311 -48.074 0
      vertex -8.89612 -44.7238 0
      vertex -6.69091 -45.1064 0
    endloop
  endfacet
  facet normal 0 0 -1
    outer loop
      vertex -9.48139 -47.6662 0
      vertex -8.89612 -44.7238 0
      vertex -7.1311 -48.074 0
    endloop
  endfacet
  facet normal 0 0 -1
    outer loop
      vertex -9.48139 -47.6662 0
      vertex -11.0799 -44.2334 0
      vertex -8.89612 -44.7238 0
    endloop
  endfacet
  facet normal 0 0 -1
    outer loop
      vertex -11.8088 -47.1435 0
      vertex -11.0799 -44.2334 0
      vertex -9.48139 -47.6662 0
    endloop
  endfacet
  facet normal 0 0 -1
    outer loop
      vertex -11.8088 -47.1435 0
      vertex -13.237 -43.6365 0
      vertex -11.0799 -44.2334 0
    endloop
  endfacet
  facet normal 0 0 -1
    outer loop
      vertex -14.1078 -46.5073 0
      vertex -13.237 -43.6365 0
      vertex -11.8088 -47.1435 0
    endloop
  endfacet
  facet normal 0 0 -1
    outer loop
      vertex -14.1078 -46.5073 0
      vertex -15.3622 -42.9344 0
      vertex -13.237 -43.6365 0
    endloop
  endfacet
  facet normal 0 0 -1
    outer loop
      vertex -16.3728 -45.759 0
      vertex -15.3622 -42.9344 0
      vertex -14.1078 -46.5073 0
    endloop
  endfacet
  facet normal 0 0 -1
    outer loop
      vertex -16.3728 -45.759 0
      vertex -17.4504 -42.1289 0
      vertex -15.3622 -42.9344 0
    endloop
  endfacet
  facet normal 0 0 -1
    outer loop
      vertex -18.5984 -44.9005 0
      vertex -17.4504 -42.1289 0
      vertex -16.3728 -45.759 0
    endloop
  endfacet
  facet normal 0 0 -1
    outer loop
      vertex -18.5984 -44.9005 0
      vertex -19.4965 -41.2219 0
      vertex -17.4504 -42.1289 0
    endloop
  endfacet
  facet normal 0 0 -1
    outer loop
      vertex -20.7792 -43.9339 0
      vertex -19.4965 -41.2219 0
      vertex -18.5984 -44.9005 0
    endloop
  endfacet
  facet normal 0 0 -1
    outer loop
      vertex -20.7792 -43.9339 0
      vertex -21.4957 -40.2156 0
      vertex -19.4965 -41.2219 0
    endloop
  endfacet
  facet normal 0 0 -1
    outer loop
      vertex -22.9099 -42.8614 0
      vertex -21.4957 -40.2156 0
      vertex -20.7792 -43.9339 0
    endloop
  endfacet
  facet normal 0 0 -1
    outer loop
      vertex -22.9099 -42.8614 0
      vertex -23.4431 -39.1124 0
      vertex -21.4957 -40.2156 0
    endloop
  endfacet
  facet normal 0 0 -1
    outer loop
      vertex -24.9854 -41.6856 0
      vertex -23.4431 -39.1124 0
      vertex -22.9099 -42.8614 0
    endloop
  endfacet
  facet normal 0 0 -1
    outer loop
      vertex -24.9854 -41.6856 0
      vertex -25.334 -37.915 0
      vertex -23.4431 -39.1124 0
    endloop
  endfacet
  facet normal 0 0 -1
    outer loop
      vertex -27.0007 -40.4094 0
      vertex -25.334 -37.915 0
      vertex -24.9854 -41.6856 0
    endloop
  endfacet
  facet normal 0 0 -1
    outer loop
      vertex -27.0007 -40.4094 0
      vertex -27.1639 -36.6263 0
      vertex -25.334 -37.915 0
    endloop
  endfacet
  facet normal 0 0 -1
    outer loop
      vertex -28.951 -39.0359 0
      vertex -27.1639 -36.6263 0
      vertex -27.0007 -40.4094 0
    endloop
  endfacet
  facet normal -0 0 -1
    outer loop
      vertex -27.1639 -36.6263 0
      vertex -28.951 -39.0359 0
      vertex -28.9283 -35.2493 0
    endloop
  endfacet
  facet normal 0 0 -1
    outer loop
      vertex -30.8315 -37.5683 0
      vertex -28.9283 -35.2493 0
      vertex -28.951 -39.0359 0
    endloop
  endfacet
  facet normal -0 0 -1
    outer loop
      vertex -28.9283 -35.2493 0
      vertex -30.8315 -37.5683 0
      vertex -30.6231 -33.7874 0
    endloop
  endfacet
  facet normal 0 0 -1
    outer loop
      vertex -32.6378 -36.0102 0
      vertex -30.6231 -33.7874 0
      vertex -30.8315 -37.5683 0
    endloop
  endfacet
  facet normal -0 0 -1
    outer loop
      vertex -30.6231 -33.7874 0
      vertex -32.6378 -36.0102 0
      vertex -32.2441 -32.2441 0
    endloop
  endfacet
  facet normal 0 0 -1
    outer loop
      vertex -34.3654 -34.3654 0
      vertex -32.2441 -32.2441 0
      vertex -32.6378 -36.0102 0
    endloop
  endfacet
  facet normal -0 0 -1
    outer loop
      vertex -32.2441 -32.2441 0
      vertex -34.3654 -34.3654 0
      vertex -33.7874 -30.6231 0
    endloop
  endfacet
  facet normal 0 0 -1
    outer loop
      vertex -36.0102 -32.6378 0
      vertex -33.7874 -30.6231 0
      vertex -34.3654 -34.3654 0
    endloop
  endfacet
  facet normal -0 0 -1
    outer loop
      vertex -33.7874 -30.6231 0
      vertex -36.0102 -32.6378 0
      vertex -35.2493 -28.9283 0
    endloop
  endfacet
  facet normal 0 0 -1
    outer loop
      vertex -37.5683 -30.8315 0
      vertex -35.2493 -28.9283 0
      vertex -36.0102 -32.6378 0
    endloop
  endfacet
  facet normal -0 0 -1
    outer loop
      vertex -35.2493 -28.9283 0
      vertex -37.5683 -30.8315 0
      vertex -36.6263 -27.1639 0
    endloop
  endfacet
  facet normal 0 0 -1
    outer loop
      vertex -39.0359 -28.951 0
      vertex -36.6263 -27.1639 0
      vertex -37.5683 -30.8315 0
    endloop
  endfacet
  facet normal -0 0 -1
    outer loop
      vertex -36.6263 -27.1639 0
      vertex -39.0359 -28.951 0
      vertex -37.915 -25.334 0
    endloop
  endfacet
  facet normal 0 0 -1
    outer loop
      vertex -40.4094 -27.0007 0
      vertex -37.915 -25.334 0
      vertex -39.0359 -28.951 0
    endloop
  endfacet
  facet normal -0 0 -1
    outer loop
      vertex -37.915 -25.334 0
      vertex -40.4094 -27.0007 0
      vertex -39.1124 -23.4431 0
    endloop
  endfacet
  facet normal 0 0 -1
    outer loop
      vertex -41.6856 -24.9854 0
      vertex -39.1124 -23.4431 0
      vertex -40.4094 -27.0007 0
    endloop
  endfacet
  facet normal -0 0 -1
    outer loop
      vertex -39.1124 -23.4431 0
      vertex -41.6856 -24.9854 0
      vertex -40.2156 -21.4957 0
    endloop
  endfacet
  facet normal 0 0 -1
    outer loop
      vertex -42.8614 -22.9099 0
      vertex -40.2156 -21.4957 0
      vertex -41.6856 -24.9854 0
    endloop
  endfacet
  facet normal -0 0 -1
    outer loop
      vertex -40.2156 -21.4957 0
      vertex -42.8614 -22.9099 0
      vertex -41.2219 -19.4965 0
    endloop
  endfacet
  facet normal 0 0 -1
    outer loop
      vertex -43.9339 -20.7792 0
      vertex -41.2219 -19.4965 0
      vertex -42.8614 -22.9099 0
    endloop
  endfacet
  facet normal -0 0 -1
    outer loop
      vertex -41.2219 -19.4965 0
      vertex -43.9339 -20.7792 0
      vertex -42.1289 -17.4504 0
    endloop
  endfacet
  facet normal 0 0 -1
    outer loop
      vertex -44.9005 -18.5984 0
      vertex -42.1289 -17.4504 0
      vertex -43.9339 -20.7792 0
    endloop
  endfacet
  facet normal -0 0 -1
    outer loop
      vertex -42.1289 -17.4504 0
      vertex -44.9005 -18.5984 0
      vertex -42.9344 -15.3622 0
    endloop
  endfacet
  facet normal 0 0 -1
    outer loop
      vertex -45.759 -16.3728 0
      vertex -42.9344 -15.3622 0
      vertex -44.9005 -18.5984 0
    endloop
  endfacet
  facet normal -0 0 -1
    outer loop
      vertex -42.9344 -15.3622 0
      vertex -45.759 -16.3728 0
      vertex -43.6365 -13.237 0
    endloop
  endfacet
  facet normal 0 0 -1
    outer loop
      vertex -46.5073 -14.1078 0
      vertex -43.6365 -13.237 0
      vertex -45.759 -16.3728 0
    endloop
  endfacet
  facet normal -0 0 -1
    outer loop
      vertex -43.6365 -13.237 0
      vertex -46.5073 -14.1078 0
      vertex -44.2334 -11.0799 0
    endloop
  endfacet
  facet normal 0 0 -1
    outer loop
      vertex -47.1435 -11.8088 0
      vertex -44.2334 -11.0799 0
      vertex -46.5073 -14.1078 0
    endloop
  endfacet
  facet normal -0 0 -1
    outer loop
      vertex -44.2334 -11.0799 0
      vertex -47.1435 -11.8088 0
      vertex -44.7238 -8.89612 0
    endloop
  endfacet
  facet normal -0 0 -1
    outer loop
      vertex -44.7238 -8.89612 0
      vertex -47.6662 -9.48139 0
      vertex -45.1064 -6.69091 0
    endloop
  endfacet
  facet normal 0 0 -1
    outer loop
      vertex -47.6662 -9.48139 0
      vertex -44.7238 -8.89612 0
      vertex -47.1435 -11.8088 0
    endloop
  endfacet
  facet normal 0 0 -1
    outer loop
      vertex 44.7238 8.89612 0
      vertex 47.6662 9.48139 0
      vertex 45.1064 6.69091 0
    endloop
  endfacet
  facet normal -0 0 -1
    outer loop
      vertex 47.6662 9.48139 0
      vertex 44.7238 8.89612 0
      vertex 47.1435 11.8088 0
    endloop
  endfacet
  facet normal 0 0 -1
    outer loop
      vertex 44.2334 11.0799 0
      vertex 47.1435 11.8088 0
      vertex 44.7238 8.89612 0
    endloop
  endfacet
  facet normal -0 0 -1
    outer loop
      vertex 47.1435 11.8088 0
      vertex 44.2334 11.0799 0
      vertex 46.5073 14.1078 0
    endloop
  endfacet
  facet normal 0 0 -1
    outer loop
      vertex 43.6365 13.237 0
      vertex 46.5073 14.1078 0
      vertex 44.2334 11.0799 0
    endloop
  endfacet
  facet normal -0 0 -1
    outer loop
      vertex 46.5073 14.1078 0
      vertex 43.6365 13.237 0
      vertex 45.759 16.3728 0
    endloop
  endfacet
  facet normal 0 0 -1
    outer loop
      vertex 42.9344 15.3622 0
      vertex 45.759 16.3728 0
      vertex 43.6365 13.237 0
    endloop
  endfacet
  facet normal -0 0 -1
    outer loop
      vertex 45.759 16.3728 0
      vertex 42.9344 15.3622 0
      vertex 44.9005 18.5984 0
    endloop
  endfacet
  facet normal 0 0 -1
    outer loop
      vertex 42.1289 17.4504 0
      vertex 44.9005 18.5984 0
      vertex 42.9344 15.3622 0
    endloop
  endfacet
  facet normal -0 0 -1
    outer loop
      vertex 44.9005 18.5984 0
      vertex 42.1289 17.4504 0
      vertex 43.9339 20.7792 0
    endloop
  endfacet
  facet normal 0 0 -1
    outer loop
      vertex 41.2219 19.4965 0
      vertex 43.9339 20.7792 0
      vertex 42.1289 17.4504 0
    endloop
  endfacet
  facet normal -0 0 -1
    outer loop
      vertex 43.9339 20.7792 0
      vertex 41.2219 19.4965 0
      vertex 42.8614 22.9099 0
    endloop
  endfacet
  facet normal 0 0 -1
    outer loop
      vertex 40.2156 21.4957 0
      vertex 42.8614 22.9099 0
      vertex 41.2219 19.4965 0
    endloop
  endfacet
  facet normal -0 0 -1
    outer loop
      vertex 42.8614 22.9099 0
      vertex 40.2156 21.4957 0
      vertex 41.6856 24.9854 0
    endloop
  endfacet
  facet normal 0 0 -1
    outer loop
      vertex 39.1124 23.4431 0
      vertex 41.6856 24.9854 0
      vertex 40.2156 21.4957 0
    endloop
  endfacet
  facet normal -0 0 -1
    outer loop
      vertex 41.6856 24.9854 0
      vertex 39.1124 23.4431 0
      vertex 40.4094 27.0007 0
    endloop
  endfacet
  facet normal 0 0 -1
    outer loop
      vertex 37.915 25.334 0
      vertex 40.4094 27.0007 0
      vertex 39.1124 23.4431 0
    endloop
  endfacet
  facet normal -0 0 -1
    outer loop
      vertex 40.4094 27.0007 0
      vertex 37.915 25.334 0
      vertex 39.0359 28.951 0
    endloop
  endfacet
  facet normal 0 0 -1
    outer loop
      vertex 36.6263 27.1639 0
      vertex 39.0359 28.951 0
      vertex 37.915 25.334 0
    endloop
  endfacet
  facet normal -0 0 -1
    outer loop
      vertex 39.0359 28.951 0
      vertex 36.6263 27.1639 0
      vertex 37.5683 30.8315 0
    endloop
  endfacet
  facet normal 0 0 -1
    outer loop
      vertex 35.2493 28.9283 0
      vertex 37.5683 30.8315 0
      vertex 36.6263 27.1639 0
    endloop
  endfacet
  facet normal -0 0 -1
    outer loop
      vertex 37.5683 30.8315 0
      vertex 35.2493 28.9283 0
      vertex 36.0102 32.6378 0
    endloop
  endfacet
  facet normal 0 0 -1
    outer loop
      vertex 33.7874 30.6231 0
      vertex 36.0102 32.6378 0
      vertex 35.2493 28.9283 0
    endloop
  endfacet
  facet normal -0 0 -1
    outer loop
      vertex 36.0102 32.6378 0
      vertex 33.7874 30.6231 0
      vertex 34.3654 34.3654 0
    endloop
  endfacet
  facet normal 0 0 -1
    outer loop
      vertex 32.2441 32.2441 0
      vertex 34.3654 34.3654 0
      vertex 33.7874 30.6231 0
    endloop
  endfacet
  facet normal -0 0 -1
    outer loop
      vertex 34.3654 34.3654 0
      vertex 32.2441 32.2441 0
      vertex 32.6378 36.0102 0
    endloop
  endfacet
  facet normal 0 0 -1
    outer loop
      vertex 30.6231 33.7874 0
      vertex 32.6378 36.0102 0
      vertex 32.2441 32.2441 0
    endloop
  endfacet
  facet normal -0 0 -1
    outer loop
      vertex 32.6378 36.0102 0
      vertex 30.6231 33.7874 0
      vertex 30.8315 37.5683 0
    endloop
  endfacet
  facet normal 0 0 -1
    outer loop
      vertex 28.9283 35.2493 0
      vertex 30.8315 37.5683 0
      vertex 30.6231 33.7874 0
    endloop
  endfacet
  facet normal -0 0 -1
    outer loop
      vertex 30.8315 37.5683 0
      vertex 28.9283 35.2493 0
      vertex 28.951 39.0359 0
    endloop
  endfacet
  facet normal 0 0 -1
    outer loop
      vertex 27.1639 36.6263 0
      vertex 28.951 39.0359 0
      vertex 28.9283 35.2493 0
    endloop
  endfacet
  facet normal 0 0 -1
    outer loop
      vertex 27.1639 36.6263 0
      vertex 27.0007 40.4094 0
      vertex 28.951 39.0359 0
    endloop
  endfacet
  facet normal 0 0 -1
    outer loop
      vertex 25.334 37.915 0
      vertex 27.0007 40.4094 0
      vertex 27.1639 36.6263 0
    endloop
  endfacet
  facet normal 0 0 -1
    outer loop
      vertex 25.334 37.915 0
      vertex 24.9854 41.6856 0
      vertex 27.0007 40.4094 0
    endloop
  endfacet
  facet normal 0 0 -1
    outer loop
      vertex 23.4431 39.1124 0
      vertex 24.9854 41.6856 0
      vertex 25.334 37.915 0
    endloop
  endfacet
  facet normal 0 0 -1
    outer loop
      vertex 23.4431 39.1124 0
      vertex 22.9099 42.8614 0
      vertex 24.9854 41.6856 0
    endloop
  endfacet
  facet normal 0 0 -1
    outer loop
      vertex 21.4957 40.2156 0
      vertex 22.9099 42.8614 0
      vertex 23.4431 39.1124 0
    endloop
  endfacet
  facet normal 0 0 -1
    outer loop
      vertex 21.4957 40.2156 0
      vertex 20.7792 43.9339 0
      vertex 22.9099 42.8614 0
    endloop
  endfacet
  facet normal 0 0 -1
    outer loop
      vertex 19.4965 41.2219 0
      vertex 20.7792 43.9339 0
      vertex 21.4957 40.2156 0
    endloop
  endfacet
  facet normal 0 0 -1
    outer loop
      vertex 19.4965 41.2219 0
      vertex 18.5984 44.9005 0
      vertex 20.7792 43.9339 0
    endloop
  endfacet
  facet normal 0 0 -1
    outer loop
      vertex 17.4504 42.1289 0
      vertex 18.5984 44.9005 0
      vertex 19.4965 41.2219 0
    endloop
  endfacet
  facet normal 0 0 -1
    outer loop
      vertex 17.4504 42.1289 0
      vertex 16.3728 45.759 0
      vertex 18.5984 44.9005 0
    endloop
  endfacet
  facet normal 0 0 -1
    outer loop
      vertex 15.3622 42.9344 0
      vertex 16.3728 45.759 0
      vertex 17.4504 42.1289 0
    endloop
  endfacet
  facet normal 0 0 -1
    outer loop
      vertex 15.3622 42.9344 0
      vertex 14.1078 46.5073 0
      vertex 16.3728 45.759 0
    endloop
  endfacet
  facet normal 0 0 -1
    outer loop
      vertex 13.237 43.6365 0
      vertex 14.1078 46.5073 0
      vertex 15.3622 42.9344 0
    endloop
  endfacet
  facet normal 0 0 -1
    outer loop
      vertex 13.237 43.6365 0
      vertex 11.8088 47.1435 0
      vertex 14.1078 46.5073 0
    endloop
  endfacet
  facet normal 0 0 -1
    outer loop
      vertex 11.0799 44.2334 0
      vertex 11.8088 47.1435 0
      vertex 13.237 43.6365 0
    endloop
  endfacet
  facet normal 0 0 -1
    outer loop
      vertex 11.0799 44.2334 0
      vertex 9.48139 47.6662 0
      vertex 11.8088 47.1435 0
    endloop
  endfacet
  facet normal 0 0 -1
    outer loop
      vertex 8.89612 44.7238 0
      vertex 9.48139 47.6662 0
      vertex 11.0799 44.2334 0
    endloop
  endfacet
  facet normal 0 0 -1
    outer loop
      vertex 8.89612 44.7238 0
      vertex 7.1311 48.074 0
      vertex 9.48139 47.6662 0
    endloop
  endfacet
  facet normal 0 0 -1
    outer loop
      vertex 6.69091 45.1064 0
      vertex 7.1311 48.074 0
      vertex 8.89612 44.7238 0
    endloop
  endfacet
  facet normal 0 0 -1
    outer loop
      vertex 6.69091 45.1064 0
      vertex 4.76363 48.366 0
      vertex 7.1311 48.074 0
    endloop
  endfacet
  facet normal 0 0 -1
    outer loop
      vertex 4.46958 45.3804 0
      vertex 4.76363 48.366 0
      vertex 6.69091 45.1064 0
    endloop
  endfacet
  facet normal 0 0 -1
    outer loop
      vertex 4.46958 45.3804 0
      vertex 2.38469 48.5415 0
      vertex 4.76363 48.366 0
    endloop
  endfacet
  facet normal 0 0 -1
    outer loop
      vertex 2.23749 45.5451 0
      vertex 2.38469 48.5415 0
      vertex 4.46958 45.3804 0
    endloop
  endfacet
  facet normal 0 0 -1
    outer loop
      vertex 0 45.6 0
      vertex 2.38469 48.5415 0
      vertex 2.23749 45.5451 0
    endloop
  endfacet
  facet normal 0 0 -1
    outer loop
      vertex 0 45.6 0
      vertex 0 48.6 0
      vertex 2.38469 48.5415 0
    endloop
  endfacet
  facet normal 0 0 -1
    outer loop
      vertex -2.23749 45.5451 0
      vertex 0 48.6 0
      vertex 0 45.6 0
    endloop
  endfacet
  facet normal 0 0 -1
    outer loop
      vertex -2.23749 45.5451 0
      vertex -2.38469 48.5415 0
      vertex 0 48.6 0
    endloop
  endfacet
  facet normal 0 0 -1
    outer loop
      vertex -4.46958 45.3804 0
      vertex -2.38469 48.5415 0
      vertex -2.23749 45.5451 0
    endloop
  endfacet
  facet normal 0 0 -1
    outer loop
      vertex -4.46958 45.3804 0
      vertex -4.76363 48.366 0
      vertex -2.38469 48.5415 0
    endloop
  endfacet
  facet normal 0 0 -1
    outer loop
      vertex -6.69091 45.1064 0
      vertex -4.76363 48.366 0
      vertex -4.46958 45.3804 0
    endloop
  endfacet
  facet normal 0 0 -1
    outer loop
      vertex -6.69091 45.1064 0
      vertex -7.1311 48.074 0
      vertex -4.76363 48.366 0
    endloop
  endfacet
  facet normal 0 0 -1
    outer loop
      vertex -8.89612 44.7238 0
      vertex -7.1311 48.074 0
      vertex -6.69091 45.1064 0
    endloop
  endfacet
  facet normal 0 0 -1
    outer loop
      vertex -8.89612 44.7238 0
      vertex -9.48139 47.6662 0
      vertex -7.1311 48.074 0
    endloop
  endfacet
  facet normal 0 0 -1
    outer loop
      vertex -11.0799 44.2334 0
      vertex -9.48139 47.6662 0
      vertex -8.89612 44.7238 0
    endloop
  endfacet
  facet normal 0 0 -1
    outer loop
      vertex -11.0799 44.2334 0
      vertex -11.8088 47.1435 0
      vertex -9.48139 47.6662 0
    endloop
  endfacet
  facet normal 0 0 -1
    outer loop
      vertex -13.237 43.6365 0
      vertex -11.8088 47.1435 0
      vertex -11.0799 44.2334 0
    endloop
  endfacet
  facet normal 0 0 -1
    outer loop
      vertex -13.237 43.6365 0
      vertex -14.1078 46.5073 0
      vertex -11.8088 47.1435 0
    endloop
  endfacet
  facet normal 0 0 -1
    outer loop
      vertex -15.3622 42.9344 0
      vertex -14.1078 46.5073 0
      vertex -13.237 43.6365 0
    endloop
  endfacet
  facet normal 0 0 -1
    outer loop
      vertex -15.3622 42.9344 0
      vertex -16.3728 45.759 0
      vertex -14.1078 46.5073 0
    endloop
  endfacet
  facet normal 0 0 -1
    outer loop
      vertex -17.4504 42.1289 0
      vertex -16.3728 45.759 0
      vertex -15.3622 42.9344 0
    endloop
  endfacet
  facet normal 0 0 -1
    outer loop
      vertex -17.4504 42.1289 0
      vertex -18.5984 44.9005 0
      vertex -16.3728 45.759 0
    endloop
  endfacet
  facet normal 0 0 -1
    outer loop
      vertex -19.4965 41.2219 0
      vertex -18.5984 44.9005 0
      vertex -17.4504 42.1289 0
    endloop
  endfacet
  facet normal 0 0 -1
    outer loop
      vertex -19.4965 41.2219 0
      vertex -20.7792 43.9339 0
      vertex -18.5984 44.9005 0
    endloop
  endfacet
  facet normal 0 0 -1
    outer loop
      vertex -21.4957 40.2156 0
      vertex -20.7792 43.9339 0
      vertex -19.4965 41.2219 0
    endloop
  endfacet
  facet normal 0 0 -1
    outer loop
      vertex -21.4957 40.2156 0
      vertex -22.9099 42.8614 0
      vertex -20.7792 43.9339 0
    endloop
  endfacet
  facet normal 0 0 -1
    outer loop
      vertex -23.4431 39.1124 0
      vertex -22.9099 42.8614 0
      vertex -21.4957 40.2156 0
    endloop
  endfacet
  facet normal 0 0 -1
    outer loop
      vertex -23.4431 39.1124 0
      vertex -24.9854 41.6856 0
      vertex -22.9099 42.8614 0
    endloop
  endfacet
  facet normal 0 0 -1
    outer loop
      vertex -25.334 37.915 0
      vertex -24.9854 41.6856 0
      vertex -23.4431 39.1124 0
    endloop
  endfacet
  facet normal 0 0 -1
    outer loop
      vertex -25.334 37.915 0
      vertex -27.0007 40.4094 0
      vertex -24.9854 41.6856 0
    endloop
  endfacet
  facet normal 0 0 -1
    outer loop
      vertex -27.1639 36.6263 0
      vertex -27.0007 40.4094 0
      vertex -25.334 37.915 0
    endloop
  endfacet
  facet normal 0 0 -1
    outer loop
      vertex -28.951 39.0359 0
      vertex -27.1639 36.6263 0
      vertex -28.9283 35.2493 0
    endloop
  endfacet
  facet normal 0 0 -1
    outer loop
      vertex -27.1639 36.6263 0
      vertex -28.951 39.0359 0
      vertex -27.0007 40.4094 0
    endloop
  endfacet
  facet normal 0 0 -1
    outer loop
      vertex -30.8315 37.5683 0
      vertex -28.9283 35.2493 0
      vertex -30.6231 33.7874 0
    endloop
  endfacet
  facet normal 0 0 -1
    outer loop
      vertex -28.9283 35.2493 0
      vertex -30.8315 37.5683 0
      vertex -28.951 39.0359 0
    endloop
  endfacet
  facet normal 0 0 -1
    outer loop
      vertex -32.6378 36.0102 0
      vertex -30.6231 33.7874 0
      vertex -32.2441 32.2441 0
    endloop
  endfacet
  facet normal 0 0 -1
    outer loop
      vertex -30.6231 33.7874 0
      vertex -32.6378 36.0102 0
      vertex -30.8315 37.5683 0
    endloop
  endfacet
  facet normal 0 0 -1
    outer loop
      vertex -34.3654 34.3654 0
      vertex -32.2441 32.2441 0
      vertex -33.7874 30.6231 0
    endloop
  endfacet
  facet normal 0 0 -1
    outer loop
      vertex -32.2441 32.2441 0
      vertex -34.3654 34.3654 0
      vertex -32.6378 36.0102 0
    endloop
  endfacet
  facet normal 0 0 -1
    outer loop
      vertex -36.0102 32.6378 0
      vertex -33.7874 30.6231 0
      vertex -35.2493 28.9283 0
    endloop
  endfacet
  facet normal 0 0 -1
    outer loop
      vertex -33.7874 30.6231 0
      vertex -36.0102 32.6378 0
      vertex -34.3654 34.3654 0
    endloop
  endfacet
  facet normal 0 0 -1
    outer loop
      vertex -37.5683 30.8315 0
      vertex -35.2493 28.9283 0
      vertex -36.6263 27.1639 0
    endloop
  endfacet
  facet normal 0 0 -1
    outer loop
      vertex -35.2493 28.9283 0
      vertex -37.5683 30.8315 0
      vertex -36.0102 32.6378 0
    endloop
  endfacet
  facet normal 0 0 -1
    outer loop
      vertex -39.0359 28.951 0
      vertex -36.6263 27.1639 0
      vertex -37.915 25.334 0
    endloop
  endfacet
  facet normal 0 0 -1
    outer loop
      vertex -36.6263 27.1639 0
      vertex -39.0359 28.951 0
      vertex -37.5683 30.8315 0
    endloop
  endfacet
  facet normal 0 0 -1
    outer loop
      vertex -40.4094 27.0007 0
      vertex -37.915 25.334 0
      vertex -39.1124 23.4431 0
    endloop
  endfacet
  facet normal 0 0 -1
    outer loop
      vertex -41.6856 24.9854 0
      vertex -39.1124 23.4431 0
      vertex -40.2156 21.4957 0
    endloop
  endfacet
  facet normal 0 0 -1
    outer loop
      vertex -37.915 25.334 0
      vertex -40.4094 27.0007 0
      vertex -39.0359 28.951 0
    endloop
  endfacet
  facet normal 0 0 -1
    outer loop
      vertex -42.8614 22.9099 0
      vertex -40.2156 21.4957 0
      vertex -41.2219 19.4965 0
    endloop
  endfacet
  facet normal 0 0 -1
    outer loop
      vertex -39.1124 23.4431 0
      vertex -41.6856 24.9854 0
      vertex -40.4094 27.0007 0
    endloop
  endfacet
  facet normal 0 0 -1
    outer loop
      vertex -43.9339 20.7792 0
      vertex -41.2219 19.4965 0
      vertex -42.1289 17.4504 0
    endloop
  endfacet
  facet normal 0 0 -1
    outer loop
      vertex -40.2156 21.4957 0
      vertex -42.8614 22.9099 0
      vertex -41.6856 24.9854 0
    endloop
  endfacet
  facet normal 0 0 -1
    outer loop
      vertex -44.9005 18.5984 0
      vertex -42.1289 17.4504 0
      vertex -42.9344 15.3622 0
    endloop
  endfacet
  facet normal 0 0 -1
    outer loop
      vertex -45.759 16.3728 0
      vertex -42.9344 15.3622 0
      vertex -43.6365 13.237 0
    endloop
  endfacet
  facet normal 0 0 -1
    outer loop
      vertex -41.2219 19.4965 0
      vertex -43.9339 20.7792 0
      vertex -42.8614 22.9099 0
    endloop
  endfacet
  facet normal 0 0 -1
    outer loop
      vertex -46.5073 14.1078 0
      vertex -43.6365 13.237 0
      vertex -44.2334 11.0799 0
    endloop
  endfacet
  facet normal 0 0 -1
    outer loop
      vertex -47.1435 11.8088 0
      vertex -44.2334 11.0799 0
      vertex -44.7238 8.89612 0
    endloop
  endfacet
  facet normal 0 0 -1
    outer loop
      vertex -42.1289 17.4504 0
      vertex -44.9005 18.5984 0
      vertex -43.9339 20.7792 0
    endloop
  endfacet
  facet normal 0 0 -1
    outer loop
      vertex -47.6662 9.48139 0
      vertex -44.7238 8.89612 0
      vertex -45.1064 6.69091 0
    endloop
  endfacet
  facet normal 0 0 -1
    outer loop
      vertex -48.074 7.1311 0
      vertex -45.1064 6.69091 0
      vertex -45.3804 4.46958 0
    endloop
  endfacet
  facet normal 0 0 -1
    outer loop
      vertex -48.366 4.76363 0
      vertex -45.3804 4.46958 0
      vertex -45.5451 2.23749 0
    endloop
  endfacet
  facet normal 0 0 -1
    outer loop
      vertex -42.9344 15.3622 0
      vertex -45.759 16.3728 0
      vertex -44.9005 18.5984 0
    endloop
  endfacet
  facet normal 0 0 -1
    outer loop
      vertex -48.5415 2.38469 0
      vertex -45.5451 2.23749 0
      vertex -45.6 0 0
    endloop
  endfacet
  facet normal 0 0 -1
    outer loop
      vertex -48.074 -7.1311 0
      vertex -45.1064 -6.69091 0
      vertex -47.6662 -9.48139 0
    endloop
  endfacet
  facet normal -0 0 -1
    outer loop
      vertex -45.1064 -6.69091 0
      vertex -48.074 -7.1311 0
      vertex -45.3804 -4.46958 0
    endloop
  endfacet
  facet normal 0 0 -1
    outer loop
      vertex -43.6365 13.237 0
      vertex -46.5073 14.1078 0
      vertex -45.759 16.3728 0
    endloop
  endfacet
  facet normal 0 0 -1
    outer loop
      vertex -48.366 -4.76363 0
      vertex -45.3804 -4.46958 0
      vertex -48.074 -7.1311 0
    endloop
  endfacet
  facet normal 0 0 -1
    outer loop
      vertex -44.2334 11.0799 0
      vertex -47.1435 11.8088 0
      vertex -46.5073 14.1078 0
    endloop
  endfacet
  facet normal -0 0 -1
    outer loop
      vertex -45.3804 -4.46958 0
      vertex -48.366 -4.76363 0
      vertex -45.5451 -2.23749 0
    endloop
  endfacet
  facet normal 0 0 -1
    outer loop
      vertex -44.7238 8.89612 0
      vertex -47.6662 9.48139 0
      vertex -47.1435 11.8088 0
    endloop
  endfacet
  facet normal 0 0 -1
    outer loop
      vertex -48.5415 -2.38469 0
      vertex -45.5451 -2.23749 0
      vertex -48.366 -4.76363 0
    endloop
  endfacet
  facet normal 0 0 -1
    outer loop
      vertex -45.1064 6.69091 0
      vertex -48.074 7.1311 0
      vertex -47.6662 9.48139 0
    endloop
  endfacet
  facet normal -0 0 -1
    outer loop
      vertex -45.5451 -2.23749 0
      vertex -48.5415 -2.38469 0
      vertex -45.6 0 0
    endloop
  endfacet
  facet normal 0 0 -1
    outer loop
      vertex -45.3804 4.46958 0
      vertex -48.366 4.76363 0
      vertex -48.074 7.1311 0
    endloop
  endfacet
  facet normal 0 0 -1
    outer loop
      vertex -48.6 0 0
      vertex -45.6 0 0
      vertex -48.5415 -2.38469 0
    endloop
  endfacet
  facet normal 0 0 -1
    outer loop
      vertex -45.5451 2.23749 0
      vertex -48.5415 2.38469 0
      vertex -48.366 4.76363 0
    endloop
  endfacet
  facet normal 0 0 -1
    outer loop
      vertex -45.6 0 0
      vertex -48.6 0 0
      vertex -48.5415 2.38469 0
    endloop
  endfacet
  facet normal -0.653167 -0.757214 0
    outer loop
      vertex -32.6378 -36.0102 0
      vertex -30.8315 -37.5683 55
      vertex -32.6378 -36.0102 55
    endloop
  endfacet
  facet normal -0.653167 -0.757214 -0
    outer loop
      vertex -30.8315 -37.5683 55
      vertex -32.6378 -36.0102 0
      vertex -30.8315 -37.5683 0
    endloop
  endfacet
  facet normal -0.492912 -0.870079 0
    outer loop
      vertex -24.9854 -41.6856 0
      vertex -22.9099 -42.8614 55
      vertex -24.9854 -41.6856 55
    endloop
  endfacet
  facet normal -0.492912 -0.870079 -0
    outer loop
      vertex -22.9099 -42.8614 55
      vertex -24.9854 -41.6856 0
      vertex -22.9099 -42.8614 0
    endloop
  endfacet
  facet normal -0.44961 -0.893225 0
    outer loop
      vertex -22.9099 -42.8614 0
      vertex -20.7792 -43.9339 55
      vertex -22.9099 -42.8614 55
    endloop
  endfacet
  facet normal -0.44961 -0.893225 -0
    outer loop
      vertex -20.7792 -43.9339 55
      vertex -22.9099 -42.8614 0
      vertex -20.7792 -43.9339 0
    endloop
  endfacet
  facet normal -0.535005 -0.844849 0
    outer loop
      vertex -27.0007 -40.4094 0
      vertex -24.9854 -41.6856 55
      vertex -27.0007 -40.4094 55
    endloop
  endfacet
  facet normal -0.535005 -0.844849 -0
    outer loop
      vertex -24.9854 -41.6856 55
      vertex -27.0007 -40.4094 0
      vertex -24.9854 -41.6856 0
    endloop
  endfacet
  facet normal -0.689538 -0.72425 0
    outer loop
      vertex -34.3654 -34.3654 0
      vertex -32.6378 -36.0102 55
      vertex -34.3654 -34.3654 55
    endloop
  endfacet
  facet normal -0.689538 -0.72425 -0
    outer loop
      vertex -32.6378 -36.0102 55
      vertex -34.3654 -34.3654 0
      vertex -32.6378 -36.0102 0
    endloop
  endfacet
  facet normal -0.313699 -0.949523 0
    outer loop
      vertex -16.3728 -45.759 0
      vertex -14.1078 -46.5073 55
      vertex -16.3728 -45.759 55
    endloop
  endfacet
  facet normal -0.313699 -0.949523 -0
    outer loop
      vertex -14.1078 -46.5073 55
      vertex -16.3728 -45.759 0
      vertex -14.1078 -46.5073 0
    endloop
  endfacet
  facet normal -0.359892 -0.932994 0
    outer loop
      vertex -18.5984 -44.9005 0
      vertex -16.3728 -45.759 55
      vertex -18.5984 -44.9005 55
    endloop
  endfacet
  facet normal -0.359892 -0.932994 -0
    outer loop
      vertex -16.3728 -45.759 55
      vertex -18.5984 -44.9005 0
      vertex -16.3728 -45.759 0
    endloop
  endfacet
  facet normal -0.0735724 -0.99729 0
    outer loop
      vertex -4.76363 -48.366 0
      vertex -2.38469 -48.5415 55
      vertex -4.76363 -48.366 55
    endloop
  endfacet
  facet normal -0.0735724 -0.99729 -0
    outer loop
      vertex -2.38469 -48.5415 55
      vertex -4.76363 -48.366 0
      vertex -2.38469 -48.5415 0
    endloop
  endfacet
  facet normal 0.870079 0.492912 0
    outer loop
      vertex 42.8614 22.9099 55
      vertex 41.6856 24.9854 0
      vertex 41.6856 24.9854 55
    endloop
  endfacet
  facet normal 0.870079 0.492912 0
    outer loop
      vertex 41.6856 24.9854 0
      vertex 42.8614 22.9099 55
      vertex 42.8614 22.9099 0
    endloop
  endfacet
  facet normal 0.932994 0.359892 0
    outer loop
      vertex 45.759 16.3728 55
      vertex 44.9005 18.5984 0
      vertex 44.9005 18.5984 55
    endloop
  endfacet
  facet normal 0.932994 0.359892 0
    outer loop
      vertex 44.9005 18.5984 0
      vertex 45.759 16.3728 55
      vertex 45.759 16.3728 0
    endloop
  endfacet
  facet normal 0.757214 0.653167 0
    outer loop
      vertex 37.5683 30.8315 55
      vertex 36.0102 32.6378 0
      vertex 36.0102 32.6378 55
    endloop
  endfacet
  facet normal 0.757214 0.653167 0
    outer loop
      vertex 36.0102 32.6378 0
      vertex 37.5683 30.8315 55
      vertex 37.5683 30.8315 0
    endloop
  endfacet
  facet normal 0.44961 0.893225 -0
    outer loop
      vertex 22.9099 42.8614 0
      vertex 20.7792 43.9339 55
      vertex 22.9099 42.8614 55
    endloop
  endfacet
  facet normal 0.44961 0.893225 0
    outer loop
      vertex 20.7792 43.9339 55
      vertex 22.9099 42.8614 0
      vertex 20.7792 43.9339 0
    endloop
  endfacet
  facet normal 0.359892 0.932994 -0
    outer loop
      vertex 18.5984 44.9005 0
      vertex 16.3728 45.759 55
      vertex 18.5984 44.9005 55
    endloop
  endfacet
  facet normal 0.359892 0.932994 0
    outer loop
      vertex 16.3728 45.759 55
      vertex 18.5984 44.9005 0
      vertex 16.3728 45.759 0
    endloop
  endfacet
  facet normal 0.492912 -0.870079 0
    outer loop
      vertex 22.9099 -42.8614 0
      vertex 24.9854 -41.6856 55
      vertex 22.9099 -42.8614 55
    endloop
  endfacet
  facet normal 0.492912 -0.870079 0
    outer loop
      vertex 24.9854 -41.6856 55
      vertex 22.9099 -42.8614 0
      vertex 24.9854 -41.6856 0
    endloop
  endfacet
  facet normal 0.575792 -0.817596 0
    outer loop
      vertex 27.0007 -40.4094 0
      vertex 28.951 -39.0359 55
      vertex 27.0007 -40.4094 55
    endloop
  endfacet
  facet normal 0.575792 -0.817596 0
    outer loop
      vertex 28.951 -39.0359 55
      vertex 27.0007 -40.4094 0
      vertex 28.951 -39.0359 0
    endloop
  endfacet
  facet normal -0.985279 -0.170956 0
    outer loop
      vertex -47.6662 -9.48139 0
      vertex -48.074 -7.1311 55
      vertex -48.074 -7.1311 0
    endloop
  endfacet
  facet normal -0.985279 -0.170956 0
    outer loop
      vertex -48.074 -7.1311 55
      vertex -47.6662 -9.48139 0
      vertex -47.6662 -9.48139 55
    endloop
  endfacet
  facet normal -0.615243 -0.788338 0
    outer loop
      vertex -30.8315 -37.5683 0
      vertex -28.951 -39.0359 55
      vertex -30.8315 -37.5683 55
    endloop
  endfacet
  facet normal -0.615243 -0.788338 -0
    outer loop
      vertex -28.951 -39.0359 55
      vertex -30.8315 -37.5683 0
      vertex -28.951 -39.0359 0
    endloop
  endfacet
  facet normal -0.266705 -0.963778 0
    outer loop
      vertex -14.1078 -46.5073 0
      vertex -11.8088 -47.1435 55
      vertex -14.1078 -46.5073 55
    endloop
  endfacet
  facet normal -0.266705 -0.963778 -0
    outer loop
      vertex -11.8088 -47.1435 55
      vertex -14.1078 -46.5073 0
      vertex -11.8088 -47.1435 0
    endloop
  endfacet
  facet normal -0.170956 -0.985279 0
    outer loop
      vertex -9.48139 -47.6662 0
      vertex -7.1311 -48.074 55
      vertex -9.48139 -47.6662 55
    endloop
  endfacet
  facet normal -0.170956 -0.985279 -0
    outer loop
      vertex -7.1311 -48.074 55
      vertex -9.48139 -47.6662 0
      vertex -7.1311 -48.074 0
    endloop
  endfacet
  facet normal 0.975697 0.219126 0
    outer loop
      vertex 47.6662 9.48139 55
      vertex 47.1435 11.8088 0
      vertex 47.1435 11.8088 55
    endloop
  endfacet
  facet normal 0.975697 0.219126 0
    outer loop
      vertex 47.1435 11.8088 0
      vertex 47.6662 9.48139 55
      vertex 47.6662 9.48139 0
    endloop
  endfacet
  facet normal 0.985279 0.170956 0
    outer loop
      vertex 48.074 7.1311 55
      vertex 47.6662 9.48139 0
      vertex 47.6662 9.48139 55
    endloop
  endfacet
  facet normal 0.985279 0.170956 0
    outer loop
      vertex 47.6662 9.48139 0
      vertex 48.074 7.1311 55
      vertex 48.074 7.1311 0
    endloop
  endfacet
  facet normal 0.99729 0.0735724 0
    outer loop
      vertex 48.5415 2.38469 55
      vertex 48.366 4.76363 0
      vertex 48.366 4.76363 55
    endloop
  endfacet
  facet normal 0.99729 0.0735724 0
    outer loop
      vertex 48.366 4.76363 0
      vertex 48.5415 2.38469 55
      vertex 48.5415 2.38469 0
    endloop
  endfacet
  facet normal 0.999699 0.0245241 0
    outer loop
      vertex 48.6 0 55
      vertex 48.5415 2.38469 0
      vertex 48.5415 2.38469 55
    endloop
  endfacet
  facet normal 0.999699 0.0245241 0
    outer loop
      vertex 48.5415 2.38469 0
      vertex 48.6 0 55
      vertex 48.6 0 0
    endloop
  endfacet
  facet normal 0.949523 0.313699 0
    outer loop
      vertex 46.5073 14.1078 55
      vertex 45.759 16.3728 0
      vertex 45.759 16.3728 55
    endloop
  endfacet
  facet normal 0.949523 0.313699 0
    outer loop
      vertex 45.759 16.3728 0
      vertex 46.5073 14.1078 55
      vertex 46.5073 14.1078 0
    endloop
  endfacet
  facet normal 0.575792 0.817596 -0
    outer loop
      vertex 28.951 39.0359 0
      vertex 27.0007 40.4094 55
      vertex 28.951 39.0359 55
    endloop
  endfacet
  facet normal 0.575792 0.817596 0
    outer loop
      vertex 27.0007 40.4094 55
      vertex 28.951 39.0359 0
      vertex 27.0007 40.4094 0
    endloop
  endfacet
  facet normal -0.313699 0.949523 0
    outer loop
      vertex -14.1078 46.5073 0
      vertex -16.3728 45.759 55
      vertex -14.1078 46.5073 55
    endloop
  endfacet
  facet normal -0.313699 0.949523 0
    outer loop
      vertex -16.3728 45.759 55
      vertex -14.1078 46.5073 0
      vertex -16.3728 45.759 0
    endloop
  endfacet
  facet normal -0.219126 0.975697 0
    outer loop
      vertex -9.48139 47.6662 0
      vertex -11.8088 47.1435 55
      vertex -9.48139 47.6662 55
    endloop
  endfacet
  facet normal -0.219126 0.975697 0
    outer loop
      vertex -11.8088 47.1435 55
      vertex -9.48139 47.6662 0
      vertex -11.8088 47.1435 0
    endloop
  endfacet
  facet normal -0.975697 0.219126 0
    outer loop
      vertex -47.6662 9.48139 0
      vertex -47.1435 11.8088 55
      vertex -47.1435 11.8088 0
    endloop
  endfacet
  facet normal -0.975697 0.219126 0
    outer loop
      vertex -47.1435 11.8088 55
      vertex -47.6662 9.48139 0
      vertex -47.6662 9.48139 55
    endloop
  endfacet
  facet normal -0.99248 0.122411 0
    outer loop
      vertex -48.366 4.76363 0
      vertex -48.074 7.1311 55
      vertex -48.074 7.1311 0
    endloop
  endfacet
  facet normal -0.99248 0.122411 0
    outer loop
      vertex -48.074 7.1311 55
      vertex -48.366 4.76363 0
      vertex -48.366 4.76363 55
    endloop
  endfacet
  facet normal 0.266705 0.963778 -0
    outer loop
      vertex 14.1078 46.5073 0
      vertex 11.8088 47.1435 55
      vertex 14.1078 46.5073 55
    endloop
  endfacet
  facet normal 0.266705 0.963778 0
    outer loop
      vertex 11.8088 47.1435 55
      vertex 14.1078 46.5073 0
      vertex 11.8088 47.1435 0
    endloop
  endfacet
  facet normal 0.405213 0.914223 -0
    outer loop
      vertex 20.7792 43.9339 0
      vertex 18.5984 44.9005 55
      vertex 20.7792 43.9339 55
    endloop
  endfacet
  facet normal 0.405213 0.914223 0
    outer loop
      vertex 18.5984 44.9005 55
      vertex 20.7792 43.9339 0
      vertex 18.5984 44.9005 0
    endloop
  endfacet
  facet normal 0.122411 0.99248 -0
    outer loop
      vertex 7.1311 48.074 0
      vertex 4.76363 48.366 55
      vertex 7.1311 48.074 55
    endloop
  endfacet
  facet normal 0.122411 0.99248 0
    outer loop
      vertex 4.76363 48.366 55
      vertex 7.1311 48.074 0
      vertex 4.76363 48.366 0
    endloop
  endfacet
  facet normal 0.914223 0.405213 0
    outer loop
      vertex 44.9005 18.5984 55
      vertex 43.9339 20.7792 0
      vertex 43.9339 20.7792 55
    endloop
  endfacet
  facet normal 0.914223 0.405213 0
    outer loop
      vertex 43.9339 20.7792 0
      vertex 44.9005 18.5984 55
      vertex 44.9005 18.5984 0
    endloop
  endfacet
  facet normal 0.893225 0.44961 0
    outer loop
      vertex 43.9339 20.7792 55
      vertex 42.8614 22.9099 0
      vertex 42.8614 22.9099 55
    endloop
  endfacet
  facet normal 0.893225 0.44961 0
    outer loop
      vertex 42.8614 22.9099 0
      vertex 43.9339 20.7792 55
      vertex 43.9339 20.7792 0
    endloop
  endfacet
  facet normal 0.963778 0.266705 0
    outer loop
      vertex 47.1435 11.8088 55
      vertex 46.5073 14.1078 0
      vertex 46.5073 14.1078 55
    endloop
  endfacet
  facet normal 0.963778 0.266705 0
    outer loop
      vertex 46.5073 14.1078 0
      vertex 47.1435 11.8088 55
      vertex 47.1435 11.8088 0
    endloop
  endfacet
  facet normal 0.817596 0.575792 0
    outer loop
      vertex 40.4094 27.0007 55
      vertex 39.0359 28.951 0
      vertex 39.0359 28.951 55
    endloop
  endfacet
  facet normal 0.817596 0.575792 0
    outer loop
      vertex 39.0359 28.951 0
      vertex 40.4094 27.0007 55
      vertex 40.4094 27.0007 0
    endloop
  endfacet
  facet normal 0.788338 0.615243 0
    outer loop
      vertex 39.0359 28.951 55
      vertex 37.5683 30.8315 0
      vertex 37.5683 30.8315 55
    endloop
  endfacet
  facet normal 0.788338 0.615243 0
    outer loop
      vertex 37.5683 30.8315 0
      vertex 39.0359 28.951 55
      vertex 39.0359 28.951 0
    endloop
  endfacet
  facet normal 0.689538 0.72425 -0
    outer loop
      vertex 34.3654 34.3654 0
      vertex 32.6378 36.0102 55
      vertex 34.3654 34.3654 55
    endloop
  endfacet
  facet normal 0.689538 0.72425 0
    outer loop
      vertex 32.6378 36.0102 55
      vertex 34.3654 34.3654 0
      vertex 32.6378 36.0102 0
    endloop
  endfacet
  facet normal -0.0735724 0.99729 0
    outer loop
      vertex -2.38469 48.5415 0
      vertex -4.76363 48.366 55
      vertex -2.38469 48.5415 55
    endloop
  endfacet
  facet normal -0.0735724 0.99729 0
    outer loop
      vertex -4.76363 48.366 55
      vertex -2.38469 48.5415 0
      vertex -4.76363 48.366 0
    endloop
  endfacet
  facet normal -0.405213 0.914223 0
    outer loop
      vertex -18.5984 44.9005 0
      vertex -20.7792 43.9339 55
      vertex -18.5984 44.9005 55
    endloop
  endfacet
  facet normal -0.405213 0.914223 0
    outer loop
      vertex -20.7792 43.9339 55
      vertex -18.5984 44.9005 0
      vertex -20.7792 43.9339 0
    endloop
  endfacet
  facet normal -0.757214 0.653167 0
    outer loop
      vertex -37.5683 30.8315 0
      vertex -36.0102 32.6378 55
      vertex -36.0102 32.6378 0
    endloop
  endfacet
  facet normal -0.757214 0.653167 0
    outer loop
      vertex -36.0102 32.6378 55
      vertex -37.5683 30.8315 0
      vertex -37.5683 30.8315 55
    endloop
  endfacet
  facet normal -0.689538 0.72425 0
    outer loop
      vertex -32.6378 36.0102 0
      vertex -34.3654 34.3654 55
      vertex -32.6378 36.0102 55
    endloop
  endfacet
  facet normal -0.689538 0.72425 0
    outer loop
      vertex -34.3654 34.3654 55
      vertex -32.6378 36.0102 0
      vertex -34.3654 34.3654 0
    endloop
  endfacet
  facet normal -0.963778 0.266705 0
    outer loop
      vertex -47.1435 11.8088 0
      vertex -46.5073 14.1078 55
      vertex -46.5073 14.1078 0
    endloop
  endfacet
  facet normal -0.963778 0.266705 0
    outer loop
      vertex -46.5073 14.1078 55
      vertex -47.1435 11.8088 0
      vertex -47.1435 11.8088 55
    endloop
  endfacet
  facet normal -0.932994 0.359892 0
    outer loop
      vertex -45.759 16.3728 0
      vertex -44.9005 18.5984 55
      vertex -44.9005 18.5984 0
    endloop
  endfacet
  facet normal -0.932994 0.359892 0
    outer loop
      vertex -44.9005 18.5984 55
      vertex -45.759 16.3728 0
      vertex -45.759 16.3728 55
    endloop
  endfacet
  facet normal -0.949523 0.313699 0
    outer loop
      vertex -46.5073 14.1078 0
      vertex -45.759 16.3728 55
      vertex -45.759 16.3728 0
    endloop
  endfacet
  facet normal -0.949523 0.313699 0
    outer loop
      vertex -45.759 16.3728 55
      vertex -46.5073 14.1078 0
      vertex -46.5073 14.1078 55
    endloop
  endfacet
  facet normal -0.985279 0.170956 0
    outer loop
      vertex -48.074 7.1311 0
      vertex -47.6662 9.48139 55
      vertex -47.6662 9.48139 0
    endloop
  endfacet
  facet normal -0.985279 0.170956 0
    outer loop
      vertex -47.6662 9.48139 55
      vertex -48.074 7.1311 0
      vertex -48.074 7.1311 55
    endloop
  endfacet
  facet normal -0.99729 0.0735724 0
    outer loop
      vertex -48.5415 2.38469 0
      vertex -48.366 4.76363 55
      vertex -48.366 4.76363 0
    endloop
  endfacet
  facet normal -0.99729 0.0735724 0
    outer loop
      vertex -48.366 4.76363 55
      vertex -48.5415 2.38469 0
      vertex -48.5415 2.38469 55
    endloop
  endfacet
  facet normal -0.999699 0.0245241 0
    outer loop
      vertex -48.6 0 0
      vertex -48.5415 2.38469 55
      vertex -48.5415 2.38469 0
    endloop
  endfacet
  facet normal -0.999699 0.0245241 0
    outer loop
      vertex -48.5415 2.38469 55
      vertex -48.6 0 0
      vertex -48.6 0 55
    endloop
  endfacet
  facet normal 0.170956 0.985279 -0
    outer loop
      vertex 9.48139 47.6662 0
      vertex 7.1311 48.074 55
      vertex 9.48139 47.6662 55
    endloop
  endfacet
  facet normal 0.170956 0.985279 0
    outer loop
      vertex 7.1311 48.074 55
      vertex 9.48139 47.6662 0
      vertex 7.1311 48.074 0
    endloop
  endfacet
  facet normal 0.844849 0.535005 0
    outer loop
      vertex 41.6856 24.9854 55
      vertex 40.4094 27.0007 0
      vertex 40.4094 27.0007 55
    endloop
  endfacet
  facet normal 0.844849 0.535005 0
    outer loop
      vertex 40.4094 27.0007 0
      vertex 41.6856 24.9854 55
      vertex 41.6856 24.9854 0
    endloop
  endfacet
  facet normal 0.615243 0.788338 -0
    outer loop
      vertex 30.8315 37.5683 0
      vertex 28.951 39.0359 55
      vertex 30.8315 37.5683 55
    endloop
  endfacet
  facet normal 0.615243 0.788338 0
    outer loop
      vertex 28.951 39.0359 55
      vertex 30.8315 37.5683 0
      vertex 28.951 39.0359 0
    endloop
  endfacet
  facet normal 0.535005 0.844849 -0
    outer loop
      vertex 27.0007 40.4094 0
      vertex 24.9854 41.6856 55
      vertex 27.0007 40.4094 55
    endloop
  endfacet
  facet normal 0.535005 0.844849 0
    outer loop
      vertex 24.9854 41.6856 55
      vertex 27.0007 40.4094 0
      vertex 24.9854 41.6856 0
    endloop
  endfacet
  facet normal 0.492912 0.870079 -0
    outer loop
      vertex 24.9854 41.6856 0
      vertex 22.9099 42.8614 55
      vertex 24.9854 41.6856 55
    endloop
  endfacet
  facet normal 0.492912 0.870079 0
    outer loop
      vertex 22.9099 42.8614 55
      vertex 24.9854 41.6856 0
      vertex 22.9099 42.8614 0
    endloop
  endfacet
  facet normal -0.122411 0.99248 0
    outer loop
      vertex -4.76363 48.366 0
      vertex -7.1311 48.074 55
      vertex -4.76363 48.366 55
    endloop
  endfacet
  facet normal -0.122411 0.99248 0
    outer loop
      vertex -7.1311 48.074 55
      vertex -4.76363 48.366 0
      vertex -7.1311 48.074 0
    endloop
  endfacet
  facet normal -0.0245241 0.999699 0
    outer loop
      vertex 0 48.6 0
      vertex -2.38469 48.5415 55
      vertex 0 48.6 55
    endloop
  endfacet
  facet normal -0.0245241 0.999699 0
    outer loop
      vertex -2.38469 48.5415 55
      vertex 0 48.6 0
      vertex -2.38469 48.5415 0
    endloop
  endfacet
  facet normal -0.44961 0.893225 0
    outer loop
      vertex -20.7792 43.9339 0
      vertex -22.9099 42.8614 55
      vertex -20.7792 43.9339 55
    endloop
  endfacet
  facet normal -0.44961 0.893225 0
    outer loop
      vertex -22.9099 42.8614 55
      vertex -20.7792 43.9339 0
      vertex -22.9099 42.8614 0
    endloop
  endfacet
  facet normal -0.575792 0.817596 0
    outer loop
      vertex -27.0007 40.4094 0
      vertex -28.951 39.0359 55
      vertex -27.0007 40.4094 55
    endloop
  endfacet
  facet normal -0.575792 0.817596 0
    outer loop
      vertex -28.951 39.0359 55
      vertex -27.0007 40.4094 0
      vertex -28.951 39.0359 0
    endloop
  endfacet
  facet normal -0.788338 0.615243 0
    outer loop
      vertex -39.0359 28.951 0
      vertex -37.5683 30.8315 55
      vertex -37.5683 30.8315 0
    endloop
  endfacet
  facet normal -0.788338 0.615243 0
    outer loop
      vertex -37.5683 30.8315 55
      vertex -39.0359 28.951 0
      vertex -39.0359 28.951 55
    endloop
  endfacet
  facet normal -0.72425 0.689538 0
    outer loop
      vertex -36.0102 32.6378 0
      vertex -34.3654 34.3654 55
      vertex -34.3654 34.3654 0
    endloop
  endfacet
  facet normal -0.72425 0.689538 0
    outer loop
      vertex -34.3654 34.3654 55
      vertex -36.0102 32.6378 0
      vertex -36.0102 32.6378 55
    endloop
  endfacet
  facet normal 0.313699 0.949523 -0
    outer loop
      vertex 16.3728 45.759 0
      vertex 14.1078 46.5073 55
      vertex 16.3728 45.759 55
    endloop
  endfacet
  facet normal 0.313699 0.949523 0
    outer loop
      vertex 14.1078 46.5073 55
      vertex 16.3728 45.759 0
      vertex 14.1078 46.5073 0
    endloop
  endfacet
  facet normal 0.653167 0.757214 -0
    outer loop
      vertex 32.6378 36.0102 0
      vertex 30.8315 37.5683 55
      vertex 32.6378 36.0102 55
    endloop
  endfacet
  facet normal 0.653167 0.757214 0
    outer loop
      vertex 30.8315 37.5683 55
      vertex 32.6378 36.0102 0
      vertex 30.8315 37.5683 0
    endloop
  endfacet
  facet normal -0.170956 0.985279 0
    outer loop
      vertex -7.1311 48.074 0
      vertex -9.48139 47.6662 55
      vertex -7.1311 48.074 55
    endloop
  endfacet
  facet normal -0.170956 0.985279 0
    outer loop
      vertex -9.48139 47.6662 55
      vertex -7.1311 48.074 0
      vertex -9.48139 47.6662 0
    endloop
  endfacet
  facet normal -0.359892 0.932994 0
    outer loop
      vertex -16.3728 45.759 0
      vertex -18.5984 44.9005 55
      vertex -16.3728 45.759 55
    endloop
  endfacet
  facet normal -0.359892 0.932994 0
    outer loop
      vertex -18.5984 44.9005 55
      vertex -16.3728 45.759 0
      vertex -18.5984 44.9005 0
    endloop
  endfacet
  facet normal -0.492912 0.870079 0
    outer loop
      vertex -22.9099 42.8614 0
      vertex -24.9854 41.6856 55
      vertex -22.9099 42.8614 55
    endloop
  endfacet
  facet normal -0.492912 0.870079 0
    outer loop
      vertex -24.9854 41.6856 55
      vertex -22.9099 42.8614 0
      vertex -24.9854 41.6856 0
    endloop
  endfacet
  facet normal -0.535005 0.844849 0
    outer loop
      vertex -24.9854 41.6856 0
      vertex -27.0007 40.4094 55
      vertex -24.9854 41.6856 55
    endloop
  endfacet
  facet normal -0.535005 0.844849 0
    outer loop
      vertex -27.0007 40.4094 55
      vertex -24.9854 41.6856 0
      vertex -27.0007 40.4094 0
    endloop
  endfacet
  facet normal -0.615243 0.788338 0
    outer loop
      vertex -28.951 39.0359 0
      vertex -30.8315 37.5683 55
      vertex -28.951 39.0359 55
    endloop
  endfacet
  facet normal -0.615243 0.788338 0
    outer loop
      vertex -30.8315 37.5683 55
      vertex -28.951 39.0359 0
      vertex -30.8315 37.5683 0
    endloop
  endfacet
  facet normal -0.653167 0.757214 0
    outer loop
      vertex -30.8315 37.5683 0
      vertex -32.6378 36.0102 55
      vertex -30.8315 37.5683 55
    endloop
  endfacet
  facet normal -0.653167 0.757214 0
    outer loop
      vertex -32.6378 36.0102 55
      vertex -30.8315 37.5683 0
      vertex -32.6378 36.0102 0
    endloop
  endfacet
  facet normal -0.266705 0.963778 0
    outer loop
      vertex -11.8088 47.1435 0
      vertex -14.1078 46.5073 55
      vertex -11.8088 47.1435 55
    endloop
  endfacet
  facet normal -0.266705 0.963778 0
    outer loop
      vertex -14.1078 46.5073 55
      vertex -11.8088 47.1435 0
      vertex -14.1078 46.5073 0
    endloop
  endfacet
  facet normal -0.893225 0.44961 0
    outer loop
      vertex -43.9339 20.7792 0
      vertex -42.8614 22.9099 55
      vertex -42.8614 22.9099 0
    endloop
  endfacet
  facet normal -0.893225 0.44961 0
    outer loop
      vertex -42.8614 22.9099 55
      vertex -43.9339 20.7792 0
      vertex -43.9339 20.7792 55
    endloop
  endfacet
  facet normal -0.817596 0.575792 0
    outer loop
      vertex -40.4094 27.0007 0
      vertex -39.0359 28.951 55
      vertex -39.0359 28.951 0
    endloop
  endfacet
  facet normal -0.817596 0.575792 0
    outer loop
      vertex -39.0359 28.951 55
      vertex -40.4094 27.0007 0
      vertex -40.4094 27.0007 55
    endloop
  endfacet
  facet normal -0.844849 0.535005 0
    outer loop
      vertex -41.6856 24.9854 0
      vertex -40.4094 27.0007 55
      vertex -40.4094 27.0007 0
    endloop
  endfacet
  facet normal -0.844849 0.535005 0
    outer loop
      vertex -40.4094 27.0007 55
      vertex -41.6856 24.9854 0
      vertex -41.6856 24.9854 55
    endloop
  endfacet
  facet normal -0.870079 0.492912 0
    outer loop
      vertex -42.8614 22.9099 0
      vertex -41.6856 24.9854 55
      vertex -41.6856 24.9854 0
    endloop
  endfacet
  facet normal -0.870079 0.492912 0
    outer loop
      vertex -41.6856 24.9854 55
      vertex -42.8614 22.9099 0
      vertex -42.8614 22.9099 55
    endloop
  endfacet
  facet normal 0.074913 0.106993 -0.991434
    outer loop
      vertex 48.6207 -34.4395 67.7074
      vertex 47.5265 -33.3889 67.7381
      vertex 48.7859 -34.2049 67.7452
    endloop
  endfacet
  facet normal 0.0749175 0.106998 -0.991433
    outer loop
      vertex 47.5265 -33.3889 67.7381
      vertex 48.6207 -34.4395 67.7074
      vertex 47.3923 -33.5794 67.7074
    endloop
  endfacet
  facet normal -0.349018 -0.49843 -0.79357
    outer loop
      vertex 47.9385 -32.8039 67.5825
      vertex 49.1836 -33.6401 67.5601
      vertex 49.1668 -33.664 67.5825
    endloop
  endfacet
  facet normal -0.349099 -0.498553 -0.793457
    outer loop
      vertex 49.1836 -33.6401 67.5601
      vertex 47.9385 -32.8039 67.5825
      vertex 47.9801 -32.7447 67.527
    endloop
  endfacet
  facet normal 0.568514 0.812034 0.131879
    outer loop
      vertex 46.8657 -34.3271 66.4094
      vertex 48.0872 -35.197 66.5
      vertex 48.09 -35.193 66.4633
    endloop
  endfacet
  facet normal 0.568607 0.812088 0.131146
    outer loop
      vertex 48.0872 -35.197 66.5
      vertex 46.8657 -34.3271 66.4094
      vertex 46.8588 -34.3369 66.5
    endloop
  endfacet
  facet normal -0.0749049 -0.106967 0.991437
    outer loop
      vertex 47.7128 -33.1243 65.2807
      vertex 48.8069 -34.175 65.25
      vertex 48.9722 -33.9404 65.2878
    endloop
  endfacet
  facet normal -0.0748957 -0.106958 0.991439
    outer loop
      vertex 48.8069 -34.175 65.25
      vertex 47.7128 -33.1243 65.2807
      vertex 47.5786 -33.3149 65.25
    endloop
  endfacet
  facet normal -0.0747114 -0.106695 -0.991481
    outer loop
      vertex 48.9722 -33.9404 67.7122
      vertex 47.7649 -33.0504 67.7074
      vertex 48.9932 -33.9105 67.7074
    endloop
  endfacet
  facet normal -0.0748497 -0.106882 -0.99145
    outer loop
      vertex 47.7649 -33.0504 67.7074
      vertex 48.9722 -33.9404 67.7122
      vertex 47.7128 -33.1243 67.7193
    endloop
  endfacet
  facet normal 0.568514 0.812034 -0.131879
    outer loop
      vertex 48.0872 -35.197 66.5
      vertex 46.8657 -34.3271 66.5906
      vertex 48.09 -35.193 66.5367
    endloop
  endfacet
  facet normal 0.568607 0.812088 -0.131146
    outer loop
      vertex 46.8657 -34.3271 66.5906
      vertex 48.0872 -35.197 66.5
      vertex 46.8588 -34.3369 66.5
    endloop
  endfacet
  facet normal -0.349099 -0.498553 0.793457
    outer loop
      vertex 47.9385 -32.8039 65.4175
      vertex 49.1836 -33.6401 65.4399
      vertex 47.9801 -32.7447 65.473
    endloop
  endfacet
  facet normal -0.349018 -0.49843 0.79357
    outer loop
      vertex 49.1836 -33.6401 65.4399
      vertex 47.9385 -32.8039 65.4175
      vertex 49.1668 -33.664 65.4175
    endloop
  endfacet
  facet normal -0.529908 -0.756817 -0.382655
    outer loop
      vertex 48.2537 -32.3562 66.9077
      vertex 49.4303 -33.2899 67.125
      vertex 48.2019 -32.4298 67.125
    endloop
  endfacet
  facet normal -0.529889 -0.756806 -0.382705
    outer loop
      vertex 49.4303 -33.2899 67.125
      vertex 48.2537 -32.3562 66.9077
      vertex 49.4941 -33.1993 66.8575
    endloop
  endfacet
  facet normal -0.568709 -0.812147 -0.130335
    outer loop
      vertex 48.2983 -32.2929 66.5
      vertex 49.5049 -33.1839 66.7871
      vertex 48.2807 -32.318 66.7332
    endloop
  endfacet
  facet normal -0.568649 -0.812148 -0.130588
    outer loop
      vertex 49.5049 -33.1839 66.7871
      vertex 48.2983 -32.2929 66.5
      vertex 49.5267 -33.153 66.5
    endloop
  endfacet
  facet normal 0.21887 0.312591 -0.924328
    outer loop
      vertex 48.601 -34.4674 67.6933
      vertex 47.3923 -33.5794 67.7074
      vertex 48.6207 -34.4395 67.7074
    endloop
  endfacet
  facet normal 0.21919 0.313024 -0.924106
    outer loop
      vertex 47.3923 -33.5794 67.7074
      vertex 48.601 -34.4674 67.6933
      vertex 47.3437 -33.6484 67.6725
    endloop
  endfacet
  facet normal -0.568641 -0.812137 -0.130691
    outer loop
      vertex 48.2807 -32.318 66.7332
      vertex 49.5022 -33.1878 66.8235
      vertex 48.2738 -32.3277 66.8235
    endloop
  endfacet
  facet normal -0.568826 -0.812243 -0.129219
    outer loop
      vertex 49.5022 -33.1878 66.8235
      vertex 48.2807 -32.318 66.7332
      vertex 49.5049 -33.1839 66.7871
    endloop
  endfacet
  facet normal -0.0749049 -0.106967 -0.991437
    outer loop
      vertex 48.8069 -34.175 67.75
      vertex 47.7128 -33.1243 67.7193
      vertex 48.9722 -33.9404 67.7122
    endloop
  endfacet
  facet normal -0.0748957 -0.106958 -0.991439
    outer loop
      vertex 47.7128 -33.1243 67.7193
      vertex 48.8069 -34.175 67.75
      vertex 47.5786 -33.3149 67.75
    endloop
  endfacet
  facet normal -0.455048 -0.649902 0.608735
    outer loop
      vertex 49.3159 -33.4523 65.6161
      vertex 48.2019 -32.4298 65.875
      vertex 48.0875 -32.5922 65.6161
    endloop
  endfacet
  facet normal -0.455048 -0.649902 0.608735
    outer loop
      vertex 48.2019 -32.4298 65.875
      vertex 49.3159 -33.4523 65.6161
      vertex 49.4303 -33.2899 65.875
    endloop
  endfacet
  facet normal -0.21953 -0.313508 0.923861
    outer loop
      vertex 47.9385 -32.8039 65.4175
      vertex 48.9932 -33.9105 65.2926
      vertex 49.1668 -33.664 65.4175
    endloop
  endfacet
  facet normal -0.21953 -0.313508 0.923861
    outer loop
      vertex 48.9932 -33.9105 65.2926
      vertex 47.9385 -32.8039 65.4175
      vertex 47.7649 -33.0504 65.2926
    endloop
  endfacet
  facet normal -0.568641 -0.812137 0.130691
    outer loop
      vertex 49.5022 -33.1878 66.1765
      vertex 48.2807 -32.318 66.2668
      vertex 48.2738 -32.3277 66.1765
    endloop
  endfacet
  facet normal -0.568826 -0.812243 0.129219
    outer loop
      vertex 48.2807 -32.318 66.2668
      vertex 49.5022 -33.1878 66.1765
      vertex 49.5049 -33.1839 66.2129
    endloop
  endfacet
  facet normal 0.0747114 0.106695 -0.991481
    outer loop
      vertex 48.7859 -34.2049 67.7452
      vertex 47.5786 -33.3149 67.75
      vertex 48.8069 -34.175 67.75
    endloop
  endfacet
  facet normal 0.0747808 0.106789 -0.991466
    outer loop
      vertex 47.5786 -33.3149 67.75
      vertex 48.7859 -34.2049 67.7452
      vertex 47.5265 -33.3889 67.7381
    endloop
  endfacet
  facet normal -0.455048 -0.649902 -0.608735
    outer loop
      vertex 48.2019 -32.4298 67.125
      vertex 49.3159 -33.4523 67.3839
      vertex 48.0875 -32.5922 67.3839
    endloop
  endfacet
  facet normal -0.455048 -0.649902 -0.608735
    outer loop
      vertex 49.3159 -33.4523 67.3839
      vertex 48.2019 -32.4298 67.125
      vertex 49.4303 -33.2899 67.125
    endloop
  endfacet
  facet normal -0.21953 -0.313508 -0.923861
    outer loop
      vertex 48.9932 -33.9105 67.7074
      vertex 47.9385 -32.8039 67.5825
      vertex 49.1668 -33.664 67.5825
    endloop
  endfacet
  facet normal -0.21953 -0.313508 -0.923861
    outer loop
      vertex 47.9385 -32.8039 67.5825
      vertex 48.9932 -33.9105 67.7074
      vertex 47.7649 -33.0504 67.7074
    endloop
  endfacet
  facet normal -0.0747114 -0.106695 0.991481
    outer loop
      vertex 47.7649 -33.0504 65.2926
      vertex 48.9722 -33.9404 65.2878
      vertex 48.9932 -33.9105 65.2926
    endloop
  endfacet
  facet normal -0.0748497 -0.106882 0.99145
    outer loop
      vertex 48.9722 -33.9404 65.2878
      vertex 47.7649 -33.0504 65.2926
      vertex 47.7128 -33.1243 65.2807
    endloop
  endfacet
  facet normal -0.349125 -0.498622 0.793403
    outer loop
      vertex 47.9801 -32.7447 65.473
      vertex 49.3159 -33.4523 65.6161
      vertex 48.0875 -32.5922 65.6161
    endloop
  endfacet
  facet normal -0.349088 -0.498538 0.793472
    outer loop
      vertex 49.3159 -33.4523 65.6161
      vertex 47.9801 -32.7447 65.473
      vertex 49.1836 -33.6401 65.4399
    endloop
  endfacet
  facet normal 0.455265 0.650212 -0.608243
    outer loop
      vertex 48.285 -34.916 67.3545
      vertex 47.0696 -34.0375 67.3839
      vertex 48.298 -34.8976 67.3839
    endloop
  endfacet
  facet normal 0.45504 0.649917 -0.608725
    outer loop
      vertex 47.0696 -34.0375 67.3839
      vertex 48.285 -34.916 67.3545
      vertex 47.0376 -34.083 67.3114
    endloop
  endfacet
  facet normal 0.529999 0.75686 -0.382443
    outer loop
      vertex 48.1117 -35.1621 66.8235
      vertex 46.9552 -34.1999 67.125
      vertex 48.1836 -35.0601 67.125
    endloop
  endfacet
  facet normal 0.529907 0.756817 -0.382658
    outer loop
      vertex 46.9552 -34.1999 67.125
      vertex 48.1117 -35.1621 66.8235
      vertex 46.8833 -34.302 66.8235
    endloop
  endfacet
  facet normal 0.568654 0.812155 -0.130528
    outer loop
      vertex 48.09 -35.193 66.5367
      vertex 46.8833 -34.302 66.8235
      vertex 48.1117 -35.1621 66.8235
    endloop
  endfacet
  facet normal 0.56866 0.812155 -0.1305
    outer loop
      vertex 46.8833 -34.302 66.8235
      vertex 48.09 -35.193 66.5367
      vertex 46.8657 -34.3271 66.5906
    endloop
  endfacet
  facet normal 0.0747114 0.106695 0.991481
    outer loop
      vertex 47.5786 -33.3149 65.25
      vertex 48.7859 -34.2049 65.2548
      vertex 48.8069 -34.175 65.25
    endloop
  endfacet
  facet normal 0.0747808 0.106789 0.991466
    outer loop
      vertex 48.7859 -34.2049 65.2548
      vertex 47.5786 -33.3149 65.25
      vertex 47.5265 -33.3889 65.2619
    endloop
  endfacet
  facet normal 0.074913 0.106993 0.991434
    outer loop
      vertex 47.5265 -33.3889 65.2619
      vertex 48.6207 -34.4395 65.2926
      vertex 48.7859 -34.2049 65.2548
    endloop
  endfacet
  facet normal 0.0749175 0.106998 0.991433
    outer loop
      vertex 48.6207 -34.4395 65.2926
      vertex 47.5265 -33.3889 65.2619
      vertex 47.3923 -33.5794 65.2926
    endloop
  endfacet
  facet normal -0.529898 -0.75682 -0.382664
    outer loop
      vertex 48.2738 -32.3277 66.8235
      vertex 49.4941 -33.1993 66.8575
      vertex 48.2537 -32.3562 66.9077
    endloop
  endfacet
  facet normal -0.529995 -0.756942 -0.382288
    outer loop
      vertex 49.4941 -33.1993 66.8575
      vertex 48.2738 -32.3277 66.8235
      vertex 49.5022 -33.1878 66.8235
    endloop
  endfacet
  facet normal -0.568709 -0.812147 0.130335
    outer loop
      vertex 49.5049 -33.1839 66.2129
      vertex 48.2983 -32.2929 66.5
      vertex 48.2807 -32.318 66.2668
    endloop
  endfacet
  facet normal -0.568649 -0.812148 0.130588
    outer loop
      vertex 48.2983 -32.2929 66.5
      vertex 49.5049 -33.1839 66.2129
      vertex 49.5267 -33.153 66.5
    endloop
  endfacet
  facet normal -0.529995 -0.756942 0.382288
    outer loop
      vertex 48.2738 -32.3277 66.1765
      vertex 49.4941 -33.1993 66.1425
      vertex 49.5022 -33.1878 66.1765
    endloop
  endfacet
  facet normal -0.529898 -0.75682 0.382664
    outer loop
      vertex 49.4941 -33.1993 66.1425
      vertex 48.2738 -32.3277 66.1765
      vertex 48.2537 -32.3562 66.0923
    endloop
  endfacet
  facet normal -0.529908 -0.756817 0.382655
    outer loop
      vertex 49.4303 -33.2899 65.875
      vertex 48.2537 -32.3562 66.0923
      vertex 48.2019 -32.4298 65.875
    endloop
  endfacet
  facet normal -0.529889 -0.756806 0.382705
    outer loop
      vertex 48.2537 -32.3562 66.0923
      vertex 49.4303 -33.2899 65.875
      vertex 49.4941 -33.1993 66.1425
    endloop
  endfacet
  facet normal 0.219589 0.313643 -0.923801
    outer loop
      vertex 48.4471 -34.686 67.5825
      vertex 47.3437 -33.6484 67.6725
      vertex 48.601 -34.4674 67.6933
    endloop
  endfacet
  facet normal 0.21965 0.313705 -0.923766
    outer loop
      vertex 47.3437 -33.6484 67.6725
      vertex 48.4471 -34.686 67.5825
      vertex 47.2187 -33.8259 67.5825
    endloop
  endfacet
  facet normal 0.349153 0.498677 -0.793356
    outer loop
      vertex 47.1114 -33.9783 67.4395
      vertex 48.4471 -34.686 67.5825
      vertex 48.3149 -34.8736 67.4064
    endloop
  endfacet
  facet normal 0.349135 0.498637 -0.793388
    outer loop
      vertex 48.4471 -34.686 67.5825
      vertex 47.1114 -33.9783 67.4395
      vertex 47.2187 -33.8259 67.5825
    endloop
  endfacet
  facet normal 0.348933 0.498348 -0.793659
    outer loop
      vertex 47.0696 -34.0375 67.3839
      vertex 48.3149 -34.8736 67.4064
      vertex 48.298 -34.8976 67.3839
    endloop
  endfacet
  facet normal 0.349123 0.498638 -0.793394
    outer loop
      vertex 48.3149 -34.8736 67.4064
      vertex 47.0696 -34.0375 67.3839
      vertex 47.1114 -33.9783 67.4395
    endloop
  endfacet
  facet normal 0.455082 0.649875 0.60874
    outer loop
      vertex 48.1836 -35.0601 65.875
      vertex 47.0376 -34.083 65.6886
      vertex 46.9552 -34.1999 65.875
    endloop
  endfacet
  facet normal 0.454939 0.649752 0.608977
    outer loop
      vertex 47.0376 -34.083 65.6886
      vertex 48.1836 -35.0601 65.875
      vertex 48.285 -34.916 65.6455
    endloop
  endfacet
  facet normal 0.21887 0.312591 0.924328
    outer loop
      vertex 47.3923 -33.5794 65.2926
      vertex 48.601 -34.4674 65.3067
      vertex 48.6207 -34.4395 65.2926
    endloop
  endfacet
  facet normal 0.21919 0.313024 0.924106
    outer loop
      vertex 48.601 -34.4674 65.3067
      vertex 47.3923 -33.5794 65.2926
      vertex 47.3437 -33.6484 65.3275
    endloop
  endfacet
  facet normal -0.349088 -0.498538 -0.793472
    outer loop
      vertex 47.9801 -32.7447 67.527
      vertex 49.3159 -33.4523 67.3839
      vertex 49.1836 -33.6401 67.5601
    endloop
  endfacet
  facet normal -0.349125 -0.498622 -0.793403
    outer loop
      vertex 49.3159 -33.4523 67.3839
      vertex 47.9801 -32.7447 67.527
      vertex 48.0875 -32.5922 67.3839
    endloop
  endfacet
  facet normal 0.454939 0.649752 -0.608977
    outer loop
      vertex 48.1836 -35.0601 67.125
      vertex 47.0376 -34.083 67.3114
      vertex 48.285 -34.916 67.3545
    endloop
  endfacet
  facet normal 0.455082 0.649875 -0.60874
    outer loop
      vertex 47.0376 -34.083 67.3114
      vertex 48.1836 -35.0601 67.125
      vertex 46.9552 -34.1999 67.125
    endloop
  endfacet
  facet normal 0.349135 0.498637 0.793388
    outer loop
      vertex 47.1114 -33.9783 65.5605
      vertex 48.4471 -34.686 65.4175
      vertex 47.2187 -33.8259 65.4175
    endloop
  endfacet
  facet normal 0.349153 0.498677 0.793356
    outer loop
      vertex 48.4471 -34.686 65.4175
      vertex 47.1114 -33.9783 65.5605
      vertex 48.3149 -34.8736 65.5936
    endloop
  endfacet
  facet normal 0.219589 0.313643 0.923801
    outer loop
      vertex 47.3437 -33.6484 65.3275
      vertex 48.4471 -34.686 65.4175
      vertex 48.601 -34.4674 65.3067
    endloop
  endfacet
  facet normal 0.21965 0.313705 0.923766
    outer loop
      vertex 48.4471 -34.686 65.4175
      vertex 47.3437 -33.6484 65.3275
      vertex 47.2187 -33.8259 65.4175
    endloop
  endfacet
  facet normal 0.568654 0.812155 0.130528
    outer loop
      vertex 46.8833 -34.302 66.1765
      vertex 48.09 -35.193 66.4633
      vertex 48.1117 -35.1621 66.1765
    endloop
  endfacet
  facet normal 0.56866 0.812155 0.1305
    outer loop
      vertex 48.09 -35.193 66.4633
      vertex 46.8833 -34.302 66.1765
      vertex 46.8657 -34.3271 66.4094
    endloop
  endfacet
  facet normal 0.529999 0.75686 0.382443
    outer loop
      vertex 46.9552 -34.1999 65.875
      vertex 48.1117 -35.1621 66.1765
      vertex 48.1836 -35.0601 65.875
    endloop
  endfacet
  facet normal 0.529907 0.756817 0.382658
    outer loop
      vertex 48.1117 -35.1621 66.1765
      vertex 46.9552 -34.1999 65.875
      vertex 46.8833 -34.302 66.1765
    endloop
  endfacet
  facet normal 0.349123 0.498638 0.793394
    outer loop
      vertex 47.0696 -34.0375 65.6161
      vertex 48.3149 -34.8736 65.5936
      vertex 47.1114 -33.9783 65.5605
    endloop
  endfacet
  facet normal 0.348933 0.498348 0.793659
    outer loop
      vertex 48.3149 -34.8736 65.5936
      vertex 47.0696 -34.0375 65.6161
      vertex 48.298 -34.8976 65.6161
    endloop
  endfacet
  facet normal 0.455265 0.650212 0.608243
    outer loop
      vertex 47.0696 -34.0375 65.6161
      vertex 48.285 -34.916 65.6455
      vertex 48.298 -34.8976 65.6161
    endloop
  endfacet
  facet normal 0.45504 0.649917 0.608725
    outer loop
      vertex 48.285 -34.916 65.6455
      vertex 47.0696 -34.0375 65.6161
      vertex 47.0376 -34.083 65.6886
    endloop
  endfacet
  facet normal 0.0748497 -0.106882 -0.99145
    outer loop
      vertex -48.9722 -33.9404 67.7122
      vertex -47.7649 -33.0504 67.7074
      vertex -47.7128 -33.1243 67.7193
    endloop
  endfacet
  facet normal 0.0747114 -0.106695 -0.991481
    outer loop
      vertex -47.7649 -33.0504 67.7074
      vertex -48.9722 -33.9404 67.7122
      vertex -48.9932 -33.9105 67.7074
    endloop
  endfacet
  facet normal 0.0748957 -0.106958 0.991439
    outer loop
      vertex -47.7128 -33.1243 65.2807
      vertex -48.8069 -34.175 65.25
      vertex -47.5786 -33.3149 65.25
    endloop
  endfacet
  facet normal 0.0749049 -0.106967 0.991437
    outer loop
      vertex -48.8069 -34.175 65.25
      vertex -47.7128 -33.1243 65.2807
      vertex -48.9722 -33.9404 65.2878
    endloop
  endfacet
  facet normal 0.0748957 -0.106958 -0.991439
    outer loop
      vertex -48.8069 -34.175 67.75
      vertex -47.7128 -33.1243 67.7193
      vertex -47.5786 -33.3149 67.75
    endloop
  endfacet
  facet normal 0.0749049 -0.106967 -0.991437
    outer loop
      vertex -47.7128 -33.1243 67.7193
      vertex -48.8069 -34.175 67.75
      vertex -48.9722 -33.9404 67.7122
    endloop
  endfacet
  facet normal 0.21953 -0.313508 -0.923861
    outer loop
      vertex -48.9932 -33.9105 67.7074
      vertex -47.9385 -32.8039 67.5825
      vertex -47.7649 -33.0504 67.7074
    endloop
  endfacet
  facet normal 0.21953 -0.313508 -0.923861
    outer loop
      vertex -47.9385 -32.8039 67.5825
      vertex -48.9932 -33.9105 67.7074
      vertex -49.1668 -33.664 67.5825
    endloop
  endfacet
  facet normal -0.349153 0.498677 -0.793356
    outer loop
      vertex -48.4471 -34.686 67.5825
      vertex -47.1114 -33.9783 67.4395
      vertex -48.3149 -34.8736 67.4064
    endloop
  endfacet
  facet normal -0.349135 0.498637 -0.793388
    outer loop
      vertex -47.1114 -33.9783 67.4395
      vertex -48.4471 -34.686 67.5825
      vertex -47.2187 -33.8259 67.5825
    endloop
  endfacet
  facet normal -0.0749175 0.106998 -0.991433
    outer loop
      vertex -48.6207 -34.4395 67.7074
      vertex -47.5265 -33.3889 67.7381
      vertex -47.3923 -33.5794 67.7074
    endloop
  endfacet
  facet normal -0.074913 0.106993 -0.991434
    outer loop
      vertex -47.5265 -33.3889 67.7381
      vertex -48.6207 -34.4395 67.7074
      vertex -48.7859 -34.2049 67.7452
    endloop
  endfacet
  facet normal -0.0747808 0.106789 0.991466
    outer loop
      vertex -47.5786 -33.3149 65.25
      vertex -48.7859 -34.2049 65.2548
      vertex -47.5265 -33.3889 65.2619
    endloop
  endfacet
  facet normal -0.0747114 0.106695 0.991481
    outer loop
      vertex -48.7859 -34.2049 65.2548
      vertex -47.5786 -33.3149 65.25
      vertex -48.8069 -34.175 65.25
    endloop
  endfacet
  facet normal 0.568649 -0.812148 0.130588
    outer loop
      vertex -49.5049 -33.1839 66.2129
      vertex -48.2983 -32.2929 66.5
      vertex -49.5267 -33.153 66.5
    endloop
  endfacet
  facet normal 0.568709 -0.812147 0.130335
    outer loop
      vertex -48.2983 -32.2929 66.5
      vertex -49.5049 -33.1839 66.2129
      vertex -48.2807 -32.318 66.2668
    endloop
  endfacet
  facet normal -0.568607 0.812088 -0.131146
    outer loop
      vertex -48.0872 -35.197 66.5
      vertex -46.8657 -34.3271 66.5906
      vertex -46.8588 -34.3369 66.5
    endloop
  endfacet
  facet normal -0.568514 0.812034 -0.131879
    outer loop
      vertex -46.8657 -34.3271 66.5906
      vertex -48.0872 -35.197 66.5
      vertex -48.09 -35.193 66.5367
    endloop
  endfacet
  facet normal -0.529907 0.756817 0.382658
    outer loop
      vertex -46.9552 -34.1999 65.875
      vertex -48.1117 -35.1621 66.1765
      vertex -46.8833 -34.302 66.1765
    endloop
  endfacet
  facet normal -0.529999 0.75686 0.382443
    outer loop
      vertex -48.1117 -35.1621 66.1765
      vertex -46.9552 -34.1999 65.875
      vertex -48.1836 -35.0601 65.875
    endloop
  endfacet
  facet normal 0.349099 -0.498553 0.793457
    outer loop
      vertex -49.1836 -33.6401 65.4399
      vertex -47.9385 -32.8039 65.4175
      vertex -47.9801 -32.7447 65.473
    endloop
  endfacet
  facet normal 0.349018 -0.49843 0.79357
    outer loop
      vertex -47.9385 -32.8039 65.4175
      vertex -49.1836 -33.6401 65.4399
      vertex -49.1668 -33.664 65.4175
    endloop
  endfacet
  facet normal 0.529889 -0.756806 0.382705
    outer loop
      vertex -49.4303 -33.2899 65.875
      vertex -48.2537 -32.3562 66.0923
      vertex -49.4941 -33.1993 66.1425
    endloop
  endfacet
  facet normal 0.529908 -0.756817 0.382655
    outer loop
      vertex -48.2537 -32.3562 66.0923
      vertex -49.4303 -33.2899 65.875
      vertex -48.2019 -32.4298 65.875
    endloop
  endfacet
  facet normal -0.455082 0.649875 -0.60874
    outer loop
      vertex -48.1836 -35.0601 67.125
      vertex -47.0376 -34.083 67.3114
      vertex -46.9552 -34.1999 67.125
    endloop
  endfacet
  facet normal -0.454939 0.649752 -0.608977
    outer loop
      vertex -47.0376 -34.083 67.3114
      vertex -48.1836 -35.0601 67.125
      vertex -48.285 -34.916 67.3545
    endloop
  endfacet
  facet normal -0.21919 0.313024 -0.924106
    outer loop
      vertex -48.601 -34.4674 67.6933
      vertex -47.3923 -33.5794 67.7074
      vertex -47.3437 -33.6484 67.6725
    endloop
  endfacet
  facet normal -0.21887 0.312591 -0.924328
    outer loop
      vertex -47.3923 -33.5794 67.7074
      vertex -48.601 -34.4674 67.6933
      vertex -48.6207 -34.4395 67.7074
    endloop
  endfacet
  facet normal 0.568649 -0.812148 -0.130588
    outer loop
      vertex -48.2983 -32.2929 66.5
      vertex -49.5049 -33.1839 66.7871
      vertex -49.5267 -33.153 66.5
    endloop
  endfacet
  facet normal 0.568709 -0.812147 -0.130335
    outer loop
      vertex -49.5049 -33.1839 66.7871
      vertex -48.2983 -32.2929 66.5
      vertex -48.2807 -32.318 66.7332
    endloop
  endfacet
  facet normal -0.348933 0.498348 -0.793659
    outer loop
      vertex -48.3149 -34.8736 67.4064
      vertex -47.0696 -34.0375 67.3839
      vertex -48.298 -34.8976 67.3839
    endloop
  endfacet
  facet normal -0.349123 0.498638 -0.793394
    outer loop
      vertex -47.0696 -34.0375 67.3839
      vertex -48.3149 -34.8736 67.4064
      vertex -47.1114 -33.9783 67.4395
    endloop
  endfacet
  facet normal -0.56866 0.812155 0.1305
    outer loop
      vertex -46.8833 -34.302 66.1765
      vertex -48.09 -35.193 66.4633
      vertex -46.8657 -34.3271 66.4094
    endloop
  endfacet
  facet normal -0.568654 0.812155 0.130528
    outer loop
      vertex -48.09 -35.193 66.4633
      vertex -46.8833 -34.302 66.1765
      vertex -48.1117 -35.1621 66.1765
    endloop
  endfacet
  facet normal -0.0749175 0.106998 0.991433
    outer loop
      vertex -47.5265 -33.3889 65.2619
      vertex -48.6207 -34.4395 65.2926
      vertex -47.3923 -33.5794 65.2926
    endloop
  endfacet
  facet normal -0.074913 0.106993 0.991434
    outer loop
      vertex -48.6207 -34.4395 65.2926
      vertex -47.5265 -33.3889 65.2619
      vertex -48.7859 -34.2049 65.2548
    endloop
  endfacet
  facet normal 0.455048 -0.649902 0.608735
    outer loop
      vertex -49.3159 -33.4523 65.6161
      vertex -48.2019 -32.4298 65.875
      vertex -49.4303 -33.2899 65.875
    endloop
  endfacet
  facet normal 0.455048 -0.649902 0.608735
    outer loop
      vertex -48.2019 -32.4298 65.875
      vertex -49.3159 -33.4523 65.6161
      vertex -48.0875 -32.5922 65.6161
    endloop
  endfacet
  facet normal 0.0748497 -0.106882 0.99145
    outer loop
      vertex -47.7649 -33.0504 65.2926
      vertex -48.9722 -33.9404 65.2878
      vertex -47.7128 -33.1243 65.2807
    endloop
  endfacet
  facet normal 0.0747114 -0.106695 0.991481
    outer loop
      vertex -48.9722 -33.9404 65.2878
      vertex -47.7649 -33.0504 65.2926
      vertex -48.9932 -33.9105 65.2926
    endloop
  endfacet
  facet normal -0.529907 0.756817 -0.382658
    outer loop
      vertex -48.1117 -35.1621 66.8235
      vertex -46.9552 -34.1999 67.125
      vertex -46.8833 -34.302 66.8235
    endloop
  endfacet
  facet normal -0.529999 0.75686 -0.382443
    outer loop
      vertex -46.9552 -34.1999 67.125
      vertex -48.1117 -35.1621 66.8235
      vertex -48.1836 -35.0601 67.125
    endloop
  endfacet
  facet normal 0.529995 -0.756942 -0.382288
    outer loop
      vertex -48.2738 -32.3277 66.8235
      vertex -49.4941 -33.1993 66.8575
      vertex -49.5022 -33.1878 66.8235
    endloop
  endfacet
  facet normal 0.529898 -0.75682 -0.382664
    outer loop
      vertex -49.4941 -33.1993 66.8575
      vertex -48.2738 -32.3277 66.8235
      vertex -48.2537 -32.3562 66.9077
    endloop
  endfacet
  facet normal 0.349088 -0.498538 -0.793472
    outer loop
      vertex -49.3159 -33.4523 67.3839
      vertex -47.9801 -32.7447 67.527
      vertex -49.1836 -33.6401 67.5601
    endloop
  endfacet
  facet normal 0.349125 -0.498622 -0.793403
    outer loop
      vertex -47.9801 -32.7447 67.527
      vertex -49.3159 -33.4523 67.3839
      vertex -48.0875 -32.5922 67.3839
    endloop
  endfacet
  facet normal 0.349018 -0.49843 -0.79357
    outer loop
      vertex -49.1836 -33.6401 67.5601
      vertex -47.9385 -32.8039 67.5825
      vertex -49.1668 -33.664 67.5825
    endloop
  endfacet
  facet normal 0.349099 -0.498553 -0.793457
    outer loop
      vertex -47.9385 -32.8039 67.5825
      vertex -49.1836 -33.6401 67.5601
      vertex -47.9801 -32.7447 67.527
    endloop
  endfacet
  facet normal 0.568826 -0.812243 -0.129219
    outer loop
      vertex -48.2807 -32.318 66.7332
      vertex -49.5022 -33.1878 66.8235
      vertex -49.5049 -33.1839 66.7871
    endloop
  endfacet
  facet normal 0.568641 -0.812137 -0.130691
    outer loop
      vertex -49.5022 -33.1878 66.8235
      vertex -48.2807 -32.318 66.7332
      vertex -48.2738 -32.3277 66.8235
    endloop
  endfacet
  facet normal -0.21965 0.313705 -0.923766
    outer loop
      vertex -48.4471 -34.686 67.5825
      vertex -47.3437 -33.6484 67.6725
      vertex -47.2187 -33.8259 67.5825
    endloop
  endfacet
  facet normal -0.219589 0.313643 -0.923801
    outer loop
      vertex -47.3437 -33.6484 67.6725
      vertex -48.4471 -34.686 67.5825
      vertex -48.601 -34.4674 67.6933
    endloop
  endfacet
  facet normal -0.0747808 0.106789 -0.991466
    outer loop
      vertex -48.7859 -34.2049 67.7452
      vertex -47.5786 -33.3149 67.75
      vertex -47.5265 -33.3889 67.7381
    endloop
  endfacet
  facet normal -0.0747114 0.106695 -0.991481
    outer loop
      vertex -47.5786 -33.3149 67.75
      vertex -48.7859 -34.2049 67.7452
      vertex -48.8069 -34.175 67.75
    endloop
  endfacet
  facet normal -0.455265 0.650212 -0.608243
    outer loop
      vertex -47.0696 -34.0375 67.3839
      vertex -48.285 -34.916 67.3545
      vertex -48.298 -34.8976 67.3839
    endloop
  endfacet
  facet normal -0.45504 0.649917 -0.608725
    outer loop
      vertex -48.285 -34.916 67.3545
      vertex -47.0696 -34.0375 67.3839
      vertex -47.0376 -34.083 67.3114
    endloop
  endfacet
  facet normal -0.21919 0.313024 0.924106
    outer loop
      vertex -47.3923 -33.5794 65.2926
      vertex -48.601 -34.4674 65.3067
      vertex -47.3437 -33.6484 65.3275
    endloop
  endfacet
  facet normal -0.21887 0.312591 0.924328
    outer loop
      vertex -48.601 -34.4674 65.3067
      vertex -47.3923 -33.5794 65.2926
      vertex -48.6207 -34.4395 65.2926
    endloop
  endfacet
  facet normal -0.21965 0.313705 0.923766
    outer loop
      vertex -47.3437 -33.6484 65.3275
      vertex -48.4471 -34.686 65.4175
      vertex -47.2187 -33.8259 65.4175
    endloop
  endfacet
  facet normal -0.219589 0.313643 0.923801
    outer loop
      vertex -48.4471 -34.686 65.4175
      vertex -47.3437 -33.6484 65.3275
      vertex -48.601 -34.4674 65.3067
    endloop
  endfacet
  facet normal -0.349135 0.498637 0.793388
    outer loop
      vertex -48.4471 -34.686 65.4175
      vertex -47.1114 -33.9783 65.5605
      vertex -47.2187 -33.8259 65.4175
    endloop
  endfacet
  facet normal -0.349153 0.498677 0.793356
    outer loop
      vertex -47.1114 -33.9783 65.5605
      vertex -48.4471 -34.686 65.4175
      vertex -48.3149 -34.8736 65.5936
    endloop
  endfacet
  facet normal -0.455082 0.649875 0.60874
    outer loop
      vertex -47.0376 -34.083 65.6886
      vertex -48.1836 -35.0601 65.875
      vertex -46.9552 -34.1999 65.875
    endloop
  endfacet
  facet normal -0.454939 0.649752 0.608977
    outer loop
      vertex -48.1836 -35.0601 65.875
      vertex -47.0376 -34.083 65.6886
      vertex -48.285 -34.916 65.6455
    endloop
  endfacet
  facet normal 0.21953 -0.313508 0.923861
    outer loop
      vertex -47.9385 -32.8039 65.4175
      vertex -48.9932 -33.9105 65.2926
      vertex -47.7649 -33.0504 65.2926
    endloop
  endfacet
  facet normal 0.21953 -0.313508 0.923861
    outer loop
      vertex -48.9932 -33.9105 65.2926
      vertex -47.9385 -32.8039 65.4175
      vertex -49.1668 -33.664 65.4175
    endloop
  endfacet
  facet normal 0.529995 -0.756942 0.382288
    outer loop
      vertex -49.4941 -33.1993 66.1425
      vertex -48.2738 -32.3277 66.1765
      vertex -49.5022 -33.1878 66.1765
    endloop
  endfacet
  facet normal 0.529898 -0.75682 0.382664
    outer loop
      vertex -48.2738 -32.3277 66.1765
      vertex -49.4941 -33.1993 66.1425
      vertex -48.2537 -32.3562 66.0923
    endloop
  endfacet
  facet normal 0.568826 -0.812243 0.129219
    outer loop
      vertex -49.5022 -33.1878 66.1765
      vertex -48.2807 -32.318 66.2668
      vertex -49.5049 -33.1839 66.2129
    endloop
  endfacet
  facet normal 0.568641 -0.812137 0.130691
    outer loop
      vertex -48.2807 -32.318 66.2668
      vertex -49.5022 -33.1878 66.1765
      vertex -48.2738 -32.3277 66.1765
    endloop
  endfacet
  facet normal -0.56866 0.812155 -0.1305
    outer loop
      vertex -48.09 -35.193 66.5367
      vertex -46.8833 -34.302 66.8235
      vertex -46.8657 -34.3271 66.5906
    endloop
  endfacet
  facet normal -0.568654 0.812155 -0.130528
    outer loop
      vertex -46.8833 -34.302 66.8235
      vertex -48.09 -35.193 66.5367
      vertex -48.1117 -35.1621 66.8235
    endloop
  endfacet
  facet normal 0.529908 -0.756817 -0.382655
    outer loop
      vertex -49.4303 -33.2899 67.125
      vertex -48.2537 -32.3562 66.9077
      vertex -48.2019 -32.4298 67.125
    endloop
  endfacet
  facet normal 0.529889 -0.756806 -0.382705
    outer loop
      vertex -48.2537 -32.3562 66.9077
      vertex -49.4303 -33.2899 67.125
      vertex -49.4941 -33.1993 66.8575
    endloop
  endfacet
  facet normal -0.349123 0.498638 0.793394
    outer loop
      vertex -48.3149 -34.8736 65.5936
      vertex -47.0696 -34.0375 65.6161
      vertex -47.1114 -33.9783 65.5605
    endloop
  endfacet
  facet normal -0.348933 0.498348 0.793659
    outer loop
      vertex -47.0696 -34.0375 65.6161
      vertex -48.3149 -34.8736 65.5936
      vertex -48.298 -34.8976 65.6161
    endloop
  endfacet
  facet normal 0.349125 -0.498622 0.793403
    outer loop
      vertex -49.3159 -33.4523 65.6161
      vertex -47.9801 -32.7447 65.473
      vertex -48.0875 -32.5922 65.6161
    endloop
  endfacet
  facet normal 0.349088 -0.498538 0.793472
    outer loop
      vertex -47.9801 -32.7447 65.473
      vertex -49.3159 -33.4523 65.6161
      vertex -49.1836 -33.6401 65.4399
    endloop
  endfacet
  facet normal 0.455048 -0.649902 -0.608735
    outer loop
      vertex -48.2019 -32.4298 67.125
      vertex -49.3159 -33.4523 67.3839
      vertex -49.4303 -33.2899 67.125
    endloop
  endfacet
  facet normal 0.455048 -0.649902 -0.608735
    outer loop
      vertex -49.3159 -33.4523 67.3839
      vertex -48.2019 -32.4298 67.125
      vertex -48.0875 -32.5922 67.3839
    endloop
  endfacet
  facet normal -0.568607 0.812088 0.131146
    outer loop
      vertex -46.8657 -34.3271 66.4094
      vertex -48.0872 -35.197 66.5
      vertex -46.8588 -34.3369 66.5
    endloop
  endfacet
  facet normal -0.568514 0.812034 0.131879
    outer loop
      vertex -48.0872 -35.197 66.5
      vertex -46.8657 -34.3271 66.4094
      vertex -48.09 -35.193 66.4633
    endloop
  endfacet
  facet normal -0.45504 0.649917 0.608725
    outer loop
      vertex -47.0696 -34.0375 65.6161
      vertex -48.285 -34.916 65.6455
      vertex -47.0376 -34.083 65.6886
    endloop
  endfacet
  facet normal -0.455265 0.650212 0.608243
    outer loop
      vertex -48.285 -34.916 65.6455
      vertex -47.0696 -34.0375 65.6161
      vertex -48.298 -34.8976 65.6161
    endloop
  endfacet
  facet normal -0.130038 -0.0113769 -0.991444
    outer loop
      vertex -4.97258 57.8735 67.7381
      vertex -4.87072 59.3846 67.7074
      vertex -4.74002 57.8907 67.7074
    endloop
  endfacet
  facet normal -0.130034 -0.0113772 -0.991444
    outer loop
      vertex -4.87072 59.3846 67.7074
      vertex -4.97258 57.8735 67.7381
      vertex -5.15708 59.3635 67.7452
    endloop
  endfacet
  facet normal -0.130096 -0.0113849 -0.991436
    outer loop
      vertex -5.06269 57.8669 67.75
      vertex -5.15708 59.3635 67.7452
      vertex -4.97258 57.8735 67.7381
    endloop
  endfacet
  facet normal -0.130179 -0.0113901 -0.991425
    outer loop
      vertex -5.15708 59.3635 67.7452
      vertex -5.06269 57.8669 67.75
      vertex -5.1934 59.3608 67.75
    endloop
  endfacet
  facet normal -0.381296 -0.0333595 -0.923851
    outer loop
      vertex -4.74002 57.8907 67.7074
      vertex -4.57004 59.4068 67.5825
      vertex -4.43933 57.9128 67.5825
    endloop
  endfacet
  facet normal -0.381297 -0.0333593 -0.923851
    outer loop
      vertex -4.57004 59.4068 67.5825
      vertex -4.74002 57.8907 67.7074
      vertex -4.87072 59.3846 67.7074
    endloop
  endfacet
  facet normal 0.129945 0.0113697 0.991456
    outer loop
      vertex -5.1934 59.3608 65.25
      vertex -5.29542 57.8497 65.2807
      vertex -5.06269 57.8669 65.25
    endloop
  endfacet
  facet normal 0.129963 0.0113684 0.991454
    outer loop
      vertex -5.29542 57.8497 65.2807
      vertex -5.1934 59.3608 65.25
      vertex -5.47992 59.3397 65.2878
    endloop
  endfacet
  facet normal -0.987675 -0.0864105 0.130505
    outer loop
      vertex -3.98915 59.4497 66.1765
      vertex -3.8279 57.9579 66.4091
      vertex -3.95153 59.4524 66.463
    endloop
  endfacet
  facet normal -0.987671 -0.0864047 0.130539
    outer loop
      vertex -3.8279 57.9579 66.4091
      vertex -3.98915 59.4497 66.1765
      vertex -3.85845 57.9557 66.1765
    endloop
  endfacet
  facet normal -0.130096 -0.0113849 0.991436
    outer loop
      vertex -5.15708 59.3635 65.2548
      vertex -5.06269 57.8669 65.25
      vertex -4.97258 57.8735 65.2619
    endloop
  endfacet
  facet normal -0.130179 -0.0113901 0.991425
    outer loop
      vertex -5.06269 57.8669 65.25
      vertex -5.15708 59.3635 65.2548
      vertex -5.1934 59.3608 65.25
    endloop
  endfacet
  facet normal -0.920378 -0.0805177 0.382649
    outer loop
      vertex -4.09948 59.4415 65.9094
      vertex -3.85845 57.9557 66.1765
      vertex -3.98915 59.4497 66.1765
    endloop
  endfacet
  facet normal -0.920361 -0.0805068 0.382694
    outer loop
      vertex -3.85845 57.9557 66.1765
      vertex -4.09948 59.4415 65.9094
      vertex -3.94802 57.9491 65.9597
    endloop
  endfacet
  facet normal 0.920404 0.0805319 -0.382584
    outer loop
      vertex -6.1752 57.761 67.0406
      vertex -6.39526 59.2447 66.8235
      vertex -6.2853 59.2583 67.0909
    endloop
  endfacet
  facet normal 0.920389 0.080524 -0.382622
    outer loop
      vertex -6.39526 59.2447 66.8235
      vertex -6.1752 57.761 67.0406
      vertex -6.26449 57.75 66.8235
    endloop
  endfacet
  facet normal 0.987675 0.0864074 -0.130504
    outer loop
      vertex -6.29492 57.7462 66.5908
      vertex -6.43756 59.2395 66.5
      vertex -6.43275 59.2401 66.5368
    endloop
  endfacet
  facet normal 0.987682 0.0864115 -0.130449
    outer loop
      vertex -6.43756 59.2395 66.5
      vertex -6.29492 57.7462 66.5908
      vertex -6.30679 57.7448 66.5
    endloop
  endfacet
  facet normal 0.790337 0.0691465 -0.608758
    outer loop
      vertex -5.94319 57.7896 67.3839
      vertex -6.24893 59.2628 67.1543
      vertex -6.07397 59.2844 67.3839
    endloop
  endfacet
  facet normal 0.790378 0.0691637 -0.608703
    outer loop
      vertex -6.24893 59.2628 67.1543
      vertex -5.94319 57.7896 67.3839
      vertex -6.08529 57.7721 67.1974
    endloop
  endfacet
  facet normal 0.790337 0.0691465 0.608758
    outer loop
      vertex -6.24893 59.2628 65.8457
      vertex -5.94319 57.7896 65.6161
      vertex -6.07397 59.2844 65.6161
    endloop
  endfacet
  facet normal 0.790378 0.0691637 0.608703
    outer loop
      vertex -5.94319 57.7896 65.6161
      vertex -6.24893 59.2628 65.8457
      vertex -6.08529 57.7721 65.8026
    endloop
  endfacet
  facet normal 0.79038 0.069164 0.608701
    outer loop
      vertex -6.27125 59.26 65.875
      vertex -6.08529 57.7721 65.8026
      vertex -6.24893 59.2628 65.8457
    endloop
  endfacet
  facet normal 0.790291 0.0691471 0.608818
    outer loop
      vertex -6.08529 57.7721 65.8026
      vertex -6.27125 59.26 65.875
      vertex -6.14047 57.7653 65.875
    endloop
  endfacet
  facet normal -0.987654 -0.0864098 0.130664
    outer loop
      vertex -3.95153 59.4524 66.463
      vertex -3.81596 57.9588 66.5
      vertex -3.94667 59.4528 66.5
    endloop
  endfacet
  facet normal -0.987664 -0.0864126 0.130588
    outer loop
      vertex -3.81596 57.9588 66.5
      vertex -3.95153 59.4524 66.463
      vertex -3.8279 57.9579 66.4091
    endloop
  endfacet
  facet normal -0.790353 -0.0691479 0.608737
    outer loop
      vertex -4.31183 59.4259 65.6161
      vertex -3.98299 57.9465 65.875
      vertex -4.1137 59.4405 65.875
    endloop
  endfacet
  facet normal -0.790353 -0.0691479 0.608737
    outer loop
      vertex -3.98299 57.9465 65.875
      vertex -4.31183 59.4259 65.6161
      vertex -4.18112 57.9319 65.6161
    endloop
  endfacet
  facet normal 0.38123 0.0333546 0.923878
    outer loop
      vertex -5.54974 59.3346 65.3066
      vertex -5.68606 57.8209 65.4175
      vertex -5.46911 57.8369 65.3274
    endloop
  endfacet
  facet normal 0.381246 0.0333527 0.923872
    outer loop
      vertex -5.68606 57.8209 65.4175
      vertex -5.54974 59.3346 65.3066
      vertex -5.81676 59.3149 65.4175
    endloop
  endfacet
  facet normal -0.606339 -0.0530486 -0.793435
    outer loop
      vertex -4.43933 57.9128 67.5825
      vertex -4.31183 59.4259 67.3839
      vertex -4.18112 57.9319 67.3839
    endloop
  endfacet
  facet normal -0.606339 -0.0530486 -0.793435
    outer loop
      vertex -4.31183 59.4259 67.3839
      vertex -4.43933 57.9128 67.5825
      vertex -4.57004 59.4068 67.5825
    endloop
  endfacet
  facet normal -0.790353 -0.0691479 -0.608737
    outer loop
      vertex -3.98299 57.9465 67.125
      vertex -4.31183 59.4259 67.3839
      vertex -4.1137 59.4405 67.125
    endloop
  endfacet
  facet normal -0.790353 -0.0691479 -0.608737
    outer loop
      vertex -4.31183 59.4259 67.3839
      vertex -3.98299 57.9465 67.125
      vertex -4.18112 57.9319 67.3839
    endloop
  endfacet
  facet normal 0.381432 0.0333737 -0.923794
    outer loop
      vertex -5.46911 57.8369 67.6726
      vertex -5.51608 59.337 67.7074
      vertex -5.38537 57.8431 67.7074
    endloop
  endfacet
  facet normal 0.381787 0.0333814 -0.923647
    outer loop
      vertex -5.51608 59.337 67.7074
      vertex -5.46911 57.8369 67.6726
      vertex -5.54974 59.3346 67.6934
    endloop
  endfacet
  facet normal 0.987675 0.0864074 0.130504
    outer loop
      vertex -6.43756 59.2395 66.5
      vertex -6.29492 57.7462 66.4092
      vertex -6.43275 59.2401 66.4632
    endloop
  endfacet
  facet normal 0.987682 0.0864115 0.130449
    outer loop
      vertex -6.29492 57.7462 66.4092
      vertex -6.43756 59.2395 66.5
      vertex -6.30679 57.7448 66.5
    endloop
  endfacet
  facet normal 0.987671 0.0864104 -0.130538
    outer loop
      vertex -6.26449 57.75 66.8235
      vertex -6.43275 59.2401 66.5368
      vertex -6.39526 59.2447 66.8235
    endloop
  endfacet
  facet normal 0.987667 0.0864044 -0.130567
    outer loop
      vertex -6.43275 59.2401 66.5368
      vertex -6.26449 57.75 66.8235
      vertex -6.29492 57.7462 66.5908
    endloop
  endfacet
  facet normal 0.130321 0.011413 0.991406
    outer loop
      vertex -5.47992 59.3397 65.2878
      vertex -5.38537 57.8431 65.2926
      vertex -5.29542 57.8497 65.2807
    endloop
  endfacet
  facet normal 0.130741 0.0114393 0.991351
    outer loop
      vertex -5.38537 57.8431 65.2926
      vertex -5.47992 59.3397 65.2878
      vertex -5.51608 59.337 65.2926
    endloop
  endfacet
  facet normal -0.920327 -0.0805005 -0.382777
    outer loop
      vertex -3.94802 57.9491 67.0403
      vertex -4.1137 59.4405 67.125
      vertex -4.09948 59.4415 67.0906
    endloop
  endfacet
  facet normal -0.920442 -0.0805294 -0.382494
    outer loop
      vertex -4.1137 59.4405 67.125
      vertex -3.94802 57.9491 67.0403
      vertex -3.98299 57.9465 67.125
    endloop
  endfacet
  facet normal -0.920378 -0.0805177 -0.382649
    outer loop
      vertex -3.85845 57.9557 66.8235
      vertex -4.09948 59.4415 67.0906
      vertex -3.98915 59.4497 66.8235
    endloop
  endfacet
  facet normal -0.920361 -0.0805068 -0.382694
    outer loop
      vertex -4.09948 59.4415 67.0906
      vertex -3.85845 57.9557 66.8235
      vertex -3.94802 57.9491 67.0403
    endloop
  endfacet
  facet normal -0.987654 -0.0864098 -0.130664
    outer loop
      vertex -3.81596 57.9588 66.5
      vertex -3.95153 59.4524 66.537
      vertex -3.94667 59.4528 66.5
    endloop
  endfacet
  facet normal -0.987664 -0.0864126 -0.130588
    outer loop
      vertex -3.95153 59.4524 66.537
      vertex -3.81596 57.9588 66.5
      vertex -3.8279 57.9579 66.5909
    endloop
  endfacet
  facet normal -0.130038 -0.0113769 0.991444
    outer loop
      vertex -4.87072 59.3846 65.2926
      vertex -4.97258 57.8735 65.2619
      vertex -4.74002 57.8907 65.2926
    endloop
  endfacet
  facet normal -0.130034 -0.0113772 0.991444
    outer loop
      vertex -4.97258 57.8735 65.2619
      vertex -4.87072 59.3846 65.2926
      vertex -5.15708 59.3635 65.2548
    endloop
  endfacet
  facet normal 0.604868 0.0529158 0.794566
    outer loop
      vertex -5.81676 59.3149 65.4175
      vertex -5.6948 57.8202 65.4242
      vertex -5.68606 57.8209 65.4175
    endloop
  endfacet
  facet normal 0.604796 0.0529102 0.794621
    outer loop
      vertex -5.84182 59.313 65.4367
      vertex -5.6948 57.8202 65.4242
      vertex -5.81676 59.3149 65.4175
    endloop
  endfacet
  facet normal 0.606506 0.0530897 0.793304
    outer loop
      vertex -6.07397 59.2844 65.6161
      vertex -5.6948 57.8202 65.4242
      vertex -5.84182 59.313 65.4367
    endloop
  endfacet
  facet normal 0.60641 0.0530548 0.79338
    outer loop
      vertex -5.6948 57.8202 65.4242
      vertex -6.07397 59.2844 65.6161
      vertex -5.94319 57.7896 65.6161
    endloop
  endfacet
  facet normal -0.606339 -0.0530486 0.793435
    outer loop
      vertex -4.31183 59.4259 65.6161
      vertex -4.43933 57.9128 65.4175
      vertex -4.18112 57.9319 65.6161
    endloop
  endfacet
  facet normal -0.606339 -0.0530486 0.793435
    outer loop
      vertex -4.43933 57.9128 65.4175
      vertex -4.31183 59.4259 65.6161
      vertex -4.57004 59.4068 65.4175
    endloop
  endfacet
  facet normal 0.604868 0.0529158 -0.794566
    outer loop
      vertex -5.6948 57.8202 67.5758
      vertex -5.81676 59.3149 67.5825
      vertex -5.68606 57.8209 67.5825
    endloop
  endfacet
  facet normal 0.604796 0.0529102 -0.794621
    outer loop
      vertex -5.6948 57.8202 67.5758
      vertex -5.84182 59.313 67.5633
      vertex -5.81676 59.3149 67.5825
    endloop
  endfacet
  facet normal 0.60641 0.0530548 -0.79338
    outer loop
      vertex -6.07397 59.2844 67.3839
      vertex -5.6948 57.8202 67.5758
      vertex -5.94319 57.7896 67.3839
    endloop
  endfacet
  facet normal 0.606506 0.0530897 -0.793304
    outer loop
      vertex -5.6948 57.8202 67.5758
      vertex -6.07397 59.2844 67.3839
      vertex -5.84182 59.313 67.5633
    endloop
  endfacet
  facet normal 0.381432 0.0333737 0.923794
    outer loop
      vertex -5.51608 59.337 65.2926
      vertex -5.46911 57.8369 65.3274
      vertex -5.38537 57.8431 65.2926
    endloop
  endfacet
  facet normal 0.381787 0.0333814 0.923647
    outer loop
      vertex -5.46911 57.8369 65.3274
      vertex -5.51608 59.337 65.2926
      vertex -5.54974 59.3346 65.3066
    endloop
  endfacet
  facet normal -0.920327 -0.0805005 0.382777
    outer loop
      vertex -4.1137 59.4405 65.875
      vertex -3.94802 57.9491 65.9597
      vertex -4.09948 59.4415 65.9094
    endloop
  endfacet
  facet normal -0.920442 -0.0805294 0.382494
    outer loop
      vertex -3.94802 57.9491 65.9597
      vertex -4.1137 59.4405 65.875
      vertex -3.98299 57.9465 65.875
    endloop
  endfacet
  facet normal -0.987675 -0.0864105 -0.130505
    outer loop
      vertex -3.8279 57.9579 66.5909
      vertex -3.98915 59.4497 66.8235
      vertex -3.95153 59.4524 66.537
    endloop
  endfacet
  facet normal -0.987671 -0.0864047 -0.130539
    outer loop
      vertex -3.98915 59.4497 66.8235
      vertex -3.8279 57.9579 66.5909
      vertex -3.85845 57.9557 66.8235
    endloop
  endfacet
  facet normal 0.79038 0.069164 -0.608701
    outer loop
      vertex -6.08529 57.7721 67.1974
      vertex -6.27125 59.26 67.125
      vertex -6.24893 59.2628 67.1543
    endloop
  endfacet
  facet normal 0.790291 0.0691471 -0.608818
    outer loop
      vertex -6.27125 59.26 67.125
      vertex -6.08529 57.7721 67.1974
      vertex -6.14047 57.7653 67.125
    endloop
  endfacet
  facet normal -0.381296 -0.0333595 0.923851
    outer loop
      vertex -4.57004 59.4068 65.4175
      vertex -4.74002 57.8907 65.2926
      vertex -4.43933 57.9128 65.4175
    endloop
  endfacet
  facet normal -0.381297 -0.0333593 0.923851
    outer loop
      vertex -4.74002 57.8907 65.2926
      vertex -4.57004 59.4068 65.4175
      vertex -4.87072 59.3846 65.2926
    endloop
  endfacet
  facet normal 0.920172 0.0805112 0.383146
    outer loop
      vertex -6.2853 59.2583 65.9091
      vertex -6.14047 57.7653 65.875
      vertex -6.27125 59.26 65.875
    endloop
  endfacet
  facet normal 0.920312 0.0805326 0.382805
    outer loop
      vertex -6.14047 57.7653 65.875
      vertex -6.2853 59.2583 65.9091
      vertex -6.1752 57.761 65.9594
    endloop
  endfacet
  facet normal 0.920172 0.0805112 -0.383146
    outer loop
      vertex -6.14047 57.7653 67.125
      vertex -6.2853 59.2583 67.0909
      vertex -6.27125 59.26 67.125
    endloop
  endfacet
  facet normal 0.920312 0.0805326 -0.382805
    outer loop
      vertex -6.2853 59.2583 67.0909
      vertex -6.14047 57.7653 67.125
      vertex -6.1752 57.761 67.0406
    endloop
  endfacet
  facet normal 0.38123 0.0333546 -0.923878
    outer loop
      vertex -5.68606 57.8209 67.5825
      vertex -5.54974 59.3346 67.6934
      vertex -5.46911 57.8369 67.6726
    endloop
  endfacet
  facet normal 0.381246 0.0333527 -0.923872
    outer loop
      vertex -5.54974 59.3346 67.6934
      vertex -5.68606 57.8209 67.5825
      vertex -5.81676 59.3149 67.5825
    endloop
  endfacet
  facet normal 0.130321 0.011413 -0.991406
    outer loop
      vertex -5.38537 57.8431 67.7074
      vertex -5.47992 59.3397 67.7122
      vertex -5.29542 57.8497 67.7193
    endloop
  endfacet
  facet normal 0.130741 0.0114393 -0.991351
    outer loop
      vertex -5.47992 59.3397 67.7122
      vertex -5.38537 57.8431 67.7074
      vertex -5.51608 59.337 67.7074
    endloop
  endfacet
  facet normal 0.129945 0.0113697 -0.991456
    outer loop
      vertex -5.29542 57.8497 67.7193
      vertex -5.1934 59.3608 67.75
      vertex -5.06269 57.8669 67.75
    endloop
  endfacet
  facet normal 0.129963 0.0113684 -0.991454
    outer loop
      vertex -5.1934 59.3608 67.75
      vertex -5.29542 57.8497 67.7193
      vertex -5.47992 59.3397 67.7122
    endloop
  endfacet
  facet normal 0.920404 0.0805319 0.382584
    outer loop
      vertex -6.39526 59.2447 66.1765
      vertex -6.1752 57.761 65.9594
      vertex -6.2853 59.2583 65.9091
    endloop
  endfacet
  facet normal 0.920389 0.080524 0.382622
    outer loop
      vertex -6.1752 57.761 65.9594
      vertex -6.39526 59.2447 66.1765
      vertex -6.26449 57.75 66.1765
    endloop
  endfacet
  facet normal 0.987671 0.0864104 0.130538
    outer loop
      vertex -6.43275 59.2401 66.4632
      vertex -6.26449 57.75 66.1765
      vertex -6.39526 59.2447 66.1765
    endloop
  endfacet
  facet normal 0.987667 0.0864044 0.130567
    outer loop
      vertex -6.26449 57.75 66.1765
      vertex -6.43275 59.2401 66.4632
      vertex -6.29492 57.7462 66.4092
    endloop
  endfacet
  facet normal -0.999699 0.0245469 0
    outer loop
      vertex 58.03 -2.85083 61
      vertex 58.1 0 69
      vertex 58.1 0 61
    endloop
  endfacet
  facet normal -0.999699 0.0245469 0
    outer loop
      vertex 58.1 0 69
      vertex 58.03 -2.85083 61
      vertex 58.03 -2.85083 69
    endloop
  endfacet
  facet normal 0.999699 0.0245469 0
    outer loop
      vertex -58.03 -2.85083 66
      vertex -58.1 0 61
      vertex -58.1 0 66
    endloop
  endfacet
  facet normal 0.999699 0.0245469 0
    outer loop
      vertex -58.1 0 61
      vertex -58.03 -2.85083 66
      vertex -58.03 -2.85083 61
    endloop
  endfacet
  facet normal 0.0245469 0.999699 -0
    outer loop
      vertex 0 -58.1 61
      vertex -2.85083 -58.03 69
      vertex 0 -58.1 69
    endloop
  endfacet
  facet normal 0.0245469 0.999699 0
    outer loop
      vertex -2.85083 -58.03 69
      vertex 0 -58.1 61
      vertex -2.85083 -58.03 61
    endloop
  endfacet
  facet normal -0.689554 0.724235 0
    outer loop
      vertex 41.0829 -41.0829 61
      vertex 39.0176 -43.0493 69
      vertex 41.0829 -41.0829 69
    endloop
  endfacet
  facet normal -0.689554 0.724235 0
    outer loop
      vertex 39.0176 -43.0493 69
      vertex 41.0829 -41.0829 61
      vertex 39.0176 -43.0493 61
    endloop
  endfacet
  facet normal 0.689554 0.724235 -0
    outer loop
      vertex -39.0176 -43.0493 61
      vertex -41.0829 -41.0829 69
      vertex -39.0176 -43.0493 69
    endloop
  endfacet
  facet normal 0.689554 0.724235 0
    outer loop
      vertex -41.0829 -41.0829 69
      vertex -39.0176 -43.0493 61
      vertex -41.0829 -41.0829 61
    endloop
  endfacet
  facet normal -0.914216 0.405227 0
    outer loop
      vertex 52.5218 -24.841 61
      vertex 53.6774 -22.2339 69
      vertex 53.6774 -22.2339 61
    endloop
  endfacet
  facet normal -0.914216 0.405227 0
    outer loop
      vertex 53.6774 -22.2339 69
      vertex 52.5218 -24.841 61
      vertex 52.5218 -24.841 69
    endloop
  endfacet
  facet normal 0.844855 0.534995 0
    outer loop
      vertex -48.3084 -32.2786 69
      vertex -49.834 -29.8694 61
      vertex -49.834 -29.8694 69
    endloop
  endfacet
  facet normal 0.844855 0.534995 0
    outer loop
      vertex -49.834 -29.8694 61
      vertex -48.3084 -32.2786 69
      vertex -48.3084 -32.2786 61
    endloop
  endfacet
  facet normal 0.788335 0.615246 0
    outer loop
      vertex -44.9119 -36.8582 69
      vertex -46.6664 -34.6101 61
      vertex -46.6664 -34.6101 69
    endloop
  endfacet
  facet normal 0.788335 0.615246 0
    outer loop
      vertex -46.6664 -34.6101 61
      vertex -44.9119 -36.8582 69
      vertex -44.9119 -36.8582 61
    endloop
  endfacet
  facet normal 0.170988 0.985273 -0
    outer loop
      vertex -8.52504 -57.4712 61
      vertex -11.3347 -56.9836 69
      vertex -8.52504 -57.4712 69
    endloop
  endfacet
  facet normal 0.170988 0.985273 0
    outer loop
      vertex -11.3347 -56.9836 69
      vertex -8.52504 -57.4712 61
      vertex -11.3347 -56.9836 61
    endloop
  endfacet
  facet normal -0.985273 0.170988 0
    outer loop
      vertex 56.9836 -11.3347 61
      vertex 57.4712 -8.52504 69
      vertex 57.4712 -8.52504 61
    endloop
  endfacet
  facet normal -0.985273 0.170988 0
    outer loop
      vertex 57.4712 -8.52504 69
      vertex 56.9836 -11.3347 61
      vertex 56.9836 -11.3347 69
    endloop
  endfacet
  facet normal -0.170988 0.985273 0
    outer loop
      vertex 11.3347 -56.9836 61
      vertex 8.52504 -57.4712 69
      vertex 11.3347 -56.9836 69
    endloop
  endfacet
  facet normal -0.170988 0.985273 0
    outer loop
      vertex 8.52504 -57.4712 69
      vertex 11.3347 -56.9836 61
      vertex 8.52504 -57.4712 61
    endloop
  endfacet
  facet normal 0.963775 0.266718 0
    outer loop
      vertex -55.5982 -16.8655 69
      vertex -56.3588 -14.1171 61
      vertex -56.3588 -14.1171 69
    endloop
  endfacet
  facet normal 0.963775 0.266718 0
    outer loop
      vertex -56.3588 -14.1171 61
      vertex -55.5982 -16.8655 69
      vertex -55.5982 -16.8655 61
    endloop
  endfacet
  facet normal 0.870093 0.492888 0
    outer loop
      vertex -49.834 -29.8694 69
      vertex -51.2396 -27.3881 61
      vertex -51.2396 -27.3881 69
    endloop
  endfacet
  facet normal 0.870093 0.492888 0
    outer loop
      vertex -51.2396 -27.3881 61
      vertex -49.834 -29.8694 69
      vertex -49.834 -29.8694 61
    endloop
  endfacet
  facet normal 0.949532 0.31367 0
    outer loop
      vertex -54.7037 -19.5733 69
      vertex -55.5982 -16.8655 61
      vertex -55.5982 -16.8655 69
    endloop
  endfacet
  facet normal 0.949532 0.31367 0
    outer loop
      vertex -55.5982 -16.8655 61
      vertex -54.7037 -19.5733 69
      vertex -54.7037 -19.5733 61
    endloop
  endfacet
  facet normal 0.449639 0.893211 -0
    outer loop
      vertex -24.841 -52.5218 61
      vertex -27.3881 -51.2396 69
      vertex -24.841 -52.5218 69
    endloop
  endfacet
  facet normal 0.449639 0.893211 0
    outer loop
      vertex -27.3881 -51.2396 69
      vertex -24.841 -52.5218 61
      vertex -27.3881 -51.2396 61
    endloop
  endfacet
  facet normal 0.492888 0.870093 -0
    outer loop
      vertex -27.3881 -51.2396 61
      vertex -29.8694 -49.834 69
      vertex -27.3881 -51.2396 69
    endloop
  endfacet
  facet normal 0.492888 0.870093 0
    outer loop
      vertex -29.8694 -49.834 69
      vertex -27.3881 -51.2396 61
      vertex -29.8694 -49.834 61
    endloop
  endfacet
  facet normal 0.0735702 0.99729 -0
    outer loop
      vertex -2.85083 -58.03 61
      vertex -5.6948 -57.8202 69
      vertex -2.85083 -58.03 69
    endloop
  endfacet
  facet normal 0.0735702 0.99729 0
    outer loop
      vertex -5.6948 -57.8202 69
      vertex -2.85083 -58.03 61
      vertex -5.6948 -57.8202 61
    endloop
  endfacet
  facet normal -0.963775 -0.266718 0
    outer loop
      vertex 56.3588 14.1171 61
      vertex 55.5982 16.8655 69
      vertex 55.5982 16.8655 61
    endloop
  endfacet
  facet normal -0.963775 -0.266718 0
    outer loop
      vertex 55.5982 16.8655 69
      vertex 56.3588 14.1171 61
      vertex 56.3588 14.1171 69
    endloop
  endfacet
  facet normal -0.405227 -0.914216 0
    outer loop
      vertex 22.2339 53.6774 61
      vertex 24.841 52.5218 69
      vertex 22.2339 53.6774 69
    endloop
  endfacet
  facet normal -0.405227 -0.914216 -0
    outer loop
      vertex 24.841 52.5218 69
      vertex 22.2339 53.6774 61
      vertex 24.841 52.5218 61
    endloop
  endfacet
  facet normal -0.992483 0.122384 0
    outer loop
      vertex 57.4712 -8.52504 61
      vertex 57.8202 -5.6948 69
      vertex 57.8202 -5.6948 61
    endloop
  endfacet
  facet normal -0.992483 0.122384 0
    outer loop
      vertex 57.8202 -5.6948 69
      vertex 57.4712 -8.52504 61
      vertex 57.4712 -8.52504 69
    endloop
  endfacet
  facet normal -0.99729 0.0735702 0
    outer loop
      vertex 57.8202 -5.6948 61
      vertex 58.03 -2.85083 69
      vertex 58.03 -2.85083 61
    endloop
  endfacet
  facet normal -0.99729 0.0735702 0
    outer loop
      vertex 58.03 -2.85083 69
      vertex 57.8202 -5.6948 61
      vertex 57.8202 -5.6948 69
    endloop
  endfacet
  facet normal -0.975703 0.219098 0
    outer loop
      vertex 56.3588 -14.1171 61
      vertex 56.9836 -11.3347 69
      vertex 56.9836 -11.3347 61
    endloop
  endfacet
  facet normal -0.975703 0.219098 0
    outer loop
      vertex 56.9836 -11.3347 69
      vertex 56.3588 -14.1171 61
      vertex 56.3588 -14.1171 69
    endloop
  endfacet
  facet normal -0.963775 0.266718 0
    outer loop
      vertex 55.5982 -16.8655 61
      vertex 56.3588 -14.1171 69
      vertex 56.3588 -14.1171 61
    endloop
  endfacet
  facet normal -0.963775 0.266718 0
    outer loop
      vertex 56.3588 -14.1171 69
      vertex 55.5982 -16.8655 61
      vertex 55.5982 -16.8655 69
    endloop
  endfacet
  facet normal -0.932994 0.359893 0
    outer loop
      vertex 53.6774 -22.2339 61
      vertex 54.7037 -19.5733 69
      vertex 54.7037 -19.5733 61
    endloop
  endfacet
  facet normal -0.932994 0.359893 0
    outer loop
      vertex 54.7037 -19.5733 69
      vertex 53.6774 -22.2339 61
      vertex 53.6774 -22.2339 69
    endloop
  endfacet
  facet normal -0.949532 0.31367 0
    outer loop
      vertex 54.7037 -19.5733 61
      vertex 55.5982 -16.8655 69
      vertex 55.5982 -16.8655 61
    endloop
  endfacet
  facet normal -0.949532 0.31367 0
    outer loop
      vertex 55.5982 -16.8655 69
      vertex 54.7037 -19.5733 61
      vertex 54.7037 -19.5733 69
    endloop
  endfacet
  facet normal -0.757228 0.65315 0
    outer loop
      vertex 43.0493 -39.0176 61
      vertex 44.9119 -36.8582 69
      vertex 44.9119 -36.8582 61
    endloop
  endfacet
  facet normal -0.757228 0.65315 0
    outer loop
      vertex 44.9119 -36.8582 69
      vertex 43.0493 -39.0176 61
      vertex 43.0493 -39.0176 69
    endloop
  endfacet
  facet normal -0.724235 0.689554 0
    outer loop
      vertex 41.0829 -41.0829 61
      vertex 43.0493 -39.0176 69
      vertex 43.0493 -39.0176 61
    endloop
  endfacet
  facet normal -0.724235 0.689554 0
    outer loop
      vertex 43.0493 -39.0176 69
      vertex 41.0829 -41.0829 61
      vertex 41.0829 -41.0829 69
    endloop
  endfacet
  facet normal -0.81681 0.576907 0
    outer loop
      vertex 48.3084 -32.2786 61
      vertex 48.2983 -32.2929 66.5
      vertex 48.3084 -32.2786 69
    endloop
  endfacet
  facet normal -0.818726 0.574185 -1.05971e-05
    outer loop
      vertex 48.3084 -32.2786 61
      vertex 48.2807 -32.318 66.2668
      vertex 48.2983 -32.2929 66.5
    endloop
  endfacet
  facet normal -0.815075 0.579355 4.72825e-05
    outer loop
      vertex 48.3084 -32.2786 61
      vertex 48.2738 -32.3277 66.1765
      vertex 48.2807 -32.318 66.2668
    endloop
  endfacet
  facet normal -0.817212 0.576337 4.36452e-06
    outer loop
      vertex 48.3084 -32.2786 61
      vertex 48.2537 -32.3562 66.0923
      vertex 48.2738 -32.3277 66.1765
    endloop
  endfacet
  facet normal -0.81775 0.575574 -1.30287e-05
    outer loop
      vertex 48.3084 -32.2786 61
      vertex 48.2019 -32.4298 65.875
      vertex 48.2537 -32.3562 66.0923
    endloop
  endfacet
  facet normal -0.817527 0.575891 1.65307e-06
    outer loop
      vertex 48.3084 -32.2786 61
      vertex 48.0875 -32.5922 65.6161
      vertex 48.2019 -32.4298 65.875
    endloop
  endfacet
  facet normal -0.817588 0.575803 -7.21692e-06
    outer loop
      vertex 48.3084 -32.2786 61
      vertex 47.9801 -32.7447 65.473
      vertex 48.0875 -32.5922 65.6161
    endloop
  endfacet
  facet normal -0.818135 0.575026 -0.000128348
    outer loop
      vertex 48.3084 -32.2786 61
      vertex 47.9385 -32.8039 65.4175
      vertex 47.9801 -32.7447 65.473
    endloop
  endfacet
  facet normal -0.817594 0.575795 8.30679e-06
    outer loop
      vertex 48.3084 -32.2786 61
      vertex 47.7649 -33.0504 65.2926
      vertex 47.9385 -32.8039 65.4175
    endloop
  endfacet
  facet normal -0.817314 0.576193 0.000115508
    outer loop
      vertex 48.3084 -32.2786 61
      vertex 47.7128 -33.1243 65.2807
      vertex 47.7649 -33.0504 65.2926
    endloop
  endfacet
  facet normal -0.817655 0.575709 -2.76027e-05
    outer loop
      vertex 48.3084 -32.2786 61
      vertex 47.5786 -33.3149 65.25
      vertex 47.7128 -33.1243 65.2807
    endloop
  endfacet
  facet normal -0.817589 0.575802 6.26257e-06
    outer loop
      vertex 46.6664 -34.6101 61
      vertex 47.5786 -33.3149 65.25
      vertex 48.3084 -32.2786 61
    endloop
  endfacet
  facet normal -0.817667 0.575691 5.67066e-05
    outer loop
      vertex 47.5786 -33.3149 65.25
      vertex 46.6664 -34.6101 61
      vertex 47.5265 -33.3889 65.2619
    endloop
  endfacet
  facet normal -0.817517 0.575904 -3.46398e-05
    outer loop
      vertex 47.5265 -33.3889 65.2619
      vertex 46.6664 -34.6101 61
      vertex 47.3923 -33.5794 65.2926
    endloop
  endfacet
  facet normal -0.817561 0.575841 -1.21098e-05
    outer loop
      vertex 47.3923 -33.5794 65.2926
      vertex 46.6664 -34.6101 61
      vertex 47.3437 -33.6484 65.3275
    endloop
  endfacet
  facet normal -0.817604 0.575781 7.89207e-06
    outer loop
      vertex 47.3437 -33.6484 65.3275
      vertex 46.6664 -34.6101 61
      vertex 47.2187 -33.8259 65.4175
    endloop
  endfacet
  facet normal -0.817654 0.57571 2.69231e-05
    outer loop
      vertex 47.2187 -33.8259 65.4175
      vertex 46.6664 -34.6101 61
      vertex 47.1114 -33.9783 65.5605
    endloop
  endfacet
  facet normal -0.816969 0.576682 -0.000174688
    outer loop
      vertex 47.1114 -33.9783 65.5605
      vertex 46.6664 -34.6101 61
      vertex 47.0696 -34.0375 65.6161
    endloop
  endfacet
  facet normal -0.817908 0.575348 7.28342e-05
    outer loop
      vertex 47.0696 -34.0375 65.6161
      vertex 46.6664 -34.6101 61
      vertex 47.0376 -34.083 65.6886
    endloop
  endfacet
  facet normal -0.817641 0.575728 4.5741e-06
    outer loop
      vertex 46.8657 -34.3271 66.4094
      vertex 46.6664 -34.6101 61
      vertex 46.8588 -34.3369 66.5
    endloop
  endfacet
  facet normal -0.818389 0.574665 8.77686e-05
    outer loop
      vertex 46.8833 -34.302 66.1765
      vertex 46.6664 -34.6101 61
      vertex 46.8657 -34.3271 66.4094
    endloop
  endfacet
  facet normal -0.817624 0.575753 -9.07867e-06
    outer loop
      vertex 46.9552 -34.1999 65.875
      vertex 46.6664 -34.6101 61
      vertex 46.8833 -34.302 66.1765
    endloop
  endfacet
  facet normal -0.817393 0.57608 -5.02817e-05
    outer loop
      vertex 47.0376 -34.083 65.6886
      vertex 46.6664 -34.6101 61
      vertex 46.9552 -34.1999 65.875
    endloop
  endfacet
  facet normal -0.818673 0.57426 2.26705e-05
    outer loop
      vertex 48.2807 -32.318 66.7332
      vertex 48.3084 -32.2786 69
      vertex 48.2983 -32.2929 66.5
    endloop
  endfacet
  facet normal -0.815312 0.579022 -0.000101173
    outer loop
      vertex 48.2738 -32.3277 66.8235
      vertex 48.3084 -32.2786 69
      vertex 48.2807 -32.318 66.7332
    endloop
  endfacet
  facet normal -0.81722 0.576326 -1.00046e-05
    outer loop
      vertex 48.2537 -32.3562 66.9077
      vertex 48.3084 -32.2786 69
      vertex 48.2738 -32.3277 66.8235
    endloop
  endfacet
  facet normal -0.817726 0.575607 2.9865e-05
    outer loop
      vertex 48.2019 -32.4298 67.125
      vertex 48.3084 -32.2786 69
      vertex 48.2537 -32.3562 66.9077
    endloop
  endfacet
  facet normal -0.817529 0.575888 -3.9967e-06
    outer loop
      vertex 48.0875 -32.5922 67.3839
      vertex 48.3084 -32.2786 69
      vertex 48.2019 -32.4298 67.125
    endloop
  endfacet
  facet normal -0.817583 0.57581 1.85501e-05
    outer loop
      vertex 47.9801 -32.7447 67.527
      vertex 48.3084 -32.2786 69
      vertex 48.0875 -32.5922 67.3839
    endloop
  endfacet
  facet normal -0.818046 0.575153 0.000329909
    outer loop
      vertex 47.9385 -32.8039 67.5825
      vertex 48.3084 -32.2786 69
      vertex 47.9801 -32.7447 67.527
    endloop
  endfacet
  facet normal -0.817598 0.57579 -2.31081e-05
    outer loop
      vertex 47.7649 -33.0504 67.7074
      vertex 48.3084 -32.2786 69
      vertex 47.9385 -32.8039 67.5825
    endloop
  endfacet
  facet normal -0.817332 0.576167 -0.000360084
    outer loop
      vertex 47.7128 -33.1243 67.7193
      vertex 48.3084 -32.2786 69
      vertex 47.7649 -33.0504 67.7074
    endloop
  endfacet
  facet normal -0.81765 0.575715 8.60447e-05
    outer loop
      vertex 47.5786 -33.3149 67.75
      vertex 48.3084 -32.2786 69
      vertex 47.7128 -33.1243 67.7193
    endloop
  endfacet
  facet normal -0.817658 0.575704 -0.000173362
    outer loop
      vertex 46.6664 -34.6101 69
      vertex 47.5786 -33.3149 67.75
      vertex 47.5265 -33.3889 67.7381
    endloop
  endfacet
  facet normal -0.817523 0.575896 0.000105881
    outer loop
      vertex 46.6664 -34.6101 69
      vertex 47.5265 -33.3889 67.7381
      vertex 47.3923 -33.5794 67.7074
    endloop
  endfacet
  facet normal -0.817566 0.575835 3.21381e-05
    outer loop
      vertex 46.6664 -34.6101 69
      vertex 47.3923 -33.5794 67.7074
      vertex 47.3437 -33.6484 67.6725
    endloop
  endfacet
  facet normal -0.817601 0.575786 -2.09359e-05
    outer loop
      vertex 46.6664 -34.6101 69
      vertex 47.3437 -33.6484 67.6725
      vertex 47.2187 -33.8259 67.5825
    endloop
  endfacet
  facet normal -0.817076 0.576529 0.000418055
    outer loop
      vertex 46.6664 -34.6101 69
      vertex 47.1114 -33.9783 67.4395
      vertex 47.0696 -34.0375 67.3839
    endloop
  endfacet
  facet normal -0.817589 0.575802 -2.12927e-05
    outer loop
      vertex 47.5786 -33.3149 67.75
      vertex 46.6664 -34.6101 69
      vertex 48.3084 -32.2786 69
    endloop
  endfacet
  facet normal -0.817638 0.575733 -6.44308e-05
    outer loop
      vertex 47.1114 -33.9783 67.4395
      vertex 46.6664 -34.6101 69
      vertex 47.2187 -33.8259 67.5825
    endloop
  endfacet
  facet normal -0.817844 0.57544 -0.000159238
    outer loop
      vertex 47.0376 -34.083 67.3114
      vertex 46.6664 -34.6101 69
      vertex 47.0696 -34.0375 67.3839
    endloop
  endfacet
  facet normal -0.817438 0.576017 0.000109932
    outer loop
      vertex 46.9552 -34.1999 67.125
      vertex 46.6664 -34.6101 69
      vertex 47.0376 -34.083 67.3114
    endloop
  endfacet
  facet normal -0.817636 0.575736 1.79037e-05
    outer loop
      vertex 46.8833 -34.302 66.8235
      vertex 46.6664 -34.6101 69
      vertex 46.9552 -34.1999 67.125
    endloop
  endfacet
  facet normal -0.818161 0.57499 -0.000140021
    outer loop
      vertex 46.8657 -34.3271 66.5906
      vertex 46.6664 -34.6101 69
      vertex 46.8833 -34.302 66.8235
    endloop
  endfacet
  facet normal -0.817629 0.575745 -7.30442e-06
    outer loop
      vertex 46.8588 -34.3369 66.5
      vertex 46.6664 -34.6101 69
      vertex 46.8657 -34.3271 66.5906
    endloop
  endfacet
  facet normal -0.817598 0.57579 0
    outer loop
      vertex 46.6664 -34.6101 69
      vertex 46.8588 -34.3369 66.5
      vertex 46.6664 -34.6101 61
    endloop
  endfacet
  facet normal -0.870093 0.492888 0
    outer loop
      vertex 49.834 -29.8694 61
      vertex 51.2396 -27.3881 69
      vertex 51.2396 -27.3881 61
    endloop
  endfacet
  facet normal -0.870093 0.492888 0
    outer loop
      vertex 51.2396 -27.3881 69
      vertex 49.834 -29.8694 61
      vertex 49.834 -29.8694 69
    endloop
  endfacet
  facet normal -0.893211 0.449639 0
    outer loop
      vertex 51.2396 -27.3881 61
      vertex 52.5218 -24.841 69
      vertex 52.5218 -24.841 61
    endloop
  endfacet
  facet normal -0.893211 0.449639 0
    outer loop
      vertex 52.5218 -24.841 69
      vertex 51.2396 -27.3881 61
      vertex 51.2396 -27.3881 69
    endloop
  endfacet
  facet normal -0.0735702 0.99729 0
    outer loop
      vertex 5.6948 -57.8202 61
      vertex 2.85083 -58.03 69
      vertex 5.6948 -57.8202 69
    endloop
  endfacet
  facet normal -0.0735702 0.99729 0
    outer loop
      vertex 2.85083 -58.03 69
      vertex 5.6948 -57.8202 61
      vertex 2.85083 -58.03 61
    endloop
  endfacet
  facet normal -0.266718 0.963775 0
    outer loop
      vertex 16.8655 -55.5982 61
      vertex 14.1171 -56.3588 69
      vertex 16.8655 -55.5982 69
    endloop
  endfacet
  facet normal -0.266718 0.963775 0
    outer loop
      vertex 14.1171 -56.3588 69
      vertex 16.8655 -55.5982 61
      vertex 14.1171 -56.3588 61
    endloop
  endfacet
  facet normal -0.219098 0.975703 0
    outer loop
      vertex 14.1171 -56.3588 61
      vertex 11.3347 -56.9836 69
      vertex 14.1171 -56.3588 69
    endloop
  endfacet
  facet normal -0.219098 0.975703 0
    outer loop
      vertex 11.3347 -56.9836 69
      vertex 14.1171 -56.3588 61
      vertex 11.3347 -56.9836 61
    endloop
  endfacet
  facet normal -0.122384 0.992483 0
    outer loop
      vertex 8.52504 -57.4712 61
      vertex 5.6948 -57.8202 69
      vertex 8.52504 -57.4712 69
    endloop
  endfacet
  facet normal -0.122384 0.992483 0
    outer loop
      vertex 5.6948 -57.8202 69
      vertex 8.52504 -57.4712 61
      vertex 5.6948 -57.8202 61
    endloop
  endfacet
  facet normal -0.0245469 0.999699 0
    outer loop
      vertex 2.85083 -58.03 61
      vertex 0 -58.1 69
      vertex 2.85083 -58.03 69
    endloop
  endfacet
  facet normal -0.0245469 0.999699 0
    outer loop
      vertex 0 -58.1 69
      vertex 2.85083 -58.03 61
      vertex 0 -58.1 61
    endloop
  endfacet
  facet normal -0.359893 0.932994 0
    outer loop
      vertex 22.2339 -53.6774 61
      vertex 19.5733 -54.7037 69
      vertex 22.2339 -53.6774 69
    endloop
  endfacet
  facet normal -0.359893 0.932994 0
    outer loop
      vertex 19.5733 -54.7037 69
      vertex 22.2339 -53.6774 61
      vertex 19.5733 -54.7037 61
    endloop
  endfacet
  facet normal -0.492888 0.870093 0
    outer loop
      vertex 29.8694 -49.834 61
      vertex 27.3881 -51.2396 69
      vertex 29.8694 -49.834 69
    endloop
  endfacet
  facet normal -0.492888 0.870093 0
    outer loop
      vertex 27.3881 -51.2396 69
      vertex 29.8694 -49.834 61
      vertex 27.3881 -51.2396 61
    endloop
  endfacet
  facet normal -0.449639 0.893211 0
    outer loop
      vertex 27.3881 -51.2396 61
      vertex 24.841 -52.5218 69
      vertex 27.3881 -51.2396 69
    endloop
  endfacet
  facet normal -0.449639 0.893211 0
    outer loop
      vertex 24.841 -52.5218 69
      vertex 27.3881 -51.2396 61
      vertex 24.841 -52.5218 61
    endloop
  endfacet
  facet normal -0.534995 0.844855 0
    outer loop
      vertex 32.2786 -48.3084 61
      vertex 29.8694 -49.834 69
      vertex 32.2786 -48.3084 69
    endloop
  endfacet
  facet normal -0.534995 0.844855 0
    outer loop
      vertex 29.8694 -49.834 69
      vertex 32.2786 -48.3084 61
      vertex 29.8694 -49.834 61
    endloop
  endfacet
  facet normal -0.65315 0.757228 0
    outer loop
      vertex 39.0176 -43.0493 61
      vertex 36.8582 -44.9119 69
      vertex 39.0176 -43.0493 69
    endloop
  endfacet
  facet normal -0.65315 0.757228 0
    outer loop
      vertex 36.8582 -44.9119 69
      vertex 39.0176 -43.0493 61
      vertex 36.8582 -44.9119 61
    endloop
  endfacet
  facet normal -0.575802 0.817589 0
    outer loop
      vertex 34.6101 -46.6664 61
      vertex 32.2786 -48.3084 69
      vertex 34.6101 -46.6664 69
    endloop
  endfacet
  facet normal -0.575802 0.817589 0
    outer loop
      vertex 32.2786 -48.3084 69
      vertex 34.6101 -46.6664 61
      vertex 32.2786 -48.3084 61
    endloop
  endfacet
  facet normal -0.615246 0.788335 0
    outer loop
      vertex 36.8582 -44.9119 61
      vertex 34.6101 -46.6664 69
      vertex 36.8582 -44.9119 69
    endloop
  endfacet
  facet normal -0.615246 0.788335 0
    outer loop
      vertex 34.6101 -46.6664 69
      vertex 36.8582 -44.9119 61
      vertex 34.6101 -46.6664 61
    endloop
  endfacet
  facet normal 0.757228 0.65315 0
    outer loop
      vertex -43.0493 -39.0176 69
      vertex -44.9119 -36.8582 61
      vertex -44.9119 -36.8582 69
    endloop
  endfacet
  facet normal 0.757228 0.65315 0
    outer loop
      vertex -44.9119 -36.8582 61
      vertex -43.0493 -39.0176 69
      vertex -43.0493 -39.0176 61
    endloop
  endfacet
  facet normal 0.914216 0.405227 0
    outer loop
      vertex -52.5218 -24.841 69
      vertex -53.6774 -22.2339 61
      vertex -53.6774 -22.2339 69
    endloop
  endfacet
  facet normal 0.914216 0.405227 0
    outer loop
      vertex -53.6774 -22.2339 61
      vertex -52.5218 -24.841 69
      vertex -52.5218 -24.841 61
    endloop
  endfacet
  facet normal 0.932994 0.359893 0
    outer loop
      vertex -53.6774 -22.2339 69
      vertex -54.7037 -19.5733 61
      vertex -54.7037 -19.5733 69
    endloop
  endfacet
  facet normal 0.932994 0.359893 0
    outer loop
      vertex -54.7037 -19.5733 61
      vertex -53.6774 -22.2339 69
      vertex -53.6774 -22.2339 61
    endloop
  endfacet
  facet normal 0.975703 0.219097 0
    outer loop
      vertex -56.3851 -14 66
      vertex -56.9836 -11.3347 61
      vertex -56.9836 -11.3347 66
    endloop
  endfacet
  facet normal 0.975703 0.219098 9.14546e-07
    outer loop
      vertex -56.3851 -14 66
      vertex -56.3588 -14.1171 61
      vertex -56.9836 -11.3347 61
    endloop
  endfacet
  facet normal 0.975694 0.219135 -0
    outer loop
      vertex -56.3588 -14.1171 61
      vertex -56.3851 -14 66
      vertex -56.3588 -14.1171 69
    endloop
  endfacet
  facet normal 0.975694 0.219135 0
    outer loop
      vertex -56.3851 -14 69
      vertex -56.3588 -14.1171 69
      vertex -56.3851 -14 66
    endloop
  endfacet
  facet normal 0.992483 0.122384 0
    outer loop
      vertex -57.4712 -8.52504 66
      vertex -57.8202 -5.6948 61
      vertex -57.8202 -5.6948 66
    endloop
  endfacet
  facet normal 0.992483 0.122384 0
    outer loop
      vertex -57.8202 -5.6948 61
      vertex -57.4712 -8.52504 66
      vertex -57.4712 -8.52504 61
    endloop
  endfacet
  facet normal 0.575802 0.817589 -0
    outer loop
      vertex -32.2786 -48.3084 61
      vertex -34.6101 -46.6664 69
      vertex -32.2786 -48.3084 69
    endloop
  endfacet
  facet normal 0.575802 0.817589 0
    outer loop
      vertex -34.6101 -46.6664 69
      vertex -32.2786 -48.3084 61
      vertex -34.6101 -46.6664 61
    endloop
  endfacet
  facet normal 0.534995 0.844855 -0
    outer loop
      vertex -29.8694 -49.834 61
      vertex -32.2786 -48.3084 69
      vertex -29.8694 -49.834 69
    endloop
  endfacet
  facet normal 0.534995 0.844855 0
    outer loop
      vertex -32.2786 -48.3084 69
      vertex -29.8694 -49.834 61
      vertex -32.2786 -48.3084 61
    endloop
  endfacet
  facet normal 0.615246 0.788335 -0
    outer loop
      vertex -34.6101 -46.6664 61
      vertex -36.8582 -44.9119 69
      vertex -34.6101 -46.6664 69
    endloop
  endfacet
  facet normal 0.615246 0.788335 0
    outer loop
      vertex -36.8582 -44.9119 69
      vertex -34.6101 -46.6664 61
      vertex -36.8582 -44.9119 61
    endloop
  endfacet
  facet normal 0.359893 0.932994 -0
    outer loop
      vertex -19.5733 -54.7037 61
      vertex -22.2339 -53.6774 69
      vertex -19.5733 -54.7037 69
    endloop
  endfacet
  facet normal 0.359893 0.932994 0
    outer loop
      vertex -22.2339 -53.6774 69
      vertex -19.5733 -54.7037 61
      vertex -22.2339 -53.6774 61
    endloop
  endfacet
  facet normal 0.266718 0.963775 -0
    outer loop
      vertex -14.1171 -56.3588 61
      vertex -16.8655 -55.5982 69
      vertex -14.1171 -56.3588 69
    endloop
  endfacet
  facet normal 0.266718 0.963775 0
    outer loop
      vertex -16.8655 -55.5982 69
      vertex -14.1171 -56.3588 61
      vertex -16.8655 -55.5982 61
    endloop
  endfacet
  facet normal 0.122384 0.992483 -0
    outer loop
      vertex -5.6948 -57.8202 61
      vertex -8.52504 -57.4712 69
      vertex -5.6948 -57.8202 69
    endloop
  endfacet
  facet normal 0.122384 0.992483 0
    outer loop
      vertex -8.52504 -57.4712 69
      vertex -5.6948 -57.8202 61
      vertex -8.52504 -57.4712 61
    endloop
  endfacet
  facet normal 0.757228 -0.65315 0
    outer loop
      vertex -44.9119 36.8582 69
      vertex -43.0493 39.0176 61
      vertex -43.0493 39.0176 69
    endloop
  endfacet
  facet normal 0.757228 -0.65315 0
    outer loop
      vertex -43.0493 39.0176 61
      vertex -44.9119 36.8582 69
      vertex -44.9119 36.8582 61
    endloop
  endfacet
  facet normal 0.844855 -0.534995 0
    outer loop
      vertex -49.834 29.8694 69
      vertex -48.3084 32.2786 61
      vertex -48.3084 32.2786 69
    endloop
  endfacet
  facet normal 0.844855 -0.534995 0
    outer loop
      vertex -48.3084 32.2786 61
      vertex -49.834 29.8694 69
      vertex -49.834 29.8694 61
    endloop
  endfacet
  facet normal 0.949532 -0.31367 0
    outer loop
      vertex -55.5982 16.8655 69
      vertex -54.7037 19.5733 61
      vertex -54.7037 19.5733 69
    endloop
  endfacet
  facet normal 0.949532 -0.31367 0
    outer loop
      vertex -54.7037 19.5733 61
      vertex -55.5982 16.8655 69
      vertex -55.5982 16.8655 61
    endloop
  endfacet
  facet normal 0.985273 -0.170988 0
    outer loop
      vertex -57.4712 8.52504 66
      vertex -56.9836 11.3347 61
      vertex -56.9836 11.3347 66
    endloop
  endfacet
  facet normal 0.985273 -0.170988 0
    outer loop
      vertex -56.9836 11.3347 61
      vertex -57.4712 8.52504 66
      vertex -57.4712 8.52504 61
    endloop
  endfacet
  facet normal -0.788335 0.615246 0
    outer loop
      vertex 44.9119 -36.8582 61
      vertex 46.6664 -34.6101 69
      vertex 46.6664 -34.6101 61
    endloop
  endfacet
  facet normal -0.788335 0.615246 0
    outer loop
      vertex 46.6664 -34.6101 69
      vertex 44.9119 -36.8582 61
      vertex 44.9119 -36.8582 69
    endloop
  endfacet
  facet normal -0.844855 0.534995 0
    outer loop
      vertex 48.3084 -32.2786 61
      vertex 49.834 -29.8694 69
      vertex 49.834 -29.8694 61
    endloop
  endfacet
  facet normal -0.844855 0.534995 0
    outer loop
      vertex 49.834 -29.8694 69
      vertex 48.3084 -32.2786 61
      vertex 48.3084 -32.2786 69
    endloop
  endfacet
  facet normal -0.31367 0.949532 0
    outer loop
      vertex 19.5733 -54.7037 61
      vertex 16.8655 -55.5982 69
      vertex 19.5733 -54.7037 69
    endloop
  endfacet
  facet normal -0.31367 0.949532 0
    outer loop
      vertex 16.8655 -55.5982 69
      vertex 19.5733 -54.7037 61
      vertex 16.8655 -55.5982 61
    endloop
  endfacet
  facet normal -0.405227 0.914216 0
    outer loop
      vertex 24.841 -52.5218 61
      vertex 22.2339 -53.6774 69
      vertex 24.841 -52.5218 69
    endloop
  endfacet
  facet normal -0.405227 0.914216 0
    outer loop
      vertex 22.2339 -53.6774 69
      vertex 24.841 -52.5218 61
      vertex 22.2339 -53.6774 61
    endloop
  endfacet
  facet normal 0.81681 0.576907 0
    outer loop
      vertex -48.3084 -32.2786 69
      vertex -48.2983 -32.2929 66.5
      vertex -48.3084 -32.2786 61
    endloop
  endfacet
  facet normal 0.818673 0.57426 2.26705e-05
    outer loop
      vertex -48.3084 -32.2786 69
      vertex -48.2807 -32.318 66.7332
      vertex -48.2983 -32.2929 66.5
    endloop
  endfacet
  facet normal 0.815312 0.579022 -0.000101173
    outer loop
      vertex -48.3084 -32.2786 69
      vertex -48.2738 -32.3277 66.8235
      vertex -48.2807 -32.318 66.7332
    endloop
  endfacet
  facet normal 0.81722 0.576326 -1.00046e-05
    outer loop
      vertex -48.3084 -32.2786 69
      vertex -48.2537 -32.3562 66.9077
      vertex -48.2738 -32.3277 66.8235
    endloop
  endfacet
  facet normal 0.817726 0.575607 2.9865e-05
    outer loop
      vertex -48.3084 -32.2786 69
      vertex -48.2019 -32.4298 67.125
      vertex -48.2537 -32.3562 66.9077
    endloop
  endfacet
  facet normal 0.817529 0.575888 -3.9967e-06
    outer loop
      vertex -48.3084 -32.2786 69
      vertex -48.0875 -32.5922 67.3839
      vertex -48.2019 -32.4298 67.125
    endloop
  endfacet
  facet normal 0.817583 0.57581 1.85501e-05
    outer loop
      vertex -48.3084 -32.2786 69
      vertex -47.9801 -32.7447 67.527
      vertex -48.0875 -32.5922 67.3839
    endloop
  endfacet
  facet normal 0.818046 0.575153 0.000329909
    outer loop
      vertex -48.3084 -32.2786 69
      vertex -47.9385 -32.8039 67.5825
      vertex -47.9801 -32.7447 67.527
    endloop
  endfacet
  facet normal 0.817598 0.57579 -2.31081e-05
    outer loop
      vertex -48.3084 -32.2786 69
      vertex -47.7649 -33.0504 67.7074
      vertex -47.9385 -32.8039 67.5825
    endloop
  endfacet
  facet normal 0.817332 0.576167 -0.000360084
    outer loop
      vertex -48.3084 -32.2786 69
      vertex -47.7128 -33.1243 67.7193
      vertex -47.7649 -33.0504 67.7074
    endloop
  endfacet
  facet normal 0.81765 0.575715 8.60447e-05
    outer loop
      vertex -48.3084 -32.2786 69
      vertex -47.5786 -33.3149 67.75
      vertex -47.7128 -33.1243 67.7193
    endloop
  endfacet
  facet normal 0.817589 0.575802 -2.12927e-05
    outer loop
      vertex -46.6664 -34.6101 69
      vertex -47.5786 -33.3149 67.75
      vertex -48.3084 -32.2786 69
    endloop
  endfacet
  facet normal 0.817658 0.575704 -0.000173362
    outer loop
      vertex -47.5786 -33.3149 67.75
      vertex -46.6664 -34.6101 69
      vertex -47.5265 -33.3889 67.7381
    endloop
  endfacet
  facet normal 0.817523 0.575896 0.000105881
    outer loop
      vertex -47.5265 -33.3889 67.7381
      vertex -46.6664 -34.6101 69
      vertex -47.3923 -33.5794 67.7074
    endloop
  endfacet
  facet normal 0.817566 0.575835 3.21381e-05
    outer loop
      vertex -47.3923 -33.5794 67.7074
      vertex -46.6664 -34.6101 69
      vertex -47.3437 -33.6484 67.6725
    endloop
  endfacet
  facet normal 0.817638 0.575733 -6.44308e-05
    outer loop
      vertex -46.6664 -34.6101 69
      vertex -47.1114 -33.9783 67.4395
      vertex -47.2187 -33.8259 67.5825
    endloop
  endfacet
  facet normal 0.817629 0.575745 -7.30442e-06
    outer loop
      vertex -46.8657 -34.3271 66.5906
      vertex -46.6664 -34.6101 69
      vertex -46.8588 -34.3369 66.5
    endloop
  endfacet
  facet normal 0.818161 0.57499 -0.000140021
    outer loop
      vertex -46.8833 -34.302 66.8235
      vertex -46.6664 -34.6101 69
      vertex -46.8657 -34.3271 66.5906
    endloop
  endfacet
  facet normal 0.817636 0.575736 1.79037e-05
    outer loop
      vertex -46.9552 -34.1999 67.125
      vertex -46.6664 -34.6101 69
      vertex -46.8833 -34.302 66.8235
    endloop
  endfacet
  facet normal 0.817438 0.576017 0.000109932
    outer loop
      vertex -47.0376 -34.083 67.3114
      vertex -46.6664 -34.6101 69
      vertex -46.9552 -34.1999 67.125
    endloop
  endfacet
  facet normal 0.817844 0.57544 -0.000159238
    outer loop
      vertex -47.0696 -34.0375 67.3839
      vertex -46.6664 -34.6101 69
      vertex -47.0376 -34.083 67.3114
    endloop
  endfacet
  facet normal 0.817076 0.576529 0.000418055
    outer loop
      vertex -47.1114 -33.9783 67.4395
      vertex -46.6664 -34.6101 69
      vertex -47.0696 -34.0375 67.3839
    endloop
  endfacet
  facet normal 0.817601 0.575786 -2.09359e-05
    outer loop
      vertex -47.3437 -33.6484 67.6725
      vertex -46.6664 -34.6101 69
      vertex -47.2187 -33.8259 67.5825
    endloop
  endfacet
  facet normal 0.818726 0.574185 -1.05971e-05
    outer loop
      vertex -48.2807 -32.318 66.2668
      vertex -48.3084 -32.2786 61
      vertex -48.2983 -32.2929 66.5
    endloop
  endfacet
  facet normal 0.815075 0.579355 4.72825e-05
    outer loop
      vertex -48.2738 -32.3277 66.1765
      vertex -48.3084 -32.2786 61
      vertex -48.2807 -32.318 66.2668
    endloop
  endfacet
  facet normal 0.817212 0.576337 4.36452e-06
    outer loop
      vertex -48.2537 -32.3562 66.0923
      vertex -48.3084 -32.2786 61
      vertex -48.2738 -32.3277 66.1765
    endloop
  endfacet
  facet normal 0.81775 0.575574 -1.30287e-05
    outer loop
      vertex -48.2019 -32.4298 65.875
      vertex -48.3084 -32.2786 61
      vertex -48.2537 -32.3562 66.0923
    endloop
  endfacet
  facet normal 0.817527 0.575891 1.65307e-06
    outer loop
      vertex -48.0875 -32.5922 65.6161
      vertex -48.3084 -32.2786 61
      vertex -48.2019 -32.4298 65.875
    endloop
  endfacet
  facet normal 0.817588 0.575803 -7.21692e-06
    outer loop
      vertex -47.9801 -32.7447 65.473
      vertex -48.3084 -32.2786 61
      vertex -48.0875 -32.5922 65.6161
    endloop
  endfacet
  facet normal 0.818135 0.575026 -0.000128348
    outer loop
      vertex -47.9385 -32.8039 65.4175
      vertex -48.3084 -32.2786 61
      vertex -47.9801 -32.7447 65.473
    endloop
  endfacet
  facet normal 0.817594 0.575795 8.30679e-06
    outer loop
      vertex -47.7649 -33.0504 65.2926
      vertex -48.3084 -32.2786 61
      vertex -47.9385 -32.8039 65.4175
    endloop
  endfacet
  facet normal 0.817314 0.576193 0.000115508
    outer loop
      vertex -47.7128 -33.1243 65.2807
      vertex -48.3084 -32.2786 61
      vertex -47.7649 -33.0504 65.2926
    endloop
  endfacet
  facet normal 0.817655 0.575709 -2.76027e-05
    outer loop
      vertex -47.5786 -33.3149 65.25
      vertex -48.3084 -32.2786 61
      vertex -47.7128 -33.1243 65.2807
    endloop
  endfacet
  facet normal 0.817667 0.575691 5.67066e-05
    outer loop
      vertex -46.6664 -34.6101 61
      vertex -47.5786 -33.3149 65.25
      vertex -47.5265 -33.3889 65.2619
    endloop
  endfacet
  facet normal 0.817517 0.575904 -3.46398e-05
    outer loop
      vertex -46.6664 -34.6101 61
      vertex -47.5265 -33.3889 65.2619
      vertex -47.3923 -33.5794 65.2926
    endloop
  endfacet
  facet normal 0.817561 0.575841 -1.21098e-05
    outer loop
      vertex -46.6664 -34.6101 61
      vertex -47.3923 -33.5794 65.2926
      vertex -47.3437 -33.6484 65.3275
    endloop
  endfacet
  facet normal 0.817604 0.575781 7.89207e-06
    outer loop
      vertex -46.6664 -34.6101 61
      vertex -47.3437 -33.6484 65.3275
      vertex -47.2187 -33.8259 65.4175
    endloop
  endfacet
  facet normal 0.817654 0.57571 2.69231e-05
    outer loop
      vertex -46.6664 -34.6101 61
      vertex -47.2187 -33.8259 65.4175
      vertex -47.1114 -33.9783 65.5605
    endloop
  endfacet
  facet normal 0.816969 0.576682 -0.000174688
    outer loop
      vertex -46.6664 -34.6101 61
      vertex -47.1114 -33.9783 65.5605
      vertex -47.0696 -34.0375 65.6161
    endloop
  endfacet
  facet normal 0.817908 0.575348 7.28342e-05
    outer loop
      vertex -46.6664 -34.6101 61
      vertex -47.0696 -34.0375 65.6161
      vertex -47.0376 -34.083 65.6886
    endloop
  endfacet
  facet normal 0.817393 0.57608 -5.02817e-05
    outer loop
      vertex -46.6664 -34.6101 61
      vertex -47.0376 -34.083 65.6886
      vertex -46.9552 -34.1999 65.875
    endloop
  endfacet
  facet normal 0.817598 0.57579 -0
    outer loop
      vertex -46.6664 -34.6101 61
      vertex -46.8588 -34.3369 66.5
      vertex -46.6664 -34.6101 69
    endloop
  endfacet
  facet normal 0.817641 0.575728 4.5741e-06
    outer loop
      vertex -46.8588 -34.3369 66.5
      vertex -46.6664 -34.6101 61
      vertex -46.8657 -34.3271 66.4094
    endloop
  endfacet
  facet normal 0.817589 0.575802 6.26257e-06
    outer loop
      vertex -47.5786 -33.3149 65.25
      vertex -46.6664 -34.6101 61
      vertex -48.3084 -32.2786 61
    endloop
  endfacet
  facet normal 0.817624 0.575753 -9.07867e-06
    outer loop
      vertex -46.8833 -34.302 66.1765
      vertex -46.6664 -34.6101 61
      vertex -46.9552 -34.1999 65.875
    endloop
  endfacet
  facet normal 0.818389 0.574665 8.77686e-05
    outer loop
      vertex -46.8657 -34.3271 66.4094
      vertex -46.6664 -34.6101 61
      vertex -46.8833 -34.302 66.1765
    endloop
  endfacet
  facet normal 0.893211 0.449639 0
    outer loop
      vertex -51.2396 -27.3881 69
      vertex -52.5218 -24.841 61
      vertex -52.5218 -24.841 69
    endloop
  endfacet
  facet normal 0.893211 0.449639 0
    outer loop
      vertex -52.5218 -24.841 61
      vertex -51.2396 -27.3881 69
      vertex -51.2396 -27.3881 61
    endloop
  endfacet
  facet normal 0 0 1
    outer loop
      vertex 43 0 61
      vertex 58.1 0 61
      vertex 58.03 2.85083 61
    endloop
  endfacet
  facet normal 0 0 1
    outer loop
      vertex 42.9482 2.10991 61
      vertex 58.03 2.85083 61
      vertex 57.8202 5.6948 61
    endloop
  endfacet
  facet normal 0 0 1
    outer loop
      vertex 58.1 0 61
      vertex 43 0 61
      vertex 58.03 -2.85083 61
    endloop
  endfacet
  facet normal 0 0 1
    outer loop
      vertex 42.7929 4.21474 61
      vertex 57.8202 5.6948 61
      vertex 57.4712 8.52504 61
    endloop
  endfacet
  facet normal -0 0 1
    outer loop
      vertex 42.9482 -2.10991 61
      vertex 58.03 -2.85083 61
      vertex 43 0 61
    endloop
  endfacet
  facet normal 0 0 1
    outer loop
      vertex 42.5346 6.30941 61
      vertex 57.4712 8.52504 61
      vertex 56.9836 11.3347 61
    endloop
  endfacet
  facet normal 0 0 1
    outer loop
      vertex 58.03 -2.85083 61
      vertex 42.9482 -2.10991 61
      vertex 57.8202 -5.6948 61
    endloop
  endfacet
  facet normal 0 0 1
    outer loop
      vertex 42.1738 8.38888 61
      vertex 56.9836 11.3347 61
      vertex 56.3588 14.1171 61
    endloop
  endfacet
  facet normal -0 0 1
    outer loop
      vertex 42.7929 -4.21474 61
      vertex 57.8202 -5.6948 61
      vertex 42.9482 -2.10991 61
    endloop
  endfacet
  facet normal 0 0 1
    outer loop
      vertex 41.7113 10.4481 61
      vertex 56.3588 14.1171 61
      vertex 55.5982 16.8655 61
    endloop
  endfacet
  facet normal 0 0 1
    outer loop
      vertex 57.8202 -5.6948 61
      vertex 42.7929 -4.21474 61
      vertex 57.4712 -8.52504 61
    endloop
  endfacet
  facet normal 0 0 1
    outer loop
      vertex 41.1484 12.4822 61
      vertex 55.5982 16.8655 61
      vertex 54.7037 19.5733 61
    endloop
  endfacet
  facet normal -0 0 1
    outer loop
      vertex 42.5346 -6.30941 61
      vertex 57.4712 -8.52504 61
      vertex 42.7929 -4.21474 61
    endloop
  endfacet
  facet normal 0 0 1
    outer loop
      vertex 40.4864 14.4863 61
      vertex 54.7037 19.5733 61
      vertex 53.6774 22.2339 61
    endloop
  endfacet
  facet normal 0 0 1
    outer loop
      vertex 57.4712 -8.52504 61
      vertex 42.5346 -6.30941 61
      vertex 56.9836 -11.3347 61
    endloop
  endfacet
  facet normal 0 0 1
    outer loop
      vertex 39.7268 16.4554 61
      vertex 53.6774 22.2339 61
      vertex 52.5218 24.841 61
    endloop
  endfacet
  facet normal -0 0 1
    outer loop
      vertex 42.1738 -8.38888 61
      vertex 56.9836 -11.3347 61
      vertex 42.5346 -6.30941 61
    endloop
  endfacet
  facet normal 0 0 1
    outer loop
      vertex 38.8715 18.3849 61
      vertex 52.5218 24.841 61
      vertex 51.2396 27.3881 61
    endloop
  endfacet
  facet normal 0 0 1
    outer loop
      vertex 56.9836 -11.3347 61
      vertex 42.1738 -8.38888 61
      vertex 56.3588 -14.1171 61
    endloop
  endfacet
  facet normal 0 0 1
    outer loop
      vertex 37.9226 20.2701 61
      vertex 51.2396 27.3881 61
      vertex 49.834 29.8694 61
    endloop
  endfacet
  facet normal -0 0 1
    outer loop
      vertex 41.7113 -10.4481 61
      vertex 56.3588 -14.1171 61
      vertex 42.1738 -8.38888 61
    endloop
  endfacet
  facet normal 0 0 1
    outer loop
      vertex 36.8823 22.1064 61
      vertex 49.834 29.8694 61
      vertex 48.3084 32.2786 61
    endloop
  endfacet
  facet normal 0 0 1
    outer loop
      vertex 56.3588 -14.1171 61
      vertex 41.7113 -10.4481 61
      vertex 55.5982 -16.8655 61
    endloop
  endfacet
  facet normal 0 0 1
    outer loop
      vertex 35.7532 23.8895 61
      vertex 48.3084 32.2786 61
      vertex 46.6664 34.6101 61
    endloop
  endfacet
  facet normal -0 0 1
    outer loop
      vertex 41.1484 -12.4822 61
      vertex 55.5982 -16.8655 61
      vertex 41.7113 -10.4481 61
    endloop
  endfacet
  facet normal 0 0 1
    outer loop
      vertex 34.5379 25.6151 61
      vertex 46.6664 34.6101 61
      vertex 44.9119 36.8582 61
    endloop
  endfacet
  facet normal 0 0 1
    outer loop
      vertex 55.5982 -16.8655 61
      vertex 41.1484 -12.4822 61
      vertex 54.7037 -19.5733 61
    endloop
  endfacet
  facet normal 0 0 1
    outer loop
      vertex 33.2394 27.2789 61
      vertex 44.9119 36.8582 61
      vertex 43.0493 39.0176 61
    endloop
  endfacet
  facet normal -0 0 1
    outer loop
      vertex 40.4864 -14.4863 61
      vertex 54.7037 -19.5733 61
      vertex 41.1484 -12.4822 61
    endloop
  endfacet
  facet normal 0 0 1
    outer loop
      vertex 54.7037 -19.5733 61
      vertex 40.4864 -14.4863 61
      vertex 53.6774 -22.2339 61
    endloop
  endfacet
  facet normal 0 0 1
    outer loop
      vertex 58.03 2.85083 61
      vertex 42.9482 2.10991 61
      vertex 43 0 61
    endloop
  endfacet
  facet normal 0 0 1
    outer loop
      vertex 57.8202 5.6948 61
      vertex 42.7929 4.21474 61
      vertex 42.9482 2.10991 61
    endloop
  endfacet
  facet normal 0 0 1
    outer loop
      vertex 57.4712 8.52504 61
      vertex 42.5346 6.30941 61
      vertex 42.7929 4.21474 61
    endloop
  endfacet
  facet normal 0 0 1
    outer loop
      vertex 56.9836 11.3347 61
      vertex 42.1738 8.38888 61
      vertex 42.5346 6.30941 61
    endloop
  endfacet
  facet normal 0 0 1
    outer loop
      vertex 56.3588 14.1171 61
      vertex 41.7113 10.4481 61
      vertex 42.1738 8.38888 61
    endloop
  endfacet
  facet normal 0 0 1
    outer loop
      vertex 55.5982 16.8655 61
      vertex 41.1484 12.4822 61
      vertex 41.7113 10.4481 61
    endloop
  endfacet
  facet normal 0 0 1
    outer loop
      vertex 31.8609 28.877 61
      vertex 43.0493 39.0176 61
      vertex 41.0829 41.0829 61
    endloop
  endfacet
  facet normal 0 0 1
    outer loop
      vertex 54.7037 19.5733 61
      vertex 40.4864 14.4863 61
      vertex 41.1484 12.4822 61
    endloop
  endfacet
  facet normal 0 0 1
    outer loop
      vertex 53.6774 22.2339 61
      vertex 39.7268 16.4554 61
      vertex 40.4864 14.4863 61
    endloop
  endfacet
  facet normal 0 0 1
    outer loop
      vertex 30.4056 30.4056 61
      vertex 41.0829 41.0829 61
      vertex 39.0176 43.0493 61
    endloop
  endfacet
  facet normal 0 0 1
    outer loop
      vertex 52.5218 24.841 61
      vertex 38.8715 18.3849 61
      vertex 39.7268 16.4554 61
    endloop
  endfacet
  facet normal 0 0 1
    outer loop
      vertex 51.2396 27.3881 61
      vertex 37.9226 20.2701 61
      vertex 38.8715 18.3849 61
    endloop
  endfacet
  facet normal 0 0 1
    outer loop
      vertex 49.834 29.8694 61
      vertex 36.8823 22.1064 61
      vertex 37.9226 20.2701 61
    endloop
  endfacet
  facet normal 0 0 1
    outer loop
      vertex 28.877 31.8609 61
      vertex 39.0176 43.0493 61
      vertex 36.8582 44.9119 61
    endloop
  endfacet
  facet normal 0 0 1
    outer loop
      vertex 48.3084 32.2786 61
      vertex 35.7532 23.8895 61
      vertex 36.8823 22.1064 61
    endloop
  endfacet
  facet normal 0 0 1
    outer loop
      vertex 27.2789 33.2394 61
      vertex 36.8582 44.9119 61
      vertex 34.6101 46.6664 61
    endloop
  endfacet
  facet normal 0 0 1
    outer loop
      vertex 46.6664 34.6101 61
      vertex 34.5379 25.6151 61
      vertex 35.7532 23.8895 61
    endloop
  endfacet
  facet normal 0 0 1
    outer loop
      vertex 44.9119 36.8582 61
      vertex 33.2394 27.2789 61
      vertex 34.5379 25.6151 61
    endloop
  endfacet
  facet normal 0 0 1
    outer loop
      vertex 25.6151 34.5379 61
      vertex 34.6101 46.6664 61
      vertex 32.2786 48.3084 61
    endloop
  endfacet
  facet normal 0 0 1
    outer loop
      vertex 43.0493 39.0176 61
      vertex 31.8609 28.877 61
      vertex 33.2394 27.2789 61
    endloop
  endfacet
  facet normal 0 0 1
    outer loop
      vertex 41.0829 41.0829 61
      vertex 30.4056 30.4056 61
      vertex 31.8609 28.877 61
    endloop
  endfacet
  facet normal 0 0 1
    outer loop
      vertex 23.8895 35.7532 61
      vertex 32.2786 48.3084 61
      vertex 29.8694 49.834 61
    endloop
  endfacet
  facet normal 0 0 1
    outer loop
      vertex 39.0176 43.0493 61
      vertex 28.877 31.8609 61
      vertex 30.4056 30.4056 61
    endloop
  endfacet
  facet normal 0 0 1
    outer loop
      vertex 22.1064 36.8823 61
      vertex 29.8694 49.834 61
      vertex 27.3881 51.2396 61
    endloop
  endfacet
  facet normal 0 0 1
    outer loop
      vertex 36.8582 44.9119 61
      vertex 27.2789 33.2394 61
      vertex 28.877 31.8609 61
    endloop
  endfacet
  facet normal 0 0 1
    outer loop
      vertex 34.6101 46.6664 61
      vertex 25.6151 34.5379 61
      vertex 27.2789 33.2394 61
    endloop
  endfacet
  facet normal 0 0 1
    outer loop
      vertex 20.2701 37.9226 61
      vertex 27.3881 51.2396 61
      vertex 24.841 52.5218 61
    endloop
  endfacet
  facet normal 0 0 1
    outer loop
      vertex 32.2786 48.3084 61
      vertex 23.8895 35.7532 61
      vertex 25.6151 34.5379 61
    endloop
  endfacet
  facet normal 0 0 1
    outer loop
      vertex 18.3849 38.8715 61
      vertex 24.841 52.5218 61
      vertex 22.2339 53.6774 61
    endloop
  endfacet
  facet normal 0 0 1
    outer loop
      vertex 29.8694 49.834 61
      vertex 22.1064 36.8823 61
      vertex 23.8895 35.7532 61
    endloop
  endfacet
  facet normal 0 0 1
    outer loop
      vertex 27.3881 51.2396 61
      vertex 20.2701 37.9226 61
      vertex 22.1064 36.8823 61
    endloop
  endfacet
  facet normal 0 0 1
    outer loop
      vertex 16.4554 39.7268 61
      vertex 22.2339 53.6774 61
      vertex 19.5733 54.7037 61
    endloop
  endfacet
  facet normal 0 0 1
    outer loop
      vertex 24.841 52.5218 61
      vertex 18.3849 38.8715 61
      vertex 20.2701 37.9226 61
    endloop
  endfacet
  facet normal 0 0 1
    outer loop
      vertex 14.4863 40.4864 61
      vertex 19.5733 54.7037 61
      vertex 16.8655 55.5982 61
    endloop
  endfacet
  facet normal 0 0 1
    outer loop
      vertex 22.2339 53.6774 61
      vertex 16.4554 39.7268 61
      vertex 18.3849 38.8715 61
    endloop
  endfacet
  facet normal 0 0 1
    outer loop
      vertex 19.5733 54.7037 61
      vertex 14.4863 40.4864 61
      vertex 16.4554 39.7268 61
    endloop
  endfacet
  facet normal 0 0 1
    outer loop
      vertex 12.4822 41.1484 61
      vertex 16.8655 55.5982 61
      vertex 14.1171 56.3588 61
    endloop
  endfacet
  facet normal 0 0 1
    outer loop
      vertex 16.8655 55.5982 61
      vertex 12.4822 41.1484 61
      vertex 14.4863 40.4864 61
    endloop
  endfacet
  facet normal 0 0 1
    outer loop
      vertex 10.4481 41.7113 61
      vertex 14.1171 56.3588 61
      vertex 11.3347 56.9836 61
    endloop
  endfacet
  facet normal 0 0 1
    outer loop
      vertex 14.1171 56.3588 61
      vertex 10.4481 41.7113 61
      vertex 12.4822 41.1484 61
    endloop
  endfacet
  facet normal 0 0 1
    outer loop
      vertex 8.38888 42.1738 61
      vertex 11.3347 56.9836 61
      vertex 8.52504 57.4712 61
    endloop
  endfacet
  facet normal 0 0 1
    outer loop
      vertex 11.3347 56.9836 61
      vertex 8.38888 42.1738 61
      vertex 10.4481 41.7113 61
    endloop
  endfacet
  facet normal 0 0 1
    outer loop
      vertex 8.52504 57.4712 61
      vertex 6.30941 42.5346 61
      vertex 8.38888 42.1738 61
    endloop
  endfacet
  facet normal 0 0 1
    outer loop
      vertex 5.6948 57.8202 61
      vertex 6.30941 42.5346 61
      vertex 8.52504 57.4712 61
    endloop
  endfacet
  facet normal 0 0 1
    outer loop
      vertex 5.6948 57.8202 61
      vertex 4.21474 42.7929 61
      vertex 6.30941 42.5346 61
    endloop
  endfacet
  facet normal 0 0 1
    outer loop
      vertex 2.85083 58.03 61
      vertex 4.21474 42.7929 61
      vertex 5.6948 57.8202 61
    endloop
  endfacet
  facet normal 0 0 1
    outer loop
      vertex 2.85083 58.03 61
      vertex 2.10991 42.9482 61
      vertex 4.21474 42.7929 61
    endloop
  endfacet
  facet normal 0 0 1
    outer loop
      vertex 0 58.1 61
      vertex 2.10991 42.9482 61
      vertex 2.85083 58.03 61
    endloop
  endfacet
  facet normal 0 0 1
    outer loop
      vertex 0 58.1 61
      vertex 0 43 61
      vertex 2.10991 42.9482 61
    endloop
  endfacet
  facet normal 0 0 1
    outer loop
      vertex 0 58.1 61
      vertex -2.10991 42.9482 61
      vertex 0 43 61
    endloop
  endfacet
  facet normal -0 0 1
    outer loop
      vertex -2.85083 58.03 61
      vertex -2.10991 42.9482 61
      vertex 0 58.1 61
    endloop
  endfacet
  facet normal 0 0 1
    outer loop
      vertex -2.85083 58.03 61
      vertex -4.21474 42.7929 61
      vertex -2.10991 42.9482 61
    endloop
  endfacet
  facet normal -0 0 1
    outer loop
      vertex -5.6948 57.8202 61
      vertex -4.21474 42.7929 61
      vertex -2.85083 58.03 61
    endloop
  endfacet
  facet normal 0 0 1
    outer loop
      vertex -5.6948 57.8202 61
      vertex -6.30941 42.5346 61
      vertex -4.21474 42.7929 61
    endloop
  endfacet
  facet normal -0 0 1
    outer loop
      vertex -8.52504 57.4712 61
      vertex -6.30941 42.5346 61
      vertex -5.6948 57.8202 61
    endloop
  endfacet
  facet normal 0 0 1
    outer loop
      vertex -6.30941 42.5346 61
      vertex -8.52504 57.4712 61
      vertex -8.38888 42.1738 61
    endloop
  endfacet
  facet normal -0 0 1
    outer loop
      vertex -11.3347 56.9836 61
      vertex -8.38888 42.1738 61
      vertex -8.52504 57.4712 61
    endloop
  endfacet
  facet normal 0 0 1
    outer loop
      vertex -8.38888 42.1738 61
      vertex -11.3347 56.9836 61
      vertex -10.4481 41.7113 61
    endloop
  endfacet
  facet normal -0 0 1
    outer loop
      vertex -14.1171 56.3588 61
      vertex -10.4481 41.7113 61
      vertex -11.3347 56.9836 61
    endloop
  endfacet
  facet normal 0 0 1
    outer loop
      vertex -10.4481 41.7113 61
      vertex -14.1171 56.3588 61
      vertex -12.4822 41.1484 61
    endloop
  endfacet
  facet normal -0 0 1
    outer loop
      vertex -16.8655 55.5982 61
      vertex -12.4822 41.1484 61
      vertex -14.1171 56.3588 61
    endloop
  endfacet
  facet normal 0 0 1
    outer loop
      vertex -12.4822 41.1484 61
      vertex -16.8655 55.5982 61
      vertex -14.4863 40.4864 61
    endloop
  endfacet
  facet normal -0 0 1
    outer loop
      vertex -19.5733 54.7037 61
      vertex -14.4863 40.4864 61
      vertex -16.8655 55.5982 61
    endloop
  endfacet
  facet normal 0 0 1
    outer loop
      vertex -14.4863 40.4864 61
      vertex -19.5733 54.7037 61
      vertex -16.4554 39.7268 61
    endloop
  endfacet
  facet normal -0 0 1
    outer loop
      vertex -22.2339 53.6774 61
      vertex -16.4554 39.7268 61
      vertex -19.5733 54.7037 61
    endloop
  endfacet
  facet normal 0 0 1
    outer loop
      vertex -16.4554 39.7268 61
      vertex -22.2339 53.6774 61
      vertex -18.3849 38.8715 61
    endloop
  endfacet
  facet normal -0 0 1
    outer loop
      vertex -24.841 52.5218 61
      vertex -18.3849 38.8715 61
      vertex -22.2339 53.6774 61
    endloop
  endfacet
  facet normal 0 0 1
    outer loop
      vertex -18.3849 38.8715 61
      vertex -24.841 52.5218 61
      vertex -20.2701 37.9226 61
    endloop
  endfacet
  facet normal -0 0 1
    outer loop
      vertex -27.3881 51.2396 61
      vertex -20.2701 37.9226 61
      vertex -24.841 52.5218 61
    endloop
  endfacet
  facet normal 0 0 1
    outer loop
      vertex -20.2701 37.9226 61
      vertex -27.3881 51.2396 61
      vertex -22.1064 36.8823 61
    endloop
  endfacet
  facet normal -0 0 1
    outer loop
      vertex -29.8694 49.834 61
      vertex -22.1064 36.8823 61
      vertex -27.3881 51.2396 61
    endloop
  endfacet
  facet normal 0 0 1
    outer loop
      vertex -22.1064 36.8823 61
      vertex -29.8694 49.834 61
      vertex -23.8895 35.7532 61
    endloop
  endfacet
  facet normal -0 0 1
    outer loop
      vertex -32.2786 48.3084 61
      vertex -23.8895 35.7532 61
      vertex -29.8694 49.834 61
    endloop
  endfacet
  facet normal 0 0 1
    outer loop
      vertex -23.8895 35.7532 61
      vertex -32.2786 48.3084 61
      vertex -25.6151 34.5379 61
    endloop
  endfacet
  facet normal -0 0 1
    outer loop
      vertex -34.6101 46.6664 61
      vertex -25.6151 34.5379 61
      vertex -32.2786 48.3084 61
    endloop
  endfacet
  facet normal 0 0 1
    outer loop
      vertex -25.6151 34.5379 61
      vertex -34.6101 46.6664 61
      vertex -27.2789 33.2394 61
    endloop
  endfacet
  facet normal -0 0 1
    outer loop
      vertex -36.8582 44.9119 61
      vertex -27.2789 33.2394 61
      vertex -34.6101 46.6664 61
    endloop
  endfacet
  facet normal 0 0 1
    outer loop
      vertex -27.2789 33.2394 61
      vertex -36.8582 44.9119 61
      vertex -28.877 31.8609 61
    endloop
  endfacet
  facet normal -0 0 1
    outer loop
      vertex -39.0176 43.0493 61
      vertex -28.877 31.8609 61
      vertex -36.8582 44.9119 61
    endloop
  endfacet
  facet normal 0 0 1
    outer loop
      vertex -28.877 31.8609 61
      vertex -39.0176 43.0493 61
      vertex -30.4056 30.4056 61
    endloop
  endfacet
  facet normal -0 0 1
    outer loop
      vertex -41.0829 41.0829 61
      vertex -30.4056 30.4056 61
      vertex -39.0176 43.0493 61
    endloop
  endfacet
  facet normal 0 0 1
    outer loop
      vertex -30.4056 30.4056 61
      vertex -41.0829 41.0829 61
      vertex -31.8609 28.877 61
    endloop
  endfacet
  facet normal -0 0 1
    outer loop
      vertex -43.0493 39.0176 61
      vertex -31.8609 28.877 61
      vertex -41.0829 41.0829 61
    endloop
  endfacet
  facet normal 0 0 1
    outer loop
      vertex -31.8609 28.877 61
      vertex -43.0493 39.0176 61
      vertex -33.2394 27.2789 61
    endloop
  endfacet
  facet normal -0 0 1
    outer loop
      vertex -44.9119 36.8582 61
      vertex -33.2394 27.2789 61
      vertex -43.0493 39.0176 61
    endloop
  endfacet
  facet normal 0 0 1
    outer loop
      vertex -33.2394 27.2789 61
      vertex -44.9119 36.8582 61
      vertex -34.5379 25.6151 61
    endloop
  endfacet
  facet normal -0 0 1
    outer loop
      vertex -46.6664 34.6101 61
      vertex -34.5379 25.6151 61
      vertex -44.9119 36.8582 61
    endloop
  endfacet
  facet normal 0 0 1
    outer loop
      vertex -34.5379 25.6151 61
      vertex -46.6664 34.6101 61
      vertex -35.7532 23.8895 61
    endloop
  endfacet
  facet normal -0 0 1
    outer loop
      vertex -48.3084 32.2786 61
      vertex -35.7532 23.8895 61
      vertex -46.6664 34.6101 61
    endloop
  endfacet
  facet normal 0 0 1
    outer loop
      vertex -35.7532 23.8895 61
      vertex -48.3084 32.2786 61
      vertex -36.8823 22.1064 61
    endloop
  endfacet
  facet normal -0 0 1
    outer loop
      vertex -49.834 29.8694 61
      vertex -36.8823 22.1064 61
      vertex -48.3084 32.2786 61
    endloop
  endfacet
  facet normal 0 0 1
    outer loop
      vertex -36.8823 22.1064 61
      vertex -49.834 29.8694 61
      vertex -37.9226 20.2701 61
    endloop
  endfacet
  facet normal -0 0 1
    outer loop
      vertex -51.2396 27.3881 61
      vertex -37.9226 20.2701 61
      vertex -49.834 29.8694 61
    endloop
  endfacet
  facet normal 0 0 1
    outer loop
      vertex -37.9226 20.2701 61
      vertex -51.2396 27.3881 61
      vertex -38.8715 18.3849 61
    endloop
  endfacet
  facet normal -0 0 1
    outer loop
      vertex -52.5218 24.841 61
      vertex -38.8715 18.3849 61
      vertex -51.2396 27.3881 61
    endloop
  endfacet
  facet normal 0 0 1
    outer loop
      vertex -38.8715 18.3849 61
      vertex -52.5218 24.841 61
      vertex -39.7268 16.4554 61
    endloop
  endfacet
  facet normal 0 0 1
    outer loop
      vertex -39.7268 16.4554 61
      vertex -53.6774 22.2339 61
      vertex -40.4864 14.4863 61
    endloop
  endfacet
  facet normal -0 0 1
    outer loop
      vertex -53.6774 22.2339 61
      vertex -39.7268 16.4554 61
      vertex -52.5218 24.841 61
    endloop
  endfacet
  facet normal -0 0 1
    outer loop
      vertex 39.7268 -16.4554 61
      vertex 53.6774 -22.2339 61
      vertex 40.4864 -14.4863 61
    endloop
  endfacet
  facet normal 0 0 1
    outer loop
      vertex 53.6774 -22.2339 61
      vertex 39.7268 -16.4554 61
      vertex 52.5218 -24.841 61
    endloop
  endfacet
  facet normal -0 0 1
    outer loop
      vertex 38.8715 -18.3849 61
      vertex 52.5218 -24.841 61
      vertex 39.7268 -16.4554 61
    endloop
  endfacet
  facet normal 0 0 1
    outer loop
      vertex 52.5218 -24.841 61
      vertex 38.8715 -18.3849 61
      vertex 51.2396 -27.3881 61
    endloop
  endfacet
  facet normal -0 0 1
    outer loop
      vertex 37.9226 -20.2701 61
      vertex 51.2396 -27.3881 61
      vertex 38.8715 -18.3849 61
    endloop
  endfacet
  facet normal 0 0 1
    outer loop
      vertex 51.2396 -27.3881 61
      vertex 37.9226 -20.2701 61
      vertex 49.834 -29.8694 61
    endloop
  endfacet
  facet normal -0 0 1
    outer loop
      vertex 36.8823 -22.1064 61
      vertex 49.834 -29.8694 61
      vertex 37.9226 -20.2701 61
    endloop
  endfacet
  facet normal 0 0 1
    outer loop
      vertex 49.834 -29.8694 61
      vertex 36.8823 -22.1064 61
      vertex 48.3084 -32.2786 61
    endloop
  endfacet
  facet normal -0 0 1
    outer loop
      vertex 35.7532 -23.8895 61
      vertex 48.3084 -32.2786 61
      vertex 36.8823 -22.1064 61
    endloop
  endfacet
  facet normal 0 0 1
    outer loop
      vertex 48.3084 -32.2786 61
      vertex 35.7532 -23.8895 61
      vertex 46.6664 -34.6101 61
    endloop
  endfacet
  facet normal -0 0 1
    outer loop
      vertex 34.5379 -25.6151 61
      vertex 46.6664 -34.6101 61
      vertex 35.7532 -23.8895 61
    endloop
  endfacet
  facet normal 0 0 1
    outer loop
      vertex 46.6664 -34.6101 61
      vertex 34.5379 -25.6151 61
      vertex 44.9119 -36.8582 61
    endloop
  endfacet
  facet normal -0 0 1
    outer loop
      vertex 33.2394 -27.2789 61
      vertex 44.9119 -36.8582 61
      vertex 34.5379 -25.6151 61
    endloop
  endfacet
  facet normal 0 0 1
    outer loop
      vertex 44.9119 -36.8582 61
      vertex 33.2394 -27.2789 61
      vertex 43.0493 -39.0176 61
    endloop
  endfacet
  facet normal -0 0 1
    outer loop
      vertex 31.8609 -28.877 61
      vertex 43.0493 -39.0176 61
      vertex 33.2394 -27.2789 61
    endloop
  endfacet
  facet normal 0 0 1
    outer loop
      vertex 43.0493 -39.0176 61
      vertex 31.8609 -28.877 61
      vertex 41.0829 -41.0829 61
    endloop
  endfacet
  facet normal -0 0 1
    outer loop
      vertex 30.4056 -30.4056 61
      vertex 41.0829 -41.0829 61
      vertex 31.8609 -28.877 61
    endloop
  endfacet
  facet normal 0 0 1
    outer loop
      vertex 41.0829 -41.0829 61
      vertex 30.4056 -30.4056 61
      vertex 39.0176 -43.0493 61
    endloop
  endfacet
  facet normal -0 0 1
    outer loop
      vertex 28.877 -31.8609 61
      vertex 39.0176 -43.0493 61
      vertex 30.4056 -30.4056 61
    endloop
  endfacet
  facet normal 0 0 1
    outer loop
      vertex 39.0176 -43.0493 61
      vertex 28.877 -31.8609 61
      vertex 36.8582 -44.9119 61
    endloop
  endfacet
  facet normal -0 0 1
    outer loop
      vertex 27.2789 -33.2394 61
      vertex 36.8582 -44.9119 61
      vertex 28.877 -31.8609 61
    endloop
  endfacet
  facet normal 0 0 1
    outer loop
      vertex 36.8582 -44.9119 61
      vertex 27.2789 -33.2394 61
      vertex 34.6101 -46.6664 61
    endloop
  endfacet
  facet normal -0 0 1
    outer loop
      vertex 25.6151 -34.5379 61
      vertex 34.6101 -46.6664 61
      vertex 27.2789 -33.2394 61
    endloop
  endfacet
  facet normal 0 0 1
    outer loop
      vertex 34.6101 -46.6664 61
      vertex 25.6151 -34.5379 61
      vertex 32.2786 -48.3084 61
    endloop
  endfacet
  facet normal -0 0 1
    outer loop
      vertex 23.8895 -35.7532 61
      vertex 32.2786 -48.3084 61
      vertex 25.6151 -34.5379 61
    endloop
  endfacet
  facet normal 0 0 1
    outer loop
      vertex 32.2786 -48.3084 61
      vertex 23.8895 -35.7532 61
      vertex 29.8694 -49.834 61
    endloop
  endfacet
  facet normal -0 0 1
    outer loop
      vertex 22.1064 -36.8823 61
      vertex 29.8694 -49.834 61
      vertex 23.8895 -35.7532 61
    endloop
  endfacet
  facet normal 0 0 1
    outer loop
      vertex 29.8694 -49.834 61
      vertex 22.1064 -36.8823 61
      vertex 27.3881 -51.2396 61
    endloop
  endfacet
  facet normal -0 0 1
    outer loop
      vertex 20.2701 -37.9226 61
      vertex 27.3881 -51.2396 61
      vertex 22.1064 -36.8823 61
    endloop
  endfacet
  facet normal 0 0 1
    outer loop
      vertex 27.3881 -51.2396 61
      vertex 20.2701 -37.9226 61
      vertex 24.841 -52.5218 61
    endloop
  endfacet
  facet normal -0 0 1
    outer loop
      vertex 18.3849 -38.8715 61
      vertex 24.841 -52.5218 61
      vertex 20.2701 -37.9226 61
    endloop
  endfacet
  facet normal 0 0 1
    outer loop
      vertex 24.841 -52.5218 61
      vertex 18.3849 -38.8715 61
      vertex 22.2339 -53.6774 61
    endloop
  endfacet
  facet normal -0 0 1
    outer loop
      vertex 16.4554 -39.7268 61
      vertex 22.2339 -53.6774 61
      vertex 18.3849 -38.8715 61
    endloop
  endfacet
  facet normal 0 0 1
    outer loop
      vertex 22.2339 -53.6774 61
      vertex 16.4554 -39.7268 61
      vertex 19.5733 -54.7037 61
    endloop
  endfacet
  facet normal -0 0 1
    outer loop
      vertex 14.4863 -40.4864 61
      vertex 19.5733 -54.7037 61
      vertex 16.4554 -39.7268 61
    endloop
  endfacet
  facet normal 0 0 1
    outer loop
      vertex 19.5733 -54.7037 61
      vertex 14.4863 -40.4864 61
      vertex 16.8655 -55.5982 61
    endloop
  endfacet
  facet normal -0 0 1
    outer loop
      vertex 12.4822 -41.1484 61
      vertex 16.8655 -55.5982 61
      vertex 14.4863 -40.4864 61
    endloop
  endfacet
  facet normal 0 0 1
    outer loop
      vertex 16.8655 -55.5982 61
      vertex 12.4822 -41.1484 61
      vertex 14.1171 -56.3588 61
    endloop
  endfacet
  facet normal -0 0 1
    outer loop
      vertex 10.4481 -41.7113 61
      vertex 14.1171 -56.3588 61
      vertex 12.4822 -41.1484 61
    endloop
  endfacet
  facet normal 0 0 1
    outer loop
      vertex 14.1171 -56.3588 61
      vertex 10.4481 -41.7113 61
      vertex 11.3347 -56.9836 61
    endloop
  endfacet
  facet normal -0 0 1
    outer loop
      vertex 8.38888 -42.1738 61
      vertex 11.3347 -56.9836 61
      vertex 10.4481 -41.7113 61
    endloop
  endfacet
  facet normal 0 0 1
    outer loop
      vertex 11.3347 -56.9836 61
      vertex 8.38888 -42.1738 61
      vertex 8.52504 -57.4712 61
    endloop
  endfacet
  facet normal -0 0 1
    outer loop
      vertex 6.30941 -42.5346 61
      vertex 8.52504 -57.4712 61
      vertex 8.38888 -42.1738 61
    endloop
  endfacet
  facet normal 0 0 1
    outer loop
      vertex 6.30941 -42.5346 61
      vertex 5.6948 -57.8202 61
      vertex 8.52504 -57.4712 61
    endloop
  endfacet
  facet normal -0 0 1
    outer loop
      vertex 4.21474 -42.7929 61
      vertex 5.6948 -57.8202 61
      vertex 6.30941 -42.5346 61
    endloop
  endfacet
  facet normal 0 0 1
    outer loop
      vertex 4.21474 -42.7929 61
      vertex 2.85083 -58.03 61
      vertex 5.6948 -57.8202 61
    endloop
  endfacet
  facet normal -0 0 1
    outer loop
      vertex 2.10991 -42.9482 61
      vertex 2.85083 -58.03 61
      vertex 4.21474 -42.7929 61
    endloop
  endfacet
  facet normal -0 0 1
    outer loop
      vertex 0 -43 61
      vertex 2.85083 -58.03 61
      vertex 2.10991 -42.9482 61
    endloop
  endfacet
  facet normal 0 0 1
    outer loop
      vertex 0 -43 61
      vertex 0 -58.1 61
      vertex 2.85083 -58.03 61
    endloop
  endfacet
  facet normal 0 0 1
    outer loop
      vertex -2.10991 -42.9482 61
      vertex 0 -58.1 61
      vertex 0 -43 61
    endloop
  endfacet
  facet normal 0 0 1
    outer loop
      vertex -2.10991 -42.9482 61
      vertex -2.85083 -58.03 61
      vertex 0 -58.1 61
    endloop
  endfacet
  facet normal 0 0 1
    outer loop
      vertex -4.21474 -42.7929 61
      vertex -2.85083 -58.03 61
      vertex -2.10991 -42.9482 61
    endloop
  endfacet
  facet normal 0 0 1
    outer loop
      vertex -4.21474 -42.7929 61
      vertex -5.6948 -57.8202 61
      vertex -2.85083 -58.03 61
    endloop
  endfacet
  facet normal 0 0 1
    outer loop
      vertex -6.30941 -42.5346 61
      vertex -5.6948 -57.8202 61
      vertex -4.21474 -42.7929 61
    endloop
  endfacet
  facet normal 0 0 1
    outer loop
      vertex -8.52504 -57.4712 61
      vertex -6.30941 -42.5346 61
      vertex -8.38888 -42.1738 61
    endloop
  endfacet
  facet normal 0 0 1
    outer loop
      vertex -6.30941 -42.5346 61
      vertex -8.52504 -57.4712 61
      vertex -5.6948 -57.8202 61
    endloop
  endfacet
  facet normal 0 0 1
    outer loop
      vertex -11.3347 -56.9836 61
      vertex -8.38888 -42.1738 61
      vertex -10.4481 -41.7113 61
    endloop
  endfacet
  facet normal 0 0 1
    outer loop
      vertex -8.38888 -42.1738 61
      vertex -11.3347 -56.9836 61
      vertex -8.52504 -57.4712 61
    endloop
  endfacet
  facet normal 0 0 1
    outer loop
      vertex -14.1171 -56.3588 61
      vertex -10.4481 -41.7113 61
      vertex -12.4822 -41.1484 61
    endloop
  endfacet
  facet normal 0 0 1
    outer loop
      vertex -10.4481 -41.7113 61
      vertex -14.1171 -56.3588 61
      vertex -11.3347 -56.9836 61
    endloop
  endfacet
  facet normal 0 0 1
    outer loop
      vertex -16.8655 -55.5982 61
      vertex -12.4822 -41.1484 61
      vertex -14.4863 -40.4864 61
    endloop
  endfacet
  facet normal 0 0 1
    outer loop
      vertex -19.5733 -54.7037 61
      vertex -14.4863 -40.4864 61
      vertex -16.4554 -39.7268 61
    endloop
  endfacet
  facet normal 0 0 1
    outer loop
      vertex -12.4822 -41.1484 61
      vertex -16.8655 -55.5982 61
      vertex -14.1171 -56.3588 61
    endloop
  endfacet
  facet normal 0 0 1
    outer loop
      vertex -22.2339 -53.6774 61
      vertex -16.4554 -39.7268 61
      vertex -18.3849 -38.8715 61
    endloop
  endfacet
  facet normal 0 0 1
    outer loop
      vertex -14.4863 -40.4864 61
      vertex -19.5733 -54.7037 61
      vertex -16.8655 -55.5982 61
    endloop
  endfacet
  facet normal 0 0 1
    outer loop
      vertex -24.841 -52.5218 61
      vertex -18.3849 -38.8715 61
      vertex -20.2701 -37.9226 61
    endloop
  endfacet
  facet normal 0 0 1
    outer loop
      vertex -27.3881 -51.2396 61
      vertex -20.2701 -37.9226 61
      vertex -22.1064 -36.8823 61
    endloop
  endfacet
  facet normal 0 0 1
    outer loop
      vertex -16.4554 -39.7268 61
      vertex -22.2339 -53.6774 61
      vertex -19.5733 -54.7037 61
    endloop
  endfacet
  facet normal 0 0 1
    outer loop
      vertex -29.8694 -49.834 61
      vertex -22.1064 -36.8823 61
      vertex -23.8895 -35.7532 61
    endloop
  endfacet
  facet normal 0 0 1
    outer loop
      vertex -18.3849 -38.8715 61
      vertex -24.841 -52.5218 61
      vertex -22.2339 -53.6774 61
    endloop
  endfacet
  facet normal 0 0 1
    outer loop
      vertex -32.2786 -48.3084 61
      vertex -23.8895 -35.7532 61
      vertex -25.6151 -34.5379 61
    endloop
  endfacet
  facet normal 0 0 1
    outer loop
      vertex -34.6101 -46.6664 61
      vertex -25.6151 -34.5379 61
      vertex -27.2789 -33.2394 61
    endloop
  endfacet
  facet normal 0 0 1
    outer loop
      vertex -20.2701 -37.9226 61
      vertex -27.3881 -51.2396 61
      vertex -24.841 -52.5218 61
    endloop
  endfacet
  facet normal 0 0 1
    outer loop
      vertex -36.8582 -44.9119 61
      vertex -27.2789 -33.2394 61
      vertex -28.877 -31.8609 61
    endloop
  endfacet
  facet normal 0 0 1
    outer loop
      vertex -22.1064 -36.8823 61
      vertex -29.8694 -49.834 61
      vertex -27.3881 -51.2396 61
    endloop
  endfacet
  facet normal 0 0 1
    outer loop
      vertex -39.0176 -43.0493 61
      vertex -28.877 -31.8609 61
      vertex -30.4056 -30.4056 61
    endloop
  endfacet
  facet normal 0 0 1
    outer loop
      vertex -41.0829 -41.0829 61
      vertex -30.4056 -30.4056 61
      vertex -31.8609 -28.877 61
    endloop
  endfacet
  facet normal 0 0 1
    outer loop
      vertex -23.8895 -35.7532 61
      vertex -32.2786 -48.3084 61
      vertex -29.8694 -49.834 61
    endloop
  endfacet
  facet normal 0 0 1
    outer loop
      vertex -43.0493 -39.0176 61
      vertex -31.8609 -28.877 61
      vertex -33.2394 -27.2789 61
    endloop
  endfacet
  facet normal 0 0 1
    outer loop
      vertex -44.9119 -36.8582 61
      vertex -33.2394 -27.2789 61
      vertex -34.5379 -25.6151 61
    endloop
  endfacet
  facet normal 0 0 1
    outer loop
      vertex -25.6151 -34.5379 61
      vertex -34.6101 -46.6664 61
      vertex -32.2786 -48.3084 61
    endloop
  endfacet
  facet normal 0 0 1
    outer loop
      vertex -46.6664 -34.6101 61
      vertex -34.5379 -25.6151 61
      vertex -35.7532 -23.8895 61
    endloop
  endfacet
  facet normal 0 0 1
    outer loop
      vertex -27.2789 -33.2394 61
      vertex -36.8582 -44.9119 61
      vertex -34.6101 -46.6664 61
    endloop
  endfacet
  facet normal 0 0 1
    outer loop
      vertex -48.3084 -32.2786 61
      vertex -35.7532 -23.8895 61
      vertex -36.8823 -22.1064 61
    endloop
  endfacet
  facet normal 0 0 1
    outer loop
      vertex -49.834 -29.8694 61
      vertex -36.8823 -22.1064 61
      vertex -37.9226 -20.2701 61
    endloop
  endfacet
  facet normal 0 0 1
    outer loop
      vertex -51.2396 -27.3881 61
      vertex -37.9226 -20.2701 61
      vertex -38.8715 -18.3849 61
    endloop
  endfacet
  facet normal 0 0 1
    outer loop
      vertex -28.877 -31.8609 61
      vertex -39.0176 -43.0493 61
      vertex -36.8582 -44.9119 61
    endloop
  endfacet
  facet normal 0 0 1
    outer loop
      vertex -52.5218 -24.841 61
      vertex -38.8715 -18.3849 61
      vertex -39.7268 -16.4554 61
    endloop
  endfacet
  facet normal 0 0 1
    outer loop
      vertex -53.6774 -22.2339 61
      vertex -39.7268 -16.4554 61
      vertex -40.4864 -14.4863 61
    endloop
  endfacet
  facet normal 0 0 1
    outer loop
      vertex -30.4056 -30.4056 61
      vertex -41.0829 -41.0829 61
      vertex -39.0176 -43.0493 61
    endloop
  endfacet
  facet normal 0 0 1
    outer loop
      vertex -54.7037 -19.5733 61
      vertex -40.4864 -14.4863 61
      vertex -41.1484 -12.4822 61
    endloop
  endfacet
  facet normal 0 0 1
    outer loop
      vertex -55.5982 -16.8655 61
      vertex -41.1484 -12.4822 61
      vertex -41.7113 -10.4481 61
    endloop
  endfacet
  facet normal 0 0 1
    outer loop
      vertex -56.3588 -14.1171 61
      vertex -41.7113 -10.4481 61
      vertex -42.1738 -8.38888 61
    endloop
  endfacet
  facet normal 0 0 1
    outer loop
      vertex -56.9836 -11.3347 61
      vertex -42.1738 -8.38888 61
      vertex -42.5346 -6.30941 61
    endloop
  endfacet
  facet normal 0 0 1
    outer loop
      vertex -57.4712 -8.52504 61
      vertex -42.5346 -6.30941 61
      vertex -42.7929 -4.21474 61
    endloop
  endfacet
  facet normal 0 0 1
    outer loop
      vertex -57.8202 -5.6948 61
      vertex -42.7929 -4.21474 61
      vertex -42.9482 -2.10991 61
    endloop
  endfacet
  facet normal 0 0 1
    outer loop
      vertex -31.8609 -28.877 61
      vertex -43.0493 -39.0176 61
      vertex -41.0829 -41.0829 61
    endloop
  endfacet
  facet normal 0 0 1
    outer loop
      vertex -58.03 -2.85083 61
      vertex -42.9482 -2.10991 61
      vertex -43 0 61
    endloop
  endfacet
  facet normal -0 0 1
    outer loop
      vertex -54.7037 19.5733 61
      vertex -40.4864 14.4863 61
      vertex -53.6774 22.2339 61
    endloop
  endfacet
  facet normal 0 0 1
    outer loop
      vertex -40.4864 14.4863 61
      vertex -54.7037 19.5733 61
      vertex -41.1484 12.4822 61
    endloop
  endfacet
  facet normal 0 0 1
    outer loop
      vertex -33.2394 -27.2789 61
      vertex -44.9119 -36.8582 61
      vertex -43.0493 -39.0176 61
    endloop
  endfacet
  facet normal -0 0 1
    outer loop
      vertex -55.5982 16.8655 61
      vertex -41.1484 12.4822 61
      vertex -54.7037 19.5733 61
    endloop
  endfacet
  facet normal 0 0 1
    outer loop
      vertex -34.5379 -25.6151 61
      vertex -46.6664 -34.6101 61
      vertex -44.9119 -36.8582 61
    endloop
  endfacet
  facet normal 0 0 1
    outer loop
      vertex -41.1484 12.4822 61
      vertex -55.5982 16.8655 61
      vertex -41.7113 10.4481 61
    endloop
  endfacet
  facet normal 0 0 1
    outer loop
      vertex -35.7532 -23.8895 61
      vertex -48.3084 -32.2786 61
      vertex -46.6664 -34.6101 61
    endloop
  endfacet
  facet normal -0 0 1
    outer loop
      vertex -56.3588 14.1171 61
      vertex -41.7113 10.4481 61
      vertex -55.5982 16.8655 61
    endloop
  endfacet
  facet normal 0 0 1
    outer loop
      vertex -36.8823 -22.1064 61
      vertex -49.834 -29.8694 61
      vertex -48.3084 -32.2786 61
    endloop
  endfacet
  facet normal 0 0 1
    outer loop
      vertex -41.7113 10.4481 61
      vertex -56.3588 14.1171 61
      vertex -42.1738 8.38888 61
    endloop
  endfacet
  facet normal 0 0 1
    outer loop
      vertex -37.9226 -20.2701 61
      vertex -51.2396 -27.3881 61
      vertex -49.834 -29.8694 61
    endloop
  endfacet
  facet normal -0 0 1
    outer loop
      vertex -56.9836 11.3347 61
      vertex -42.1738 8.38888 61
      vertex -56.3588 14.1171 61
    endloop
  endfacet
  facet normal 0 0 1
    outer loop
      vertex -38.8715 -18.3849 61
      vertex -52.5218 -24.841 61
      vertex -51.2396 -27.3881 61
    endloop
  endfacet
  facet normal 0 0 1
    outer loop
      vertex -42.1738 8.38888 61
      vertex -56.9836 11.3347 61
      vertex -42.5346 6.30941 61
    endloop
  endfacet
  facet normal 0 0 1
    outer loop
      vertex -39.7268 -16.4554 61
      vertex -53.6774 -22.2339 61
      vertex -52.5218 -24.841 61
    endloop
  endfacet
  facet normal -0 0 1
    outer loop
      vertex -57.4712 8.52504 61
      vertex -42.5346 6.30941 61
      vertex -56.9836 11.3347 61
    endloop
  endfacet
  facet normal 0 0 1
    outer loop
      vertex -40.4864 -14.4863 61
      vertex -54.7037 -19.5733 61
      vertex -53.6774 -22.2339 61
    endloop
  endfacet
  facet normal 0 0 1
    outer loop
      vertex -42.5346 6.30941 61
      vertex -57.4712 8.52504 61
      vertex -42.7929 4.21474 61
    endloop
  endfacet
  facet normal 0 0 1
    outer loop
      vertex -41.1484 -12.4822 61
      vertex -55.5982 -16.8655 61
      vertex -54.7037 -19.5733 61
    endloop
  endfacet
  facet normal -0 0 1
    outer loop
      vertex -57.8202 5.6948 61
      vertex -42.7929 4.21474 61
      vertex -57.4712 8.52504 61
    endloop
  endfacet
  facet normal 0 0 1
    outer loop
      vertex -41.7113 -10.4481 61
      vertex -56.3588 -14.1171 61
      vertex -55.5982 -16.8655 61
    endloop
  endfacet
  facet normal 0 0 1
    outer loop
      vertex -42.7929 4.21474 61
      vertex -57.8202 5.6948 61
      vertex -42.9482 2.10991 61
    endloop
  endfacet
  facet normal 0 0 1
    outer loop
      vertex -42.1738 -8.38888 61
      vertex -56.9836 -11.3347 61
      vertex -56.3588 -14.1171 61
    endloop
  endfacet
  facet normal -0 0 1
    outer loop
      vertex -58.03 2.85083 61
      vertex -42.9482 2.10991 61
      vertex -57.8202 5.6948 61
    endloop
  endfacet
  facet normal 0 0 1
    outer loop
      vertex -42.5346 -6.30941 61
      vertex -57.4712 -8.52504 61
      vertex -56.9836 -11.3347 61
    endloop
  endfacet
  facet normal 0 0 1
    outer loop
      vertex -42.9482 2.10991 61
      vertex -58.03 2.85083 61
      vertex -43 0 61
    endloop
  endfacet
  facet normal 0 0 1
    outer loop
      vertex -42.7929 -4.21474 61
      vertex -57.8202 -5.6948 61
      vertex -57.4712 -8.52504 61
    endloop
  endfacet
  facet normal 0 0 1
    outer loop
      vertex -58.1 0 61
      vertex -43 0 61
      vertex -58.03 2.85083 61
    endloop
  endfacet
  facet normal 0 0 1
    outer loop
      vertex -42.9482 -2.10991 61
      vertex -58.03 -2.85083 61
      vertex -57.8202 -5.6948 61
    endloop
  endfacet
  facet normal 0 0 1
    outer loop
      vertex -43 0 61
      vertex -58.1 0 61
      vertex -58.03 -2.85083 61
    endloop
  endfacet
  facet normal 0.99729 0.0735702 0
    outer loop
      vertex -57.8202 -5.6948 66
      vertex -58.03 -2.85083 61
      vertex -58.03 -2.85083 66
    endloop
  endfacet
  facet normal 0.99729 0.0735702 0
    outer loop
      vertex -58.03 -2.85083 61
      vertex -57.8202 -5.6948 66
      vertex -57.8202 -5.6948 61
    endloop
  endfacet
  facet normal 0.985273 0.170988 0
    outer loop
      vertex -56.9836 -11.3347 66
      vertex -57.4712 -8.52504 61
      vertex -57.4712 -8.52504 66
    endloop
  endfacet
  facet normal 0.985273 0.170988 0
    outer loop
      vertex -57.4712 -8.52504 61
      vertex -56.9836 -11.3347 66
      vertex -56.9836 -11.3347 61
    endloop
  endfacet
  facet normal 0.65315 0.757228 -0
    outer loop
      vertex -36.8582 -44.9119 61
      vertex -39.0176 -43.0493 69
      vertex -36.8582 -44.9119 69
    endloop
  endfacet
  facet normal 0.65315 0.757228 0
    outer loop
      vertex -39.0176 -43.0493 69
      vertex -36.8582 -44.9119 61
      vertex -39.0176 -43.0493 61
    endloop
  endfacet
  facet normal 0.405227 0.914216 -0
    outer loop
      vertex -22.2339 -53.6774 61
      vertex -24.841 -52.5218 69
      vertex -22.2339 -53.6774 69
    endloop
  endfacet
  facet normal 0.405227 0.914216 0
    outer loop
      vertex -24.841 -52.5218 69
      vertex -22.2339 -53.6774 61
      vertex -24.841 -52.5218 61
    endloop
  endfacet
  facet normal 0.31367 0.949532 -0
    outer loop
      vertex -16.8655 -55.5982 61
      vertex -19.5733 -54.7037 69
      vertex -16.8655 -55.5982 69
    endloop
  endfacet
  facet normal 0.31367 0.949532 0
    outer loop
      vertex -19.5733 -54.7037 69
      vertex -16.8655 -55.5982 61
      vertex -19.5733 -54.7037 61
    endloop
  endfacet
  facet normal 0.219098 0.975703 -0
    outer loop
      vertex -11.3347 -56.9836 61
      vertex -14.1171 -56.3588 69
      vertex -11.3347 -56.9836 69
    endloop
  endfacet
  facet normal 0.219098 0.975703 0
    outer loop
      vertex -14.1171 -56.3588 69
      vertex -11.3347 -56.9836 61
      vertex -14.1171 -56.3588 61
    endloop
  endfacet
  facet normal -0.992483 -0.122384 0
    outer loop
      vertex 57.8202 5.6948 61
      vertex 57.4712 8.52504 69
      vertex 57.4712 8.52504 61
    endloop
  endfacet
  facet normal -0.992483 -0.122384 0
    outer loop
      vertex 57.4712 8.52504 69
      vertex 57.8202 5.6948 61
      vertex 57.8202 5.6948 69
    endloop
  endfacet
  facet normal -0.99729 -0.0735702 0
    outer loop
      vertex 58.03 2.85083 61
      vertex 57.8202 5.6948 69
      vertex 57.8202 5.6948 61
    endloop
  endfacet
  facet normal -0.99729 -0.0735702 0
    outer loop
      vertex 57.8202 5.6948 69
      vertex 58.03 2.85083 61
      vertex 58.03 2.85083 69
    endloop
  endfacet
  facet normal -0.999699 -0.0245469 0
    outer loop
      vertex 58.1 0 61
      vertex 58.03 2.85083 69
      vertex 58.03 2.85083 61
    endloop
  endfacet
  facet normal -0.999699 -0.0245469 0
    outer loop
      vertex 58.03 2.85083 69
      vertex 58.1 0 61
      vertex 58.1 0 69
    endloop
  endfacet
  facet normal -0.870093 -0.492888 0
    outer loop
      vertex 51.2396 27.3881 61
      vertex 49.834 29.8694 69
      vertex 49.834 29.8694 61
    endloop
  endfacet
  facet normal -0.870093 -0.492888 0
    outer loop
      vertex 49.834 29.8694 69
      vertex 51.2396 27.3881 61
      vertex 51.2396 27.3881 69
    endloop
  endfacet
  facet normal -0.932994 -0.359893 0
    outer loop
      vertex 54.7037 19.5733 61
      vertex 53.6774 22.2339 69
      vertex 53.6774 22.2339 61
    endloop
  endfacet
  facet normal -0.932994 -0.359893 0
    outer loop
      vertex 53.6774 22.2339 69
      vertex 54.7037 19.5733 61
      vertex 54.7037 19.5733 69
    endloop
  endfacet
  facet normal -0.975703 -0.219098 0
    outer loop
      vertex 56.9836 11.3347 61
      vertex 56.3588 14.1171 69
      vertex 56.3588 14.1171 61
    endloop
  endfacet
  facet normal -0.975703 -0.219098 0
    outer loop
      vertex 56.3588 14.1171 69
      vertex 56.9836 11.3347 61
      vertex 56.9836 11.3347 69
    endloop
  endfacet
  facet normal -0.757228 -0.65315 0
    outer loop
      vertex 44.9119 36.8582 61
      vertex 43.0493 39.0176 69
      vertex 43.0493 39.0176 61
    endloop
  endfacet
  facet normal -0.757228 -0.65315 0
    outer loop
      vertex 43.0493 39.0176 69
      vertex 44.9119 36.8582 61
      vertex 44.9119 36.8582 69
    endloop
  endfacet
  facet normal -0.724235 -0.689554 0
    outer loop
      vertex 43.0493 39.0176 61
      vertex 41.0829 41.0829 69
      vertex 41.0829 41.0829 61
    endloop
  endfacet
  facet normal -0.724235 -0.689554 0
    outer loop
      vertex 41.0829 41.0829 69
      vertex 43.0493 39.0176 61
      vertex 43.0493 39.0176 69
    endloop
  endfacet
  facet normal -0.449639 -0.893211 0
    outer loop
      vertex 24.841 52.5218 61
      vertex 27.3881 51.2396 69
      vertex 24.841 52.5218 69
    endloop
  endfacet
  facet normal -0.449639 -0.893211 -0
    outer loop
      vertex 27.3881 51.2396 69
      vertex 24.841 52.5218 61
      vertex 27.3881 51.2396 61
    endloop
  endfacet
  facet normal -0.0245469 -0.999699 0
    outer loop
      vertex 0 58.1 61
      vertex 2.85083 58.03 69
      vertex 0 58.1 69
    endloop
  endfacet
  facet normal -0.0245469 -0.999699 -0
    outer loop
      vertex 2.85083 58.03 69
      vertex 0 58.1 61
      vertex 2.85083 58.03 61
    endloop
  endfacet
  facet normal 0.65315 -0.757228 0
    outer loop
      vertex -39.0176 43.0493 61
      vertex -36.8582 44.9119 69
      vertex -39.0176 43.0493 69
    endloop
  endfacet
  facet normal 0.65315 -0.757228 0
    outer loop
      vertex -36.8582 44.9119 69
      vertex -39.0176 43.0493 61
      vertex -36.8582 44.9119 61
    endloop
  endfacet
  facet normal 0.817589 -0.575802 0
    outer loop
      vertex -48.3084 32.2786 69
      vertex -46.6664 34.6101 61
      vertex -46.6664 34.6101 69
    endloop
  endfacet
  facet normal 0.817589 -0.575802 0
    outer loop
      vertex -46.6664 34.6101 61
      vertex -48.3084 32.2786 69
      vertex -48.3084 32.2786 61
    endloop
  endfacet
  facet normal 0.870093 -0.492888 0
    outer loop
      vertex -51.2396 27.3881 69
      vertex -49.834 29.8694 61
      vertex -49.834 29.8694 69
    endloop
  endfacet
  facet normal 0.870093 -0.492888 0
    outer loop
      vertex -49.834 29.8694 61
      vertex -51.2396 27.3881 69
      vertex -51.2396 27.3881 61
    endloop
  endfacet
  facet normal 0.914216 -0.405227 0
    outer loop
      vertex -53.6774 22.2339 69
      vertex -52.5218 24.841 61
      vertex -52.5218 24.841 69
    endloop
  endfacet
  facet normal 0.914216 -0.405227 0
    outer loop
      vertex -52.5218 24.841 61
      vertex -53.6774 22.2339 69
      vertex -53.6774 22.2339 61
    endloop
  endfacet
  facet normal 0.932994 -0.359893 0
    outer loop
      vertex -54.7037 19.5733 69
      vertex -53.6774 22.2339 61
      vertex -53.6774 22.2339 69
    endloop
  endfacet
  facet normal 0.932994 -0.359893 0
    outer loop
      vertex -53.6774 22.2339 61
      vertex -54.7037 19.5733 69
      vertex -54.7037 19.5733 61
    endloop
  endfacet
  facet normal 0.975694 -0.219135 0
    outer loop
      vertex -56.3851 14 66
      vertex -56.3588 14.1171 69
      vertex -56.3851 14 69
    endloop
  endfacet
  facet normal 0.975694 -0.219135 0
    outer loop
      vertex -56.3588 14.1171 69
      vertex -56.3851 14 66
      vertex -56.3588 14.1171 61
    endloop
  endfacet
  facet normal 0.975703 -0.219097 0
    outer loop
      vertex -56.9836 11.3347 61
      vertex -56.3851 14 66
      vertex -56.9836 11.3347 66
    endloop
  endfacet
  facet normal 0.975703 -0.219098 9.14546e-07
    outer loop
      vertex -56.3851 14 66
      vertex -56.9836 11.3347 61
      vertex -56.3588 14.1171 61
    endloop
  endfacet
  facet normal 0.992483 -0.122384 0
    outer loop
      vertex -57.8202 5.6948 66
      vertex -57.4712 8.52504 61
      vertex -57.4712 8.52504 66
    endloop
  endfacet
  facet normal 0.992483 -0.122384 0
    outer loop
      vertex -57.4712 8.52504 61
      vertex -57.8202 5.6948 66
      vertex -57.8202 5.6948 61
    endloop
  endfacet
  facet normal -0.170988 -0.985273 0
    outer loop
      vertex 8.52504 57.4712 61
      vertex 11.3347 56.9836 69
      vertex 8.52504 57.4712 69
    endloop
  endfacet
  facet normal -0.170988 -0.985273 -0
    outer loop
      vertex 11.3347 56.9836 69
      vertex 8.52504 57.4712 61
      vertex 11.3347 56.9836 61
    endloop
  endfacet
  facet normal -0.31367 -0.949532 0
    outer loop
      vertex 16.8655 55.5982 61
      vertex 19.5733 54.7037 69
      vertex 16.8655 55.5982 69
    endloop
  endfacet
  facet normal -0.31367 -0.949532 -0
    outer loop
      vertex 19.5733 54.7037 69
      vertex 16.8655 55.5982 61
      vertex 19.5733 54.7037 61
    endloop
  endfacet
  facet normal 0.724235 0.689554 0
    outer loop
      vertex -41.0829 -41.0829 69
      vertex -43.0493 -39.0176 61
      vertex -43.0493 -39.0176 69
    endloop
  endfacet
  facet normal 0.724235 0.689554 0
    outer loop
      vertex -43.0493 -39.0176 61
      vertex -41.0829 -41.0829 69
      vertex -41.0829 -41.0829 61
    endloop
  endfacet
  facet normal -0.914216 -0.405227 0
    outer loop
      vertex 53.6774 22.2339 61
      vertex 52.5218 24.841 69
      vertex 52.5218 24.841 61
    endloop
  endfacet
  facet normal -0.914216 -0.405227 0
    outer loop
      vertex 52.5218 24.841 69
      vertex 53.6774 22.2339 61
      vertex 53.6774 22.2339 69
    endloop
  endfacet
  facet normal -0.893211 -0.449639 0
    outer loop
      vertex 52.5218 24.841 61
      vertex 51.2396 27.3881 69
      vertex 51.2396 27.3881 61
    endloop
  endfacet
  facet normal -0.893211 -0.449639 0
    outer loop
      vertex 51.2396 27.3881 69
      vertex 52.5218 24.841 61
      vertex 52.5218 24.841 69
    endloop
  endfacet
  facet normal -0.949532 -0.31367 0
    outer loop
      vertex 55.5982 16.8655 61
      vertex 54.7037 19.5733 69
      vertex 54.7037 19.5733 61
    endloop
  endfacet
  facet normal -0.949532 -0.31367 0
    outer loop
      vertex 54.7037 19.5733 69
      vertex 55.5982 16.8655 61
      vertex 55.5982 16.8655 69
    endloop
  endfacet
  facet normal -0.985273 -0.170988 0
    outer loop
      vertex 57.4712 8.52504 61
      vertex 56.9836 11.3347 69
      vertex 56.9836 11.3347 61
    endloop
  endfacet
  facet normal -0.985273 -0.170988 0
    outer loop
      vertex 56.9836 11.3347 69
      vertex 57.4712 8.52504 61
      vertex 57.4712 8.52504 69
    endloop
  endfacet
  facet normal -0.788335 -0.615246 0
    outer loop
      vertex 46.6664 34.6101 61
      vertex 44.9119 36.8582 69
      vertex 44.9119 36.8582 61
    endloop
  endfacet
  facet normal -0.788335 -0.615246 0
    outer loop
      vertex 44.9119 36.8582 69
      vertex 46.6664 34.6101 61
      vertex 46.6664 34.6101 69
    endloop
  endfacet
  facet normal -0.817589 -0.575802 0
    outer loop
      vertex 48.3084 32.2786 61
      vertex 46.6664 34.6101 69
      vertex 46.6664 34.6101 61
    endloop
  endfacet
  facet normal -0.817589 -0.575802 0
    outer loop
      vertex 46.6664 34.6101 69
      vertex 48.3084 32.2786 61
      vertex 48.3084 32.2786 69
    endloop
  endfacet
  facet normal -0.689554 -0.724235 0
    outer loop
      vertex 39.0176 43.0493 61
      vertex 41.0829 41.0829 69
      vertex 39.0176 43.0493 69
    endloop
  endfacet
  facet normal -0.689554 -0.724235 -0
    outer loop
      vertex 41.0829 41.0829 69
      vertex 39.0176 43.0493 61
      vertex 41.0829 41.0829 61
    endloop
  endfacet
  facet normal -0.65315 -0.757228 0
    outer loop
      vertex 36.8582 44.9119 61
      vertex 39.0176 43.0493 69
      vertex 36.8582 44.9119 69
    endloop
  endfacet
  facet normal -0.65315 -0.757228 -0
    outer loop
      vertex 39.0176 43.0493 69
      vertex 36.8582 44.9119 61
      vertex 39.0176 43.0493 61
    endloop
  endfacet
  facet normal 0.122384 -0.992483 -1.79591e-05
    outer loop
      vertex -5.94319 57.7896 67.3839
      vertex -5.6948 57.8202 69
      vertex -8.52504 57.4712 69
    endloop
  endfacet
  facet normal 0.122269 -0.992497 0
    outer loop
      vertex -5.6948 57.8202 69
      vertex -5.94319 57.7896 67.3839
      vertex -5.6948 57.8202 67.5758
    endloop
  endfacet
  facet normal 0.122342 -0.992488 -8.68961e-05
    outer loop
      vertex -8.52504 57.4712 69
      vertex -6.08529 57.7721 67.1974
      vertex -5.94319 57.7896 67.3839
    endloop
  endfacet
  facet normal 0.12237 -0.992485 -4.80309e-05
    outer loop
      vertex -8.52504 57.4712 69
      vertex -6.14047 57.7653 67.125
      vertex -6.08529 57.7721 67.1974
    endloop
  endfacet
  facet normal 0.122521 -0.992466 0.000147385
    outer loop
      vertex -8.52504 57.4712 69
      vertex -6.1752 57.761 67.0406
      vertex -6.14047 57.7653 67.125
    endloop
  endfacet
  facet normal 0.122367 -0.992485 -4.05654e-05
    outer loop
      vertex -8.52504 57.4712 69
      vertex -6.26449 57.75 66.8235
      vertex -6.1752 57.761 67.0406
    endloop
  endfacet
  facet normal 0.122574 -0.992459 0.000177971
    outer loop
      vertex -8.52504 57.4712 69
      vertex -6.29492 57.7462 66.5908
      vertex -6.26449 57.75 66.8235
    endloop
  endfacet
  facet normal 0.121735 -0.992562 -0.000610256
    outer loop
      vertex -8.52504 57.4712 69
      vertex -6.30679 57.7448 66.5
      vertex -6.29492 57.7462 66.5908
    endloop
  endfacet
  facet normal 0.123324 -0.992366 0.000820983
    outer loop
      vertex -8.52504 57.4712 69
      vertex -6.29492 57.7462 66.4092
      vertex -6.30679 57.7448 66.5
    endloop
  endfacet
  facet normal 0.122111 -0.992516 -0.000239511
    outer loop
      vertex -8.52504 57.4712 69
      vertex -6.26449 57.75 66.1765
      vertex -6.29492 57.7462 66.4092
    endloop
  endfacet
  facet normal 0.122405 -0.99248 0
    outer loop
      vertex -8.52504 57.4712 61
      vertex -6.26449 57.75 66.1765
      vertex -8.52504 57.4712 69
    endloop
  endfacet
  facet normal 0.12234 -0.992488 2.9163e-05
    outer loop
      vertex -6.26449 57.75 66.1765
      vertex -8.52504 57.4712 61
      vertex -6.1752 57.761 65.9594
    endloop
  endfacet
  facet normal 0.12262 -0.992454 -0.000105945
    outer loop
      vertex -6.1752 57.761 65.9594
      vertex -8.52504 57.4712 61
      vertex -6.14047 57.7653 65.875
    endloop
  endfacet
  facet normal 0.122347 -0.992487 3.00278e-05
    outer loop
      vertex -6.14047 57.7653 65.875
      vertex -8.52504 57.4712 61
      vertex -6.08529 57.7721 65.8026
    endloop
  endfacet
  facet normal 0.1223 -0.992493 5.43293e-05
    outer loop
      vertex -6.08529 57.7721 65.8026
      vertex -8.52504 57.4712 61
      vertex -5.94319 57.7896 65.6161
    endloop
  endfacet
  facet normal 0.122307 -0.992492 5.00256e-05
    outer loop
      vertex -8.52504 57.4712 61
      vertex -5.6948 57.8202 65.4242
      vertex -5.94319 57.7896 65.6161
    endloop
  endfacet
  facet normal 0.122384 -0.992483 0
    outer loop
      vertex -5.6948 57.8202 65.4242
      vertex -8.52504 57.4712 61
      vertex -5.6948 57.8202 61
    endloop
  endfacet
  facet normal 0.359893 -0.932994 0
    outer loop
      vertex -22.2339 53.6774 61
      vertex -19.5733 54.7037 69
      vertex -22.2339 53.6774 69
    endloop
  endfacet
  facet normal 0.359893 -0.932994 0
    outer loop
      vertex -19.5733 54.7037 69
      vertex -22.2339 53.6774 61
      vertex -19.5733 54.7037 61
    endloop
  endfacet
  facet normal 0.219098 -0.975703 0
    outer loop
      vertex -14.1171 56.3588 61
      vertex -11.3347 56.9836 69
      vertex -14.1171 56.3588 69
    endloop
  endfacet
  facet normal 0.219098 -0.975703 0
    outer loop
      vertex -11.3347 56.9836 69
      vertex -14.1171 56.3588 61
      vertex -11.3347 56.9836 61
    endloop
  endfacet
  facet normal 0.615246 -0.788335 0
    outer loop
      vertex -36.8582 44.9119 61
      vertex -34.6101 46.6664 69
      vertex -36.8582 44.9119 69
    endloop
  endfacet
  facet normal 0.615246 -0.788335 0
    outer loop
      vertex -34.6101 46.6664 69
      vertex -36.8582 44.9119 61
      vertex -34.6101 46.6664 61
    endloop
  endfacet
  facet normal 0.689554 -0.724235 0
    outer loop
      vertex -41.0829 41.0829 61
      vertex -39.0176 43.0493 69
      vertex -41.0829 41.0829 69
    endloop
  endfacet
  facet normal 0.689554 -0.724235 0
    outer loop
      vertex -39.0176 43.0493 69
      vertex -41.0829 41.0829 61
      vertex -39.0176 43.0493 61
    endloop
  endfacet
  facet normal 0.449639 -0.893211 0
    outer loop
      vertex -27.3881 51.2396 61
      vertex -24.841 52.5218 69
      vertex -27.3881 51.2396 69
    endloop
  endfacet
  facet normal 0.449639 -0.893211 0
    outer loop
      vertex -24.841 52.5218 69
      vertex -27.3881 51.2396 61
      vertex -24.841 52.5218 61
    endloop
  endfacet
  facet normal 0.534995 -0.844855 0
    outer loop
      vertex -32.2786 48.3084 61
      vertex -29.8694 49.834 69
      vertex -32.2786 48.3084 69
    endloop
  endfacet
  facet normal 0.534995 -0.844855 0
    outer loop
      vertex -29.8694 49.834 69
      vertex -32.2786 48.3084 61
      vertex -29.8694 49.834 61
    endloop
  endfacet
  facet normal 0.405227 -0.914216 0
    outer loop
      vertex -24.841 52.5218 61
      vertex -22.2339 53.6774 69
      vertex -24.841 52.5218 69
    endloop
  endfacet
  facet normal 0.405227 -0.914216 0
    outer loop
      vertex -22.2339 53.6774 69
      vertex -24.841 52.5218 61
      vertex -22.2339 53.6774 61
    endloop
  endfacet
  facet normal 0.724235 -0.689554 0
    outer loop
      vertex -43.0493 39.0176 69
      vertex -41.0829 41.0829 61
      vertex -41.0829 41.0829 69
    endloop
  endfacet
  facet normal 0.724235 -0.689554 0
    outer loop
      vertex -41.0829 41.0829 61
      vertex -43.0493 39.0176 69
      vertex -43.0493 39.0176 61
    endloop
  endfacet
  facet normal 0.788335 -0.615246 0
    outer loop
      vertex -46.6664 34.6101 69
      vertex -44.9119 36.8582 61
      vertex -44.9119 36.8582 69
    endloop
  endfacet
  facet normal 0.788335 -0.615246 0
    outer loop
      vertex -44.9119 36.8582 61
      vertex -46.6664 34.6101 69
      vertex -46.6664 34.6101 61
    endloop
  endfacet
  facet normal 0.893211 -0.449639 0
    outer loop
      vertex -52.5218 24.841 69
      vertex -51.2396 27.3881 61
      vertex -51.2396 27.3881 69
    endloop
  endfacet
  facet normal 0.893211 -0.449639 0
    outer loop
      vertex -51.2396 27.3881 61
      vertex -52.5218 24.841 69
      vertex -52.5218 24.841 61
    endloop
  endfacet
  facet normal 0.963775 -0.266718 0
    outer loop
      vertex -56.3588 14.1171 69
      vertex -55.5982 16.8655 61
      vertex -55.5982 16.8655 69
    endloop
  endfacet
  facet normal 0.963775 -0.266718 0
    outer loop
      vertex -55.5982 16.8655 61
      vertex -56.3588 14.1171 69
      vertex -56.3588 14.1171 61
    endloop
  endfacet
  facet normal 0.99729 -0.0735702 0
    outer loop
      vertex -58.03 2.85083 66
      vertex -57.8202 5.6948 61
      vertex -57.8202 5.6948 66
    endloop
  endfacet
  facet normal 0.99729 -0.0735702 0
    outer loop
      vertex -57.8202 5.6948 61
      vertex -58.03 2.85083 66
      vertex -58.03 2.85083 61
    endloop
  endfacet
  facet normal 0.999699 -0.0245469 0
    outer loop
      vertex -58.1 0 66
      vertex -58.03 2.85083 61
      vertex -58.03 2.85083 66
    endloop
  endfacet
  facet normal 0.999699 -0.0245469 0
    outer loop
      vertex -58.03 2.85083 61
      vertex -58.1 0 66
      vertex -58.1 0 61
    endloop
  endfacet
  facet normal -0.122384 -0.992483 0
    outer loop
      vertex 5.6948 57.8202 61
      vertex 8.52504 57.4712 69
      vertex 5.6948 57.8202 69
    endloop
  endfacet
  facet normal -0.122384 -0.992483 -0
    outer loop
      vertex 8.52504 57.4712 69
      vertex 5.6948 57.8202 61
      vertex 8.52504 57.4712 61
    endloop
  endfacet
  facet normal -0.0735702 -0.99729 0
    outer loop
      vertex 2.85083 58.03 61
      vertex 5.6948 57.8202 69
      vertex 2.85083 58.03 69
    endloop
  endfacet
  facet normal -0.0735702 -0.99729 -0
    outer loop
      vertex 5.6948 57.8202 69
      vertex 2.85083 58.03 61
      vertex 5.6948 57.8202 61
    endloop
  endfacet
  facet normal -0.359893 -0.932994 0
    outer loop
      vertex 19.5733 54.7037 61
      vertex 22.2339 53.6774 69
      vertex 19.5733 54.7037 69
    endloop
  endfacet
  facet normal -0.359893 -0.932994 -0
    outer loop
      vertex 22.2339 53.6774 69
      vertex 19.5733 54.7037 61
      vertex 22.2339 53.6774 61
    endloop
  endfacet
  facet normal -0.844855 -0.534995 0
    outer loop
      vertex 49.834 29.8694 61
      vertex 48.3084 32.2786 69
      vertex 48.3084 32.2786 61
    endloop
  endfacet
  facet normal -0.844855 -0.534995 0
    outer loop
      vertex 48.3084 32.2786 69
      vertex 49.834 29.8694 61
      vertex 49.834 29.8694 69
    endloop
  endfacet
  facet normal -0.534995 -0.844855 0
    outer loop
      vertex 29.8694 49.834 61
      vertex 32.2786 48.3084 69
      vertex 29.8694 49.834 69
    endloop
  endfacet
  facet normal -0.534995 -0.844855 -0
    outer loop
      vertex 32.2786 48.3084 69
      vertex 29.8694 49.834 61
      vertex 32.2786 48.3084 61
    endloop
  endfacet
  facet normal -0.492888 -0.870093 0
    outer loop
      vertex 27.3881 51.2396 61
      vertex 29.8694 49.834 69
      vertex 27.3881 51.2396 69
    endloop
  endfacet
  facet normal -0.492888 -0.870093 -0
    outer loop
      vertex 29.8694 49.834 69
      vertex 27.3881 51.2396 61
      vertex 29.8694 49.834 61
    endloop
  endfacet
  facet normal 0.0737039 -0.99728 -3.75868e-06
    outer loop
      vertex -5.29542 57.8497 65.2807
      vertex -5.6948 57.8202 61
      vertex -5.06269 57.8669 65.25
    endloop
  endfacet
  facet normal 0.0731833 -0.997319 4.50736e-05
    outer loop
      vertex -5.38537 57.8431 65.2926
      vertex -5.6948 57.8202 61
      vertex -5.29542 57.8497 65.2807
    endloop
  endfacet
  facet normal 0.0738357 -0.99727 -2.20879e-06
    outer loop
      vertex -5.46911 57.8369 65.3274
      vertex -5.6948 57.8202 61
      vertex -5.38537 57.8431 65.2926
    endloop
  endfacet
  facet normal 0.0735551 -0.997291 1.2503e-05
    outer loop
      vertex -5.68606 57.8209 65.4175
      vertex -5.6948 57.8202 61
      vertex -5.46911 57.8369 65.3274
    endloop
  endfacet
  facet normal 0.0798359 -0.996808 0
    outer loop
      vertex -5.6948 57.8202 61
      vertex -5.68606 57.8209 65.4175
      vertex -5.6948 57.8202 65.4242
    endloop
  endfacet
  facet normal 0.073003 -0.997332 -0.000343569
    outer loop
      vertex -4.97258 57.8735 67.7381
      vertex -5.6948 57.8202 69
      vertex -5.06269 57.8669 67.75
    endloop
  endfacet
  facet normal 0.0737028 -0.99728 1.22154e-05
    outer loop
      vertex -5.6948 57.8202 69
      vertex -5.29542 57.8497 67.7193
      vertex -5.06269 57.8669 67.75
    endloop
  endfacet
  facet normal 0.0731966 -0.997318 -0.000146474
    outer loop
      vertex -5.6948 57.8202 69
      vertex -5.38537 57.8431 67.7074
      vertex -5.29542 57.8497 67.7193
    endloop
  endfacet
  facet normal 0.0738338 -0.997271 6.87134e-06
    outer loop
      vertex -5.6948 57.8202 69
      vertex -5.46911 57.8369 67.6726
      vertex -5.38537 57.8431 67.7074
    endloop
  endfacet
  facet normal 0.073566 -0.99729 -3.88968e-05
    outer loop
      vertex -5.6948 57.8202 69
      vertex -5.68606 57.8209 67.5825
      vertex -5.46911 57.8369 67.6726
    endloop
  endfacet
  facet normal 0.0798359 -0.996808 0
    outer loop
      vertex -5.68606 57.8209 67.5825
      vertex -5.6948 57.8202 69
      vertex -5.6948 57.8202 67.5758
    endloop
  endfacet
  facet normal 0.0737709 -0.997275 9.82809e-05
    outer loop
      vertex -4.74002 57.8907 67.7074
      vertex -5.6948 57.8202 69
      vertex -4.97258 57.8735 67.7381
    endloop
  endfacet
  facet normal 0.0735702 -0.99729 -5.07422e-05
    outer loop
      vertex -5.6948 57.8202 69
      vertex -4.74002 57.8907 67.7074
      vertex -2.85083 58.03 69
    endloop
  endfacet
  facet normal 0.073389 -0.997303 0.000215573
    outer loop
      vertex -4.43933 57.9128 67.5825
      vertex -2.85083 58.03 69
      vertex -4.74002 57.8907 67.7074
    endloop
  endfacet
  facet normal 0.0736818 -0.997282 -0.000114346
    outer loop
      vertex -4.18112 57.9319 67.3839
      vertex -2.85083 58.03 69
      vertex -4.43933 57.9128 67.5825
    endloop
  endfacet
  facet normal 0.0735177 -0.997294 2.14867e-05
    outer loop
      vertex -3.98299 57.9465 67.125
      vertex -2.85083 58.03 69
      vertex -4.18112 57.9319 67.3839
    endloop
  endfacet
  facet normal 0.0737934 -0.997274 -0.000145895
    outer loop
      vertex -3.94802 57.9491 67.0403
      vertex -2.85083 58.03 69
      vertex -3.98299 57.9465 67.125
    endloop
  endfacet
  facet normal 0.0735138 -0.997294 1.14807e-05
    outer loop
      vertex -3.85845 57.9557 66.8235
      vertex -2.85083 58.03 69
      vertex -3.94802 57.9491 67.0403
    endloop
  endfacet
  facet normal 0.0731603 -0.99732 0.000176022
    outer loop
      vertex -3.8279 57.9579 66.5909
      vertex -2.85083 58.03 69
      vertex -3.85845 57.9557 66.8235
    endloop
  endfacet
  facet normal 0.0739765 -0.99726 -0.000156815
    outer loop
      vertex -3.81596 57.9588 66.5
      vertex -2.85083 58.03 69
      vertex -3.8279 57.9579 66.5909
    endloop
  endfacet
  facet normal 0.0727517 -0.99735 0.000318589
    outer loop
      vertex -3.8279 57.9579 66.4091
      vertex -2.85083 58.03 69
      vertex -3.81596 57.9588 66.5
    endloop
  endfacet
  facet normal 0.0745348 -0.997218 -0.000357516
    outer loop
      vertex -3.85845 57.9557 66.1765
      vertex -2.85083 58.03 69
      vertex -3.8279 57.9579 66.4091
    endloop
  endfacet
  facet normal 0.0730355 -0.997329 9.61905e-05
    outer loop
      vertex -5.6948 57.8202 61
      vertex -4.97258 57.8735 65.2619
      vertex -5.06269 57.8669 65.25
    endloop
  endfacet
  facet normal 0.0737616 -0.997276 -2.75169e-05
    outer loop
      vertex -5.6948 57.8202 61
      vertex -4.74002 57.8907 65.2926
      vertex -4.97258 57.8735 65.2619
    endloop
  endfacet
  facet normal 0.0735702 -0.99729 1.52796e-05
    outer loop
      vertex -2.85083 58.03 61
      vertex -4.74002 57.8907 65.2926
      vertex -5.6948 57.8202 61
    endloop
  endfacet
  facet normal 0.0733363 -0.997307 -8.81996e-05
    outer loop
      vertex -4.74002 57.8907 65.2926
      vertex -2.85083 58.03 61
      vertex -4.43933 57.9128 65.4175
    endloop
  endfacet
  facet normal 0.0737283 -0.997278 5.35158e-05
    outer loop
      vertex -4.43933 57.9128 65.4175
      vertex -2.85083 58.03 61
      vertex -4.18112 57.9319 65.6161
    endloop
  endfacet
  facet normal 0.0735045 -0.997295 -1.13425e-05
    outer loop
      vertex -4.18112 57.9319 65.6161
      vertex -2.85083 58.03 61
      vertex -3.98299 57.9465 65.875
    endloop
  endfacet
  facet normal 0.0739318 -0.997263 8.84338e-05
    outer loop
      vertex -3.98299 57.9465 65.875
      vertex -2.85083 58.03 61
      vertex -3.94802 57.9491 65.9597
    endloop
  endfacet
  facet normal 0.0735029 -0.997295 -6.958e-06
    outer loop
      vertex -3.94802 57.9491 65.9597
      vertex -2.85083 58.03 61
      vertex -3.85845 57.9557 66.1765
    endloop
  endfacet
  facet normal 0.0735385 -0.997292 0
    outer loop
      vertex -3.85845 57.9557 66.1765
      vertex -2.85083 58.03 61
      vertex -2.85083 58.03 69
    endloop
  endfacet
  facet normal 0.0245469 -0.999699 0
    outer loop
      vertex -2.85083 58.03 61
      vertex 0 58.1 69
      vertex -2.85083 58.03 69
    endloop
  endfacet
  facet normal 0.0245469 -0.999699 0
    outer loop
      vertex 0 58.1 69
      vertex -2.85083 58.03 61
      vertex 0 58.1 61
    endloop
  endfacet
  facet normal 0.266718 -0.963775 0
    outer loop
      vertex -16.8655 55.5982 61
      vertex -14.1171 56.3588 69
      vertex -16.8655 55.5982 69
    endloop
  endfacet
  facet normal 0.266718 -0.963775 0
    outer loop
      vertex -14.1171 56.3588 69
      vertex -16.8655 55.5982 61
      vertex -14.1171 56.3588 61
    endloop
  endfacet
  facet normal 0.575802 -0.817589 0
    outer loop
      vertex -34.6101 46.6664 61
      vertex -32.2786 48.3084 69
      vertex -34.6101 46.6664 69
    endloop
  endfacet
  facet normal 0.575802 -0.817589 0
    outer loop
      vertex -32.2786 48.3084 69
      vertex -34.6101 46.6664 61
      vertex -32.2786 48.3084 61
    endloop
  endfacet
  facet normal 0.492888 -0.870093 0
    outer loop
      vertex -29.8694 49.834 61
      vertex -27.3881 51.2396 69
      vertex -29.8694 49.834 69
    endloop
  endfacet
  facet normal 0.492888 -0.870093 0
    outer loop
      vertex -27.3881 51.2396 69
      vertex -29.8694 49.834 61
      vertex -27.3881 51.2396 61
    endloop
  endfacet
  facet normal -0.266718 -0.963775 0
    outer loop
      vertex 14.1171 56.3588 61
      vertex 16.8655 55.5982 69
      vertex 14.1171 56.3588 69
    endloop
  endfacet
  facet normal -0.266718 -0.963775 -0
    outer loop
      vertex 16.8655 55.5982 69
      vertex 14.1171 56.3588 61
      vertex 16.8655 55.5982 61
    endloop
  endfacet
  facet normal -0.219098 -0.975703 0
    outer loop
      vertex 11.3347 56.9836 61
      vertex 14.1171 56.3588 69
      vertex 11.3347 56.9836 69
    endloop
  endfacet
  facet normal -0.219098 -0.975703 -0
    outer loop
      vertex 14.1171 56.3588 69
      vertex 11.3347 56.9836 61
      vertex 14.1171 56.3588 61
    endloop
  endfacet
  facet normal -0.615246 -0.788335 0
    outer loop
      vertex 34.6101 46.6664 61
      vertex 36.8582 44.9119 69
      vertex 34.6101 46.6664 69
    endloop
  endfacet
  facet normal -0.615246 -0.788335 -0
    outer loop
      vertex 36.8582 44.9119 69
      vertex 34.6101 46.6664 61
      vertex 36.8582 44.9119 61
    endloop
  endfacet
  facet normal -0.575802 -0.817589 0
    outer loop
      vertex 32.2786 48.3084 61
      vertex 34.6101 46.6664 69
      vertex 32.2786 48.3084 69
    endloop
  endfacet
  facet normal -0.575802 -0.817589 -0
    outer loop
      vertex 34.6101 46.6664 69
      vertex 32.2786 48.3084 61
      vertex 34.6101 46.6664 61
    endloop
  endfacet
  facet normal 0.170988 -0.985273 0
    outer loop
      vertex -11.3347 56.9836 61
      vertex -8.52504 57.4712 69
      vertex -11.3347 56.9836 69
    endloop
  endfacet
  facet normal 0.170988 -0.985273 0
    outer loop
      vertex -8.52504 57.4712 69
      vertex -11.3347 56.9836 61
      vertex -8.52504 57.4712 61
    endloop
  endfacet
  facet normal 0.31367 -0.949532 0
    outer loop
      vertex -19.5733 54.7037 61
      vertex -16.8655 55.5982 69
      vertex -19.5733 54.7037 69
    endloop
  endfacet
  facet normal 0.31367 -0.949532 0
    outer loop
      vertex -16.8655 55.5982 69
      vertex -19.5733 54.7037 61
      vertex -16.8655 55.5982 61
    endloop
  endfacet
  facet normal -0.653165 0.757216 0
    outer loop
      vertex 28.877 -31.8609 55
      vertex 27.2789 -33.2394 61
      vertex 28.877 -31.8609 61
    endloop
  endfacet
  facet normal -0.653165 0.757216 0
    outer loop
      vertex 27.2789 -33.2394 61
      vertex 28.877 -31.8609 55
      vertex 27.2789 -33.2394 55
    endloop
  endfacet
  facet normal 0.359909 0.932987 -0
    outer loop
      vertex -14.4863 -40.4864 55
      vertex -16.4554 -39.7268 61
      vertex -14.4863 -40.4864 61
    endloop
  endfacet
  facet normal 0.359909 0.932987 0
    outer loop
      vertex -16.4554 -39.7268 61
      vertex -14.4863 -40.4864 55
      vertex -16.4554 -39.7268 55
    endloop
  endfacet
  facet normal 0.914208 0.405246 0
    outer loop
      vertex -38.8715 -18.3849 61
      vertex -39.7268 -16.4554 55
      vertex -39.7268 -16.4554 61
    endloop
  endfacet
  facet normal 0.914208 0.405246 0
    outer loop
      vertex -39.7268 -16.4554 55
      vertex -38.8715 -18.3849 61
      vertex -38.8715 -18.3849 55
    endloop
  endfacet
  facet normal -0.405246 0.914208 0
    outer loop
      vertex 18.3849 -38.8715 55
      vertex 16.4554 -39.7268 61
      vertex 18.3849 -38.8715 61
    endloop
  endfacet
  facet normal -0.405246 0.914208 0
    outer loop
      vertex 16.4554 -39.7268 61
      vertex 18.3849 -38.8715 55
      vertex 16.4554 -39.7268 55
    endloop
  endfacet
  facet normal 0.724258 0.689529 0
    outer loop
      vertex -30.4056 -30.4056 61
      vertex -31.8609 -28.877 55
      vertex -31.8609 -28.877 61
    endloop
  endfacet
  facet normal 0.724258 0.689529 0
    outer loop
      vertex -31.8609 -28.877 55
      vertex -30.4056 -30.4056 61
      vertex -30.4056 -30.4056 55
    endloop
  endfacet
  facet normal 0.170952 0.985279 -0
    outer loop
      vertex -6.30941 -42.5346 55
      vertex -8.38888 -42.1738 61
      vertex -6.30941 -42.5346 61
    endloop
  endfacet
  facet normal 0.170952 0.985279 0
    outer loop
      vertex -8.38888 -42.1738 61
      vertex -6.30941 -42.5346 55
      vertex -8.38888 -42.1738 55
    endloop
  endfacet
  facet normal -0.999699 -0.0245434 0
    outer loop
      vertex 43 0 55
      vertex 42.9482 2.10991 61
      vertex 42.9482 2.10991 55
    endloop
  endfacet
  facet normal -0.999699 -0.0245434 0
    outer loop
      vertex 42.9482 2.10991 61
      vertex 43 0 55
      vertex 43 0 61
    endloop
  endfacet
  facet normal -0.359909 -0.932987 0
    outer loop
      vertex 14.4863 40.4864 55
      vertex 16.4554 39.7268 61
      vertex 14.4863 40.4864 61
    endloop
  endfacet
  facet normal -0.359909 -0.932987 -0
    outer loop
      vertex 16.4554 39.7268 61
      vertex 14.4863 40.4864 55
      vertex 16.4554 39.7268 55
    endloop
  endfacet
  facet normal -0.724258 -0.689529 0
    outer loop
      vertex 31.8609 28.877 55
      vertex 30.4056 30.4056 61
      vertex 30.4056 30.4056 55
    endloop
  endfacet
  facet normal -0.724258 -0.689529 0
    outer loop
      vertex 30.4056 30.4056 61
      vertex 31.8609 28.877 55
      vertex 31.8609 28.877 61
    endloop
  endfacet
  facet normal 0.689529 -0.724258 0
    outer loop
      vertex -30.4056 30.4056 55
      vertex -28.877 31.8609 61
      vertex -30.4056 30.4056 61
    endloop
  endfacet
  facet normal 0.689529 -0.724258 0
    outer loop
      vertex -28.877 31.8609 61
      vertex -30.4056 30.4056 55
      vertex -28.877 31.8609 55
    endloop
  endfacet
  facet normal 0.949537 -0.313654 0
    outer loop
      vertex -41.1484 12.4822 61
      vertex -40.4864 14.4863 55
      vertex -40.4864 14.4863 61
    endloop
  endfacet
  facet normal 0.949537 -0.313654 0
    outer loop
      vertex -40.4864 14.4863 55
      vertex -41.1484 12.4822 61
      vertex -41.1484 12.4822 55
    endloop
  endfacet
  facet normal 0.817586 -0.575807 0
    outer loop
      vertex -35.7532 23.8895 61
      vertex -34.5379 25.6151 55
      vertex -34.5379 25.6151 61
    endloop
  endfacet
  facet normal 0.817586 -0.575807 0
    outer loop
      vertex -34.5379 25.6151 55
      vertex -35.7532 23.8895 61
      vertex -35.7532 23.8895 55
    endloop
  endfacet
  facet normal -0.992483 0.122386 0
    outer loop
      vertex 42.5346 -6.30941 55
      vertex 42.7929 -4.21474 61
      vertex 42.7929 -4.21474 55
    endloop
  endfacet
  facet normal -0.992483 0.122386 0
    outer loop
      vertex 42.7929 -4.21474 61
      vertex 42.5346 -6.30941 55
      vertex 42.5346 -6.30941 61
    endloop
  endfacet
  facet normal -0.985279 0.170952 0
    outer loop
      vertex 42.1738 -8.38888 55
      vertex 42.5346 -6.30941 61
      vertex 42.5346 -6.30941 55
    endloop
  endfacet
  facet normal -0.985279 0.170952 0
    outer loop
      vertex 42.5346 -6.30941 61
      vertex 42.1738 -8.38888 55
      vertex 42.1738 -8.38888 61
    endloop
  endfacet
  facet normal -0.817586 0.575807 0
    outer loop
      vertex 34.5379 -25.6151 55
      vertex 35.7532 -23.8895 61
      vertex 35.7532 -23.8895 55
    endloop
  endfacet
  facet normal -0.817586 0.575807 0
    outer loop
      vertex 35.7532 -23.8895 61
      vertex 34.5379 -25.6151 55
      vertex 34.5379 -25.6151 61
    endloop
  endfacet
  facet normal -0.870077 0.492916 0
    outer loop
      vertex 36.8823 -22.1064 55
      vertex 37.9226 -20.2701 61
      vertex 37.9226 -20.2701 55
    endloop
  endfacet
  facet normal -0.870077 0.492916 0
    outer loop
      vertex 37.9226 -20.2701 61
      vertex 36.8823 -22.1064 55
      vertex 36.8823 -22.1064 61
    endloop
  endfacet
  facet normal -0.724258 0.689529 0
    outer loop
      vertex 30.4056 -30.4056 55
      vertex 31.8609 -28.877 61
      vertex 31.8609 -28.877 55
    endloop
  endfacet
  facet normal -0.724258 0.689529 0
    outer loop
      vertex 31.8609 -28.877 61
      vertex 30.4056 -30.4056 55
      vertex 30.4056 -30.4056 61
    endloop
  endfacet
  facet normal -0.615249 0.788333 0
    outer loop
      vertex 27.2789 -33.2394 55
      vertex 25.6151 -34.5379 61
      vertex 27.2789 -33.2394 61
    endloop
  endfacet
  facet normal -0.615249 0.788333 0
    outer loop
      vertex 25.6151 -34.5379 61
      vertex 27.2789 -33.2394 55
      vertex 25.6151 -34.5379 55
    endloop
  endfacet
  facet normal -0.313654 0.949537 0
    outer loop
      vertex 14.4863 -40.4864 55
      vertex 12.4822 -41.1484 61
      vertex 14.4863 -40.4864 61
    endloop
  endfacet
  facet normal -0.313654 0.949537 0
    outer loop
      vertex 12.4822 -41.1484 61
      vertex 14.4863 -40.4864 55
      vertex 12.4822 -41.1484 55
    endloop
  endfacet
  facet normal -0.266708 0.963777 0
    outer loop
      vertex 12.4822 -41.1484 55
      vertex 10.4481 -41.7113 61
      vertex 12.4822 -41.1484 61
    endloop
  endfacet
  facet normal -0.266708 0.963777 0
    outer loop
      vertex 10.4481 -41.7113 61
      vertex 12.4822 -41.1484 55
      vertex 10.4481 -41.7113 55
    endloop
  endfacet
  facet normal 0.949537 0.313654 0
    outer loop
      vertex -40.4864 -14.4863 61
      vertex -41.1484 -12.4822 55
      vertex -41.1484 -12.4822 61
    endloop
  endfacet
  facet normal 0.949537 0.313654 0
    outer loop
      vertex -41.1484 -12.4822 55
      vertex -40.4864 -14.4863 61
      vertex -40.4864 -14.4863 55
    endloop
  endfacet
  facet normal 0.963777 0.266708 0
    outer loop
      vertex -41.1484 -12.4822 61
      vertex -41.7113 -10.4481 55
      vertex -41.7113 -10.4481 61
    endloop
  endfacet
  facet normal 0.963777 0.266708 0
    outer loop
      vertex -41.7113 -10.4481 55
      vertex -41.1484 -12.4822 61
      vertex -41.1484 -12.4822 55
    endloop
  endfacet
  facet normal 0.817586 0.575807 0
    outer loop
      vertex -34.5379 -25.6151 61
      vertex -35.7532 -23.8895 55
      vertex -35.7532 -23.8895 61
    endloop
  endfacet
  facet normal 0.817586 0.575807 0
    outer loop
      vertex -35.7532 -23.8895 55
      vertex -34.5379 -25.6151 61
      vertex -34.5379 -25.6151 55
    endloop
  endfacet
  facet normal 0.757216 0.653165 0
    outer loop
      vertex -31.8609 -28.877 61
      vertex -33.2394 -27.2789 55
      vertex -33.2394 -27.2789 61
    endloop
  endfacet
  facet normal 0.757216 0.653165 0
    outer loop
      vertex -33.2394 -27.2789 55
      vertex -31.8609 -28.877 61
      vertex -31.8609 -28.877 55
    endloop
  endfacet
  facet normal 0.534986 0.844861 -0
    outer loop
      vertex -22.1064 -36.8823 55
      vertex -23.8895 -35.7532 61
      vertex -22.1064 -36.8823 61
    endloop
  endfacet
  facet normal 0.534986 0.844861 0
    outer loop
      vertex -23.8895 -35.7532 61
      vertex -22.1064 -36.8823 55
      vertex -23.8895 -35.7532 55
    endloop
  endfacet
  facet normal 0.653165 0.757216 -0
    outer loop
      vertex -27.2789 -33.2394 55
      vertex -28.877 -31.8609 61
      vertex -27.2789 -33.2394 61
    endloop
  endfacet
  facet normal 0.653165 0.757216 0
    outer loop
      vertex -28.877 -31.8609 61
      vertex -27.2789 -33.2394 55
      vertex -28.877 -31.8609 55
    endloop
  endfacet
  facet normal -0.122386 -0.992483 0
    outer loop
      vertex 4.21474 42.7929 55
      vertex 6.30941 42.5346 61
      vertex 4.21474 42.7929 61
    endloop
  endfacet
  facet normal -0.122386 -0.992483 -0
    outer loop
      vertex 6.30941 42.5346 61
      vertex 4.21474 42.7929 55
      vertex 6.30941 42.5346 55
    endloop
  endfacet
  facet normal 0.0735827 -0.997289 0
    outer loop
      vertex -4.21474 42.7929 55
      vertex -2.10991 42.9482 61
      vertex -4.21474 42.7929 61
    endloop
  endfacet
  facet normal 0.0735827 -0.997289 0
    outer loop
      vertex -2.10991 42.9482 61
      vertex -4.21474 42.7929 55
      vertex -2.10991 42.9482 55
    endloop
  endfacet
  facet normal -0.997289 0.0735827 0
    outer loop
      vertex 42.7929 -4.21474 55
      vertex 42.9482 -2.10991 61
      vertex 42.9482 -2.10991 55
    endloop
  endfacet
  facet normal -0.997289 0.0735827 0
    outer loop
      vertex 42.9482 -2.10991 61
      vertex 42.7929 -4.21474 55
      vertex 42.7929 -4.21474 61
    endloop
  endfacet
  facet normal -0.975693 0.21914 0
    outer loop
      vertex 41.7113 -10.4481 55
      vertex 42.1738 -8.38888 61
      vertex 42.1738 -8.38888 55
    endloop
  endfacet
  facet normal -0.975693 0.21914 0
    outer loop
      vertex 42.1738 -8.38888 61
      vertex 41.7113 -10.4481 55
      vertex 41.7113 -10.4481 61
    endloop
  endfacet
  facet normal -0.914208 0.405246 0
    outer loop
      vertex 38.8715 -18.3849 55
      vertex 39.7268 -16.4554 61
      vertex 39.7268 -16.4554 55
    endloop
  endfacet
  facet normal -0.914208 0.405246 0
    outer loop
      vertex 39.7268 -16.4554 61
      vertex 38.8715 -18.3849 55
      vertex 38.8715 -18.3849 61
    endloop
  endfacet
  facet normal -0.963777 0.266708 0
    outer loop
      vertex 41.1484 -12.4822 55
      vertex 41.7113 -10.4481 61
      vertex 41.7113 -10.4481 55
    endloop
  endfacet
  facet normal -0.963777 0.266708 0
    outer loop
      vertex 41.7113 -10.4481 61
      vertex 41.1484 -12.4822 55
      vertex 41.1484 -12.4822 61
    endloop
  endfacet
  facet normal -0.949537 0.313654 0
    outer loop
      vertex 40.4864 -14.4863 55
      vertex 41.1484 -12.4822 61
      vertex 41.1484 -12.4822 55
    endloop
  endfacet
  facet normal -0.949537 0.313654 0
    outer loop
      vertex 41.1484 -12.4822 61
      vertex 40.4864 -14.4863 55
      vertex 40.4864 -14.4863 61
    endloop
  endfacet
  facet normal -0.844861 0.534986 0
    outer loop
      vertex 35.7532 -23.8895 55
      vertex 36.8823 -22.1064 61
      vertex 36.8823 -22.1064 55
    endloop
  endfacet
  facet normal -0.844861 0.534986 0
    outer loop
      vertex 36.8823 -22.1064 61
      vertex 35.7532 -23.8895 55
      vertex 35.7532 -23.8895 61
    endloop
  endfacet
  facet normal -0.788333 0.615249 0
    outer loop
      vertex 33.2394 -27.2789 55
      vertex 34.5379 -25.6151 61
      vertex 34.5379 -25.6151 55
    endloop
  endfacet
  facet normal -0.788333 0.615249 0
    outer loop
      vertex 34.5379 -25.6151 61
      vertex 33.2394 -27.2789 55
      vertex 33.2394 -27.2789 61
    endloop
  endfacet
  facet normal -0.757216 0.653165 0
    outer loop
      vertex 31.8609 -28.877 55
      vertex 33.2394 -27.2789 61
      vertex 33.2394 -27.2789 55
    endloop
  endfacet
  facet normal -0.757216 0.653165 0
    outer loop
      vertex 33.2394 -27.2789 61
      vertex 31.8609 -28.877 55
      vertex 31.8609 -28.877 61
    endloop
  endfacet
  facet normal -0.0245434 0.999699 0
    outer loop
      vertex 2.10991 -42.9482 55
      vertex 0 -43 61
      vertex 2.10991 -42.9482 61
    endloop
  endfacet
  facet normal -0.0245434 0.999699 0
    outer loop
      vertex 0 -43 61
      vertex 2.10991 -42.9482 55
      vertex 0 -43 55
    endloop
  endfacet
  facet normal -0.575807 0.817586 0
    outer loop
      vertex 25.6151 -34.5379 55
      vertex 23.8895 -35.7532 61
      vertex 25.6151 -34.5379 61
    endloop
  endfacet
  facet normal -0.575807 0.817586 0
    outer loop
      vertex 23.8895 -35.7532 61
      vertex 25.6151 -34.5379 55
      vertex 23.8895 -35.7532 55
    endloop
  endfacet
  facet normal -0.534986 0.844861 0
    outer loop
      vertex 23.8895 -35.7532 55
      vertex 22.1064 -36.8823 61
      vertex 23.8895 -35.7532 61
    endloop
  endfacet
  facet normal -0.534986 0.844861 0
    outer loop
      vertex 22.1064 -36.8823 61
      vertex 23.8895 -35.7532 55
      vertex 22.1064 -36.8823 55
    endloop
  endfacet
  facet normal -0.492916 0.870077 0
    outer loop
      vertex 22.1064 -36.8823 55
      vertex 20.2701 -37.9226 61
      vertex 22.1064 -36.8823 61
    endloop
  endfacet
  facet normal -0.492916 0.870077 0
    outer loop
      vertex 20.2701 -37.9226 61
      vertex 22.1064 -36.8823 55
      vertex 20.2701 -37.9226 55
    endloop
  endfacet
  facet normal -0.122386 0.992483 0
    outer loop
      vertex 6.30941 -42.5346 55
      vertex 4.21474 -42.7929 61
      vertex 6.30941 -42.5346 61
    endloop
  endfacet
  facet normal -0.122386 0.992483 0
    outer loop
      vertex 4.21474 -42.7929 61
      vertex 6.30941 -42.5346 55
      vertex 4.21474 -42.7929 55
    endloop
  endfacet
  facet normal -0.21914 0.975693 0
    outer loop
      vertex 10.4481 -41.7113 55
      vertex 8.38888 -42.1738 61
      vertex 10.4481 -41.7113 61
    endloop
  endfacet
  facet normal -0.21914 0.975693 0
    outer loop
      vertex 8.38888 -42.1738 61
      vertex 10.4481 -41.7113 55
      vertex 8.38888 -42.1738 55
    endloop
  endfacet
  facet normal 0.999699 0.0245434 0
    outer loop
      vertex -42.9482 -2.10991 61
      vertex -43 0 55
      vertex -43 0 61
    endloop
  endfacet
  facet normal 0.999699 0.0245434 0
    outer loop
      vertex -43 0 55
      vertex -42.9482 -2.10991 61
      vertex -42.9482 -2.10991 55
    endloop
  endfacet
  facet normal 0.992483 0.122386 0
    outer loop
      vertex -42.5346 -6.30941 61
      vertex -42.7929 -4.21474 55
      vertex -42.7929 -4.21474 61
    endloop
  endfacet
  facet normal 0.992483 0.122386 0
    outer loop
      vertex -42.7929 -4.21474 55
      vertex -42.5346 -6.30941 61
      vertex -42.5346 -6.30941 55
    endloop
  endfacet
  facet normal 0.975693 0.21914 0
    outer loop
      vertex -41.7113 -10.4481 61
      vertex -42.1738 -8.38888 55
      vertex -42.1738 -8.38888 61
    endloop
  endfacet
  facet normal 0.975693 0.21914 0
    outer loop
      vertex -42.1738 -8.38888 55
      vertex -41.7113 -10.4481 61
      vertex -41.7113 -10.4481 55
    endloop
  endfacet
  facet normal 0.844861 0.534986 0
    outer loop
      vertex -35.7532 -23.8895 61
      vertex -36.8823 -22.1064 55
      vertex -36.8823 -22.1064 61
    endloop
  endfacet
  facet normal 0.844861 0.534986 0
    outer loop
      vertex -36.8823 -22.1064 55
      vertex -35.7532 -23.8895 61
      vertex -35.7532 -23.8895 55
    endloop
  endfacet
  facet normal 0.870077 0.492916 0
    outer loop
      vertex -36.8823 -22.1064 61
      vertex -37.9226 -20.2701 55
      vertex -37.9226 -20.2701 61
    endloop
  endfacet
  facet normal 0.870077 0.492916 0
    outer loop
      vertex -37.9226 -20.2701 55
      vertex -36.8823 -22.1064 61
      vertex -36.8823 -22.1064 55
    endloop
  endfacet
  facet normal 0.266708 0.963777 -0
    outer loop
      vertex -10.4481 -41.7113 55
      vertex -12.4822 -41.1484 61
      vertex -10.4481 -41.7113 61
    endloop
  endfacet
  facet normal 0.266708 0.963777 0
    outer loop
      vertex -12.4822 -41.1484 61
      vertex -10.4481 -41.7113 55
      vertex -12.4822 -41.1484 55
    endloop
  endfacet
  facet normal 0.0245434 0.999699 -0
    outer loop
      vertex 0 -43 55
      vertex -2.10991 -42.9482 61
      vertex 0 -43 61
    endloop
  endfacet
  facet normal 0.0245434 0.999699 0
    outer loop
      vertex -2.10991 -42.9482 61
      vertex 0 -43 55
      vertex -2.10991 -42.9482 55
    endloop
  endfacet
  facet normal 0.0735827 0.997289 -0
    outer loop
      vertex -2.10991 -42.9482 55
      vertex -4.21474 -42.7929 61
      vertex -2.10991 -42.9482 61
    endloop
  endfacet
  facet normal 0.0735827 0.997289 0
    outer loop
      vertex -4.21474 -42.7929 61
      vertex -2.10991 -42.9482 55
      vertex -4.21474 -42.7929 55
    endloop
  endfacet
  facet normal 0.405246 0.914208 -0
    outer loop
      vertex -16.4554 -39.7268 55
      vertex -18.3849 -38.8715 61
      vertex -16.4554 -39.7268 61
    endloop
  endfacet
  facet normal 0.405246 0.914208 0
    outer loop
      vertex -18.3849 -38.8715 61
      vertex -16.4554 -39.7268 55
      vertex -18.3849 -38.8715 55
    endloop
  endfacet
  facet normal 0.4496 0.89323 -0
    outer loop
      vertex -18.3849 -38.8715 55
      vertex -20.2701 -37.9226 61
      vertex -18.3849 -38.8715 61
    endloop
  endfacet
  facet normal 0.4496 0.89323 0
    outer loop
      vertex -20.2701 -37.9226 61
      vertex -18.3849 -38.8715 55
      vertex -20.2701 -37.9226 55
    endloop
  endfacet
  facet normal 0.575807 0.817586 -0
    outer loop
      vertex -23.8895 -35.7532 55
      vertex -25.6151 -34.5379 61
      vertex -23.8895 -35.7532 61
    endloop
  endfacet
  facet normal 0.575807 0.817586 0
    outer loop
      vertex -25.6151 -34.5379 61
      vertex -23.8895 -35.7532 55
      vertex -25.6151 -34.5379 55
    endloop
  endfacet
  facet normal 0.615249 0.788333 -0
    outer loop
      vertex -25.6151 -34.5379 55
      vertex -27.2789 -33.2394 61
      vertex -25.6151 -34.5379 61
    endloop
  endfacet
  facet normal 0.615249 0.788333 0
    outer loop
      vertex -27.2789 -33.2394 61
      vertex -25.6151 -34.5379 55
      vertex -27.2789 -33.2394 55
    endloop
  endfacet
  facet normal 0.689529 0.724258 -0
    outer loop
      vertex -28.877 -31.8609 55
      vertex -30.4056 -30.4056 61
      vertex -28.877 -31.8609 61
    endloop
  endfacet
  facet normal 0.689529 0.724258 0
    outer loop
      vertex -30.4056 -30.4056 61
      vertex -28.877 -31.8609 55
      vertex -30.4056 -30.4056 55
    endloop
  endfacet
  facet normal -0.999699 0.0245434 0
    outer loop
      vertex 42.9482 -2.10991 55
      vertex 43 0 61
      vertex 43 0 55
    endloop
  endfacet
  facet normal -0.999699 0.0245434 0
    outer loop
      vertex 43 0 61
      vertex 42.9482 -2.10991 55
      vertex 42.9482 -2.10991 61
    endloop
  endfacet
  facet normal -0.0245434 -0.999699 0
    outer loop
      vertex 0 43 55
      vertex 2.10991 42.9482 61
      vertex 0 43 61
    endloop
  endfacet
  facet normal -0.0245434 -0.999699 -0
    outer loop
      vertex 2.10991 42.9482 61
      vertex 0 43 55
      vertex 2.10991 42.9482 55
    endloop
  endfacet
  facet normal -0.949537 -0.313654 0
    outer loop
      vertex 41.1484 12.4822 55
      vertex 40.4864 14.4863 61
      vertex 40.4864 14.4863 55
    endloop
  endfacet
  facet normal -0.949537 -0.313654 0
    outer loop
      vertex 40.4864 14.4863 61
      vertex 41.1484 12.4822 55
      vertex 41.1484 12.4822 61
    endloop
  endfacet
  facet normal -0.932987 -0.359909 0
    outer loop
      vertex 40.4864 14.4863 55
      vertex 39.7268 16.4554 61
      vertex 39.7268 16.4554 55
    endloop
  endfacet
  facet normal -0.932987 -0.359909 0
    outer loop
      vertex 39.7268 16.4554 61
      vertex 40.4864 14.4863 55
      vertex 40.4864 14.4863 61
    endloop
  endfacet
  facet normal -0.0735827 -0.997289 0
    outer loop
      vertex 2.10991 42.9482 55
      vertex 4.21474 42.7929 61
      vertex 2.10991 42.9482 61
    endloop
  endfacet
  facet normal -0.0735827 -0.997289 -0
    outer loop
      vertex 4.21474 42.7929 61
      vertex 2.10991 42.9482 55
      vertex 4.21474 42.7929 55
    endloop
  endfacet
  facet normal -0.21914 -0.975693 0
    outer loop
      vertex 8.38888 42.1738 55
      vertex 10.4481 41.7113 61
      vertex 8.38888 42.1738 61
    endloop
  endfacet
  facet normal -0.21914 -0.975693 -0
    outer loop
      vertex 10.4481 41.7113 61
      vertex 8.38888 42.1738 55
      vertex 10.4481 41.7113 55
    endloop
  endfacet
  facet normal -0.313654 -0.949537 0
    outer loop
      vertex 12.4822 41.1484 55
      vertex 14.4863 40.4864 61
      vertex 12.4822 41.1484 61
    endloop
  endfacet
  facet normal -0.313654 -0.949537 -0
    outer loop
      vertex 14.4863 40.4864 61
      vertex 12.4822 41.1484 55
      vertex 14.4863 40.4864 55
    endloop
  endfacet
  facet normal -0.266708 -0.963777 0
    outer loop
      vertex 10.4481 41.7113 55
      vertex 12.4822 41.1484 61
      vertex 10.4481 41.7113 61
    endloop
  endfacet
  facet normal -0.266708 -0.963777 -0
    outer loop
      vertex 12.4822 41.1484 61
      vertex 10.4481 41.7113 55
      vertex 12.4822 41.1484 55
    endloop
  endfacet
  facet normal -0.575807 -0.817586 0
    outer loop
      vertex 23.8895 35.7532 55
      vertex 25.6151 34.5379 61
      vertex 23.8895 35.7532 61
    endloop
  endfacet
  facet normal -0.575807 -0.817586 -0
    outer loop
      vertex 25.6151 34.5379 61
      vertex 23.8895 35.7532 55
      vertex 25.6151 34.5379 55
    endloop
  endfacet
  facet normal -0.653165 -0.757216 0
    outer loop
      vertex 27.2789 33.2394 55
      vertex 28.877 31.8609 61
      vertex 27.2789 33.2394 61
    endloop
  endfacet
  facet normal -0.653165 -0.757216 -0
    outer loop
      vertex 28.877 31.8609 61
      vertex 27.2789 33.2394 55
      vertex 28.877 31.8609 55
    endloop
  endfacet
  facet normal -0.492916 -0.870077 0
    outer loop
      vertex 20.2701 37.9226 55
      vertex 22.1064 36.8823 61
      vertex 20.2701 37.9226 61
    endloop
  endfacet
  facet normal -0.492916 -0.870077 -0
    outer loop
      vertex 22.1064 36.8823 61
      vertex 20.2701 37.9226 55
      vertex 22.1064 36.8823 55
    endloop
  endfacet
  facet normal -0.405246 -0.914208 0
    outer loop
      vertex 16.4554 39.7268 55
      vertex 18.3849 38.8715 61
      vertex 16.4554 39.7268 61
    endloop
  endfacet
  facet normal -0.405246 -0.914208 -0
    outer loop
      vertex 18.3849 38.8715 61
      vertex 16.4554 39.7268 55
      vertex 18.3849 38.8715 55
    endloop
  endfacet
  facet normal -0.844861 -0.534986 0
    outer loop
      vertex 36.8823 22.1064 55
      vertex 35.7532 23.8895 61
      vertex 35.7532 23.8895 55
    endloop
  endfacet
  facet normal -0.844861 -0.534986 0
    outer loop
      vertex 35.7532 23.8895 61
      vertex 36.8823 22.1064 55
      vertex 36.8823 22.1064 61
    endloop
  endfacet
  facet normal -0.89323 -0.4496 0
    outer loop
      vertex 38.8715 18.3849 55
      vertex 37.9226 20.2701 61
      vertex 37.9226 20.2701 55
    endloop
  endfacet
  facet normal -0.89323 -0.4496 0
    outer loop
      vertex 37.9226 20.2701 61
      vertex 38.8715 18.3849 55
      vertex 38.8715 18.3849 61
    endloop
  endfacet
  facet normal -0.788333 -0.615249 0
    outer loop
      vertex 34.5379 25.6151 55
      vertex 33.2394 27.2789 61
      vertex 33.2394 27.2789 55
    endloop
  endfacet
  facet normal -0.788333 -0.615249 0
    outer loop
      vertex 33.2394 27.2789 61
      vertex 34.5379 25.6151 55
      vertex 34.5379 25.6151 61
    endloop
  endfacet
  facet normal 0.0245434 -0.999699 0
    outer loop
      vertex -2.10991 42.9482 55
      vertex 0 43 61
      vertex -2.10991 42.9482 61
    endloop
  endfacet
  facet normal 0.0245434 -0.999699 0
    outer loop
      vertex 0 43 61
      vertex -2.10991 42.9482 55
      vertex 0 43 55
    endloop
  endfacet
  facet normal 0.359909 -0.932987 0
    outer loop
      vertex -16.4554 39.7268 55
      vertex -14.4863 40.4864 61
      vertex -16.4554 39.7268 61
    endloop
  endfacet
  facet normal 0.359909 -0.932987 0
    outer loop
      vertex -14.4863 40.4864 61
      vertex -16.4554 39.7268 55
      vertex -14.4863 40.4864 55
    endloop
  endfacet
  facet normal 0.170952 -0.985279 0
    outer loop
      vertex -8.38888 42.1738 55
      vertex -6.30941 42.5346 61
      vertex -8.38888 42.1738 61
    endloop
  endfacet
  facet normal 0.170952 -0.985279 0
    outer loop
      vertex -6.30941 42.5346 61
      vertex -8.38888 42.1738 55
      vertex -6.30941 42.5346 55
    endloop
  endfacet
  facet normal 0.266708 -0.963777 0
    outer loop
      vertex -12.4822 41.1484 55
      vertex -10.4481 41.7113 61
      vertex -12.4822 41.1484 61
    endloop
  endfacet
  facet normal 0.266708 -0.963777 0
    outer loop
      vertex -10.4481 41.7113 61
      vertex -12.4822 41.1484 55
      vertex -10.4481 41.7113 55
    endloop
  endfacet
  facet normal 0.534986 -0.844861 0
    outer loop
      vertex -23.8895 35.7532 55
      vertex -22.1064 36.8823 61
      vertex -23.8895 35.7532 61
    endloop
  endfacet
  facet normal 0.534986 -0.844861 0
    outer loop
      vertex -22.1064 36.8823 61
      vertex -23.8895 35.7532 55
      vertex -22.1064 36.8823 55
    endloop
  endfacet
  facet normal 0.4496 -0.89323 0
    outer loop
      vertex -20.2701 37.9226 55
      vertex -18.3849 38.8715 61
      vertex -20.2701 37.9226 61
    endloop
  endfacet
  facet normal 0.4496 -0.89323 0
    outer loop
      vertex -18.3849 38.8715 61
      vertex -20.2701 37.9226 55
      vertex -18.3849 38.8715 55
    endloop
  endfacet
  facet normal 0.615249 -0.788333 0
    outer loop
      vertex -27.2789 33.2394 55
      vertex -25.6151 34.5379 61
      vertex -27.2789 33.2394 61
    endloop
  endfacet
  facet normal 0.615249 -0.788333 0
    outer loop
      vertex -25.6151 34.5379 61
      vertex -27.2789 33.2394 55
      vertex -25.6151 34.5379 55
    endloop
  endfacet
  facet normal 0.975693 -0.21914 0
    outer loop
      vertex -42.1738 8.38888 61
      vertex -41.7113 10.4481 55
      vertex -41.7113 10.4481 61
    endloop
  endfacet
  facet normal 0.975693 -0.21914 0
    outer loop
      vertex -41.7113 10.4481 55
      vertex -42.1738 8.38888 61
      vertex -42.1738 8.38888 55
    endloop
  endfacet
  facet normal 0.992483 -0.122386 0
    outer loop
      vertex -42.7929 4.21474 61
      vertex -42.5346 6.30941 55
      vertex -42.5346 6.30941 61
    endloop
  endfacet
  facet normal 0.992483 -0.122386 0
    outer loop
      vertex -42.5346 6.30941 55
      vertex -42.7929 4.21474 61
      vertex -42.7929 4.21474 55
    endloop
  endfacet
  facet normal 0.999699 -0.0245434 0
    outer loop
      vertex -43 0 61
      vertex -42.9482 2.10991 55
      vertex -42.9482 2.10991 61
    endloop
  endfacet
  facet normal 0.999699 -0.0245434 0
    outer loop
      vertex -42.9482 2.10991 55
      vertex -43 0 61
      vertex -43 0 55
    endloop
  endfacet
  facet normal 0.985279 -0.170952 0
    outer loop
      vertex -42.5346 6.30941 61
      vertex -42.1738 8.38888 55
      vertex -42.1738 8.38888 61
    endloop
  endfacet
  facet normal 0.985279 -0.170952 0
    outer loop
      vertex -42.1738 8.38888 55
      vertex -42.5346 6.30941 61
      vertex -42.5346 6.30941 55
    endloop
  endfacet
  facet normal 0.870077 -0.492916 0
    outer loop
      vertex -37.9226 20.2701 61
      vertex -36.8823 22.1064 55
      vertex -36.8823 22.1064 61
    endloop
  endfacet
  facet normal 0.870077 -0.492916 0
    outer loop
      vertex -36.8823 22.1064 55
      vertex -37.9226 20.2701 61
      vertex -37.9226 20.2701 55
    endloop
  endfacet
  facet normal 0.914208 -0.405246 0
    outer loop
      vertex -39.7268 16.4554 61
      vertex -38.8715 18.3849 55
      vertex -38.8715 18.3849 61
    endloop
  endfacet
  facet normal 0.914208 -0.405246 0
    outer loop
      vertex -38.8715 18.3849 55
      vertex -39.7268 16.4554 61
      vertex -39.7268 16.4554 55
    endloop
  endfacet
  facet normal 0.724258 -0.689529 0
    outer loop
      vertex -31.8609 28.877 61
      vertex -30.4056 30.4056 55
      vertex -30.4056 30.4056 61
    endloop
  endfacet
  facet normal 0.724258 -0.689529 0
    outer loop
      vertex -30.4056 30.4056 55
      vertex -31.8609 28.877 61
      vertex -31.8609 28.877 55
    endloop
  endfacet
  facet normal 0.757216 -0.653165 0
    outer loop
      vertex -33.2394 27.2789 61
      vertex -31.8609 28.877 55
      vertex -31.8609 28.877 61
    endloop
  endfacet
  facet normal 0.757216 -0.653165 0
    outer loop
      vertex -31.8609 28.877 55
      vertex -33.2394 27.2789 61
      vertex -33.2394 27.2789 55
    endloop
  endfacet
  facet normal -0.932987 0.359909 0
    outer loop
      vertex 39.7268 -16.4554 55
      vertex 40.4864 -14.4863 61
      vertex 40.4864 -14.4863 55
    endloop
  endfacet
  facet normal -0.932987 0.359909 0
    outer loop
      vertex 40.4864 -14.4863 61
      vertex 39.7268 -16.4554 55
      vertex 39.7268 -16.4554 61
    endloop
  endfacet
  facet normal -0.89323 0.4496 0
    outer loop
      vertex 37.9226 -20.2701 55
      vertex 38.8715 -18.3849 61
      vertex 38.8715 -18.3849 55
    endloop
  endfacet
  facet normal -0.89323 0.4496 0
    outer loop
      vertex 38.8715 -18.3849 61
      vertex 37.9226 -20.2701 55
      vertex 37.9226 -20.2701 61
    endloop
  endfacet
  facet normal -0.689529 0.724258 0
    outer loop
      vertex 30.4056 -30.4056 55
      vertex 28.877 -31.8609 61
      vertex 30.4056 -30.4056 61
    endloop
  endfacet
  facet normal -0.689529 0.724258 0
    outer loop
      vertex 28.877 -31.8609 61
      vertex 30.4056 -30.4056 55
      vertex 28.877 -31.8609 55
    endloop
  endfacet
  facet normal -0.4496 0.89323 0
    outer loop
      vertex 20.2701 -37.9226 55
      vertex 18.3849 -38.8715 61
      vertex 20.2701 -37.9226 61
    endloop
  endfacet
  facet normal -0.4496 0.89323 0
    outer loop
      vertex 18.3849 -38.8715 61
      vertex 20.2701 -37.9226 55
      vertex 18.3849 -38.8715 55
    endloop
  endfacet
  facet normal -0.0735827 0.997289 0
    outer loop
      vertex 4.21474 -42.7929 55
      vertex 2.10991 -42.9482 61
      vertex 4.21474 -42.7929 61
    endloop
  endfacet
  facet normal -0.0735827 0.997289 0
    outer loop
      vertex 2.10991 -42.9482 61
      vertex 4.21474 -42.7929 55
      vertex 2.10991 -42.9482 55
    endloop
  endfacet
  facet normal -0.170952 0.985279 0
    outer loop
      vertex 8.38888 -42.1738 55
      vertex 6.30941 -42.5346 61
      vertex 8.38888 -42.1738 61
    endloop
  endfacet
  facet normal -0.170952 0.985279 0
    outer loop
      vertex 6.30941 -42.5346 61
      vertex 8.38888 -42.1738 55
      vertex 6.30941 -42.5346 55
    endloop
  endfacet
  facet normal -0.359909 0.932987 0
    outer loop
      vertex 16.4554 -39.7268 55
      vertex 14.4863 -40.4864 61
      vertex 16.4554 -39.7268 61
    endloop
  endfacet
  facet normal -0.359909 0.932987 0
    outer loop
      vertex 14.4863 -40.4864 61
      vertex 16.4554 -39.7268 55
      vertex 14.4863 -40.4864 55
    endloop
  endfacet
  facet normal 0 0 1
    outer loop
      vertex 42.9482 2.10991 55
      vertex 42.9482 -2.10991 55
      vertex 43 0 55
    endloop
  endfacet
  facet normal 0 0 1
    outer loop
      vertex 42.7929 4.21474 55
      vertex 42.9482 -2.10991 55
      vertex 42.9482 2.10991 55
    endloop
  endfacet
  facet normal 0 0 1
    outer loop
      vertex 42.7929 4.21474 55
      vertex 42.7929 -4.21474 55
      vertex 42.9482 -2.10991 55
    endloop
  endfacet
  facet normal 0 0 1
    outer loop
      vertex 42.5346 6.30941 55
      vertex 42.7929 -4.21474 55
      vertex 42.7929 4.21474 55
    endloop
  endfacet
  facet normal 0 0 1
    outer loop
      vertex 42.5346 6.30941 55
      vertex 42.5346 -6.30941 55
      vertex 42.7929 -4.21474 55
    endloop
  endfacet
  facet normal 0 0 1
    outer loop
      vertex 42.1738 8.38888 55
      vertex 42.5346 -6.30941 55
      vertex 42.5346 6.30941 55
    endloop
  endfacet
  facet normal 0 0 1
    outer loop
      vertex 42.1738 8.38888 55
      vertex 42.1738 -8.38888 55
      vertex 42.5346 -6.30941 55
    endloop
  endfacet
  facet normal 0 0 1
    outer loop
      vertex 41.7113 10.4481 55
      vertex 42.1738 -8.38888 55
      vertex 42.1738 8.38888 55
    endloop
  endfacet
  facet normal 0 0 1
    outer loop
      vertex 41.7113 10.4481 55
      vertex 41.7113 -10.4481 55
      vertex 42.1738 -8.38888 55
    endloop
  endfacet
  facet normal 0 0 1
    outer loop
      vertex 41.1484 12.4822 55
      vertex 41.7113 -10.4481 55
      vertex 41.7113 10.4481 55
    endloop
  endfacet
  facet normal 0 0 1
    outer loop
      vertex 41.1484 12.4822 55
      vertex 41.1484 -12.4822 55
      vertex 41.7113 -10.4481 55
    endloop
  endfacet
  facet normal 0 0 1
    outer loop
      vertex 40.4864 14.4863 55
      vertex 41.1484 -12.4822 55
      vertex 41.1484 12.4822 55
    endloop
  endfacet
  facet normal 0 0 1
    outer loop
      vertex 40.4864 14.4863 55
      vertex 40.4864 -14.4863 55
      vertex 41.1484 -12.4822 55
    endloop
  endfacet
  facet normal 0 0 1
    outer loop
      vertex 39.7268 16.4554 55
      vertex 40.4864 -14.4863 55
      vertex 40.4864 14.4863 55
    endloop
  endfacet
  facet normal 0 0 1
    outer loop
      vertex 39.7268 16.4554 55
      vertex 39.7268 -16.4554 55
      vertex 40.4864 -14.4863 55
    endloop
  endfacet
  facet normal 0 0 1
    outer loop
      vertex 38.8715 18.3849 55
      vertex 39.7268 -16.4554 55
      vertex 39.7268 16.4554 55
    endloop
  endfacet
  facet normal 0 0 1
    outer loop
      vertex 38.8715 18.3849 55
      vertex 38.8715 -18.3849 55
      vertex 39.7268 -16.4554 55
    endloop
  endfacet
  facet normal 0 0 1
    outer loop
      vertex 37.9226 20.2701 55
      vertex 38.8715 -18.3849 55
      vertex 38.8715 18.3849 55
    endloop
  endfacet
  facet normal 0 0 1
    outer loop
      vertex 37.9226 20.2701 55
      vertex 37.9226 -20.2701 55
      vertex 38.8715 -18.3849 55
    endloop
  endfacet
  facet normal 0 0 1
    outer loop
      vertex 36.8823 22.1064 55
      vertex 37.9226 -20.2701 55
      vertex 37.9226 20.2701 55
    endloop
  endfacet
  facet normal 0 0 1
    outer loop
      vertex 36.8823 22.1064 55
      vertex 36.8823 -22.1064 55
      vertex 37.9226 -20.2701 55
    endloop
  endfacet
  facet normal 0 0 1
    outer loop
      vertex 35.7532 23.8895 55
      vertex 36.8823 -22.1064 55
      vertex 36.8823 22.1064 55
    endloop
  endfacet
  facet normal 0 0 1
    outer loop
      vertex 35.7532 23.8895 55
      vertex 35.7532 -23.8895 55
      vertex 36.8823 -22.1064 55
    endloop
  endfacet
  facet normal 0 0 1
    outer loop
      vertex 34.5379 25.6151 55
      vertex 35.7532 -23.8895 55
      vertex 35.7532 23.8895 55
    endloop
  endfacet
  facet normal 0 0 1
    outer loop
      vertex 34.5379 25.6151 55
      vertex 34.5379 -25.6151 55
      vertex 35.7532 -23.8895 55
    endloop
  endfacet
  facet normal 0 0 1
    outer loop
      vertex 33.2394 27.2789 55
      vertex 34.5379 -25.6151 55
      vertex 34.5379 25.6151 55
    endloop
  endfacet
  facet normal 0 0 1
    outer loop
      vertex 33.2394 27.2789 55
      vertex 33.2394 -27.2789 55
      vertex 34.5379 -25.6151 55
    endloop
  endfacet
  facet normal 0 0 1
    outer loop
      vertex 31.8609 28.877 55
      vertex 33.2394 -27.2789 55
      vertex 33.2394 27.2789 55
    endloop
  endfacet
  facet normal 0 0 1
    outer loop
      vertex 31.8609 28.877 55
      vertex 31.8609 -28.877 55
      vertex 33.2394 -27.2789 55
    endloop
  endfacet
  facet normal 0 0 1
    outer loop
      vertex 30.4056 30.4056 55
      vertex 31.8609 -28.877 55
      vertex 31.8609 28.877 55
    endloop
  endfacet
  facet normal 0 0 1
    outer loop
      vertex 30.4056 30.4056 55
      vertex 30.4056 -30.4056 55
      vertex 31.8609 -28.877 55
    endloop
  endfacet
  facet normal 0 0 1
    outer loop
      vertex 28.877 31.8609 55
      vertex 30.4056 -30.4056 55
      vertex 30.4056 30.4056 55
    endloop
  endfacet
  facet normal 0 0 1
    outer loop
      vertex 28.877 31.8609 55
      vertex 28.877 -31.8609 55
      vertex 30.4056 -30.4056 55
    endloop
  endfacet
  facet normal 0 0 1
    outer loop
      vertex 27.2789 33.2394 55
      vertex 28.877 -31.8609 55
      vertex 28.877 31.8609 55
    endloop
  endfacet
  facet normal 0 0 1
    outer loop
      vertex 27.2789 33.2394 55
      vertex 27.2789 -33.2394 55
      vertex 28.877 -31.8609 55
    endloop
  endfacet
  facet normal 0 0 1
    outer loop
      vertex 25.6151 34.5379 55
      vertex 27.2789 -33.2394 55
      vertex 27.2789 33.2394 55
    endloop
  endfacet
  facet normal 0 0 1
    outer loop
      vertex 25.6151 34.5379 55
      vertex 25.6151 -34.5379 55
      vertex 27.2789 -33.2394 55
    endloop
  endfacet
  facet normal 0 0 1
    outer loop
      vertex 23.8895 35.7532 55
      vertex 25.6151 -34.5379 55
      vertex 25.6151 34.5379 55
    endloop
  endfacet
  facet normal 0 0 1
    outer loop
      vertex 23.8895 35.7532 55
      vertex 23.8895 -35.7532 55
      vertex 25.6151 -34.5379 55
    endloop
  endfacet
  facet normal 0 0 1
    outer loop
      vertex 22.1064 36.8823 55
      vertex 23.8895 -35.7532 55
      vertex 23.8895 35.7532 55
    endloop
  endfacet
  facet normal 0 0 1
    outer loop
      vertex 22.1064 36.8823 55
      vertex 22.1064 -36.8823 55
      vertex 23.8895 -35.7532 55
    endloop
  endfacet
  facet normal 0 0 1
    outer loop
      vertex 20.2701 37.9226 55
      vertex 22.1064 -36.8823 55
      vertex 22.1064 36.8823 55
    endloop
  endfacet
  facet normal 0 0 1
    outer loop
      vertex 20.2701 37.9226 55
      vertex 20.2701 -37.9226 55
      vertex 22.1064 -36.8823 55
    endloop
  endfacet
  facet normal 0 0 1
    outer loop
      vertex 18.3849 38.8715 55
      vertex 20.2701 -37.9226 55
      vertex 20.2701 37.9226 55
    endloop
  endfacet
  facet normal 0 0 1
    outer loop
      vertex 18.3849 38.8715 55
      vertex 18.3849 -38.8715 55
      vertex 20.2701 -37.9226 55
    endloop
  endfacet
  facet normal 0 0 1
    outer loop
      vertex 16.4554 39.7268 55
      vertex 18.3849 -38.8715 55
      vertex 18.3849 38.8715 55
    endloop
  endfacet
  facet normal 0 0 1
    outer loop
      vertex 16.4554 39.7268 55
      vertex 16.4554 -39.7268 55
      vertex 18.3849 -38.8715 55
    endloop
  endfacet
  facet normal 0 0 1
    outer loop
      vertex 14.4863 40.4864 55
      vertex 16.4554 -39.7268 55
      vertex 16.4554 39.7268 55
    endloop
  endfacet
  facet normal 0 0 1
    outer loop
      vertex 14.4863 40.4864 55
      vertex 14.4863 -40.4864 55
      vertex 16.4554 -39.7268 55
    endloop
  endfacet
  facet normal 0 0 1
    outer loop
      vertex 12.4822 41.1484 55
      vertex 14.4863 -40.4864 55
      vertex 14.4863 40.4864 55
    endloop
  endfacet
  facet normal 0 0 1
    outer loop
      vertex 12.4822 41.1484 55
      vertex 12.4822 -41.1484 55
      vertex 14.4863 -40.4864 55
    endloop
  endfacet
  facet normal 0 0 1
    outer loop
      vertex 10.4481 41.7113 55
      vertex 12.4822 -41.1484 55
      vertex 12.4822 41.1484 55
    endloop
  endfacet
  facet normal 0 0 1
    outer loop
      vertex 10.4481 41.7113 55
      vertex 10.4481 -41.7113 55
      vertex 12.4822 -41.1484 55
    endloop
  endfacet
  facet normal 0 0 1
    outer loop
      vertex 8.38888 42.1738 55
      vertex 10.4481 -41.7113 55
      vertex 10.4481 41.7113 55
    endloop
  endfacet
  facet normal 0 0 1
    outer loop
      vertex 8.38888 42.1738 55
      vertex 8.38888 -42.1738 55
      vertex 10.4481 -41.7113 55
    endloop
  endfacet
  facet normal 0 0 1
    outer loop
      vertex 6.30941 42.5346 55
      vertex 8.38888 -42.1738 55
      vertex 8.38888 42.1738 55
    endloop
  endfacet
  facet normal 0 0 1
    outer loop
      vertex 6.30941 42.5346 55
      vertex 6.30941 -42.5346 55
      vertex 8.38888 -42.1738 55
    endloop
  endfacet
  facet normal 0 0 1
    outer loop
      vertex 4.21474 42.7929 55
      vertex 6.30941 -42.5346 55
      vertex 6.30941 42.5346 55
    endloop
  endfacet
  facet normal 0 0 1
    outer loop
      vertex 4.21474 42.7929 55
      vertex 4.21474 -42.7929 55
      vertex 6.30941 -42.5346 55
    endloop
  endfacet
  facet normal 0 0 1
    outer loop
      vertex 2.10991 42.9482 55
      vertex 4.21474 -42.7929 55
      vertex 4.21474 42.7929 55
    endloop
  endfacet
  facet normal 0 0 1
    outer loop
      vertex 2.10991 42.9482 55
      vertex 2.10991 -42.9482 55
      vertex 4.21474 -42.7929 55
    endloop
  endfacet
  facet normal 0 0 1
    outer loop
      vertex 0 43 55
      vertex 2.10991 -42.9482 55
      vertex 2.10991 42.9482 55
    endloop
  endfacet
  facet normal 0 0 1
    outer loop
      vertex 0 43 55
      vertex 0 -43 55
      vertex 2.10991 -42.9482 55
    endloop
  endfacet
  facet normal -0 0 1
    outer loop
      vertex -2.10991 42.9482 55
      vertex 0 -43 55
      vertex 0 43 55
    endloop
  endfacet
  facet normal 0 0 1
    outer loop
      vertex -2.10991 42.9482 55
      vertex -2.10991 -42.9482 55
      vertex 0 -43 55
    endloop
  endfacet
  facet normal -0 0 1
    outer loop
      vertex -4.21474 42.7929 55
      vertex -2.10991 -42.9482 55
      vertex -2.10991 42.9482 55
    endloop
  endfacet
  facet normal 0 0 1
    outer loop
      vertex -4.21474 42.7929 55
      vertex -4.21474 -42.7929 55
      vertex -2.10991 -42.9482 55
    endloop
  endfacet
  facet normal -0 0 1
    outer loop
      vertex -6.30941 42.5346 55
      vertex -4.21474 -42.7929 55
      vertex -4.21474 42.7929 55
    endloop
  endfacet
  facet normal 0 0 1
    outer loop
      vertex -6.30941 42.5346 55
      vertex -6.30941 -42.5346 55
      vertex -4.21474 -42.7929 55
    endloop
  endfacet
  facet normal -0 0 1
    outer loop
      vertex -8.38888 42.1738 55
      vertex -6.30941 -42.5346 55
      vertex -6.30941 42.5346 55
    endloop
  endfacet
  facet normal 0 0 1
    outer loop
      vertex -8.38888 42.1738 55
      vertex -8.38888 -42.1738 55
      vertex -6.30941 -42.5346 55
    endloop
  endfacet
  facet normal -0 0 1
    outer loop
      vertex -10.4481 41.7113 55
      vertex -8.38888 -42.1738 55
      vertex -8.38888 42.1738 55
    endloop
  endfacet
  facet normal 0 0 1
    outer loop
      vertex -10.4481 41.7113 55
      vertex -10.4481 -41.7113 55
      vertex -8.38888 -42.1738 55
    endloop
  endfacet
  facet normal -0 0 1
    outer loop
      vertex -12.4822 41.1484 55
      vertex -10.4481 -41.7113 55
      vertex -10.4481 41.7113 55
    endloop
  endfacet
  facet normal 0 0 1
    outer loop
      vertex -12.4822 41.1484 55
      vertex -12.4822 -41.1484 55
      vertex -10.4481 -41.7113 55
    endloop
  endfacet
  facet normal -0 0 1
    outer loop
      vertex -14.4863 40.4864 55
      vertex -12.4822 -41.1484 55
      vertex -12.4822 41.1484 55
    endloop
  endfacet
  facet normal 0 0 1
    outer loop
      vertex -14.4863 40.4864 55
      vertex -14.4863 -40.4864 55
      vertex -12.4822 -41.1484 55
    endloop
  endfacet
  facet normal -0 0 1
    outer loop
      vertex -16.4554 39.7268 55
      vertex -14.4863 -40.4864 55
      vertex -14.4863 40.4864 55
    endloop
  endfacet
  facet normal 0 0 1
    outer loop
      vertex -16.4554 39.7268 55
      vertex -16.4554 -39.7268 55
      vertex -14.4863 -40.4864 55
    endloop
  endfacet
  facet normal -0 0 1
    outer loop
      vertex -18.3849 38.8715 55
      vertex -16.4554 -39.7268 55
      vertex -16.4554 39.7268 55
    endloop
  endfacet
  facet normal 0 0 1
    outer loop
      vertex -18.3849 38.8715 55
      vertex -18.3849 -38.8715 55
      vertex -16.4554 -39.7268 55
    endloop
  endfacet
  facet normal -0 0 1
    outer loop
      vertex -20.2701 37.9226 55
      vertex -18.3849 -38.8715 55
      vertex -18.3849 38.8715 55
    endloop
  endfacet
  facet normal 0 0 1
    outer loop
      vertex -20.2701 37.9226 55
      vertex -20.2701 -37.9226 55
      vertex -18.3849 -38.8715 55
    endloop
  endfacet
  facet normal -0 0 1
    outer loop
      vertex -22.1064 36.8823 55
      vertex -20.2701 -37.9226 55
      vertex -20.2701 37.9226 55
    endloop
  endfacet
  facet normal 0 0 1
    outer loop
      vertex -22.1064 36.8823 55
      vertex -22.1064 -36.8823 55
      vertex -20.2701 -37.9226 55
    endloop
  endfacet
  facet normal -0 0 1
    outer loop
      vertex -23.8895 35.7532 55
      vertex -22.1064 -36.8823 55
      vertex -22.1064 36.8823 55
    endloop
  endfacet
  facet normal 0 0 1
    outer loop
      vertex -23.8895 35.7532 55
      vertex -23.8895 -35.7532 55
      vertex -22.1064 -36.8823 55
    endloop
  endfacet
  facet normal -0 0 1
    outer loop
      vertex -25.6151 34.5379 55
      vertex -23.8895 -35.7532 55
      vertex -23.8895 35.7532 55
    endloop
  endfacet
  facet normal 0 0 1
    outer loop
      vertex -25.6151 34.5379 55
      vertex -25.6151 -34.5379 55
      vertex -23.8895 -35.7532 55
    endloop
  endfacet
  facet normal -0 0 1
    outer loop
      vertex -27.2789 33.2394 55
      vertex -25.6151 -34.5379 55
      vertex -25.6151 34.5379 55
    endloop
  endfacet
  facet normal 0 0 1
    outer loop
      vertex -27.2789 33.2394 55
      vertex -27.2789 -33.2394 55
      vertex -25.6151 -34.5379 55
    endloop
  endfacet
  facet normal -0 0 1
    outer loop
      vertex -28.877 31.8609 55
      vertex -27.2789 -33.2394 55
      vertex -27.2789 33.2394 55
    endloop
  endfacet
  facet normal 0 0 1
    outer loop
      vertex -28.877 31.8609 55
      vertex -28.877 -31.8609 55
      vertex -27.2789 -33.2394 55
    endloop
  endfacet
  facet normal -0 0 1
    outer loop
      vertex -30.4056 30.4056 55
      vertex -28.877 -31.8609 55
      vertex -28.877 31.8609 55
    endloop
  endfacet
  facet normal 0 0 1
    outer loop
      vertex -30.4056 30.4056 55
      vertex -30.4056 -30.4056 55
      vertex -28.877 -31.8609 55
    endloop
  endfacet
  facet normal -0 0 1
    outer loop
      vertex -31.8609 28.877 55
      vertex -30.4056 -30.4056 55
      vertex -30.4056 30.4056 55
    endloop
  endfacet
  facet normal 0 0 1
    outer loop
      vertex -31.8609 28.877 55
      vertex -31.8609 -28.877 55
      vertex -30.4056 -30.4056 55
    endloop
  endfacet
  facet normal -0 0 1
    outer loop
      vertex -33.2394 27.2789 55
      vertex -31.8609 -28.877 55
      vertex -31.8609 28.877 55
    endloop
  endfacet
  facet normal 0 0 1
    outer loop
      vertex -33.2394 27.2789 55
      vertex -33.2394 -27.2789 55
      vertex -31.8609 -28.877 55
    endloop
  endfacet
  facet normal -0 0 1
    outer loop
      vertex -34.5379 25.6151 55
      vertex -33.2394 -27.2789 55
      vertex -33.2394 27.2789 55
    endloop
  endfacet
  facet normal 0 0 1
    outer loop
      vertex -34.5379 25.6151 55
      vertex -34.5379 -25.6151 55
      vertex -33.2394 -27.2789 55
    endloop
  endfacet
  facet normal -0 0 1
    outer loop
      vertex -35.7532 23.8895 55
      vertex -34.5379 -25.6151 55
      vertex -34.5379 25.6151 55
    endloop
  endfacet
  facet normal 0 0 1
    outer loop
      vertex -35.7532 23.8895 55
      vertex -35.7532 -23.8895 55
      vertex -34.5379 -25.6151 55
    endloop
  endfacet
  facet normal -0 0 1
    outer loop
      vertex -36.8823 22.1064 55
      vertex -35.7532 -23.8895 55
      vertex -35.7532 23.8895 55
    endloop
  endfacet
  facet normal 0 0 1
    outer loop
      vertex -36.8823 22.1064 55
      vertex -36.8823 -22.1064 55
      vertex -35.7532 -23.8895 55
    endloop
  endfacet
  facet normal -0 0 1
    outer loop
      vertex -37.9226 20.2701 55
      vertex -36.8823 -22.1064 55
      vertex -36.8823 22.1064 55
    endloop
  endfacet
  facet normal 0 0 1
    outer loop
      vertex -37.9226 20.2701 55
      vertex -37.9226 -20.2701 55
      vertex -36.8823 -22.1064 55
    endloop
  endfacet
  facet normal -0 0 1
    outer loop
      vertex -38.8715 18.3849 55
      vertex -37.9226 -20.2701 55
      vertex -37.9226 20.2701 55
    endloop
  endfacet
  facet normal 0 0 1
    outer loop
      vertex -38.8715 18.3849 55
      vertex -38.8715 -18.3849 55
      vertex -37.9226 -20.2701 55
    endloop
  endfacet
  facet normal -0 0 1
    outer loop
      vertex -39.7268 16.4554 55
      vertex -38.8715 -18.3849 55
      vertex -38.8715 18.3849 55
    endloop
  endfacet
  facet normal 0 0 1
    outer loop
      vertex -39.7268 16.4554 55
      vertex -39.7268 -16.4554 55
      vertex -38.8715 -18.3849 55
    endloop
  endfacet
  facet normal -0 0 1
    outer loop
      vertex -40.4864 14.4863 55
      vertex -39.7268 -16.4554 55
      vertex -39.7268 16.4554 55
    endloop
  endfacet
  facet normal 0 0 1
    outer loop
      vertex -40.4864 14.4863 55
      vertex -40.4864 -14.4863 55
      vertex -39.7268 -16.4554 55
    endloop
  endfacet
  facet normal -0 0 1
    outer loop
      vertex -41.1484 12.4822 55
      vertex -40.4864 -14.4863 55
      vertex -40.4864 14.4863 55
    endloop
  endfacet
  facet normal 0 0 1
    outer loop
      vertex -41.1484 12.4822 55
      vertex -41.1484 -12.4822 55
      vertex -40.4864 -14.4863 55
    endloop
  endfacet
  facet normal -0 0 1
    outer loop
      vertex -41.7113 10.4481 55
      vertex -41.1484 -12.4822 55
      vertex -41.1484 12.4822 55
    endloop
  endfacet
  facet normal 0 0 1
    outer loop
      vertex -41.7113 10.4481 55
      vertex -41.7113 -10.4481 55
      vertex -41.1484 -12.4822 55
    endloop
  endfacet
  facet normal -0 0 1
    outer loop
      vertex -42.1738 8.38888 55
      vertex -41.7113 -10.4481 55
      vertex -41.7113 10.4481 55
    endloop
  endfacet
  facet normal 0 0 1
    outer loop
      vertex -42.1738 8.38888 55
      vertex -42.1738 -8.38888 55
      vertex -41.7113 -10.4481 55
    endloop
  endfacet
  facet normal -0 0 1
    outer loop
      vertex -42.5346 6.30941 55
      vertex -42.1738 -8.38888 55
      vertex -42.1738 8.38888 55
    endloop
  endfacet
  facet normal 0 0 1
    outer loop
      vertex -42.5346 6.30941 55
      vertex -42.5346 -6.30941 55
      vertex -42.1738 -8.38888 55
    endloop
  endfacet
  facet normal -0 0 1
    outer loop
      vertex -42.7929 4.21474 55
      vertex -42.5346 -6.30941 55
      vertex -42.5346 6.30941 55
    endloop
  endfacet
  facet normal 0 0 1
    outer loop
      vertex -42.7929 4.21474 55
      vertex -42.7929 -4.21474 55
      vertex -42.5346 -6.30941 55
    endloop
  endfacet
  facet normal -0 0 1
    outer loop
      vertex -42.9482 2.10991 55
      vertex -42.7929 -4.21474 55
      vertex -42.7929 4.21474 55
    endloop
  endfacet
  facet normal 0 0 1
    outer loop
      vertex -42.9482 2.10991 55
      vertex -42.9482 -2.10991 55
      vertex -42.7929 -4.21474 55
    endloop
  endfacet
  facet normal 0 -0 1
    outer loop
      vertex -42.9482 -2.10991 55
      vertex -42.9482 2.10991 55
      vertex -43 0 55
    endloop
  endfacet
  facet normal 0.997289 0.0735827 0
    outer loop
      vertex -42.7929 -4.21474 61
      vertex -42.9482 -2.10991 55
      vertex -42.9482 -2.10991 61
    endloop
  endfacet
  facet normal 0.997289 0.0735827 0
    outer loop
      vertex -42.9482 -2.10991 55
      vertex -42.7929 -4.21474 61
      vertex -42.7929 -4.21474 55
    endloop
  endfacet
  facet normal 0.985279 0.170952 0
    outer loop
      vertex -42.1738 -8.38888 61
      vertex -42.5346 -6.30941 55
      vertex -42.5346 -6.30941 61
    endloop
  endfacet
  facet normal 0.985279 0.170952 0
    outer loop
      vertex -42.5346 -6.30941 55
      vertex -42.1738 -8.38888 61
      vertex -42.1738 -8.38888 55
    endloop
  endfacet
  facet normal 0.932987 0.359909 0
    outer loop
      vertex -39.7268 -16.4554 61
      vertex -40.4864 -14.4863 55
      vertex -40.4864 -14.4863 61
    endloop
  endfacet
  facet normal 0.932987 0.359909 0
    outer loop
      vertex -40.4864 -14.4863 55
      vertex -39.7268 -16.4554 61
      vertex -39.7268 -16.4554 55
    endloop
  endfacet
  facet normal 0.89323 0.4496 0
    outer loop
      vertex -37.9226 -20.2701 61
      vertex -38.8715 -18.3849 55
      vertex -38.8715 -18.3849 61
    endloop
  endfacet
  facet normal 0.89323 0.4496 0
    outer loop
      vertex -38.8715 -18.3849 55
      vertex -37.9226 -20.2701 61
      vertex -37.9226 -20.2701 55
    endloop
  endfacet
  facet normal 0.788333 0.615249 0
    outer loop
      vertex -33.2394 -27.2789 61
      vertex -34.5379 -25.6151 55
      vertex -34.5379 -25.6151 61
    endloop
  endfacet
  facet normal 0.788333 0.615249 0
    outer loop
      vertex -34.5379 -25.6151 55
      vertex -33.2394 -27.2789 61
      vertex -33.2394 -27.2789 55
    endloop
  endfacet
  facet normal 0.313654 0.949537 -0
    outer loop
      vertex -12.4822 -41.1484 55
      vertex -14.4863 -40.4864 61
      vertex -12.4822 -41.1484 61
    endloop
  endfacet
  facet normal 0.313654 0.949537 0
    outer loop
      vertex -14.4863 -40.4864 61
      vertex -12.4822 -41.1484 55
      vertex -14.4863 -40.4864 55
    endloop
  endfacet
  facet normal 0.21914 0.975693 -0
    outer loop
      vertex -8.38888 -42.1738 55
      vertex -10.4481 -41.7113 61
      vertex -8.38888 -42.1738 61
    endloop
  endfacet
  facet normal 0.21914 0.975693 0
    outer loop
      vertex -10.4481 -41.7113 61
      vertex -8.38888 -42.1738 55
      vertex -10.4481 -41.7113 55
    endloop
  endfacet
  facet normal 0.122386 0.992483 -0
    outer loop
      vertex -4.21474 -42.7929 55
      vertex -6.30941 -42.5346 61
      vertex -4.21474 -42.7929 61
    endloop
  endfacet
  facet normal 0.122386 0.992483 0
    outer loop
      vertex -6.30941 -42.5346 61
      vertex -4.21474 -42.7929 55
      vertex -6.30941 -42.5346 55
    endloop
  endfacet
  facet normal 0.492916 0.870077 -0
    outer loop
      vertex -20.2701 -37.9226 55
      vertex -22.1064 -36.8823 61
      vertex -20.2701 -37.9226 61
    endloop
  endfacet
  facet normal 0.492916 0.870077 0
    outer loop
      vertex -22.1064 -36.8823 61
      vertex -20.2701 -37.9226 55
      vertex -22.1064 -36.8823 55
    endloop
  endfacet
  facet normal -0.997289 -0.0735827 0
    outer loop
      vertex 42.9482 2.10991 55
      vertex 42.7929 4.21474 61
      vertex 42.7929 4.21474 55
    endloop
  endfacet
  facet normal -0.997289 -0.0735827 0
    outer loop
      vertex 42.7929 4.21474 61
      vertex 42.9482 2.10991 55
      vertex 42.9482 2.10991 61
    endloop
  endfacet
  facet normal -0.975693 -0.21914 0
    outer loop
      vertex 42.1738 8.38888 55
      vertex 41.7113 10.4481 61
      vertex 41.7113 10.4481 55
    endloop
  endfacet
  facet normal -0.975693 -0.21914 0
    outer loop
      vertex 41.7113 10.4481 61
      vertex 42.1738 8.38888 55
      vertex 42.1738 8.38888 61
    endloop
  endfacet
  facet normal -0.170952 -0.985279 0
    outer loop
      vertex 6.30941 42.5346 55
      vertex 8.38888 42.1738 61
      vertex 6.30941 42.5346 61
    endloop
  endfacet
  facet normal -0.170952 -0.985279 -0
    outer loop
      vertex 8.38888 42.1738 61
      vertex 6.30941 42.5346 55
      vertex 8.38888 42.1738 55
    endloop
  endfacet
  facet normal -0.615249 -0.788333 0
    outer loop
      vertex 25.6151 34.5379 55
      vertex 27.2789 33.2394 61
      vertex 25.6151 34.5379 61
    endloop
  endfacet
  facet normal -0.615249 -0.788333 -0
    outer loop
      vertex 27.2789 33.2394 61
      vertex 25.6151 34.5379 55
      vertex 27.2789 33.2394 55
    endloop
  endfacet
  facet normal -0.689529 -0.724258 0
    outer loop
      vertex 28.877 31.8609 55
      vertex 30.4056 30.4056 61
      vertex 28.877 31.8609 61
    endloop
  endfacet
  facet normal -0.689529 -0.724258 -0
    outer loop
      vertex 30.4056 30.4056 61
      vertex 28.877 31.8609 55
      vertex 30.4056 30.4056 55
    endloop
  endfacet
  facet normal -0.534986 -0.844861 0
    outer loop
      vertex 22.1064 36.8823 55
      vertex 23.8895 35.7532 61
      vertex 22.1064 36.8823 61
    endloop
  endfacet
  facet normal -0.534986 -0.844861 -0
    outer loop
      vertex 23.8895 35.7532 61
      vertex 22.1064 36.8823 55
      vertex 23.8895 35.7532 55
    endloop
  endfacet
  facet normal -0.4496 -0.89323 0
    outer loop
      vertex 18.3849 38.8715 55
      vertex 20.2701 37.9226 61
      vertex 18.3849 38.8715 61
    endloop
  endfacet
  facet normal -0.4496 -0.89323 -0
    outer loop
      vertex 20.2701 37.9226 61
      vertex 18.3849 38.8715 55
      vertex 20.2701 37.9226 55
    endloop
  endfacet
  facet normal -0.870077 -0.492916 0
    outer loop
      vertex 37.9226 20.2701 55
      vertex 36.8823 22.1064 61
      vertex 36.8823 22.1064 55
    endloop
  endfacet
  facet normal -0.870077 -0.492916 0
    outer loop
      vertex 36.8823 22.1064 61
      vertex 37.9226 20.2701 55
      vertex 37.9226 20.2701 61
    endloop
  endfacet
  facet normal -0.914208 -0.405246 0
    outer loop
      vertex 39.7268 16.4554 55
      vertex 38.8715 18.3849 61
      vertex 38.8715 18.3849 55
    endloop
  endfacet
  facet normal -0.914208 -0.405246 0
    outer loop
      vertex 38.8715 18.3849 61
      vertex 39.7268 16.4554 55
      vertex 39.7268 16.4554 61
    endloop
  endfacet
  facet normal -0.757216 -0.653165 0
    outer loop
      vertex 33.2394 27.2789 55
      vertex 31.8609 28.877 61
      vertex 31.8609 28.877 55
    endloop
  endfacet
  facet normal -0.757216 -0.653165 0
    outer loop
      vertex 31.8609 28.877 61
      vertex 33.2394 27.2789 55
      vertex 33.2394 27.2789 61
    endloop
  endfacet
  facet normal -0.817586 -0.575807 0
    outer loop
      vertex 35.7532 23.8895 55
      vertex 34.5379 25.6151 61
      vertex 34.5379 25.6151 55
    endloop
  endfacet
  facet normal -0.817586 -0.575807 0
    outer loop
      vertex 34.5379 25.6151 61
      vertex 35.7532 23.8895 55
      vertex 35.7532 23.8895 61
    endloop
  endfacet
  facet normal 0.122386 -0.992483 0
    outer loop
      vertex -6.30941 42.5346 55
      vertex -4.21474 42.7929 61
      vertex -6.30941 42.5346 61
    endloop
  endfacet
  facet normal 0.122386 -0.992483 0
    outer loop
      vertex -4.21474 42.7929 61
      vertex -6.30941 42.5346 55
      vertex -4.21474 42.7929 55
    endloop
  endfacet
  facet normal 0.313654 -0.949537 0
    outer loop
      vertex -14.4863 40.4864 55
      vertex -12.4822 41.1484 61
      vertex -14.4863 40.4864 61
    endloop
  endfacet
  facet normal 0.313654 -0.949537 0
    outer loop
      vertex -12.4822 41.1484 61
      vertex -14.4863 40.4864 55
      vertex -12.4822 41.1484 55
    endloop
  endfacet
  facet normal 0.21914 -0.975693 0
    outer loop
      vertex -10.4481 41.7113 55
      vertex -8.38888 42.1738 61
      vertex -10.4481 41.7113 61
    endloop
  endfacet
  facet normal 0.21914 -0.975693 0
    outer loop
      vertex -8.38888 42.1738 61
      vertex -10.4481 41.7113 55
      vertex -8.38888 42.1738 55
    endloop
  endfacet
  facet normal 0.492916 -0.870077 0
    outer loop
      vertex -22.1064 36.8823 55
      vertex -20.2701 37.9226 61
      vertex -22.1064 36.8823 61
    endloop
  endfacet
  facet normal 0.492916 -0.870077 0
    outer loop
      vertex -20.2701 37.9226 61
      vertex -22.1064 36.8823 55
      vertex -20.2701 37.9226 55
    endloop
  endfacet
  facet normal 0.405246 -0.914208 0
    outer loop
      vertex -18.3849 38.8715 55
      vertex -16.4554 39.7268 61
      vertex -18.3849 38.8715 61
    endloop
  endfacet
  facet normal 0.405246 -0.914208 0
    outer loop
      vertex -16.4554 39.7268 61
      vertex -18.3849 38.8715 55
      vertex -16.4554 39.7268 55
    endloop
  endfacet
  facet normal 0.653165 -0.757216 0
    outer loop
      vertex -28.877 31.8609 55
      vertex -27.2789 33.2394 61
      vertex -28.877 31.8609 61
    endloop
  endfacet
  facet normal 0.653165 -0.757216 0
    outer loop
      vertex -27.2789 33.2394 61
      vertex -28.877 31.8609 55
      vertex -27.2789 33.2394 55
    endloop
  endfacet
  facet normal 0.575807 -0.817586 0
    outer loop
      vertex -25.6151 34.5379 55
      vertex -23.8895 35.7532 61
      vertex -25.6151 34.5379 61
    endloop
  endfacet
  facet normal 0.575807 -0.817586 0
    outer loop
      vertex -23.8895 35.7532 61
      vertex -25.6151 34.5379 55
      vertex -23.8895 35.7532 55
    endloop
  endfacet
  facet normal 0.932987 -0.359909 0
    outer loop
      vertex -40.4864 14.4863 61
      vertex -39.7268 16.4554 55
      vertex -39.7268 16.4554 61
    endloop
  endfacet
  facet normal 0.932987 -0.359909 0
    outer loop
      vertex -39.7268 16.4554 55
      vertex -40.4864 14.4863 61
      vertex -40.4864 14.4863 55
    endloop
  endfacet
  facet normal 0.963777 -0.266708 0
    outer loop
      vertex -41.7113 10.4481 61
      vertex -41.1484 12.4822 55
      vertex -41.1484 12.4822 61
    endloop
  endfacet
  facet normal 0.963777 -0.266708 0
    outer loop
      vertex -41.1484 12.4822 55
      vertex -41.7113 10.4481 61
      vertex -41.7113 10.4481 55
    endloop
  endfacet
  facet normal 0.997289 -0.0735827 0
    outer loop
      vertex -42.9482 2.10991 61
      vertex -42.7929 4.21474 55
      vertex -42.7929 4.21474 61
    endloop
  endfacet
  facet normal 0.997289 -0.0735827 0
    outer loop
      vertex -42.7929 4.21474 55
      vertex -42.9482 2.10991 61
      vertex -42.9482 2.10991 55
    endloop
  endfacet
  facet normal 0.89323 -0.4496 0
    outer loop
      vertex -38.8715 18.3849 61
      vertex -37.9226 20.2701 55
      vertex -37.9226 20.2701 61
    endloop
  endfacet
  facet normal 0.89323 -0.4496 0
    outer loop
      vertex -37.9226 20.2701 55
      vertex -38.8715 18.3849 61
      vertex -38.8715 18.3849 55
    endloop
  endfacet
  facet normal 0.844861 -0.534986 0
    outer loop
      vertex -36.8823 22.1064 61
      vertex -35.7532 23.8895 55
      vertex -35.7532 23.8895 61
    endloop
  endfacet
  facet normal 0.844861 -0.534986 0
    outer loop
      vertex -35.7532 23.8895 55
      vertex -36.8823 22.1064 61
      vertex -36.8823 22.1064 55
    endloop
  endfacet
  facet normal 0.788333 -0.615249 0
    outer loop
      vertex -34.5379 25.6151 61
      vertex -33.2394 27.2789 55
      vertex -33.2394 27.2789 61
    endloop
  endfacet
  facet normal 0.788333 -0.615249 0
    outer loop
      vertex -33.2394 27.2789 55
      vertex -34.5379 25.6151 61
      vertex -34.5379 25.6151 55
    endloop
  endfacet
  facet normal -0.992483 -0.122386 0
    outer loop
      vertex 42.7929 4.21474 55
      vertex 42.5346 6.30941 61
      vertex 42.5346 6.30941 55
    endloop
  endfacet
  facet normal -0.992483 -0.122386 0
    outer loop
      vertex 42.5346 6.30941 61
      vertex 42.7929 4.21474 55
      vertex 42.7929 4.21474 61
    endloop
  endfacet
  facet normal -0.963777 -0.266708 0
    outer loop
      vertex 41.7113 10.4481 55
      vertex 41.1484 12.4822 61
      vertex 41.1484 12.4822 55
    endloop
  endfacet
  facet normal -0.963777 -0.266708 0
    outer loop
      vertex 41.1484 12.4822 61
      vertex 41.7113 10.4481 55
      vertex 41.7113 10.4481 61
    endloop
  endfacet
  facet normal -0.985279 -0.170952 0
    outer loop
      vertex 42.5346 6.30941 55
      vertex 42.1738 8.38888 61
      vertex 42.1738 8.38888 55
    endloop
  endfacet
  facet normal -0.985279 -0.170952 0
    outer loop
      vertex 42.1738 8.38888 61
      vertex 42.5346 6.30941 55
      vertex 42.5346 6.30941 61
    endloop
  endfacet
  facet normal -0.893227 0.449607 0
    outer loop
      vertex 40.2156 -21.4957 0
      vertex 41.2219 -19.4965 53.5
      vertex 41.2219 -19.4965 0
    endloop
  endfacet
  facet normal -0.893227 0.449607 0
    outer loop
      vertex 41.2219 -19.4965 53.5
      vertex 40.2156 -21.4957 0
      vertex 40.2156 -21.4957 53.5
    endloop
  endfacet
  facet normal -0.359892 0.932994 0
    outer loop
      vertex 17.4504 -42.1289 0
      vertex 15.3622 -42.9344 53.5
      vertex 17.4504 -42.1289 53.5
    endloop
  endfacet
  facet normal -0.359892 0.932994 0
    outer loop
      vertex 15.3622 -42.9344 53.5
      vertex 17.4504 -42.1289 0
      vertex 15.3622 -42.9344 0
    endloop
  endfacet
  facet normal 0.359892 0.932994 -0
    outer loop
      vertex -15.3622 -42.9344 0
      vertex -17.4504 -42.1289 53.5
      vertex -15.3622 -42.9344 53.5
    endloop
  endfacet
  facet normal 0.359892 0.932994 0
    outer loop
      vertex -17.4504 -42.1289 53.5
      vertex -15.3622 -42.9344 0
      vertex -17.4504 -42.1289 0
    endloop
  endfacet
  facet normal 0.914205 0.405251 0
    outer loop
      vertex -41.2219 -19.4965 53.5
      vertex -42.1289 -17.4504 0
      vertex -42.1289 -17.4504 53.5
    endloop
  endfacet
  facet normal 0.914205 0.405251 0
    outer loop
      vertex -42.1289 -17.4504 0
      vertex -41.2219 -19.4965 53.5
      vertex -41.2219 -19.4965 0
    endloop
  endfacet
  facet normal -0.999699 -0.024529 0
    outer loop
      vertex 45.6 0 0
      vertex 45.5451 2.23749 53.5
      vertex 45.5451 2.23749 0
    endloop
  endfacet
  facet normal -0.999699 -0.024529 0
    outer loop
      vertex 45.5451 2.23749 53.5
      vertex 45.6 0 0
      vertex 45.6 0 53.5
    endloop
  endfacet
  facet normal -0.963782 0.266692 0
    outer loop
      vertex 43.6365 -13.237 0
      vertex 44.2334 -11.0799 53.5
      vertex 44.2334 -11.0799 0
    endloop
  endfacet
  facet normal -0.963782 0.266692 0
    outer loop
      vertex 44.2334 -11.0799 53.5
      vertex 43.6365 -13.237 0
      vertex 43.6365 -13.237 53.5
    endloop
  endfacet
  facet normal -0.534998 0.844853 0
    outer loop
      vertex 25.334 -37.915 0
      vertex 23.4431 -39.1124 53.5
      vertex 25.334 -37.915 53.5
    endloop
  endfacet
  facet normal -0.534998 0.844853 0
    outer loop
      vertex 23.4431 -39.1124 53.5
      vertex 25.334 -37.915 0
      vertex 23.4431 -39.1124 0
    endloop
  endfacet
  facet normal 0.724252 0.689536 0
    outer loop
      vertex -32.2441 -32.2441 53.5
      vertex -33.7874 -30.6231 0
      vertex -33.7874 -30.6231 53.5
    endloop
  endfacet
  facet normal 0.724252 0.689536 0
    outer loop
      vertex -33.7874 -30.6231 0
      vertex -32.2441 -32.2441 53.5
      vertex -32.2441 -32.2441 0
    endloop
  endfacet
  facet normal 0.219108 0.975701 -0
    outer loop
      vertex -8.89612 -44.7238 0
      vertex -11.0799 -44.2334 53.5
      vertex -8.89612 -44.7238 53.5
    endloop
  endfacet
  facet normal 0.219108 0.975701 0
    outer loop
      vertex -11.0799 -44.2334 53.5
      vertex -8.89612 -44.7238 0
      vertex -11.0799 -44.2334 0
    endloop
  endfacet
  facet normal 0.689536 -0.724252 0
    outer loop
      vertex -32.2441 32.2441 0
      vertex -30.6231 33.7874 53.5
      vertex -32.2441 32.2441 53.5
    endloop
  endfacet
  facet normal 0.689536 -0.724252 0
    outer loop
      vertex -30.6231 33.7874 53.5
      vertex -32.2441 32.2441 0
      vertex -30.6231 33.7874 0
    endloop
  endfacet
  facet normal 0.914205 -0.405251 0
    outer loop
      vertex -42.1289 17.4504 53.5
      vertex -41.2219 19.4965 0
      vertex -41.2219 19.4965 53.5
    endloop
  endfacet
  facet normal 0.914205 -0.405251 0
    outer loop
      vertex -41.2219 19.4965 0
      vertex -42.1289 17.4504 53.5
      vertex -42.1289 17.4504 0
    endloop
  endfacet
  facet normal -0.817598 0.57579 0
    outer loop
      vertex 36.6263 -27.1639 0
      vertex 37.915 -25.334 53.5
      vertex 37.915 -25.334 0
    endloop
  endfacet
  facet normal -0.817598 0.57579 0
    outer loop
      vertex 37.915 -25.334 53.5
      vertex 36.6263 -27.1639 0
      vertex 36.6263 -27.1639 53.5
    endloop
  endfacet
  facet normal -0.724252 0.689536 0
    outer loop
      vertex 32.2441 -32.2441 0
      vertex 33.7874 -30.6231 53.5
      vertex 33.7874 -30.6231 0
    endloop
  endfacet
  facet normal -0.724252 0.689536 0
    outer loop
      vertex 33.7874 -30.6231 53.5
      vertex 32.2441 -32.2441 0
      vertex 32.2441 -32.2441 53.5
    endloop
  endfacet
  facet normal 0.024529 0.999699 -0
    outer loop
      vertex 0 -45.6 0
      vertex -2.23749 -45.5451 53.5
      vertex 0 -45.6 53.5
    endloop
  endfacet
  facet normal 0.024529 0.999699 0
    outer loop
      vertex -2.23749 -45.5451 53.5
      vertex 0 -45.6 0
      vertex -2.23749 -45.5451 0
    endloop
  endfacet
  facet normal -0.170944 0.985281 0
    outer loop
      vertex 8.89612 -44.7238 0
      vertex 6.69091 -45.1064 53.5
      vertex 8.89612 -44.7238 53.5
    endloop
  endfacet
  facet normal -0.170944 0.985281 0
    outer loop
      vertex 6.69091 -45.1064 53.5
      vertex 8.89612 -44.7238 0
      vertex 6.69091 -45.1064 0
    endloop
  endfacet
  facet normal 0.999699 0.024529 0
    outer loop
      vertex -45.5451 -2.23749 53.5
      vertex -45.6 0 0
      vertex -45.6 0 53.5
    endloop
  endfacet
  facet normal 0.999699 0.024529 0
    outer loop
      vertex -45.6 0 0
      vertex -45.5451 -2.23749 53.5
      vertex -45.5451 -2.23749 0
    endloop
  endfacet
  facet normal 0.975701 0.219108 0
    outer loop
      vertex -44.2334 -11.0799 53.5
      vertex -44.7238 -8.89612 0
      vertex -44.7238 -8.89612 53.5
    endloop
  endfacet
  facet normal 0.975701 0.219108 0
    outer loop
      vertex -44.7238 -8.89612 0
      vertex -44.2334 -11.0799 53.5
      vertex -44.2334 -11.0799 0
    endloop
  endfacet
  facet normal 0.817598 0.57579 0
    outer loop
      vertex -36.6263 -27.1639 53.5
      vertex -37.915 -25.334 0
      vertex -37.915 -25.334 53.5
    endloop
  endfacet
  facet normal 0.817598 0.57579 0
    outer loop
      vertex -37.915 -25.334 0
      vertex -36.6263 -27.1639 53.5
      vertex -36.6263 -27.1639 0
    endloop
  endfacet
  facet normal 0.534998 0.844853 -0
    outer loop
      vertex -23.4431 -39.1124 0
      vertex -25.334 -37.915 53.5
      vertex -23.4431 -39.1124 53.5
    endloop
  endfacet
  facet normal 0.534998 0.844853 0
    outer loop
      vertex -25.334 -37.915 53.5
      vertex -23.4431 -39.1124 0
      vertex -25.334 -37.915 0
    endloop
  endfacet
  facet normal 0.449607 0.893227 -0
    outer loop
      vertex -19.4965 -41.2219 0
      vertex -21.4957 -40.2156 53.5
      vertex -19.4965 -41.2219 53.5
    endloop
  endfacet
  facet normal 0.449607 0.893227 0
    outer loop
      vertex -21.4957 -40.2156 53.5
      vertex -19.4965 -41.2219 0
      vertex -21.4957 -40.2156 0
    endloop
  endfacet
  facet normal -0.999699 0.024529 0
    outer loop
      vertex 45.5451 -2.23749 0
      vertex 45.6 0 53.5
      vertex 45.6 0 0
    endloop
  endfacet
  facet normal -0.999699 0.024529 0
    outer loop
      vertex 45.6 0 53.5
      vertex 45.5451 -2.23749 0
      vertex 45.5451 -2.23749 53.5
    endloop
  endfacet
  facet normal -0.949524 -0.313693 0
    outer loop
      vertex 43.6365 13.237 0
      vertex 42.9344 15.3622 53.5
      vertex 42.9344 15.3622 0
    endloop
  endfacet
  facet normal -0.949524 -0.313693 0
    outer loop
      vertex 42.9344 15.3622 53.5
      vertex 43.6365 13.237 0
      vertex 43.6365 13.237 53.5
    endloop
  endfacet
  facet normal 0.949524 -0.313693 0
    outer loop
      vertex -43.6365 13.237 53.5
      vertex -42.9344 15.3622 0
      vertex -42.9344 15.3622 53.5
    endloop
  endfacet
  facet normal 0.949524 -0.313693 0
    outer loop
      vertex -42.9344 15.3622 0
      vertex -43.6365 13.237 53.5
      vertex -43.6365 13.237 0
    endloop
  endfacet
  facet normal -0.0735873 -0.997289 0
    outer loop
      vertex 2.23749 45.5451 0
      vertex 4.46958 45.3804 53.5
      vertex 2.23749 45.5451 53.5
    endloop
  endfacet
  facet normal -0.0735873 -0.997289 -0
    outer loop
      vertex 4.46958 45.3804 53.5
      vertex 2.23749 45.5451 0
      vertex 4.46958 45.3804 0
    endloop
  endfacet
  facet normal -0.997289 0.0735873 0
    outer loop
      vertex 45.3804 -4.46958 0
      vertex 45.5451 -2.23749 53.5
      vertex 45.5451 -2.23749 0
    endloop
  endfacet
  facet normal -0.997289 0.0735873 0
    outer loop
      vertex 45.5451 -2.23749 53.5
      vertex 45.3804 -4.46958 0
      vertex 45.3804 -4.46958 53.5
    endloop
  endfacet
  facet normal -0.914205 0.405251 0
    outer loop
      vertex 41.2219 -19.4965 0
      vertex 42.1289 -17.4504 53.5
      vertex 42.1289 -17.4504 0
    endloop
  endfacet
  facet normal -0.914205 0.405251 0
    outer loop
      vertex 42.1289 -17.4504 53.5
      vertex 41.2219 -19.4965 0
      vertex 41.2219 -19.4965 53.5
    endloop
  endfacet
  facet normal -0.870085 0.492902 0
    outer loop
      vertex 39.1124 -23.4431 0
      vertex 40.2156 -21.4957 53.5
      vertex 40.2156 -21.4957 0
    endloop
  endfacet
  facet normal -0.870085 0.492902 0
    outer loop
      vertex 40.2156 -21.4957 53.5
      vertex 39.1124 -23.4431 0
      vertex 39.1124 -23.4431 53.5
    endloop
  endfacet
  facet normal -0.689536 0.724252 0
    outer loop
      vertex 32.2441 -32.2441 0
      vertex 30.6231 -33.7874 53.5
      vertex 32.2441 -32.2441 53.5
    endloop
  endfacet
  facet normal -0.689536 0.724252 0
    outer loop
      vertex 30.6231 -33.7874 53.5
      vertex 32.2441 -32.2441 0
      vertex 30.6231 -33.7874 0
    endloop
  endfacet
  facet normal -0.844853 0.534998 0
    outer loop
      vertex 37.915 -25.334 0
      vertex 39.1124 -23.4431 53.5
      vertex 39.1124 -23.4431 0
    endloop
  endfacet
  facet normal -0.844853 0.534998 0
    outer loop
      vertex 39.1124 -23.4431 53.5
      vertex 37.915 -25.334 0
      vertex 37.915 -25.334 53.5
    endloop
  endfacet
  facet normal -0.788336 0.615245 0
    outer loop
      vertex 35.2493 -28.9283 0
      vertex 36.6263 -27.1639 53.5
      vertex 36.6263 -27.1639 0
    endloop
  endfacet
  facet normal -0.788336 0.615245 0
    outer loop
      vertex 36.6263 -27.1639 53.5
      vertex 35.2493 -28.9283 0
      vertex 35.2493 -28.9283 53.5
    endloop
  endfacet
  facet normal -0.757219 0.653161 0
    outer loop
      vertex 33.7874 -30.6231 0
      vertex 35.2493 -28.9283 53.5
      vertex 35.2493 -28.9283 0
    endloop
  endfacet
  facet normal -0.757219 0.653161 0
    outer loop
      vertex 35.2493 -28.9283 53.5
      vertex 33.7874 -30.6231 0
      vertex 33.7874 -30.6231 53.5
    endloop
  endfacet
  facet normal -0.0735873 0.997289 0
    outer loop
      vertex 4.46958 -45.3804 0
      vertex 2.23749 -45.5451 53.5
      vertex 4.46958 -45.3804 53.5
    endloop
  endfacet
  facet normal -0.0735873 0.997289 0
    outer loop
      vertex 2.23749 -45.5451 53.5
      vertex 4.46958 -45.3804 0
      vertex 2.23749 -45.5451 0
    endloop
  endfacet
  facet normal -0.266692 0.963782 0
    outer loop
      vertex 13.237 -43.6365 0
      vertex 11.0799 -44.2334 53.5
      vertex 13.237 -43.6365 53.5
    endloop
  endfacet
  facet normal -0.266692 0.963782 0
    outer loop
      vertex 11.0799 -44.2334 53.5
      vertex 13.237 -43.6365 0
      vertex 11.0799 -44.2334 0
    endloop
  endfacet
  facet normal -0.313693 0.949524 0
    outer loop
      vertex 15.3622 -42.9344 0
      vertex 13.237 -43.6365 53.5
      vertex 15.3622 -42.9344 53.5
    endloop
  endfacet
  facet normal -0.313693 0.949524 0
    outer loop
      vertex 13.237 -43.6365 53.5
      vertex 15.3622 -42.9344 0
      vertex 13.237 -43.6365 0
    endloop
  endfacet
  facet normal -0.122422 0.992478 0
    outer loop
      vertex 6.69091 -45.1064 0
      vertex 4.46958 -45.3804 53.5
      vertex 6.69091 -45.1064 53.5
    endloop
  endfacet
  facet normal -0.122422 0.992478 0
    outer loop
      vertex 4.46958 -45.3804 53.5
      vertex 6.69091 -45.1064 0
      vertex 4.46958 -45.3804 0
    endloop
  endfacet
  facet normal -0.024529 0.999699 0
    outer loop
      vertex 2.23749 -45.5451 0
      vertex 0 -45.6 53.5
      vertex 2.23749 -45.5451 53.5
    endloop
  endfacet
  facet normal -0.024529 0.999699 0
    outer loop
      vertex 0 -45.6 53.5
      vertex 2.23749 -45.5451 0
      vertex 0 -45.6 0
    endloop
  endfacet
  facet normal -0.219108 0.975701 0
    outer loop
      vertex 11.0799 -44.2334 0
      vertex 8.89612 -44.7238 53.5
      vertex 11.0799 -44.2334 53.5
    endloop
  endfacet
  facet normal -0.219108 0.975701 0
    outer loop
      vertex 8.89612 -44.7238 53.5
      vertex 11.0799 -44.2334 0
      vertex 8.89612 -44.7238 0
    endloop
  endfacet
  facet normal -0.449607 0.893227 0
    outer loop
      vertex 21.4957 -40.2156 0
      vertex 19.4965 -41.2219 53.5
      vertex 21.4957 -40.2156 53.5
    endloop
  endfacet
  facet normal -0.449607 0.893227 0
    outer loop
      vertex 19.4965 -41.2219 53.5
      vertex 21.4957 -40.2156 0
      vertex 19.4965 -41.2219 0
    endloop
  endfacet
  facet normal -0.492902 0.870085 0
    outer loop
      vertex 23.4431 -39.1124 0
      vertex 21.4957 -40.2156 53.5
      vertex 23.4431 -39.1124 53.5
    endloop
  endfacet
  facet normal -0.492902 0.870085 0
    outer loop
      vertex 21.4957 -40.2156 53.5
      vertex 23.4431 -39.1124 0
      vertex 21.4957 -40.2156 0
    endloop
  endfacet
  facet normal -0.405251 0.914205 0
    outer loop
      vertex 19.4965 -41.2219 0
      vertex 17.4504 -42.1289 53.5
      vertex 19.4965 -41.2219 53.5
    endloop
  endfacet
  facet normal -0.405251 0.914205 0
    outer loop
      vertex 17.4504 -42.1289 53.5
      vertex 19.4965 -41.2219 0
      vertex 17.4504 -42.1289 0
    endloop
  endfacet
  facet normal -0.653161 0.757219 0
    outer loop
      vertex 30.6231 -33.7874 0
      vertex 28.9283 -35.2493 53.5
      vertex 30.6231 -33.7874 53.5
    endloop
  endfacet
  facet normal -0.653161 0.757219 0
    outer loop
      vertex 28.9283 -35.2493 53.5
      vertex 30.6231 -33.7874 0
      vertex 28.9283 -35.2493 0
    endloop
  endfacet
  facet normal -0.615245 0.788336 0
    outer loop
      vertex 28.9283 -35.2493 0
      vertex 27.1639 -36.6263 53.5
      vertex 28.9283 -35.2493 53.5
    endloop
  endfacet
  facet normal -0.615245 0.788336 0
    outer loop
      vertex 27.1639 -36.6263 53.5
      vertex 28.9283 -35.2493 0
      vertex 27.1639 -36.6263 0
    endloop
  endfacet
  facet normal 0.949524 0.313693 0
    outer loop
      vertex -42.9344 -15.3622 53.5
      vertex -43.6365 -13.237 0
      vertex -43.6365 -13.237 53.5
    endloop
  endfacet
  facet normal 0.949524 0.313693 0
    outer loop
      vertex -43.6365 -13.237 0
      vertex -42.9344 -15.3622 53.5
      vertex -42.9344 -15.3622 0
    endloop
  endfacet
  facet normal 0.932994 0.359892 0
    outer loop
      vertex -42.1289 -17.4504 53.5
      vertex -42.9344 -15.3622 0
      vertex -42.9344 -15.3622 53.5
    endloop
  endfacet
  facet normal 0.932994 0.359892 0
    outer loop
      vertex -42.9344 -15.3622 0
      vertex -42.1289 -17.4504 53.5
      vertex -42.1289 -17.4504 0
    endloop
  endfacet
  facet normal 0.992478 0.122422 0
    outer loop
      vertex -45.1064 -6.69091 53.5
      vertex -45.3804 -4.46958 0
      vertex -45.3804 -4.46958 53.5
    endloop
  endfacet
  facet normal 0.992478 0.122422 0
    outer loop
      vertex -45.3804 -4.46958 0
      vertex -45.1064 -6.69091 53.5
      vertex -45.1064 -6.69091 0
    endloop
  endfacet
  facet normal 0.963782 0.266692 0
    outer loop
      vertex -43.6365 -13.237 53.5
      vertex -44.2334 -11.0799 0
      vertex -44.2334 -11.0799 53.5
    endloop
  endfacet
  facet normal 0.963782 0.266692 0
    outer loop
      vertex -44.2334 -11.0799 0
      vertex -43.6365 -13.237 53.5
      vertex -43.6365 -13.237 0
    endloop
  endfacet
  facet normal 0.870085 0.492902 0
    outer loop
      vertex -39.1124 -23.4431 53.5
      vertex -40.2156 -21.4957 0
      vertex -40.2156 -21.4957 53.5
    endloop
  endfacet
  facet normal 0.870085 0.492902 0
    outer loop
      vertex -40.2156 -21.4957 0
      vertex -39.1124 -23.4431 53.5
      vertex -39.1124 -23.4431 0
    endloop
  endfacet
  facet normal 0.893227 0.449607 0
    outer loop
      vertex -40.2156 -21.4957 53.5
      vertex -41.2219 -19.4965 0
      vertex -41.2219 -19.4965 53.5
    endloop
  endfacet
  facet normal 0.893227 0.449607 0
    outer loop
      vertex -41.2219 -19.4965 0
      vertex -40.2156 -21.4957 53.5
      vertex -40.2156 -21.4957 0
    endloop
  endfacet
  facet normal 0.757219 0.653161 0
    outer loop
      vertex -33.7874 -30.6231 53.5
      vertex -35.2493 -28.9283 0
      vertex -35.2493 -28.9283 53.5
    endloop
  endfacet
  facet normal 0.757219 0.653161 0
    outer loop
      vertex -35.2493 -28.9283 0
      vertex -33.7874 -30.6231 53.5
      vertex -33.7874 -30.6231 0
    endloop
  endfacet
  facet normal 0.313693 0.949524 -0
    outer loop
      vertex -13.237 -43.6365 0
      vertex -15.3622 -42.9344 53.5
      vertex -13.237 -43.6365 53.5
    endloop
  endfacet
  facet normal 0.313693 0.949524 0
    outer loop
      vertex -15.3622 -42.9344 53.5
      vertex -13.237 -43.6365 0
      vertex -15.3622 -42.9344 0
    endloop
  endfacet
  facet normal 0.0735873 0.997289 -0
    outer loop
      vertex -2.23749 -45.5451 0
      vertex -4.46958 -45.3804 53.5
      vertex -2.23749 -45.5451 53.5
    endloop
  endfacet
  facet normal 0.0735873 0.997289 0
    outer loop
      vertex -4.46958 -45.3804 53.5
      vertex -2.23749 -45.5451 0
      vertex -4.46958 -45.3804 0
    endloop
  endfacet
  facet normal 0.122422 0.992478 -0
    outer loop
      vertex -4.46958 -45.3804 0
      vertex -6.69091 -45.1064 53.5
      vertex -4.46958 -45.3804 53.5
    endloop
  endfacet
  facet normal 0.122422 0.992478 0
    outer loop
      vertex -6.69091 -45.1064 53.5
      vertex -4.46958 -45.3804 0
      vertex -6.69091 -45.1064 0
    endloop
  endfacet
  facet normal 0.405251 0.914205 -0
    outer loop
      vertex -17.4504 -42.1289 0
      vertex -19.4965 -41.2219 53.5
      vertex -17.4504 -42.1289 53.5
    endloop
  endfacet
  facet normal 0.405251 0.914205 0
    outer loop
      vertex -19.4965 -41.2219 53.5
      vertex -17.4504 -42.1289 0
      vertex -19.4965 -41.2219 0
    endloop
  endfacet
  facet normal 0.615245 0.788336 -0
    outer loop
      vertex -27.1639 -36.6263 0
      vertex -28.9283 -35.2493 53.5
      vertex -27.1639 -36.6263 53.5
    endloop
  endfacet
  facet normal 0.615245 0.788336 0
    outer loop
      vertex -28.9283 -35.2493 53.5
      vertex -27.1639 -36.6263 0
      vertex -28.9283 -35.2493 0
    endloop
  endfacet
  facet normal 0.653161 0.757219 -0
    outer loop
      vertex -28.9283 -35.2493 0
      vertex -30.6231 -33.7874 53.5
      vertex -28.9283 -35.2493 53.5
    endloop
  endfacet
  facet normal 0.653161 0.757219 0
    outer loop
      vertex -30.6231 -33.7874 53.5
      vertex -28.9283 -35.2493 0
      vertex -30.6231 -33.7874 0
    endloop
  endfacet
  facet normal 0.57579 0.817598 -0
    outer loop
      vertex -25.334 -37.915 0
      vertex -27.1639 -36.6263 53.5
      vertex -25.334 -37.915 53.5
    endloop
  endfacet
  facet normal 0.57579 0.817598 0
    outer loop
      vertex -27.1639 -36.6263 53.5
      vertex -25.334 -37.915 0
      vertex -27.1639 -36.6263 0
    endloop
  endfacet
  facet normal 0.689536 0.724252 -0
    outer loop
      vertex -30.6231 -33.7874 0
      vertex -32.2441 -32.2441 53.5
      vertex -30.6231 -33.7874 53.5
    endloop
  endfacet
  facet normal 0.689536 0.724252 0
    outer loop
      vertex -32.2441 -32.2441 53.5
      vertex -30.6231 -33.7874 0
      vertex -32.2441 -32.2441 0
    endloop
  endfacet
  facet normal -0.992478 -0.122422 0
    outer loop
      vertex 45.3804 4.46958 0
      vertex 45.1064 6.69091 53.5
      vertex 45.1064 6.69091 0
    endloop
  endfacet
  facet normal -0.992478 -0.122422 0
    outer loop
      vertex 45.1064 6.69091 53.5
      vertex 45.3804 4.46958 0
      vertex 45.3804 4.46958 53.5
    endloop
  endfacet
  facet normal -0.985281 -0.170944 0
    outer loop
      vertex 45.1064 6.69091 0
      vertex 44.7238 8.89612 53.5
      vertex 44.7238 8.89612 0
    endloop
  endfacet
  facet normal -0.985281 -0.170944 0
    outer loop
      vertex 44.7238 8.89612 53.5
      vertex 45.1064 6.69091 0
      vertex 45.1064 6.69091 53.5
    endloop
  endfacet
  facet normal -0.932994 -0.359892 0
    outer loop
      vertex 42.9344 15.3622 0
      vertex 42.1289 17.4504 53.5
      vertex 42.1289 17.4504 0
    endloop
  endfacet
  facet normal -0.932994 -0.359892 0
    outer loop
      vertex 42.1289 17.4504 53.5
      vertex 42.9344 15.3622 0
      vertex 42.9344 15.3622 53.5
    endloop
  endfacet
  facet normal -0.788336 -0.615245 0
    outer loop
      vertex 36.6263 27.1639 0
      vertex 35.2493 28.9283 53.5
      vertex 35.2493 28.9283 0
    endloop
  endfacet
  facet normal -0.788336 -0.615245 0
    outer loop
      vertex 35.2493 28.9283 53.5
      vertex 36.6263 27.1639 0
      vertex 36.6263 27.1639 53.5
    endloop
  endfacet
  facet normal 0.534998 -0.844853 0
    outer loop
      vertex -25.334 37.915 0
      vertex -23.4431 39.1124 53.5
      vertex -25.334 37.915 53.5
    endloop
  endfacet
  facet normal 0.534998 -0.844853 0
    outer loop
      vertex -23.4431 39.1124 53.5
      vertex -25.334 37.915 0
      vertex -23.4431 39.1124 0
    endloop
  endfacet
  facet normal 0.024529 -0.999699 0
    outer loop
      vertex -2.23749 45.5451 0
      vertex 0 45.6 53.5
      vertex -2.23749 45.5451 53.5
    endloop
  endfacet
  facet normal 0.024529 -0.999699 0
    outer loop
      vertex 0 45.6 53.5
      vertex -2.23749 45.5451 0
      vertex 0 45.6 0
    endloop
  endfacet
  facet normal 0.757219 -0.653161 0
    outer loop
      vertex -35.2493 28.9283 53.5
      vertex -33.7874 30.6231 0
      vertex -33.7874 30.6231 53.5
    endloop
  endfacet
  facet normal 0.757219 -0.653161 0
    outer loop
      vertex -33.7874 30.6231 0
      vertex -35.2493 28.9283 53.5
      vertex -35.2493 28.9283 0
    endloop
  endfacet
  facet normal -0.359892 -0.932994 0
    outer loop
      vertex 15.3622 42.9344 0
      vertex 17.4504 42.1289 53.5
      vertex 15.3622 42.9344 53.5
    endloop
  endfacet
  facet normal -0.359892 -0.932994 -0
    outer loop
      vertex 17.4504 42.1289 53.5
      vertex 15.3622 42.9344 0
      vertex 17.4504 42.1289 0
    endloop
  endfacet
  facet normal -0.985281 0.170944 0
    outer loop
      vertex 44.7238 -8.89612 0
      vertex 45.1064 -6.69091 53.5
      vertex 45.1064 -6.69091 0
    endloop
  endfacet
  facet normal -0.985281 0.170944 0
    outer loop
      vertex 45.1064 -6.69091 53.5
      vertex 44.7238 -8.89612 0
      vertex 44.7238 -8.89612 53.5
    endloop
  endfacet
  facet normal -0.975701 0.219108 0
    outer loop
      vertex 44.2334 -11.0799 0
      vertex 44.7238 -8.89612 53.5
      vertex 44.7238 -8.89612 0
    endloop
  endfacet
  facet normal -0.975701 0.219108 0
    outer loop
      vertex 44.7238 -8.89612 53.5
      vertex 44.2334 -11.0799 0
      vertex 44.2334 -11.0799 53.5
    endloop
  endfacet
  facet normal -0.949524 0.313693 0
    outer loop
      vertex 42.9344 -15.3622 0
      vertex 43.6365 -13.237 53.5
      vertex 43.6365 -13.237 0
    endloop
  endfacet
  facet normal -0.949524 0.313693 0
    outer loop
      vertex 43.6365 -13.237 53.5
      vertex 42.9344 -15.3622 0
      vertex 42.9344 -15.3622 53.5
    endloop
  endfacet
  facet normal -0.932994 0.359892 0
    outer loop
      vertex 42.1289 -17.4504 0
      vertex 42.9344 -15.3622 53.5
      vertex 42.9344 -15.3622 0
    endloop
  endfacet
  facet normal -0.932994 0.359892 0
    outer loop
      vertex 42.9344 -15.3622 53.5
      vertex 42.1289 -17.4504 0
      vertex 42.1289 -17.4504 53.5
    endloop
  endfacet
  facet normal -0.57579 0.817598 0
    outer loop
      vertex 27.1639 -36.6263 0
      vertex 25.334 -37.915 53.5
      vertex 27.1639 -36.6263 53.5
    endloop
  endfacet
  facet normal -0.57579 0.817598 0
    outer loop
      vertex 25.334 -37.915 53.5
      vertex 27.1639 -36.6263 0
      vertex 25.334 -37.915 0
    endloop
  endfacet
  facet normal 0.997289 0.0735873 0
    outer loop
      vertex -45.3804 -4.46958 53.5
      vertex -45.5451 -2.23749 0
      vertex -45.5451 -2.23749 53.5
    endloop
  endfacet
  facet normal 0.997289 0.0735873 0
    outer loop
      vertex -45.5451 -2.23749 0
      vertex -45.3804 -4.46958 53.5
      vertex -45.3804 -4.46958 0
    endloop
  endfacet
  facet normal 0.985281 0.170944 0
    outer loop
      vertex -44.7238 -8.89612 53.5
      vertex -45.1064 -6.69091 0
      vertex -45.1064 -6.69091 53.5
    endloop
  endfacet
  facet normal 0.985281 0.170944 0
    outer loop
      vertex -45.1064 -6.69091 0
      vertex -44.7238 -8.89612 53.5
      vertex -44.7238 -8.89612 0
    endloop
  endfacet
  facet normal 0.844853 0.534998 0
    outer loop
      vertex -37.915 -25.334 53.5
      vertex -39.1124 -23.4431 0
      vertex -39.1124 -23.4431 53.5
    endloop
  endfacet
  facet normal 0.844853 0.534998 0
    outer loop
      vertex -39.1124 -23.4431 0
      vertex -37.915 -25.334 53.5
      vertex -37.915 -25.334 0
    endloop
  endfacet
  facet normal 0.788336 0.615245 0
    outer loop
      vertex -35.2493 -28.9283 53.5
      vertex -36.6263 -27.1639 0
      vertex -36.6263 -27.1639 53.5
    endloop
  endfacet
  facet normal 0.788336 0.615245 0
    outer loop
      vertex -36.6263 -27.1639 0
      vertex -35.2493 -28.9283 53.5
      vertex -35.2493 -28.9283 0
    endloop
  endfacet
  facet normal 0.266692 0.963782 -0
    outer loop
      vertex -11.0799 -44.2334 0
      vertex -13.237 -43.6365 53.5
      vertex -11.0799 -44.2334 53.5
    endloop
  endfacet
  facet normal 0.266692 0.963782 0
    outer loop
      vertex -13.237 -43.6365 53.5
      vertex -11.0799 -44.2334 0
      vertex -13.237 -43.6365 0
    endloop
  endfacet
  facet normal 0.170944 0.985281 -0
    outer loop
      vertex -6.69091 -45.1064 0
      vertex -8.89612 -44.7238 53.5
      vertex -6.69091 -45.1064 53.5
    endloop
  endfacet
  facet normal 0.170944 0.985281 0
    outer loop
      vertex -8.89612 -44.7238 53.5
      vertex -6.69091 -45.1064 0
      vertex -8.89612 -44.7238 0
    endloop
  endfacet
  facet normal 0.492902 0.870085 -0
    outer loop
      vertex -21.4957 -40.2156 0
      vertex -23.4431 -39.1124 53.5
      vertex -21.4957 -40.2156 53.5
    endloop
  endfacet
  facet normal 0.492902 0.870085 0
    outer loop
      vertex -23.4431 -39.1124 53.5
      vertex -21.4957 -40.2156 0
      vertex -23.4431 -39.1124 0
    endloop
  endfacet
  facet normal -0.997289 -0.0735873 0
    outer loop
      vertex 45.5451 2.23749 0
      vertex 45.3804 4.46958 53.5
      vertex 45.3804 4.46958 0
    endloop
  endfacet
  facet normal -0.997289 -0.0735873 0
    outer loop
      vertex 45.3804 4.46958 53.5
      vertex 45.5451 2.23749 0
      vertex 45.5451 2.23749 53.5
    endloop
  endfacet
  facet normal -0.975701 -0.219108 0
    outer loop
      vertex 44.7238 8.89612 0
      vertex 44.2334 11.0799 53.5
      vertex 44.2334 11.0799 0
    endloop
  endfacet
  facet normal -0.975701 -0.219108 0
    outer loop
      vertex 44.2334 11.0799 53.5
      vertex 44.7238 8.89612 0
      vertex 44.7238 8.89612 53.5
    endloop
  endfacet
  facet normal -0.963782 -0.266692 0
    outer loop
      vertex 44.2334 11.0799 0
      vertex 43.6365 13.237 53.5
      vertex 43.6365 13.237 0
    endloop
  endfacet
  facet normal -0.963782 -0.266692 0
    outer loop
      vertex 43.6365 13.237 53.5
      vertex 44.2334 11.0799 0
      vertex 44.2334 11.0799 53.5
    endloop
  endfacet
  facet normal -0.870085 -0.492902 0
    outer loop
      vertex 40.2156 21.4957 0
      vertex 39.1124 23.4431 53.5
      vertex 39.1124 23.4431 0
    endloop
  endfacet
  facet normal -0.870085 -0.492902 0
    outer loop
      vertex 39.1124 23.4431 53.5
      vertex 40.2156 21.4957 0
      vertex 40.2156 21.4957 53.5
    endloop
  endfacet
  facet normal -0.57579 -0.817598 0
    outer loop
      vertex 25.334 37.915 0
      vertex 27.1639 36.6263 53.5
      vertex 25.334 37.915 53.5
    endloop
  endfacet
  facet normal -0.57579 -0.817598 -0
    outer loop
      vertex 27.1639 36.6263 53.5
      vertex 25.334 37.915 0
      vertex 27.1639 36.6263 0
    endloop
  endfacet
  facet normal 0.999699 -0.024529 0
    outer loop
      vertex -45.6 0 53.5
      vertex -45.5451 2.23749 0
      vertex -45.5451 2.23749 53.5
    endloop
  endfacet
  facet normal 0.999699 -0.024529 0
    outer loop
      vertex -45.5451 2.23749 0
      vertex -45.6 0 53.5
      vertex -45.6 0 0
    endloop
  endfacet
  facet normal 0.975701 -0.219108 0
    outer loop
      vertex -44.7238 8.89612 53.5
      vertex -44.2334 11.0799 0
      vertex -44.2334 11.0799 53.5
    endloop
  endfacet
  facet normal 0.975701 -0.219108 0
    outer loop
      vertex -44.2334 11.0799 0
      vertex -44.7238 8.89612 53.5
      vertex -44.7238 8.89612 0
    endloop
  endfacet
  facet normal 0.963782 -0.266692 0
    outer loop
      vertex -44.2334 11.0799 53.5
      vertex -43.6365 13.237 0
      vertex -43.6365 13.237 53.5
    endloop
  endfacet
  facet normal 0.963782 -0.266692 0
    outer loop
      vertex -43.6365 13.237 0
      vertex -44.2334 11.0799 53.5
      vertex -44.2334 11.0799 0
    endloop
  endfacet
  facet normal 0.870085 -0.492902 0
    outer loop
      vertex -40.2156 21.4957 53.5
      vertex -39.1124 23.4431 0
      vertex -39.1124 23.4431 53.5
    endloop
  endfacet
  facet normal 0.870085 -0.492902 0
    outer loop
      vertex -39.1124 23.4431 0
      vertex -40.2156 21.4957 53.5
      vertex -40.2156 21.4957 0
    endloop
  endfacet
  facet normal 0.817598 -0.57579 0
    outer loop
      vertex -37.915 25.334 53.5
      vertex -36.6263 27.1639 0
      vertex -36.6263 27.1639 53.5
    endloop
  endfacet
  facet normal 0.817598 -0.57579 0
    outer loop
      vertex -36.6263 27.1639 0
      vertex -37.915 25.334 53.5
      vertex -37.915 25.334 0
    endloop
  endfacet
  facet normal 0.724252 -0.689536 0
    outer loop
      vertex -33.7874 30.6231 53.5
      vertex -32.2441 32.2441 0
      vertex -32.2441 32.2441 53.5
    endloop
  endfacet
  facet normal 0.724252 -0.689536 0
    outer loop
      vertex -32.2441 32.2441 0
      vertex -33.7874 30.6231 53.5
      vertex -33.7874 30.6231 0
    endloop
  endfacet
  facet normal -0.170944 -0.985281 0
    outer loop
      vertex 6.69091 45.1064 0
      vertex 8.89612 44.7238 53.5
      vertex 6.69091 45.1064 53.5
    endloop
  endfacet
  facet normal -0.170944 -0.985281 -0
    outer loop
      vertex 8.89612 44.7238 53.5
      vertex 6.69091 45.1064 0
      vertex 8.89612 44.7238 0
    endloop
  endfacet
  facet normal -0.405251 -0.914205 0
    outer loop
      vertex 17.4504 42.1289 0
      vertex 19.4965 41.2219 53.5
      vertex 17.4504 42.1289 53.5
    endloop
  endfacet
  facet normal -0.405251 -0.914205 -0
    outer loop
      vertex 19.4965 41.2219 53.5
      vertex 17.4504 42.1289 0
      vertex 19.4965 41.2219 0
    endloop
  endfacet
  facet normal -0.992478 0.122422 0
    outer loop
      vertex 45.1064 -6.69091 0
      vertex 45.3804 -4.46958 53.5
      vertex 45.3804 -4.46958 0
    endloop
  endfacet
  facet normal -0.992478 0.122422 0
    outer loop
      vertex 45.3804 -4.46958 53.5
      vertex 45.1064 -6.69091 0
      vertex 45.1064 -6.69091 53.5
    endloop
  endfacet
  facet normal -0.689536 -0.724252 0
    outer loop
      vertex 30.6231 33.7874 0
      vertex 32.2441 32.2441 53.5
      vertex 30.6231 33.7874 53.5
    endloop
  endfacet
  facet normal -0.689536 -0.724252 -0
    outer loop
      vertex 32.2441 32.2441 53.5
      vertex 30.6231 33.7874 0
      vertex 32.2441 32.2441 0
    endloop
  endfacet
  facet normal -0.615245 -0.788336 0
    outer loop
      vertex 27.1639 36.6263 0
      vertex 28.9283 35.2493 53.5
      vertex 27.1639 36.6263 53.5
    endloop
  endfacet
  facet normal -0.615245 -0.788336 -0
    outer loop
      vertex 28.9283 35.2493 53.5
      vertex 27.1639 36.6263 0
      vertex 28.9283 35.2493 0
    endloop
  endfacet
  facet normal -0.757219 -0.653161 0
    outer loop
      vertex 35.2493 28.9283 0
      vertex 33.7874 30.6231 53.5
      vertex 33.7874 30.6231 0
    endloop
  endfacet
  facet normal -0.757219 -0.653161 0
    outer loop
      vertex 33.7874 30.6231 53.5
      vertex 35.2493 28.9283 0
      vertex 35.2493 28.9283 53.5
    endloop
  endfacet
  facet normal -0.024529 -0.999699 0
    outer loop
      vertex 0 45.6 0
      vertex 2.23749 45.5451 53.5
      vertex 0 45.6 53.5
    endloop
  endfacet
  facet normal -0.024529 -0.999699 -0
    outer loop
      vertex 2.23749 45.5451 53.5
      vertex 0 45.6 0
      vertex 2.23749 45.5451 0
    endloop
  endfacet
  facet normal 0.615245 -0.788336 0
    outer loop
      vertex -28.9283 35.2493 0
      vertex -27.1639 36.6263 53.5
      vertex -28.9283 35.2493 53.5
    endloop
  endfacet
  facet normal 0.615245 -0.788336 0
    outer loop
      vertex -27.1639 36.6263 53.5
      vertex -28.9283 35.2493 0
      vertex -27.1639 36.6263 0
    endloop
  endfacet
  facet normal 0.313693 -0.949524 0
    outer loop
      vertex -15.3622 42.9344 0
      vertex -13.237 43.6365 53.5
      vertex -15.3622 42.9344 53.5
    endloop
  endfacet
  facet normal 0.313693 -0.949524 0
    outer loop
      vertex -13.237 43.6365 53.5
      vertex -15.3622 42.9344 0
      vertex -13.237 43.6365 0
    endloop
  endfacet
  facet normal 0.266692 -0.963782 0
    outer loop
      vertex -13.237 43.6365 0
      vertex -11.0799 44.2334 53.5
      vertex -13.237 43.6365 53.5
    endloop
  endfacet
  facet normal 0.266692 -0.963782 0
    outer loop
      vertex -11.0799 44.2334 53.5
      vertex -13.237 43.6365 0
      vertex -11.0799 44.2334 0
    endloop
  endfacet
  facet normal 0.219108 -0.975701 0
    outer loop
      vertex -11.0799 44.2334 0
      vertex -8.89612 44.7238 53.5
      vertex -11.0799 44.2334 53.5
    endloop
  endfacet
  facet normal 0.219108 -0.975701 0
    outer loop
      vertex -8.89612 44.7238 53.5
      vertex -11.0799 44.2334 0
      vertex -8.89612 44.7238 0
    endloop
  endfacet
  facet normal 0.122422 -0.992478 0
    outer loop
      vertex -6.69091 45.1064 0
      vertex -4.46958 45.3804 53.5
      vertex -6.69091 45.1064 53.5
    endloop
  endfacet
  facet normal 0.122422 -0.992478 0
    outer loop
      vertex -4.46958 45.3804 53.5
      vertex -6.69091 45.1064 0
      vertex -4.46958 45.3804 0
    endloop
  endfacet
  facet normal 0 0 -1
    outer loop
      vertex 45.5451 -2.23749 53.5
      vertex 45.5451 2.23749 53.5
      vertex 45.6 0 53.5
    endloop
  endfacet
  facet normal 0 0 -1
    outer loop
      vertex 45.3804 -4.46958 53.5
      vertex 45.5451 2.23749 53.5
      vertex 45.5451 -2.23749 53.5
    endloop
  endfacet
  facet normal 0 0 -1
    outer loop
      vertex 45.3804 -4.46958 53.5
      vertex 45.3804 4.46958 53.5
      vertex 45.5451 2.23749 53.5
    endloop
  endfacet
  facet normal 0 0 -1
    outer loop
      vertex 45.1064 -6.69091 53.5
      vertex 45.3804 4.46958 53.5
      vertex 45.3804 -4.46958 53.5
    endloop
  endfacet
  facet normal 0 0 -1
    outer loop
      vertex 45.1064 -6.69091 53.5
      vertex 45.1064 6.69091 53.5
      vertex 45.3804 4.46958 53.5
    endloop
  endfacet
  facet normal 0 0 -1
    outer loop
      vertex 44.7238 -8.89612 53.5
      vertex 45.1064 6.69091 53.5
      vertex 45.1064 -6.69091 53.5
    endloop
  endfacet
  facet normal 0 0 -1
    outer loop
      vertex 44.7238 -8.89612 53.5
      vertex 44.7238 8.89612 53.5
      vertex 45.1064 6.69091 53.5
    endloop
  endfacet
  facet normal 0 0 -1
    outer loop
      vertex 44.2334 -11.0799 53.5
      vertex 44.7238 8.89612 53.5
      vertex 44.7238 -8.89612 53.5
    endloop
  endfacet
  facet normal 0 0 -1
    outer loop
      vertex 44.2334 -11.0799 53.5
      vertex 44.2334 11.0799 53.5
      vertex 44.7238 8.89612 53.5
    endloop
  endfacet
  facet normal 0 0 -1
    outer loop
      vertex 43.6365 -13.237 53.5
      vertex 44.2334 11.0799 53.5
      vertex 44.2334 -11.0799 53.5
    endloop
  endfacet
  facet normal 0 0 -1
    outer loop
      vertex 43.6365 -13.237 53.5
      vertex 43.6365 13.237 53.5
      vertex 44.2334 11.0799 53.5
    endloop
  endfacet
  facet normal 0 0 -1
    outer loop
      vertex 42.9344 -15.3622 53.5
      vertex 43.6365 13.237 53.5
      vertex 43.6365 -13.237 53.5
    endloop
  endfacet
  facet normal 0 0 -1
    outer loop
      vertex 42.9344 -15.3622 53.5
      vertex 42.9344 15.3622 53.5
      vertex 43.6365 13.237 53.5
    endloop
  endfacet
  facet normal 0 0 -1
    outer loop
      vertex 42.1289 -17.4504 53.5
      vertex 42.9344 15.3622 53.5
      vertex 42.9344 -15.3622 53.5
    endloop
  endfacet
  facet normal 0 0 -1
    outer loop
      vertex 42.1289 -17.4504 53.5
      vertex 42.1289 17.4504 53.5
      vertex 42.9344 15.3622 53.5
    endloop
  endfacet
  facet normal 0 0 -1
    outer loop
      vertex 41.2219 -19.4965 53.5
      vertex 42.1289 17.4504 53.5
      vertex 42.1289 -17.4504 53.5
    endloop
  endfacet
  facet normal 0 0 -1
    outer loop
      vertex 41.2219 -19.4965 53.5
      vertex 41.2219 19.4965 53.5
      vertex 42.1289 17.4504 53.5
    endloop
  endfacet
  facet normal 0 0 -1
    outer loop
      vertex 40.2156 -21.4957 53.5
      vertex 41.2219 19.4965 53.5
      vertex 41.2219 -19.4965 53.5
    endloop
  endfacet
  facet normal 0 0 -1
    outer loop
      vertex 40.2156 -21.4957 53.5
      vertex 40.2156 21.4957 53.5
      vertex 41.2219 19.4965 53.5
    endloop
  endfacet
  facet normal 0 0 -1
    outer loop
      vertex 39.1124 -23.4431 53.5
      vertex 40.2156 21.4957 53.5
      vertex 40.2156 -21.4957 53.5
    endloop
  endfacet
  facet normal 0 0 -1
    outer loop
      vertex 39.1124 -23.4431 53.5
      vertex 39.1124 23.4431 53.5
      vertex 40.2156 21.4957 53.5
    endloop
  endfacet
  facet normal 0 0 -1
    outer loop
      vertex 37.915 -25.334 53.5
      vertex 39.1124 23.4431 53.5
      vertex 39.1124 -23.4431 53.5
    endloop
  endfacet
  facet normal 0 0 -1
    outer loop
      vertex 37.915 -25.334 53.5
      vertex 37.915 25.334 53.5
      vertex 39.1124 23.4431 53.5
    endloop
  endfacet
  facet normal 0 0 -1
    outer loop
      vertex 36.6263 -27.1639 53.5
      vertex 37.915 25.334 53.5
      vertex 37.915 -25.334 53.5
    endloop
  endfacet
  facet normal 0 0 -1
    outer loop
      vertex 36.6263 -27.1639 53.5
      vertex 36.6263 27.1639 53.5
      vertex 37.915 25.334 53.5
    endloop
  endfacet
  facet normal 0 0 -1
    outer loop
      vertex 35.2493 -28.9283 53.5
      vertex 36.6263 27.1639 53.5
      vertex 36.6263 -27.1639 53.5
    endloop
  endfacet
  facet normal 0 0 -1
    outer loop
      vertex 35.2493 -28.9283 53.5
      vertex 35.2493 28.9283 53.5
      vertex 36.6263 27.1639 53.5
    endloop
  endfacet
  facet normal 0 0 -1
    outer loop
      vertex 33.7874 -30.6231 53.5
      vertex 35.2493 28.9283 53.5
      vertex 35.2493 -28.9283 53.5
    endloop
  endfacet
  facet normal 0 0 -1
    outer loop
      vertex 33.7874 -30.6231 53.5
      vertex 33.7874 30.6231 53.5
      vertex 35.2493 28.9283 53.5
    endloop
  endfacet
  facet normal 0 0 -1
    outer loop
      vertex 32.2441 -32.2441 53.5
      vertex 33.7874 30.6231 53.5
      vertex 33.7874 -30.6231 53.5
    endloop
  endfacet
  facet normal 0 0 -1
    outer loop
      vertex 32.2441 -32.2441 53.5
      vertex 32.2441 32.2441 53.5
      vertex 33.7874 30.6231 53.5
    endloop
  endfacet
  facet normal 0 0 -1
    outer loop
      vertex 30.6231 -33.7874 53.5
      vertex 32.2441 32.2441 53.5
      vertex 32.2441 -32.2441 53.5
    endloop
  endfacet
  facet normal 0 0 -1
    outer loop
      vertex 30.6231 -33.7874 53.5
      vertex 30.6231 33.7874 53.5
      vertex 32.2441 32.2441 53.5
    endloop
  endfacet
  facet normal 0 0 -1
    outer loop
      vertex 28.9283 -35.2493 53.5
      vertex 30.6231 33.7874 53.5
      vertex 30.6231 -33.7874 53.5
    endloop
  endfacet
  facet normal 0 0 -1
    outer loop
      vertex 28.9283 -35.2493 53.5
      vertex 28.9283 35.2493 53.5
      vertex 30.6231 33.7874 53.5
    endloop
  endfacet
  facet normal 0 0 -1
    outer loop
      vertex 27.1639 -36.6263 53.5
      vertex 28.9283 35.2493 53.5
      vertex 28.9283 -35.2493 53.5
    endloop
  endfacet
  facet normal 0 0 -1
    outer loop
      vertex 27.1639 -36.6263 53.5
      vertex 27.1639 36.6263 53.5
      vertex 28.9283 35.2493 53.5
    endloop
  endfacet
  facet normal 0 0 -1
    outer loop
      vertex 25.334 -37.915 53.5
      vertex 27.1639 36.6263 53.5
      vertex 27.1639 -36.6263 53.5
    endloop
  endfacet
  facet normal 0 0 -1
    outer loop
      vertex 25.334 -37.915 53.5
      vertex 25.334 37.915 53.5
      vertex 27.1639 36.6263 53.5
    endloop
  endfacet
  facet normal 0 0 -1
    outer loop
      vertex 23.4431 -39.1124 53.5
      vertex 25.334 37.915 53.5
      vertex 25.334 -37.915 53.5
    endloop
  endfacet
  facet normal 0 0 -1
    outer loop
      vertex 23.4431 -39.1124 53.5
      vertex 23.4431 39.1124 53.5
      vertex 25.334 37.915 53.5
    endloop
  endfacet
  facet normal 0 0 -1
    outer loop
      vertex 21.4957 -40.2156 53.5
      vertex 23.4431 39.1124 53.5
      vertex 23.4431 -39.1124 53.5
    endloop
  endfacet
  facet normal 0 0 -1
    outer loop
      vertex 21.4957 -40.2156 53.5
      vertex 21.4957 40.2156 53.5
      vertex 23.4431 39.1124 53.5
    endloop
  endfacet
  facet normal 0 0 -1
    outer loop
      vertex 19.4965 -41.2219 53.5
      vertex 21.4957 40.2156 53.5
      vertex 21.4957 -40.2156 53.5
    endloop
  endfacet
  facet normal 0 0 -1
    outer loop
      vertex 19.4965 -41.2219 53.5
      vertex 19.4965 41.2219 53.5
      vertex 21.4957 40.2156 53.5
    endloop
  endfacet
  facet normal 0 0 -1
    outer loop
      vertex 17.4504 -42.1289 53.5
      vertex 19.4965 41.2219 53.5
      vertex 19.4965 -41.2219 53.5
    endloop
  endfacet
  facet normal 0 0 -1
    outer loop
      vertex 17.4504 -42.1289 53.5
      vertex 17.4504 42.1289 53.5
      vertex 19.4965 41.2219 53.5
    endloop
  endfacet
  facet normal 0 0 -1
    outer loop
      vertex 15.3622 -42.9344 53.5
      vertex 17.4504 42.1289 53.5
      vertex 17.4504 -42.1289 53.5
    endloop
  endfacet
  facet normal 0 0 -1
    outer loop
      vertex 15.3622 -42.9344 53.5
      vertex 15.3622 42.9344 53.5
      vertex 17.4504 42.1289 53.5
    endloop
  endfacet
  facet normal 0 0 -1
    outer loop
      vertex 13.237 -43.6365 53.5
      vertex 15.3622 42.9344 53.5
      vertex 15.3622 -42.9344 53.5
    endloop
  endfacet
  facet normal 0 0 -1
    outer loop
      vertex 13.237 -43.6365 53.5
      vertex 13.237 43.6365 53.5
      vertex 15.3622 42.9344 53.5
    endloop
  endfacet
  facet normal 0 0 -1
    outer loop
      vertex 11.0799 -44.2334 53.5
      vertex 13.237 43.6365 53.5
      vertex 13.237 -43.6365 53.5
    endloop
  endfacet
  facet normal 0 0 -1
    outer loop
      vertex 11.0799 -44.2334 53.5
      vertex 11.0799 44.2334 53.5
      vertex 13.237 43.6365 53.5
    endloop
  endfacet
  facet normal 0 0 -1
    outer loop
      vertex 8.89612 -44.7238 53.5
      vertex 11.0799 44.2334 53.5
      vertex 11.0799 -44.2334 53.5
    endloop
  endfacet
  facet normal 0 0 -1
    outer loop
      vertex 8.89612 -44.7238 53.5
      vertex 8.89612 44.7238 53.5
      vertex 11.0799 44.2334 53.5
    endloop
  endfacet
  facet normal 0 0 -1
    outer loop
      vertex 6.69091 -45.1064 53.5
      vertex 8.89612 44.7238 53.5
      vertex 8.89612 -44.7238 53.5
    endloop
  endfacet
  facet normal 0 0 -1
    outer loop
      vertex 6.69091 -45.1064 53.5
      vertex 6.69091 45.1064 53.5
      vertex 8.89612 44.7238 53.5
    endloop
  endfacet
  facet normal 0 0 -1
    outer loop
      vertex 4.46958 -45.3804 53.5
      vertex 6.69091 45.1064 53.5
      vertex 6.69091 -45.1064 53.5
    endloop
  endfacet
  facet normal 0 0 -1
    outer loop
      vertex 4.46958 -45.3804 53.5
      vertex 4.46958 45.3804 53.5
      vertex 6.69091 45.1064 53.5
    endloop
  endfacet
  facet normal 0 0 -1
    outer loop
      vertex 2.23749 -45.5451 53.5
      vertex 4.46958 45.3804 53.5
      vertex 4.46958 -45.3804 53.5
    endloop
  endfacet
  facet normal 0 0 -1
    outer loop
      vertex 2.23749 -45.5451 53.5
      vertex 2.23749 45.5451 53.5
      vertex 4.46958 45.3804 53.5
    endloop
  endfacet
  facet normal 0 0 -1
    outer loop
      vertex 0 -45.6 53.5
      vertex 2.23749 45.5451 53.5
      vertex 2.23749 -45.5451 53.5
    endloop
  endfacet
  facet normal 0 0 -1
    outer loop
      vertex 0 -45.6 53.5
      vertex 0 45.6 53.5
      vertex 2.23749 45.5451 53.5
    endloop
  endfacet
  facet normal 0 0 -1
    outer loop
      vertex -2.23749 -45.5451 53.5
      vertex 0 45.6 53.5
      vertex 0 -45.6 53.5
    endloop
  endfacet
  facet normal 0 0 -1
    outer loop
      vertex -2.23749 -45.5451 53.5
      vertex -2.23749 45.5451 53.5
      vertex 0 45.6 53.5
    endloop
  endfacet
  facet normal 0 0 -1
    outer loop
      vertex -4.46958 -45.3804 53.5
      vertex -2.23749 45.5451 53.5
      vertex -2.23749 -45.5451 53.5
    endloop
  endfacet
  facet normal 0 0 -1
    outer loop
      vertex -4.46958 -45.3804 53.5
      vertex -4.46958 45.3804 53.5
      vertex -2.23749 45.5451 53.5
    endloop
  endfacet
  facet normal 0 0 -1
    outer loop
      vertex -6.69091 -45.1064 53.5
      vertex -4.46958 45.3804 53.5
      vertex -4.46958 -45.3804 53.5
    endloop
  endfacet
  facet normal 0 0 -1
    outer loop
      vertex -6.69091 -45.1064 53.5
      vertex -6.69091 45.1064 53.5
      vertex -4.46958 45.3804 53.5
    endloop
  endfacet
  facet normal 0 0 -1
    outer loop
      vertex -8.89612 -44.7238 53.5
      vertex -6.69091 45.1064 53.5
      vertex -6.69091 -45.1064 53.5
    endloop
  endfacet
  facet normal 0 0 -1
    outer loop
      vertex -8.89612 -44.7238 53.5
      vertex -8.89612 44.7238 53.5
      vertex -6.69091 45.1064 53.5
    endloop
  endfacet
  facet normal 0 0 -1
    outer loop
      vertex -11.0799 -44.2334 53.5
      vertex -8.89612 44.7238 53.5
      vertex -8.89612 -44.7238 53.5
    endloop
  endfacet
  facet normal 0 0 -1
    outer loop
      vertex -11.0799 -44.2334 53.5
      vertex -11.0799 44.2334 53.5
      vertex -8.89612 44.7238 53.5
    endloop
  endfacet
  facet normal 0 0 -1
    outer loop
      vertex -13.237 -43.6365 53.5
      vertex -11.0799 44.2334 53.5
      vertex -11.0799 -44.2334 53.5
    endloop
  endfacet
  facet normal 0 0 -1
    outer loop
      vertex -13.237 -43.6365 53.5
      vertex -13.237 43.6365 53.5
      vertex -11.0799 44.2334 53.5
    endloop
  endfacet
  facet normal 0 0 -1
    outer loop
      vertex -15.3622 -42.9344 53.5
      vertex -13.237 43.6365 53.5
      vertex -13.237 -43.6365 53.5
    endloop
  endfacet
  facet normal 0 0 -1
    outer loop
      vertex -15.3622 -42.9344 53.5
      vertex -15.3622 42.9344 53.5
      vertex -13.237 43.6365 53.5
    endloop
  endfacet
  facet normal 0 0 -1
    outer loop
      vertex -17.4504 -42.1289 53.5
      vertex -15.3622 42.9344 53.5
      vertex -15.3622 -42.9344 53.5
    endloop
  endfacet
  facet normal 0 0 -1
    outer loop
      vertex -17.4504 -42.1289 53.5
      vertex -17.4504 42.1289 53.5
      vertex -15.3622 42.9344 53.5
    endloop
  endfacet
  facet normal 0 0 -1
    outer loop
      vertex -19.4965 -41.2219 53.5
      vertex -17.4504 42.1289 53.5
      vertex -17.4504 -42.1289 53.5
    endloop
  endfacet
  facet normal 0 0 -1
    outer loop
      vertex -19.4965 -41.2219 53.5
      vertex -19.4965 41.2219 53.5
      vertex -17.4504 42.1289 53.5
    endloop
  endfacet
  facet normal 0 0 -1
    outer loop
      vertex -21.4957 -40.2156 53.5
      vertex -19.4965 41.2219 53.5
      vertex -19.4965 -41.2219 53.5
    endloop
  endfacet
  facet normal 0 0 -1
    outer loop
      vertex -21.4957 -40.2156 53.5
      vertex -21.4957 40.2156 53.5
      vertex -19.4965 41.2219 53.5
    endloop
  endfacet
  facet normal 0 0 -1
    outer loop
      vertex -23.4431 -39.1124 53.5
      vertex -21.4957 40.2156 53.5
      vertex -21.4957 -40.2156 53.5
    endloop
  endfacet
  facet normal 0 0 -1
    outer loop
      vertex -23.4431 -39.1124 53.5
      vertex -23.4431 39.1124 53.5
      vertex -21.4957 40.2156 53.5
    endloop
  endfacet
  facet normal 0 0 -1
    outer loop
      vertex -25.334 -37.915 53.5
      vertex -23.4431 39.1124 53.5
      vertex -23.4431 -39.1124 53.5
    endloop
  endfacet
  facet normal 0 0 -1
    outer loop
      vertex -25.334 -37.915 53.5
      vertex -25.334 37.915 53.5
      vertex -23.4431 39.1124 53.5
    endloop
  endfacet
  facet normal 0 0 -1
    outer loop
      vertex -27.1639 -36.6263 53.5
      vertex -25.334 37.915 53.5
      vertex -25.334 -37.915 53.5
    endloop
  endfacet
  facet normal 0 0 -1
    outer loop
      vertex -27.1639 -36.6263 53.5
      vertex -27.1639 36.6263 53.5
      vertex -25.334 37.915 53.5
    endloop
  endfacet
  facet normal 0 0 -1
    outer loop
      vertex -28.9283 -35.2493 53.5
      vertex -27.1639 36.6263 53.5
      vertex -27.1639 -36.6263 53.5
    endloop
  endfacet
  facet normal 0 0 -1
    outer loop
      vertex -28.9283 -35.2493 53.5
      vertex -28.9283 35.2493 53.5
      vertex -27.1639 36.6263 53.5
    endloop
  endfacet
  facet normal 0 0 -1
    outer loop
      vertex -30.6231 -33.7874 53.5
      vertex -28.9283 35.2493 53.5
      vertex -28.9283 -35.2493 53.5
    endloop
  endfacet
  facet normal 0 0 -1
    outer loop
      vertex -30.6231 -33.7874 53.5
      vertex -30.6231 33.7874 53.5
      vertex -28.9283 35.2493 53.5
    endloop
  endfacet
  facet normal 0 0 -1
    outer loop
      vertex -32.2441 -32.2441 53.5
      vertex -30.6231 33.7874 53.5
      vertex -30.6231 -33.7874 53.5
    endloop
  endfacet
  facet normal 0 0 -1
    outer loop
      vertex -32.2441 -32.2441 53.5
      vertex -32.2441 32.2441 53.5
      vertex -30.6231 33.7874 53.5
    endloop
  endfacet
  facet normal 0 0 -1
    outer loop
      vertex -33.7874 -30.6231 53.5
      vertex -32.2441 32.2441 53.5
      vertex -32.2441 -32.2441 53.5
    endloop
  endfacet
  facet normal 0 0 -1
    outer loop
      vertex -33.7874 -30.6231 53.5
      vertex -33.7874 30.6231 53.5
      vertex -32.2441 32.2441 53.5
    endloop
  endfacet
  facet normal 0 0 -1
    outer loop
      vertex -35.2493 -28.9283 53.5
      vertex -33.7874 30.6231 53.5
      vertex -33.7874 -30.6231 53.5
    endloop
  endfacet
  facet normal 0 0 -1
    outer loop
      vertex -35.2493 -28.9283 53.5
      vertex -35.2493 28.9283 53.5
      vertex -33.7874 30.6231 53.5
    endloop
  endfacet
  facet normal 0 0 -1
    outer loop
      vertex -36.6263 -27.1639 53.5
      vertex -35.2493 28.9283 53.5
      vertex -35.2493 -28.9283 53.5
    endloop
  endfacet
  facet normal 0 0 -1
    outer loop
      vertex -36.6263 -27.1639 53.5
      vertex -36.6263 27.1639 53.5
      vertex -35.2493 28.9283 53.5
    endloop
  endfacet
  facet normal 0 0 -1
    outer loop
      vertex -37.915 -25.334 53.5
      vertex -36.6263 27.1639 53.5
      vertex -36.6263 -27.1639 53.5
    endloop
  endfacet
  facet normal 0 0 -1
    outer loop
      vertex -37.915 -25.334 53.5
      vertex -37.915 25.334 53.5
      vertex -36.6263 27.1639 53.5
    endloop
  endfacet
  facet normal 0 0 -1
    outer loop
      vertex -39.1124 -23.4431 53.5
      vertex -37.915 25.334 53.5
      vertex -37.915 -25.334 53.5
    endloop
  endfacet
  facet normal 0 0 -1
    outer loop
      vertex -39.1124 -23.4431 53.5
      vertex -39.1124 23.4431 53.5
      vertex -37.915 25.334 53.5
    endloop
  endfacet
  facet normal 0 0 -1
    outer loop
      vertex -40.2156 -21.4957 53.5
      vertex -39.1124 23.4431 53.5
      vertex -39.1124 -23.4431 53.5
    endloop
  endfacet
  facet normal 0 0 -1
    outer loop
      vertex -40.2156 -21.4957 53.5
      vertex -40.2156 21.4957 53.5
      vertex -39.1124 23.4431 53.5
    endloop
  endfacet
  facet normal 0 0 -1
    outer loop
      vertex -41.2219 -19.4965 53.5
      vertex -40.2156 21.4957 53.5
      vertex -40.2156 -21.4957 53.5
    endloop
  endfacet
  facet normal 0 0 -1
    outer loop
      vertex -41.2219 -19.4965 53.5
      vertex -41.2219 19.4965 53.5
      vertex -40.2156 21.4957 53.5
    endloop
  endfacet
  facet normal 0 0 -1
    outer loop
      vertex -42.1289 -17.4504 53.5
      vertex -41.2219 19.4965 53.5
      vertex -41.2219 -19.4965 53.5
    endloop
  endfacet
  facet normal 0 0 -1
    outer loop
      vertex -42.1289 -17.4504 53.5
      vertex -42.1289 17.4504 53.5
      vertex -41.2219 19.4965 53.5
    endloop
  endfacet
  facet normal 0 0 -1
    outer loop
      vertex -42.9344 -15.3622 53.5
      vertex -42.1289 17.4504 53.5
      vertex -42.1289 -17.4504 53.5
    endloop
  endfacet
  facet normal 0 0 -1
    outer loop
      vertex -42.9344 -15.3622 53.5
      vertex -42.9344 15.3622 53.5
      vertex -42.1289 17.4504 53.5
    endloop
  endfacet
  facet normal 0 0 -1
    outer loop
      vertex -43.6365 -13.237 53.5
      vertex -42.9344 15.3622 53.5
      vertex -42.9344 -15.3622 53.5
    endloop
  endfacet
  facet normal 0 0 -1
    outer loop
      vertex -43.6365 -13.237 53.5
      vertex -43.6365 13.237 53.5
      vertex -42.9344 15.3622 53.5
    endloop
  endfacet
  facet normal 0 0 -1
    outer loop
      vertex -44.2334 -11.0799 53.5
      vertex -43.6365 13.237 53.5
      vertex -43.6365 -13.237 53.5
    endloop
  endfacet
  facet normal 0 0 -1
    outer loop
      vertex -44.2334 -11.0799 53.5
      vertex -44.2334 11.0799 53.5
      vertex -43.6365 13.237 53.5
    endloop
  endfacet
  facet normal 0 0 -1
    outer loop
      vertex -44.7238 -8.89612 53.5
      vertex -44.2334 11.0799 53.5
      vertex -44.2334 -11.0799 53.5
    endloop
  endfacet
  facet normal 0 0 -1
    outer loop
      vertex -44.7238 -8.89612 53.5
      vertex -44.7238 8.89612 53.5
      vertex -44.2334 11.0799 53.5
    endloop
  endfacet
  facet normal 0 0 -1
    outer loop
      vertex -45.1064 -6.69091 53.5
      vertex -44.7238 8.89612 53.5
      vertex -44.7238 -8.89612 53.5
    endloop
  endfacet
  facet normal 0 0 -1
    outer loop
      vertex -45.1064 -6.69091 53.5
      vertex -45.1064 6.69091 53.5
      vertex -44.7238 8.89612 53.5
    endloop
  endfacet
  facet normal 0 0 -1
    outer loop
      vertex -45.3804 -4.46958 53.5
      vertex -45.1064 6.69091 53.5
      vertex -45.1064 -6.69091 53.5
    endloop
  endfacet
  facet normal 0 0 -1
    outer loop
      vertex -45.3804 -4.46958 53.5
      vertex -45.3804 4.46958 53.5
      vertex -45.1064 6.69091 53.5
    endloop
  endfacet
  facet normal 0 0 -1
    outer loop
      vertex -45.5451 -2.23749 53.5
      vertex -45.3804 4.46958 53.5
      vertex -45.3804 -4.46958 53.5
    endloop
  endfacet
  facet normal 0 0 -1
    outer loop
      vertex -45.5451 -2.23749 53.5
      vertex -45.5451 2.23749 53.5
      vertex -45.3804 4.46958 53.5
    endloop
  endfacet
  facet normal 0 -0 -1
    outer loop
      vertex -45.5451 2.23749 53.5
      vertex -45.5451 -2.23749 53.5
      vertex -45.6 0 53.5
    endloop
  endfacet
  facet normal 0.997289 -0.0735873 0
    outer loop
      vertex -45.5451 2.23749 53.5
      vertex -45.3804 4.46958 0
      vertex -45.3804 4.46958 53.5
    endloop
  endfacet
  facet normal 0.997289 -0.0735873 0
    outer loop
      vertex -45.3804 4.46958 0
      vertex -45.5451 2.23749 53.5
      vertex -45.5451 2.23749 0
    endloop
  endfacet
  facet normal 0.932994 -0.359892 0
    outer loop
      vertex -42.9344 15.3622 53.5
      vertex -42.1289 17.4504 0
      vertex -42.1289 17.4504 53.5
    endloop
  endfacet
  facet normal 0.932994 -0.359892 0
    outer loop
      vertex -42.1289 17.4504 0
      vertex -42.9344 15.3622 53.5
      vertex -42.9344 15.3622 0
    endloop
  endfacet
  facet normal 0.985281 -0.170944 0
    outer loop
      vertex -45.1064 6.69091 53.5
      vertex -44.7238 8.89612 0
      vertex -44.7238 8.89612 53.5
    endloop
  endfacet
  facet normal 0.985281 -0.170944 0
    outer loop
      vertex -44.7238 8.89612 0
      vertex -45.1064 6.69091 53.5
      vertex -45.1064 6.69091 0
    endloop
  endfacet
  facet normal 0.992478 -0.122422 0
    outer loop
      vertex -45.3804 4.46958 53.5
      vertex -45.1064 6.69091 0
      vertex -45.1064 6.69091 53.5
    endloop
  endfacet
  facet normal 0.992478 -0.122422 0
    outer loop
      vertex -45.1064 6.69091 0
      vertex -45.3804 4.46958 53.5
      vertex -45.3804 4.46958 0
    endloop
  endfacet
  facet normal 0.893227 -0.449607 0
    outer loop
      vertex -41.2219 19.4965 53.5
      vertex -40.2156 21.4957 0
      vertex -40.2156 21.4957 53.5
    endloop
  endfacet
  facet normal 0.893227 -0.449607 0
    outer loop
      vertex -40.2156 21.4957 0
      vertex -41.2219 19.4965 53.5
      vertex -41.2219 19.4965 0
    endloop
  endfacet
  facet normal 0.844853 -0.534998 0
    outer loop
      vertex -39.1124 23.4431 53.5
      vertex -37.915 25.334 0
      vertex -37.915 25.334 53.5
    endloop
  endfacet
  facet normal 0.844853 -0.534998 0
    outer loop
      vertex -37.915 25.334 0
      vertex -39.1124 23.4431 53.5
      vertex -39.1124 23.4431 0
    endloop
  endfacet
  facet normal 0.788336 -0.615245 0
    outer loop
      vertex -36.6263 27.1639 53.5
      vertex -35.2493 28.9283 0
      vertex -35.2493 28.9283 53.5
    endloop
  endfacet
  facet normal 0.788336 -0.615245 0
    outer loop
      vertex -35.2493 28.9283 0
      vertex -36.6263 27.1639 53.5
      vertex -36.6263 27.1639 0
    endloop
  endfacet
  facet normal -0.122422 -0.992478 0
    outer loop
      vertex 4.46958 45.3804 0
      vertex 6.69091 45.1064 53.5
      vertex 4.46958 45.3804 53.5
    endloop
  endfacet
  facet normal -0.122422 -0.992478 -0
    outer loop
      vertex 6.69091 45.1064 53.5
      vertex 4.46958 45.3804 0
      vertex 6.69091 45.1064 0
    endloop
  endfacet
  facet normal -0.219108 -0.975701 0
    outer loop
      vertex 8.89612 44.7238 0
      vertex 11.0799 44.2334 53.5
      vertex 8.89612 44.7238 53.5
    endloop
  endfacet
  facet normal -0.219108 -0.975701 -0
    outer loop
      vertex 11.0799 44.2334 53.5
      vertex 8.89612 44.7238 0
      vertex 11.0799 44.2334 0
    endloop
  endfacet
  facet normal -0.313693 -0.949524 0
    outer loop
      vertex 13.237 43.6365 0
      vertex 15.3622 42.9344 53.5
      vertex 13.237 43.6365 53.5
    endloop
  endfacet
  facet normal -0.313693 -0.949524 -0
    outer loop
      vertex 15.3622 42.9344 53.5
      vertex 13.237 43.6365 0
      vertex 15.3622 42.9344 0
    endloop
  endfacet
  facet normal -0.266692 -0.963782 0
    outer loop
      vertex 11.0799 44.2334 0
      vertex 13.237 43.6365 53.5
      vertex 11.0799 44.2334 53.5
    endloop
  endfacet
  facet normal -0.266692 -0.963782 -0
    outer loop
      vertex 13.237 43.6365 53.5
      vertex 11.0799 44.2334 0
      vertex 13.237 43.6365 0
    endloop
  endfacet
  facet normal -0.914205 -0.405251 0
    outer loop
      vertex 42.1289 17.4504 0
      vertex 41.2219 19.4965 53.5
      vertex 41.2219 19.4965 0
    endloop
  endfacet
  facet normal -0.914205 -0.405251 0
    outer loop
      vertex 41.2219 19.4965 53.5
      vertex 42.1289 17.4504 0
      vertex 42.1289 17.4504 53.5
    endloop
  endfacet
  facet normal -0.893227 -0.449607 0
    outer loop
      vertex 41.2219 19.4965 0
      vertex 40.2156 21.4957 53.5
      vertex 40.2156 21.4957 0
    endloop
  endfacet
  facet normal -0.893227 -0.449607 0
    outer loop
      vertex 40.2156 21.4957 53.5
      vertex 41.2219 19.4965 0
      vertex 41.2219 19.4965 53.5
    endloop
  endfacet
  facet normal -0.534998 -0.844853 0
    outer loop
      vertex 23.4431 39.1124 0
      vertex 25.334 37.915 53.5
      vertex 23.4431 39.1124 53.5
    endloop
  endfacet
  facet normal -0.534998 -0.844853 -0
    outer loop
      vertex 25.334 37.915 53.5
      vertex 23.4431 39.1124 0
      vertex 25.334 37.915 0
    endloop
  endfacet
  facet normal -0.492902 -0.870085 0
    outer loop
      vertex 21.4957 40.2156 0
      vertex 23.4431 39.1124 53.5
      vertex 21.4957 40.2156 53.5
    endloop
  endfacet
  facet normal -0.492902 -0.870085 -0
    outer loop
      vertex 23.4431 39.1124 53.5
      vertex 21.4957 40.2156 0
      vertex 23.4431 39.1124 0
    endloop
  endfacet
  facet normal -0.449607 -0.893227 0
    outer loop
      vertex 19.4965 41.2219 0
      vertex 21.4957 40.2156 53.5
      vertex 19.4965 41.2219 53.5
    endloop
  endfacet
  facet normal -0.449607 -0.893227 -0
    outer loop
      vertex 21.4957 40.2156 53.5
      vertex 19.4965 41.2219 0
      vertex 21.4957 40.2156 0
    endloop
  endfacet
  facet normal -0.724252 -0.689536 0
    outer loop
      vertex 33.7874 30.6231 0
      vertex 32.2441 32.2441 53.5
      vertex 32.2441 32.2441 0
    endloop
  endfacet
  facet normal -0.724252 -0.689536 0
    outer loop
      vertex 32.2441 32.2441 53.5
      vertex 33.7874 30.6231 0
      vertex 33.7874 30.6231 53.5
    endloop
  endfacet
  facet normal -0.653161 -0.757219 0
    outer loop
      vertex 28.9283 35.2493 0
      vertex 30.6231 33.7874 53.5
      vertex 28.9283 35.2493 53.5
    endloop
  endfacet
  facet normal -0.653161 -0.757219 -0
    outer loop
      vertex 30.6231 33.7874 53.5
      vertex 28.9283 35.2493 0
      vertex 30.6231 33.7874 0
    endloop
  endfacet
  facet normal -0.844853 -0.534998 0
    outer loop
      vertex 39.1124 23.4431 0
      vertex 37.915 25.334 53.5
      vertex 37.915 25.334 0
    endloop
  endfacet
  facet normal -0.844853 -0.534998 0
    outer loop
      vertex 37.915 25.334 53.5
      vertex 39.1124 23.4431 0
      vertex 39.1124 23.4431 53.5
    endloop
  endfacet
  facet normal -0.817598 -0.57579 0
    outer loop
      vertex 37.915 25.334 0
      vertex 36.6263 27.1639 53.5
      vertex 36.6263 27.1639 0
    endloop
  endfacet
  facet normal -0.817598 -0.57579 0
    outer loop
      vertex 36.6263 27.1639 53.5
      vertex 37.915 25.334 0
      vertex 37.915 25.334 53.5
    endloop
  endfacet
  facet normal 0.653161 -0.757219 0
    outer loop
      vertex -30.6231 33.7874 0
      vertex -28.9283 35.2493 53.5
      vertex -30.6231 33.7874 53.5
    endloop
  endfacet
  facet normal 0.653161 -0.757219 0
    outer loop
      vertex -28.9283 35.2493 53.5
      vertex -30.6231 33.7874 0
      vertex -28.9283 35.2493 0
    endloop
  endfacet
  facet normal 0.57579 -0.817598 0
    outer loop
      vertex -27.1639 36.6263 0
      vertex -25.334 37.915 53.5
      vertex -27.1639 36.6263 53.5
    endloop
  endfacet
  facet normal 0.57579 -0.817598 0
    outer loop
      vertex -25.334 37.915 53.5
      vertex -27.1639 36.6263 0
      vertex -25.334 37.915 0
    endloop
  endfacet
  facet normal 0.492902 -0.870085 0
    outer loop
      vertex -23.4431 39.1124 0
      vertex -21.4957 40.2156 53.5
      vertex -23.4431 39.1124 53.5
    endloop
  endfacet
  facet normal 0.492902 -0.870085 0
    outer loop
      vertex -21.4957 40.2156 53.5
      vertex -23.4431 39.1124 0
      vertex -21.4957 40.2156 0
    endloop
  endfacet
  facet normal 0.359892 -0.932994 0
    outer loop
      vertex -17.4504 42.1289 0
      vertex -15.3622 42.9344 53.5
      vertex -17.4504 42.1289 53.5
    endloop
  endfacet
  facet normal 0.359892 -0.932994 0
    outer loop
      vertex -15.3622 42.9344 53.5
      vertex -17.4504 42.1289 0
      vertex -15.3622 42.9344 0
    endloop
  endfacet
  facet normal 0.449607 -0.893227 0
    outer loop
      vertex -21.4957 40.2156 0
      vertex -19.4965 41.2219 53.5
      vertex -21.4957 40.2156 53.5
    endloop
  endfacet
  facet normal 0.449607 -0.893227 0
    outer loop
      vertex -19.4965 41.2219 53.5
      vertex -21.4957 40.2156 0
      vertex -19.4965 41.2219 0
    endloop
  endfacet
  facet normal 0.405251 -0.914205 0
    outer loop
      vertex -19.4965 41.2219 0
      vertex -17.4504 42.1289 53.5
      vertex -19.4965 41.2219 53.5
    endloop
  endfacet
  facet normal 0.405251 -0.914205 0
    outer loop
      vertex -17.4504 42.1289 53.5
      vertex -19.4965 41.2219 0
      vertex -17.4504 42.1289 0
    endloop
  endfacet
  facet normal 0.170944 -0.985281 0
    outer loop
      vertex -8.89612 44.7238 0
      vertex -6.69091 45.1064 53.5
      vertex -8.89612 44.7238 53.5
    endloop
  endfacet
  facet normal 0.170944 -0.985281 0
    outer loop
      vertex -6.69091 45.1064 53.5
      vertex -8.89612 44.7238 0
      vertex -6.69091 45.1064 0
    endloop
  endfacet
  facet normal 0.0735873 -0.997289 0
    outer loop
      vertex -4.46958 45.3804 0
      vertex -2.23749 45.5451 53.5
      vertex -4.46958 45.3804 53.5
    endloop
  endfacet
  facet normal 0.0735873 -0.997289 0
    outer loop
      vertex -2.23749 45.5451 53.5
      vertex -4.46958 45.3804 0
      vertex -2.23749 45.5451 0
    endloop
  endfacet
  facet normal -0 0 1
    outer loop
      vertex -57.922 14 66
      vertex -56.9836 11.3347 66
      vertex -56.3851 14 66
    endloop
  endfacet
  facet normal -0 0 1
    outer loop
      vertex -58.4548 11.6274 66
      vertex -56.9836 11.3347 66
      vertex -57.922 14 66
    endloop
  endfacet
  facet normal 0 0 1
    outer loop
      vertex -56.9836 11.3347 66
      vertex -58.4548 11.6274 66
      vertex -57.4712 8.52504 66
    endloop
  endfacet
  facet normal -0 0 1
    outer loop
      vertex -58.9549 8.74514 66
      vertex -57.4712 8.52504 66
      vertex -58.4548 11.6274 66
    endloop
  endfacet
  facet normal 0 0 1
    outer loop
      vertex -57.4712 8.52504 66
      vertex -58.9549 8.74514 66
      vertex -57.8202 5.6948 66
    endloop
  endfacet
  facet normal -0 0 1
    outer loop
      vertex -59.313 5.84182 66
      vertex -57.8202 5.6948 66
      vertex -58.9549 8.74514 66
    endloop
  endfacet
  facet normal 0 0 1
    outer loop
      vertex -56.9836 -11.3347 66
      vertex -57.922 -14 66
      vertex -56.3851 -14 66
    endloop
  endfacet
  facet normal 0 0 1
    outer loop
      vertex -58.4548 -11.6274 66
      vertex -56.9836 -11.3347 66
      vertex -57.4712 -8.52504 66
    endloop
  endfacet
  facet normal 0 0 1
    outer loop
      vertex -58.9549 -8.74514 66
      vertex -57.4712 -8.52504 66
      vertex -57.8202 -5.6948 66
    endloop
  endfacet
  facet normal 0 0 1
    outer loop
      vertex -59.313 -5.84182 66
      vertex -57.8202 -5.6948 66
      vertex -58.03 -2.85083 66
    endloop
  endfacet
  facet normal 0 0 1
    outer loop
      vertex -59.5282 -2.92443 66
      vertex -58.03 -2.85083 66
      vertex -58.1 0 66
    endloop
  endfacet
  facet normal 0 0 1
    outer loop
      vertex -57.8202 5.6948 66
      vertex -59.313 5.84182 66
      vertex -58.03 2.85083 66
    endloop
  endfacet
  facet normal 0 0 1
    outer loop
      vertex -56.9836 -11.3347 66
      vertex -58.4548 -11.6274 66
      vertex -57.922 -14 66
    endloop
  endfacet
  facet normal -0 0 1
    outer loop
      vertex -59.5282 2.92443 66
      vertex -58.03 2.85083 66
      vertex -59.313 5.84182 66
    endloop
  endfacet
  facet normal 0 0 1
    outer loop
      vertex -57.4712 -8.52504 66
      vertex -58.9549 -8.74514 66
      vertex -58.4548 -11.6274 66
    endloop
  endfacet
  facet normal 0 0 1
    outer loop
      vertex -58.03 2.85083 66
      vertex -59.5282 2.92443 66
      vertex -58.1 0 66
    endloop
  endfacet
  facet normal 0 0 1
    outer loop
      vertex -57.8202 -5.6948 66
      vertex -59.313 -5.84182 66
      vertex -58.9549 -8.74514 66
    endloop
  endfacet
  facet normal 0 0 1
    outer loop
      vertex -59.6 0 66
      vertex -58.1 0 66
      vertex -59.5282 2.92443 66
    endloop
  endfacet
  facet normal 0 0 1
    outer loop
      vertex -58.03 -2.85083 66
      vertex -59.5282 -2.92443 66
      vertex -59.313 -5.84182 66
    endloop
  endfacet
  facet normal 0 0 1
    outer loop
      vertex -58.1 0 66
      vertex -59.6 0 66
      vertex -59.5282 -2.92443 66
    endloop
  endfacet
  facet normal 0 1 -0
    outer loop
      vertex -56.3851 -14 66
      vertex -57.922 -14 69
      vertex -56.3851 -14 69
    endloop
  endfacet
  facet normal 0 1 0
    outer loop
      vertex -57.922 -14 69
      vertex -56.3851 -14 66
      vertex -57.922 -14 66
    endloop
  endfacet
  facet normal 0 -1 0
    outer loop
      vertex -57.922 14 66
      vertex -56.3851 14 69
      vertex -57.922 14 69
    endloop
  endfacet
  facet normal 0 -1 -0
    outer loop
      vertex -56.3851 14 69
      vertex -57.922 14 66
      vertex -56.3851 14 66
    endloop
  endfacet
endsolid OpenSCAD_Model
