solid OpenSCAD_Model
  facet normal 0.999698 0.0245584 0
    outer loop
      vertex 59.4 0 4
      vertex 59.3284 2.91462 0
      vertex 59.3284 2.91462 4
    endloop
  endfacet
  facet normal 0.999698 0.0245584 0
    outer loop
      vertex 59.3284 2.91462 0
      vertex 59.4 0 4
      vertex 59.4 0 0
    endloop
  endfacet
  facet normal 0.0245584 0.999698 -0
    outer loop
      vertex 2.91462 59.3284 0
      vertex 0 59.4 4
      vertex 2.91462 59.3284 4
    endloop
  endfacet
  facet normal 0.0245584 0.999698 0
    outer loop
      vertex 0 59.4 4
      vertex 2.91462 59.3284 0
      vertex 0 59.4 0
    endloop
  endfacet
  facet normal -0.359907 0.932988 0
    outer loop
      vertex -20.0113 55.9277 0
      vertex -22.7314 54.8784 4
      vertex -20.0113 55.9277 4
    endloop
  endfacet
  facet normal -0.359907 0.932988 0
    outer loop
      vertex -22.7314 54.8784 4
      vertex -20.0113 55.9277 0
      vertex -22.7314 54.8784 0
    endloop
  endfacet
  facet normal 0.914221 0.405215 0
    outer loop
      vertex 54.8784 22.7314 4
      vertex 53.697 25.3968 0
      vertex 53.697 25.3968 4
    endloop
  endfacet
  facet normal 0.914221 0.405215 0
    outer loop
      vertex 53.697 25.3968 0
      vertex 54.8784 22.7314 4
      vertex 54.8784 22.7314 0
    endloop
  endfacet
  facet normal 0.359907 0.932988 -0
    outer loop
      vertex 22.7314 54.8784 0
      vertex 20.0113 55.9277 4
      vertex 22.7314 54.8784 4
    endloop
  endfacet
  facet normal 0.359907 0.932988 0
    outer loop
      vertex 20.0113 55.9277 4
      vertex 22.7314 54.8784 0
      vertex 20.0113 55.9277 0
    endloop
  endfacet
  facet normal 0.534997 0.844854 -0
    outer loop
      vertex 33.0009 49.3893 0
      vertex 30.5377 50.9491 4
      vertex 33.0009 49.3893 4
    endloop
  endfacet
  facet normal 0.534997 0.844854 0
    outer loop
      vertex 30.5377 50.9491 4
      vertex 33.0009 49.3893 0
      vertex 30.5377 50.9491 0
    endloop
  endfacet
  facet normal -0.914221 0.405215 0
    outer loop
      vertex -54.8784 22.7314 0
      vertex -53.697 25.3968 4
      vertex -53.697 25.3968 0
    endloop
  endfacet
  facet normal -0.914221 0.405215 0
    outer loop
      vertex -53.697 25.3968 4
      vertex -54.8784 22.7314 0
      vertex -54.8784 22.7314 4
    endloop
  endfacet
  facet normal -0.17098 0.985274 0
    outer loop
      vertex -8.71579 58.7571 0
      vertex -11.5884 58.2586 4
      vertex -8.71579 58.7571 4
    endloop
  endfacet
  facet normal -0.17098 0.985274 0
    outer loop
      vertex -11.5884 58.2586 4
      vertex -8.71579 58.7571 0
      vertex -11.5884 58.2586 0
    endloop
  endfacet
  facet normal 0.975708 0.219076 0
    outer loop
      vertex 58.2586 11.5884 4
      vertex 57.6199 14.433 0
      vertex 57.6199 14.433 4
    endloop
  endfacet
  facet normal 0.975708 0.219076 0
    outer loop
      vertex 57.6199 14.433 0
      vertex 58.2586 11.5884 4
      vertex 58.2586 11.5884 0
    endloop
  endfacet
  facet normal 0.817572 0.575826 0
    outer loop
      vertex 49.3893 33.0009 4
      vertex 47.7105 35.3845 0
      vertex 47.7105 35.3845 4
    endloop
  endfacet
  facet normal 0.817572 0.575826 0
    outer loop
      vertex 47.7105 35.3845 0
      vertex 49.3893 33.0009 4
      vertex 49.3893 33.0009 0
    endloop
  endfacet
  facet normal 0.87009 0.492892 0
    outer loop
      vertex 52.3861 28.001 4
      vertex 50.9491 30.5377 0
      vertex 50.9491 30.5377 4
    endloop
  endfacet
  facet normal 0.87009 0.492892 0
    outer loop
      vertex 50.9491 30.5377 0
      vertex 52.3861 28.001 4
      vertex 52.3861 28.001 0
    endloop
  endfacet
  facet normal 0.219076 0.975708 -0
    outer loop
      vertex 14.433 57.6199 0
      vertex 11.5884 58.2586 4
      vertex 14.433 57.6199 4
    endloop
  endfacet
  facet normal 0.219076 0.975708 0
    outer loop
      vertex 11.5884 58.2586 4
      vertex 14.433 57.6199 0
      vertex 11.5884 58.2586 0
    endloop
  endfacet
  facet normal 0.313695 0.949524 -0
    outer loop
      vertex 20.0113 55.9277 0
      vertex 17.2429 56.8423 4
      vertex 20.0113 55.9277 4
    endloop
  endfacet
  facet normal 0.313695 0.949524 0
    outer loop
      vertex 17.2429 56.8423 4
      vertex 20.0113 55.9277 0
      vertex 17.2429 56.8423 0
    endloop
  endfacet
  facet normal 0.615217 0.788358 -0
    outer loop
      vertex 37.683 45.9168 0
      vertex 35.3845 47.7105 4
      vertex 37.683 45.9168 4
    endloop
  endfacet
  facet normal 0.615217 0.788358 0
    outer loop
      vertex 35.3845 47.7105 4
      vertex 37.683 45.9168 0
      vertex 35.3845 47.7105 0
    endloop
  endfacet
  facet normal -0.975718 0.21903 0
    outer loop
      vertex -57.7171 14 0
      vertex -57.6199 14.433 4
      vertex -57.6199 14.433 0
    endloop
  endfacet
  facet normal -0.975718 0.21903 0
    outer loop
      vertex -57.6199 14.433 4
      vertex -57.7171 14 0
      vertex -57.7171 14 4
    endloop
  endfacet
  facet normal -0.817572 0.575826 0
    outer loop
      vertex -49.3893 33.0009 0
      vertex -47.7105 35.3845 4
      vertex -47.7105 35.3845 0
    endloop
  endfacet
  facet normal -0.817572 0.575826 0
    outer loop
      vertex -47.7105 35.3845 4
      vertex -49.3893 33.0009 0
      vertex -49.3893 33.0009 4
    endloop
  endfacet
  facet normal -0.534997 0.844854 0
    outer loop
      vertex -30.5377 50.9491 0
      vertex -33.0009 49.3893 4
      vertex -30.5377 50.9491 4
    endloop
  endfacet
  facet normal -0.534997 0.844854 0
    outer loop
      vertex -33.0009 49.3893 4
      vertex -30.5377 50.9491 0
      vertex -33.0009 49.3893 0
    endloop
  endfacet
  facet normal -0.0735381 0.997292 0
    outer loop
      vertex -2.91462 59.3284 0
      vertex -5.82222 59.114 4
      vertex -2.91462 59.3284 4
    endloop
  endfacet
  facet normal -0.0735381 0.997292 0
    outer loop
      vertex -5.82222 59.114 4
      vertex -2.91462 59.3284 0
      vertex -5.82222 59.114 0
    endloop
  endfacet
  facet normal 0.992479 -0.122415 0
    outer loop
      vertex 58.7571 -8.71579 4
      vertex 59.114 -5.82222 0
      vertex 59.114 -5.82222 4
    endloop
  endfacet
  facet normal 0.992479 -0.122415 0
    outer loop
      vertex 59.114 -5.82222 0
      vertex 58.7571 -8.71579 4
      vertex 58.7571 -8.71579 0
    endloop
  endfacet
  facet normal 0 0 -1
    outer loop
      vertex 47 0 0
      vertex 59.4 0 0
      vertex 59.3284 -2.91462 0
    endloop
  endfacet
  facet normal 0 0 -1
    outer loop
      vertex 46.9434 -2.30618 0
      vertex 59.3284 -2.91462 0
      vertex 59.114 -5.82222 0
    endloop
  endfacet
  facet normal 0 0 -1
    outer loop
      vertex 59.4 0 0
      vertex 47 0 0
      vertex 59.3284 2.91462 0
    endloop
  endfacet
  facet normal 0 0 -1
    outer loop
      vertex 46.7737 -4.6068 0
      vertex 59.114 -5.82222 0
      vertex 58.7571 -8.71579 0
    endloop
  endfacet
  facet normal 0 0 -1
    outer loop
      vertex 46.9434 2.30618 0
      vertex 59.3284 2.91462 0
      vertex 47 0 0
    endloop
  endfacet
  facet normal 0 0 -1
    outer loop
      vertex 46.4913 -6.89633 0
      vertex 58.7571 -8.71579 0
      vertex 58.2586 -11.5884 0
    endloop
  endfacet
  facet normal -0 0 -1
    outer loop
      vertex 59.3284 2.91462 0
      vertex 46.9434 2.30618 0
      vertex 59.114 5.82222 0
    endloop
  endfacet
  facet normal 0 0 -1
    outer loop
      vertex 46.0969 -9.16924 0
      vertex 58.2586 -11.5884 0
      vertex 57.6199 -14.433 0
    endloop
  endfacet
  facet normal 0 0 -1
    outer loop
      vertex 46.7737 4.6068 0
      vertex 59.114 5.82222 0
      vertex 46.9434 2.30618 0
    endloop
  endfacet
  facet normal 0 0 -1
    outer loop
      vertex 45.5915 -11.4201 0
      vertex 57.6199 -14.433 0
      vertex 56.8423 -17.2429 0
    endloop
  endfacet
  facet normal -0 0 -1
    outer loop
      vertex 59.114 5.82222 0
      vertex 46.7737 4.6068 0
      vertex 58.7571 8.71579 0
    endloop
  endfacet
  facet normal 0 0 -1
    outer loop
      vertex 44.9762 -13.6434 0
      vertex 56.8423 -17.2429 0
      vertex 55.9277 -20.0113 0
    endloop
  endfacet
  facet normal 0 0 -1
    outer loop
      vertex 46.4913 6.89633 0
      vertex 58.7571 8.71579 0
      vertex 46.7737 4.6068 0
    endloop
  endfacet
  facet normal 0 0 -1
    outer loop
      vertex 44.2526 -15.8338 0
      vertex 55.9277 -20.0113 0
      vertex 54.8784 -22.7314 0
    endloop
  endfacet
  facet normal -0 0 -1
    outer loop
      vertex 58.7571 8.71579 0
      vertex 46.4913 6.89633 0
      vertex 58.2586 11.5884 0
    endloop
  endfacet
  facet normal 0 0 -1
    outer loop
      vertex 43.4223 -17.9861 0
      vertex 54.8784 -22.7314 0
      vertex 53.697 -25.3968 0
    endloop
  endfacet
  facet normal 0 0 -1
    outer loop
      vertex 46.0969 9.16924 0
      vertex 58.2586 11.5884 0
      vertex 46.4913 6.89633 0
    endloop
  endfacet
  facet normal 0 0 -1
    outer loop
      vertex 42.4875 -20.0951 0
      vertex 53.697 -25.3968 0
      vertex 52.3861 -28.001 0
    endloop
  endfacet
  facet normal -0 0 -1
    outer loop
      vertex 58.2586 11.5884 0
      vertex 46.0969 9.16924 0
      vertex 57.6199 14.433 0
    endloop
  endfacet
  facet normal 0 0 -1
    outer loop
      vertex 41.4503 -22.1556 0
      vertex 52.3861 -28.001 0
      vertex 50.9491 -30.5377 0
    endloop
  endfacet
  facet normal 0 0 -1
    outer loop
      vertex 45.5915 11.4201 0
      vertex 57.6199 14.433 0
      vertex 46.0969 9.16924 0
    endloop
  endfacet
  facet normal 0 0 -1
    outer loop
      vertex 40.3132 -24.1628 0
      vertex 50.9491 -30.5377 0
      vertex 49.3893 -33.0009 0
    endloop
  endfacet
  facet normal -0 0 -1
    outer loop
      vertex 57.6199 14.433 0
      vertex 45.5915 11.4201 0
      vertex 56.8423 17.2429 0
    endloop
  endfacet
  facet normal 0 0 -1
    outer loop
      vertex 39.0791 -26.1118 0
      vertex 49.3893 -33.0009 0
      vertex 47.7105 -35.3845 0
    endloop
  endfacet
  facet normal 0 0 -1
    outer loop
      vertex 44.9762 13.6434 0
      vertex 56.8423 17.2429 0
      vertex 45.5915 11.4201 0
    endloop
  endfacet
  facet normal -0 0 -1
    outer loop
      vertex 56.8423 17.2429 0
      vertex 44.9762 13.6434 0
      vertex 55.9277 20.0113 0
    endloop
  endfacet
  facet normal 0 0 -1
    outer loop
      vertex 59.3284 -2.91462 0
      vertex 46.9434 -2.30618 0
      vertex 47 0 0
    endloop
  endfacet
  facet normal 0 0 -1
    outer loop
      vertex 59.114 -5.82222 0
      vertex 46.7737 -4.6068 0
      vertex 46.9434 -2.30618 0
    endloop
  endfacet
  facet normal 0 0 -1
    outer loop
      vertex 58.7571 -8.71579 0
      vertex 46.4913 -6.89633 0
      vertex 46.7737 -4.6068 0
    endloop
  endfacet
  facet normal 0 0 -1
    outer loop
      vertex 58.2586 -11.5884 0
      vertex 46.0969 -9.16924 0
      vertex 46.4913 -6.89633 0
    endloop
  endfacet
  facet normal 0 0 -1
    outer loop
      vertex 37.7508 -27.9979 0
      vertex 47.7105 -35.3845 0
      vertex 45.9168 -37.683 0
    endloop
  endfacet
  facet normal 0 0 -1
    outer loop
      vertex 57.6199 -14.433 0
      vertex 45.5915 -11.4201 0
      vertex 46.0969 -9.16924 0
    endloop
  endfacet
  facet normal 0 0 -1
    outer loop
      vertex 56.8423 -17.2429 0
      vertex 44.9762 -13.6434 0
      vertex 45.5915 -11.4201 0
    endloop
  endfacet
  facet normal 0 0 -1
    outer loop
      vertex 55.9277 -20.0113 0
      vertex 44.2526 -15.8338 0
      vertex 44.9762 -13.6434 0
    endloop
  endfacet
  facet normal 0 0 -1
    outer loop
      vertex 36.3315 -29.8165 0
      vertex 45.9168 -37.683 0
      vertex 44.0125 -39.8906 0
    endloop
  endfacet
  facet normal 0 0 -1
    outer loop
      vertex 54.8784 -22.7314 0
      vertex 43.4223 -17.9861 0
      vertex 44.2526 -15.8338 0
    endloop
  endfacet
  facet normal 0 0 -1
    outer loop
      vertex 53.697 -25.3968 0
      vertex 42.4875 -20.0951 0
      vertex 43.4223 -17.9861 0
    endloop
  endfacet
  facet normal 0 0 -1
    outer loop
      vertex 34.8247 -31.5633 0
      vertex 44.0125 -39.8906 0
      vertex 42.0021 -42.0021 0
    endloop
  endfacet
  facet normal 0 0 -1
    outer loop
      vertex 52.3861 -28.001 0
      vertex 41.4503 -22.1556 0
      vertex 42.4875 -20.0951 0
    endloop
  endfacet
  facet normal 0 0 -1
    outer loop
      vertex 50.9491 -30.5377 0
      vertex 40.3132 -24.1628 0
      vertex 41.4503 -22.1556 0
    endloop
  endfacet
  facet normal 0 0 -1
    outer loop
      vertex 33.234 -33.234 0
      vertex 42.0021 -42.0021 0
      vertex 39.8906 -44.0125 0
    endloop
  endfacet
  facet normal 0 0 -1
    outer loop
      vertex 49.3893 -33.0009 0
      vertex 39.0791 -26.1118 0
      vertex 40.3132 -24.1628 0
    endloop
  endfacet
  facet normal 0 0 -1
    outer loop
      vertex 47.7105 -35.3845 0
      vertex 37.7508 -27.9979 0
      vertex 39.0791 -26.1118 0
    endloop
  endfacet
  facet normal 0 0 -1
    outer loop
      vertex 31.5633 -34.8247 0
      vertex 39.8906 -44.0125 0
      vertex 37.683 -45.9168 0
    endloop
  endfacet
  facet normal 0 0 -1
    outer loop
      vertex 45.9168 -37.683 0
      vertex 36.3315 -29.8165 0
      vertex 37.7508 -27.9979 0
    endloop
  endfacet
  facet normal 0 0 -1
    outer loop
      vertex 29.8165 -36.3315 0
      vertex 37.683 -45.9168 0
      vertex 35.3845 -47.7105 0
    endloop
  endfacet
  facet normal 0 0 -1
    outer loop
      vertex 44.0125 -39.8906 0
      vertex 34.8247 -31.5633 0
      vertex 36.3315 -29.8165 0
    endloop
  endfacet
  facet normal 0 0 -1
    outer loop
      vertex 42.0021 -42.0021 0
      vertex 33.234 -33.234 0
      vertex 34.8247 -31.5633 0
    endloop
  endfacet
  facet normal 0 0 -1
    outer loop
      vertex 27.9979 -37.7508 0
      vertex 35.3845 -47.7105 0
      vertex 33.0009 -49.3893 0
    endloop
  endfacet
  facet normal 0 0 -1
    outer loop
      vertex 39.8906 -44.0125 0
      vertex 31.5633 -34.8247 0
      vertex 33.234 -33.234 0
    endloop
  endfacet
  facet normal 0 0 -1
    outer loop
      vertex 26.1118 -39.0791 0
      vertex 33.0009 -49.3893 0
      vertex 30.5377 -50.9491 0
    endloop
  endfacet
  facet normal 0 0 -1
    outer loop
      vertex 37.683 -45.9168 0
      vertex 29.8165 -36.3315 0
      vertex 31.5633 -34.8247 0
    endloop
  endfacet
  facet normal 0 0 -1
    outer loop
      vertex 24.1628 -40.3132 0
      vertex 30.5377 -50.9491 0
      vertex 28.001 -52.3861 0
    endloop
  endfacet
  facet normal 0 0 -1
    outer loop
      vertex 35.3845 -47.7105 0
      vertex 27.9979 -37.7508 0
      vertex 29.8165 -36.3315 0
    endloop
  endfacet
  facet normal 0 0 -1
    outer loop
      vertex 33.0009 -49.3893 0
      vertex 26.1118 -39.0791 0
      vertex 27.9979 -37.7508 0
    endloop
  endfacet
  facet normal 0 0 -1
    outer loop
      vertex 22.1556 -41.4503 0
      vertex 28.001 -52.3861 0
      vertex 25.3968 -53.697 0
    endloop
  endfacet
  facet normal 0 0 -1
    outer loop
      vertex 30.5377 -50.9491 0
      vertex 24.1628 -40.3132 0
      vertex 26.1118 -39.0791 0
    endloop
  endfacet
  facet normal 0 0 -1
    outer loop
      vertex 20.0951 -42.4875 0
      vertex 25.3968 -53.697 0
      vertex 22.7314 -54.8784 0
    endloop
  endfacet
  facet normal 0 0 -1
    outer loop
      vertex 28.001 -52.3861 0
      vertex 22.1556 -41.4503 0
      vertex 24.1628 -40.3132 0
    endloop
  endfacet
  facet normal 0 0 -1
    outer loop
      vertex 25.3968 -53.697 0
      vertex 20.0951 -42.4875 0
      vertex 22.1556 -41.4503 0
    endloop
  endfacet
  facet normal 0 0 -1
    outer loop
      vertex 17.9861 -43.4223 0
      vertex 22.7314 -54.8784 0
      vertex 20.0113 -55.9277 0
    endloop
  endfacet
  facet normal 0 0 -1
    outer loop
      vertex 22.7314 -54.8784 0
      vertex 17.9861 -43.4223 0
      vertex 20.0951 -42.4875 0
    endloop
  endfacet
  facet normal 0 0 -1
    outer loop
      vertex 15.8338 -44.2526 0
      vertex 20.0113 -55.9277 0
      vertex 17.2429 -56.8423 0
    endloop
  endfacet
  facet normal 0 0 -1
    outer loop
      vertex 20.0113 -55.9277 0
      vertex 15.8338 -44.2526 0
      vertex 17.9861 -43.4223 0
    endloop
  endfacet
  facet normal 0 0 -1
    outer loop
      vertex 13.6434 -44.9762 0
      vertex 17.2429 -56.8423 0
      vertex 14.433 -57.6199 0
    endloop
  endfacet
  facet normal 0 0 -1
    outer loop
      vertex 17.2429 -56.8423 0
      vertex 13.6434 -44.9762 0
      vertex 15.8338 -44.2526 0
    endloop
  endfacet
  facet normal 0 0 -1
    outer loop
      vertex 11.4201 -45.5915 0
      vertex 14.433 -57.6199 0
      vertex 11.5884 -58.2586 0
    endloop
  endfacet
  facet normal 0 0 -1
    outer loop
      vertex 14.433 -57.6199 0
      vertex 11.4201 -45.5915 0
      vertex 13.6434 -44.9762 0
    endloop
  endfacet
  facet normal 0 0 -1
    outer loop
      vertex 11.5884 -58.2586 0
      vertex 9.16924 -46.0969 0
      vertex 11.4201 -45.5915 0
    endloop
  endfacet
  facet normal 0 0 -1
    outer loop
      vertex 8.71579 -58.7571 0
      vertex 9.16924 -46.0969 0
      vertex 11.5884 -58.2586 0
    endloop
  endfacet
  facet normal 0 0 -1
    outer loop
      vertex 8.71579 -58.7571 0
      vertex 6.89633 -46.4913 0
      vertex 9.16924 -46.0969 0
    endloop
  endfacet
  facet normal 0 0 -1
    outer loop
      vertex 5.82222 -59.114 0
      vertex 6.89633 -46.4913 0
      vertex 8.71579 -58.7571 0
    endloop
  endfacet
  facet normal 0 0 -1
    outer loop
      vertex 5.82222 -59.114 0
      vertex 4.6068 -46.7737 0
      vertex 6.89633 -46.4913 0
    endloop
  endfacet
  facet normal 0 0 -1
    outer loop
      vertex 4 -59.2484 0
      vertex 4.6068 -46.7737 0
      vertex 5.82222 -59.114 0
    endloop
  endfacet
  facet normal 0 0 -1
    outer loop
      vertex 4.6068 -46.7737 0
      vertex 4 -59.2484 0
      vertex 2.30618 -46.9434 0
    endloop
  endfacet
  facet normal 0 0 -1
    outer loop
      vertex 44.2526 15.8338 0
      vertex 55.9277 20.0113 0
      vertex 44.9762 13.6434 0
    endloop
  endfacet
  facet normal -0 0 -1
    outer loop
      vertex 55.9277 20.0113 0
      vertex 44.2526 15.8338 0
      vertex 54.8784 22.7314 0
    endloop
  endfacet
  facet normal 0 0 -1
    outer loop
      vertex 43.4223 17.9861 0
      vertex 54.8784 22.7314 0
      vertex 44.2526 15.8338 0
    endloop
  endfacet
  facet normal -0 0 -1
    outer loop
      vertex 54.8784 22.7314 0
      vertex 43.4223 17.9861 0
      vertex 53.697 25.3968 0
    endloop
  endfacet
  facet normal 0 0 -1
    outer loop
      vertex 42.4875 20.0951 0
      vertex 53.697 25.3968 0
      vertex 43.4223 17.9861 0
    endloop
  endfacet
  facet normal -0 0 -1
    outer loop
      vertex 53.697 25.3968 0
      vertex 42.4875 20.0951 0
      vertex 52.3861 28.001 0
    endloop
  endfacet
  facet normal 0 0 -1
    outer loop
      vertex 41.4503 22.1556 0
      vertex 52.3861 28.001 0
      vertex 42.4875 20.0951 0
    endloop
  endfacet
  facet normal -0 0 -1
    outer loop
      vertex 52.3861 28.001 0
      vertex 41.4503 22.1556 0
      vertex 50.9491 30.5377 0
    endloop
  endfacet
  facet normal 0 0 -1
    outer loop
      vertex 40.3132 24.1628 0
      vertex 50.9491 30.5377 0
      vertex 41.4503 22.1556 0
    endloop
  endfacet
  facet normal -0 0 -1
    outer loop
      vertex 50.9491 30.5377 0
      vertex 40.3132 24.1628 0
      vertex 49.3893 33.0009 0
    endloop
  endfacet
  facet normal 0 0 -1
    outer loop
      vertex 39.0791 26.1118 0
      vertex 49.3893 33.0009 0
      vertex 40.3132 24.1628 0
    endloop
  endfacet
  facet normal -0 0 -1
    outer loop
      vertex 49.3893 33.0009 0
      vertex 39.0791 26.1118 0
      vertex 47.7105 35.3845 0
    endloop
  endfacet
  facet normal 0 0 -1
    outer loop
      vertex 37.7508 27.9979 0
      vertex 47.7105 35.3845 0
      vertex 39.0791 26.1118 0
    endloop
  endfacet
  facet normal 0 0 -1
    outer loop
      vertex 44.7234 39.0665 0
      vertex 39.2444 44.9013 0
      vertex 44.9013 39.2444 0
    endloop
  endfacet
  facet normal -0 0 -1
    outer loop
      vertex 47.7105 35.3845 0
      vertex 37.7508 27.9979 0
      vertex 45.9168 37.683 0
    endloop
  endfacet
  facet normal 0 0 -1
    outer loop
      vertex 36.3315 29.8165 0
      vertex 45.9168 37.683 0
      vertex 37.7508 27.9979 0
    endloop
  endfacet
  facet normal -0 0 -1
    outer loop
      vertex 45.9168 37.683 0
      vertex 36.3315 29.8165 0
      vertex 44.7234 39.0665 0
    endloop
  endfacet
  facet normal 0 0 -1
    outer loop
      vertex 44.7234 39.0665 0
      vertex 39.0665 44.7234 0
      vertex 39.2444 44.9013 0
    endloop
  endfacet
  facet normal 0 0 -1
    outer loop
      vertex 34.8247 31.5633 0
      vertex 44.7234 39.0665 0
      vertex 36.3315 29.8165 0
    endloop
  endfacet
  facet normal 0 0 -1
    outer loop
      vertex 33.234 33.234 0
      vertex 44.7234 39.0665 0
      vertex 34.8247 31.5633 0
    endloop
  endfacet
  facet normal -0 0 -1
    outer loop
      vertex 44.7234 39.0665 0
      vertex 33.234 33.234 0
      vertex 39.0665 44.7234 0
    endloop
  endfacet
  facet normal 0 0 -1
    outer loop
      vertex 31.5633 34.8247 0
      vertex 39.0665 44.7234 0
      vertex 33.234 33.234 0
    endloop
  endfacet
  facet normal 0 0 -1
    outer loop
      vertex 29.8165 36.3315 0
      vertex 39.0665 44.7234 0
      vertex 31.5633 34.8247 0
    endloop
  endfacet
  facet normal -0 0 -1
    outer loop
      vertex 39.0665 44.7234 0
      vertex 29.8165 36.3315 0
      vertex 37.683 45.9168 0
    endloop
  endfacet
  facet normal -0 0 -1
    outer loop
      vertex 37.683 45.9168 0
      vertex 29.8165 36.3315 0
      vertex 35.3845 47.7105 0
    endloop
  endfacet
  facet normal 0 0 -1
    outer loop
      vertex 27.9979 37.7508 0
      vertex 35.3845 47.7105 0
      vertex 29.8165 36.3315 0
    endloop
  endfacet
  facet normal -0 0 -1
    outer loop
      vertex 35.3845 47.7105 0
      vertex 27.9979 37.7508 0
      vertex 33.0009 49.3893 0
    endloop
  endfacet
  facet normal 0 0 -1
    outer loop
      vertex 26.1118 39.0791 0
      vertex 33.0009 49.3893 0
      vertex 27.9979 37.7508 0
    endloop
  endfacet
  facet normal -0 0 -1
    outer loop
      vertex 33.0009 49.3893 0
      vertex 26.1118 39.0791 0
      vertex 30.5377 50.9491 0
    endloop
  endfacet
  facet normal 0 0 -1
    outer loop
      vertex 24.1628 40.3132 0
      vertex 30.5377 50.9491 0
      vertex 26.1118 39.0791 0
    endloop
  endfacet
  facet normal -0 0 -1
    outer loop
      vertex 30.5377 50.9491 0
      vertex 24.1628 40.3132 0
      vertex 28.001 52.3861 0
    endloop
  endfacet
  facet normal 0 0 -1
    outer loop
      vertex 22.1556 41.4503 0
      vertex 28.001 52.3861 0
      vertex 24.1628 40.3132 0
    endloop
  endfacet
  facet normal -0 0 -1
    outer loop
      vertex 28.001 52.3861 0
      vertex 22.1556 41.4503 0
      vertex 25.3968 53.697 0
    endloop
  endfacet
  facet normal 0 0 -1
    outer loop
      vertex 20.0951 42.4875 0
      vertex 25.3968 53.697 0
      vertex 22.1556 41.4503 0
    endloop
  endfacet
  facet normal -0 0 -1
    outer loop
      vertex 25.3968 53.697 0
      vertex 20.0951 42.4875 0
      vertex 22.7314 54.8784 0
    endloop
  endfacet
  facet normal 0 0 -1
    outer loop
      vertex 17.9861 43.4223 0
      vertex 22.7314 54.8784 0
      vertex 20.0951 42.4875 0
    endloop
  endfacet
  facet normal -0 0 -1
    outer loop
      vertex 22.7314 54.8784 0
      vertex 17.9861 43.4223 0
      vertex 20.0113 55.9277 0
    endloop
  endfacet
  facet normal 0 0 -1
    outer loop
      vertex 15.8338 44.2526 0
      vertex 20.0113 55.9277 0
      vertex 17.9861 43.4223 0
    endloop
  endfacet
  facet normal -0 0 -1
    outer loop
      vertex 20.0113 55.9277 0
      vertex 15.8338 44.2526 0
      vertex 17.2429 56.8423 0
    endloop
  endfacet
  facet normal 0 0 -1
    outer loop
      vertex 13.6434 44.9762 0
      vertex 17.2429 56.8423 0
      vertex 15.8338 44.2526 0
    endloop
  endfacet
  facet normal -0 0 -1
    outer loop
      vertex 17.2429 56.8423 0
      vertex 13.6434 44.9762 0
      vertex 14.433 57.6199 0
    endloop
  endfacet
  facet normal 0 0 -1
    outer loop
      vertex 11.4201 45.5915 0
      vertex 14.433 57.6199 0
      vertex 13.6434 44.9762 0
    endloop
  endfacet
  facet normal -0 0 -1
    outer loop
      vertex 14.433 57.6199 0
      vertex 11.4201 45.5915 0
      vertex 11.5884 58.2586 0
    endloop
  endfacet
  facet normal 0 0 -1
    outer loop
      vertex 9.16924 46.0969 0
      vertex 11.5884 58.2586 0
      vertex 11.4201 45.5915 0
    endloop
  endfacet
  facet normal 0 0 -1
    outer loop
      vertex 9.16924 46.0969 0
      vertex 8.71579 58.7571 0
      vertex 11.5884 58.2586 0
    endloop
  endfacet
  facet normal 0 0 -1
    outer loop
      vertex 6.89633 46.4913 0
      vertex 8.71579 58.7571 0
      vertex 9.16924 46.0969 0
    endloop
  endfacet
  facet normal 0 0 -1
    outer loop
      vertex 6.89633 46.4913 0
      vertex 5.82222 59.114 0
      vertex 8.71579 58.7571 0
    endloop
  endfacet
  facet normal 0 0 -1
    outer loop
      vertex 4.6068 46.7737 0
      vertex 5.82222 59.114 0
      vertex 6.89633 46.4913 0
    endloop
  endfacet
  facet normal 0 0 -1
    outer loop
      vertex 4.6068 46.7737 0
      vertex 2.91462 59.3284 0
      vertex 5.82222 59.114 0
    endloop
  endfacet
  facet normal 0 0 -1
    outer loop
      vertex 2.30618 46.9434 0
      vertex 2.91462 59.3284 0
      vertex 4.6068 46.7737 0
    endloop
  endfacet
  facet normal 0 0 -1
    outer loop
      vertex 0 47 0
      vertex 2.91462 59.3284 0
      vertex 2.30618 46.9434 0
    endloop
  endfacet
  facet normal 0 0 -1
    outer loop
      vertex 0 47 0
      vertex 0 59.4 0
      vertex 2.91462 59.3284 0
    endloop
  endfacet
  facet normal 0 0 -1
    outer loop
      vertex -2.30618 46.9434 0
      vertex 0 59.4 0
      vertex 0 47 0
    endloop
  endfacet
  facet normal 0 0 -1
    outer loop
      vertex -2.30618 46.9434 0
      vertex -2.91462 59.3284 0
      vertex 0 59.4 0
    endloop
  endfacet
  facet normal 0 0 -1
    outer loop
      vertex -4.6068 46.7737 0
      vertex -2.91462 59.3284 0
      vertex -2.30618 46.9434 0
    endloop
  endfacet
  facet normal 0 0 -1
    outer loop
      vertex -4.6068 46.7737 0
      vertex -5.82222 59.114 0
      vertex -2.91462 59.3284 0
    endloop
  endfacet
  facet normal 0 0 -1
    outer loop
      vertex -6.89633 46.4913 0
      vertex -5.82222 59.114 0
      vertex -4.6068 46.7737 0
    endloop
  endfacet
  facet normal 0 0 -1
    outer loop
      vertex -6.89633 46.4913 0
      vertex -8.71579 58.7571 0
      vertex -5.82222 59.114 0
    endloop
  endfacet
  facet normal 0 0 -1
    outer loop
      vertex -9.16924 46.0969 0
      vertex -8.71579 58.7571 0
      vertex -6.89633 46.4913 0
    endloop
  endfacet
  facet normal 0 0 -1
    outer loop
      vertex -11.5884 58.2586 0
      vertex -9.16924 46.0969 0
      vertex -11.4201 45.5915 0
    endloop
  endfacet
  facet normal 0 0 -1
    outer loop
      vertex -9.16924 46.0969 0
      vertex -11.5884 58.2586 0
      vertex -8.71579 58.7571 0
    endloop
  endfacet
  facet normal 0 0 -1
    outer loop
      vertex -14.433 57.6199 0
      vertex -11.4201 45.5915 0
      vertex -13.6434 44.9762 0
    endloop
  endfacet
  facet normal 0 0 -1
    outer loop
      vertex -11.4201 45.5915 0
      vertex -14.433 57.6199 0
      vertex -11.5884 58.2586 0
    endloop
  endfacet
  facet normal 0 0 -1
    outer loop
      vertex -17.2429 56.8423 0
      vertex -13.6434 44.9762 0
      vertex -15.8338 44.2526 0
    endloop
  endfacet
  facet normal 0 0 -1
    outer loop
      vertex -13.6434 44.9762 0
      vertex -17.2429 56.8423 0
      vertex -14.433 57.6199 0
    endloop
  endfacet
  facet normal 0 0 -1
    outer loop
      vertex -20.0113 55.9277 0
      vertex -15.8338 44.2526 0
      vertex -17.9861 43.4223 0
    endloop
  endfacet
  facet normal 0 0 -1
    outer loop
      vertex -15.8338 44.2526 0
      vertex -20.0113 55.9277 0
      vertex -17.2429 56.8423 0
    endloop
  endfacet
  facet normal 0 0 -1
    outer loop
      vertex -22.7314 54.8784 0
      vertex -17.9861 43.4223 0
      vertex -20.0951 42.4875 0
    endloop
  endfacet
  facet normal 0 0 -1
    outer loop
      vertex -25.3968 53.697 0
      vertex -20.0951 42.4875 0
      vertex -22.1556 41.4503 0
    endloop
  endfacet
  facet normal 0 0 -1
    outer loop
      vertex -17.9861 43.4223 0
      vertex -22.7314 54.8784 0
      vertex -20.0113 55.9277 0
    endloop
  endfacet
  facet normal 0 0 -1
    outer loop
      vertex -28.001 52.3861 0
      vertex -22.1556 41.4503 0
      vertex -24.1628 40.3132 0
    endloop
  endfacet
  facet normal 0 0 -1
    outer loop
      vertex -20.0951 42.4875 0
      vertex -25.3968 53.697 0
      vertex -22.7314 54.8784 0
    endloop
  endfacet
  facet normal 0 0 -1
    outer loop
      vertex -30.5377 50.9491 0
      vertex -24.1628 40.3132 0
      vertex -26.1118 39.0791 0
    endloop
  endfacet
  facet normal 0 0 -1
    outer loop
      vertex -33.0009 49.3893 0
      vertex -26.1118 39.0791 0
      vertex -27.9979 37.7508 0
    endloop
  endfacet
  facet normal 0 0 -1
    outer loop
      vertex -22.1556 41.4503 0
      vertex -28.001 52.3861 0
      vertex -25.3968 53.697 0
    endloop
  endfacet
  facet normal 0 0 -1
    outer loop
      vertex -35.3845 47.7105 0
      vertex -27.9979 37.7508 0
      vertex -29.8165 36.3315 0
    endloop
  endfacet
  facet normal 0 0 -1
    outer loop
      vertex -24.1628 40.3132 0
      vertex -30.5377 50.9491 0
      vertex -28.001 52.3861 0
    endloop
  endfacet
  facet normal 0 0 -1
    outer loop
      vertex -39.0665 44.7234 0
      vertex -29.8165 36.3315 0
      vertex -31.5633 34.8247 0
    endloop
  endfacet
  facet normal 0 0 -1
    outer loop
      vertex -26.1118 39.0791 0
      vertex -33.0009 49.3893 0
      vertex -30.5377 50.9491 0
    endloop
  endfacet
  facet normal 0 0 -1
    outer loop
      vertex -39.0665 44.7234 0
      vertex -31.5633 34.8247 0
      vertex -33.234 33.234 0
    endloop
  endfacet
  facet normal 0 0 -1
    outer loop
      vertex -44.7234 39.0665 0
      vertex -33.234 33.234 0
      vertex -34.8247 31.5633 0
    endloop
  endfacet
  facet normal 0 0 -1
    outer loop
      vertex -27.9979 37.7508 0
      vertex -35.3845 47.7105 0
      vertex -33.0009 49.3893 0
    endloop
  endfacet
  facet normal 0 0 -1
    outer loop
      vertex -44.7234 39.0665 0
      vertex -34.8247 31.5633 0
      vertex -36.3315 29.8165 0
    endloop
  endfacet
  facet normal 0 0 -1
    outer loop
      vertex -29.8165 36.3315 0
      vertex -37.683 45.9168 0
      vertex -35.3845 47.7105 0
    endloop
  endfacet
  facet normal 0 0 -1
    outer loop
      vertex -45.9168 37.683 0
      vertex -36.3315 29.8165 0
      vertex -37.7508 27.9979 0
    endloop
  endfacet
  facet normal 0 0 -1
    outer loop
      vertex -29.8165 36.3315 0
      vertex -39.0665 44.7234 0
      vertex -37.683 45.9168 0
    endloop
  endfacet
  facet normal 0 0 -1
    outer loop
      vertex -47.7105 35.3845 0
      vertex -37.7508 27.9979 0
      vertex -39.0791 26.1118 0
    endloop
  endfacet
  facet normal 0 0 -1
    outer loop
      vertex -33.234 33.234 0
      vertex -44.7234 39.0665 0
      vertex -39.0665 44.7234 0
    endloop
  endfacet
  facet normal 0 0 -1
    outer loop
      vertex -49.3893 33.0009 0
      vertex -39.0791 26.1118 0
      vertex -40.3132 24.1628 0
    endloop
  endfacet
  facet normal 0 0 -1
    outer loop
      vertex -50.9491 30.5377 0
      vertex -40.3132 24.1628 0
      vertex -41.4503 22.1556 0
    endloop
  endfacet
  facet normal 0 0 -1
    outer loop
      vertex -52.3861 28.001 0
      vertex -41.4503 22.1556 0
      vertex -42.4875 20.0951 0
    endloop
  endfacet
  facet normal 0 0 -1
    outer loop
      vertex -53.697 25.3968 0
      vertex -42.4875 20.0951 0
      vertex -43.4223 17.9861 0
    endloop
  endfacet
  facet normal 0 0 -1
    outer loop
      vertex -54.8784 22.7314 0
      vertex -43.4223 17.9861 0
      vertex -44.2526 15.8338 0
    endloop
  endfacet
  facet normal -0 0 -1
    outer loop
      vertex -39.0665 44.7234 0
      vertex -44.7234 39.0665 0
      vertex -39.2444 44.9013 0
    endloop
  endfacet
  facet normal 0 0 -1
    outer loop
      vertex -39.2444 44.9013 0
      vertex -44.7234 39.0665 0
      vertex -44.9013 39.2444 0
    endloop
  endfacet
  facet normal 0 0 -1
    outer loop
      vertex -55.9277 20.0113 0
      vertex -44.2526 15.8338 0
      vertex -44.8584 14 0
    endloop
  endfacet
  facet normal 0 0 -1
    outer loop
      vertex -36.3315 29.8165 0
      vertex -45.9168 37.683 0
      vertex -44.7234 39.0665 0
    endloop
  endfacet
  facet normal 0 0 -1
    outer loop
      vertex -37.7508 27.9979 0
      vertex -47.7105 35.3845 0
      vertex -45.9168 37.683 0
    endloop
  endfacet
  facet normal 0 0 -1
    outer loop
      vertex -39.0791 26.1118 0
      vertex -49.3893 33.0009 0
      vertex -47.7105 35.3845 0
    endloop
  endfacet
  facet normal 0 0 -1
    outer loop
      vertex -40.3132 24.1628 0
      vertex -50.9491 30.5377 0
      vertex -49.3893 33.0009 0
    endloop
  endfacet
  facet normal 0 0 -1
    outer loop
      vertex -41.4503 22.1556 0
      vertex -52.3861 28.001 0
      vertex -50.9491 30.5377 0
    endloop
  endfacet
  facet normal 0 0 -1
    outer loop
      vertex -42.4875 20.0951 0
      vertex -53.697 25.3968 0
      vertex -52.3861 28.001 0
    endloop
  endfacet
  facet normal 0 0 -1
    outer loop
      vertex -43.4223 17.9861 0
      vertex -54.8784 22.7314 0
      vertex -53.697 25.3968 0
    endloop
  endfacet
  facet normal 0 0 -1
    outer loop
      vertex -44.2526 15.8338 0
      vertex -55.9277 20.0113 0
      vertex -54.8784 22.7314 0
    endloop
  endfacet
  facet normal 0 0 -1
    outer loop
      vertex -44.8584 14 0
      vertex -56.8423 17.2429 0
      vertex -55.9277 20.0113 0
    endloop
  endfacet
  facet normal 0 0 -1
    outer loop
      vertex -44.8584 14 0
      vertex -57.6199 14.433 0
      vertex -56.8423 17.2429 0
    endloop
  endfacet
  facet normal 0 -0 -1
    outer loop
      vertex -57.6199 14.433 0
      vertex -44.8584 14 0
      vertex -57.7171 14 0
    endloop
  endfacet
  facet normal 0 0 -1
    outer loop
      vertex -4 -59.2484 0
      vertex 4 -59.2484 0
      vertex 4 -59.5 0
    endloop
  endfacet
  facet normal 0 0 -1
    outer loop
      vertex 4 -59.2484 0
      vertex 0 -47 0
      vertex 2.30618 -46.9434 0
    endloop
  endfacet
  facet normal 0 0 -1
    outer loop
      vertex 4 -59.2484 0
      vertex -4 -59.2484 0
      vertex 0 -47 0
    endloop
  endfacet
  facet normal 0 0 -1
    outer loop
      vertex -4 -59.2484 0
      vertex 4 -59.5 0
      vertex -4 -59.5 0
    endloop
  endfacet
  facet normal -0 0 -1
    outer loop
      vertex 0 -47 0
      vertex -4 -59.2484 0
      vertex -2.30618 -46.9434 0
    endloop
  endfacet
  facet normal 0 0 -1
    outer loop
      vertex -4 -59.2484 0
      vertex -4.6068 -46.7737 0
      vertex -2.30618 -46.9434 0
    endloop
  endfacet
  facet normal 0 0 -1
    outer loop
      vertex -5.82222 -59.114 0
      vertex -4.6068 -46.7737 0
      vertex -4 -59.2484 0
    endloop
  endfacet
  facet normal 0 0 -1
    outer loop
      vertex -5.82222 -59.114 0
      vertex -6.89633 -46.4913 0
      vertex -4.6068 -46.7737 0
    endloop
  endfacet
  facet normal 0 0 -1
    outer loop
      vertex -8.71579 -58.7571 0
      vertex -6.89633 -46.4913 0
      vertex -5.82222 -59.114 0
    endloop
  endfacet
  facet normal 0 0 -1
    outer loop
      vertex -8.71579 -58.7571 0
      vertex -9.16924 -46.0969 0
      vertex -6.89633 -46.4913 0
    endloop
  endfacet
  facet normal 0 0 -1
    outer loop
      vertex -11.5884 -58.2586 0
      vertex -9.16924 -46.0969 0
      vertex -8.71579 -58.7571 0
    endloop
  endfacet
  facet normal -0 0 -1
    outer loop
      vertex -9.16924 -46.0969 0
      vertex -11.5884 -58.2586 0
      vertex -11.4201 -45.5915 0
    endloop
  endfacet
  facet normal 0 0 -1
    outer loop
      vertex -14.433 -57.6199 0
      vertex -11.4201 -45.5915 0
      vertex -11.5884 -58.2586 0
    endloop
  endfacet
  facet normal -0 0 -1
    outer loop
      vertex -11.4201 -45.5915 0
      vertex -14.433 -57.6199 0
      vertex -13.6434 -44.9762 0
    endloop
  endfacet
  facet normal 0 0 -1
    outer loop
      vertex -17.2429 -56.8423 0
      vertex -13.6434 -44.9762 0
      vertex -14.433 -57.6199 0
    endloop
  endfacet
  facet normal -0 0 -1
    outer loop
      vertex -13.6434 -44.9762 0
      vertex -17.2429 -56.8423 0
      vertex -15.8338 -44.2526 0
    endloop
  endfacet
  facet normal 0 0 -1
    outer loop
      vertex -20.0113 -55.9277 0
      vertex -15.8338 -44.2526 0
      vertex -17.2429 -56.8423 0
    endloop
  endfacet
  facet normal -0 0 -1
    outer loop
      vertex -15.8338 -44.2526 0
      vertex -20.0113 -55.9277 0
      vertex -17.9861 -43.4223 0
    endloop
  endfacet
  facet normal 0 0 -1
    outer loop
      vertex -22.7314 -54.8784 0
      vertex -17.9861 -43.4223 0
      vertex -20.0113 -55.9277 0
    endloop
  endfacet
  facet normal -0 0 -1
    outer loop
      vertex -17.9861 -43.4223 0
      vertex -22.7314 -54.8784 0
      vertex -20.0951 -42.4875 0
    endloop
  endfacet
  facet normal 0 0 -1
    outer loop
      vertex -25.3968 -53.697 0
      vertex -20.0951 -42.4875 0
      vertex -22.7314 -54.8784 0
    endloop
  endfacet
  facet normal -0 0 -1
    outer loop
      vertex -20.0951 -42.4875 0
      vertex -25.3968 -53.697 0
      vertex -22.1556 -41.4503 0
    endloop
  endfacet
  facet normal 0 0 -1
    outer loop
      vertex -28.001 -52.3861 0
      vertex -22.1556 -41.4503 0
      vertex -25.3968 -53.697 0
    endloop
  endfacet
  facet normal -0 0 -1
    outer loop
      vertex -22.1556 -41.4503 0
      vertex -28.001 -52.3861 0
      vertex -24.1628 -40.3132 0
    endloop
  endfacet
  facet normal 0 0 -1
    outer loop
      vertex -30.5377 -50.9491 0
      vertex -24.1628 -40.3132 0
      vertex -28.001 -52.3861 0
    endloop
  endfacet
  facet normal -0 0 -1
    outer loop
      vertex -24.1628 -40.3132 0
      vertex -30.5377 -50.9491 0
      vertex -26.1118 -39.0791 0
    endloop
  endfacet
  facet normal 0 0 -1
    outer loop
      vertex -33.0009 -49.3893 0
      vertex -26.1118 -39.0791 0
      vertex -30.5377 -50.9491 0
    endloop
  endfacet
  facet normal -0 0 -1
    outer loop
      vertex -26.1118 -39.0791 0
      vertex -33.0009 -49.3893 0
      vertex -27.9979 -37.7508 0
    endloop
  endfacet
  facet normal 0 0 -1
    outer loop
      vertex -35.3845 -47.7105 0
      vertex -27.9979 -37.7508 0
      vertex -33.0009 -49.3893 0
    endloop
  endfacet
  facet normal -0 0 -1
    outer loop
      vertex -27.9979 -37.7508 0
      vertex -35.3845 -47.7105 0
      vertex -29.8165 -36.3315 0
    endloop
  endfacet
  facet normal 0 0 -1
    outer loop
      vertex -37.683 -45.9168 0
      vertex -29.8165 -36.3315 0
      vertex -35.3845 -47.7105 0
    endloop
  endfacet
  facet normal -0 0 -1
    outer loop
      vertex -29.8165 -36.3315 0
      vertex -37.683 -45.9168 0
      vertex -31.5633 -34.8247 0
    endloop
  endfacet
  facet normal 0 0 -1
    outer loop
      vertex -39.8906 -44.0125 0
      vertex -31.5633 -34.8247 0
      vertex -37.683 -45.9168 0
    endloop
  endfacet
  facet normal -0 0 -1
    outer loop
      vertex -31.5633 -34.8247 0
      vertex -39.8906 -44.0125 0
      vertex -33.234 -33.234 0
    endloop
  endfacet
  facet normal 0 0 -1
    outer loop
      vertex -42.0021 -42.0021 0
      vertex -33.234 -33.234 0
      vertex -39.8906 -44.0125 0
    endloop
  endfacet
  facet normal -0 0 -1
    outer loop
      vertex -33.234 -33.234 0
      vertex -42.0021 -42.0021 0
      vertex -34.8247 -31.5633 0
    endloop
  endfacet
  facet normal 0 0 -1
    outer loop
      vertex -44.0125 -39.8906 0
      vertex -34.8247 -31.5633 0
      vertex -42.0021 -42.0021 0
    endloop
  endfacet
  facet normal -0 0 -1
    outer loop
      vertex -34.8247 -31.5633 0
      vertex -44.0125 -39.8906 0
      vertex -36.3315 -29.8165 0
    endloop
  endfacet
  facet normal 0 0 -1
    outer loop
      vertex -45.9168 -37.683 0
      vertex -36.3315 -29.8165 0
      vertex -44.0125 -39.8906 0
    endloop
  endfacet
  facet normal -0 0 -1
    outer loop
      vertex -36.3315 -29.8165 0
      vertex -45.9168 -37.683 0
      vertex -37.7508 -27.9979 0
    endloop
  endfacet
  facet normal 0 0 -1
    outer loop
      vertex -47.7105 -35.3845 0
      vertex -37.7508 -27.9979 0
      vertex -45.9168 -37.683 0
    endloop
  endfacet
  facet normal -0 0 -1
    outer loop
      vertex -37.7508 -27.9979 0
      vertex -47.7105 -35.3845 0
      vertex -39.0791 -26.1118 0
    endloop
  endfacet
  facet normal 0 0 -1
    outer loop
      vertex -49.3893 -33.0009 0
      vertex -39.0791 -26.1118 0
      vertex -47.7105 -35.3845 0
    endloop
  endfacet
  facet normal -0 0 -1
    outer loop
      vertex -39.0791 -26.1118 0
      vertex -49.3893 -33.0009 0
      vertex -40.3132 -24.1628 0
    endloop
  endfacet
  facet normal 0 0 -1
    outer loop
      vertex -50.9491 -30.5377 0
      vertex -40.3132 -24.1628 0
      vertex -49.3893 -33.0009 0
    endloop
  endfacet
  facet normal -0 0 -1
    outer loop
      vertex -40.3132 -24.1628 0
      vertex -50.9491 -30.5377 0
      vertex -41.4503 -22.1556 0
    endloop
  endfacet
  facet normal 0 0 -1
    outer loop
      vertex -52.3861 -28.001 0
      vertex -41.4503 -22.1556 0
      vertex -50.9491 -30.5377 0
    endloop
  endfacet
  facet normal -0 0 -1
    outer loop
      vertex -41.4503 -22.1556 0
      vertex -52.3861 -28.001 0
      vertex -42.4875 -20.0951 0
    endloop
  endfacet
  facet normal 0 0 -1
    outer loop
      vertex -53.697 -25.3968 0
      vertex -42.4875 -20.0951 0
      vertex -52.3861 -28.001 0
    endloop
  endfacet
  facet normal -0 0 -1
    outer loop
      vertex -42.4875 -20.0951 0
      vertex -53.697 -25.3968 0
      vertex -43.4223 -17.9861 0
    endloop
  endfacet
  facet normal 0 0 -1
    outer loop
      vertex -54.8784 -22.7314 0
      vertex -43.4223 -17.9861 0
      vertex -53.697 -25.3968 0
    endloop
  endfacet
  facet normal -0 0 -1
    outer loop
      vertex -43.4223 -17.9861 0
      vertex -54.8784 -22.7314 0
      vertex -44.2526 -15.8338 0
    endloop
  endfacet
  facet normal 0 0 -1
    outer loop
      vertex -55.9277 -20.0113 0
      vertex -44.2526 -15.8338 0
      vertex -54.8784 -22.7314 0
    endloop
  endfacet
  facet normal -0 0 -1
    outer loop
      vertex -44.2526 -15.8338 0
      vertex -55.9277 -20.0113 0
      vertex -44.8584 -14 0
    endloop
  endfacet
  facet normal 0 0 -1
    outer loop
      vertex -56.8423 -17.2429 0
      vertex -44.8584 -14 0
      vertex -55.9277 -20.0113 0
    endloop
  endfacet
  facet normal 0 0 -1
    outer loop
      vertex -57.6199 -14.433 0
      vertex -44.8584 -14 0
      vertex -56.8423 -17.2429 0
    endloop
  endfacet
  facet normal -0 0 -1
    outer loop
      vertex -44.8584 -14 0
      vertex -57.6199 -14.433 0
      vertex -57.7171 -14 0
    endloop
  endfacet
  facet normal 0.992479 0.122415 0
    outer loop
      vertex 59.114 5.82222 4
      vertex 58.7571 8.71579 0
      vertex 58.7571 8.71579 4
    endloop
  endfacet
  facet normal 0.992479 0.122415 0
    outer loop
      vertex 58.7571 8.71579 0
      vertex 59.114 5.82222 4
      vertex 59.114 5.82222 0
    endloop
  endfacet
  facet normal 0.997292 0.0735381 0
    outer loop
      vertex 59.3284 2.91462 4
      vertex 59.114 5.82222 0
      vertex 59.114 5.82222 4
    endloop
  endfacet
  facet normal 0.997292 0.0735381 0
    outer loop
      vertex 59.114 5.82222 0
      vertex 59.3284 2.91462 4
      vertex 59.3284 2.91462 0
    endloop
  endfacet
  facet normal 0.985274 0.17098 0
    outer loop
      vertex 58.7571 8.71579 4
      vertex 58.2586 11.5884 0
      vertex 58.2586 11.5884 4
    endloop
  endfacet
  facet normal 0.985274 0.17098 0
    outer loop
      vertex 58.2586 11.5884 0
      vertex 58.7571 8.71579 4
      vertex 58.7571 8.71579 0
    endloop
  endfacet
  facet normal 0.949524 0.313695 0
    outer loop
      vertex 56.8423 17.2429 4
      vertex 55.9277 20.0113 0
      vertex 55.9277 20.0113 4
    endloop
  endfacet
  facet normal 0.949524 0.313695 0
    outer loop
      vertex 55.9277 20.0113 0
      vertex 56.8423 17.2429 4
      vertex 56.8423 17.2429 0
    endloop
  endfacet
  facet normal 0.932988 0.359907 0
    outer loop
      vertex 55.9277 20.0113 4
      vertex 54.8784 22.7314 0
      vertex 54.8784 22.7314 4
    endloop
  endfacet
  facet normal 0.932988 0.359907 0
    outer loop
      vertex 54.8784 22.7314 0
      vertex 55.9277 20.0113 4
      vertex 55.9277 20.0113 0
    endloop
  endfacet
  facet normal 0.963776 0.266711 0
    outer loop
      vertex 57.6199 14.433 4
      vertex 56.8423 17.2429 0
      vertex 56.8423 17.2429 4
    endloop
  endfacet
  facet normal 0.963776 0.266711 0
    outer loop
      vertex 56.8423 17.2429 0
      vertex 57.6199 14.433 4
      vertex 57.6199 14.433 0
    endloop
  endfacet
  facet normal 0.757213 0.653168 0
    outer loop
      vertex 45.9168 37.683 4
      vertex 44.7234 39.0665 0
      vertex 44.7234 39.0665 4
    endloop
  endfacet
  facet normal 0.757213 0.653168 0
    outer loop
      vertex 44.7234 39.0665 0
      vertex 45.9168 37.683 4
      vertex 45.9168 37.683 0
    endloop
  endfacet
  facet normal 0.788358 0.615217 0
    outer loop
      vertex 47.7105 35.3845 4
      vertex 45.9168 37.683 0
      vertex 45.9168 37.683 4
    endloop
  endfacet
  facet normal 0.788358 0.615217 0
    outer loop
      vertex 45.9168 37.683 0
      vertex 47.7105 35.3845 4
      vertex 47.7105 35.3845 0
    endloop
  endfacet
  facet normal 0.844854 0.534997 0
    outer loop
      vertex 50.9491 30.5377 4
      vertex 49.3893 33.0009 0
      vertex 49.3893 33.0009 4
    endloop
  endfacet
  facet normal 0.844854 0.534997 0
    outer loop
      vertex 49.3893 33.0009 0
      vertex 50.9491 30.5377 4
      vertex 50.9491 30.5377 0
    endloop
  endfacet
  facet normal 0.893217 0.449627 0
    outer loop
      vertex 53.697 25.3968 4
      vertex 52.3861 28.001 0
      vertex 52.3861 28.001 4
    endloop
  endfacet
  facet normal 0.893217 0.449627 0
    outer loop
      vertex 52.3861 28.001 0
      vertex 53.697 25.3968 4
      vertex 53.697 25.3968 0
    endloop
  endfacet
  facet normal 0.122415 0.992479 -0
    outer loop
      vertex 8.71579 58.7571 0
      vertex 5.82222 59.114 4
      vertex 8.71579 58.7571 4
    endloop
  endfacet
  facet normal 0.122415 0.992479 0
    outer loop
      vertex 5.82222 59.114 4
      vertex 8.71579 58.7571 0
      vertex 5.82222 59.114 0
    endloop
  endfacet
  facet normal 0.266711 0.963776 -0
    outer loop
      vertex 17.2429 56.8423 0
      vertex 14.433 57.6199 4
      vertex 17.2429 56.8423 4
    endloop
  endfacet
  facet normal 0.266711 0.963776 0
    outer loop
      vertex 14.433 57.6199 4
      vertex 17.2429 56.8423 0
      vertex 14.433 57.6199 0
    endloop
  endfacet
  facet normal 0.17098 0.985274 -0
    outer loop
      vertex 11.5884 58.2586 0
      vertex 8.71579 58.7571 4
      vertex 11.5884 58.2586 4
    endloop
  endfacet
  facet normal 0.17098 0.985274 0
    outer loop
      vertex 8.71579 58.7571 4
      vertex 11.5884 58.2586 0
      vertex 8.71579 58.7571 0
    endloop
  endfacet
  facet normal 0.0735381 0.997292 -0
    outer loop
      vertex 5.82222 59.114 0
      vertex 2.91462 59.3284 4
      vertex 5.82222 59.114 4
    endloop
  endfacet
  facet normal 0.0735381 0.997292 0
    outer loop
      vertex 2.91462 59.3284 4
      vertex 5.82222 59.114 0
      vertex 2.91462 59.3284 0
    endloop
  endfacet
  facet normal 0.449627 0.893217 -0
    outer loop
      vertex 28.001 52.3861 0
      vertex 25.3968 53.697 4
      vertex 28.001 52.3861 4
    endloop
  endfacet
  facet normal 0.449627 0.893217 0
    outer loop
      vertex 25.3968 53.697 4
      vertex 28.001 52.3861 0
      vertex 25.3968 53.697 0
    endloop
  endfacet
  facet normal 0.492892 0.87009 -0
    outer loop
      vertex 30.5377 50.9491 0
      vertex 28.001 52.3861 4
      vertex 30.5377 50.9491 4
    endloop
  endfacet
  facet normal 0.492892 0.87009 0
    outer loop
      vertex 28.001 52.3861 4
      vertex 30.5377 50.9491 0
      vertex 28.001 52.3861 0
    endloop
  endfacet
  facet normal 0.405215 0.914221 -0
    outer loop
      vertex 25.3968 53.697 0
      vertex 22.7314 54.8784 4
      vertex 25.3968 53.697 4
    endloop
  endfacet
  facet normal 0.405215 0.914221 0
    outer loop
      vertex 22.7314 54.8784 4
      vertex 25.3968 53.697 0
      vertex 22.7314 54.8784 0
    endloop
  endfacet
  facet normal 0.575826 0.817572 -0
    outer loop
      vertex 35.3845 47.7105 0
      vertex 33.0009 49.3893 4
      vertex 35.3845 47.7105 4
    endloop
  endfacet
  facet normal 0.575826 0.817572 0
    outer loop
      vertex 33.0009 49.3893 4
      vertex 35.3845 47.7105 0
      vertex 33.0009 49.3893 0
    endloop
  endfacet
  facet normal 0.653168 0.757213 -0
    outer loop
      vertex 39.0665 44.7234 0
      vertex 37.683 45.9168 4
      vertex 39.0665 44.7234 4
    endloop
  endfacet
  facet normal 0.653168 0.757213 0
    outer loop
      vertex 37.683 45.9168 4
      vertex 39.0665 44.7234 0
      vertex 37.683 45.9168 0
    endloop
  endfacet
  facet normal -0.757213 0.653168 0
    outer loop
      vertex -45.9168 37.683 0
      vertex -44.7234 39.0665 4
      vertex -44.7234 39.0665 0
    endloop
  endfacet
  facet normal -0.757213 0.653168 0
    outer loop
      vertex -44.7234 39.0665 4
      vertex -45.9168 37.683 0
      vertex -45.9168 37.683 4
    endloop
  endfacet
  facet normal -0.788358 0.615217 0
    outer loop
      vertex -47.7105 35.3845 0
      vertex -45.9168 37.683 4
      vertex -45.9168 37.683 0
    endloop
  endfacet
  facet normal -0.788358 0.615217 0
    outer loop
      vertex -45.9168 37.683 4
      vertex -47.7105 35.3845 0
      vertex -47.7105 35.3845 4
    endloop
  endfacet
  facet normal -0.87009 0.492892 0
    outer loop
      vertex -52.3861 28.001 0
      vertex -50.9491 30.5377 4
      vertex -50.9491 30.5377 0
    endloop
  endfacet
  facet normal -0.87009 0.492892 0
    outer loop
      vertex -50.9491 30.5377 4
      vertex -52.3861 28.001 0
      vertex -52.3861 28.001 4
    endloop
  endfacet
  facet normal -0.893217 0.449627 0
    outer loop
      vertex -53.697 25.3968 0
      vertex -52.3861 28.001 4
      vertex -52.3861 28.001 0
    endloop
  endfacet
  facet normal -0.893217 0.449627 0
    outer loop
      vertex -52.3861 28.001 4
      vertex -53.697 25.3968 0
      vertex -53.697 25.3968 4
    endloop
  endfacet
  facet normal -0.844854 0.534997 0
    outer loop
      vertex -50.9491 30.5377 0
      vertex -49.3893 33.0009 4
      vertex -49.3893 33.0009 0
    endloop
  endfacet
  facet normal -0.844854 0.534997 0
    outer loop
      vertex -49.3893 33.0009 4
      vertex -50.9491 30.5377 0
      vertex -50.9491 30.5377 4
    endloop
  endfacet
  facet normal -0.949524 0.313695 0
    outer loop
      vertex -56.8423 17.2429 0
      vertex -55.9277 20.0113 4
      vertex -55.9277 20.0113 0
    endloop
  endfacet
  facet normal -0.949524 0.313695 0
    outer loop
      vertex -55.9277 20.0113 4
      vertex -56.8423 17.2429 0
      vertex -56.8423 17.2429 4
    endloop
  endfacet
  facet normal -0.932988 0.359907 0
    outer loop
      vertex -55.9277 20.0113 0
      vertex -54.8784 22.7314 4
      vertex -54.8784 22.7314 0
    endloop
  endfacet
  facet normal -0.932988 0.359907 0
    outer loop
      vertex -54.8784 22.7314 4
      vertex -55.9277 20.0113 0
      vertex -55.9277 20.0113 4
    endloop
  endfacet
  facet normal -0.963776 0.266711 0
    outer loop
      vertex -57.6199 14.433 0
      vertex -56.8423 17.2429 4
      vertex -56.8423 17.2429 0
    endloop
  endfacet
  facet normal -0.963776 0.266711 0
    outer loop
      vertex -56.8423 17.2429 4
      vertex -57.6199 14.433 0
      vertex -57.6199 14.433 4
    endloop
  endfacet
  facet normal 0 0 1
    outer loop
      vertex -4.6068 -46.7737 4
      vertex -4 -59.2484 4
      vertex -2.30618 -46.9434 4
    endloop
  endfacet
  facet normal 0 0 1
    outer loop
      vertex -4.6068 -46.7737 4
      vertex -5.82222 -59.114 4
      vertex -4 -59.2484 4
    endloop
  endfacet
  facet normal 0 0 1
    outer loop
      vertex -6.89633 -46.4913 4
      vertex -5.82222 -59.114 4
      vertex -4.6068 -46.7737 4
    endloop
  endfacet
  facet normal 0 0 1
    outer loop
      vertex -6.89633 -46.4913 4
      vertex -8.71579 -58.7571 4
      vertex -5.82222 -59.114 4
    endloop
  endfacet
  facet normal 0 0 1
    outer loop
      vertex -9.16924 -46.0969 4
      vertex -8.71579 -58.7571 4
      vertex -6.89633 -46.4913 4
    endloop
  endfacet
  facet normal 0 0 1
    outer loop
      vertex -11.5884 -58.2586 4
      vertex -9.16924 -46.0969 4
      vertex -11.4201 -45.5915 4
    endloop
  endfacet
  facet normal 0 0 1
    outer loop
      vertex -9.16924 -46.0969 4
      vertex -11.5884 -58.2586 4
      vertex -8.71579 -58.7571 4
    endloop
  endfacet
  facet normal 0 0 1
    outer loop
      vertex -14.433 -57.6199 4
      vertex -11.4201 -45.5915 4
      vertex -13.6434 -44.9762 4
    endloop
  endfacet
  facet normal 0 0 1
    outer loop
      vertex -11.4201 -45.5915 4
      vertex -14.433 -57.6199 4
      vertex -11.5884 -58.2586 4
    endloop
  endfacet
  facet normal 0 0 1
    outer loop
      vertex -17.2429 -56.8423 4
      vertex -13.6434 -44.9762 4
      vertex -15.8338 -44.2526 4
    endloop
  endfacet
  facet normal 0 0 1
    outer loop
      vertex -13.6434 -44.9762 4
      vertex -17.2429 -56.8423 4
      vertex -14.433 -57.6199 4
    endloop
  endfacet
  facet normal 0 0 1
    outer loop
      vertex -20.0113 -55.9277 4
      vertex -15.8338 -44.2526 4
      vertex -17.9861 -43.4223 4
    endloop
  endfacet
  facet normal 0 0 1
    outer loop
      vertex -15.8338 -44.2526 4
      vertex -20.0113 -55.9277 4
      vertex -17.2429 -56.8423 4
    endloop
  endfacet
  facet normal 0 0 1
    outer loop
      vertex -22.7314 -54.8784 4
      vertex -17.9861 -43.4223 4
      vertex -20.0951 -42.4875 4
    endloop
  endfacet
  facet normal 0 0 1
    outer loop
      vertex -25.3968 -53.697 4
      vertex -20.0951 -42.4875 4
      vertex -22.1556 -41.4503 4
    endloop
  endfacet
  facet normal 0 0 1
    outer loop
      vertex -17.9861 -43.4223 4
      vertex -22.7314 -54.8784 4
      vertex -20.0113 -55.9277 4
    endloop
  endfacet
  facet normal 0 0 1
    outer loop
      vertex -28.001 -52.3861 4
      vertex -22.1556 -41.4503 4
      vertex -24.1628 -40.3132 4
    endloop
  endfacet
  facet normal 0 0 1
    outer loop
      vertex -20.0951 -42.4875 4
      vertex -25.3968 -53.697 4
      vertex -22.7314 -54.8784 4
    endloop
  endfacet
  facet normal 0 0 1
    outer loop
      vertex -30.5377 -50.9491 4
      vertex -24.1628 -40.3132 4
      vertex -26.1118 -39.0791 4
    endloop
  endfacet
  facet normal 0 0 1
    outer loop
      vertex -33.0009 -49.3893 4
      vertex -26.1118 -39.0791 4
      vertex -27.9979 -37.7508 4
    endloop
  endfacet
  facet normal 0 0 1
    outer loop
      vertex -22.1556 -41.4503 4
      vertex -28.001 -52.3861 4
      vertex -25.3968 -53.697 4
    endloop
  endfacet
  facet normal 0 0 1
    outer loop
      vertex -35.3845 -47.7105 4
      vertex -27.9979 -37.7508 4
      vertex -29.8165 -36.3315 4
    endloop
  endfacet
  facet normal 0 0 1
    outer loop
      vertex -24.1628 -40.3132 4
      vertex -30.5377 -50.9491 4
      vertex -28.001 -52.3861 4
    endloop
  endfacet
  facet normal 0 0 1
    outer loop
      vertex -37.683 -45.9168 4
      vertex -29.8165 -36.3315 4
      vertex -31.5633 -34.8247 4
    endloop
  endfacet
  facet normal 0 0 1
    outer loop
      vertex -26.1118 -39.0791 4
      vertex -33.0009 -49.3893 4
      vertex -30.5377 -50.9491 4
    endloop
  endfacet
  facet normal 0 0 1
    outer loop
      vertex -39.8906 -44.0125 4
      vertex -31.5633 -34.8247 4
      vertex -33.234 -33.234 4
    endloop
  endfacet
  facet normal 0 0 1
    outer loop
      vertex -42.0021 -42.0021 4
      vertex -33.234 -33.234 4
      vertex -34.8247 -31.5633 4
    endloop
  endfacet
  facet normal 0 0 1
    outer loop
      vertex -27.9979 -37.7508 4
      vertex -35.3845 -47.7105 4
      vertex -33.0009 -49.3893 4
    endloop
  endfacet
  facet normal 0 0 1
    outer loop
      vertex -44.0125 -39.8906 4
      vertex -34.8247 -31.5633 4
      vertex -36.3315 -29.8165 4
    endloop
  endfacet
  facet normal 0 0 1
    outer loop
      vertex -29.8165 -36.3315 4
      vertex -37.683 -45.9168 4
      vertex -35.3845 -47.7105 4
    endloop
  endfacet
  facet normal 0 0 1
    outer loop
      vertex -45.9168 -37.683 4
      vertex -36.3315 -29.8165 4
      vertex -37.7508 -27.9979 4
    endloop
  endfacet
  facet normal 0 0 1
    outer loop
      vertex -47.7105 -35.3845 4
      vertex -37.7508 -27.9979 4
      vertex -39.0791 -26.1118 4
    endloop
  endfacet
  facet normal 0 0 1
    outer loop
      vertex -31.5633 -34.8247 4
      vertex -39.8906 -44.0125 4
      vertex -37.683 -45.9168 4
    endloop
  endfacet
  facet normal 0 0 1
    outer loop
      vertex -49.3893 -33.0009 4
      vertex -39.0791 -26.1118 4
      vertex -40.3132 -24.1628 4
    endloop
  endfacet
  facet normal 0 0 1
    outer loop
      vertex -50.9491 -30.5377 4
      vertex -40.3132 -24.1628 4
      vertex -41.4503 -22.1556 4
    endloop
  endfacet
  facet normal 0 0 1
    outer loop
      vertex -33.234 -33.234 4
      vertex -42.0021 -42.0021 4
      vertex -39.8906 -44.0125 4
    endloop
  endfacet
  facet normal 0 0 1
    outer loop
      vertex -52.3861 -28.001 4
      vertex -41.4503 -22.1556 4
      vertex -42.4875 -20.0951 4
    endloop
  endfacet
  facet normal 0 0 1
    outer loop
      vertex -53.697 -25.3968 4
      vertex -42.4875 -20.0951 4
      vertex -43.4223 -17.9861 4
    endloop
  endfacet
  facet normal 0 0 1
    outer loop
      vertex -34.8247 -31.5633 4
      vertex -44.0125 -39.8906 4
      vertex -42.0021 -42.0021 4
    endloop
  endfacet
  facet normal 0 0 1
    outer loop
      vertex -54.8784 -22.7314 4
      vertex -43.4223 -17.9861 4
      vertex -44.2526 -15.8338 4
    endloop
  endfacet
  facet normal 0 0 1
    outer loop
      vertex -55.9277 -20.0113 4
      vertex -44.2526 -15.8338 4
      vertex -44.8584 -14 4
    endloop
  endfacet
  facet normal 0 0 1
    outer loop
      vertex -36.3315 -29.8165 4
      vertex -45.9168 -37.683 4
      vertex -44.0125 -39.8906 4
    endloop
  endfacet
  facet normal 0 0 1
    outer loop
      vertex -37.7508 -27.9979 4
      vertex -47.7105 -35.3845 4
      vertex -45.9168 -37.683 4
    endloop
  endfacet
  facet normal 0 0 1
    outer loop
      vertex -39.0791 -26.1118 4
      vertex -49.3893 -33.0009 4
      vertex -47.7105 -35.3845 4
    endloop
  endfacet
  facet normal 0 0 1
    outer loop
      vertex -40.3132 -24.1628 4
      vertex -50.9491 -30.5377 4
      vertex -49.3893 -33.0009 4
    endloop
  endfacet
  facet normal 0 0 1
    outer loop
      vertex -41.4503 -22.1556 4
      vertex -52.3861 -28.001 4
      vertex -50.9491 -30.5377 4
    endloop
  endfacet
  facet normal 0 0 1
    outer loop
      vertex -42.4875 -20.0951 4
      vertex -53.697 -25.3968 4
      vertex -52.3861 -28.001 4
    endloop
  endfacet
  facet normal 0 0 1
    outer loop
      vertex -43.4223 -17.9861 4
      vertex -54.8784 -22.7314 4
      vertex -53.697 -25.3968 4
    endloop
  endfacet
  facet normal 0 0 1
    outer loop
      vertex -44.2526 -15.8338 4
      vertex -55.9277 -20.0113 4
      vertex -54.8784 -22.7314 4
    endloop
  endfacet
  facet normal 0 0 1
    outer loop
      vertex -44.8584 -14 4
      vertex -56.8423 -17.2429 4
      vertex -55.9277 -20.0113 4
    endloop
  endfacet
  facet normal 0 0 1
    outer loop
      vertex -44.8584 -14 4
      vertex -57.6199 -14.433 4
      vertex -56.8423 -17.2429 4
    endloop
  endfacet
  facet normal 0 -0 1
    outer loop
      vertex -57.6199 -14.433 4
      vertex -44.8584 -14 4
      vertex -57.7171 -14 4
    endloop
  endfacet
  facet normal 0 0 1
    outer loop
      vertex 54.8784 22.7314 4
      vertex 43.4223 17.9861 4
      vertex 44.2526 15.8338 4
    endloop
  endfacet
  facet normal 0 0 1
    outer loop
      vertex 45.9168 37.683 4
      vertex 42.4875 20.0951 4
      vertex 43.4223 17.9861 4
    endloop
  endfacet
  facet normal 0 0 1
    outer loop
      vertex 45.9168 37.683 4
      vertex 41.4503 22.1556 4
      vertex 42.4875 20.0951 4
    endloop
  endfacet
  facet normal 0 0 1
    outer loop
      vertex 45.9168 37.683 4
      vertex 40.3132 24.1628 4
      vertex 41.4503 22.1556 4
    endloop
  endfacet
  facet normal 0 0 1
    outer loop
      vertex 39.2444 44.9013 4
      vertex 44.7234 39.0665 4
      vertex 44.9013 39.2444 4
    endloop
  endfacet
  facet normal -0 0 1
    outer loop
      vertex 39.0665 44.7234 4
      vertex 44.7234 39.0665 4
      vertex 39.2444 44.9013 4
    endloop
  endfacet
  facet normal 0 0 1
    outer loop
      vertex 45.9168 37.683 4
      vertex 39.0791 26.1118 4
      vertex 40.3132 24.1628 4
    endloop
  endfacet
  facet normal 0 0 1
    outer loop
      vertex 33.234 33.234 4
      vertex 44.7234 39.0665 4
      vertex 39.0665 44.7234 4
    endloop
  endfacet
  facet normal 0 0 1
    outer loop
      vertex 45.9168 37.683 4
      vertex 37.7508 27.9979 4
      vertex 39.0791 26.1118 4
    endloop
  endfacet
  facet normal 0 0 1
    outer loop
      vertex 29.8165 36.3315 4
      vertex 39.0665 44.7234 4
      vertex 37.683 45.9168 4
    endloop
  endfacet
  facet normal 0 0 1
    outer loop
      vertex 45.9168 37.683 4
      vertex 36.3315 29.8165 4
      vertex 37.7508 27.9979 4
    endloop
  endfacet
  facet normal 0 0 1
    outer loop
      vertex 29.8165 36.3315 4
      vertex 37.683 45.9168 4
      vertex 35.3845 47.7105 4
    endloop
  endfacet
  facet normal 0 0 1
    outer loop
      vertex 44.7234 39.0665 4
      vertex 34.8247 31.5633 4
      vertex 36.3315 29.8165 4
    endloop
  endfacet
  facet normal 0 0 1
    outer loop
      vertex 44.7234 39.0665 4
      vertex 33.234 33.234 4
      vertex 34.8247 31.5633 4
    endloop
  endfacet
  facet normal 0 0 1
    outer loop
      vertex 27.9979 37.7508 4
      vertex 35.3845 47.7105 4
      vertex 33.0009 49.3893 4
    endloop
  endfacet
  facet normal 0 0 1
    outer loop
      vertex 39.0665 44.7234 4
      vertex 31.5633 34.8247 4
      vertex 33.234 33.234 4
    endloop
  endfacet
  facet normal 0 0 1
    outer loop
      vertex 26.1118 39.0791 4
      vertex 33.0009 49.3893 4
      vertex 30.5377 50.9491 4
    endloop
  endfacet
  facet normal 0 0 1
    outer loop
      vertex 39.0665 44.7234 4
      vertex 29.8165 36.3315 4
      vertex 31.5633 34.8247 4
    endloop
  endfacet
  facet normal 0 0 1
    outer loop
      vertex 24.1628 40.3132 4
      vertex 30.5377 50.9491 4
      vertex 28.001 52.3861 4
    endloop
  endfacet
  facet normal 0 0 1
    outer loop
      vertex 35.3845 47.7105 4
      vertex 27.9979 37.7508 4
      vertex 29.8165 36.3315 4
    endloop
  endfacet
  facet normal 0 0 1
    outer loop
      vertex 33.0009 49.3893 4
      vertex 26.1118 39.0791 4
      vertex 27.9979 37.7508 4
    endloop
  endfacet
  facet normal 0 0 1
    outer loop
      vertex 22.1556 41.4503 4
      vertex 28.001 52.3861 4
      vertex 25.3968 53.697 4
    endloop
  endfacet
  facet normal 0 0 1
    outer loop
      vertex 30.5377 50.9491 4
      vertex 24.1628 40.3132 4
      vertex 26.1118 39.0791 4
    endloop
  endfacet
  facet normal 0 0 1
    outer loop
      vertex 20.0951 42.4875 4
      vertex 25.3968 53.697 4
      vertex 22.7314 54.8784 4
    endloop
  endfacet
  facet normal 0 0 1
    outer loop
      vertex 28.001 52.3861 4
      vertex 22.1556 41.4503 4
      vertex 24.1628 40.3132 4
    endloop
  endfacet
  facet normal 0 0 1
    outer loop
      vertex 25.3968 53.697 4
      vertex 20.0951 42.4875 4
      vertex 22.1556 41.4503 4
    endloop
  endfacet
  facet normal 0 0 1
    outer loop
      vertex 17.9861 43.4223 4
      vertex 22.7314 54.8784 4
      vertex 20.0113 55.9277 4
    endloop
  endfacet
  facet normal 0 0 1
    outer loop
      vertex 22.7314 54.8784 4
      vertex 17.9861 43.4223 4
      vertex 20.0951 42.4875 4
    endloop
  endfacet
  facet normal 0 0 1
    outer loop
      vertex 15.8338 44.2526 4
      vertex 20.0113 55.9277 4
      vertex 17.2429 56.8423 4
    endloop
  endfacet
  facet normal 0 0 1
    outer loop
      vertex 20.0113 55.9277 4
      vertex 15.8338 44.2526 4
      vertex 17.9861 43.4223 4
    endloop
  endfacet
  facet normal 0 0 1
    outer loop
      vertex 13.6434 44.9762 4
      vertex 17.2429 56.8423 4
      vertex 14.433 57.6199 4
    endloop
  endfacet
  facet normal 0 0 1
    outer loop
      vertex 17.2429 56.8423 4
      vertex 13.6434 44.9762 4
      vertex 15.8338 44.2526 4
    endloop
  endfacet
  facet normal 0 0 1
    outer loop
      vertex 11.4201 45.5915 4
      vertex 14.433 57.6199 4
      vertex 11.5884 58.2586 4
    endloop
  endfacet
  facet normal 0 0 1
    outer loop
      vertex 14.433 57.6199 4
      vertex 11.4201 45.5915 4
      vertex 13.6434 44.9762 4
    endloop
  endfacet
  facet normal 0 0 1
    outer loop
      vertex 11.5884 58.2586 4
      vertex 9.16924 46.0969 4
      vertex 11.4201 45.5915 4
    endloop
  endfacet
  facet normal 0 0 1
    outer loop
      vertex 8.71579 58.7571 4
      vertex 9.16924 46.0969 4
      vertex 11.5884 58.2586 4
    endloop
  endfacet
  facet normal 0 0 1
    outer loop
      vertex 8.71579 58.7571 4
      vertex 6.89633 46.4913 4
      vertex 9.16924 46.0969 4
    endloop
  endfacet
  facet normal 0 0 1
    outer loop
      vertex 5.82222 59.114 4
      vertex 6.89633 46.4913 4
      vertex 8.71579 58.7571 4
    endloop
  endfacet
  facet normal 0 0 1
    outer loop
      vertex 5.82222 59.114 4
      vertex 4.6068 46.7737 4
      vertex 6.89633 46.4913 4
    endloop
  endfacet
  facet normal 0 0 1
    outer loop
      vertex 2.91462 59.3284 4
      vertex 4.6068 46.7737 4
      vertex 5.82222 59.114 4
    endloop
  endfacet
  facet normal 0 0 1
    outer loop
      vertex 2.91462 59.3284 4
      vertex 2.30618 46.9434 4
      vertex 4.6068 46.7737 4
    endloop
  endfacet
  facet normal 0 0 1
    outer loop
      vertex 0 59.4 4
      vertex 2.30618 46.9434 4
      vertex 2.91462 59.3284 4
    endloop
  endfacet
  facet normal 0 0 1
    outer loop
      vertex 0 59.4 4
      vertex 0 47 4
      vertex 2.30618 46.9434 4
    endloop
  endfacet
  facet normal 0 0 1
    outer loop
      vertex 0 59.4 4
      vertex -2.30618 46.9434 4
      vertex 0 47 4
    endloop
  endfacet
  facet normal -0 0 1
    outer loop
      vertex -2.91462 59.3284 4
      vertex -2.30618 46.9434 4
      vertex 0 59.4 4
    endloop
  endfacet
  facet normal 0 0 1
    outer loop
      vertex -2.91462 59.3284 4
      vertex -4.6068 46.7737 4
      vertex -2.30618 46.9434 4
    endloop
  endfacet
  facet normal -0 0 1
    outer loop
      vertex -5.82222 59.114 4
      vertex -4.6068 46.7737 4
      vertex -2.91462 59.3284 4
    endloop
  endfacet
  facet normal 0 0 1
    outer loop
      vertex -5.82222 59.114 4
      vertex -6.89633 46.4913 4
      vertex -4.6068 46.7737 4
    endloop
  endfacet
  facet normal -0 0 1
    outer loop
      vertex -8.71579 58.7571 4
      vertex -6.89633 46.4913 4
      vertex -5.82222 59.114 4
    endloop
  endfacet
  facet normal 0 0 1
    outer loop
      vertex -8.71579 58.7571 4
      vertex -9.16924 46.0969 4
      vertex -6.89633 46.4913 4
    endloop
  endfacet
  facet normal -0 0 1
    outer loop
      vertex -11.5884 58.2586 4
      vertex -9.16924 46.0969 4
      vertex -8.71579 58.7571 4
    endloop
  endfacet
  facet normal 0 0 1
    outer loop
      vertex -9.16924 46.0969 4
      vertex -11.5884 58.2586 4
      vertex -11.4201 45.5915 4
    endloop
  endfacet
  facet normal -0 0 1
    outer loop
      vertex -14.433 57.6199 4
      vertex -11.4201 45.5915 4
      vertex -11.5884 58.2586 4
    endloop
  endfacet
  facet normal 0 0 1
    outer loop
      vertex -11.4201 45.5915 4
      vertex -14.433 57.6199 4
      vertex -13.6434 44.9762 4
    endloop
  endfacet
  facet normal -0 0 1
    outer loop
      vertex -17.2429 56.8423 4
      vertex -13.6434 44.9762 4
      vertex -14.433 57.6199 4
    endloop
  endfacet
  facet normal 0 0 1
    outer loop
      vertex -13.6434 44.9762 4
      vertex -17.2429 56.8423 4
      vertex -15.8338 44.2526 4
    endloop
  endfacet
  facet normal -0 0 1
    outer loop
      vertex -20.0113 55.9277 4
      vertex -15.8338 44.2526 4
      vertex -17.2429 56.8423 4
    endloop
  endfacet
  facet normal 0 0 1
    outer loop
      vertex -15.8338 44.2526 4
      vertex -20.0113 55.9277 4
      vertex -17.9861 43.4223 4
    endloop
  endfacet
  facet normal -0 0 1
    outer loop
      vertex -22.7314 54.8784 4
      vertex -17.9861 43.4223 4
      vertex -20.0113 55.9277 4
    endloop
  endfacet
  facet normal 0 0 1
    outer loop
      vertex -17.9861 43.4223 4
      vertex -22.7314 54.8784 4
      vertex -20.0951 42.4875 4
    endloop
  endfacet
  facet normal -0 0 1
    outer loop
      vertex -25.3968 53.697 4
      vertex -20.0951 42.4875 4
      vertex -22.7314 54.8784 4
    endloop
  endfacet
  facet normal 0 0 1
    outer loop
      vertex -20.0951 42.4875 4
      vertex -25.3968 53.697 4
      vertex -22.1556 41.4503 4
    endloop
  endfacet
  facet normal -0 0 1
    outer loop
      vertex -28.001 52.3861 4
      vertex -22.1556 41.4503 4
      vertex -25.3968 53.697 4
    endloop
  endfacet
  facet normal 0 0 1
    outer loop
      vertex -22.1556 41.4503 4
      vertex -28.001 52.3861 4
      vertex -24.1628 40.3132 4
    endloop
  endfacet
  facet normal -0 0 1
    outer loop
      vertex -30.5377 50.9491 4
      vertex -24.1628 40.3132 4
      vertex -28.001 52.3861 4
    endloop
  endfacet
  facet normal 0 0 1
    outer loop
      vertex -24.1628 40.3132 4
      vertex -30.5377 50.9491 4
      vertex -26.1118 39.0791 4
    endloop
  endfacet
  facet normal -0 0 1
    outer loop
      vertex -33.0009 49.3893 4
      vertex -26.1118 39.0791 4
      vertex -30.5377 50.9491 4
    endloop
  endfacet
  facet normal 0 0 1
    outer loop
      vertex -26.1118 39.0791 4
      vertex -33.0009 49.3893 4
      vertex -27.9979 37.7508 4
    endloop
  endfacet
  facet normal -0 0 1
    outer loop
      vertex -35.3845 47.7105 4
      vertex -27.9979 37.7508 4
      vertex -33.0009 49.3893 4
    endloop
  endfacet
  facet normal 0 0 1
    outer loop
      vertex -27.9979 37.7508 4
      vertex -35.3845 47.7105 4
      vertex -29.8165 36.3315 4
    endloop
  endfacet
  facet normal -0 0 1
    outer loop
      vertex -37.683 45.9168 4
      vertex -29.8165 36.3315 4
      vertex -35.3845 47.7105 4
    endloop
  endfacet
  facet normal -0 0 1
    outer loop
      vertex -39.0665 44.7234 4
      vertex -29.8165 36.3315 4
      vertex -37.683 45.9168 4
    endloop
  endfacet
  facet normal 0 0 1
    outer loop
      vertex -29.8165 36.3315 4
      vertex -39.0665 44.7234 4
      vertex -31.5633 34.8247 4
    endloop
  endfacet
  facet normal 0 0 1
    outer loop
      vertex -31.5633 34.8247 4
      vertex -39.0665 44.7234 4
      vertex -33.234 33.234 4
    endloop
  endfacet
  facet normal -0 0 1
    outer loop
      vertex -44.7234 39.0665 4
      vertex -33.234 33.234 4
      vertex -39.0665 44.7234 4
    endloop
  endfacet
  facet normal 0 0 1
    outer loop
      vertex -33.234 33.234 4
      vertex -44.7234 39.0665 4
      vertex -34.8247 31.5633 4
    endloop
  endfacet
  facet normal 0 0 1
    outer loop
      vertex -34.8247 31.5633 4
      vertex -44.7234 39.0665 4
      vertex -36.3315 29.8165 4
    endloop
  endfacet
  facet normal -0 0 1
    outer loop
      vertex -45.9168 37.683 4
      vertex -36.3315 29.8165 4
      vertex -44.7234 39.0665 4
    endloop
  endfacet
  facet normal 0 0 1
    outer loop
      vertex -44.7234 39.0665 4
      vertex -39.0665 44.7234 4
      vertex -39.2444 44.9013 4
    endloop
  endfacet
  facet normal 0 0 1
    outer loop
      vertex -36.3315 29.8165 4
      vertex -45.9168 37.683 4
      vertex -37.7508 27.9979 4
    endloop
  endfacet
  facet normal -0 0 1
    outer loop
      vertex -47.7105 35.3845 4
      vertex -37.7508 27.9979 4
      vertex -45.9168 37.683 4
    endloop
  endfacet
  facet normal 0 0 1
    outer loop
      vertex -37.7508 27.9979 4
      vertex -47.7105 35.3845 4
      vertex -39.0791 26.1118 4
    endloop
  endfacet
  facet normal -0 0 1
    outer loop
      vertex -49.3893 33.0009 4
      vertex -39.0791 26.1118 4
      vertex -47.7105 35.3845 4
    endloop
  endfacet
  facet normal 0 0 1
    outer loop
      vertex -39.0791 26.1118 4
      vertex -49.3893 33.0009 4
      vertex -40.3132 24.1628 4
    endloop
  endfacet
  facet normal -0 0 1
    outer loop
      vertex -50.9491 30.5377 4
      vertex -40.3132 24.1628 4
      vertex -49.3893 33.0009 4
    endloop
  endfacet
  facet normal 0 -0 1
    outer loop
      vertex -44.7234 39.0665 4
      vertex -39.2444 44.9013 4
      vertex -44.9013 39.2444 4
    endloop
  endfacet
  facet normal 0 0 1
    outer loop
      vertex 47 0 4
      vertex 59.4 0 4
      vertex 59.3284 2.91462 4
    endloop
  endfacet
  facet normal 0 0 1
    outer loop
      vertex 46.9434 2.30618 4
      vertex 59.3284 2.91462 4
      vertex 59.114 5.82222 4
    endloop
  endfacet
  facet normal 0 0 1
    outer loop
      vertex 59.4 0 4
      vertex 47 0 4
      vertex 59.3284 -2.91462 4
    endloop
  endfacet
  facet normal 0 0 1
    outer loop
      vertex 46.7737 4.6068 4
      vertex 59.114 5.82222 4
      vertex 58.7571 8.71579 4
    endloop
  endfacet
  facet normal -0 0 1
    outer loop
      vertex 46.9434 -2.30618 4
      vertex 59.3284 -2.91462 4
      vertex 47 0 4
    endloop
  endfacet
  facet normal 0 0 1
    outer loop
      vertex 46.4913 6.89633 4
      vertex 58.7571 8.71579 4
      vertex 58.2586 11.5884 4
    endloop
  endfacet
  facet normal 0 0 1
    outer loop
      vertex 59.3284 -2.91462 4
      vertex 46.9434 -2.30618 4
      vertex 59.114 -5.82222 4
    endloop
  endfacet
  facet normal 0 0 1
    outer loop
      vertex 46.0969 9.16924 4
      vertex 58.2586 11.5884 4
      vertex 57.6199 14.433 4
    endloop
  endfacet
  facet normal -0 0 1
    outer loop
      vertex 46.7737 -4.6068 4
      vertex 59.114 -5.82222 4
      vertex 46.9434 -2.30618 4
    endloop
  endfacet
  facet normal 0 0 1
    outer loop
      vertex 45.5915 11.4201 4
      vertex 57.6199 14.433 4
      vertex 56.8423 17.2429 4
    endloop
  endfacet
  facet normal 0 0 1
    outer loop
      vertex 59.114 -5.82222 4
      vertex 46.7737 -4.6068 4
      vertex 58.7571 -8.71579 4
    endloop
  endfacet
  facet normal 0 0 1
    outer loop
      vertex 44.9762 13.6434 4
      vertex 56.8423 17.2429 4
      vertex 55.9277 20.0113 4
    endloop
  endfacet
  facet normal -0 0 1
    outer loop
      vertex 46.4913 -6.89633 4
      vertex 58.7571 -8.71579 4
      vertex 46.7737 -4.6068 4
    endloop
  endfacet
  facet normal 0 0 1
    outer loop
      vertex 44.2526 15.8338 4
      vertex 55.9277 20.0113 4
      vertex 54.8784 22.7314 4
    endloop
  endfacet
  facet normal 0 0 1
    outer loop
      vertex 58.7571 -8.71579 4
      vertex 46.4913 -6.89633 4
      vertex 58.2586 -11.5884 4
    endloop
  endfacet
  facet normal 0 0 1
    outer loop
      vertex 43.4223 17.9861 4
      vertex 54.8784 22.7314 4
      vertex 53.697 25.3968 4
    endloop
  endfacet
  facet normal -0 0 1
    outer loop
      vertex 46.0969 -9.16924 4
      vertex 58.2586 -11.5884 4
      vertex 46.4913 -6.89633 4
    endloop
  endfacet
  facet normal 0 0 1
    outer loop
      vertex 43.4223 17.9861 4
      vertex 53.697 25.3968 4
      vertex 52.3861 28.001 4
    endloop
  endfacet
  facet normal 0 0 1
    outer loop
      vertex 58.2586 -11.5884 4
      vertex 46.0969 -9.16924 4
      vertex 57.6199 -14.433 4
    endloop
  endfacet
  facet normal 0 0 1
    outer loop
      vertex 43.4223 17.9861 4
      vertex 52.3861 28.001 4
      vertex 50.9491 30.5377 4
    endloop
  endfacet
  facet normal -0 0 1
    outer loop
      vertex 45.5915 -11.4201 4
      vertex 57.6199 -14.433 4
      vertex 46.0969 -9.16924 4
    endloop
  endfacet
  facet normal 0 0 1
    outer loop
      vertex 43.4223 17.9861 4
      vertex 50.9491 30.5377 4
      vertex 49.3893 33.0009 4
    endloop
  endfacet
  facet normal 0 0 1
    outer loop
      vertex 57.6199 -14.433 4
      vertex 45.5915 -11.4201 4
      vertex 56.8423 -17.2429 4
    endloop
  endfacet
  facet normal 0 0 1
    outer loop
      vertex 43.4223 17.9861 4
      vertex 49.3893 33.0009 4
      vertex 47.7105 35.3845 4
    endloop
  endfacet
  facet normal -0 0 1
    outer loop
      vertex 44.9762 -13.6434 4
      vertex 56.8423 -17.2429 4
      vertex 45.5915 -11.4201 4
    endloop
  endfacet
  facet normal 0 0 1
    outer loop
      vertex 56.8423 -17.2429 4
      vertex 44.9762 -13.6434 4
      vertex 55.9277 -20.0113 4
    endloop
  endfacet
  facet normal 0 0 1
    outer loop
      vertex 59.3284 2.91462 4
      vertex 46.9434 2.30618 4
      vertex 47 0 4
    endloop
  endfacet
  facet normal 0 0 1
    outer loop
      vertex 59.114 5.82222 4
      vertex 46.7737 4.6068 4
      vertex 46.9434 2.30618 4
    endloop
  endfacet
  facet normal 0 0 1
    outer loop
      vertex 58.7571 8.71579 4
      vertex 46.4913 6.89633 4
      vertex 46.7737 4.6068 4
    endloop
  endfacet
  facet normal 0 0 1
    outer loop
      vertex 58.2586 11.5884 4
      vertex 46.0969 9.16924 4
      vertex 46.4913 6.89633 4
    endloop
  endfacet
  facet normal 0 0 1
    outer loop
      vertex 43.4223 17.9861 4
      vertex 47.7105 35.3845 4
      vertex 45.9168 37.683 4
    endloop
  endfacet
  facet normal 0 0 1
    outer loop
      vertex 57.6199 14.433 4
      vertex 45.5915 11.4201 4
      vertex 46.0969 9.16924 4
    endloop
  endfacet
  facet normal 0 0 1
    outer loop
      vertex 56.8423 17.2429 4
      vertex 44.9762 13.6434 4
      vertex 45.5915 11.4201 4
    endloop
  endfacet
  facet normal 0 0 1
    outer loop
      vertex 36.3315 29.8165 4
      vertex 45.9168 37.683 4
      vertex 44.7234 39.0665 4
    endloop
  endfacet
  facet normal 0 0 1
    outer loop
      vertex 55.9277 20.0113 4
      vertex 44.2526 15.8338 4
      vertex 44.9762 13.6434 4
    endloop
  endfacet
  facet normal -0 0 1
    outer loop
      vertex 44.2526 -15.8338 4
      vertex 55.9277 -20.0113 4
      vertex 44.9762 -13.6434 4
    endloop
  endfacet
  facet normal 0 0 1
    outer loop
      vertex 55.9277 -20.0113 4
      vertex 44.2526 -15.8338 4
      vertex 54.8784 -22.7314 4
    endloop
  endfacet
  facet normal -0 0 1
    outer loop
      vertex 43.4223 -17.9861 4
      vertex 54.8784 -22.7314 4
      vertex 44.2526 -15.8338 4
    endloop
  endfacet
  facet normal 0 0 1
    outer loop
      vertex 54.8784 -22.7314 4
      vertex 43.4223 -17.9861 4
      vertex 53.697 -25.3968 4
    endloop
  endfacet
  facet normal -0 0 1
    outer loop
      vertex 42.4875 -20.0951 4
      vertex 53.697 -25.3968 4
      vertex 43.4223 -17.9861 4
    endloop
  endfacet
  facet normal 0 0 1
    outer loop
      vertex 53.697 -25.3968 4
      vertex 42.4875 -20.0951 4
      vertex 52.3861 -28.001 4
    endloop
  endfacet
  facet normal -0 0 1
    outer loop
      vertex 41.4503 -22.1556 4
      vertex 52.3861 -28.001 4
      vertex 42.4875 -20.0951 4
    endloop
  endfacet
  facet normal 0 0 1
    outer loop
      vertex 52.3861 -28.001 4
      vertex 41.4503 -22.1556 4
      vertex 50.9491 -30.5377 4
    endloop
  endfacet
  facet normal -0 0 1
    outer loop
      vertex 40.3132 -24.1628 4
      vertex 50.9491 -30.5377 4
      vertex 41.4503 -22.1556 4
    endloop
  endfacet
  facet normal 0 0 1
    outer loop
      vertex 50.9491 -30.5377 4
      vertex 40.3132 -24.1628 4
      vertex 49.3893 -33.0009 4
    endloop
  endfacet
  facet normal -0 0 1
    outer loop
      vertex 39.0791 -26.1118 4
      vertex 49.3893 -33.0009 4
      vertex 40.3132 -24.1628 4
    endloop
  endfacet
  facet normal 0 0 1
    outer loop
      vertex 49.3893 -33.0009 4
      vertex 39.0791 -26.1118 4
      vertex 47.7105 -35.3845 4
    endloop
  endfacet
  facet normal -0 0 1
    outer loop
      vertex 37.7508 -27.9979 4
      vertex 47.7105 -35.3845 4
      vertex 39.0791 -26.1118 4
    endloop
  endfacet
  facet normal 0 0 1
    outer loop
      vertex 47.7105 -35.3845 4
      vertex 37.7508 -27.9979 4
      vertex 45.9168 -37.683 4
    endloop
  endfacet
  facet normal -0 0 1
    outer loop
      vertex 36.3315 -29.8165 4
      vertex 45.9168 -37.683 4
      vertex 37.7508 -27.9979 4
    endloop
  endfacet
  facet normal 0 0 1
    outer loop
      vertex 45.9168 -37.683 4
      vertex 36.3315 -29.8165 4
      vertex 44.0125 -39.8906 4
    endloop
  endfacet
  facet normal -0 0 1
    outer loop
      vertex 34.8247 -31.5633 4
      vertex 44.0125 -39.8906 4
      vertex 36.3315 -29.8165 4
    endloop
  endfacet
  facet normal 0 0 1
    outer loop
      vertex 44.0125 -39.8906 4
      vertex 34.8247 -31.5633 4
      vertex 42.0021 -42.0021 4
    endloop
  endfacet
  facet normal -0 0 1
    outer loop
      vertex 33.234 -33.234 4
      vertex 42.0021 -42.0021 4
      vertex 34.8247 -31.5633 4
    endloop
  endfacet
  facet normal 0 0 1
    outer loop
      vertex 42.0021 -42.0021 4
      vertex 33.234 -33.234 4
      vertex 39.8906 -44.0125 4
    endloop
  endfacet
  facet normal -0 0 1
    outer loop
      vertex 31.5633 -34.8247 4
      vertex 39.8906 -44.0125 4
      vertex 33.234 -33.234 4
    endloop
  endfacet
  facet normal 0 0 1
    outer loop
      vertex 39.8906 -44.0125 4
      vertex 31.5633 -34.8247 4
      vertex 37.683 -45.9168 4
    endloop
  endfacet
  facet normal -0 0 1
    outer loop
      vertex 29.8165 -36.3315 4
      vertex 37.683 -45.9168 4
      vertex 31.5633 -34.8247 4
    endloop
  endfacet
  facet normal 0 0 1
    outer loop
      vertex 37.683 -45.9168 4
      vertex 29.8165 -36.3315 4
      vertex 35.3845 -47.7105 4
    endloop
  endfacet
  facet normal -0 0 1
    outer loop
      vertex 27.9979 -37.7508 4
      vertex 35.3845 -47.7105 4
      vertex 29.8165 -36.3315 4
    endloop
  endfacet
  facet normal 0 0 1
    outer loop
      vertex 35.3845 -47.7105 4
      vertex 27.9979 -37.7508 4
      vertex 33.0009 -49.3893 4
    endloop
  endfacet
  facet normal -0 0 1
    outer loop
      vertex 26.1118 -39.0791 4
      vertex 33.0009 -49.3893 4
      vertex 27.9979 -37.7508 4
    endloop
  endfacet
  facet normal 0 0 1
    outer loop
      vertex 33.0009 -49.3893 4
      vertex 26.1118 -39.0791 4
      vertex 30.5377 -50.9491 4
    endloop
  endfacet
  facet normal -0 0 1
    outer loop
      vertex 24.1628 -40.3132 4
      vertex 30.5377 -50.9491 4
      vertex 26.1118 -39.0791 4
    endloop
  endfacet
  facet normal 0 0 1
    outer loop
      vertex 30.5377 -50.9491 4
      vertex 24.1628 -40.3132 4
      vertex 28.001 -52.3861 4
    endloop
  endfacet
  facet normal -0 0 1
    outer loop
      vertex 22.1556 -41.4503 4
      vertex 28.001 -52.3861 4
      vertex 24.1628 -40.3132 4
    endloop
  endfacet
  facet normal 0 0 1
    outer loop
      vertex 28.001 -52.3861 4
      vertex 22.1556 -41.4503 4
      vertex 25.3968 -53.697 4
    endloop
  endfacet
  facet normal -0 0 1
    outer loop
      vertex 20.0951 -42.4875 4
      vertex 25.3968 -53.697 4
      vertex 22.1556 -41.4503 4
    endloop
  endfacet
  facet normal 0 0 1
    outer loop
      vertex 25.3968 -53.697 4
      vertex 20.0951 -42.4875 4
      vertex 22.7314 -54.8784 4
    endloop
  endfacet
  facet normal -0 0 1
    outer loop
      vertex 17.9861 -43.4223 4
      vertex 22.7314 -54.8784 4
      vertex 20.0951 -42.4875 4
    endloop
  endfacet
  facet normal 0 0 1
    outer loop
      vertex 22.7314 -54.8784 4
      vertex 17.9861 -43.4223 4
      vertex 20.0113 -55.9277 4
    endloop
  endfacet
  facet normal -0 0 1
    outer loop
      vertex 15.8338 -44.2526 4
      vertex 20.0113 -55.9277 4
      vertex 17.9861 -43.4223 4
    endloop
  endfacet
  facet normal 0 0 1
    outer loop
      vertex 20.0113 -55.9277 4
      vertex 15.8338 -44.2526 4
      vertex 17.2429 -56.8423 4
    endloop
  endfacet
  facet normal -0 0 1
    outer loop
      vertex 13.6434 -44.9762 4
      vertex 17.2429 -56.8423 4
      vertex 15.8338 -44.2526 4
    endloop
  endfacet
  facet normal 0 0 1
    outer loop
      vertex 17.2429 -56.8423 4
      vertex 13.6434 -44.9762 4
      vertex 14.433 -57.6199 4
    endloop
  endfacet
  facet normal -0 0 1
    outer loop
      vertex 11.4201 -45.5915 4
      vertex 14.433 -57.6199 4
      vertex 13.6434 -44.9762 4
    endloop
  endfacet
  facet normal 0 0 1
    outer loop
      vertex 14.433 -57.6199 4
      vertex 11.4201 -45.5915 4
      vertex 11.5884 -58.2586 4
    endloop
  endfacet
  facet normal -0 0 1
    outer loop
      vertex 9.16924 -46.0969 4
      vertex 11.5884 -58.2586 4
      vertex 11.4201 -45.5915 4
    endloop
  endfacet
  facet normal 0 0 1
    outer loop
      vertex 9.16924 -46.0969 4
      vertex 8.71579 -58.7571 4
      vertex 11.5884 -58.2586 4
    endloop
  endfacet
  facet normal -0 0 1
    outer loop
      vertex 6.89633 -46.4913 4
      vertex 8.71579 -58.7571 4
      vertex 9.16924 -46.0969 4
    endloop
  endfacet
  facet normal 0 0 1
    outer loop
      vertex 6.89633 -46.4913 4
      vertex 5.82222 -59.114 4
      vertex 8.71579 -58.7571 4
    endloop
  endfacet
  facet normal -0 0 1
    outer loop
      vertex 4.6068 -46.7737 4
      vertex 5.82222 -59.114 4
      vertex 6.89633 -46.4913 4
    endloop
  endfacet
  facet normal 0 0 1
    outer loop
      vertex 4.6068 -46.7737 4
      vertex 4 -59.2484 4
      vertex 5.82222 -59.114 4
    endloop
  endfacet
  facet normal -0 0 1
    outer loop
      vertex 2.30618 -46.9434 4
      vertex 4 -59.2484 4
      vertex 4.6068 -46.7737 4
    endloop
  endfacet
  facet normal -0 0 1
    outer loop
      vertex 0 -47 4
      vertex 4 -59.2484 4
      vertex 2.30618 -46.9434 4
    endloop
  endfacet
  facet normal 0 0 1
    outer loop
      vertex -4 -59.2484 4
      vertex 4 -59.2484 4
      vertex 0 -47 4
    endloop
  endfacet
  facet normal 0 0 1
    outer loop
      vertex -4 -59.2484 4
      vertex 0 -47 4
      vertex -2.30618 -46.9434 4
    endloop
  endfacet
  facet normal 0 0 1
    outer loop
      vertex 4 -59.2484 4
      vertex -4 -59.2484 4
      vertex 4 -59.5 4
    endloop
  endfacet
  facet normal 0 0 1
    outer loop
      vertex 4 -59.5 4
      vertex -4 -59.2484 4
      vertex -4 -59.5 4
    endloop
  endfacet
  facet normal 0 0 1
    outer loop
      vertex -40.3132 24.1628 4
      vertex -50.9491 30.5377 4
      vertex -41.4503 22.1556 4
    endloop
  endfacet
  facet normal -0 0 1
    outer loop
      vertex -52.3861 28.001 4
      vertex -41.4503 22.1556 4
      vertex -50.9491 30.5377 4
    endloop
  endfacet
  facet normal 0 0 1
    outer loop
      vertex -41.4503 22.1556 4
      vertex -52.3861 28.001 4
      vertex -42.4875 20.0951 4
    endloop
  endfacet
  facet normal -0 0 1
    outer loop
      vertex -53.697 25.3968 4
      vertex -42.4875 20.0951 4
      vertex -52.3861 28.001 4
    endloop
  endfacet
  facet normal 0 0 1
    outer loop
      vertex -42.4875 20.0951 4
      vertex -53.697 25.3968 4
      vertex -43.4223 17.9861 4
    endloop
  endfacet
  facet normal -0 0 1
    outer loop
      vertex -54.8784 22.7314 4
      vertex -43.4223 17.9861 4
      vertex -53.697 25.3968 4
    endloop
  endfacet
  facet normal 0 0 1
    outer loop
      vertex -43.4223 17.9861 4
      vertex -54.8784 22.7314 4
      vertex -44.2526 15.8338 4
    endloop
  endfacet
  facet normal -0 0 1
    outer loop
      vertex -55.9277 20.0113 4
      vertex -44.2526 15.8338 4
      vertex -54.8784 22.7314 4
    endloop
  endfacet
  facet normal 0 0 1
    outer loop
      vertex -44.2526 15.8338 4
      vertex -55.9277 20.0113 4
      vertex -44.8584 14 4
    endloop
  endfacet
  facet normal -0 0 1
    outer loop
      vertex -56.8423 17.2429 4
      vertex -44.8584 14 4
      vertex -55.9277 20.0113 4
    endloop
  endfacet
  facet normal -0 0 1
    outer loop
      vertex -57.6199 14.433 4
      vertex -44.8584 14 4
      vertex -56.8423 17.2429 4
    endloop
  endfacet
  facet normal 0 0 1
    outer loop
      vertex -44.8584 14 4
      vertex -57.6199 14.433 4
      vertex -57.7171 14 4
    endloop
  endfacet
  facet normal -0.615217 0.788358 0
    outer loop
      vertex -35.3845 47.7105 0
      vertex -37.683 45.9168 4
      vertex -35.3845 47.7105 4
    endloop
  endfacet
  facet normal -0.615217 0.788358 0
    outer loop
      vertex -37.683 45.9168 4
      vertex -35.3845 47.7105 0
      vertex -37.683 45.9168 0
    endloop
  endfacet
  facet normal -0.449627 0.893217 0
    outer loop
      vertex -25.3968 53.697 0
      vertex -28.001 52.3861 4
      vertex -25.3968 53.697 4
    endloop
  endfacet
  facet normal -0.449627 0.893217 0
    outer loop
      vertex -28.001 52.3861 4
      vertex -25.3968 53.697 0
      vertex -28.001 52.3861 0
    endloop
  endfacet
  facet normal -0.405215 0.914221 0
    outer loop
      vertex -22.7314 54.8784 0
      vertex -25.3968 53.697 4
      vertex -22.7314 54.8784 4
    endloop
  endfacet
  facet normal -0.405215 0.914221 0
    outer loop
      vertex -25.3968 53.697 4
      vertex -22.7314 54.8784 0
      vertex -25.3968 53.697 0
    endloop
  endfacet
  facet normal -0.492892 0.87009 0
    outer loop
      vertex -28.001 52.3861 0
      vertex -30.5377 50.9491 4
      vertex -28.001 52.3861 4
    endloop
  endfacet
  facet normal -0.492892 0.87009 0
    outer loop
      vertex -30.5377 50.9491 4
      vertex -28.001 52.3861 0
      vertex -30.5377 50.9491 0
    endloop
  endfacet
  facet normal -0.575826 0.817572 0
    outer loop
      vertex -33.0009 49.3893 0
      vertex -35.3845 47.7105 4
      vertex -33.0009 49.3893 4
    endloop
  endfacet
  facet normal -0.575826 0.817572 0
    outer loop
      vertex -35.3845 47.7105 4
      vertex -33.0009 49.3893 0
      vertex -35.3845 47.7105 0
    endloop
  endfacet
  facet normal -0.653168 0.757213 0
    outer loop
      vertex -37.683 45.9168 0
      vertex -39.0665 44.7234 4
      vertex -37.683 45.9168 4
    endloop
  endfacet
  facet normal -0.653168 0.757213 0
    outer loop
      vertex -39.0665 44.7234 4
      vertex -37.683 45.9168 0
      vertex -39.0665 44.7234 0
    endloop
  endfacet
  facet normal -0.266711 0.963776 0
    outer loop
      vertex -14.433 57.6199 0
      vertex -17.2429 56.8423 4
      vertex -14.433 57.6199 4
    endloop
  endfacet
  facet normal -0.266711 0.963776 0
    outer loop
      vertex -17.2429 56.8423 4
      vertex -14.433 57.6199 0
      vertex -17.2429 56.8423 0
    endloop
  endfacet
  facet normal -0.219076 0.975708 0
    outer loop
      vertex -11.5884 58.2586 0
      vertex -14.433 57.6199 4
      vertex -11.5884 58.2586 4
    endloop
  endfacet
  facet normal -0.219076 0.975708 0
    outer loop
      vertex -14.433 57.6199 4
      vertex -11.5884 58.2586 0
      vertex -14.433 57.6199 0
    endloop
  endfacet
  facet normal -0.313695 0.949524 0
    outer loop
      vertex -17.2429 56.8423 0
      vertex -20.0113 55.9277 4
      vertex -17.2429 56.8423 4
    endloop
  endfacet
  facet normal -0.313695 0.949524 0
    outer loop
      vertex -20.0113 55.9277 4
      vertex -17.2429 56.8423 0
      vertex -20.0113 55.9277 0
    endloop
  endfacet
  facet normal -0.122415 0.992479 0
    outer loop
      vertex -5.82222 59.114 0
      vertex -8.71579 58.7571 4
      vertex -5.82222 59.114 4
    endloop
  endfacet
  facet normal -0.122415 0.992479 0
    outer loop
      vertex -8.71579 58.7571 4
      vertex -5.82222 59.114 0
      vertex -8.71579 58.7571 0
    endloop
  endfacet
  facet normal -0.0245584 0.999698 0
    outer loop
      vertex 0 59.4 0
      vertex -2.91462 59.3284 4
      vertex 0 59.4 4
    endloop
  endfacet
  facet normal -0.0245584 0.999698 0
    outer loop
      vertex -2.91462 59.3284 4
      vertex 0 59.4 0
      vertex -2.91462 59.3284 0
    endloop
  endfacet
  facet normal 0.999698 -0.0245584 0
    outer loop
      vertex 59.3284 -2.91462 4
      vertex 59.4 0 0
      vertex 59.4 0 4
    endloop
  endfacet
  facet normal 0.999698 -0.0245584 0
    outer loop
      vertex 59.4 0 0
      vertex 59.3284 -2.91462 4
      vertex 59.3284 -2.91462 0
    endloop
  endfacet
  facet normal 0.122415 -0.992479 0
    outer loop
      vertex 5.82222 -59.114 0
      vertex 8.71579 -58.7571 4
      vertex 5.82222 -59.114 4
    endloop
  endfacet
  facet normal 0.122415 -0.992479 0
    outer loop
      vertex 8.71579 -58.7571 4
      vertex 5.82222 -59.114 0
      vertex 8.71579 -58.7571 0
    endloop
  endfacet
  facet normal 0.313695 -0.949524 0
    outer loop
      vertex 17.2429 -56.8423 0
      vertex 20.0113 -55.9277 4
      vertex 17.2429 -56.8423 4
    endloop
  endfacet
  facet normal 0.313695 -0.949524 0
    outer loop
      vertex 20.0113 -55.9277 4
      vertex 17.2429 -56.8423 0
      vertex 20.0113 -55.9277 0
    endloop
  endfacet
  facet normal 0.219076 -0.975708 0
    outer loop
      vertex 11.5884 -58.2586 0
      vertex 14.433 -57.6199 4
      vertex 11.5884 -58.2586 4
    endloop
  endfacet
  facet normal 0.219076 -0.975708 0
    outer loop
      vertex 14.433 -57.6199 4
      vertex 11.5884 -58.2586 0
      vertex 14.433 -57.6199 0
    endloop
  endfacet
  facet normal 0.575826 -0.817572 0
    outer loop
      vertex 33.0009 -49.3893 0
      vertex 35.3845 -47.7105 4
      vertex 33.0009 -49.3893 4
    endloop
  endfacet
  facet normal 0.575826 -0.817572 0
    outer loop
      vertex 35.3845 -47.7105 4
      vertex 33.0009 -49.3893 0
      vertex 35.3845 -47.7105 0
    endloop
  endfacet
  facet normal 0.492892 -0.87009 0
    outer loop
      vertex 28.001 -52.3861 0
      vertex 30.5377 -50.9491 4
      vertex 28.001 -52.3861 4
    endloop
  endfacet
  facet normal 0.492892 -0.87009 0
    outer loop
      vertex 30.5377 -50.9491 4
      vertex 28.001 -52.3861 0
      vertex 30.5377 -50.9491 0
    endloop
  endfacet
  facet normal 0.405215 -0.914221 0
    outer loop
      vertex 22.7314 -54.8784 0
      vertex 25.3968 -53.697 4
      vertex 22.7314 -54.8784 4
    endloop
  endfacet
  facet normal 0.405215 -0.914221 0
    outer loop
      vertex 25.3968 -53.697 4
      vertex 22.7314 -54.8784 0
      vertex 25.3968 -53.697 0
    endloop
  endfacet
  facet normal 0.757207 -0.653175 0
    outer loop
      vertex 44.0125 -39.8906 4
      vertex 45.9168 -37.683 0
      vertex 45.9168 -37.683 4
    endloop
  endfacet
  facet normal 0.757207 -0.653175 0
    outer loop
      vertex 45.9168 -37.683 0
      vertex 44.0125 -39.8906 4
      vertex 44.0125 -39.8906 0
    endloop
  endfacet
  facet normal 0.817572 -0.575826 0
    outer loop
      vertex 47.7105 -35.3845 4
      vertex 49.3893 -33.0009 0
      vertex 49.3893 -33.0009 4
    endloop
  endfacet
  facet normal 0.817572 -0.575826 0
    outer loop
      vertex 49.3893 -33.0009 0
      vertex 47.7105 -35.3845 4
      vertex 47.7105 -35.3845 0
    endloop
  endfacet
  facet normal 0.914221 -0.405215 0
    outer loop
      vertex 53.697 -25.3968 4
      vertex 54.8784 -22.7314 0
      vertex 54.8784 -22.7314 4
    endloop
  endfacet
  facet normal 0.914221 -0.405215 0
    outer loop
      vertex 54.8784 -22.7314 0
      vertex 53.697 -25.3968 4
      vertex 53.697 -25.3968 0
    endloop
  endfacet
  facet normal 0.87009 -0.492892 0
    outer loop
      vertex 50.9491 -30.5377 4
      vertex 52.3861 -28.001 0
      vertex 52.3861 -28.001 4
    endloop
  endfacet
  facet normal 0.87009 -0.492892 0
    outer loop
      vertex 52.3861 -28.001 0
      vertex 50.9491 -30.5377 4
      vertex 50.9491 -30.5377 0
    endloop
  endfacet
  facet normal 0.949524 -0.313695 0
    outer loop
      vertex 55.9277 -20.0113 4
      vertex 56.8423 -17.2429 0
      vertex 56.8423 -17.2429 4
    endloop
  endfacet
  facet normal 0.949524 -0.313695 0
    outer loop
      vertex 56.8423 -17.2429 0
      vertex 55.9277 -20.0113 4
      vertex 55.9277 -20.0113 0
    endloop
  endfacet
  facet normal 0.975708 -0.219076 0
    outer loop
      vertex 57.6199 -14.433 4
      vertex 58.2586 -11.5884 0
      vertex 58.2586 -11.5884 4
    endloop
  endfacet
  facet normal 0.975708 -0.219076 0
    outer loop
      vertex 58.2586 -11.5884 0
      vertex 57.6199 -14.433 4
      vertex 57.6199 -14.433 0
    endloop
  endfacet
  facet normal -0.689556 -0.724233 0
    outer loop
      vertex -42.0021 -42.0021 0
      vertex -39.8906 -44.0125 4
      vertex -42.0021 -42.0021 4
    endloop
  endfacet
  facet normal -0.689556 -0.724233 -0
    outer loop
      vertex -39.8906 -44.0125 4
      vertex -42.0021 -42.0021 0
      vertex -39.8906 -44.0125 0
    endloop
  endfacet
  facet normal -0.615217 -0.788358 0
    outer loop
      vertex -37.683 -45.9168 0
      vertex -35.3845 -47.7105 4
      vertex -37.683 -45.9168 4
    endloop
  endfacet
  facet normal -0.615217 -0.788358 -0
    outer loop
      vertex -35.3845 -47.7105 4
      vertex -37.683 -45.9168 0
      vertex -35.3845 -47.7105 0
    endloop
  endfacet
  facet normal -0.449627 -0.893217 0
    outer loop
      vertex -28.001 -52.3861 0
      vertex -25.3968 -53.697 4
      vertex -28.001 -52.3861 4
    endloop
  endfacet
  facet normal -0.449627 -0.893217 -0
    outer loop
      vertex -25.3968 -53.697 4
      vertex -28.001 -52.3861 0
      vertex -25.3968 -53.697 0
    endloop
  endfacet
  facet normal -0.534997 -0.844854 0
    outer loop
      vertex -33.0009 -49.3893 0
      vertex -30.5377 -50.9491 4
      vertex -33.0009 -49.3893 4
    endloop
  endfacet
  facet normal -0.534997 -0.844854 -0
    outer loop
      vertex -30.5377 -50.9491 4
      vertex -33.0009 -49.3893 0
      vertex -30.5377 -50.9491 0
    endloop
  endfacet
  facet normal -0.359907 -0.932988 0
    outer loop
      vertex -22.7314 -54.8784 0
      vertex -20.0113 -55.9277 4
      vertex -22.7314 -54.8784 4
    endloop
  endfacet
  facet normal -0.359907 -0.932988 -0
    outer loop
      vertex -20.0113 -55.9277 4
      vertex -22.7314 -54.8784 0
      vertex -20.0113 -55.9277 0
    endloop
  endfacet
  facet normal -0.266711 -0.963776 0
    outer loop
      vertex -17.2429 -56.8423 0
      vertex -14.433 -57.6199 4
      vertex -17.2429 -56.8423 4
    endloop
  endfacet
  facet normal -0.266711 -0.963776 -0
    outer loop
      vertex -14.433 -57.6199 4
      vertex -17.2429 -56.8423 0
      vertex -14.433 -57.6199 0
    endloop
  endfacet
  facet normal -0.17098 -0.985274 0
    outer loop
      vertex -11.5884 -58.2586 0
      vertex -8.71579 -58.7571 4
      vertex -11.5884 -58.2586 4
    endloop
  endfacet
  facet normal -0.17098 -0.985274 -0
    outer loop
      vertex -8.71579 -58.7571 4
      vertex -11.5884 -58.2586 0
      vertex -8.71579 -58.7571 0
    endloop
  endfacet
  facet normal -0.0735564 -0.997291 0
    outer loop
      vertex -5.82222 -59.114 0
      vertex -4 -59.2484 4
      vertex -5.82222 -59.114 4
    endloop
  endfacet
  facet normal -0.0735564 -0.997291 -0
    outer loop
      vertex -4 -59.2484 4
      vertex -5.82222 -59.114 0
      vertex -4 -59.2484 0
    endloop
  endfacet
  facet normal -0.914221 -0.405215 0
    outer loop
      vertex -53.697 -25.3968 0
      vertex -54.8784 -22.7314 4
      vertex -54.8784 -22.7314 0
    endloop
  endfacet
  facet normal -0.914221 -0.405215 0
    outer loop
      vertex -54.8784 -22.7314 4
      vertex -53.697 -25.3968 0
      vertex -53.697 -25.3968 4
    endloop
  endfacet
  facet normal -0.87009 -0.492892 0
    outer loop
      vertex -50.9491 -30.5377 0
      vertex -52.3861 -28.001 4
      vertex -52.3861 -28.001 0
    endloop
  endfacet
  facet normal -0.87009 -0.492892 0
    outer loop
      vertex -52.3861 -28.001 4
      vertex -50.9491 -30.5377 0
      vertex -50.9491 -30.5377 4
    endloop
  endfacet
  facet normal -0.817572 -0.575826 0
    outer loop
      vertex -47.7105 -35.3845 0
      vertex -49.3893 -33.0009 4
      vertex -49.3893 -33.0009 0
    endloop
  endfacet
  facet normal -0.817572 -0.575826 0
    outer loop
      vertex -49.3893 -33.0009 4
      vertex -47.7105 -35.3845 0
      vertex -47.7105 -35.3845 4
    endloop
  endfacet
  facet normal -0.757207 -0.653175 0
    outer loop
      vertex -44.0125 -39.8906 0
      vertex -45.9168 -37.683 4
      vertex -45.9168 -37.683 0
    endloop
  endfacet
  facet normal -0.757207 -0.653175 0
    outer loop
      vertex -45.9168 -37.683 4
      vertex -44.0125 -39.8906 0
      vertex -44.0125 -39.8906 4
    endloop
  endfacet
  facet normal -0.975718 -0.21903 0
    outer loop
      vertex -57.6199 -14.433 0
      vertex -57.7171 -14 4
      vertex -57.7171 -14 0
    endloop
  endfacet
  facet normal -0.975718 -0.21903 0
    outer loop
      vertex -57.7171 -14 4
      vertex -57.6199 -14.433 0
      vertex -57.6199 -14.433 4
    endloop
  endfacet
  facet normal -0.949524 -0.313695 0
    outer loop
      vertex -55.9277 -20.0113 0
      vertex -56.8423 -17.2429 4
      vertex -56.8423 -17.2429 0
    endloop
  endfacet
  facet normal -0.949524 -0.313695 0
    outer loop
      vertex -56.8423 -17.2429 4
      vertex -55.9277 -20.0113 0
      vertex -55.9277 -20.0113 4
    endloop
  endfacet
  facet normal 0.0735564 -0.997291 0
    outer loop
      vertex 4 -59.2484 0
      vertex 5.82222 -59.114 4
      vertex 4 -59.2484 4
    endloop
  endfacet
  facet normal 0.0735564 -0.997291 0
    outer loop
      vertex 5.82222 -59.114 4
      vertex 4 -59.2484 0
      vertex 5.82222 -59.114 0
    endloop
  endfacet
  facet normal 0.17098 -0.985274 0
    outer loop
      vertex 8.71579 -58.7571 0
      vertex 11.5884 -58.2586 4
      vertex 8.71579 -58.7571 4
    endloop
  endfacet
  facet normal 0.17098 -0.985274 0
    outer loop
      vertex 11.5884 -58.2586 4
      vertex 8.71579 -58.7571 0
      vertex 11.5884 -58.2586 0
    endloop
  endfacet
  facet normal 0.359907 -0.932988 0
    outer loop
      vertex 20.0113 -55.9277 0
      vertex 22.7314 -54.8784 4
      vertex 20.0113 -55.9277 4
    endloop
  endfacet
  facet normal 0.359907 -0.932988 0
    outer loop
      vertex 22.7314 -54.8784 4
      vertex 20.0113 -55.9277 0
      vertex 22.7314 -54.8784 0
    endloop
  endfacet
  facet normal 0.266711 -0.963776 0
    outer loop
      vertex 14.433 -57.6199 0
      vertex 17.2429 -56.8423 4
      vertex 14.433 -57.6199 4
    endloop
  endfacet
  facet normal 0.266711 -0.963776 0
    outer loop
      vertex 17.2429 -56.8423 4
      vertex 14.433 -57.6199 0
      vertex 17.2429 -56.8423 0
    endloop
  endfacet
  facet normal 0.615217 -0.788358 0
    outer loop
      vertex 35.3845 -47.7105 0
      vertex 37.683 -45.9168 4
      vertex 35.3845 -47.7105 4
    endloop
  endfacet
  facet normal 0.615217 -0.788358 0
    outer loop
      vertex 37.683 -45.9168 4
      vertex 35.3845 -47.7105 0
      vertex 37.683 -45.9168 0
    endloop
  endfacet
  facet normal 0.653175 -0.757207 0
    outer loop
      vertex 37.683 -45.9168 0
      vertex 39.8906 -44.0125 4
      vertex 37.683 -45.9168 4
    endloop
  endfacet
  facet normal 0.653175 -0.757207 0
    outer loop
      vertex 39.8906 -44.0125 4
      vertex 37.683 -45.9168 0
      vertex 39.8906 -44.0125 0
    endloop
  endfacet
  facet normal 0.724233 -0.689556 0
    outer loop
      vertex 42.0021 -42.0021 4
      vertex 44.0125 -39.8906 0
      vertex 44.0125 -39.8906 4
    endloop
  endfacet
  facet normal 0.724233 -0.689556 0
    outer loop
      vertex 44.0125 -39.8906 0
      vertex 42.0021 -42.0021 4
      vertex 42.0021 -42.0021 0
    endloop
  endfacet
  facet normal 0.534997 -0.844854 0
    outer loop
      vertex 30.5377 -50.9491 0
      vertex 33.0009 -49.3893 4
      vertex 30.5377 -50.9491 4
    endloop
  endfacet
  facet normal 0.534997 -0.844854 0
    outer loop
      vertex 33.0009 -49.3893 4
      vertex 30.5377 -50.9491 0
      vertex 33.0009 -49.3893 0
    endloop
  endfacet
  facet normal 0.449627 -0.893217 0
    outer loop
      vertex 25.3968 -53.697 0
      vertex 28.001 -52.3861 4
      vertex 25.3968 -53.697 4
    endloop
  endfacet
  facet normal 0.449627 -0.893217 0
    outer loop
      vertex 28.001 -52.3861 4
      vertex 25.3968 -53.697 0
      vertex 28.001 -52.3861 0
    endloop
  endfacet
  facet normal 0.788358 -0.615217 0
    outer loop
      vertex 45.9168 -37.683 4
      vertex 47.7105 -35.3845 0
      vertex 47.7105 -35.3845 4
    endloop
  endfacet
  facet normal 0.788358 -0.615217 0
    outer loop
      vertex 47.7105 -35.3845 0
      vertex 45.9168 -37.683 4
      vertex 45.9168 -37.683 0
    endloop
  endfacet
  facet normal 0.844854 -0.534997 0
    outer loop
      vertex 49.3893 -33.0009 4
      vertex 50.9491 -30.5377 0
      vertex 50.9491 -30.5377 4
    endloop
  endfacet
  facet normal 0.844854 -0.534997 0
    outer loop
      vertex 50.9491 -30.5377 0
      vertex 49.3893 -33.0009 4
      vertex 49.3893 -33.0009 0
    endloop
  endfacet
  facet normal 0.932988 -0.359907 0
    outer loop
      vertex 54.8784 -22.7314 4
      vertex 55.9277 -20.0113 0
      vertex 55.9277 -20.0113 4
    endloop
  endfacet
  facet normal 0.932988 -0.359907 0
    outer loop
      vertex 55.9277 -20.0113 0
      vertex 54.8784 -22.7314 4
      vertex 54.8784 -22.7314 0
    endloop
  endfacet
  facet normal 0.893217 -0.449627 0
    outer loop
      vertex 52.3861 -28.001 4
      vertex 53.697 -25.3968 0
      vertex 53.697 -25.3968 4
    endloop
  endfacet
  facet normal 0.893217 -0.449627 0
    outer loop
      vertex 53.697 -25.3968 0
      vertex 52.3861 -28.001 4
      vertex 52.3861 -28.001 0
    endloop
  endfacet
  facet normal 0.963776 -0.266711 0
    outer loop
      vertex 56.8423 -17.2429 4
      vertex 57.6199 -14.433 0
      vertex 57.6199 -14.433 4
    endloop
  endfacet
  facet normal 0.963776 -0.266711 0
    outer loop
      vertex 57.6199 -14.433 0
      vertex 56.8423 -17.2429 4
      vertex 56.8423 -17.2429 0
    endloop
  endfacet
  facet normal 0.985274 -0.17098 0
    outer loop
      vertex 58.2586 -11.5884 4
      vertex 58.7571 -8.71579 0
      vertex 58.7571 -8.71579 4
    endloop
  endfacet
  facet normal 0.985274 -0.17098 0
    outer loop
      vertex 58.7571 -8.71579 0
      vertex 58.2586 -11.5884 4
      vertex 58.2586 -11.5884 0
    endloop
  endfacet
  facet normal 0.997292 -0.0735381 0
    outer loop
      vertex 59.114 -5.82222 4
      vertex 59.3284 -2.91462 0
      vertex 59.3284 -2.91462 4
    endloop
  endfacet
  facet normal 0.997292 -0.0735381 0
    outer loop
      vertex 59.3284 -2.91462 0
      vertex 59.114 -5.82222 4
      vertex 59.114 -5.82222 0
    endloop
  endfacet
  facet normal -0.653175 -0.757207 0
    outer loop
      vertex -39.8906 -44.0125 0
      vertex -37.683 -45.9168 4
      vertex -39.8906 -44.0125 4
    endloop
  endfacet
  facet normal -0.653175 -0.757207 -0
    outer loop
      vertex -37.683 -45.9168 4
      vertex -39.8906 -44.0125 0
      vertex -37.683 -45.9168 0
    endloop
  endfacet
  facet normal -0.575826 -0.817572 0
    outer loop
      vertex -35.3845 -47.7105 0
      vertex -33.0009 -49.3893 4
      vertex -35.3845 -47.7105 4
    endloop
  endfacet
  facet normal -0.575826 -0.817572 -0
    outer loop
      vertex -33.0009 -49.3893 4
      vertex -35.3845 -47.7105 0
      vertex -33.0009 -49.3893 0
    endloop
  endfacet
  facet normal -0.405215 -0.914221 0
    outer loop
      vertex -25.3968 -53.697 0
      vertex -22.7314 -54.8784 4
      vertex -25.3968 -53.697 4
    endloop
  endfacet
  facet normal -0.405215 -0.914221 -0
    outer loop
      vertex -22.7314 -54.8784 4
      vertex -25.3968 -53.697 0
      vertex -22.7314 -54.8784 0
    endloop
  endfacet
  facet normal -0.492892 -0.87009 0
    outer loop
      vertex -30.5377 -50.9491 0
      vertex -28.001 -52.3861 4
      vertex -30.5377 -50.9491 4
    endloop
  endfacet
  facet normal -0.492892 -0.87009 -0
    outer loop
      vertex -28.001 -52.3861 4
      vertex -30.5377 -50.9491 0
      vertex -28.001 -52.3861 0
    endloop
  endfacet
  facet normal -0.313695 -0.949524 0
    outer loop
      vertex -20.0113 -55.9277 0
      vertex -17.2429 -56.8423 4
      vertex -20.0113 -55.9277 4
    endloop
  endfacet
  facet normal -0.313695 -0.949524 -0
    outer loop
      vertex -17.2429 -56.8423 4
      vertex -20.0113 -55.9277 0
      vertex -17.2429 -56.8423 0
    endloop
  endfacet
  facet normal -0.219076 -0.975708 0
    outer loop
      vertex -14.433 -57.6199 0
      vertex -11.5884 -58.2586 4
      vertex -14.433 -57.6199 4
    endloop
  endfacet
  facet normal -0.219076 -0.975708 -0
    outer loop
      vertex -11.5884 -58.2586 4
      vertex -14.433 -57.6199 0
      vertex -11.5884 -58.2586 0
    endloop
  endfacet
  facet normal -0.122415 -0.992479 0
    outer loop
      vertex -8.71579 -58.7571 0
      vertex -5.82222 -59.114 4
      vertex -8.71579 -58.7571 4
    endloop
  endfacet
  facet normal -0.122415 -0.992479 -0
    outer loop
      vertex -5.82222 -59.114 4
      vertex -8.71579 -58.7571 0
      vertex -5.82222 -59.114 0
    endloop
  endfacet
  facet normal -0.893217 -0.449627 0
    outer loop
      vertex -52.3861 -28.001 0
      vertex -53.697 -25.3968 4
      vertex -53.697 -25.3968 0
    endloop
  endfacet
  facet normal -0.893217 -0.449627 0
    outer loop
      vertex -53.697 -25.3968 4
      vertex -52.3861 -28.001 0
      vertex -52.3861 -28.001 4
    endloop
  endfacet
  facet normal -0.844854 -0.534997 0
    outer loop
      vertex -49.3893 -33.0009 0
      vertex -50.9491 -30.5377 4
      vertex -50.9491 -30.5377 0
    endloop
  endfacet
  facet normal -0.844854 -0.534997 0
    outer loop
      vertex -50.9491 -30.5377 4
      vertex -49.3893 -33.0009 0
      vertex -49.3893 -33.0009 4
    endloop
  endfacet
  facet normal -0.788358 -0.615217 0
    outer loop
      vertex -45.9168 -37.683 0
      vertex -47.7105 -35.3845 4
      vertex -47.7105 -35.3845 0
    endloop
  endfacet
  facet normal -0.788358 -0.615217 0
    outer loop
      vertex -47.7105 -35.3845 4
      vertex -45.9168 -37.683 0
      vertex -45.9168 -37.683 4
    endloop
  endfacet
  facet normal -0.724233 -0.689556 0
    outer loop
      vertex -42.0021 -42.0021 0
      vertex -44.0125 -39.8906 4
      vertex -44.0125 -39.8906 0
    endloop
  endfacet
  facet normal -0.724233 -0.689556 0
    outer loop
      vertex -44.0125 -39.8906 4
      vertex -42.0021 -42.0021 0
      vertex -42.0021 -42.0021 4
    endloop
  endfacet
  facet normal -0.963776 -0.266711 0
    outer loop
      vertex -56.8423 -17.2429 0
      vertex -57.6199 -14.433 4
      vertex -57.6199 -14.433 0
    endloop
  endfacet
  facet normal -0.963776 -0.266711 0
    outer loop
      vertex -57.6199 -14.433 4
      vertex -56.8423 -17.2429 0
      vertex -56.8423 -17.2429 4
    endloop
  endfacet
  facet normal -0.932988 -0.359907 0
    outer loop
      vertex -54.8784 -22.7314 0
      vertex -55.9277 -20.0113 4
      vertex -55.9277 -20.0113 0
    endloop
  endfacet
  facet normal -0.932988 -0.359907 0
    outer loop
      vertex -55.9277 -20.0113 4
      vertex -54.8784 -22.7314 0
      vertex -54.8784 -22.7314 4
    endloop
  endfacet
  facet normal 0.689556 -0.724233 0
    outer loop
      vertex 39.8906 -44.0125 0
      vertex 42.0021 -42.0021 4
      vertex 39.8906 -44.0125 4
    endloop
  endfacet
  facet normal 0.689556 -0.724233 0
    outer loop
      vertex 42.0021 -42.0021 4
      vertex 39.8906 -44.0125 0
      vertex 42.0021 -42.0021 0
    endloop
  endfacet
  facet normal -0.999699 -0.0245354 0
    outer loop
      vertex 47 0 0
      vertex 46.9434 2.30618 4
      vertex 46.9434 2.30618 0
    endloop
  endfacet
  facet normal -0.999699 -0.0245354 0
    outer loop
      vertex 46.9434 2.30618 4
      vertex 47 0 0
      vertex 47 0 4
    endloop
  endfacet
  facet normal -0.0245354 -0.999699 0
    outer loop
      vertex 0 47 0
      vertex 2.30618 46.9434 4
      vertex 0 47 4
    endloop
  endfacet
  facet normal -0.0245354 -0.999699 -0
    outer loop
      vertex 2.30618 46.9434 4
      vertex 0 47 0
      vertex 2.30618 46.9434 0
    endloop
  endfacet
  facet normal 0.0245354 0.999699 -0
    outer loop
      vertex 0 -47 0
      vertex -2.30618 -46.9434 4
      vertex 0 -47 4
    endloop
  endfacet
  facet normal 0.0245354 0.999699 0
    outer loop
      vertex -2.30618 -46.9434 4
      vertex 0 -47 0
      vertex -2.30618 -46.9434 0
    endloop
  endfacet
  facet normal -0.724234 -0.689554 0
    outer loop
      vertex 34.8247 31.5633 0
      vertex 33.234 33.234 4
      vertex 33.234 33.234 0
    endloop
  endfacet
  facet normal -0.724234 -0.689554 0
    outer loop
      vertex 33.234 33.234 4
      vertex 34.8247 31.5633 0
      vertex 34.8247 31.5633 4
    endloop
  endfacet
  facet normal 0.689554 -0.724234 0
    outer loop
      vertex -33.234 33.234 0
      vertex -31.5633 34.8247 4
      vertex -33.234 33.234 4
    endloop
  endfacet
  facet normal 0.689554 -0.724234 0
    outer loop
      vertex -31.5633 34.8247 4
      vertex -33.234 33.234 0
      vertex -31.5633 34.8247 0
    endloop
  endfacet
  facet normal -0.932983 -0.35992 0
    outer loop
      vertex 44.2526 15.8338 0
      vertex 43.4223 17.9861 4
      vertex 43.4223 17.9861 0
    endloop
  endfacet
  facet normal -0.932983 -0.35992 0
    outer loop
      vertex 43.4223 17.9861 4
      vertex 44.2526 15.8338 0
      vertex 44.2526 15.8338 4
    endloop
  endfacet
  facet normal -0.757209 -0.653173 0
    outer loop
      vertex 36.3315 29.8165 0
      vertex 34.8247 31.5633 4
      vertex 34.8247 31.5633 0
    endloop
  endfacet
  facet normal -0.757209 -0.653173 0
    outer loop
      vertex 34.8247 31.5633 4
      vertex 36.3315 29.8165 0
      vertex 36.3315 29.8165 4
    endloop
  endfacet
  facet normal 0.844871 -0.53497 0
    outer loop
      vertex -40.3132 24.1628 4
      vertex -39.0791 26.1118 0
      vertex -39.0791 26.1118 4
    endloop
  endfacet
  facet normal 0.844871 -0.53497 0
    outer loop
      vertex -39.0791 26.1118 0
      vertex -40.3132 24.1628 4
      vertex -40.3132 24.1628 0
    endloop
  endfacet
  facet normal 0.653173 -0.757209 0
    outer loop
      vertex -31.5633 34.8247 0
      vertex -29.8165 36.3315 4
      vertex -31.5633 34.8247 4
    endloop
  endfacet
  facet normal 0.653173 -0.757209 0
    outer loop
      vertex -29.8165 36.3315 4
      vertex -31.5633 34.8247 0
      vertex -29.8165 36.3315 0
    endloop
  endfacet
  facet normal 0.122416 -0.992479 0
    outer loop
      vertex -6.89633 46.4913 0
      vertex -4.6068 46.7737 4
      vertex -6.89633 46.4913 4
    endloop
  endfacet
  facet normal 0.122416 -0.992479 0
    outer loop
      vertex -4.6068 46.7737 4
      vertex -6.89633 46.4913 0
      vertex -4.6068 46.7737 0
    endloop
  endfacet
  facet normal -0.844871 0.53497 0
    outer loop
      vertex 39.0791 -26.1118 0
      vertex 40.3132 -24.1628 4
      vertex 40.3132 -24.1628 0
    endloop
  endfacet
  facet normal -0.844871 0.53497 0
    outer loop
      vertex 40.3132 -24.1628 4
      vertex 39.0791 -26.1118 0
      vertex 39.0791 -26.1118 4
    endloop
  endfacet
  facet normal -0.219082 0.975707 0
    outer loop
      vertex 11.4201 -45.5915 0
      vertex 9.16924 -46.0969 4
      vertex 11.4201 -45.5915 4
    endloop
  endfacet
  facet normal -0.219082 0.975707 0
    outer loop
      vertex 9.16924 -46.0969 4
      vertex 11.4201 -45.5915 0
      vertex 9.16924 -46.0969 0
    endloop
  endfacet
  facet normal -0.653173 0.757209 0
    outer loop
      vertex 31.5633 -34.8247 0
      vertex 29.8165 -36.3315 4
      vertex 31.5633 -34.8247 4
    endloop
  endfacet
  facet normal -0.653173 0.757209 0
    outer loop
      vertex 29.8165 -36.3315 4
      vertex 31.5633 -34.8247 0
      vertex 29.8165 -36.3315 0
    endloop
  endfacet
  facet normal 0.35992 0.932983 -0
    outer loop
      vertex -15.8338 -44.2526 0
      vertex -17.9861 -43.4223 4
      vertex -15.8338 -44.2526 4
    endloop
  endfacet
  facet normal 0.35992 0.932983 0
    outer loop
      vertex -17.9861 -43.4223 4
      vertex -15.8338 -44.2526 0
      vertex -17.9861 -43.4223 0
    endloop
  endfacet
  facet normal 0.724234 0.689554 0
    outer loop
      vertex -33.234 -33.234 4
      vertex -34.8247 -31.5633 0
      vertex -34.8247 -31.5633 4
    endloop
  endfacet
  facet normal 0.724234 0.689554 0
    outer loop
      vertex -34.8247 -31.5633 0
      vertex -33.234 -33.234 4
      vertex -33.234 -33.234 0
    endloop
  endfacet
  facet normal -0.963773 -0.266725 0
    outer loop
      vertex 45.5915 11.4201 0
      vertex 44.9762 13.6434 4
      vertex 44.9762 13.6434 0
    endloop
  endfacet
  facet normal -0.963773 -0.266725 0
    outer loop
      vertex 44.9762 13.6434 4
      vertex 45.5915 11.4201 0
      vertex 45.5915 11.4201 4
    endloop
  endfacet
  facet normal -0.893219 -0.449622 0
    outer loop
      vertex 42.4875 20.0951 0
      vertex 41.4503 22.1556 4
      vertex 41.4503 22.1556 0
    endloop
  endfacet
  facet normal -0.893219 -0.449622 0
    outer loop
      vertex 41.4503 22.1556 4
      vertex 42.4875 20.0951 0
      vertex 42.4875 20.0951 4
    endloop
  endfacet
  facet normal -0.788336 -0.615245 0
    outer loop
      vertex 37.7508 27.9979 0
      vertex 36.3315 29.8165 4
      vertex 36.3315 29.8165 0
    endloop
  endfacet
  facet normal -0.788336 -0.615245 0
    outer loop
      vertex 36.3315 29.8165 4
      vertex 37.7508 27.9979 0
      vertex 37.7508 27.9979 4
    endloop
  endfacet
  facet normal -0.219082 -0.975707 0
    outer loop
      vertex 9.16924 46.0969 0
      vertex 11.4201 45.5915 4
      vertex 9.16924 46.0969 4
    endloop
  endfacet
  facet normal -0.219082 -0.975707 -0
    outer loop
      vertex 11.4201 45.5915 4
      vertex 9.16924 46.0969 0
      vertex 11.4201 45.5915 0
    endloop
  endfacet
  facet normal -0.653173 -0.757209 0
    outer loop
      vertex 29.8165 36.3315 0
      vertex 31.5633 34.8247 4
      vertex 29.8165 36.3315 4
    endloop
  endfacet
  facet normal -0.653173 -0.757209 -0
    outer loop
      vertex 31.5633 34.8247 4
      vertex 29.8165 36.3315 0
      vertex 31.5633 34.8247 0
    endloop
  endfacet
  facet normal -0.49291 -0.87008 0
    outer loop
      vertex 22.1556 41.4503 0
      vertex 24.1628 40.3132 4
      vertex 22.1556 41.4503 4
    endloop
  endfacet
  facet normal -0.49291 -0.87008 -0
    outer loop
      vertex 24.1628 40.3132 4
      vertex 22.1556 41.4503 0
      vertex 24.1628 40.3132 0
    endloop
  endfacet
  facet normal 0.53497 -0.844871 0
    outer loop
      vertex -26.1118 39.0791 0
      vertex -24.1628 40.3132 4
      vertex -26.1118 39.0791 4
    endloop
  endfacet
  facet normal 0.53497 -0.844871 0
    outer loop
      vertex -24.1628 40.3132 4
      vertex -26.1118 39.0791 0
      vertex -24.1628 40.3132 0
    endloop
  endfacet
  facet normal 0.615245 -0.788336 0
    outer loop
      vertex -29.8165 36.3315 0
      vertex -27.9979 37.7508 4
      vertex -29.8165 36.3315 4
    endloop
  endfacet
  facet normal 0.615245 -0.788336 0
    outer loop
      vertex -27.9979 37.7508 4
      vertex -29.8165 36.3315 0
      vertex -27.9979 37.7508 0
    endloop
  endfacet
  facet normal 0.0735629 -0.997291 0
    outer loop
      vertex -4.6068 46.7737 0
      vertex -2.30618 46.9434 4
      vertex -4.6068 46.7737 4
    endloop
  endfacet
  facet normal 0.0735629 -0.997291 0
    outer loop
      vertex -2.30618 46.9434 4
      vertex -4.6068 46.7737 0
      vertex -2.30618 46.9434 0
    endloop
  endfacet
  facet normal 0.914219 0.405221 0
    outer loop
      vertex -42.4875 -20.0951 4
      vertex -43.4223 -17.9861 0
      vertex -43.4223 -17.9861 4
    endloop
  endfacet
  facet normal 0.914219 0.405221 0
    outer loop
      vertex -43.4223 -17.9861 0
      vertex -42.4875 -20.0951 4
      vertex -42.4875 -20.0951 0
    endloop
  endfacet
  facet normal -0.992479 -0.122416 0
    outer loop
      vertex 46.7737 4.6068 0
      vertex 46.4913 6.89633 4
      vertex 46.4913 6.89633 0
    endloop
  endfacet
  facet normal -0.992479 -0.122416 0
    outer loop
      vertex 46.4913 6.89633 4
      vertex 46.7737 4.6068 0
      vertex 46.7737 4.6068 4
    endloop
  endfacet
  facet normal -0.997291 -0.0735629 0
    outer loop
      vertex 46.9434 2.30618 0
      vertex 46.7737 4.6068 4
      vertex 46.7737 4.6068 0
    endloop
  endfacet
  facet normal -0.997291 -0.0735629 0
    outer loop
      vertex 46.7737 4.6068 4
      vertex 46.9434 2.30618 0
      vertex 46.9434 2.30618 4
    endloop
  endfacet
  facet normal -0.975707 -0.219082 0
    outer loop
      vertex 46.0969 9.16924 0
      vertex 45.5915 11.4201 4
      vertex 45.5915 11.4201 0
    endloop
  endfacet
  facet normal -0.975707 -0.219082 0
    outer loop
      vertex 45.5915 11.4201 4
      vertex 46.0969 9.16924 0
      vertex 46.0969 9.16924 4
    endloop
  endfacet
  facet normal -0.985277 -0.170967 0
    outer loop
      vertex 46.4913 6.89633 0
      vertex 46.0969 9.16924 4
      vertex 46.0969 9.16924 0
    endloop
  endfacet
  facet normal -0.985277 -0.170967 0
    outer loop
      vertex 46.0969 9.16924 4
      vertex 46.4913 6.89633 0
      vertex 46.4913 6.89633 4
    endloop
  endfacet
  facet normal -0.817593 -0.575796 0
    outer loop
      vertex 39.0791 26.1118 0
      vertex 37.7508 27.9979 4
      vertex 37.7508 27.9979 0
    endloop
  endfacet
  facet normal -0.817593 -0.575796 0
    outer loop
      vertex 37.7508 27.9979 4
      vertex 39.0791 26.1118 0
      vertex 39.0791 26.1118 4
    endloop
  endfacet
  facet normal -0.844871 -0.53497 0
    outer loop
      vertex 40.3132 24.1628 0
      vertex 39.0791 26.1118 4
      vertex 39.0791 26.1118 0
    endloop
  endfacet
  facet normal -0.844871 -0.53497 0
    outer loop
      vertex 39.0791 26.1118 4
      vertex 40.3132 24.1628 0
      vertex 40.3132 24.1628 4
    endloop
  endfacet
  facet normal -0.87008 -0.49291 0
    outer loop
      vertex 41.4503 22.1556 0
      vertex 40.3132 24.1628 4
      vertex 40.3132 24.1628 0
    endloop
  endfacet
  facet normal -0.87008 -0.49291 0
    outer loop
      vertex 40.3132 24.1628 4
      vertex 41.4503 22.1556 0
      vertex 41.4503 22.1556 4
    endloop
  endfacet
  facet normal -0.914219 -0.405221 0
    outer loop
      vertex 43.4223 17.9861 0
      vertex 42.4875 20.0951 4
      vertex 42.4875 20.0951 0
    endloop
  endfacet
  facet normal -0.914219 -0.405221 0
    outer loop
      vertex 42.4875 20.0951 4
      vertex 43.4223 17.9861 0
      vertex 43.4223 17.9861 4
    endloop
  endfacet
  facet normal -0.122416 -0.992479 0
    outer loop
      vertex 4.6068 46.7737 0
      vertex 6.89633 46.4913 4
      vertex 4.6068 46.7737 4
    endloop
  endfacet
  facet normal -0.122416 -0.992479 -0
    outer loop
      vertex 6.89633 46.4913 4
      vertex 4.6068 46.7737 0
      vertex 6.89633 46.4913 0
    endloop
  endfacet
  facet normal -0.313678 -0.94953 0
    outer loop
      vertex 13.6434 44.9762 0
      vertex 15.8338 44.2526 4
      vertex 13.6434 44.9762 4
    endloop
  endfacet
  facet normal -0.313678 -0.94953 -0
    outer loop
      vertex 15.8338 44.2526 4
      vertex 13.6434 44.9762 0
      vertex 15.8338 44.2526 0
    endloop
  endfacet
  facet normal -0.266725 -0.963773 0
    outer loop
      vertex 11.4201 45.5915 0
      vertex 13.6434 44.9762 4
      vertex 11.4201 45.5915 4
    endloop
  endfacet
  facet normal -0.266725 -0.963773 -0
    outer loop
      vertex 13.6434 44.9762 4
      vertex 11.4201 45.5915 0
      vertex 13.6434 44.9762 0
    endloop
  endfacet
  facet normal -0.170967 -0.985277 0
    outer loop
      vertex 6.89633 46.4913 0
      vertex 9.16924 46.0969 4
      vertex 6.89633 46.4913 4
    endloop
  endfacet
  facet normal -0.170967 -0.985277 -0
    outer loop
      vertex 9.16924 46.0969 4
      vertex 6.89633 46.4913 0
      vertex 9.16924 46.0969 0
    endloop
  endfacet
  facet normal -0.0735629 -0.997291 0
    outer loop
      vertex 2.30618 46.9434 0
      vertex 4.6068 46.7737 4
      vertex 2.30618 46.9434 4
    endloop
  endfacet
  facet normal -0.0735629 -0.997291 -0
    outer loop
      vertex 4.6068 46.7737 4
      vertex 2.30618 46.9434 0
      vertex 4.6068 46.7737 0
    endloop
  endfacet
  facet normal -0.405221 -0.914219 0
    outer loop
      vertex 17.9861 43.4223 0
      vertex 20.0951 42.4875 4
      vertex 17.9861 43.4223 4
    endloop
  endfacet
  facet normal -0.405221 -0.914219 -0
    outer loop
      vertex 20.0951 42.4875 4
      vertex 17.9861 43.4223 0
      vertex 20.0951 42.4875 0
    endloop
  endfacet
  facet normal -0.53497 -0.844871 0
    outer loop
      vertex 24.1628 40.3132 0
      vertex 26.1118 39.0791 4
      vertex 24.1628 40.3132 4
    endloop
  endfacet
  facet normal -0.53497 -0.844871 -0
    outer loop
      vertex 26.1118 39.0791 4
      vertex 24.1628 40.3132 0
      vertex 26.1118 39.0791 0
    endloop
  endfacet
  facet normal -0.575796 -0.817593 0
    outer loop
      vertex 26.1118 39.0791 0
      vertex 27.9979 37.7508 4
      vertex 26.1118 39.0791 4
    endloop
  endfacet
  facet normal -0.575796 -0.817593 -0
    outer loop
      vertex 27.9979 37.7508 4
      vertex 26.1118 39.0791 0
      vertex 27.9979 37.7508 0
    endloop
  endfacet
  facet normal -0.615245 -0.788336 0
    outer loop
      vertex 27.9979 37.7508 0
      vertex 29.8165 36.3315 4
      vertex 27.9979 37.7508 4
    endloop
  endfacet
  facet normal -0.615245 -0.788336 -0
    outer loop
      vertex 29.8165 36.3315 4
      vertex 27.9979 37.7508 0
      vertex 29.8165 36.3315 0
    endloop
  endfacet
  facet normal -0.689554 -0.724234 0
    outer loop
      vertex 31.5633 34.8247 0
      vertex 33.234 33.234 4
      vertex 31.5633 34.8247 4
    endloop
  endfacet
  facet normal -0.689554 -0.724234 -0
    outer loop
      vertex 33.234 33.234 4
      vertex 31.5633 34.8247 0
      vertex 33.234 33.234 0
    endloop
  endfacet
  facet normal 0.724234 -0.689554 0
    outer loop
      vertex -34.8247 31.5633 4
      vertex -33.234 33.234 0
      vertex -33.234 33.234 4
    endloop
  endfacet
  facet normal 0.724234 -0.689554 0
    outer loop
      vertex -33.234 33.234 0
      vertex -34.8247 31.5633 4
      vertex -34.8247 31.5633 0
    endloop
  endfacet
  facet normal 0.87008 -0.49291 0
    outer loop
      vertex -41.4503 22.1556 4
      vertex -40.3132 24.1628 0
      vertex -40.3132 24.1628 4
    endloop
  endfacet
  facet normal 0.87008 -0.49291 0
    outer loop
      vertex -40.3132 24.1628 0
      vertex -41.4503 22.1556 4
      vertex -41.4503 22.1556 0
    endloop
  endfacet
  facet normal 0.914219 -0.405221 0
    outer loop
      vertex -43.4223 17.9861 4
      vertex -42.4875 20.0951 0
      vertex -42.4875 20.0951 4
    endloop
  endfacet
  facet normal 0.914219 -0.405221 0
    outer loop
      vertex -42.4875 20.0951 0
      vertex -43.4223 17.9861 4
      vertex -43.4223 17.9861 0
    endloop
  endfacet
  facet normal 0.893219 -0.449622 0
    outer loop
      vertex -42.4875 20.0951 4
      vertex -41.4503 22.1556 0
      vertex -41.4503 22.1556 4
    endloop
  endfacet
  facet normal 0.893219 -0.449622 0
    outer loop
      vertex -41.4503 22.1556 0
      vertex -42.4875 20.0951 4
      vertex -42.4875 20.0951 0
    endloop
  endfacet
  facet normal 0.949529 -0.313679 0
    outer loop
      vertex -44.8584 14 4
      vertex -44.2526 15.8338 0
      vertex -44.2526 15.8338 4
    endloop
  endfacet
  facet normal 0.949529 -0.313679 0
    outer loop
      vertex -44.2526 15.8338 0
      vertex -44.8584 14 4
      vertex -44.8584 14 0
    endloop
  endfacet
  facet normal 0.449622 -0.893219 0
    outer loop
      vertex -22.1556 41.4503 0
      vertex -20.0951 42.4875 4
      vertex -22.1556 41.4503 4
    endloop
  endfacet
  facet normal 0.449622 -0.893219 0
    outer loop
      vertex -20.0951 42.4875 4
      vertex -22.1556 41.4503 0
      vertex -20.0951 42.4875 0
    endloop
  endfacet
  facet normal 0.49291 -0.87008 0
    outer loop
      vertex -24.1628 40.3132 0
      vertex -22.1556 41.4503 4
      vertex -24.1628 40.3132 4
    endloop
  endfacet
  facet normal 0.49291 -0.87008 0
    outer loop
      vertex -22.1556 41.4503 4
      vertex -24.1628 40.3132 0
      vertex -22.1556 41.4503 0
    endloop
  endfacet
  facet normal 0.575796 -0.817593 0
    outer loop
      vertex -27.9979 37.7508 0
      vertex -26.1118 39.0791 4
      vertex -27.9979 37.7508 4
    endloop
  endfacet
  facet normal 0.575796 -0.817593 0
    outer loop
      vertex -26.1118 39.0791 4
      vertex -27.9979 37.7508 0
      vertex -26.1118 39.0791 0
    endloop
  endfacet
  facet normal 0.35992 -0.932983 0
    outer loop
      vertex -17.9861 43.4223 0
      vertex -15.8338 44.2526 4
      vertex -17.9861 43.4223 4
    endloop
  endfacet
  facet normal 0.35992 -0.932983 0
    outer loop
      vertex -15.8338 44.2526 4
      vertex -17.9861 43.4223 0
      vertex -15.8338 44.2526 0
    endloop
  endfacet
  facet normal 0.219082 -0.975707 0
    outer loop
      vertex -11.4201 45.5915 0
      vertex -9.16924 46.0969 4
      vertex -11.4201 45.5915 4
    endloop
  endfacet
  facet normal 0.219082 -0.975707 0
    outer loop
      vertex -9.16924 46.0969 4
      vertex -11.4201 45.5915 0
      vertex -9.16924 46.0969 0
    endloop
  endfacet
  facet normal 0.266725 -0.963773 0
    outer loop
      vertex -13.6434 44.9762 0
      vertex -11.4201 45.5915 4
      vertex -13.6434 44.9762 4
    endloop
  endfacet
  facet normal 0.266725 -0.963773 0
    outer loop
      vertex -11.4201 45.5915 4
      vertex -13.6434 44.9762 0
      vertex -11.4201 45.5915 0
    endloop
  endfacet
  facet normal 0.170967 -0.985277 0
    outer loop
      vertex -9.16924 46.0969 0
      vertex -6.89633 46.4913 4
      vertex -9.16924 46.0969 4
    endloop
  endfacet
  facet normal 0.170967 -0.985277 0
    outer loop
      vertex -6.89633 46.4913 4
      vertex -9.16924 46.0969 0
      vertex -6.89633 46.4913 0
    endloop
  endfacet
  facet normal 0.0245354 -0.999699 0
    outer loop
      vertex -2.30618 46.9434 0
      vertex 0 47 4
      vertex -2.30618 46.9434 4
    endloop
  endfacet
  facet normal 0.0245354 -0.999699 0
    outer loop
      vertex 0 47 4
      vertex -2.30618 46.9434 0
      vertex 0 47 0
    endloop
  endfacet
  facet normal -0.999699 0.0245354 0
    outer loop
      vertex 46.9434 -2.30618 0
      vertex 47 0 4
      vertex 47 0 0
    endloop
  endfacet
  facet normal -0.999699 0.0245354 0
    outer loop
      vertex 47 0 4
      vertex 46.9434 -2.30618 0
      vertex 46.9434 -2.30618 4
    endloop
  endfacet
  facet normal -0.0245354 0.999699 0
    outer loop
      vertex 2.30618 -46.9434 0
      vertex 0 -47 4
      vertex 2.30618 -46.9434 4
    endloop
  endfacet
  facet normal -0.0245354 0.999699 0
    outer loop
      vertex 0 -47 4
      vertex 2.30618 -46.9434 0
      vertex 0 -47 0
    endloop
  endfacet
  facet normal -0.122416 0.992479 0
    outer loop
      vertex 6.89633 -46.4913 0
      vertex 4.6068 -46.7737 4
      vertex 6.89633 -46.4913 4
    endloop
  endfacet
  facet normal -0.122416 0.992479 0
    outer loop
      vertex 4.6068 -46.7737 4
      vertex 6.89633 -46.4913 0
      vertex 4.6068 -46.7737 0
    endloop
  endfacet
  facet normal -0.313678 0.94953 0
    outer loop
      vertex 15.8338 -44.2526 0
      vertex 13.6434 -44.9762 4
      vertex 15.8338 -44.2526 4
    endloop
  endfacet
  facet normal -0.313678 0.94953 0
    outer loop
      vertex 13.6434 -44.9762 4
      vertex 15.8338 -44.2526 0
      vertex 13.6434 -44.9762 0
    endloop
  endfacet
  facet normal -0.35992 0.932983 0
    outer loop
      vertex 17.9861 -43.4223 0
      vertex 15.8338 -44.2526 4
      vertex 17.9861 -43.4223 4
    endloop
  endfacet
  facet normal -0.35992 0.932983 0
    outer loop
      vertex 15.8338 -44.2526 4
      vertex 17.9861 -43.4223 0
      vertex 15.8338 -44.2526 0
    endloop
  endfacet
  facet normal -0.689554 0.724234 0
    outer loop
      vertex 33.234 -33.234 0
      vertex 31.5633 -34.8247 4
      vertex 33.234 -33.234 4
    endloop
  endfacet
  facet normal -0.689554 0.724234 0
    outer loop
      vertex 31.5633 -34.8247 4
      vertex 33.234 -33.234 0
      vertex 31.5633 -34.8247 0
    endloop
  endfacet
  facet normal -0.575796 0.817593 0
    outer loop
      vertex 27.9979 -37.7508 0
      vertex 26.1118 -39.0791 4
      vertex 27.9979 -37.7508 4
    endloop
  endfacet
  facet normal -0.575796 0.817593 0
    outer loop
      vertex 26.1118 -39.0791 4
      vertex 27.9979 -37.7508 0
      vertex 26.1118 -39.0791 0
    endloop
  endfacet
  facet normal -0.49291 0.87008 0
    outer loop
      vertex 24.1628 -40.3132 0
      vertex 22.1556 -41.4503 4
      vertex 24.1628 -40.3132 4
    endloop
  endfacet
  facet normal -0.49291 0.87008 0
    outer loop
      vertex 22.1556 -41.4503 4
      vertex 24.1628 -40.3132 0
      vertex 22.1556 -41.4503 0
    endloop
  endfacet
  facet normal -0.405221 0.914219 0
    outer loop
      vertex 20.0951 -42.4875 0
      vertex 17.9861 -43.4223 4
      vertex 20.0951 -42.4875 4
    endloop
  endfacet
  facet normal -0.405221 0.914219 0
    outer loop
      vertex 17.9861 -43.4223 4
      vertex 20.0951 -42.4875 0
      vertex 17.9861 -43.4223 0
    endloop
  endfacet
  facet normal -0.53497 0.844871 0
    outer loop
      vertex 26.1118 -39.0791 0
      vertex 24.1628 -40.3132 4
      vertex 26.1118 -39.0791 4
    endloop
  endfacet
  facet normal -0.53497 0.844871 0
    outer loop
      vertex 24.1628 -40.3132 4
      vertex 26.1118 -39.0791 0
      vertex 24.1628 -40.3132 0
    endloop
  endfacet
  facet normal -0.724234 0.689554 0
    outer loop
      vertex 33.234 -33.234 0
      vertex 34.8247 -31.5633 4
      vertex 34.8247 -31.5633 0
    endloop
  endfacet
  facet normal -0.724234 0.689554 0
    outer loop
      vertex 34.8247 -31.5633 4
      vertex 33.234 -33.234 0
      vertex 33.234 -33.234 4
    endloop
  endfacet
  facet normal -0.788336 0.615245 0
    outer loop
      vertex 36.3315 -29.8165 0
      vertex 37.7508 -27.9979 4
      vertex 37.7508 -27.9979 0
    endloop
  endfacet
  facet normal -0.788336 0.615245 0
    outer loop
      vertex 37.7508 -27.9979 4
      vertex 36.3315 -29.8165 0
      vertex 36.3315 -29.8165 4
    endloop
  endfacet
  facet normal -0.893219 0.449622 0
    outer loop
      vertex 41.4503 -22.1556 0
      vertex 42.4875 -20.0951 4
      vertex 42.4875 -20.0951 0
    endloop
  endfacet
  facet normal -0.893219 0.449622 0
    outer loop
      vertex 42.4875 -20.0951 4
      vertex 41.4503 -22.1556 0
      vertex 41.4503 -22.1556 4
    endloop
  endfacet
  facet normal -0.914219 0.405221 0
    outer loop
      vertex 42.4875 -20.0951 0
      vertex 43.4223 -17.9861 4
      vertex 43.4223 -17.9861 0
    endloop
  endfacet
  facet normal -0.914219 0.405221 0
    outer loop
      vertex 43.4223 -17.9861 4
      vertex 42.4875 -20.0951 0
      vertex 42.4875 -20.0951 4
    endloop
  endfacet
  facet normal -0.963773 0.266725 0
    outer loop
      vertex 44.9762 -13.6434 0
      vertex 45.5915 -11.4201 4
      vertex 45.5915 -11.4201 0
    endloop
  endfacet
  facet normal -0.963773 0.266725 0
    outer loop
      vertex 45.5915 -11.4201 4
      vertex 44.9762 -13.6434 0
      vertex 44.9762 -13.6434 4
    endloop
  endfacet
  facet normal 0.689554 0.724234 -0
    outer loop
      vertex -31.5633 -34.8247 0
      vertex -33.234 -33.234 4
      vertex -31.5633 -34.8247 4
    endloop
  endfacet
  facet normal 0.689554 0.724234 0
    outer loop
      vertex -33.234 -33.234 4
      vertex -31.5633 -34.8247 0
      vertex -33.234 -33.234 0
    endloop
  endfacet
  facet normal 0.653173 0.757209 -0
    outer loop
      vertex -29.8165 -36.3315 0
      vertex -31.5633 -34.8247 4
      vertex -29.8165 -36.3315 4
    endloop
  endfacet
  facet normal 0.653173 0.757209 0
    outer loop
      vertex -31.5633 -34.8247 4
      vertex -29.8165 -36.3315 0
      vertex -31.5633 -34.8247 0
    endloop
  endfacet
  facet normal 0.615245 0.788336 -0
    outer loop
      vertex -27.9979 -37.7508 0
      vertex -29.8165 -36.3315 4
      vertex -27.9979 -37.7508 4
    endloop
  endfacet
  facet normal 0.615245 0.788336 0
    outer loop
      vertex -29.8165 -36.3315 4
      vertex -27.9979 -37.7508 0
      vertex -29.8165 -36.3315 0
    endloop
  endfacet
  facet normal 0.449622 0.893219 -0
    outer loop
      vertex -20.0951 -42.4875 0
      vertex -22.1556 -41.4503 4
      vertex -20.0951 -42.4875 4
    endloop
  endfacet
  facet normal 0.449622 0.893219 0
    outer loop
      vertex -22.1556 -41.4503 4
      vertex -20.0951 -42.4875 0
      vertex -22.1556 -41.4503 0
    endloop
  endfacet
  facet normal 0.53497 0.844871 -0
    outer loop
      vertex -24.1628 -40.3132 0
      vertex -26.1118 -39.0791 4
      vertex -24.1628 -40.3132 4
    endloop
  endfacet
  facet normal 0.53497 0.844871 0
    outer loop
      vertex -26.1118 -39.0791 4
      vertex -24.1628 -40.3132 0
      vertex -26.1118 -39.0791 0
    endloop
  endfacet
  facet normal 0.266725 0.963773 -0
    outer loop
      vertex -11.4201 -45.5915 0
      vertex -13.6434 -44.9762 4
      vertex -11.4201 -45.5915 4
    endloop
  endfacet
  facet normal 0.266725 0.963773 0
    outer loop
      vertex -13.6434 -44.9762 4
      vertex -11.4201 -45.5915 0
      vertex -13.6434 -44.9762 0
    endloop
  endfacet
  facet normal 0.170967 0.985277 -0
    outer loop
      vertex -6.89633 -46.4913 0
      vertex -9.16924 -46.0969 4
      vertex -6.89633 -46.4913 4
    endloop
  endfacet
  facet normal 0.170967 0.985277 0
    outer loop
      vertex -9.16924 -46.0969 4
      vertex -6.89633 -46.4913 0
      vertex -9.16924 -46.0969 0
    endloop
  endfacet
  facet normal 0.0735629 0.997291 -0
    outer loop
      vertex -2.30618 -46.9434 0
      vertex -4.6068 -46.7737 4
      vertex -2.30618 -46.9434 4
    endloop
  endfacet
  facet normal 0.0735629 0.997291 0
    outer loop
      vertex -4.6068 -46.7737 4
      vertex -2.30618 -46.9434 0
      vertex -4.6068 -46.7737 0
    endloop
  endfacet
  facet normal 0.788336 0.615245 0
    outer loop
      vertex -36.3315 -29.8165 4
      vertex -37.7508 -27.9979 0
      vertex -37.7508 -27.9979 4
    endloop
  endfacet
  facet normal 0.788336 0.615245 0
    outer loop
      vertex -37.7508 -27.9979 0
      vertex -36.3315 -29.8165 4
      vertex -36.3315 -29.8165 0
    endloop
  endfacet
  facet normal 0.817593 0.575796 0
    outer loop
      vertex -37.7508 -27.9979 4
      vertex -39.0791 -26.1118 0
      vertex -39.0791 -26.1118 4
    endloop
  endfacet
  facet normal 0.817593 0.575796 0
    outer loop
      vertex -39.0791 -26.1118 0
      vertex -37.7508 -27.9979 4
      vertex -37.7508 -27.9979 0
    endloop
  endfacet
  facet normal 0.757209 0.653173 0
    outer loop
      vertex -34.8247 -31.5633 4
      vertex -36.3315 -29.8165 0
      vertex -36.3315 -29.8165 4
    endloop
  endfacet
  facet normal 0.757209 0.653173 0
    outer loop
      vertex -36.3315 -29.8165 0
      vertex -34.8247 -31.5633 4
      vertex -34.8247 -31.5633 0
    endloop
  endfacet
  facet normal 0.87008 0.49291 0
    outer loop
      vertex -40.3132 -24.1628 4
      vertex -41.4503 -22.1556 0
      vertex -41.4503 -22.1556 4
    endloop
  endfacet
  facet normal 0.87008 0.49291 0
    outer loop
      vertex -41.4503 -22.1556 0
      vertex -40.3132 -24.1628 4
      vertex -40.3132 -24.1628 0
    endloop
  endfacet
  facet normal 0.932983 0.35992 0
    outer loop
      vertex -43.4223 -17.9861 4
      vertex -44.2526 -15.8338 0
      vertex -44.2526 -15.8338 4
    endloop
  endfacet
  facet normal 0.932983 0.35992 0
    outer loop
      vertex -44.2526 -15.8338 0
      vertex -43.4223 -17.9861 4
      vertex -43.4223 -17.9861 0
    endloop
  endfacet
  facet normal 0.949529 0.313679 0
    outer loop
      vertex -44.2526 -15.8338 4
      vertex -44.8584 -14 0
      vertex -44.8584 -14 4
    endloop
  endfacet
  facet normal 0.949529 0.313679 0
    outer loop
      vertex -44.8584 -14 0
      vertex -44.2526 -15.8338 4
      vertex -44.2526 -15.8338 0
    endloop
  endfacet
  facet normal -0.94953 -0.313678 0
    outer loop
      vertex 44.9762 13.6434 0
      vertex 44.2526 15.8338 4
      vertex 44.2526 15.8338 0
    endloop
  endfacet
  facet normal -0.94953 -0.313678 0
    outer loop
      vertex 44.2526 15.8338 4
      vertex 44.9762 13.6434 0
      vertex 44.9762 13.6434 4
    endloop
  endfacet
  facet normal -0.35992 -0.932983 0
    outer loop
      vertex 15.8338 44.2526 0
      vertex 17.9861 43.4223 4
      vertex 15.8338 44.2526 4
    endloop
  endfacet
  facet normal -0.35992 -0.932983 -0
    outer loop
      vertex 17.9861 43.4223 4
      vertex 15.8338 44.2526 0
      vertex 17.9861 43.4223 0
    endloop
  endfacet
  facet normal -0.449622 -0.893219 0
    outer loop
      vertex 20.0951 42.4875 0
      vertex 22.1556 41.4503 4
      vertex 20.0951 42.4875 4
    endloop
  endfacet
  facet normal -0.449622 -0.893219 -0
    outer loop
      vertex 22.1556 41.4503 4
      vertex 20.0951 42.4875 0
      vertex 22.1556 41.4503 0
    endloop
  endfacet
  facet normal 0.817593 -0.575796 0
    outer loop
      vertex -39.0791 26.1118 4
      vertex -37.7508 27.9979 0
      vertex -37.7508 27.9979 4
    endloop
  endfacet
  facet normal 0.817593 -0.575796 0
    outer loop
      vertex -37.7508 27.9979 0
      vertex -39.0791 26.1118 4
      vertex -39.0791 26.1118 0
    endloop
  endfacet
  facet normal 0.788336 -0.615245 0
    outer loop
      vertex -37.7508 27.9979 4
      vertex -36.3315 29.8165 0
      vertex -36.3315 29.8165 4
    endloop
  endfacet
  facet normal 0.788336 -0.615245 0
    outer loop
      vertex -36.3315 29.8165 0
      vertex -37.7508 27.9979 4
      vertex -37.7508 27.9979 0
    endloop
  endfacet
  facet normal 0.932983 -0.35992 0
    outer loop
      vertex -44.2526 15.8338 4
      vertex -43.4223 17.9861 0
      vertex -43.4223 17.9861 4
    endloop
  endfacet
  facet normal 0.932983 -0.35992 0
    outer loop
      vertex -43.4223 17.9861 0
      vertex -44.2526 15.8338 4
      vertex -44.2526 15.8338 0
    endloop
  endfacet
  facet normal 0.405221 -0.914219 0
    outer loop
      vertex -20.0951 42.4875 0
      vertex -17.9861 43.4223 4
      vertex -20.0951 42.4875 4
    endloop
  endfacet
  facet normal 0.405221 -0.914219 0
    outer loop
      vertex -17.9861 43.4223 4
      vertex -20.0951 42.4875 0
      vertex -17.9861 43.4223 0
    endloop
  endfacet
  facet normal 0.313678 -0.94953 0
    outer loop
      vertex -15.8338 44.2526 0
      vertex -13.6434 44.9762 4
      vertex -15.8338 44.2526 4
    endloop
  endfacet
  facet normal 0.313678 -0.94953 0
    outer loop
      vertex -13.6434 44.9762 4
      vertex -15.8338 44.2526 0
      vertex -13.6434 44.9762 0
    endloop
  endfacet
  facet normal -0.992479 0.122416 0
    outer loop
      vertex 46.4913 -6.89633 0
      vertex 46.7737 -4.6068 4
      vertex 46.7737 -4.6068 0
    endloop
  endfacet
  facet normal -0.992479 0.122416 0
    outer loop
      vertex 46.7737 -4.6068 4
      vertex 46.4913 -6.89633 0
      vertex 46.4913 -6.89633 4
    endloop
  endfacet
  facet normal -0.0735629 0.997291 0
    outer loop
      vertex 4.6068 -46.7737 0
      vertex 2.30618 -46.9434 4
      vertex 4.6068 -46.7737 4
    endloop
  endfacet
  facet normal -0.0735629 0.997291 0
    outer loop
      vertex 2.30618 -46.9434 4
      vertex 4.6068 -46.7737 0
      vertex 2.30618 -46.9434 0
    endloop
  endfacet
  facet normal -0.170967 0.985277 0
    outer loop
      vertex 9.16924 -46.0969 0
      vertex 6.89633 -46.4913 4
      vertex 9.16924 -46.0969 4
    endloop
  endfacet
  facet normal -0.170967 0.985277 0
    outer loop
      vertex 6.89633 -46.4913 4
      vertex 9.16924 -46.0969 0
      vertex 6.89633 -46.4913 0
    endloop
  endfacet
  facet normal -0.266725 0.963773 0
    outer loop
      vertex 13.6434 -44.9762 0
      vertex 11.4201 -45.5915 4
      vertex 13.6434 -44.9762 4
    endloop
  endfacet
  facet normal -0.266725 0.963773 0
    outer loop
      vertex 11.4201 -45.5915 4
      vertex 13.6434 -44.9762 0
      vertex 11.4201 -45.5915 0
    endloop
  endfacet
  facet normal -0.615245 0.788336 0
    outer loop
      vertex 29.8165 -36.3315 0
      vertex 27.9979 -37.7508 4
      vertex 29.8165 -36.3315 4
    endloop
  endfacet
  facet normal -0.615245 0.788336 0
    outer loop
      vertex 27.9979 -37.7508 4
      vertex 29.8165 -36.3315 0
      vertex 27.9979 -37.7508 0
    endloop
  endfacet
  facet normal -0.449622 0.893219 0
    outer loop
      vertex 22.1556 -41.4503 0
      vertex 20.0951 -42.4875 4
      vertex 22.1556 -41.4503 4
    endloop
  endfacet
  facet normal -0.449622 0.893219 0
    outer loop
      vertex 20.0951 -42.4875 4
      vertex 22.1556 -41.4503 0
      vertex 20.0951 -42.4875 0
    endloop
  endfacet
  facet normal -0.817593 0.575796 0
    outer loop
      vertex 37.7508 -27.9979 0
      vertex 39.0791 -26.1118 4
      vertex 39.0791 -26.1118 0
    endloop
  endfacet
  facet normal -0.817593 0.575796 0
    outer loop
      vertex 39.0791 -26.1118 4
      vertex 37.7508 -27.9979 0
      vertex 37.7508 -27.9979 4
    endloop
  endfacet
  facet normal -0.757209 0.653173 0
    outer loop
      vertex 34.8247 -31.5633 0
      vertex 36.3315 -29.8165 4
      vertex 36.3315 -29.8165 0
    endloop
  endfacet
  facet normal -0.757209 0.653173 0
    outer loop
      vertex 36.3315 -29.8165 4
      vertex 34.8247 -31.5633 0
      vertex 34.8247 -31.5633 4
    endloop
  endfacet
  facet normal -0.87008 0.49291 0
    outer loop
      vertex 40.3132 -24.1628 0
      vertex 41.4503 -22.1556 4
      vertex 41.4503 -22.1556 0
    endloop
  endfacet
  facet normal -0.87008 0.49291 0
    outer loop
      vertex 41.4503 -22.1556 4
      vertex 40.3132 -24.1628 0
      vertex 40.3132 -24.1628 4
    endloop
  endfacet
  facet normal -0.932983 0.35992 0
    outer loop
      vertex 43.4223 -17.9861 0
      vertex 44.2526 -15.8338 4
      vertex 44.2526 -15.8338 0
    endloop
  endfacet
  facet normal -0.932983 0.35992 0
    outer loop
      vertex 44.2526 -15.8338 4
      vertex 43.4223 -17.9861 0
      vertex 43.4223 -17.9861 4
    endloop
  endfacet
  facet normal 0.575796 0.817593 -0
    outer loop
      vertex -26.1118 -39.0791 0
      vertex -27.9979 -37.7508 4
      vertex -26.1118 -39.0791 4
    endloop
  endfacet
  facet normal 0.575796 0.817593 0
    outer loop
      vertex -27.9979 -37.7508 4
      vertex -26.1118 -39.0791 0
      vertex -27.9979 -37.7508 0
    endloop
  endfacet
  facet normal 0.405221 0.914219 -0
    outer loop
      vertex -17.9861 -43.4223 0
      vertex -20.0951 -42.4875 4
      vertex -17.9861 -43.4223 4
    endloop
  endfacet
  facet normal 0.405221 0.914219 0
    outer loop
      vertex -20.0951 -42.4875 4
      vertex -17.9861 -43.4223 0
      vertex -20.0951 -42.4875 0
    endloop
  endfacet
  facet normal 0.49291 0.87008 -0
    outer loop
      vertex -22.1556 -41.4503 0
      vertex -24.1628 -40.3132 4
      vertex -22.1556 -41.4503 4
    endloop
  endfacet
  facet normal 0.49291 0.87008 0
    outer loop
      vertex -24.1628 -40.3132 4
      vertex -22.1556 -41.4503 0
      vertex -24.1628 -40.3132 0
    endloop
  endfacet
  facet normal 0.313678 0.94953 -0
    outer loop
      vertex -13.6434 -44.9762 0
      vertex -15.8338 -44.2526 4
      vertex -13.6434 -44.9762 4
    endloop
  endfacet
  facet normal 0.313678 0.94953 0
    outer loop
      vertex -15.8338 -44.2526 4
      vertex -13.6434 -44.9762 0
      vertex -15.8338 -44.2526 0
    endloop
  endfacet
  facet normal 0.219082 0.975707 -0
    outer loop
      vertex -9.16924 -46.0969 0
      vertex -11.4201 -45.5915 4
      vertex -9.16924 -46.0969 4
    endloop
  endfacet
  facet normal 0.219082 0.975707 0
    outer loop
      vertex -11.4201 -45.5915 4
      vertex -9.16924 -46.0969 0
      vertex -11.4201 -45.5915 0
    endloop
  endfacet
  facet normal 0.122416 0.992479 -0
    outer loop
      vertex -4.6068 -46.7737 0
      vertex -6.89633 -46.4913 4
      vertex -4.6068 -46.7737 4
    endloop
  endfacet
  facet normal 0.122416 0.992479 0
    outer loop
      vertex -6.89633 -46.4913 4
      vertex -4.6068 -46.7737 0
      vertex -6.89633 -46.4913 0
    endloop
  endfacet
  facet normal 0.893219 0.449622 0
    outer loop
      vertex -41.4503 -22.1556 4
      vertex -42.4875 -20.0951 0
      vertex -42.4875 -20.0951 4
    endloop
  endfacet
  facet normal 0.893219 0.449622 0
    outer loop
      vertex -42.4875 -20.0951 0
      vertex -41.4503 -22.1556 4
      vertex -41.4503 -22.1556 0
    endloop
  endfacet
  facet normal 0.844871 0.53497 0
    outer loop
      vertex -39.0791 -26.1118 4
      vertex -40.3132 -24.1628 0
      vertex -40.3132 -24.1628 4
    endloop
  endfacet
  facet normal 0.844871 0.53497 0
    outer loop
      vertex -40.3132 -24.1628 0
      vertex -39.0791 -26.1118 4
      vertex -39.0791 -26.1118 0
    endloop
  endfacet
  facet normal 0.757209 -0.653173 0
    outer loop
      vertex -36.3315 29.8165 4
      vertex -34.8247 31.5633 0
      vertex -34.8247 31.5633 4
    endloop
  endfacet
  facet normal 0.757209 -0.653173 0
    outer loop
      vertex -34.8247 31.5633 0
      vertex -36.3315 29.8165 4
      vertex -36.3315 29.8165 0
    endloop
  endfacet
  facet normal -0.94953 0.313678 0
    outer loop
      vertex 44.2526 -15.8338 0
      vertex 44.9762 -13.6434 4
      vertex 44.9762 -13.6434 0
    endloop
  endfacet
  facet normal -0.94953 0.313678 0
    outer loop
      vertex 44.9762 -13.6434 4
      vertex 44.2526 -15.8338 0
      vertex 44.2526 -15.8338 4
    endloop
  endfacet
  facet normal -0.985277 0.170967 0
    outer loop
      vertex 46.0969 -9.16924 0
      vertex 46.4913 -6.89633 4
      vertex 46.4913 -6.89633 0
    endloop
  endfacet
  facet normal -0.985277 0.170967 0
    outer loop
      vertex 46.4913 -6.89633 4
      vertex 46.0969 -9.16924 0
      vertex 46.0969 -9.16924 4
    endloop
  endfacet
  facet normal -0.975707 0.219082 0
    outer loop
      vertex 45.5915 -11.4201 0
      vertex 46.0969 -9.16924 4
      vertex 46.0969 -9.16924 0
    endloop
  endfacet
  facet normal -0.975707 0.219082 0
    outer loop
      vertex 46.0969 -9.16924 4
      vertex 45.5915 -11.4201 0
      vertex 45.5915 -11.4201 4
    endloop
  endfacet
  facet normal -0.997291 0.0735629 0
    outer loop
      vertex 46.7737 -4.6068 0
      vertex 46.9434 -2.30618 4
      vertex 46.9434 -2.30618 0
    endloop
  endfacet
  facet normal -0.997291 0.0735629 0
    outer loop
      vertex 46.9434 -2.30618 4
      vertex 46.7737 -4.6068 0
      vertex 46.7737 -4.6068 4
    endloop
  endfacet
  facet normal 0.707107 0.707107 0
    outer loop
      vertex 39.2444 44.9013 4
      vertex 41.189 42.9567 2
      vertex 39.2444 44.9013 0
    endloop
  endfacet
  facet normal 0.707107 0.707107 0
    outer loop
      vertex 39.2444 44.9013 4
      vertex 41.2191 42.9266 2.32352
      vertex 41.189 42.9567 2
    endloop
  endfacet
  facet normal 0.707107 0.707107 0
    outer loop
      vertex 39.2444 44.9013 4
      vertex 41.3074 42.8383 2.625
      vertex 41.2191 42.9266 2.32352
    endloop
  endfacet
  facet normal 0.70704 0.707174 -0.000200603
    outer loop
      vertex 39.2444 44.9013 4
      vertex 41.4479 42.6979 2.88388
      vertex 41.3074 42.8383 2.625
    endloop
  endfacet
  facet normal 0.707157 0.707056 0.000262843
    outer loop
      vertex 39.2444 44.9013 4
      vertex 41.6309 42.5148 3.08253
      vertex 41.4479 42.6979 2.88388
    endloop
  endfacet
  facet normal 0.707107 0.707107 0
    outer loop
      vertex 39.2444 44.9013 4
      vertex 41.8441 42.3016 3.20741
      vertex 41.6309 42.5148 3.08253
    endloop
  endfacet
  facet normal 0.707011 0.707203 -0.000629486
    outer loop
      vertex 39.2444 44.9013 4
      vertex 42.0729 42.0729 3.25
      vertex 41.8441 42.3016 3.20741
    endloop
  endfacet
  facet normal 0.707107 0.707107 9.42809e-05
    outer loop
      vertex 44.9013 39.2444 4
      vertex 42.0729 42.0729 3.25
      vertex 39.2444 44.9013 4
    endloop
  endfacet
  facet normal 0.707107 0.707107 0
    outer loop
      vertex 42.9266 41.2191 2.32352
      vertex 44.9013 39.2444 4
      vertex 42.9567 41.189 2
    endloop
  endfacet
  facet normal 0.707107 0.707107 0
    outer loop
      vertex 42.8383 41.3074 2.625
      vertex 44.9013 39.2444 4
      vertex 42.9266 41.2191 2.32352
    endloop
  endfacet
  facet normal 0.707174 0.70704 -0.000200603
    outer loop
      vertex 42.6979 41.4479 2.88388
      vertex 44.9013 39.2444 4
      vertex 42.8383 41.3074 2.625
    endloop
  endfacet
  facet normal 0.707056 0.707157 0.000262843
    outer loop
      vertex 42.5148 41.6309 3.08253
      vertex 44.9013 39.2444 4
      vertex 42.6979 41.4479 2.88388
    endloop
  endfacet
  facet normal 0.707107 0.707107 0
    outer loop
      vertex 42.3016 41.8441 3.20741
      vertex 44.9013 39.2444 4
      vertex 42.5148 41.6309 3.08253
    endloop
  endfacet
  facet normal 0.707203 0.707011 -0.000629486
    outer loop
      vertex 42.0729 42.0729 3.25
      vertex 44.9013 39.2444 4
      vertex 42.3016 41.8441 3.20741
    endloop
  endfacet
  facet normal 0.707107 0.707107 0
    outer loop
      vertex 41.2191 42.9266 1.67648
      vertex 39.2444 44.9013 0
      vertex 41.189 42.9567 2
    endloop
  endfacet
  facet normal 0.707107 0.707107 0
    outer loop
      vertex 41.3074 42.8383 1.375
      vertex 39.2444 44.9013 0
      vertex 41.2191 42.9266 1.67648
    endloop
  endfacet
  facet normal 0.70704 0.707174 0.000200603
    outer loop
      vertex 41.4479 42.6979 1.11612
      vertex 39.2444 44.9013 0
      vertex 41.3074 42.8383 1.375
    endloop
  endfacet
  facet normal 0.707157 0.707056 -0.000262842
    outer loop
      vertex 41.6309 42.5148 0.917468
      vertex 39.2444 44.9013 0
      vertex 41.4479 42.6979 1.11612
    endloop
  endfacet
  facet normal 0.707107 0.707107 0
    outer loop
      vertex 41.8441 42.3016 0.792592
      vertex 39.2444 44.9013 0
      vertex 41.6309 42.5148 0.917468
    endloop
  endfacet
  facet normal 0.707011 0.707203 0.000629474
    outer loop
      vertex 42.0729 42.0729 0.75
      vertex 39.2444 44.9013 0
      vertex 41.8441 42.3016 0.792592
    endloop
  endfacet
  facet normal 0.707203 0.707011 0.000629474
    outer loop
      vertex 44.9013 39.2444 0
      vertex 42.0729 42.0729 0.75
      vertex 42.3016 41.8441 0.792592
    endloop
  endfacet
  facet normal 0.707107 0.707107 -0
    outer loop
      vertex 44.9013 39.2444 0
      vertex 42.9567 41.189 2
      vertex 44.9013 39.2444 4
    endloop
  endfacet
  facet normal 0.707107 0.707107 0
    outer loop
      vertex 42.9567 41.189 2
      vertex 44.9013 39.2444 0
      vertex 42.9266 41.2191 1.67648
    endloop
  endfacet
  facet normal 0.707107 0.707107 0
    outer loop
      vertex 42.9266 41.2191 1.67648
      vertex 44.9013 39.2444 0
      vertex 42.8383 41.3074 1.375
    endloop
  endfacet
  facet normal 0.707107 0.707107 -9.42809e-05
    outer loop
      vertex 42.0729 42.0729 0.75
      vertex 44.9013 39.2444 0
      vertex 39.2444 44.9013 0
    endloop
  endfacet
  facet normal 0.707107 0.707107 0
    outer loop
      vertex 42.5148 41.6309 0.917468
      vertex 44.9013 39.2444 0
      vertex 42.3016 41.8441 0.792592
    endloop
  endfacet
  facet normal 0.707056 0.707157 -0.000262842
    outer loop
      vertex 42.6979 41.4479 1.11612
      vertex 44.9013 39.2444 0
      vertex 42.5148 41.6309 0.917468
    endloop
  endfacet
  facet normal 0.707174 0.70704 0.000200603
    outer loop
      vertex 42.8383 41.3074 1.375
      vertex 44.9013 39.2444 0
      vertex 42.6979 41.4479 1.11612
    endloop
  endfacet
  facet normal -0.707107 0.707107 0
    outer loop
      vertex 39.0665 44.7234 0
      vertex 39.2444 44.9013 4
      vertex 39.2444 44.9013 0
    endloop
  endfacet
  facet normal -0.707107 0.707107 0
    outer loop
      vertex 39.2444 44.9013 4
      vertex 39.0665 44.7234 0
      vertex 39.0665 44.7234 4
    endloop
  endfacet
  facet normal 0.707107 -0.707107 0
    outer loop
      vertex 44.7234 39.0665 4
      vertex 44.9013 39.2444 0
      vertex 44.9013 39.2444 4
    endloop
  endfacet
  facet normal 0.707107 -0.707107 0
    outer loop
      vertex 44.9013 39.2444 0
      vertex 44.7234 39.0665 4
      vertex 44.7234 39.0665 0
    endloop
  endfacet
  facet normal -0.707107 0.707107 0
    outer loop
      vertex -39.2444 44.9013 0
      vertex -41.189 42.9567 2
      vertex -39.2444 44.9013 4
    endloop
  endfacet
  facet normal -0.707107 0.707107 0
    outer loop
      vertex -39.2444 44.9013 0
      vertex -41.2191 42.9266 1.67648
      vertex -41.189 42.9567 2
    endloop
  endfacet
  facet normal -0.707107 0.707107 0
    outer loop
      vertex -39.2444 44.9013 0
      vertex -41.3074 42.8383 1.375
      vertex -41.2191 42.9266 1.67648
    endloop
  endfacet
  facet normal -0.70704 0.707174 0.000200603
    outer loop
      vertex -39.2444 44.9013 0
      vertex -41.4479 42.6979 1.11612
      vertex -41.3074 42.8383 1.375
    endloop
  endfacet
  facet normal -0.707157 0.707056 -0.000262842
    outer loop
      vertex -39.2444 44.9013 0
      vertex -41.6309 42.5148 0.917468
      vertex -41.4479 42.6979 1.11612
    endloop
  endfacet
  facet normal -0.707107 0.707107 0
    outer loop
      vertex -39.2444 44.9013 0
      vertex -41.8441 42.3016 0.792592
      vertex -41.6309 42.5148 0.917468
    endloop
  endfacet
  facet normal -0.707011 0.707203 0.000629474
    outer loop
      vertex -39.2444 44.9013 0
      vertex -42.0729 42.0729 0.75
      vertex -41.8441 42.3016 0.792592
    endloop
  endfacet
  facet normal -0.707107 0.707107 -9.42809e-05
    outer loop
      vertex -44.9013 39.2444 0
      vertex -42.0729 42.0729 0.75
      vertex -39.2444 44.9013 0
    endloop
  endfacet
  facet normal -0.707107 0.707107 0
    outer loop
      vertex -42.9266 41.2191 1.67648
      vertex -44.9013 39.2444 0
      vertex -42.9567 41.189 2
    endloop
  endfacet
  facet normal -0.707107 0.707107 0
    outer loop
      vertex -42.8383 41.3074 1.375
      vertex -44.9013 39.2444 0
      vertex -42.9266 41.2191 1.67648
    endloop
  endfacet
  facet normal -0.707174 0.70704 0.000200603
    outer loop
      vertex -42.6979 41.4479 1.11612
      vertex -44.9013 39.2444 0
      vertex -42.8383 41.3074 1.375
    endloop
  endfacet
  facet normal -0.707056 0.707157 -0.000262842
    outer loop
      vertex -42.5148 41.6309 0.917468
      vertex -44.9013 39.2444 0
      vertex -42.6979 41.4479 1.11612
    endloop
  endfacet
  facet normal -0.707107 0.707107 0
    outer loop
      vertex -42.3016 41.8441 0.792592
      vertex -44.9013 39.2444 0
      vertex -42.5148 41.6309 0.917468
    endloop
  endfacet
  facet normal -0.707203 0.707011 0.000629474
    outer loop
      vertex -42.0729 42.0729 0.75
      vertex -44.9013 39.2444 0
      vertex -42.3016 41.8441 0.792592
    endloop
  endfacet
  facet normal -0.707107 0.707107 0
    outer loop
      vertex -41.2191 42.9266 2.32352
      vertex -39.2444 44.9013 4
      vertex -41.189 42.9567 2
    endloop
  endfacet
  facet normal -0.707107 0.707107 0
    outer loop
      vertex -41.3074 42.8383 2.625
      vertex -39.2444 44.9013 4
      vertex -41.2191 42.9266 2.32352
    endloop
  endfacet
  facet normal -0.70704 0.707174 -0.000200603
    outer loop
      vertex -41.4479 42.6979 2.88388
      vertex -39.2444 44.9013 4
      vertex -41.3074 42.8383 2.625
    endloop
  endfacet
  facet normal -0.707157 0.707056 0.000262843
    outer loop
      vertex -41.6309 42.5148 3.08253
      vertex -39.2444 44.9013 4
      vertex -41.4479 42.6979 2.88388
    endloop
  endfacet
  facet normal -0.707107 0.707107 0
    outer loop
      vertex -41.8441 42.3016 3.20741
      vertex -39.2444 44.9013 4
      vertex -41.6309 42.5148 3.08253
    endloop
  endfacet
  facet normal -0.707011 0.707203 -0.000629486
    outer loop
      vertex -42.0729 42.0729 3.25
      vertex -39.2444 44.9013 4
      vertex -41.8441 42.3016 3.20741
    endloop
  endfacet
  facet normal -0.707203 0.707011 -0.000629486
    outer loop
      vertex -44.9013 39.2444 4
      vertex -42.0729 42.0729 3.25
      vertex -42.3016 41.8441 3.20741
    endloop
  endfacet
  facet normal -0.707107 0.707107 0
    outer loop
      vertex -44.9013 39.2444 4
      vertex -42.9567 41.189 2
      vertex -44.9013 39.2444 0
    endloop
  endfacet
  facet normal -0.707107 0.707107 0
    outer loop
      vertex -42.9567 41.189 2
      vertex -44.9013 39.2444 4
      vertex -42.9266 41.2191 2.32352
    endloop
  endfacet
  facet normal -0.707107 0.707107 0
    outer loop
      vertex -42.9266 41.2191 2.32352
      vertex -44.9013 39.2444 4
      vertex -42.8383 41.3074 2.625
    endloop
  endfacet
  facet normal -0.707107 0.707107 9.42809e-05
    outer loop
      vertex -42.0729 42.0729 3.25
      vertex -44.9013 39.2444 4
      vertex -39.2444 44.9013 4
    endloop
  endfacet
  facet normal -0.707107 0.707107 0
    outer loop
      vertex -42.5148 41.6309 3.08253
      vertex -44.9013 39.2444 4
      vertex -42.3016 41.8441 3.20741
    endloop
  endfacet
  facet normal -0.707056 0.707157 0.000262843
    outer loop
      vertex -42.6979 41.4479 2.88388
      vertex -44.9013 39.2444 4
      vertex -42.5148 41.6309 3.08253
    endloop
  endfacet
  facet normal -0.707174 0.70704 -0.000200603
    outer loop
      vertex -42.8383 41.3074 2.625
      vertex -44.9013 39.2444 4
      vertex -42.6979 41.4479 2.88388
    endloop
  endfacet
  facet normal 0.707107 0.707107 0
    outer loop
      vertex -39.0665 44.7234 4
      vertex -39.2444 44.9013 0
      vertex -39.2444 44.9013 4
    endloop
  endfacet
  facet normal 0.707107 0.707107 0
    outer loop
      vertex -39.2444 44.9013 0
      vertex -39.0665 44.7234 4
      vertex -39.0665 44.7234 0
    endloop
  endfacet
  facet normal -0.707107 -0.707107 0
    outer loop
      vertex -44.7234 39.0665 0
      vertex -44.9013 39.2444 4
      vertex -44.9013 39.2444 0
    endloop
  endfacet
  facet normal -0.707107 -0.707107 0
    outer loop
      vertex -44.9013 39.2444 4
      vertex -44.7234 39.0665 0
      vertex -44.7234 39.0665 4
    endloop
  endfacet
  facet normal 0 -1 0
    outer loop
      vertex -4 -59.5 4
      vertex 0 -59.5 3.25
      vertex 4 -59.5 4
    endloop
  endfacet
  facet normal 0 -1 0
    outer loop
      vertex -4 -59.5 4
      vertex -0.323524 -59.5 3.20741
      vertex 0 -59.5 3.25
    endloop
  endfacet
  facet normal 0 -1 0
    outer loop
      vertex -4 -59.5 4
      vertex -0.625 -59.5 3.08253
      vertex -0.323524 -59.5 3.20741
    endloop
  endfacet
  facet normal 0 -1 0
    outer loop
      vertex -4 -59.5 4
      vertex -0.883883 -59.5 2.88388
      vertex -0.625 -59.5 3.08253
    endloop
  endfacet
  facet normal 0 -1 0
    outer loop
      vertex -4 -59.5 4
      vertex -1.08253 -59.5 2.625
      vertex -0.883883 -59.5 2.88388
    endloop
  endfacet
  facet normal 0 -1 0
    outer loop
      vertex -4 -59.5 4
      vertex -1.20741 -59.5 2.32352
      vertex -1.08253 -59.5 2.625
    endloop
  endfacet
  facet normal 0 -1 0
    outer loop
      vertex -4 -59.5 4
      vertex -1.25 -59.5 2
      vertex -1.20741 -59.5 2.32352
    endloop
  endfacet
  facet normal 0 -1 0
    outer loop
      vertex -4 -59.5 0
      vertex -1.25 -59.5 2
      vertex -4 -59.5 4
    endloop
  endfacet
  facet normal 0 -1 -0
    outer loop
      vertex -1.25 -59.5 2
      vertex -4 -59.5 0
      vertex -1.20741 -59.5 1.67648
    endloop
  endfacet
  facet normal 0 -1 -0
    outer loop
      vertex -1.20741 -59.5 1.67648
      vertex -4 -59.5 0
      vertex -1.08253 -59.5 1.375
    endloop
  endfacet
  facet normal 0 -1 -0
    outer loop
      vertex -0.323524 -59.5 0.792592
      vertex -4 -59.5 0
      vertex 0 -59.5 0.75
    endloop
  endfacet
  facet normal 0 -1 -0
    outer loop
      vertex -0.625 -59.5 0.917468
      vertex -4 -59.5 0
      vertex -0.323524 -59.5 0.792592
    endloop
  endfacet
  facet normal 0 -1 -0
    outer loop
      vertex -0.883883 -59.5 1.11612
      vertex -4 -59.5 0
      vertex -0.625 -59.5 0.917468
    endloop
  endfacet
  facet normal 0 -1 -0
    outer loop
      vertex -1.08253 -59.5 1.375
      vertex -4 -59.5 0
      vertex -0.883883 -59.5 1.11612
    endloop
  endfacet
  facet normal 0 -1 0
    outer loop
      vertex 0.323524 -59.5 3.20741
      vertex 4 -59.5 4
      vertex 0 -59.5 3.25
    endloop
  endfacet
  facet normal 0 -1 0
    outer loop
      vertex 0.625 -59.5 3.08253
      vertex 4 -59.5 4
      vertex 0.323524 -59.5 3.20741
    endloop
  endfacet
  facet normal 0 -1 0
    outer loop
      vertex 0.883883 -59.5 2.88388
      vertex 4 -59.5 4
      vertex 0.625 -59.5 3.08253
    endloop
  endfacet
  facet normal 0 -1 0
    outer loop
      vertex 1.08253 -59.5 2.625
      vertex 4 -59.5 4
      vertex 0.883883 -59.5 2.88388
    endloop
  endfacet
  facet normal 0 -1 0
    outer loop
      vertex 1.20741 -59.5 2.32352
      vertex 4 -59.5 4
      vertex 1.08253 -59.5 2.625
    endloop
  endfacet
  facet normal 0 -1 0
    outer loop
      vertex 1.25 -59.5 2
      vertex 4 -59.5 4
      vertex 1.20741 -59.5 2.32352
    endloop
  endfacet
  facet normal 0 -1 0
    outer loop
      vertex 4 -59.5 0
      vertex 1.25 -59.5 2
      vertex 1.20741 -59.5 1.67648
    endloop
  endfacet
  facet normal 0 -1 0
    outer loop
      vertex 4 -59.5 0
      vertex 1.20741 -59.5 1.67648
      vertex 1.08253 -59.5 1.375
    endloop
  endfacet
  facet normal 0 -1 0
    outer loop
      vertex 4 -59.5 0
      vertex 1.08253 -59.5 1.375
      vertex 0.883883 -59.5 1.11612
    endloop
  endfacet
  facet normal 0 -1 0
    outer loop
      vertex 4 -59.5 0
      vertex 0 -59.5 0.75
      vertex -4 -59.5 0
    endloop
  endfacet
  facet normal 0 -1 0
    outer loop
      vertex 1.25 -59.5 2
      vertex 4 -59.5 0
      vertex 4 -59.5 4
    endloop
  endfacet
  facet normal 0 -1 0
    outer loop
      vertex 0.625 -59.5 0.917468
      vertex 4 -59.5 0
      vertex 0.883883 -59.5 1.11612
    endloop
  endfacet
  facet normal 0 -1 0
    outer loop
      vertex 0.323524 -59.5 0.792592
      vertex 4 -59.5 0
      vertex 0.625 -59.5 0.917468
    endloop
  endfacet
  facet normal 0 -1 0
    outer loop
      vertex 0 -59.5 0.75
      vertex 4 -59.5 0
      vertex 0.323524 -59.5 0.792592
    endloop
  endfacet
  facet normal -1 0 0
    outer loop
      vertex -4 -59.5 0
      vertex -4 -59.2484 4
      vertex -4 -59.2484 0
    endloop
  endfacet
  facet normal -1 -0 0
    outer loop
      vertex -4 -59.2484 4
      vertex -4 -59.5 0
      vertex -4 -59.5 4
    endloop
  endfacet
  facet normal 1 -0 0
    outer loop
      vertex 4 -59.5 4
      vertex 4 -59.2484 0
      vertex 4 -59.2484 4
    endloop
  endfacet
  facet normal 1 0 0
    outer loop
      vertex 4 -59.2484 0
      vertex 4 -59.5 4
      vertex 4 -59.5 0
    endloop
  endfacet
  facet normal -0.0922965 0.0922965 -0.991445
    outer loop
      vertex 34.5234 34.0659 3.20741
      vertex 42.0729 42.0729 3.25
      vertex 42.3016 41.8441 3.20741
    endloop
  endfacet
  facet normal -0.0922965 0.0922965 -0.991445
    outer loop
      vertex 42.0729 42.0729 3.25
      vertex 34.5234 34.0659 3.20741
      vertex 34.2947 34.2947 3.25
    endloop
  endfacet
  facet normal 0.561006 -0.561006 0.608724
    outer loop
      vertex 41.3074 42.8383 1.375
      vertex 33.6697 34.9197 1.11612
      vertex 41.4479 42.6979 1.11612
    endloop
  endfacet
  facet normal 0.561006 -0.561006 0.608724
    outer loop
      vertex 33.6697 34.9197 1.11612
      vertex 41.3074 42.8383 1.375
      vertex 33.5292 35.0601 1.375
    endloop
  endfacet
  facet normal 0.707106 0.707106 0.00166018
    outer loop
      vertex 34.5234 34.0659 0.792592
      vertex 34.2947 34.2947 0.75
      vertex 34.0659 34.5234 0.792592
    endloop
  endfacet
  facet normal 0.707107 0.707107 0
    outer loop
      vertex 33.5292 35.0601 2.625
      vertex 33.8527 34.7366 3.08253
      vertex 33.4409 35.1484 2.32352
    endloop
  endfacet
  facet normal 0.707107 0.707107 0
    outer loop
      vertex 35.1484 33.4409 2.32352
      vertex 33.4409 35.1484 2.32352
      vertex 33.8527 34.7366 3.08253
    endloop
  endfacet
  facet normal 0.707107 0.707107 0
    outer loop
      vertex 33.4409 35.1484 2.32352
      vertex 35.1484 33.4409 2.32352
      vertex 33.4409 35.1484 1.67648
    endloop
  endfacet
  facet normal 0.707107 0.707107 0
    outer loop
      vertex 34.7366 33.8527 3.08253
      vertex 33.8527 34.7366 3.08253
      vertex 34.0659 34.5234 3.20741
    endloop
  endfacet
  facet normal 0.707107 0.707107 -0
    outer loop
      vertex 35.1484 33.4409 1.67648
      vertex 33.4409 35.1484 1.67648
      vertex 35.1484 33.4409 2.32352
    endloop
  endfacet
  facet normal 0.707107 0.707107 0
    outer loop
      vertex 34.7366 33.8527 3.08253
      vertex 34.0659 34.5234 3.20741
      vertex 34.5234 34.0659 3.20741
    endloop
  endfacet
  facet normal 0.707107 0.707107 0
    outer loop
      vertex 33.4409 35.1484 1.67648
      vertex 35.1484 33.4409 1.67648
      vertex 33.8527 34.7366 0.917468
    endloop
  endfacet
  facet normal 0.707107 0.707107 0
    outer loop
      vertex 33.8527 34.7366 3.08253
      vertex 34.7366 33.8527 3.08253
      vertex 35.1484 33.4409 2.32352
    endloop
  endfacet
  facet normal 0.707107 0.707107 0
    outer loop
      vertex 34.7366 33.8527 0.917468
      vertex 33.8527 34.7366 0.917468
      vertex 35.1484 33.4409 1.67648
    endloop
  endfacet
  facet normal 0.707107 0.707107 0
    outer loop
      vertex 33.8527 34.7366 0.917468
      vertex 34.7366 33.8527 0.917468
      vertex 34.0659 34.5234 0.792592
    endloop
  endfacet
  facet normal 0.707107 0.707107 0
    outer loop
      vertex 34.0659 34.5234 0.792592
      vertex 34.7366 33.8527 0.917468
      vertex 34.5234 34.0659 0.792592
    endloop
  endfacet
  facet normal 0.707936 0.706276 -0.00117382
    outer loop
      vertex 33.6697 34.9197 2.88388
      vertex 33.8527 34.7366 3.08253
      vertex 33.5292 35.0601 2.625
    endloop
  endfacet
  facet normal 0.653283 -0.653283 -0.382678
    outer loop
      vertex 41.2191 42.9266 2.32352
      vertex 33.5292 35.0601 2.625
      vertex 33.4409 35.1484 2.32352
    endloop
  endfacet
  facet normal 0.653283 -0.653283 -0.382678
    outer loop
      vertex 33.5292 35.0601 2.625
      vertex 41.2191 42.9266 2.32352
      vertex 41.3074 42.8383 2.625
    endloop
  endfacet
  facet normal -0.653283 0.653283 0.382678
    outer loop
      vertex 35.0601 33.5292 1.375
      vertex 42.9266 41.2191 1.67648
      vertex 42.8383 41.3074 1.375
    endloop
  endfacet
  facet normal -0.653283 0.653283 0.382678
    outer loop
      vertex 42.9266 41.2191 1.67648
      vertex 35.0601 33.5292 1.375
      vertex 35.1484 33.4409 1.67648
    endloop
  endfacet
  facet normal 0.653283 -0.653283 0.382678
    outer loop
      vertex 33.4409 35.1484 1.67648
      vertex 41.3074 42.8383 1.375
      vertex 41.2191 42.9266 1.67648
    endloop
  endfacet
  facet normal 0.653283 -0.653283 0.382678
    outer loop
      vertex 41.3074 42.8383 1.375
      vertex 33.4409 35.1484 1.67648
      vertex 33.5292 35.0601 1.375
    endloop
  endfacet
  facet normal 0.706559 0.707654 -0.000320459
    outer loop
      vertex 33.6697 34.9197 1.11612
      vertex 33.5292 35.0601 1.375
      vertex 33.4409 35.1484 1.67648
    endloop
  endfacet
  facet normal 0.270573 -0.270573 0.923894
    outer loop
      vertex 41.6309 42.5148 0.917468
      vertex 34.0659 34.5234 0.792592
      vertex 41.8441 42.3016 0.792592
    endloop
  endfacet
  facet normal 0.270573 -0.270573 0.923894
    outer loop
      vertex 34.0659 34.5234 0.792592
      vertex 41.6309 42.5148 0.917468
      vertex 33.8527 34.7366 0.917468
    endloop
  endfacet
  facet normal 0.70104 -0.701049 0.130666
    outer loop
      vertex 33.4409 35.1484 1.67648
      vertex 41.189 42.9567 2
      vertex 33.4108 35.1786 2
    endloop
  endfacet
  facet normal 0.701064 -0.701064 0.130453
    outer loop
      vertex 41.189 42.9567 2
      vertex 33.4409 35.1484 1.67648
      vertex 41.2191 42.9266 1.67648
    endloop
  endfacet
  facet normal 0.430474 -0.430474 -0.793338
    outer loop
      vertex 33.8527 34.7366 3.08253
      vertex 41.4479 42.6979 2.88388
      vertex 41.6309 42.5148 3.08253
    endloop
  endfacet
  facet normal 0.430474 -0.430474 -0.793338
    outer loop
      vertex 41.4479 42.6979 2.88388
      vertex 33.8527 34.7366 3.08253
      vertex 33.6697 34.9197 2.88388
    endloop
  endfacet
  facet normal 0.0922965 -0.0922965 -0.991445
    outer loop
      vertex 34.2947 34.2947 3.25
      vertex 41.8441 42.3016 3.20741
      vertex 42.0729 42.0729 3.25
    endloop
  endfacet
  facet normal 0.0922965 -0.0922965 -0.991445
    outer loop
      vertex 41.8441 42.3016 3.20741
      vertex 34.2947 34.2947 3.25
      vertex 34.0659 34.5234 3.20741
    endloop
  endfacet
  facet normal 0.707107 0.707107 0
    outer loop
      vertex 35.0601 33.5292 2.625
      vertex 35.1484 33.4409 2.32352
      vertex 34.7366 33.8527 3.08253
    endloop
  endfacet
  facet normal -0.561006 0.561006 0.608724
    outer loop
      vertex 42.6979 41.4479 1.11612
      vertex 35.0601 33.5292 1.375
      vertex 42.8383 41.3074 1.375
    endloop
  endfacet
  facet normal -0.561006 0.561006 0.608724
    outer loop
      vertex 35.0601 33.5292 1.375
      vertex 42.6979 41.4479 1.11612
      vertex 34.9197 33.6697 1.11612
    endloop
  endfacet
  facet normal 0.70106 -0.701069 -0.130453
    outer loop
      vertex 41.2191 42.9266 2.32352
      vertex 33.4108 35.1786 2
      vertex 41.189 42.9567 2
    endloop
  endfacet
  facet normal 0.701044 -0.701044 -0.130666
    outer loop
      vertex 33.4108 35.1786 2
      vertex 41.2191 42.9266 2.32352
      vertex 33.4409 35.1484 2.32352
    endloop
  endfacet
  facet normal 0.708278 0.705933 0
    outer loop
      vertex 33.4409 35.1484 2.32352
      vertex 33.4409 35.1484 1.67648
      vertex 33.4108 35.1786 2
    endloop
  endfacet
  facet normal 0.707576 0.706637 0.000509671
    outer loop
      vertex 33.8527 34.7366 0.917468
      vertex 33.6697 34.9197 1.11612
      vertex 33.4409 35.1484 1.67648
    endloop
  endfacet
  facet normal 0.430477 -0.430477 0.793335
    outer loop
      vertex 41.4479 42.6979 1.11612
      vertex 33.8527 34.7366 0.917468
      vertex 41.6309 42.5148 0.917468
    endloop
  endfacet
  facet normal 0.430477 -0.430477 0.793335
    outer loop
      vertex 33.8527 34.7366 0.917468
      vertex 41.4479 42.6979 1.11612
      vertex 33.6697 34.9197 1.11612
    endloop
  endfacet
  facet normal 0.27058 -0.27058 -0.92389
    outer loop
      vertex 34.0659 34.5234 3.20741
      vertex 41.6309 42.5148 3.08253
      vertex 41.8441 42.3016 3.20741
    endloop
  endfacet
  facet normal 0.27058 -0.27058 -0.92389
    outer loop
      vertex 41.6309 42.5148 3.08253
      vertex 34.0659 34.5234 3.20741
      vertex 33.8527 34.7366 3.08253
    endloop
  endfacet
  facet normal 0.561006 -0.561006 -0.608724
    outer loop
      vertex 33.6697 34.9197 2.88388
      vertex 41.3074 42.8383 2.625
      vertex 41.4479 42.6979 2.88388
    endloop
  endfacet
  facet normal 0.561006 -0.561006 -0.608724
    outer loop
      vertex 41.3074 42.8383 2.625
      vertex 33.6697 34.9197 2.88388
      vertex 33.5292 35.0601 2.625
    endloop
  endfacet
  facet normal 0.0923007 -0.0923007 0.991444
    outer loop
      vertex 41.8441 42.3016 0.792592
      vertex 34.2947 34.2947 0.75
      vertex 42.0729 42.0729 0.75
    endloop
  endfacet
  facet normal 0.0923007 -0.0923007 0.991444
    outer loop
      vertex 34.2947 34.2947 0.75
      vertex 41.8441 42.3016 0.792592
      vertex 34.0659 34.5234 0.792592
    endloop
  endfacet
  facet normal -0.0923007 0.0923007 0.991444
    outer loop
      vertex 42.0729 42.0729 0.75
      vertex 34.5234 34.0659 0.792592
      vertex 42.3016 41.8441 0.792592
    endloop
  endfacet
  facet normal -0.0923007 0.0923007 0.991444
    outer loop
      vertex 34.5234 34.0659 0.792592
      vertex 42.0729 42.0729 0.75
      vertex 34.2947 34.2947 0.75
    endloop
  endfacet
  facet normal -0.430474 0.430474 -0.793338
    outer loop
      vertex 34.9197 33.6697 2.88388
      vertex 42.5148 41.6309 3.08253
      vertex 42.6979 41.4479 2.88388
    endloop
  endfacet
  facet normal -0.430474 0.430474 -0.793338
    outer loop
      vertex 42.5148 41.6309 3.08253
      vertex 34.9197 33.6697 2.88388
      vertex 34.7366 33.8527 3.08253
    endloop
  endfacet
  facet normal -0.270573 0.270573 0.923894
    outer loop
      vertex 42.3016 41.8441 0.792592
      vertex 34.7366 33.8527 0.917468
      vertex 42.5148 41.6309 0.917468
    endloop
  endfacet
  facet normal -0.270573 0.270573 0.923894
    outer loop
      vertex 34.7366 33.8527 0.917468
      vertex 42.3016 41.8441 0.792592
      vertex 34.5234 34.0659 0.792592
    endloop
  endfacet
  facet normal 0.706637 0.707576 0.000509671
    outer loop
      vertex 35.1484 33.4409 1.67648
      vertex 34.9197 33.6697 1.11612
      vertex 34.7366 33.8527 0.917468
    endloop
  endfacet
  facet normal -0.430477 0.430477 0.793335
    outer loop
      vertex 42.5148 41.6309 0.917468
      vertex 34.9197 33.6697 1.11612
      vertex 42.6979 41.4479 1.11612
    endloop
  endfacet
  facet normal -0.430477 0.430477 0.793335
    outer loop
      vertex 34.9197 33.6697 1.11612
      vertex 42.5148 41.6309 0.917468
      vertex 34.7366 33.8527 0.917468
    endloop
  endfacet
  facet normal 0.707654 0.706559 -0.000320459
    outer loop
      vertex 35.1484 33.4409 1.67648
      vertex 35.0601 33.5292 1.375
      vertex 34.9197 33.6697 1.11612
    endloop
  endfacet
  facet normal 0.707106 0.707106 -0.00166026
    outer loop
      vertex 34.2947 34.2947 3.25
      vertex 34.5234 34.0659 3.20741
      vertex 34.0659 34.5234 3.20741
    endloop
  endfacet
  facet normal -0.653283 0.653283 -0.382678
    outer loop
      vertex 35.1484 33.4409 2.32352
      vertex 42.8383 41.3074 2.625
      vertex 42.9266 41.2191 2.32352
    endloop
  endfacet
  facet normal -0.653283 0.653283 -0.382678
    outer loop
      vertex 42.8383 41.3074 2.625
      vertex 35.1484 33.4409 2.32352
      vertex 35.0601 33.5292 2.625
    endloop
  endfacet
  facet normal -0.701064 0.701064 0.130453
    outer loop
      vertex 35.1484 33.4409 1.67648
      vertex 42.9567 41.189 2
      vertex 42.9266 41.2191 1.67648
    endloop
  endfacet
  facet normal -0.701049 0.70104 0.130666
    outer loop
      vertex 42.9567 41.189 2
      vertex 35.1484 33.4409 1.67648
      vertex 35.1786 33.4108 2
    endloop
  endfacet
  facet normal -0.27058 0.27058 -0.92389
    outer loop
      vertex 34.7366 33.8527 3.08253
      vertex 42.3016 41.8441 3.20741
      vertex 42.5148 41.6309 3.08253
    endloop
  endfacet
  facet normal -0.27058 0.27058 -0.92389
    outer loop
      vertex 42.3016 41.8441 3.20741
      vertex 34.7366 33.8527 3.08253
      vertex 34.5234 34.0659 3.20741
    endloop
  endfacet
  facet normal 0.705933 0.708278 0
    outer loop
      vertex 35.1484 33.4409 2.32352
      vertex 35.1786 33.4108 2
      vertex 35.1484 33.4409 1.67648
    endloop
  endfacet
  facet normal -0.701069 0.70106 -0.130453
    outer loop
      vertex 35.1786 33.4108 2
      vertex 42.9266 41.2191 2.32352
      vertex 42.9567 41.189 2
    endloop
  endfacet
  facet normal -0.701044 0.701044 -0.130666
    outer loop
      vertex 42.9266 41.2191 2.32352
      vertex 35.1786 33.4108 2
      vertex 35.1484 33.4409 2.32352
    endloop
  endfacet
  facet normal 0.706276 0.707936 -0.00117382
    outer loop
      vertex 34.9197 33.6697 2.88388
      vertex 35.0601 33.5292 2.625
      vertex 34.7366 33.8527 3.08253
    endloop
  endfacet
  facet normal -0.561006 0.561006 -0.608724
    outer loop
      vertex 35.0601 33.5292 2.625
      vertex 42.6979 41.4479 2.88388
      vertex 42.8383 41.3074 2.625
    endloop
  endfacet
  facet normal -0.561006 0.561006 -0.608724
    outer loop
      vertex 42.6979 41.4479 2.88388
      vertex 35.0601 33.5292 2.625
      vertex 34.9197 33.6697 2.88388
    endloop
  endfacet
  facet normal 0.0923007 0.0923007 0.991444
    outer loop
      vertex -42.0729 42.0729 0.75
      vertex -34.5234 34.0659 0.792592
      vertex -34.2947 34.2947 0.75
    endloop
  endfacet
  facet normal 0.0923007 0.0923007 0.991444
    outer loop
      vertex -34.5234 34.0659 0.792592
      vertex -42.0729 42.0729 0.75
      vertex -42.3016 41.8441 0.792592
    endloop
  endfacet
  facet normal -0.0922965 -0.0922965 -0.991445
    outer loop
      vertex -34.2947 34.2947 3.25
      vertex -41.8441 42.3016 3.20741
      vertex -34.0659 34.5234 3.20741
    endloop
  endfacet
  facet normal -0.0922965 -0.0922965 -0.991445
    outer loop
      vertex -41.8441 42.3016 3.20741
      vertex -34.2947 34.2947 3.25
      vertex -42.0729 42.0729 3.25
    endloop
  endfacet
  facet normal 0.561006 0.561006 0.608724
    outer loop
      vertex -42.6979 41.4479 1.11612
      vertex -35.0601 33.5292 1.375
      vertex -34.9197 33.6697 1.11612
    endloop
  endfacet
  facet normal 0.561006 0.561006 0.608724
    outer loop
      vertex -35.0601 33.5292 1.375
      vertex -42.6979 41.4479 1.11612
      vertex -42.8383 41.3074 1.375
    endloop
  endfacet
  facet normal -0.707106 0.707106 0.00166018
    outer loop
      vertex -34.0659 34.5234 0.792592
      vertex -34.2947 34.2947 0.75
      vertex -34.5234 34.0659 0.792592
    endloop
  endfacet
  facet normal -0.707107 0.707107 0
    outer loop
      vertex -35.0601 33.5292 2.625
      vertex -34.7366 33.8527 3.08253
      vertex -35.1484 33.4409 2.32352
    endloop
  endfacet
  facet normal -0.707107 0.707107 0
    outer loop
      vertex -35.1484 33.4409 1.67648
      vertex -33.4409 35.1484 1.67648
      vertex -33.8527 34.7366 0.917468
    endloop
  endfacet
  facet normal -0.707107 0.707107 0
    outer loop
      vertex -33.4409 35.1484 1.67648
      vertex -35.1484 33.4409 1.67648
      vertex -33.4409 35.1484 2.32352
    endloop
  endfacet
  facet normal -0.707107 0.707107 0
    outer loop
      vertex -34.7366 33.8527 0.917468
      vertex -33.8527 34.7366 0.917468
      vertex -34.0659 34.5234 0.792592
    endloop
  endfacet
  facet normal -0.707107 0.707107 0
    outer loop
      vertex -35.1484 33.4409 2.32352
      vertex -33.4409 35.1484 2.32352
      vertex -35.1484 33.4409 1.67648
    endloop
  endfacet
  facet normal -0.707107 0.707107 0
    outer loop
      vertex -34.7366 33.8527 0.917468
      vertex -34.0659 34.5234 0.792592
      vertex -34.5234 34.0659 0.792592
    endloop
  endfacet
  facet normal -0.707107 0.707107 0
    outer loop
      vertex -33.4409 35.1484 2.32352
      vertex -35.1484 33.4409 2.32352
      vertex -33.8527 34.7366 3.08253
    endloop
  endfacet
  facet normal -0.707107 0.707107 0
    outer loop
      vertex -33.8527 34.7366 0.917468
      vertex -34.7366 33.8527 0.917468
      vertex -35.1484 33.4409 1.67648
    endloop
  endfacet
  facet normal -0.707107 0.707107 0
    outer loop
      vertex -34.7366 33.8527 3.08253
      vertex -33.8527 34.7366 3.08253
      vertex -35.1484 33.4409 2.32352
    endloop
  endfacet
  facet normal -0.707107 0.707107 0
    outer loop
      vertex -33.8527 34.7366 3.08253
      vertex -34.7366 33.8527 3.08253
      vertex -34.0659 34.5234 3.20741
    endloop
  endfacet
  facet normal -0.707107 0.707107 0
    outer loop
      vertex -34.0659 34.5234 3.20741
      vertex -34.7366 33.8527 3.08253
      vertex -34.5234 34.0659 3.20741
    endloop
  endfacet
  facet normal -0.706276 0.707936 -0.00117382
    outer loop
      vertex -34.9197 33.6697 2.88388
      vertex -34.7366 33.8527 3.08253
      vertex -35.0601 33.5292 2.625
    endloop
  endfacet
  facet normal -0.653283 -0.653283 0.382678
    outer loop
      vertex -41.3074 42.8383 1.375
      vertex -33.4409 35.1484 1.67648
      vertex -41.2191 42.9266 1.67648
    endloop
  endfacet
  facet normal -0.653283 -0.653283 0.382678
    outer loop
      vertex -33.4409 35.1484 1.67648
      vertex -41.3074 42.8383 1.375
      vertex -33.5292 35.0601 1.375
    endloop
  endfacet
  facet normal -0.707654 0.706559 -0.000320459
    outer loop
      vertex -34.9197 33.6697 1.11612
      vertex -35.0601 33.5292 1.375
      vertex -35.1484 33.4409 1.67648
    endloop
  endfacet
  facet normal 0.653283 0.653283 0.382678
    outer loop
      vertex -42.9266 41.2191 1.67648
      vertex -35.0601 33.5292 1.375
      vertex -42.8383 41.3074 1.375
    endloop
  endfacet
  facet normal 0.653283 0.653283 0.382678
    outer loop
      vertex -35.0601 33.5292 1.375
      vertex -42.9266 41.2191 1.67648
      vertex -35.1484 33.4409 1.67648
    endloop
  endfacet
  facet normal 0.430474 0.430474 -0.793338
    outer loop
      vertex -34.9197 33.6697 2.88388
      vertex -42.5148 41.6309 3.08253
      vertex -34.7366 33.8527 3.08253
    endloop
  endfacet
  facet normal 0.430474 0.430474 -0.793338
    outer loop
      vertex -42.5148 41.6309 3.08253
      vertex -34.9197 33.6697 2.88388
      vertex -42.6979 41.4479 2.88388
    endloop
  endfacet
  facet normal 0.0922965 0.0922965 -0.991445
    outer loop
      vertex -34.5234 34.0659 3.20741
      vertex -42.0729 42.0729 3.25
      vertex -34.2947 34.2947 3.25
    endloop
  endfacet
  facet normal 0.0922965 0.0922965 -0.991445
    outer loop
      vertex -42.0729 42.0729 3.25
      vertex -34.5234 34.0659 3.20741
      vertex -42.3016 41.8441 3.20741
    endloop
  endfacet
  facet normal -0.707107 0.707107 0
    outer loop
      vertex -33.5292 35.0601 2.625
      vertex -33.4409 35.1484 2.32352
      vertex -33.8527 34.7366 3.08253
    endloop
  endfacet
  facet normal -0.701064 -0.701064 0.130453
    outer loop
      vertex -33.4409 35.1484 1.67648
      vertex -41.189 42.9567 2
      vertex -41.2191 42.9266 1.67648
    endloop
  endfacet
  facet normal -0.70104 -0.701049 0.130666
    outer loop
      vertex -41.189 42.9567 2
      vertex -33.4409 35.1484 1.67648
      vertex -33.4108 35.1786 2
    endloop
  endfacet
  facet normal -0.561006 -0.561006 0.608724
    outer loop
      vertex -41.3074 42.8383 1.375
      vertex -33.6697 34.9197 1.11612
      vertex -33.5292 35.0601 1.375
    endloop
  endfacet
  facet normal -0.561006 -0.561006 0.608724
    outer loop
      vertex -33.6697 34.9197 1.11612
      vertex -41.3074 42.8383 1.375
      vertex -41.4479 42.6979 1.11612
    endloop
  endfacet
  facet normal 0.701064 0.701064 -0.130453
    outer loop
      vertex -35.1484 33.4409 2.32352
      vertex -42.9567 41.189 2
      vertex -42.9266 41.2191 2.32352
    endloop
  endfacet
  facet normal 0.701049 0.70104 -0.130666
    outer loop
      vertex -42.9567 41.189 2
      vertex -35.1484 33.4409 2.32352
      vertex -35.1786 33.4108 2
    endloop
  endfacet
  facet normal -0.705933 0.708278 0
    outer loop
      vertex -35.1484 33.4409 2.32352
      vertex -35.1484 33.4409 1.67648
      vertex -35.1786 33.4108 2
    endloop
  endfacet
  facet normal -0.706637 0.707576 0.000509671
    outer loop
      vertex -34.7366 33.8527 0.917468
      vertex -34.9197 33.6697 1.11612
      vertex -35.1484 33.4409 1.67648
    endloop
  endfacet
  facet normal 0.430477 0.430477 0.793335
    outer loop
      vertex -42.5148 41.6309 0.917468
      vertex -34.9197 33.6697 1.11612
      vertex -34.7366 33.8527 0.917468
    endloop
  endfacet
  facet normal 0.430477 0.430477 0.793335
    outer loop
      vertex -34.9197 33.6697 1.11612
      vertex -42.5148 41.6309 0.917468
      vertex -42.6979 41.4479 1.11612
    endloop
  endfacet
  facet normal 0.27058 0.27058 -0.92389
    outer loop
      vertex -34.7366 33.8527 3.08253
      vertex -42.3016 41.8441 3.20741
      vertex -34.5234 34.0659 3.20741
    endloop
  endfacet
  facet normal 0.27058 0.27058 -0.92389
    outer loop
      vertex -42.3016 41.8441 3.20741
      vertex -34.7366 33.8527 3.08253
      vertex -42.5148 41.6309 3.08253
    endloop
  endfacet
  facet normal 0.653283 0.653283 -0.382678
    outer loop
      vertex -35.1484 33.4409 2.32352
      vertex -42.8383 41.3074 2.625
      vertex -35.0601 33.5292 2.625
    endloop
  endfacet
  facet normal 0.653283 0.653283 -0.382678
    outer loop
      vertex -42.8383 41.3074 2.625
      vertex -35.1484 33.4409 2.32352
      vertex -42.9266 41.2191 2.32352
    endloop
  endfacet
  facet normal 0.561006 0.561006 -0.608724
    outer loop
      vertex -35.0601 33.5292 2.625
      vertex -42.6979 41.4479 2.88388
      vertex -34.9197 33.6697 2.88388
    endloop
  endfacet
  facet normal 0.561006 0.561006 -0.608724
    outer loop
      vertex -42.6979 41.4479 2.88388
      vertex -35.0601 33.5292 2.625
      vertex -42.8383 41.3074 2.625
    endloop
  endfacet
  facet normal -0.0923007 -0.0923007 0.991444
    outer loop
      vertex -41.8441 42.3016 0.792592
      vertex -34.2947 34.2947 0.75
      vertex -34.0659 34.5234 0.792592
    endloop
  endfacet
  facet normal -0.0923007 -0.0923007 0.991444
    outer loop
      vertex -34.2947 34.2947 0.75
      vertex -41.8441 42.3016 0.792592
      vertex -42.0729 42.0729 0.75
    endloop
  endfacet
  facet normal -0.430474 -0.430474 -0.793338
    outer loop
      vertex -33.8527 34.7366 3.08253
      vertex -41.4479 42.6979 2.88388
      vertex -33.6697 34.9197 2.88388
    endloop
  endfacet
  facet normal -0.430474 -0.430474 -0.793338
    outer loop
      vertex -41.4479 42.6979 2.88388
      vertex -33.8527 34.7366 3.08253
      vertex -41.6309 42.5148 3.08253
    endloop
  endfacet
  facet normal -0.270573 -0.270573 0.923894
    outer loop
      vertex -41.6309 42.5148 0.917468
      vertex -34.0659 34.5234 0.792592
      vertex -33.8527 34.7366 0.917468
    endloop
  endfacet
  facet normal -0.270573 -0.270573 0.923894
    outer loop
      vertex -34.0659 34.5234 0.792592
      vertex -41.6309 42.5148 0.917468
      vertex -41.8441 42.3016 0.792592
    endloop
  endfacet
  facet normal -0.707576 0.706637 0.000509671
    outer loop
      vertex -33.4409 35.1484 1.67648
      vertex -33.6697 34.9197 1.11612
      vertex -33.8527 34.7366 0.917468
    endloop
  endfacet
  facet normal 0.701064 0.701064 0.130453
    outer loop
      vertex -42.9567 41.189 2
      vertex -35.1484 33.4409 1.67648
      vertex -42.9266 41.2191 1.67648
    endloop
  endfacet
  facet normal 0.701049 0.70104 0.130666
    outer loop
      vertex -35.1484 33.4409 1.67648
      vertex -42.9567 41.189 2
      vertex -35.1786 33.4108 2
    endloop
  endfacet
  facet normal 0.270573 0.270573 0.923894
    outer loop
      vertex -42.3016 41.8441 0.792592
      vertex -34.7366 33.8527 0.917468
      vertex -34.5234 34.0659 0.792592
    endloop
  endfacet
  facet normal 0.270573 0.270573 0.923894
    outer loop
      vertex -34.7366 33.8527 0.917468
      vertex -42.3016 41.8441 0.792592
      vertex -42.5148 41.6309 0.917468
    endloop
  endfacet
  facet normal -0.27058 -0.27058 -0.92389
    outer loop
      vertex -34.0659 34.5234 3.20741
      vertex -41.6309 42.5148 3.08253
      vertex -33.8527 34.7366 3.08253
    endloop
  endfacet
  facet normal -0.27058 -0.27058 -0.92389
    outer loop
      vertex -41.6309 42.5148 3.08253
      vertex -34.0659 34.5234 3.20741
      vertex -41.8441 42.3016 3.20741
    endloop
  endfacet
  facet normal -0.430477 -0.430477 0.793335
    outer loop
      vertex -41.4479 42.6979 1.11612
      vertex -33.8527 34.7366 0.917468
      vertex -33.6697 34.9197 1.11612
    endloop
  endfacet
  facet normal -0.430477 -0.430477 0.793335
    outer loop
      vertex -33.8527 34.7366 0.917468
      vertex -41.4479 42.6979 1.11612
      vertex -41.6309 42.5148 0.917468
    endloop
  endfacet
  facet normal -0.706559 0.707654 -0.000320459
    outer loop
      vertex -33.4409 35.1484 1.67648
      vertex -33.5292 35.0601 1.375
      vertex -33.6697 34.9197 1.11612
    endloop
  endfacet
  facet normal -0.707106 0.707106 -0.00166026
    outer loop
      vertex -34.2947 34.2947 3.25
      vertex -34.0659 34.5234 3.20741
      vertex -34.5234 34.0659 3.20741
    endloop
  endfacet
  facet normal -0.561006 -0.561006 -0.608724
    outer loop
      vertex -33.6697 34.9197 2.88388
      vertex -41.3074 42.8383 2.625
      vertex -33.5292 35.0601 2.625
    endloop
  endfacet
  facet normal -0.561006 -0.561006 -0.608724
    outer loop
      vertex -41.3074 42.8383 2.625
      vertex -33.6697 34.9197 2.88388
      vertex -41.4479 42.6979 2.88388
    endloop
  endfacet
  facet normal -0.653283 -0.653283 -0.382678
    outer loop
      vertex -41.2191 42.9266 2.32352
      vertex -33.5292 35.0601 2.625
      vertex -41.3074 42.8383 2.625
    endloop
  endfacet
  facet normal -0.653283 -0.653283 -0.382678
    outer loop
      vertex -33.5292 35.0601 2.625
      vertex -41.2191 42.9266 2.32352
      vertex -33.4409 35.1484 2.32352
    endloop
  endfacet
  facet normal -0.708278 0.705933 0
    outer loop
      vertex -33.4409 35.1484 2.32352
      vertex -33.4108 35.1786 2
      vertex -33.4409 35.1484 1.67648
    endloop
  endfacet
  facet normal -0.70106 -0.701069 -0.130453
    outer loop
      vertex -33.4108 35.1786 2
      vertex -41.2191 42.9266 2.32352
      vertex -41.189 42.9567 2
    endloop
  endfacet
  facet normal -0.701044 -0.701044 -0.130666
    outer loop
      vertex -41.2191 42.9266 2.32352
      vertex -33.4108 35.1786 2
      vertex -33.4409 35.1484 2.32352
    endloop
  endfacet
  facet normal -0.707936 0.706276 -0.00117382
    outer loop
      vertex -33.6697 34.9197 2.88388
      vertex -33.5292 35.0601 2.625
      vertex -33.8527 34.7366 3.08253
    endloop
  endfacet
  facet normal -0.130524 0 0.991445
    outer loop
      vertex 0 -48.5 0.75
      vertex 0.323524 -59.5 0.792592
      vertex 0.323524 -48.5 0.792592
    endloop
  endfacet
  facet normal -0.130524 0 0.991445
    outer loop
      vertex 0.323524 -59.5 0.792592
      vertex 0 -48.5 0.75
      vertex 0 -59.5 0.75
    endloop
  endfacet
  facet normal -0.382685 0 0.923879
    outer loop
      vertex 0.323524 -48.5 0.792592
      vertex 0.625 -59.5 0.917468
      vertex 0.625 -48.5 0.917468
    endloop
  endfacet
  facet normal -0.382685 0 0.923879
    outer loop
      vertex 0.625 -59.5 0.917468
      vertex 0.323524 -48.5 0.792592
      vertex 0.323524 -59.5 0.792592
    endloop
  endfacet
  facet normal -0.130518 0 -0.991446
    outer loop
      vertex 0 -59.5 3.25
      vertex 0.323524 -48.5 3.20741
      vertex 0.323524 -59.5 3.20741
    endloop
  endfacet
  facet normal -0.130518 0 -0.991446
    outer loop
      vertex 0.323524 -48.5 3.20741
      vertex 0 -59.5 3.25
      vertex 0 -48.5 3.25
    endloop
  endfacet
  facet normal 0.991446 0 -0.13052
    outer loop
      vertex -1.20741 -59.5 2.32352
      vertex -1.25 -48.5 2
      vertex -1.20741 -48.5 2.32352
    endloop
  endfacet
  facet normal 0.991446 0 -0.13052
    outer loop
      vertex -1.25 -48.5 2
      vertex -1.20741 -59.5 2.32352
      vertex -1.25 -59.5 2
    endloop
  endfacet
  facet normal 0 -1 0
    outer loop
      vertex -0.323524 -48.5 3.20741
      vertex 0.323524 -48.5 3.20741
      vertex 0 -48.5 3.25
    endloop
  endfacet
  facet normal 0 -1 0
    outer loop
      vertex -0.625 -48.5 3.08253
      vertex 0.323524 -48.5 3.20741
      vertex -0.323524 -48.5 3.20741
    endloop
  endfacet
  facet normal 0 -1 0
    outer loop
      vertex -0.625 -48.5 3.08253
      vertex 0.625 -48.5 3.08253
      vertex 0.323524 -48.5 3.20741
    endloop
  endfacet
  facet normal 0 -1 0
    outer loop
      vertex -0.883883 -48.5 2.88388
      vertex 0.625 -48.5 3.08253
      vertex -0.625 -48.5 3.08253
    endloop
  endfacet
  facet normal 0 -1 0
    outer loop
      vertex -0.883883 -48.5 2.88388
      vertex 0.883883 -48.5 2.88388
      vertex 0.625 -48.5 3.08253
    endloop
  endfacet
  facet normal 0 -1 0
    outer loop
      vertex -1.08253 -48.5 2.625
      vertex 0.883883 -48.5 2.88388
      vertex -0.883883 -48.5 2.88388
    endloop
  endfacet
  facet normal 0 -1 0
    outer loop
      vertex -1.08253 -48.5 2.625
      vertex 1.08253 -48.5 2.625
      vertex 0.883883 -48.5 2.88388
    endloop
  endfacet
  facet normal 0 -1 0
    outer loop
      vertex -1.20741 -48.5 2.32352
      vertex 1.08253 -48.5 2.625
      vertex -1.08253 -48.5 2.625
    endloop
  endfacet
  facet normal 0 -1 0
    outer loop
      vertex -1.20741 -48.5 2.32352
      vertex 1.20741 -48.5 2.32352
      vertex 1.08253 -48.5 2.625
    endloop
  endfacet
  facet normal 0 -1 0
    outer loop
      vertex -1.25 -48.5 2
      vertex 1.20741 -48.5 2.32352
      vertex -1.20741 -48.5 2.32352
    endloop
  endfacet
  facet normal 0 -1 0
    outer loop
      vertex -1.25 -48.5 2
      vertex 1.25 -48.5 2
      vertex 1.20741 -48.5 2.32352
    endloop
  endfacet
  facet normal 0 -1 0
    outer loop
      vertex -1.20741 -48.5 1.67648
      vertex 1.25 -48.5 2
      vertex -1.25 -48.5 2
    endloop
  endfacet
  facet normal 0 -1 0
    outer loop
      vertex -1.20741 -48.5 1.67648
      vertex 1.20741 -48.5 1.67648
      vertex 1.25 -48.5 2
    endloop
  endfacet
  facet normal 0 -1 0
    outer loop
      vertex -1.08253 -48.5 1.375
      vertex 1.20741 -48.5 1.67648
      vertex -1.20741 -48.5 1.67648
    endloop
  endfacet
  facet normal 0 -1 0
    outer loop
      vertex -1.08253 -48.5 1.375
      vertex 1.08253 -48.5 1.375
      vertex 1.20741 -48.5 1.67648
    endloop
  endfacet
  facet normal 0 -1 0
    outer loop
      vertex -0.883883 -48.5 1.11612
      vertex 1.08253 -48.5 1.375
      vertex -1.08253 -48.5 1.375
    endloop
  endfacet
  facet normal 0 -1 0
    outer loop
      vertex -0.883883 -48.5 1.11612
      vertex 0.883883 -48.5 1.11612
      vertex 1.08253 -48.5 1.375
    endloop
  endfacet
  facet normal 0 -1 0
    outer loop
      vertex -0.625 -48.5 0.917468
      vertex 0.883883 -48.5 1.11612
      vertex -0.883883 -48.5 1.11612
    endloop
  endfacet
  facet normal 0 -1 0
    outer loop
      vertex -0.625 -48.5 0.917468
      vertex 0.625 -48.5 0.917468
      vertex 0.883883 -48.5 1.11612
    endloop
  endfacet
  facet normal 0 -1 0
    outer loop
      vertex -0.323524 -48.5 0.792592
      vertex 0.625 -48.5 0.917468
      vertex -0.625 -48.5 0.917468
    endloop
  endfacet
  facet normal 0 -1 0
    outer loop
      vertex -0.323524 -48.5 0.792592
      vertex 0.323524 -48.5 0.792592
      vertex 0.625 -48.5 0.917468
    endloop
  endfacet
  facet normal -0 -1 0
    outer loop
      vertex 0.323524 -48.5 0.792592
      vertex -0.323524 -48.5 0.792592
      vertex 0 -48.5 0.75
    endloop
  endfacet
  facet normal 0.608765 0 -0.79335
    outer loop
      vertex -0.883883 -59.5 2.88388
      vertex -0.625 -48.5 3.08253
      vertex -0.625 -59.5 3.08253
    endloop
  endfacet
  facet normal 0.608765 0 -0.79335
    outer loop
      vertex -0.625 -48.5 3.08253
      vertex -0.883883 -59.5 2.88388
      vertex -0.883883 -48.5 2.88388
    endloop
  endfacet
  facet normal -0.793351 0 -0.608764
    outer loop
      vertex 1.08253 -59.5 2.625
      vertex 0.883883 -48.5 2.88388
      vertex 1.08253 -48.5 2.625
    endloop
  endfacet
  facet normal -0.793351 -0 -0.608764
    outer loop
      vertex 0.883883 -48.5 2.88388
      vertex 1.08253 -59.5 2.625
      vertex 0.883883 -59.5 2.88388
    endloop
  endfacet
  facet normal -0.991446 0 -0.13052
    outer loop
      vertex 1.25 -59.5 2
      vertex 1.20741 -48.5 2.32352
      vertex 1.25 -48.5 2
    endloop
  endfacet
  facet normal -0.991446 -0 -0.13052
    outer loop
      vertex 1.20741 -48.5 2.32352
      vertex 1.25 -59.5 2
      vertex 1.20741 -59.5 2.32352
    endloop
  endfacet
  facet normal 0.991446 -0 0.13052
    outer loop
      vertex -1.25 -59.5 2
      vertex -1.20741 -48.5 1.67648
      vertex -1.25 -48.5 2
    endloop
  endfacet
  facet normal 0.991446 0 0.13052
    outer loop
      vertex -1.20741 -48.5 1.67648
      vertex -1.25 -59.5 2
      vertex -1.20741 -59.5 1.67648
    endloop
  endfacet
  facet normal 0.130518 0 -0.991446
    outer loop
      vertex -0.323524 -59.5 3.20741
      vertex 0 -48.5 3.25
      vertex 0 -59.5 3.25
    endloop
  endfacet
  facet normal 0.130518 0 -0.991446
    outer loop
      vertex 0 -48.5 3.25
      vertex -0.323524 -59.5 3.20741
      vertex -0.323524 -48.5 3.20741
    endloop
  endfacet
  facet normal -0.608769 0 0.793347
    outer loop
      vertex 0.625 -48.5 0.917468
      vertex 0.883883 -59.5 1.11612
      vertex 0.883883 -48.5 1.11612
    endloop
  endfacet
  facet normal -0.608769 0 0.793347
    outer loop
      vertex 0.883883 -59.5 1.11612
      vertex 0.625 -48.5 0.917468
      vertex 0.625 -59.5 0.917468
    endloop
  endfacet
  facet normal -0.991446 0 0.13052
    outer loop
      vertex 1.20741 -59.5 1.67648
      vertex 1.25 -48.5 2
      vertex 1.20741 -48.5 1.67648
    endloop
  endfacet
  facet normal -0.991446 0 0.13052
    outer loop
      vertex 1.25 -48.5 2
      vertex 1.20741 -59.5 1.67648
      vertex 1.25 -59.5 2
    endloop
  endfacet
  facet normal -0.793351 0 0.608764
    outer loop
      vertex 0.883883 -59.5 1.11612
      vertex 1.08253 -48.5 1.375
      vertex 0.883883 -48.5 1.11612
    endloop
  endfacet
  facet normal -0.793351 0 0.608764
    outer loop
      vertex 1.08253 -48.5 1.375
      vertex 0.883883 -59.5 1.11612
      vertex 1.08253 -59.5 1.375
    endloop
  endfacet
  facet normal -0.608765 0 -0.79335
    outer loop
      vertex 0.625 -59.5 3.08253
      vertex 0.883883 -48.5 2.88388
      vertex 0.883883 -59.5 2.88388
    endloop
  endfacet
  facet normal -0.608765 0 -0.79335
    outer loop
      vertex 0.883883 -48.5 2.88388
      vertex 0.625 -59.5 3.08253
      vertex 0.625 -48.5 3.08253
    endloop
  endfacet
  facet normal -0.382695 0 -0.923875
    outer loop
      vertex 0.323524 -59.5 3.20741
      vertex 0.625 -48.5 3.08253
      vertex 0.625 -59.5 3.08253
    endloop
  endfacet
  facet normal -0.382695 0 -0.923875
    outer loop
      vertex 0.625 -48.5 3.08253
      vertex 0.323524 -59.5 3.20741
      vertex 0.323524 -48.5 3.20741
    endloop
  endfacet
  facet normal 0.608769 0 0.793347
    outer loop
      vertex -0.883883 -48.5 1.11612
      vertex -0.625 -59.5 0.917468
      vertex -0.625 -48.5 0.917468
    endloop
  endfacet
  facet normal 0.608769 0 0.793347
    outer loop
      vertex -0.625 -59.5 0.917468
      vertex -0.883883 -48.5 1.11612
      vertex -0.883883 -59.5 1.11612
    endloop
  endfacet
  facet normal 0.130524 0 0.991445
    outer loop
      vertex -0.323524 -48.5 0.792592
      vertex 0 -59.5 0.75
      vertex 0 -48.5 0.75
    endloop
  endfacet
  facet normal 0.130524 0 0.991445
    outer loop
      vertex 0 -59.5 0.75
      vertex -0.323524 -48.5 0.792592
      vertex -0.323524 -59.5 0.792592
    endloop
  endfacet
  facet normal 0.793351 0 -0.608764
    outer loop
      vertex -0.883883 -59.5 2.88388
      vertex -1.08253 -48.5 2.625
      vertex -0.883883 -48.5 2.88388
    endloop
  endfacet
  facet normal 0.793351 0 -0.608764
    outer loop
      vertex -1.08253 -48.5 2.625
      vertex -0.883883 -59.5 2.88388
      vertex -1.08253 -59.5 2.625
    endloop
  endfacet
  facet normal 0.923876 0 -0.382691
    outer loop
      vertex -1.08253 -59.5 2.625
      vertex -1.20741 -48.5 2.32352
      vertex -1.08253 -48.5 2.625
    endloop
  endfacet
  facet normal 0.923876 0 -0.382691
    outer loop
      vertex -1.20741 -48.5 2.32352
      vertex -1.08253 -59.5 2.625
      vertex -1.20741 -59.5 2.32352
    endloop
  endfacet
  facet normal -0.923876 0 0.382691
    outer loop
      vertex 1.08253 -59.5 1.375
      vertex 1.20741 -48.5 1.67648
      vertex 1.08253 -48.5 1.375
    endloop
  endfacet
  facet normal -0.923876 0 0.382691
    outer loop
      vertex 1.20741 -48.5 1.67648
      vertex 1.08253 -59.5 1.375
      vertex 1.20741 -59.5 1.67648
    endloop
  endfacet
  facet normal -0.923876 0 -0.382691
    outer loop
      vertex 1.20741 -59.5 2.32352
      vertex 1.08253 -48.5 2.625
      vertex 1.20741 -48.5 2.32352
    endloop
  endfacet
  facet normal -0.923876 -0 -0.382691
    outer loop
      vertex 1.08253 -48.5 2.625
      vertex 1.20741 -59.5 2.32352
      vertex 1.08253 -59.5 2.625
    endloop
  endfacet
  facet normal 0.923876 -0 0.382691
    outer loop
      vertex -1.20741 -59.5 1.67648
      vertex -1.08253 -48.5 1.375
      vertex -1.20741 -48.5 1.67648
    endloop
  endfacet
  facet normal 0.923876 0 0.382691
    outer loop
      vertex -1.08253 -48.5 1.375
      vertex -1.20741 -59.5 1.67648
      vertex -1.08253 -59.5 1.375
    endloop
  endfacet
  facet normal 0.793351 -0 0.608764
    outer loop
      vertex -1.08253 -59.5 1.375
      vertex -0.883883 -48.5 1.11612
      vertex -1.08253 -48.5 1.375
    endloop
  endfacet
  facet normal 0.793351 0 0.608764
    outer loop
      vertex -0.883883 -48.5 1.11612
      vertex -1.08253 -59.5 1.375
      vertex -0.883883 -59.5 1.11612
    endloop
  endfacet
  facet normal 0.382685 0 0.923879
    outer loop
      vertex -0.625 -48.5 0.917468
      vertex -0.323524 -59.5 0.792592
      vertex -0.323524 -48.5 0.792592
    endloop
  endfacet
  facet normal 0.382685 0 0.923879
    outer loop
      vertex -0.323524 -59.5 0.792592
      vertex -0.625 -48.5 0.917468
      vertex -0.625 -59.5 0.917468
    endloop
  endfacet
  facet normal 0.382695 0 -0.923875
    outer loop
      vertex -0.625 -59.5 3.08253
      vertex -0.323524 -48.5 3.20741
      vertex -0.323524 -59.5 3.20741
    endloop
  endfacet
  facet normal 0.382695 0 -0.923875
    outer loop
      vertex -0.323524 -48.5 3.20741
      vertex -0.625 -59.5 3.08253
      vertex -0.625 -48.5 3.08253
    endloop
  endfacet
  facet normal 0 -1 0
    outer loop
      vertex -57.7171 14 0
      vertex -44.8584 14 4
      vertex -57.7171 14 4
    endloop
  endfacet
  facet normal 0 -1 -0
    outer loop
      vertex -44.8584 14 4
      vertex -57.7171 14 0
      vertex -44.8584 14 0
    endloop
  endfacet
  facet normal 0 1 -0
    outer loop
      vertex -44.8584 -14 0
      vertex -57.7171 -14 4
      vertex -44.8584 -14 4
    endloop
  endfacet
  facet normal 0 1 0
    outer loop
      vertex -57.7171 -14 4
      vertex -44.8584 -14 0
      vertex -57.7171 -14 0
    endloop
  endfacet
endsolid OpenSCAD_Model
