solid OpenSCAD_Model
  facet normal 0.555568 0.831471 -0
    outer loop
      vertex -4.02153 -3.4216 0
      vertex -4.375 -3.18542 5
      vertex -4.02153 -3.4216 5
    endloop
  endfacet
  facet normal 0.555568 0.831471 0
    outer loop
      vertex -4.375 -3.18542 5
      vertex -4.02153 -3.4216 0
      vertex -4.375 -3.18542 0
    endloop
  endfacet
  facet normal -0.321438 0.946931 0
    outer loop
      vertex -6.84116 -2.86074 0
      vertex -7.24372 -2.99739 5
      vertex -6.84116 -2.86074 5
    endloop
  endfacet
  facet normal -0.321438 0.946931 0
    outer loop
      vertex -7.24372 -2.99739 5
      vertex -6.84116 -2.86074 0
      vertex -7.24372 -2.99739 0
    endloop
  endfacet
  facet normal -0.896869 0.442295 0
    outer loop
      vertex -9.00261 -4.75628 0
      vertex -8.81458 -4.375 5
      vertex -8.81458 -4.375 0
    endloop
  endfacet
  facet normal -0.896869 0.442295 0
    outer loop
      vertex -8.81458 -4.375 5
      vertex -9.00261 -4.75628 0
      vertex -9.00261 -4.75628 5
    endloop
  endfacet
  facet normal 0.896869 0.442295 0
    outer loop
      vertex -2.99739 -4.75628 5
      vertex -3.18542 -4.375 0
      vertex -3.18542 -4.375 5
    endloop
  endfacet
  facet normal 0.896869 0.442295 0
    outer loop
      vertex -3.18542 -4.375 0
      vertex -2.99739 -4.75628 5
      vertex -2.99739 -4.75628 0
    endloop
  endfacet
  facet normal 0.831471 0.555568 0
    outer loop
      vertex -3.18542 -4.375 5
      vertex -3.4216 -4.02153 0
      vertex -3.4216 -4.02153 5
    endloop
  endfacet
  facet normal 0.831471 0.555568 0
    outer loop
      vertex -3.4216 -4.02153 0
      vertex -3.18542 -4.375 5
      vertex -3.18542 -4.375 0
    endloop
  endfacet
  facet normal 0.442295 0.896869 -0
    outer loop
      vertex -4.375 -3.18542 0
      vertex -4.75628 -2.99739 5
      vertex -4.375 -3.18542 5
    endloop
  endfacet
  facet normal 0.442295 0.896869 0
    outer loop
      vertex -4.75628 -2.99739 5
      vertex -4.375 -3.18542 0
      vertex -4.75628 -2.99739 0
    endloop
  endfacet
  facet normal 0.0653933 0.99786 -0
    outer loop
      vertex -5.57579 -2.7778 0
      vertex -6 -2.75 5
      vertex -5.57579 -2.7778 5
    endloop
  endfacet
  facet normal 0.0653933 0.99786 0
    outer loop
      vertex -6 -2.75 5
      vertex -5.57579 -2.7778 0
      vertex -6 -2.75 0
    endloop
  endfacet
  facet normal -0.99786 0.0653933 0
    outer loop
      vertex -9.25 -6 0
      vertex -9.2222 -5.57579 5
      vertex -9.2222 -5.57579 0
    endloop
  endfacet
  facet normal -0.99786 0.0653933 0
    outer loop
      vertex -9.2222 -5.57579 5
      vertex -9.25 -6 0
      vertex -9.25 -6 5
    endloop
  endfacet
  facet normal -0.751849 0.659335 0
    outer loop
      vertex -8.5784 -4.02153 0
      vertex -8.2981 -3.7019 5
      vertex -8.2981 -3.7019 0
    endloop
  endfacet
  facet normal -0.751849 0.659335 0
    outer loop
      vertex -8.2981 -3.7019 5
      vertex -8.5784 -4.02153 0
      vertex -8.5784 -4.02153 5
    endloop
  endfacet
  facet normal -0.0653933 0.99786 0
    outer loop
      vertex -6 -2.75 0
      vertex -6.42421 -2.7778 5
      vertex -6 -2.75 5
    endloop
  endfacet
  facet normal -0.0653933 0.99786 0
    outer loop
      vertex -6.42421 -2.7778 5
      vertex -6 -2.75 0
      vertex -6.42421 -2.7778 0
    endloop
  endfacet
  facet normal -0.659335 0.751849 0
    outer loop
      vertex -7.97847 -3.4216 0
      vertex -8.2981 -3.7019 5
      vertex -7.97847 -3.4216 5
    endloop
  endfacet
  facet normal -0.659335 0.751849 0
    outer loop
      vertex -8.2981 -3.7019 5
      vertex -7.97847 -3.4216 0
      vertex -8.2981 -3.7019 0
    endloop
  endfacet
  facet normal 0.99786 0.0653933 0
    outer loop
      vertex -2.75 -6 5
      vertex -2.7778 -5.57579 0
      vertex -2.7778 -5.57579 5
    endloop
  endfacet
  facet normal 0.99786 0.0653933 0
    outer loop
      vertex -2.7778 -5.57579 0
      vertex -2.75 -6 5
      vertex -2.75 -6 0
    endloop
  endfacet
  facet normal 0.0653933 -0.99786 0
    outer loop
      vertex -6 -9.25 0
      vertex -5.57579 -9.2222 5
      vertex -6 -9.25 5
    endloop
  endfacet
  facet normal 0.0653933 -0.99786 0
    outer loop
      vertex -5.57579 -9.2222 5
      vertex -6 -9.25 0
      vertex -5.57579 -9.2222 0
    endloop
  endfacet
  facet normal 0.831471 -0.555568 0
    outer loop
      vertex -3.4216 -7.97847 5
      vertex -3.18542 -7.625 0
      vertex -3.18542 -7.625 5
    endloop
  endfacet
  facet normal 0.831471 -0.555568 0
    outer loop
      vertex -3.18542 -7.625 0
      vertex -3.4216 -7.97847 5
      vertex -3.4216 -7.97847 0
    endloop
  endfacet
  facet normal 0.946931 -0.321438 0
    outer loop
      vertex -2.99739 -7.24372 5
      vertex -2.86074 -6.84116 0
      vertex -2.86074 -6.84116 5
    endloop
  endfacet
  facet normal 0.946931 -0.321438 0
    outer loop
      vertex -2.86074 -6.84116 0
      vertex -2.99739 -7.24372 5
      vertex -2.99739 -7.24372 0
    endloop
  endfacet
  facet normal -0.0653933 -0.99786 0
    outer loop
      vertex -6.42421 -9.2222 0
      vertex -6 -9.25 5
      vertex -6.42421 -9.2222 5
    endloop
  endfacet
  facet normal -0.0653933 -0.99786 -0
    outer loop
      vertex -6 -9.25 5
      vertex -6.42421 -9.2222 0
      vertex -6 -9.25 0
    endloop
  endfacet
  facet normal -0.659335 -0.751849 0
    outer loop
      vertex -8.2981 -8.2981 0
      vertex -7.97847 -8.5784 5
      vertex -8.2981 -8.2981 5
    endloop
  endfacet
  facet normal -0.659335 -0.751849 -0
    outer loop
      vertex -7.97847 -8.5784 5
      vertex -8.2981 -8.2981 0
      vertex -7.97847 -8.5784 0
    endloop
  endfacet
  facet normal -0.99786 -0.0653933 0
    outer loop
      vertex -9.2222 -6.42421 0
      vertex -9.25 -6 5
      vertex -9.25 -6 0
    endloop
  endfacet
  facet normal -0.99786 -0.0653933 0
    outer loop
      vertex -9.25 -6 5
      vertex -9.2222 -6.42421 0
      vertex -9.2222 -6.42421 5
    endloop
  endfacet
  facet normal 0 0 -1
    outer loop
      vertex -4.6 -6 0
      vertex -2.75 -6 0
      vertex -2.7778 -6.42421 0
    endloop
  endfacet
  facet normal 0 0 -1
    outer loop
      vertex -4.6351 -6.31153 0
      vertex -2.7778 -6.42421 0
      vertex -2.86074 -6.84116 0
    endloop
  endfacet
  facet normal 0 0 -1
    outer loop
      vertex -2.75 -6 0
      vertex -4.6 -6 0
      vertex -2.7778 -5.57579 0
    endloop
  endfacet
  facet normal 0 0 -1
    outer loop
      vertex -4.6351 -6.31153 0
      vertex -2.86074 -6.84116 0
      vertex -2.99739 -7.24372 0
    endloop
  endfacet
  facet normal 0 0 -1
    outer loop
      vertex -4.6351 -5.68847 0
      vertex -2.7778 -5.57579 0
      vertex -4.6 -6 0
    endloop
  endfacet
  facet normal 0 0 -1
    outer loop
      vertex -4.73864 -6.60744 0
      vertex -2.99739 -7.24372 0
      vertex -3.18542 -7.625 0
    endloop
  endfacet
  facet normal -0 0 -1
    outer loop
      vertex -2.7778 -5.57579 0
      vertex -4.6351 -5.68847 0
      vertex -2.86074 -5.15884 0
    endloop
  endfacet
  facet normal 0 0 -1
    outer loop
      vertex -4.90544 -6.87289 0
      vertex -3.18542 -7.625 0
      vertex -3.4216 -7.97847 0
    endloop
  endfacet
  facet normal -0 0 -1
    outer loop
      vertex -2.86074 -5.15884 0
      vertex -4.6351 -5.68847 0
      vertex -2.99739 -4.75628 0
    endloop
  endfacet
  facet normal 0 0 -1
    outer loop
      vertex -4.90544 -6.87289 0
      vertex -3.4216 -7.97847 0
      vertex -3.7019 -8.2981 0
    endloop
  endfacet
  facet normal 0 0 -1
    outer loop
      vertex -4.73864 -5.39256 0
      vertex -2.99739 -4.75628 0
      vertex -4.6351 -5.68847 0
    endloop
  endfacet
  facet normal 0 0 -1
    outer loop
      vertex -5.12711 -7.09456 0
      vertex -3.7019 -8.2981 0
      vertex -4.02153 -8.5784 0
    endloop
  endfacet
  facet normal -0 0 -1
    outer loop
      vertex -2.99739 -4.75628 0
      vertex -4.73864 -5.39256 0
      vertex -3.18542 -4.375 0
    endloop
  endfacet
  facet normal 0 0 -1
    outer loop
      vertex -5.12711 -7.09456 0
      vertex -4.02153 -8.5784 0
      vertex -4.375 -8.81458 0
    endloop
  endfacet
  facet normal 0 0 -1
    outer loop
      vertex -4.90544 -5.12711 0
      vertex -3.18542 -4.375 0
      vertex -4.73864 -5.39256 0
    endloop
  endfacet
  facet normal -0 0 -1
    outer loop
      vertex -3.18542 -4.375 0
      vertex -4.90544 -5.12711 0
      vertex -3.4216 -4.02153 0
    endloop
  endfacet
  facet normal 0 0 -1
    outer loop
      vertex -2.7778 -6.42421 0
      vertex -4.6351 -6.31153 0
      vertex -4.6 -6 0
    endloop
  endfacet
  facet normal 0 0 -1
    outer loop
      vertex -2.99739 -7.24372 0
      vertex -4.73864 -6.60744 0
      vertex -4.6351 -6.31153 0
    endloop
  endfacet
  facet normal 0 0 -1
    outer loop
      vertex -5.39256 -7.26136 0
      vertex -4.375 -8.81458 0
      vertex -4.75628 -9.00261 0
    endloop
  endfacet
  facet normal 0 0 -1
    outer loop
      vertex -3.18542 -7.625 0
      vertex -4.90544 -6.87289 0
      vertex -4.73864 -6.60744 0
    endloop
  endfacet
  facet normal 0 0 -1
    outer loop
      vertex -3.7019 -8.2981 0
      vertex -5.12711 -7.09456 0
      vertex -4.90544 -6.87289 0
    endloop
  endfacet
  facet normal 0 0 -1
    outer loop
      vertex -5.68847 -7.3649 0
      vertex -4.75628 -9.00261 0
      vertex -5.15884 -9.13926 0
    endloop
  endfacet
  facet normal 0 0 -1
    outer loop
      vertex -4.375 -8.81458 0
      vertex -5.39256 -7.26136 0
      vertex -5.12711 -7.09456 0
    endloop
  endfacet
  facet normal 0 0 -1
    outer loop
      vertex -5.68847 -7.3649 0
      vertex -5.15884 -9.13926 0
      vertex -5.57579 -9.2222 0
    endloop
  endfacet
  facet normal 0 0 -1
    outer loop
      vertex -4.75628 -9.00261 0
      vertex -5.68847 -7.3649 0
      vertex -5.39256 -7.26136 0
    endloop
  endfacet
  facet normal 0 0 -1
    outer loop
      vertex -6 -7.4 0
      vertex -5.57579 -9.2222 0
      vertex -6 -9.25 0
    endloop
  endfacet
  facet normal 0 0 -1
    outer loop
      vertex -5.57579 -9.2222 0
      vertex -6 -7.4 0
      vertex -5.68847 -7.3649 0
    endloop
  endfacet
  facet normal 0 0 -1
    outer loop
      vertex -6.42421 -9.2222 0
      vertex -6 -7.4 0
      vertex -6 -9.25 0
    endloop
  endfacet
  facet normal -0 0 -1
    outer loop
      vertex -6 -7.4 0
      vertex -6.42421 -9.2222 0
      vertex -6.31153 -7.3649 0
    endloop
  endfacet
  facet normal 0 0 -1
    outer loop
      vertex -6.84116 -9.13926 0
      vertex -6.31153 -7.3649 0
      vertex -6.42421 -9.2222 0
    endloop
  endfacet
  facet normal 0 0 -1
    outer loop
      vertex -7.24372 -9.00261 0
      vertex -6.31153 -7.3649 0
      vertex -6.84116 -9.13926 0
    endloop
  endfacet
  facet normal -0 0 -1
    outer loop
      vertex -6.31153 -7.3649 0
      vertex -7.24372 -9.00261 0
      vertex -6.60744 -7.26136 0
    endloop
  endfacet
  facet normal 0 0 -1
    outer loop
      vertex -7.625 -8.81458 0
      vertex -6.60744 -7.26136 0
      vertex -7.24372 -9.00261 0
    endloop
  endfacet
  facet normal -0 0 -1
    outer loop
      vertex -6.60744 -7.26136 0
      vertex -7.625 -8.81458 0
      vertex -6.87289 -7.09456 0
    endloop
  endfacet
  facet normal 0 0 -1
    outer loop
      vertex -7.97847 -8.5784 0
      vertex -6.87289 -7.09456 0
      vertex -7.625 -8.81458 0
    endloop
  endfacet
  facet normal 0 0 -1
    outer loop
      vertex -8.2981 -8.2981 0
      vertex -6.87289 -7.09456 0
      vertex -7.97847 -8.5784 0
    endloop
  endfacet
  facet normal -0 0 -1
    outer loop
      vertex -6.87289 -7.09456 0
      vertex -8.2981 -8.2981 0
      vertex -7.09456 -6.87289 0
    endloop
  endfacet
  facet normal 0 0 -1
    outer loop
      vertex -8.5784 -7.97847 0
      vertex -7.09456 -6.87289 0
      vertex -8.2981 -8.2981 0
    endloop
  endfacet
  facet normal -0 0 -1
    outer loop
      vertex -3.4216 -4.02153 0
      vertex -4.90544 -5.12711 0
      vertex -3.7019 -3.7019 0
    endloop
  endfacet
  facet normal 0 0 -1
    outer loop
      vertex -5.12711 -4.90544 0
      vertex -3.7019 -3.7019 0
      vertex -4.90544 -5.12711 0
    endloop
  endfacet
  facet normal -0 0 -1
    outer loop
      vertex -3.7019 -3.7019 0
      vertex -5.12711 -4.90544 0
      vertex -4.02153 -3.4216 0
    endloop
  endfacet
  facet normal -0 0 -1
    outer loop
      vertex -4.02153 -3.4216 0
      vertex -5.12711 -4.90544 0
      vertex -4.375 -3.18542 0
    endloop
  endfacet
  facet normal 0 0 -1
    outer loop
      vertex -5.39256 -4.73864 0
      vertex -4.375 -3.18542 0
      vertex -5.12711 -4.90544 0
    endloop
  endfacet
  facet normal -0 0 -1
    outer loop
      vertex -4.375 -3.18542 0
      vertex -5.39256 -4.73864 0
      vertex -4.75628 -2.99739 0
    endloop
  endfacet
  facet normal 0 0 -1
    outer loop
      vertex -5.68847 -4.6351 0
      vertex -4.75628 -2.99739 0
      vertex -5.39256 -4.73864 0
    endloop
  endfacet
  facet normal -0 0 -1
    outer loop
      vertex -4.75628 -2.99739 0
      vertex -5.68847 -4.6351 0
      vertex -5.15884 -2.86074 0
    endloop
  endfacet
  facet normal -0 0 -1
    outer loop
      vertex -5.15884 -2.86074 0
      vertex -5.68847 -4.6351 0
      vertex -5.57579 -2.7778 0
    endloop
  endfacet
  facet normal 0 0 -1
    outer loop
      vertex -6 -4.6 0
      vertex -5.57579 -2.7778 0
      vertex -5.68847 -4.6351 0
    endloop
  endfacet
  facet normal 0 0 -1
    outer loop
      vertex -6 -4.6 0
      vertex -6 -2.75 0
      vertex -5.57579 -2.7778 0
    endloop
  endfacet
  facet normal 0 0 -1
    outer loop
      vertex -6.42421 -2.7778 0
      vertex -6 -4.6 0
      vertex -6.31153 -4.6351 0
    endloop
  endfacet
  facet normal 0 0 -1
    outer loop
      vertex -6 -4.6 0
      vertex -6.42421 -2.7778 0
      vertex -6 -2.75 0
    endloop
  endfacet
  facet normal 0 0 -1
    outer loop
      vertex -7.24372 -2.99739 0
      vertex -6.31153 -4.6351 0
      vertex -6.60744 -4.73864 0
    endloop
  endfacet
  facet normal 0 0 -1
    outer loop
      vertex -6.31153 -4.6351 0
      vertex -6.84116 -2.86074 0
      vertex -6.42421 -2.7778 0
    endloop
  endfacet
  facet normal 0 0 -1
    outer loop
      vertex -7.625 -3.18542 0
      vertex -6.60744 -4.73864 0
      vertex -6.87289 -4.90544 0
    endloop
  endfacet
  facet normal 0 0 -1
    outer loop
      vertex -8.2981 -3.7019 0
      vertex -6.87289 -4.90544 0
      vertex -7.09456 -5.12711 0
    endloop
  endfacet
  facet normal 0 0 -1
    outer loop
      vertex -6.31153 -4.6351 0
      vertex -7.24372 -2.99739 0
      vertex -6.84116 -2.86074 0
    endloop
  endfacet
  facet normal 0 0 -1
    outer loop
      vertex -8.81458 -4.375 0
      vertex -7.09456 -5.12711 0
      vertex -7.26136 -5.39256 0
    endloop
  endfacet
  facet normal 0 0 -1
    outer loop
      vertex -9.00261 -4.75628 0
      vertex -7.26136 -5.39256 0
      vertex -7.3649 -5.68847 0
    endloop
  endfacet
  facet normal 0 0 -1
    outer loop
      vertex -9.2222 -5.57579 0
      vertex -7.3649 -5.68847 0
      vertex -7.4 -6 0
    endloop
  endfacet
  facet normal 0 0 -1
    outer loop
      vertex -8.81458 -7.625 0
      vertex -7.09456 -6.87289 0
      vertex -8.5784 -7.97847 0
    endloop
  endfacet
  facet normal 0 0 -1
    outer loop
      vertex -6.60744 -4.73864 0
      vertex -7.625 -3.18542 0
      vertex -7.24372 -2.99739 0
    endloop
  endfacet
  facet normal -0 0 -1
    outer loop
      vertex -7.09456 -6.87289 0
      vertex -8.81458 -7.625 0
      vertex -7.26136 -6.60744 0
    endloop
  endfacet
  facet normal 0 0 -1
    outer loop
      vertex -6.87289 -4.90544 0
      vertex -7.97847 -3.4216 0
      vertex -7.625 -3.18542 0
    endloop
  endfacet
  facet normal 0 0 -1
    outer loop
      vertex -9.00261 -7.24372 0
      vertex -7.26136 -6.60744 0
      vertex -8.81458 -7.625 0
    endloop
  endfacet
  facet normal 0 0 -1
    outer loop
      vertex -6.87289 -4.90544 0
      vertex -8.2981 -3.7019 0
      vertex -7.97847 -3.4216 0
    endloop
  endfacet
  facet normal -0 0 -1
    outer loop
      vertex -7.26136 -6.60744 0
      vertex -9.00261 -7.24372 0
      vertex -7.3649 -6.31153 0
    endloop
  endfacet
  facet normal 0 0 -1
    outer loop
      vertex -7.09456 -5.12711 0
      vertex -8.5784 -4.02153 0
      vertex -8.2981 -3.7019 0
    endloop
  endfacet
  facet normal 0 0 -1
    outer loop
      vertex -9.13926 -6.84116 0
      vertex -7.3649 -6.31153 0
      vertex -9.00261 -7.24372 0
    endloop
  endfacet
  facet normal 0 0 -1
    outer loop
      vertex -7.09456 -5.12711 0
      vertex -8.81458 -4.375 0
      vertex -8.5784 -4.02153 0
    endloop
  endfacet
  facet normal 0 0 -1
    outer loop
      vertex -9.2222 -6.42421 0
      vertex -7.3649 -6.31153 0
      vertex -9.13926 -6.84116 0
    endloop
  endfacet
  facet normal 0 0 -1
    outer loop
      vertex -7.26136 -5.39256 0
      vertex -9.00261 -4.75628 0
      vertex -8.81458 -4.375 0
    endloop
  endfacet
  facet normal -0 0 -1
    outer loop
      vertex -7.3649 -6.31153 0
      vertex -9.2222 -6.42421 0
      vertex -7.4 -6 0
    endloop
  endfacet
  facet normal 0 0 -1
    outer loop
      vertex -7.3649 -5.68847 0
      vertex -9.13926 -5.15884 0
      vertex -9.00261 -4.75628 0
    endloop
  endfacet
  facet normal 0 0 -1
    outer loop
      vertex -9.25 -6 0
      vertex -7.4 -6 0
      vertex -9.2222 -6.42421 0
    endloop
  endfacet
  facet normal 0 0 -1
    outer loop
      vertex -7.3649 -5.68847 0
      vertex -9.2222 -5.57579 0
      vertex -9.13926 -5.15884 0
    endloop
  endfacet
  facet normal 0 0 -1
    outer loop
      vertex -7.4 -6 0
      vertex -9.25 -6 0
      vertex -9.2222 -5.57579 0
    endloop
  endfacet
  facet normal -0.751849 -0.659335 0
    outer loop
      vertex -8.2981 -8.2981 0
      vertex -8.5784 -7.97847 5
      vertex -8.5784 -7.97847 0
    endloop
  endfacet
  facet normal -0.751849 -0.659335 0
    outer loop
      vertex -8.5784 -7.97847 5
      vertex -8.2981 -8.2981 0
      vertex -8.2981 -8.2981 5
    endloop
  endfacet
  facet normal 0.946931 0.321438 0
    outer loop
      vertex -2.86074 -5.15884 5
      vertex -2.99739 -4.75628 0
      vertex -2.99739 -4.75628 5
    endloop
  endfacet
  facet normal 0.946931 0.321438 0
    outer loop
      vertex -2.99739 -4.75628 0
      vertex -2.86074 -5.15884 5
      vertex -2.86074 -5.15884 0
    endloop
  endfacet
  facet normal 0.751849 0.659335 0
    outer loop
      vertex -3.4216 -4.02153 5
      vertex -3.7019 -3.7019 0
      vertex -3.7019 -3.7019 5
    endloop
  endfacet
  facet normal 0.751849 0.659335 0
    outer loop
      vertex -3.7019 -3.7019 0
      vertex -3.4216 -4.02153 5
      vertex -3.4216 -4.02153 0
    endloop
  endfacet
  facet normal 0.659335 0.751849 -0
    outer loop
      vertex -3.7019 -3.7019 0
      vertex -4.02153 -3.4216 5
      vertex -3.7019 -3.7019 5
    endloop
  endfacet
  facet normal 0.659335 0.751849 0
    outer loop
      vertex -4.02153 -3.4216 5
      vertex -3.7019 -3.7019 0
      vertex -4.02153 -3.4216 0
    endloop
  endfacet
  facet normal 0.321438 0.946931 -0
    outer loop
      vertex -4.75628 -2.99739 0
      vertex -5.15884 -2.86074 5
      vertex -4.75628 -2.99739 5
    endloop
  endfacet
  facet normal 0.321438 0.946931 0
    outer loop
      vertex -5.15884 -2.86074 5
      vertex -4.75628 -2.99739 0
      vertex -5.15884 -2.86074 0
    endloop
  endfacet
  facet normal 0.195098 0.980784 -0
    outer loop
      vertex -5.15884 -2.86074 0
      vertex -5.57579 -2.7778 5
      vertex -5.15884 -2.86074 5
    endloop
  endfacet
  facet normal 0.195098 0.980784 0
    outer loop
      vertex -5.57579 -2.7778 5
      vertex -5.15884 -2.86074 0
      vertex -5.57579 -2.7778 0
    endloop
  endfacet
  facet normal 0 0 1
    outer loop
      vertex -4.6 -6 5
      vertex -2.75 -6 5
      vertex -2.7778 -5.57579 5
    endloop
  endfacet
  facet normal 0 0 1
    outer loop
      vertex -4.6351 -5.68847 5
      vertex -2.7778 -5.57579 5
      vertex -2.86074 -5.15884 5
    endloop
  endfacet
  facet normal 0 0 1
    outer loop
      vertex -2.75 -6 5
      vertex -4.6 -6 5
      vertex -2.7778 -6.42421 5
    endloop
  endfacet
  facet normal 0 0 1
    outer loop
      vertex -4.6351 -5.68847 5
      vertex -2.86074 -5.15884 5
      vertex -2.99739 -4.75628 5
    endloop
  endfacet
  facet normal -0 0 1
    outer loop
      vertex -4.6351 -6.31153 5
      vertex -2.7778 -6.42421 5
      vertex -4.6 -6 5
    endloop
  endfacet
  facet normal 0 0 1
    outer loop
      vertex -4.73864 -5.39256 5
      vertex -2.99739 -4.75628 5
      vertex -3.18542 -4.375 5
    endloop
  endfacet
  facet normal 0 0 1
    outer loop
      vertex -2.7778 -6.42421 5
      vertex -4.6351 -6.31153 5
      vertex -2.86074 -6.84116 5
    endloop
  endfacet
  facet normal 0 0 1
    outer loop
      vertex -4.90544 -5.12711 5
      vertex -3.18542 -4.375 5
      vertex -3.4216 -4.02153 5
    endloop
  endfacet
  facet normal 0 0 1
    outer loop
      vertex -2.86074 -6.84116 5
      vertex -4.6351 -6.31153 5
      vertex -2.99739 -7.24372 5
    endloop
  endfacet
  facet normal 0 0 1
    outer loop
      vertex -4.90544 -5.12711 5
      vertex -3.4216 -4.02153 5
      vertex -3.7019 -3.7019 5
    endloop
  endfacet
  facet normal -0 0 1
    outer loop
      vertex -4.73864 -6.60744 5
      vertex -2.99739 -7.24372 5
      vertex -4.6351 -6.31153 5
    endloop
  endfacet
  facet normal 0 0 1
    outer loop
      vertex -5.12711 -4.90544 5
      vertex -3.7019 -3.7019 5
      vertex -4.02153 -3.4216 5
    endloop
  endfacet
  facet normal 0 0 1
    outer loop
      vertex -2.99739 -7.24372 5
      vertex -4.73864 -6.60744 5
      vertex -3.18542 -7.625 5
    endloop
  endfacet
  facet normal 0 0 1
    outer loop
      vertex -5.12711 -4.90544 5
      vertex -4.02153 -3.4216 5
      vertex -4.375 -3.18542 5
    endloop
  endfacet
  facet normal -0 0 1
    outer loop
      vertex -4.90544 -6.87289 5
      vertex -3.18542 -7.625 5
      vertex -4.73864 -6.60744 5
    endloop
  endfacet
  facet normal 0 0 1
    outer loop
      vertex -3.18542 -7.625 5
      vertex -4.90544 -6.87289 5
      vertex -3.4216 -7.97847 5
    endloop
  endfacet
  facet normal 0 0 1
    outer loop
      vertex -2.7778 -5.57579 5
      vertex -4.6351 -5.68847 5
      vertex -4.6 -6 5
    endloop
  endfacet
  facet normal 0 0 1
    outer loop
      vertex -2.99739 -4.75628 5
      vertex -4.73864 -5.39256 5
      vertex -4.6351 -5.68847 5
    endloop
  endfacet
  facet normal 0 0 1
    outer loop
      vertex -5.39256 -4.73864 5
      vertex -4.375 -3.18542 5
      vertex -4.75628 -2.99739 5
    endloop
  endfacet
  facet normal 0 0 1
    outer loop
      vertex -3.18542 -4.375 5
      vertex -4.90544 -5.12711 5
      vertex -4.73864 -5.39256 5
    endloop
  endfacet
  facet normal 0 0 1
    outer loop
      vertex -3.7019 -3.7019 5
      vertex -5.12711 -4.90544 5
      vertex -4.90544 -5.12711 5
    endloop
  endfacet
  facet normal 0 0 1
    outer loop
      vertex -5.68847 -4.6351 5
      vertex -4.75628 -2.99739 5
      vertex -5.15884 -2.86074 5
    endloop
  endfacet
  facet normal 0 0 1
    outer loop
      vertex -4.375 -3.18542 5
      vertex -5.39256 -4.73864 5
      vertex -5.12711 -4.90544 5
    endloop
  endfacet
  facet normal 0 0 1
    outer loop
      vertex -5.68847 -4.6351 5
      vertex -5.15884 -2.86074 5
      vertex -5.57579 -2.7778 5
    endloop
  endfacet
  facet normal 0 0 1
    outer loop
      vertex -4.75628 -2.99739 5
      vertex -5.68847 -4.6351 5
      vertex -5.39256 -4.73864 5
    endloop
  endfacet
  facet normal 0 0 1
    outer loop
      vertex -6 -4.6 5
      vertex -5.57579 -2.7778 5
      vertex -6 -2.75 5
    endloop
  endfacet
  facet normal 0 0 1
    outer loop
      vertex -5.57579 -2.7778 5
      vertex -6 -4.6 5
      vertex -5.68847 -4.6351 5
    endloop
  endfacet
  facet normal -0 0 1
    outer loop
      vertex -6.42421 -2.7778 5
      vertex -6 -4.6 5
      vertex -6 -2.75 5
    endloop
  endfacet
  facet normal 0 0 1
    outer loop
      vertex -6 -4.6 5
      vertex -6.42421 -2.7778 5
      vertex -6.31153 -4.6351 5
    endloop
  endfacet
  facet normal -0 0 1
    outer loop
      vertex -6.84116 -2.86074 5
      vertex -6.31153 -4.6351 5
      vertex -6.42421 -2.7778 5
    endloop
  endfacet
  facet normal -0 0 1
    outer loop
      vertex -7.24372 -2.99739 5
      vertex -6.31153 -4.6351 5
      vertex -6.84116 -2.86074 5
    endloop
  endfacet
  facet normal 0 0 1
    outer loop
      vertex -6.31153 -4.6351 5
      vertex -7.24372 -2.99739 5
      vertex -6.60744 -4.73864 5
    endloop
  endfacet
  facet normal -0 0 1
    outer loop
      vertex -7.625 -3.18542 5
      vertex -6.60744 -4.73864 5
      vertex -7.24372 -2.99739 5
    endloop
  endfacet
  facet normal 0 0 1
    outer loop
      vertex -6.60744 -4.73864 5
      vertex -7.625 -3.18542 5
      vertex -6.87289 -4.90544 5
    endloop
  endfacet
  facet normal -0 0 1
    outer loop
      vertex -7.97847 -3.4216 5
      vertex -6.87289 -4.90544 5
      vertex -7.625 -3.18542 5
    endloop
  endfacet
  facet normal -0 0 1
    outer loop
      vertex -8.2981 -3.7019 5
      vertex -6.87289 -4.90544 5
      vertex -7.97847 -3.4216 5
    endloop
  endfacet
  facet normal 0 0 1
    outer loop
      vertex -6.87289 -4.90544 5
      vertex -8.2981 -3.7019 5
      vertex -7.09456 -5.12711 5
    endloop
  endfacet
  facet normal -0 0 1
    outer loop
      vertex -8.5784 -4.02153 5
      vertex -7.09456 -5.12711 5
      vertex -8.2981 -3.7019 5
    endloop
  endfacet
  facet normal 0 0 1
    outer loop
      vertex -3.4216 -7.97847 5
      vertex -4.90544 -6.87289 5
      vertex -3.7019 -8.2981 5
    endloop
  endfacet
  facet normal -0 0 1
    outer loop
      vertex -5.12711 -7.09456 5
      vertex -3.7019 -8.2981 5
      vertex -4.90544 -6.87289 5
    endloop
  endfacet
  facet normal 0 0 1
    outer loop
      vertex -3.7019 -8.2981 5
      vertex -5.12711 -7.09456 5
      vertex -4.02153 -8.5784 5
    endloop
  endfacet
  facet normal 0 0 1
    outer loop
      vertex -4.02153 -8.5784 5
      vertex -5.12711 -7.09456 5
      vertex -4.375 -8.81458 5
    endloop
  endfacet
  facet normal -0 0 1
    outer loop
      vertex -5.39256 -7.26136 5
      vertex -4.375 -8.81458 5
      vertex -5.12711 -7.09456 5
    endloop
  endfacet
  facet normal 0 0 1
    outer loop
      vertex -4.375 -8.81458 5
      vertex -5.39256 -7.26136 5
      vertex -4.75628 -9.00261 5
    endloop
  endfacet
  facet normal -0 0 1
    outer loop
      vertex -5.68847 -7.3649 5
      vertex -4.75628 -9.00261 5
      vertex -5.39256 -7.26136 5
    endloop
  endfacet
  facet normal 0 0 1
    outer loop
      vertex -4.75628 -9.00261 5
      vertex -5.68847 -7.3649 5
      vertex -5.15884 -9.13926 5
    endloop
  endfacet
  facet normal 0 0 1
    outer loop
      vertex -5.15884 -9.13926 5
      vertex -5.68847 -7.3649 5
      vertex -5.57579 -9.2222 5
    endloop
  endfacet
  facet normal -0 0 1
    outer loop
      vertex -6 -7.4 5
      vertex -5.57579 -9.2222 5
      vertex -5.68847 -7.3649 5
    endloop
  endfacet
  facet normal 0 0 1
    outer loop
      vertex -6 -7.4 5
      vertex -6 -9.25 5
      vertex -5.57579 -9.2222 5
    endloop
  endfacet
  facet normal 0 0 1
    outer loop
      vertex -6.42421 -9.2222 5
      vertex -6 -7.4 5
      vertex -6.31153 -7.3649 5
    endloop
  endfacet
  facet normal 0 0 1
    outer loop
      vertex -6 -7.4 5
      vertex -6.42421 -9.2222 5
      vertex -6 -9.25 5
    endloop
  endfacet
  facet normal 0 0 1
    outer loop
      vertex -7.24372 -9.00261 5
      vertex -6.31153 -7.3649 5
      vertex -6.60744 -7.26136 5
    endloop
  endfacet
  facet normal 0 0 1
    outer loop
      vertex -6.31153 -7.3649 5
      vertex -6.84116 -9.13926 5
      vertex -6.42421 -9.2222 5
    endloop
  endfacet
  facet normal 0 0 1
    outer loop
      vertex -7.625 -8.81458 5
      vertex -6.60744 -7.26136 5
      vertex -6.87289 -7.09456 5
    endloop
  endfacet
  facet normal 0 0 1
    outer loop
      vertex -8.2981 -8.2981 5
      vertex -6.87289 -7.09456 5
      vertex -7.09456 -6.87289 5
    endloop
  endfacet
  facet normal 0 0 1
    outer loop
      vertex -6.31153 -7.3649 5
      vertex -7.24372 -9.00261 5
      vertex -6.84116 -9.13926 5
    endloop
  endfacet
  facet normal 0 0 1
    outer loop
      vertex -8.81458 -7.625 5
      vertex -7.09456 -6.87289 5
      vertex -7.26136 -6.60744 5
    endloop
  endfacet
  facet normal 0 0 1
    outer loop
      vertex -9.00261 -7.24372 5
      vertex -7.26136 -6.60744 5
      vertex -7.3649 -6.31153 5
    endloop
  endfacet
  facet normal 0 0 1
    outer loop
      vertex -9.2222 -6.42421 5
      vertex -7.3649 -6.31153 5
      vertex -7.4 -6 5
    endloop
  endfacet
  facet normal -0 0 1
    outer loop
      vertex -8.81458 -4.375 5
      vertex -7.09456 -5.12711 5
      vertex -8.5784 -4.02153 5
    endloop
  endfacet
  facet normal 0 0 1
    outer loop
      vertex -6.60744 -7.26136 5
      vertex -7.625 -8.81458 5
      vertex -7.24372 -9.00261 5
    endloop
  endfacet
  facet normal 0 0 1
    outer loop
      vertex -7.09456 -5.12711 5
      vertex -8.81458 -4.375 5
      vertex -7.26136 -5.39256 5
    endloop
  endfacet
  facet normal 0 0 1
    outer loop
      vertex -6.87289 -7.09456 5
      vertex -7.97847 -8.5784 5
      vertex -7.625 -8.81458 5
    endloop
  endfacet
  facet normal -0 0 1
    outer loop
      vertex -9.00261 -4.75628 5
      vertex -7.26136 -5.39256 5
      vertex -8.81458 -4.375 5
    endloop
  endfacet
  facet normal 0 0 1
    outer loop
      vertex -6.87289 -7.09456 5
      vertex -8.2981 -8.2981 5
      vertex -7.97847 -8.5784 5
    endloop
  endfacet
  facet normal 0 0 1
    outer loop
      vertex -7.26136 -5.39256 5
      vertex -9.00261 -4.75628 5
      vertex -7.3649 -5.68847 5
    endloop
  endfacet
  facet normal 0 0 1
    outer loop
      vertex -7.09456 -6.87289 5
      vertex -8.5784 -7.97847 5
      vertex -8.2981 -8.2981 5
    endloop
  endfacet
  facet normal -0 0 1
    outer loop
      vertex -9.13926 -5.15884 5
      vertex -7.3649 -5.68847 5
      vertex -9.00261 -4.75628 5
    endloop
  endfacet
  facet normal 0 0 1
    outer loop
      vertex -7.09456 -6.87289 5
      vertex -8.81458 -7.625 5
      vertex -8.5784 -7.97847 5
    endloop
  endfacet
  facet normal -0 0 1
    outer loop
      vertex -9.2222 -5.57579 5
      vertex -7.3649 -5.68847 5
      vertex -9.13926 -5.15884 5
    endloop
  endfacet
  facet normal 0 0 1
    outer loop
      vertex -7.26136 -6.60744 5
      vertex -9.00261 -7.24372 5
      vertex -8.81458 -7.625 5
    endloop
  endfacet
  facet normal 0 0 1
    outer loop
      vertex -7.3649 -5.68847 5
      vertex -9.2222 -5.57579 5
      vertex -7.4 -6 5
    endloop
  endfacet
  facet normal 0 0 1
    outer loop
      vertex -7.3649 -6.31153 5
      vertex -9.13926 -6.84116 5
      vertex -9.00261 -7.24372 5
    endloop
  endfacet
  facet normal 0 0 1
    outer loop
      vertex -9.25 -6 5
      vertex -7.4 -6 5
      vertex -9.2222 -5.57579 5
    endloop
  endfacet
  facet normal 0 0 1
    outer loop
      vertex -7.3649 -6.31153 5
      vertex -9.2222 -6.42421 5
      vertex -9.13926 -6.84116 5
    endloop
  endfacet
  facet normal 0 0 1
    outer loop
      vertex -7.4 -6 5
      vertex -9.25 -6 5
      vertex -9.2222 -6.42421 5
    endloop
  endfacet
  facet normal -0.946931 0.321438 0
    outer loop
      vertex -9.13926 -5.15884 0
      vertex -9.00261 -4.75628 5
      vertex -9.00261 -4.75628 0
    endloop
  endfacet
  facet normal -0.946931 0.321438 0
    outer loop
      vertex -9.00261 -4.75628 5
      vertex -9.13926 -5.15884 0
      vertex -9.13926 -5.15884 5
    endloop
  endfacet
  facet normal -0.980784 0.195098 0
    outer loop
      vertex -9.2222 -5.57579 0
      vertex -9.13926 -5.15884 5
      vertex -9.13926 -5.15884 0
    endloop
  endfacet
  facet normal -0.980784 0.195098 0
    outer loop
      vertex -9.13926 -5.15884 5
      vertex -9.2222 -5.57579 0
      vertex -9.2222 -5.57579 5
    endloop
  endfacet
  facet normal -0.831471 0.555568 0
    outer loop
      vertex -8.81458 -4.375 0
      vertex -8.5784 -4.02153 5
      vertex -8.5784 -4.02153 0
    endloop
  endfacet
  facet normal -0.831471 0.555568 0
    outer loop
      vertex -8.5784 -4.02153 5
      vertex -8.81458 -4.375 0
      vertex -8.81458 -4.375 5
    endloop
  endfacet
  facet normal -0.195098 0.980784 0
    outer loop
      vertex -6.42421 -2.7778 0
      vertex -6.84116 -2.86074 5
      vertex -6.42421 -2.7778 5
    endloop
  endfacet
  facet normal -0.195098 0.980784 0
    outer loop
      vertex -6.84116 -2.86074 5
      vertex -6.42421 -2.7778 0
      vertex -6.84116 -2.86074 0
    endloop
  endfacet
  facet normal -0.555568 0.831471 0
    outer loop
      vertex -7.625 -3.18542 0
      vertex -7.97847 -3.4216 5
      vertex -7.625 -3.18542 5
    endloop
  endfacet
  facet normal -0.555568 0.831471 0
    outer loop
      vertex -7.97847 -3.4216 5
      vertex -7.625 -3.18542 0
      vertex -7.97847 -3.4216 0
    endloop
  endfacet
  facet normal -0.442295 0.896869 0
    outer loop
      vertex -7.24372 -2.99739 0
      vertex -7.625 -3.18542 5
      vertex -7.24372 -2.99739 5
    endloop
  endfacet
  facet normal -0.442295 0.896869 0
    outer loop
      vertex -7.625 -3.18542 5
      vertex -7.24372 -2.99739 0
      vertex -7.625 -3.18542 0
    endloop
  endfacet
  facet normal 0.99786 -0.0653933 0
    outer loop
      vertex -2.7778 -6.42421 5
      vertex -2.75 -6 0
      vertex -2.75 -6 5
    endloop
  endfacet
  facet normal 0.99786 -0.0653933 0
    outer loop
      vertex -2.75 -6 0
      vertex -2.7778 -6.42421 5
      vertex -2.7778 -6.42421 0
    endloop
  endfacet
  facet normal 0.195098 -0.980784 0
    outer loop
      vertex -5.57579 -9.2222 0
      vertex -5.15884 -9.13926 5
      vertex -5.57579 -9.2222 5
    endloop
  endfacet
  facet normal 0.195098 -0.980784 0
    outer loop
      vertex -5.15884 -9.13926 5
      vertex -5.57579 -9.2222 0
      vertex -5.15884 -9.13926 0
    endloop
  endfacet
  facet normal 0.751849 -0.659335 0
    outer loop
      vertex -3.7019 -8.2981 5
      vertex -3.4216 -7.97847 0
      vertex -3.4216 -7.97847 5
    endloop
  endfacet
  facet normal 0.751849 -0.659335 0
    outer loop
      vertex -3.4216 -7.97847 0
      vertex -3.7019 -8.2981 5
      vertex -3.7019 -8.2981 0
    endloop
  endfacet
  facet normal 0.659335 -0.751849 0
    outer loop
      vertex -4.02153 -8.5784 0
      vertex -3.7019 -8.2981 5
      vertex -4.02153 -8.5784 5
    endloop
  endfacet
  facet normal 0.659335 -0.751849 0
    outer loop
      vertex -3.7019 -8.2981 5
      vertex -4.02153 -8.5784 0
      vertex -3.7019 -8.2981 0
    endloop
  endfacet
  facet normal 0.442295 -0.896869 0
    outer loop
      vertex -4.75628 -9.00261 0
      vertex -4.375 -8.81458 5
      vertex -4.75628 -9.00261 5
    endloop
  endfacet
  facet normal 0.442295 -0.896869 0
    outer loop
      vertex -4.375 -8.81458 5
      vertex -4.75628 -9.00261 0
      vertex -4.375 -8.81458 0
    endloop
  endfacet
  facet normal -0.321438 -0.946931 0
    outer loop
      vertex -7.24372 -9.00261 0
      vertex -6.84116 -9.13926 5
      vertex -7.24372 -9.00261 5
    endloop
  endfacet
  facet normal -0.321438 -0.946931 -0
    outer loop
      vertex -6.84116 -9.13926 5
      vertex -7.24372 -9.00261 0
      vertex -6.84116 -9.13926 0
    endloop
  endfacet
  facet normal -0.555568 -0.831471 0
    outer loop
      vertex -7.97847 -8.5784 0
      vertex -7.625 -8.81458 5
      vertex -7.97847 -8.5784 5
    endloop
  endfacet
  facet normal -0.555568 -0.831471 -0
    outer loop
      vertex -7.625 -8.81458 5
      vertex -7.97847 -8.5784 0
      vertex -7.625 -8.81458 0
    endloop
  endfacet
  facet normal -0.980784 -0.195098 0
    outer loop
      vertex -9.13926 -6.84116 0
      vertex -9.2222 -6.42421 5
      vertex -9.2222 -6.42421 0
    endloop
  endfacet
  facet normal -0.980784 -0.195098 0
    outer loop
      vertex -9.2222 -6.42421 5
      vertex -9.13926 -6.84116 0
      vertex -9.13926 -6.84116 5
    endloop
  endfacet
  facet normal -0.896869 -0.442295 0
    outer loop
      vertex -8.81458 -7.625 0
      vertex -9.00261 -7.24372 5
      vertex -9.00261 -7.24372 0
    endloop
  endfacet
  facet normal -0.896869 -0.442295 0
    outer loop
      vertex -9.00261 -7.24372 5
      vertex -8.81458 -7.625 0
      vertex -8.81458 -7.625 5
    endloop
  endfacet
  facet normal 0.980784 0.195098 0
    outer loop
      vertex -2.7778 -5.57579 5
      vertex -2.86074 -5.15884 0
      vertex -2.86074 -5.15884 5
    endloop
  endfacet
  facet normal 0.980784 0.195098 0
    outer loop
      vertex -2.86074 -5.15884 0
      vertex -2.7778 -5.57579 5
      vertex -2.7778 -5.57579 0
    endloop
  endfacet
  facet normal 0.980784 -0.195098 0
    outer loop
      vertex -2.86074 -6.84116 5
      vertex -2.7778 -6.42421 0
      vertex -2.7778 -6.42421 5
    endloop
  endfacet
  facet normal 0.980784 -0.195098 0
    outer loop
      vertex -2.7778 -6.42421 0
      vertex -2.86074 -6.84116 5
      vertex -2.86074 -6.84116 0
    endloop
  endfacet
  facet normal 0.896869 -0.442295 0
    outer loop
      vertex -3.18542 -7.625 5
      vertex -2.99739 -7.24372 0
      vertex -2.99739 -7.24372 5
    endloop
  endfacet
  facet normal 0.896869 -0.442295 0
    outer loop
      vertex -2.99739 -7.24372 0
      vertex -3.18542 -7.625 5
      vertex -3.18542 -7.625 0
    endloop
  endfacet
  facet normal 0.321438 -0.946931 0
    outer loop
      vertex -5.15884 -9.13926 0
      vertex -4.75628 -9.00261 5
      vertex -5.15884 -9.13926 5
    endloop
  endfacet
  facet normal 0.321438 -0.946931 0
    outer loop
      vertex -4.75628 -9.00261 5
      vertex -5.15884 -9.13926 0
      vertex -4.75628 -9.00261 0
    endloop
  endfacet
  facet normal 0.555568 -0.831471 0
    outer loop
      vertex -4.375 -8.81458 0
      vertex -4.02153 -8.5784 5
      vertex -4.375 -8.81458 5
    endloop
  endfacet
  facet normal 0.555568 -0.831471 0
    outer loop
      vertex -4.02153 -8.5784 5
      vertex -4.375 -8.81458 0
      vertex -4.02153 -8.5784 0
    endloop
  endfacet
  facet normal -0.195098 -0.980784 0
    outer loop
      vertex -6.84116 -9.13926 0
      vertex -6.42421 -9.2222 5
      vertex -6.84116 -9.13926 5
    endloop
  endfacet
  facet normal -0.195098 -0.980784 -0
    outer loop
      vertex -6.42421 -9.2222 5
      vertex -6.84116 -9.13926 0
      vertex -6.42421 -9.2222 0
    endloop
  endfacet
  facet normal -0.442295 -0.896869 0
    outer loop
      vertex -7.625 -8.81458 0
      vertex -7.24372 -9.00261 5
      vertex -7.625 -8.81458 5
    endloop
  endfacet
  facet normal -0.442295 -0.896869 -0
    outer loop
      vertex -7.24372 -9.00261 5
      vertex -7.625 -8.81458 0
      vertex -7.24372 -9.00261 0
    endloop
  endfacet
  facet normal -0.946931 -0.321438 0
    outer loop
      vertex -9.00261 -7.24372 0
      vertex -9.13926 -6.84116 5
      vertex -9.13926 -6.84116 0
    endloop
  endfacet
  facet normal -0.946931 -0.321438 0
    outer loop
      vertex -9.13926 -6.84116 5
      vertex -9.00261 -7.24372 0
      vertex -9.00261 -7.24372 5
    endloop
  endfacet
  facet normal -0.831471 -0.555568 0
    outer loop
      vertex -8.5784 -7.97847 0
      vertex -8.81458 -7.625 5
      vertex -8.81458 -7.625 0
    endloop
  endfacet
  facet normal -0.831471 -0.555568 0
    outer loop
      vertex -8.81458 -7.625 5
      vertex -8.5784 -7.97847 0
      vertex -8.5784 -7.97847 5
    endloop
  endfacet
  facet normal -0.532047 -0.846715 0
    outer loop
      vertex -5.39256 -4.73864 0
      vertex -5.12711 -4.90544 5
      vertex -5.39256 -4.73864 5
    endloop
  endfacet
  facet normal -0.532047 -0.846715 -0
    outer loop
      vertex -5.12711 -4.90544 5
      vertex -5.39256 -4.73864 0
      vertex -5.12711 -4.90544 0
    endloop
  endfacet
  facet normal 0.943887 -0.330269 0
    outer loop
      vertex -7.3649 -5.68847 5
      vertex -7.26136 -5.39256 0
      vertex -7.26136 -5.39256 5
    endloop
  endfacet
  facet normal 0.943887 -0.330269 0
    outer loop
      vertex -7.26136 -5.39256 0
      vertex -7.3649 -5.68847 5
      vertex -7.3649 -5.68847 0
    endloop
  endfacet
  facet normal -0.993713 0.111961 0
    outer loop
      vertex -4.6351 -6.31153 0
      vertex -4.6 -6 5
      vertex -4.6 -6 0
    endloop
  endfacet
  facet normal -0.993713 0.111961 0
    outer loop
      vertex -4.6 -6 5
      vertex -4.6351 -6.31153 0
      vertex -4.6351 -6.31153 5
    endloop
  endfacet
  facet normal 0.330269 0.943887 -0
    outer loop
      vertex -6.31153 -7.3649 0
      vertex -6.60744 -7.26136 5
      vertex -6.31153 -7.3649 5
    endloop
  endfacet
  facet normal 0.330269 0.943887 0
    outer loop
      vertex -6.60744 -7.26136 5
      vertex -6.31153 -7.3649 0
      vertex -6.60744 -7.26136 0
    endloop
  endfacet
  facet normal -0.943887 -0.330269 0
    outer loop
      vertex -4.6351 -5.68847 0
      vertex -4.73864 -5.39256 5
      vertex -4.73864 -5.39256 0
    endloop
  endfacet
  facet normal -0.943887 -0.330269 0
    outer loop
      vertex -4.73864 -5.39256 5
      vertex -4.6351 -5.68847 0
      vertex -4.6351 -5.68847 5
    endloop
  endfacet
  facet normal 0.330269 -0.943887 0
    outer loop
      vertex -6.60744 -4.73864 0
      vertex -6.31153 -4.6351 5
      vertex -6.60744 -4.73864 5
    endloop
  endfacet
  facet normal 0.330269 -0.943887 0
    outer loop
      vertex -6.31153 -4.6351 5
      vertex -6.60744 -4.73864 0
      vertex -6.31153 -4.6351 0
    endloop
  endfacet
  facet normal 0.846715 -0.532047 0
    outer loop
      vertex -7.26136 -5.39256 5
      vertex -7.09456 -5.12711 0
      vertex -7.09456 -5.12711 5
    endloop
  endfacet
  facet normal 0.846715 -0.532047 0
    outer loop
      vertex -7.09456 -5.12711 0
      vertex -7.26136 -5.39256 5
      vertex -7.26136 -5.39256 0
    endloop
  endfacet
  facet normal 0.532047 -0.846715 0
    outer loop
      vertex -6.87289 -4.90544 0
      vertex -6.60744 -4.73864 5
      vertex -6.87289 -4.90544 5
    endloop
  endfacet
  facet normal 0.532047 -0.846715 0
    outer loop
      vertex -6.60744 -4.73864 5
      vertex -6.87289 -4.90544 0
      vertex -6.60744 -4.73864 0
    endloop
  endfacet
  facet normal -0.846715 -0.532047 0
    outer loop
      vertex -4.73864 -5.39256 0
      vertex -4.90544 -5.12711 5
      vertex -4.90544 -5.12711 0
    endloop
  endfacet
  facet normal -0.846715 -0.532047 0
    outer loop
      vertex -4.90544 -5.12711 5
      vertex -4.73864 -5.39256 0
      vertex -4.73864 -5.39256 5
    endloop
  endfacet
  facet normal -0.707107 -0.707107 0
    outer loop
      vertex -4.90544 -5.12711 0
      vertex -5.12711 -4.90544 5
      vertex -5.12711 -4.90544 0
    endloop
  endfacet
  facet normal -0.707107 -0.707107 0
    outer loop
      vertex -5.12711 -4.90544 5
      vertex -4.90544 -5.12711 0
      vertex -4.90544 -5.12711 5
    endloop
  endfacet
  facet normal -0.111961 -0.993713 0
    outer loop
      vertex -6 -4.6 0
      vertex -5.68847 -4.6351 5
      vertex -6 -4.6 5
    endloop
  endfacet
  facet normal -0.111961 -0.993713 -0
    outer loop
      vertex -5.68847 -4.6351 5
      vertex -6 -4.6 0
      vertex -5.68847 -4.6351 0
    endloop
  endfacet
  facet normal -0.330269 -0.943887 0
    outer loop
      vertex -5.68847 -4.6351 0
      vertex -5.39256 -4.73864 5
      vertex -5.68847 -4.6351 5
    endloop
  endfacet
  facet normal -0.330269 -0.943887 -0
    outer loop
      vertex -5.39256 -4.73864 5
      vertex -5.68847 -4.6351 0
      vertex -5.39256 -4.73864 0
    endloop
  endfacet
  facet normal 0.993713 -0.111961 0
    outer loop
      vertex -7.4 -6 5
      vertex -7.3649 -5.68847 0
      vertex -7.3649 -5.68847 5
    endloop
  endfacet
  facet normal 0.993713 -0.111961 0
    outer loop
      vertex -7.3649 -5.68847 0
      vertex -7.4 -6 5
      vertex -7.4 -6 0
    endloop
  endfacet
  facet normal 0.707107 -0.707107 0
    outer loop
      vertex -7.09456 -5.12711 5
      vertex -6.87289 -4.90544 0
      vertex -6.87289 -4.90544 5
    endloop
  endfacet
  facet normal 0.707107 -0.707107 0
    outer loop
      vertex -6.87289 -4.90544 0
      vertex -7.09456 -5.12711 5
      vertex -7.09456 -5.12711 0
    endloop
  endfacet
  facet normal 0.111961 -0.993713 0
    outer loop
      vertex -6.31153 -4.6351 0
      vertex -6 -4.6 5
      vertex -6.31153 -4.6351 5
    endloop
  endfacet
  facet normal 0.111961 -0.993713 0
    outer loop
      vertex -6 -4.6 5
      vertex -6.31153 -4.6351 0
      vertex -6 -4.6 0
    endloop
  endfacet
  facet normal -0.993713 -0.111961 0
    outer loop
      vertex -4.6 -6 0
      vertex -4.6351 -5.68847 5
      vertex -4.6351 -5.68847 0
    endloop
  endfacet
  facet normal -0.993713 -0.111961 0
    outer loop
      vertex -4.6351 -5.68847 5
      vertex -4.6 -6 0
      vertex -4.6 -6 5
    endloop
  endfacet
  facet normal -0.111961 0.993713 0
    outer loop
      vertex -5.68847 -7.3649 0
      vertex -6 -7.4 5
      vertex -5.68847 -7.3649 5
    endloop
  endfacet
  facet normal -0.111961 0.993713 0
    outer loop
      vertex -6 -7.4 5
      vertex -5.68847 -7.3649 0
      vertex -6 -7.4 0
    endloop
  endfacet
  facet normal -0.846715 0.532047 0
    outer loop
      vertex -4.90544 -6.87289 0
      vertex -4.73864 -6.60744 5
      vertex -4.73864 -6.60744 0
    endloop
  endfacet
  facet normal -0.846715 0.532047 0
    outer loop
      vertex -4.73864 -6.60744 5
      vertex -4.90544 -6.87289 0
      vertex -4.90544 -6.87289 5
    endloop
  endfacet
  facet normal -0.943887 0.330269 0
    outer loop
      vertex -4.73864 -6.60744 0
      vertex -4.6351 -6.31153 5
      vertex -4.6351 -6.31153 0
    endloop
  endfacet
  facet normal -0.943887 0.330269 0
    outer loop
      vertex -4.6351 -6.31153 5
      vertex -4.73864 -6.60744 0
      vertex -4.73864 -6.60744 5
    endloop
  endfacet
  facet normal -0.330269 0.943887 0
    outer loop
      vertex -5.39256 -7.26136 0
      vertex -5.68847 -7.3649 5
      vertex -5.39256 -7.26136 5
    endloop
  endfacet
  facet normal -0.330269 0.943887 0
    outer loop
      vertex -5.68847 -7.3649 5
      vertex -5.39256 -7.26136 0
      vertex -5.68847 -7.3649 0
    endloop
  endfacet
  facet normal -0.532047 0.846715 0
    outer loop
      vertex -5.12711 -7.09456 0
      vertex -5.39256 -7.26136 5
      vertex -5.12711 -7.09456 5
    endloop
  endfacet
  facet normal -0.532047 0.846715 0
    outer loop
      vertex -5.39256 -7.26136 5
      vertex -5.12711 -7.09456 0
      vertex -5.39256 -7.26136 0
    endloop
  endfacet
  facet normal 0.111961 0.993713 -0
    outer loop
      vertex -6 -7.4 0
      vertex -6.31153 -7.3649 5
      vertex -6 -7.4 5
    endloop
  endfacet
  facet normal 0.111961 0.993713 0
    outer loop
      vertex -6.31153 -7.3649 5
      vertex -6 -7.4 0
      vertex -6.31153 -7.3649 0
    endloop
  endfacet
  facet normal 0.707107 0.707107 0
    outer loop
      vertex -6.87289 -7.09456 5
      vertex -7.09456 -6.87289 0
      vertex -7.09456 -6.87289 5
    endloop
  endfacet
  facet normal 0.707107 0.707107 0
    outer loop
      vertex -7.09456 -6.87289 0
      vertex -6.87289 -7.09456 5
      vertex -6.87289 -7.09456 0
    endloop
  endfacet
  facet normal 0.846715 0.532047 0
    outer loop
      vertex -7.09456 -6.87289 5
      vertex -7.26136 -6.60744 0
      vertex -7.26136 -6.60744 5
    endloop
  endfacet
  facet normal 0.846715 0.532047 0
    outer loop
      vertex -7.26136 -6.60744 0
      vertex -7.09456 -6.87289 5
      vertex -7.09456 -6.87289 0
    endloop
  endfacet
  facet normal 0.993713 0.111961 0
    outer loop
      vertex -7.3649 -6.31153 5
      vertex -7.4 -6 0
      vertex -7.4 -6 5
    endloop
  endfacet
  facet normal 0.993713 0.111961 0
    outer loop
      vertex -7.4 -6 0
      vertex -7.3649 -6.31153 5
      vertex -7.3649 -6.31153 0
    endloop
  endfacet
  facet normal -0.707107 0.707107 0
    outer loop
      vertex -5.12711 -7.09456 0
      vertex -4.90544 -6.87289 5
      vertex -4.90544 -6.87289 0
    endloop
  endfacet
  facet normal -0.707107 0.707107 0
    outer loop
      vertex -4.90544 -6.87289 5
      vertex -5.12711 -7.09456 0
      vertex -5.12711 -7.09456 5
    endloop
  endfacet
  facet normal 0.532047 0.846715 -0
    outer loop
      vertex -6.60744 -7.26136 0
      vertex -6.87289 -7.09456 5
      vertex -6.60744 -7.26136 5
    endloop
  endfacet
  facet normal 0.532047 0.846715 0
    outer loop
      vertex -6.87289 -7.09456 5
      vertex -6.60744 -7.26136 0
      vertex -6.87289 -7.09456 0
    endloop
  endfacet
  facet normal 0.943887 0.330269 0
    outer loop
      vertex -7.26136 -6.60744 5
      vertex -7.3649 -6.31153 0
      vertex -7.3649 -6.31153 5
    endloop
  endfacet
  facet normal 0.943887 0.330269 0
    outer loop
      vertex -7.3649 -6.31153 0
      vertex -7.26136 -6.60744 5
      vertex -7.26136 -6.60744 0
    endloop
  endfacet
  facet normal 0.555568 0.831471 -0
    outer loop
      vertex -4.02153 8.5784 0
      vertex -4.375 8.81458 5
      vertex -4.02153 8.5784 5
    endloop
  endfacet
  facet normal 0.555568 0.831471 0
    outer loop
      vertex -4.375 8.81458 5
      vertex -4.02153 8.5784 0
      vertex -4.375 8.81458 0
    endloop
  endfacet
  facet normal -0.321438 0.946931 0
    outer loop
      vertex -6.84116 9.13926 0
      vertex -7.24372 9.00261 5
      vertex -6.84116 9.13926 5
    endloop
  endfacet
  facet normal -0.321438 0.946931 0
    outer loop
      vertex -7.24372 9.00261 5
      vertex -6.84116 9.13926 0
      vertex -7.24372 9.00261 0
    endloop
  endfacet
  facet normal -0.896869 0.442295 0
    outer loop
      vertex -9.00261 7.24372 0
      vertex -8.81458 7.625 5
      vertex -8.81458 7.625 0
    endloop
  endfacet
  facet normal -0.896869 0.442295 0
    outer loop
      vertex -8.81458 7.625 5
      vertex -9.00261 7.24372 0
      vertex -9.00261 7.24372 5
    endloop
  endfacet
  facet normal 0.896869 0.442295 0
    outer loop
      vertex -2.99739 7.24372 5
      vertex -3.18542 7.625 0
      vertex -3.18542 7.625 5
    endloop
  endfacet
  facet normal 0.896869 0.442295 0
    outer loop
      vertex -3.18542 7.625 0
      vertex -2.99739 7.24372 5
      vertex -2.99739 7.24372 0
    endloop
  endfacet
  facet normal 0.831471 0.555568 0
    outer loop
      vertex -3.18542 7.625 5
      vertex -3.4216 7.97847 0
      vertex -3.4216 7.97847 5
    endloop
  endfacet
  facet normal 0.831471 0.555568 0
    outer loop
      vertex -3.4216 7.97847 0
      vertex -3.18542 7.625 5
      vertex -3.18542 7.625 0
    endloop
  endfacet
  facet normal 0.442295 0.896869 -0
    outer loop
      vertex -4.375 8.81458 0
      vertex -4.75628 9.00261 5
      vertex -4.375 8.81458 5
    endloop
  endfacet
  facet normal 0.442295 0.896869 0
    outer loop
      vertex -4.75628 9.00261 5
      vertex -4.375 8.81458 0
      vertex -4.75628 9.00261 0
    endloop
  endfacet
  facet normal 0.0653933 0.99786 -0
    outer loop
      vertex -5.57579 9.2222 0
      vertex -6 9.25 5
      vertex -5.57579 9.2222 5
    endloop
  endfacet
  facet normal 0.0653933 0.99786 0
    outer loop
      vertex -6 9.25 5
      vertex -5.57579 9.2222 0
      vertex -6 9.25 0
    endloop
  endfacet
  facet normal -0.99786 0.0653933 0
    outer loop
      vertex -9.25 6 0
      vertex -9.2222 6.42421 5
      vertex -9.2222 6.42421 0
    endloop
  endfacet
  facet normal -0.99786 0.0653933 0
    outer loop
      vertex -9.2222 6.42421 5
      vertex -9.25 6 0
      vertex -9.25 6 5
    endloop
  endfacet
  facet normal -0.751849 0.659335 0
    outer loop
      vertex -8.5784 7.97847 0
      vertex -8.2981 8.2981 5
      vertex -8.2981 8.2981 0
    endloop
  endfacet
  facet normal -0.751849 0.659335 0
    outer loop
      vertex -8.2981 8.2981 5
      vertex -8.5784 7.97847 0
      vertex -8.5784 7.97847 5
    endloop
  endfacet
  facet normal -0.0653933 0.99786 0
    outer loop
      vertex -6 9.25 0
      vertex -6.42421 9.2222 5
      vertex -6 9.25 5
    endloop
  endfacet
  facet normal -0.0653933 0.99786 0
    outer loop
      vertex -6.42421 9.2222 5
      vertex -6 9.25 0
      vertex -6.42421 9.2222 0
    endloop
  endfacet
  facet normal -0.659335 0.751849 0
    outer loop
      vertex -7.97847 8.5784 0
      vertex -8.2981 8.2981 5
      vertex -7.97847 8.5784 5
    endloop
  endfacet
  facet normal -0.659335 0.751849 0
    outer loop
      vertex -8.2981 8.2981 5
      vertex -7.97847 8.5784 0
      vertex -8.2981 8.2981 0
    endloop
  endfacet
  facet normal 0.99786 0.0653933 0
    outer loop
      vertex -2.75 6 5
      vertex -2.7778 6.42421 0
      vertex -2.7778 6.42421 5
    endloop
  endfacet
  facet normal 0.99786 0.0653933 0
    outer loop
      vertex -2.7778 6.42421 0
      vertex -2.75 6 5
      vertex -2.75 6 0
    endloop
  endfacet
  facet normal 0.0653933 -0.99786 0
    outer loop
      vertex -6 2.75 0
      vertex -5.57579 2.7778 5
      vertex -6 2.75 5
    endloop
  endfacet
  facet normal 0.0653933 -0.99786 0
    outer loop
      vertex -5.57579 2.7778 5
      vertex -6 2.75 0
      vertex -5.57579 2.7778 0
    endloop
  endfacet
  facet normal 0.831471 -0.555568 0
    outer loop
      vertex -3.4216 4.02153 5
      vertex -3.18542 4.375 0
      vertex -3.18542 4.375 5
    endloop
  endfacet
  facet normal 0.831471 -0.555568 0
    outer loop
      vertex -3.18542 4.375 0
      vertex -3.4216 4.02153 5
      vertex -3.4216 4.02153 0
    endloop
  endfacet
  facet normal 0.946931 -0.321438 0
    outer loop
      vertex -2.99739 4.75628 5
      vertex -2.86074 5.15884 0
      vertex -2.86074 5.15884 5
    endloop
  endfacet
  facet normal 0.946931 -0.321438 0
    outer loop
      vertex -2.86074 5.15884 0
      vertex -2.99739 4.75628 5
      vertex -2.99739 4.75628 0
    endloop
  endfacet
  facet normal -0.0653933 -0.99786 0
    outer loop
      vertex -6.42421 2.7778 0
      vertex -6 2.75 5
      vertex -6.42421 2.7778 5
    endloop
  endfacet
  facet normal -0.0653933 -0.99786 -0
    outer loop
      vertex -6 2.75 5
      vertex -6.42421 2.7778 0
      vertex -6 2.75 0
    endloop
  endfacet
  facet normal -0.659335 -0.751849 0
    outer loop
      vertex -8.2981 3.7019 0
      vertex -7.97847 3.4216 5
      vertex -8.2981 3.7019 5
    endloop
  endfacet
  facet normal -0.659335 -0.751849 -0
    outer loop
      vertex -7.97847 3.4216 5
      vertex -8.2981 3.7019 0
      vertex -7.97847 3.4216 0
    endloop
  endfacet
  facet normal -0.99786 -0.0653933 0
    outer loop
      vertex -9.2222 5.57579 0
      vertex -9.25 6 5
      vertex -9.25 6 0
    endloop
  endfacet
  facet normal -0.99786 -0.0653933 0
    outer loop
      vertex -9.25 6 5
      vertex -9.2222 5.57579 0
      vertex -9.2222 5.57579 5
    endloop
  endfacet
  facet normal 0 0 -1
    outer loop
      vertex -4.6 6 0
      vertex -2.75 6 0
      vertex -2.7778 5.57579 0
    endloop
  endfacet
  facet normal 0 0 -1
    outer loop
      vertex -4.6351 5.68847 0
      vertex -2.7778 5.57579 0
      vertex -2.86074 5.15884 0
    endloop
  endfacet
  facet normal 0 0 -1
    outer loop
      vertex -2.75 6 0
      vertex -4.6 6 0
      vertex -2.7778 6.42421 0
    endloop
  endfacet
  facet normal 0 0 -1
    outer loop
      vertex -4.6351 5.68847 0
      vertex -2.86074 5.15884 0
      vertex -2.99739 4.75628 0
    endloop
  endfacet
  facet normal 0 0 -1
    outer loop
      vertex -4.6351 6.31153 0
      vertex -2.7778 6.42421 0
      vertex -4.6 6 0
    endloop
  endfacet
  facet normal 0 0 -1
    outer loop
      vertex -4.73864 5.39256 0
      vertex -2.99739 4.75628 0
      vertex -3.18542 4.375 0
    endloop
  endfacet
  facet normal -0 0 -1
    outer loop
      vertex -2.7778 6.42421 0
      vertex -4.6351 6.31153 0
      vertex -2.86074 6.84116 0
    endloop
  endfacet
  facet normal 0 0 -1
    outer loop
      vertex -4.90544 5.12711 0
      vertex -3.18542 4.375 0
      vertex -3.4216 4.02153 0
    endloop
  endfacet
  facet normal -0 0 -1
    outer loop
      vertex -2.86074 6.84116 0
      vertex -4.6351 6.31153 0
      vertex -2.99739 7.24372 0
    endloop
  endfacet
  facet normal 0 0 -1
    outer loop
      vertex -4.90544 5.12711 0
      vertex -3.4216 4.02153 0
      vertex -3.7019 3.7019 0
    endloop
  endfacet
  facet normal 0 0 -1
    outer loop
      vertex -4.73864 6.60744 0
      vertex -2.99739 7.24372 0
      vertex -4.6351 6.31153 0
    endloop
  endfacet
  facet normal 0 0 -1
    outer loop
      vertex -5.12711 4.90544 0
      vertex -3.7019 3.7019 0
      vertex -4.02153 3.4216 0
    endloop
  endfacet
  facet normal -0 0 -1
    outer loop
      vertex -2.99739 7.24372 0
      vertex -4.73864 6.60744 0
      vertex -3.18542 7.625 0
    endloop
  endfacet
  facet normal 0 0 -1
    outer loop
      vertex -5.12711 4.90544 0
      vertex -4.02153 3.4216 0
      vertex -4.375 3.18542 0
    endloop
  endfacet
  facet normal 0 0 -1
    outer loop
      vertex -4.90544 6.87289 0
      vertex -3.18542 7.625 0
      vertex -4.73864 6.60744 0
    endloop
  endfacet
  facet normal -0 0 -1
    outer loop
      vertex -3.18542 7.625 0
      vertex -4.90544 6.87289 0
      vertex -3.4216 7.97847 0
    endloop
  endfacet
  facet normal 0 0 -1
    outer loop
      vertex -2.7778 5.57579 0
      vertex -4.6351 5.68847 0
      vertex -4.6 6 0
    endloop
  endfacet
  facet normal 0 0 -1
    outer loop
      vertex -2.99739 4.75628 0
      vertex -4.73864 5.39256 0
      vertex -4.6351 5.68847 0
    endloop
  endfacet
  facet normal 0 0 -1
    outer loop
      vertex -5.39256 4.73864 0
      vertex -4.375 3.18542 0
      vertex -4.75628 2.99739 0
    endloop
  endfacet
  facet normal 0 0 -1
    outer loop
      vertex -3.18542 4.375 0
      vertex -4.90544 5.12711 0
      vertex -4.73864 5.39256 0
    endloop
  endfacet
  facet normal 0 0 -1
    outer loop
      vertex -3.7019 3.7019 0
      vertex -5.12711 4.90544 0
      vertex -4.90544 5.12711 0
    endloop
  endfacet
  facet normal 0 0 -1
    outer loop
      vertex -5.68847 4.6351 0
      vertex -4.75628 2.99739 0
      vertex -5.15884 2.86074 0
    endloop
  endfacet
  facet normal 0 0 -1
    outer loop
      vertex -4.375 3.18542 0
      vertex -5.39256 4.73864 0
      vertex -5.12711 4.90544 0
    endloop
  endfacet
  facet normal 0 0 -1
    outer loop
      vertex -5.68847 4.6351 0
      vertex -5.15884 2.86074 0
      vertex -5.57579 2.7778 0
    endloop
  endfacet
  facet normal 0 0 -1
    outer loop
      vertex -4.75628 2.99739 0
      vertex -5.68847 4.6351 0
      vertex -5.39256 4.73864 0
    endloop
  endfacet
  facet normal 0 0 -1
    outer loop
      vertex -6 4.6 0
      vertex -5.57579 2.7778 0
      vertex -6 2.75 0
    endloop
  endfacet
  facet normal 0 0 -1
    outer loop
      vertex -5.57579 2.7778 0
      vertex -6 4.6 0
      vertex -5.68847 4.6351 0
    endloop
  endfacet
  facet normal 0 0 -1
    outer loop
      vertex -6.42421 2.7778 0
      vertex -6 4.6 0
      vertex -6 2.75 0
    endloop
  endfacet
  facet normal -0 0 -1
    outer loop
      vertex -6 4.6 0
      vertex -6.42421 2.7778 0
      vertex -6.31153 4.6351 0
    endloop
  endfacet
  facet normal 0 0 -1
    outer loop
      vertex -6.84116 2.86074 0
      vertex -6.31153 4.6351 0
      vertex -6.42421 2.7778 0
    endloop
  endfacet
  facet normal 0 0 -1
    outer loop
      vertex -7.24372 2.99739 0
      vertex -6.31153 4.6351 0
      vertex -6.84116 2.86074 0
    endloop
  endfacet
  facet normal -0 0 -1
    outer loop
      vertex -6.31153 4.6351 0
      vertex -7.24372 2.99739 0
      vertex -6.60744 4.73864 0
    endloop
  endfacet
  facet normal 0 0 -1
    outer loop
      vertex -7.625 3.18542 0
      vertex -6.60744 4.73864 0
      vertex -7.24372 2.99739 0
    endloop
  endfacet
  facet normal -0 0 -1
    outer loop
      vertex -6.60744 4.73864 0
      vertex -7.625 3.18542 0
      vertex -6.87289 4.90544 0
    endloop
  endfacet
  facet normal 0 0 -1
    outer loop
      vertex -7.97847 3.4216 0
      vertex -6.87289 4.90544 0
      vertex -7.625 3.18542 0
    endloop
  endfacet
  facet normal 0 0 -1
    outer loop
      vertex -8.2981 3.7019 0
      vertex -6.87289 4.90544 0
      vertex -7.97847 3.4216 0
    endloop
  endfacet
  facet normal -0 0 -1
    outer loop
      vertex -6.87289 4.90544 0
      vertex -8.2981 3.7019 0
      vertex -7.09456 5.12711 0
    endloop
  endfacet
  facet normal 0 0 -1
    outer loop
      vertex -8.5784 4.02153 0
      vertex -7.09456 5.12711 0
      vertex -8.2981 3.7019 0
    endloop
  endfacet
  facet normal -0 0 -1
    outer loop
      vertex -3.4216 7.97847 0
      vertex -4.90544 6.87289 0
      vertex -3.7019 8.2981 0
    endloop
  endfacet
  facet normal 0 0 -1
    outer loop
      vertex -5.12711 7.09456 0
      vertex -3.7019 8.2981 0
      vertex -4.90544 6.87289 0
    endloop
  endfacet
  facet normal -0 0 -1
    outer loop
      vertex -3.7019 8.2981 0
      vertex -5.12711 7.09456 0
      vertex -4.02153 8.5784 0
    endloop
  endfacet
  facet normal -0 0 -1
    outer loop
      vertex -4.02153 8.5784 0
      vertex -5.12711 7.09456 0
      vertex -4.375 8.81458 0
    endloop
  endfacet
  facet normal 0 0 -1
    outer loop
      vertex -5.39256 7.26136 0
      vertex -4.375 8.81458 0
      vertex -5.12711 7.09456 0
    endloop
  endfacet
  facet normal -0 0 -1
    outer loop
      vertex -4.375 8.81458 0
      vertex -5.39256 7.26136 0
      vertex -4.75628 9.00261 0
    endloop
  endfacet
  facet normal 0 0 -1
    outer loop
      vertex -5.68847 7.3649 0
      vertex -4.75628 9.00261 0
      vertex -5.39256 7.26136 0
    endloop
  endfacet
  facet normal -0 0 -1
    outer loop
      vertex -4.75628 9.00261 0
      vertex -5.68847 7.3649 0
      vertex -5.15884 9.13926 0
    endloop
  endfacet
  facet normal -0 0 -1
    outer loop
      vertex -5.15884 9.13926 0
      vertex -5.68847 7.3649 0
      vertex -5.57579 9.2222 0
    endloop
  endfacet
  facet normal 0 0 -1
    outer loop
      vertex -6 7.4 0
      vertex -5.57579 9.2222 0
      vertex -5.68847 7.3649 0
    endloop
  endfacet
  facet normal 0 0 -1
    outer loop
      vertex -6 7.4 0
      vertex -6 9.25 0
      vertex -5.57579 9.2222 0
    endloop
  endfacet
  facet normal 0 0 -1
    outer loop
      vertex -6.42421 9.2222 0
      vertex -6 7.4 0
      vertex -6.31153 7.3649 0
    endloop
  endfacet
  facet normal 0 0 -1
    outer loop
      vertex -6 7.4 0
      vertex -6.42421 9.2222 0
      vertex -6 9.25 0
    endloop
  endfacet
  facet normal 0 0 -1
    outer loop
      vertex -7.24372 9.00261 0
      vertex -6.31153 7.3649 0
      vertex -6.60744 7.26136 0
    endloop
  endfacet
  facet normal 0 0 -1
    outer loop
      vertex -6.31153 7.3649 0
      vertex -6.84116 9.13926 0
      vertex -6.42421 9.2222 0
    endloop
  endfacet
  facet normal 0 0 -1
    outer loop
      vertex -7.625 8.81458 0
      vertex -6.60744 7.26136 0
      vertex -6.87289 7.09456 0
    endloop
  endfacet
  facet normal 0 0 -1
    outer loop
      vertex -8.2981 8.2981 0
      vertex -6.87289 7.09456 0
      vertex -7.09456 6.87289 0
    endloop
  endfacet
  facet normal 0 0 -1
    outer loop
      vertex -6.31153 7.3649 0
      vertex -7.24372 9.00261 0
      vertex -6.84116 9.13926 0
    endloop
  endfacet
  facet normal 0 0 -1
    outer loop
      vertex -8.81458 7.625 0
      vertex -7.09456 6.87289 0
      vertex -7.26136 6.60744 0
    endloop
  endfacet
  facet normal 0 0 -1
    outer loop
      vertex -9.00261 7.24372 0
      vertex -7.26136 6.60744 0
      vertex -7.3649 6.31153 0
    endloop
  endfacet
  facet normal 0 0 -1
    outer loop
      vertex -9.2222 6.42421 0
      vertex -7.3649 6.31153 0
      vertex -7.4 6 0
    endloop
  endfacet
  facet normal 0 0 -1
    outer loop
      vertex -8.81458 4.375 0
      vertex -7.09456 5.12711 0
      vertex -8.5784 4.02153 0
    endloop
  endfacet
  facet normal 0 0 -1
    outer loop
      vertex -6.60744 7.26136 0
      vertex -7.625 8.81458 0
      vertex -7.24372 9.00261 0
    endloop
  endfacet
  facet normal -0 0 -1
    outer loop
      vertex -7.09456 5.12711 0
      vertex -8.81458 4.375 0
      vertex -7.26136 5.39256 0
    endloop
  endfacet
  facet normal 0 0 -1
    outer loop
      vertex -6.87289 7.09456 0
      vertex -7.97847 8.5784 0
      vertex -7.625 8.81458 0
    endloop
  endfacet
  facet normal 0 0 -1
    outer loop
      vertex -9.00261 4.75628 0
      vertex -7.26136 5.39256 0
      vertex -8.81458 4.375 0
    endloop
  endfacet
  facet normal 0 0 -1
    outer loop
      vertex -6.87289 7.09456 0
      vertex -8.2981 8.2981 0
      vertex -7.97847 8.5784 0
    endloop
  endfacet
  facet normal -0 0 -1
    outer loop
      vertex -7.26136 5.39256 0
      vertex -9.00261 4.75628 0
      vertex -7.3649 5.68847 0
    endloop
  endfacet
  facet normal 0 0 -1
    outer loop
      vertex -7.09456 6.87289 0
      vertex -8.5784 7.97847 0
      vertex -8.2981 8.2981 0
    endloop
  endfacet
  facet normal 0 0 -1
    outer loop
      vertex -9.13926 5.15884 0
      vertex -7.3649 5.68847 0
      vertex -9.00261 4.75628 0
    endloop
  endfacet
  facet normal 0 0 -1
    outer loop
      vertex -7.09456 6.87289 0
      vertex -8.81458 7.625 0
      vertex -8.5784 7.97847 0
    endloop
  endfacet
  facet normal 0 0 -1
    outer loop
      vertex -9.2222 5.57579 0
      vertex -7.3649 5.68847 0
      vertex -9.13926 5.15884 0
    endloop
  endfacet
  facet normal 0 0 -1
    outer loop
      vertex -7.26136 6.60744 0
      vertex -9.00261 7.24372 0
      vertex -8.81458 7.625 0
    endloop
  endfacet
  facet normal -0 0 -1
    outer loop
      vertex -7.3649 5.68847 0
      vertex -9.2222 5.57579 0
      vertex -7.4 6 0
    endloop
  endfacet
  facet normal 0 0 -1
    outer loop
      vertex -7.3649 6.31153 0
      vertex -9.13926 6.84116 0
      vertex -9.00261 7.24372 0
    endloop
  endfacet
  facet normal 0 0 -1
    outer loop
      vertex -9.25 6 0
      vertex -7.4 6 0
      vertex -9.2222 5.57579 0
    endloop
  endfacet
  facet normal 0 0 -1
    outer loop
      vertex -7.3649 6.31153 0
      vertex -9.2222 6.42421 0
      vertex -9.13926 6.84116 0
    endloop
  endfacet
  facet normal 0 0 -1
    outer loop
      vertex -7.4 6 0
      vertex -9.25 6 0
      vertex -9.2222 6.42421 0
    endloop
  endfacet
  facet normal -0.751849 -0.659335 0
    outer loop
      vertex -8.2981 3.7019 0
      vertex -8.5784 4.02153 5
      vertex -8.5784 4.02153 0
    endloop
  endfacet
  facet normal -0.751849 -0.659335 0
    outer loop
      vertex -8.5784 4.02153 5
      vertex -8.2981 3.7019 0
      vertex -8.2981 3.7019 5
    endloop
  endfacet
  facet normal 0.946931 0.321438 0
    outer loop
      vertex -2.86074 6.84116 5
      vertex -2.99739 7.24372 0
      vertex -2.99739 7.24372 5
    endloop
  endfacet
  facet normal 0.946931 0.321438 0
    outer loop
      vertex -2.99739 7.24372 0
      vertex -2.86074 6.84116 5
      vertex -2.86074 6.84116 0
    endloop
  endfacet
  facet normal 0.751849 0.659335 0
    outer loop
      vertex -3.4216 7.97847 5
      vertex -3.7019 8.2981 0
      vertex -3.7019 8.2981 5
    endloop
  endfacet
  facet normal 0.751849 0.659335 0
    outer loop
      vertex -3.7019 8.2981 0
      vertex -3.4216 7.97847 5
      vertex -3.4216 7.97847 0
    endloop
  endfacet
  facet normal 0.659335 0.751849 -0
    outer loop
      vertex -3.7019 8.2981 0
      vertex -4.02153 8.5784 5
      vertex -3.7019 8.2981 5
    endloop
  endfacet
  facet normal 0.659335 0.751849 0
    outer loop
      vertex -4.02153 8.5784 5
      vertex -3.7019 8.2981 0
      vertex -4.02153 8.5784 0
    endloop
  endfacet
  facet normal 0.321438 0.946931 -0
    outer loop
      vertex -4.75628 9.00261 0
      vertex -5.15884 9.13926 5
      vertex -4.75628 9.00261 5
    endloop
  endfacet
  facet normal 0.321438 0.946931 0
    outer loop
      vertex -5.15884 9.13926 5
      vertex -4.75628 9.00261 0
      vertex -5.15884 9.13926 0
    endloop
  endfacet
  facet normal 0.195098 0.980784 -0
    outer loop
      vertex -5.15884 9.13926 0
      vertex -5.57579 9.2222 5
      vertex -5.15884 9.13926 5
    endloop
  endfacet
  facet normal 0.195098 0.980784 0
    outer loop
      vertex -5.57579 9.2222 5
      vertex -5.15884 9.13926 0
      vertex -5.57579 9.2222 0
    endloop
  endfacet
  facet normal 0 0 1
    outer loop
      vertex -4.6 6 5
      vertex -2.75 6 5
      vertex -2.7778 6.42421 5
    endloop
  endfacet
  facet normal 0 0 1
    outer loop
      vertex -4.6351 6.31153 5
      vertex -2.7778 6.42421 5
      vertex -2.86074 6.84116 5
    endloop
  endfacet
  facet normal 0 0 1
    outer loop
      vertex -2.75 6 5
      vertex -4.6 6 5
      vertex -2.7778 5.57579 5
    endloop
  endfacet
  facet normal 0 0 1
    outer loop
      vertex -4.6351 6.31153 5
      vertex -2.86074 6.84116 5
      vertex -2.99739 7.24372 5
    endloop
  endfacet
  facet normal -0 0 1
    outer loop
      vertex -4.6351 5.68847 5
      vertex -2.7778 5.57579 5
      vertex -4.6 6 5
    endloop
  endfacet
  facet normal 0 0 1
    outer loop
      vertex -4.73864 6.60744 5
      vertex -2.99739 7.24372 5
      vertex -3.18542 7.625 5
    endloop
  endfacet
  facet normal 0 0 1
    outer loop
      vertex -2.7778 5.57579 5
      vertex -4.6351 5.68847 5
      vertex -2.86074 5.15884 5
    endloop
  endfacet
  facet normal 0 0 1
    outer loop
      vertex -4.90544 6.87289 5
      vertex -3.18542 7.625 5
      vertex -3.4216 7.97847 5
    endloop
  endfacet
  facet normal 0 0 1
    outer loop
      vertex -2.86074 5.15884 5
      vertex -4.6351 5.68847 5
      vertex -2.99739 4.75628 5
    endloop
  endfacet
  facet normal 0 0 1
    outer loop
      vertex -4.90544 6.87289 5
      vertex -3.4216 7.97847 5
      vertex -3.7019 8.2981 5
    endloop
  endfacet
  facet normal -0 0 1
    outer loop
      vertex -4.73864 5.39256 5
      vertex -2.99739 4.75628 5
      vertex -4.6351 5.68847 5
    endloop
  endfacet
  facet normal 0 0 1
    outer loop
      vertex -5.12711 7.09456 5
      vertex -3.7019 8.2981 5
      vertex -4.02153 8.5784 5
    endloop
  endfacet
  facet normal 0 0 1
    outer loop
      vertex -2.99739 4.75628 5
      vertex -4.73864 5.39256 5
      vertex -3.18542 4.375 5
    endloop
  endfacet
  facet normal 0 0 1
    outer loop
      vertex -5.12711 7.09456 5
      vertex -4.02153 8.5784 5
      vertex -4.375 8.81458 5
    endloop
  endfacet
  facet normal -0 0 1
    outer loop
      vertex -4.90544 5.12711 5
      vertex -3.18542 4.375 5
      vertex -4.73864 5.39256 5
    endloop
  endfacet
  facet normal 0 0 1
    outer loop
      vertex -3.18542 4.375 5
      vertex -4.90544 5.12711 5
      vertex -3.4216 4.02153 5
    endloop
  endfacet
  facet normal 0 0 1
    outer loop
      vertex -2.7778 6.42421 5
      vertex -4.6351 6.31153 5
      vertex -4.6 6 5
    endloop
  endfacet
  facet normal 0 0 1
    outer loop
      vertex -2.99739 7.24372 5
      vertex -4.73864 6.60744 5
      vertex -4.6351 6.31153 5
    endloop
  endfacet
  facet normal 0 0 1
    outer loop
      vertex -5.39256 7.26136 5
      vertex -4.375 8.81458 5
      vertex -4.75628 9.00261 5
    endloop
  endfacet
  facet normal 0 0 1
    outer loop
      vertex -3.18542 7.625 5
      vertex -4.90544 6.87289 5
      vertex -4.73864 6.60744 5
    endloop
  endfacet
  facet normal 0 0 1
    outer loop
      vertex -3.7019 8.2981 5
      vertex -5.12711 7.09456 5
      vertex -4.90544 6.87289 5
    endloop
  endfacet
  facet normal 0 0 1
    outer loop
      vertex -5.68847 7.3649 5
      vertex -4.75628 9.00261 5
      vertex -5.15884 9.13926 5
    endloop
  endfacet
  facet normal 0 0 1
    outer loop
      vertex -4.375 8.81458 5
      vertex -5.39256 7.26136 5
      vertex -5.12711 7.09456 5
    endloop
  endfacet
  facet normal 0 0 1
    outer loop
      vertex -5.68847 7.3649 5
      vertex -5.15884 9.13926 5
      vertex -5.57579 9.2222 5
    endloop
  endfacet
  facet normal 0 0 1
    outer loop
      vertex -4.75628 9.00261 5
      vertex -5.68847 7.3649 5
      vertex -5.39256 7.26136 5
    endloop
  endfacet
  facet normal 0 0 1
    outer loop
      vertex -6 7.4 5
      vertex -5.57579 9.2222 5
      vertex -6 9.25 5
    endloop
  endfacet
  facet normal 0 0 1
    outer loop
      vertex -5.57579 9.2222 5
      vertex -6 7.4 5
      vertex -5.68847 7.3649 5
    endloop
  endfacet
  facet normal -0 0 1
    outer loop
      vertex -6.42421 9.2222 5
      vertex -6 7.4 5
      vertex -6 9.25 5
    endloop
  endfacet
  facet normal 0 0 1
    outer loop
      vertex -6 7.4 5
      vertex -6.42421 9.2222 5
      vertex -6.31153 7.3649 5
    endloop
  endfacet
  facet normal -0 0 1
    outer loop
      vertex -6.84116 9.13926 5
      vertex -6.31153 7.3649 5
      vertex -6.42421 9.2222 5
    endloop
  endfacet
  facet normal -0 0 1
    outer loop
      vertex -7.24372 9.00261 5
      vertex -6.31153 7.3649 5
      vertex -6.84116 9.13926 5
    endloop
  endfacet
  facet normal 0 0 1
    outer loop
      vertex -6.31153 7.3649 5
      vertex -7.24372 9.00261 5
      vertex -6.60744 7.26136 5
    endloop
  endfacet
  facet normal -0 0 1
    outer loop
      vertex -7.625 8.81458 5
      vertex -6.60744 7.26136 5
      vertex -7.24372 9.00261 5
    endloop
  endfacet
  facet normal 0 0 1
    outer loop
      vertex -6.60744 7.26136 5
      vertex -7.625 8.81458 5
      vertex -6.87289 7.09456 5
    endloop
  endfacet
  facet normal -0 0 1
    outer loop
      vertex -7.97847 8.5784 5
      vertex -6.87289 7.09456 5
      vertex -7.625 8.81458 5
    endloop
  endfacet
  facet normal -0 0 1
    outer loop
      vertex -8.2981 8.2981 5
      vertex -6.87289 7.09456 5
      vertex -7.97847 8.5784 5
    endloop
  endfacet
  facet normal 0 0 1
    outer loop
      vertex -6.87289 7.09456 5
      vertex -8.2981 8.2981 5
      vertex -7.09456 6.87289 5
    endloop
  endfacet
  facet normal -0 0 1
    outer loop
      vertex -8.5784 7.97847 5
      vertex -7.09456 6.87289 5
      vertex -8.2981 8.2981 5
    endloop
  endfacet
  facet normal 0 0 1
    outer loop
      vertex -3.4216 4.02153 5
      vertex -4.90544 5.12711 5
      vertex -3.7019 3.7019 5
    endloop
  endfacet
  facet normal -0 0 1
    outer loop
      vertex -5.12711 4.90544 5
      vertex -3.7019 3.7019 5
      vertex -4.90544 5.12711 5
    endloop
  endfacet
  facet normal 0 0 1
    outer loop
      vertex -3.7019 3.7019 5
      vertex -5.12711 4.90544 5
      vertex -4.02153 3.4216 5
    endloop
  endfacet
  facet normal 0 0 1
    outer loop
      vertex -4.02153 3.4216 5
      vertex -5.12711 4.90544 5
      vertex -4.375 3.18542 5
    endloop
  endfacet
  facet normal -0 0 1
    outer loop
      vertex -5.39256 4.73864 5
      vertex -4.375 3.18542 5
      vertex -5.12711 4.90544 5
    endloop
  endfacet
  facet normal 0 0 1
    outer loop
      vertex -4.375 3.18542 5
      vertex -5.39256 4.73864 5
      vertex -4.75628 2.99739 5
    endloop
  endfacet
  facet normal -0 0 1
    outer loop
      vertex -5.68847 4.6351 5
      vertex -4.75628 2.99739 5
      vertex -5.39256 4.73864 5
    endloop
  endfacet
  facet normal 0 0 1
    outer loop
      vertex -4.75628 2.99739 5
      vertex -5.68847 4.6351 5
      vertex -5.15884 2.86074 5
    endloop
  endfacet
  facet normal 0 0 1
    outer loop
      vertex -5.15884 2.86074 5
      vertex -5.68847 4.6351 5
      vertex -5.57579 2.7778 5
    endloop
  endfacet
  facet normal -0 0 1
    outer loop
      vertex -6 4.6 5
      vertex -5.57579 2.7778 5
      vertex -5.68847 4.6351 5
    endloop
  endfacet
  facet normal 0 0 1
    outer loop
      vertex -6 4.6 5
      vertex -6 2.75 5
      vertex -5.57579 2.7778 5
    endloop
  endfacet
  facet normal 0 0 1
    outer loop
      vertex -6.42421 2.7778 5
      vertex -6 4.6 5
      vertex -6.31153 4.6351 5
    endloop
  endfacet
  facet normal 0 0 1
    outer loop
      vertex -6 4.6 5
      vertex -6.42421 2.7778 5
      vertex -6 2.75 5
    endloop
  endfacet
  facet normal 0 0 1
    outer loop
      vertex -7.24372 2.99739 5
      vertex -6.31153 4.6351 5
      vertex -6.60744 4.73864 5
    endloop
  endfacet
  facet normal 0 0 1
    outer loop
      vertex -6.31153 4.6351 5
      vertex -6.84116 2.86074 5
      vertex -6.42421 2.7778 5
    endloop
  endfacet
  facet normal 0 0 1
    outer loop
      vertex -7.625 3.18542 5
      vertex -6.60744 4.73864 5
      vertex -6.87289 4.90544 5
    endloop
  endfacet
  facet normal 0 0 1
    outer loop
      vertex -8.2981 3.7019 5
      vertex -6.87289 4.90544 5
      vertex -7.09456 5.12711 5
    endloop
  endfacet
  facet normal 0 0 1
    outer loop
      vertex -6.31153 4.6351 5
      vertex -7.24372 2.99739 5
      vertex -6.84116 2.86074 5
    endloop
  endfacet
  facet normal 0 0 1
    outer loop
      vertex -8.81458 4.375 5
      vertex -7.09456 5.12711 5
      vertex -7.26136 5.39256 5
    endloop
  endfacet
  facet normal 0 0 1
    outer loop
      vertex -9.00261 4.75628 5
      vertex -7.26136 5.39256 5
      vertex -7.3649 5.68847 5
    endloop
  endfacet
  facet normal 0 0 1
    outer loop
      vertex -9.2222 5.57579 5
      vertex -7.3649 5.68847 5
      vertex -7.4 6 5
    endloop
  endfacet
  facet normal -0 0 1
    outer loop
      vertex -8.81458 7.625 5
      vertex -7.09456 6.87289 5
      vertex -8.5784 7.97847 5
    endloop
  endfacet
  facet normal 0 0 1
    outer loop
      vertex -6.60744 4.73864 5
      vertex -7.625 3.18542 5
      vertex -7.24372 2.99739 5
    endloop
  endfacet
  facet normal 0 0 1
    outer loop
      vertex -7.09456 6.87289 5
      vertex -8.81458 7.625 5
      vertex -7.26136 6.60744 5
    endloop
  endfacet
  facet normal 0 0 1
    outer loop
      vertex -6.87289 4.90544 5
      vertex -7.97847 3.4216 5
      vertex -7.625 3.18542 5
    endloop
  endfacet
  facet normal -0 0 1
    outer loop
      vertex -9.00261 7.24372 5
      vertex -7.26136 6.60744 5
      vertex -8.81458 7.625 5
    endloop
  endfacet
  facet normal 0 0 1
    outer loop
      vertex -6.87289 4.90544 5
      vertex -8.2981 3.7019 5
      vertex -7.97847 3.4216 5
    endloop
  endfacet
  facet normal 0 0 1
    outer loop
      vertex -7.26136 6.60744 5
      vertex -9.00261 7.24372 5
      vertex -7.3649 6.31153 5
    endloop
  endfacet
  facet normal 0 0 1
    outer loop
      vertex -7.09456 5.12711 5
      vertex -8.5784 4.02153 5
      vertex -8.2981 3.7019 5
    endloop
  endfacet
  facet normal -0 0 1
    outer loop
      vertex -9.13926 6.84116 5
      vertex -7.3649 6.31153 5
      vertex -9.00261 7.24372 5
    endloop
  endfacet
  facet normal 0 0 1
    outer loop
      vertex -7.09456 5.12711 5
      vertex -8.81458 4.375 5
      vertex -8.5784 4.02153 5
    endloop
  endfacet
  facet normal -0 0 1
    outer loop
      vertex -9.2222 6.42421 5
      vertex -7.3649 6.31153 5
      vertex -9.13926 6.84116 5
    endloop
  endfacet
  facet normal 0 0 1
    outer loop
      vertex -7.26136 5.39256 5
      vertex -9.00261 4.75628 5
      vertex -8.81458 4.375 5
    endloop
  endfacet
  facet normal 0 0 1
    outer loop
      vertex -7.3649 6.31153 5
      vertex -9.2222 6.42421 5
      vertex -7.4 6 5
    endloop
  endfacet
  facet normal 0 0 1
    outer loop
      vertex -7.3649 5.68847 5
      vertex -9.13926 5.15884 5
      vertex -9.00261 4.75628 5
    endloop
  endfacet
  facet normal 0 0 1
    outer loop
      vertex -9.25 6 5
      vertex -7.4 6 5
      vertex -9.2222 6.42421 5
    endloop
  endfacet
  facet normal 0 0 1
    outer loop
      vertex -7.3649 5.68847 5
      vertex -9.2222 5.57579 5
      vertex -9.13926 5.15884 5
    endloop
  endfacet
  facet normal 0 0 1
    outer loop
      vertex -7.4 6 5
      vertex -9.25 6 5
      vertex -9.2222 5.57579 5
    endloop
  endfacet
  facet normal -0.946931 0.321438 0
    outer loop
      vertex -9.13926 6.84116 0
      vertex -9.00261 7.24372 5
      vertex -9.00261 7.24372 0
    endloop
  endfacet
  facet normal -0.946931 0.321438 0
    outer loop
      vertex -9.00261 7.24372 5
      vertex -9.13926 6.84116 0
      vertex -9.13926 6.84116 5
    endloop
  endfacet
  facet normal -0.980784 0.195098 0
    outer loop
      vertex -9.2222 6.42421 0
      vertex -9.13926 6.84116 5
      vertex -9.13926 6.84116 0
    endloop
  endfacet
  facet normal -0.980784 0.195098 0
    outer loop
      vertex -9.13926 6.84116 5
      vertex -9.2222 6.42421 0
      vertex -9.2222 6.42421 5
    endloop
  endfacet
  facet normal -0.831471 0.555568 0
    outer loop
      vertex -8.81458 7.625 0
      vertex -8.5784 7.97847 5
      vertex -8.5784 7.97847 0
    endloop
  endfacet
  facet normal -0.831471 0.555568 0
    outer loop
      vertex -8.5784 7.97847 5
      vertex -8.81458 7.625 0
      vertex -8.81458 7.625 5
    endloop
  endfacet
  facet normal -0.195098 0.980784 0
    outer loop
      vertex -6.42421 9.2222 0
      vertex -6.84116 9.13926 5
      vertex -6.42421 9.2222 5
    endloop
  endfacet
  facet normal -0.195098 0.980784 0
    outer loop
      vertex -6.84116 9.13926 5
      vertex -6.42421 9.2222 0
      vertex -6.84116 9.13926 0
    endloop
  endfacet
  facet normal -0.555568 0.831471 0
    outer loop
      vertex -7.625 8.81458 0
      vertex -7.97847 8.5784 5
      vertex -7.625 8.81458 5
    endloop
  endfacet
  facet normal -0.555568 0.831471 0
    outer loop
      vertex -7.97847 8.5784 5
      vertex -7.625 8.81458 0
      vertex -7.97847 8.5784 0
    endloop
  endfacet
  facet normal -0.442295 0.896869 0
    outer loop
      vertex -7.24372 9.00261 0
      vertex -7.625 8.81458 5
      vertex -7.24372 9.00261 5
    endloop
  endfacet
  facet normal -0.442295 0.896869 0
    outer loop
      vertex -7.625 8.81458 5
      vertex -7.24372 9.00261 0
      vertex -7.625 8.81458 0
    endloop
  endfacet
  facet normal 0.99786 -0.0653933 0
    outer loop
      vertex -2.7778 5.57579 5
      vertex -2.75 6 0
      vertex -2.75 6 5
    endloop
  endfacet
  facet normal 0.99786 -0.0653933 0
    outer loop
      vertex -2.75 6 0
      vertex -2.7778 5.57579 5
      vertex -2.7778 5.57579 0
    endloop
  endfacet
  facet normal 0.195098 -0.980784 0
    outer loop
      vertex -5.57579 2.7778 0
      vertex -5.15884 2.86074 5
      vertex -5.57579 2.7778 5
    endloop
  endfacet
  facet normal 0.195098 -0.980784 0
    outer loop
      vertex -5.15884 2.86074 5
      vertex -5.57579 2.7778 0
      vertex -5.15884 2.86074 0
    endloop
  endfacet
  facet normal 0.751849 -0.659335 0
    outer loop
      vertex -3.7019 3.7019 5
      vertex -3.4216 4.02153 0
      vertex -3.4216 4.02153 5
    endloop
  endfacet
  facet normal 0.751849 -0.659335 0
    outer loop
      vertex -3.4216 4.02153 0
      vertex -3.7019 3.7019 5
      vertex -3.7019 3.7019 0
    endloop
  endfacet
  facet normal 0.659335 -0.751849 0
    outer loop
      vertex -4.02153 3.4216 0
      vertex -3.7019 3.7019 5
      vertex -4.02153 3.4216 5
    endloop
  endfacet
  facet normal 0.659335 -0.751849 0
    outer loop
      vertex -3.7019 3.7019 5
      vertex -4.02153 3.4216 0
      vertex -3.7019 3.7019 0
    endloop
  endfacet
  facet normal 0.442295 -0.896869 0
    outer loop
      vertex -4.75628 2.99739 0
      vertex -4.375 3.18542 5
      vertex -4.75628 2.99739 5
    endloop
  endfacet
  facet normal 0.442295 -0.896869 0
    outer loop
      vertex -4.375 3.18542 5
      vertex -4.75628 2.99739 0
      vertex -4.375 3.18542 0
    endloop
  endfacet
  facet normal -0.321438 -0.946931 0
    outer loop
      vertex -7.24372 2.99739 0
      vertex -6.84116 2.86074 5
      vertex -7.24372 2.99739 5
    endloop
  endfacet
  facet normal -0.321438 -0.946931 -0
    outer loop
      vertex -6.84116 2.86074 5
      vertex -7.24372 2.99739 0
      vertex -6.84116 2.86074 0
    endloop
  endfacet
  facet normal -0.555568 -0.831471 0
    outer loop
      vertex -7.97847 3.4216 0
      vertex -7.625 3.18542 5
      vertex -7.97847 3.4216 5
    endloop
  endfacet
  facet normal -0.555568 -0.831471 -0
    outer loop
      vertex -7.625 3.18542 5
      vertex -7.97847 3.4216 0
      vertex -7.625 3.18542 0
    endloop
  endfacet
  facet normal -0.980784 -0.195098 0
    outer loop
      vertex -9.13926 5.15884 0
      vertex -9.2222 5.57579 5
      vertex -9.2222 5.57579 0
    endloop
  endfacet
  facet normal -0.980784 -0.195098 0
    outer loop
      vertex -9.2222 5.57579 5
      vertex -9.13926 5.15884 0
      vertex -9.13926 5.15884 5
    endloop
  endfacet
  facet normal -0.896869 -0.442295 0
    outer loop
      vertex -8.81458 4.375 0
      vertex -9.00261 4.75628 5
      vertex -9.00261 4.75628 0
    endloop
  endfacet
  facet normal -0.896869 -0.442295 0
    outer loop
      vertex -9.00261 4.75628 5
      vertex -8.81458 4.375 0
      vertex -8.81458 4.375 5
    endloop
  endfacet
  facet normal 0.980784 0.195098 0
    outer loop
      vertex -2.7778 6.42421 5
      vertex -2.86074 6.84116 0
      vertex -2.86074 6.84116 5
    endloop
  endfacet
  facet normal 0.980784 0.195098 0
    outer loop
      vertex -2.86074 6.84116 0
      vertex -2.7778 6.42421 5
      vertex -2.7778 6.42421 0
    endloop
  endfacet
  facet normal 0.980784 -0.195098 0
    outer loop
      vertex -2.86074 5.15884 5
      vertex -2.7778 5.57579 0
      vertex -2.7778 5.57579 5
    endloop
  endfacet
  facet normal 0.980784 -0.195098 0
    outer loop
      vertex -2.7778 5.57579 0
      vertex -2.86074 5.15884 5
      vertex -2.86074 5.15884 0
    endloop
  endfacet
  facet normal 0.896869 -0.442295 0
    outer loop
      vertex -3.18542 4.375 5
      vertex -2.99739 4.75628 0
      vertex -2.99739 4.75628 5
    endloop
  endfacet
  facet normal 0.896869 -0.442295 0
    outer loop
      vertex -2.99739 4.75628 0
      vertex -3.18542 4.375 5
      vertex -3.18542 4.375 0
    endloop
  endfacet
  facet normal 0.321438 -0.946931 0
    outer loop
      vertex -5.15884 2.86074 0
      vertex -4.75628 2.99739 5
      vertex -5.15884 2.86074 5
    endloop
  endfacet
  facet normal 0.321438 -0.946931 0
    outer loop
      vertex -4.75628 2.99739 5
      vertex -5.15884 2.86074 0
      vertex -4.75628 2.99739 0
    endloop
  endfacet
  facet normal 0.555568 -0.831471 0
    outer loop
      vertex -4.375 3.18542 0
      vertex -4.02153 3.4216 5
      vertex -4.375 3.18542 5
    endloop
  endfacet
  facet normal 0.555568 -0.831471 0
    outer loop
      vertex -4.02153 3.4216 5
      vertex -4.375 3.18542 0
      vertex -4.02153 3.4216 0
    endloop
  endfacet
  facet normal -0.195098 -0.980784 0
    outer loop
      vertex -6.84116 2.86074 0
      vertex -6.42421 2.7778 5
      vertex -6.84116 2.86074 5
    endloop
  endfacet
  facet normal -0.195098 -0.980784 -0
    outer loop
      vertex -6.42421 2.7778 5
      vertex -6.84116 2.86074 0
      vertex -6.42421 2.7778 0
    endloop
  endfacet
  facet normal -0.442295 -0.896869 0
    outer loop
      vertex -7.625 3.18542 0
      vertex -7.24372 2.99739 5
      vertex -7.625 3.18542 5
    endloop
  endfacet
  facet normal -0.442295 -0.896869 -0
    outer loop
      vertex -7.24372 2.99739 5
      vertex -7.625 3.18542 0
      vertex -7.24372 2.99739 0
    endloop
  endfacet
  facet normal -0.946931 -0.321438 0
    outer loop
      vertex -9.00261 4.75628 0
      vertex -9.13926 5.15884 5
      vertex -9.13926 5.15884 0
    endloop
  endfacet
  facet normal -0.946931 -0.321438 0
    outer loop
      vertex -9.13926 5.15884 5
      vertex -9.00261 4.75628 0
      vertex -9.00261 4.75628 5
    endloop
  endfacet
  facet normal -0.831471 -0.555568 0
    outer loop
      vertex -8.5784 4.02153 0
      vertex -8.81458 4.375 5
      vertex -8.81458 4.375 0
    endloop
  endfacet
  facet normal -0.831471 -0.555568 0
    outer loop
      vertex -8.81458 4.375 5
      vertex -8.5784 4.02153 0
      vertex -8.5784 4.02153 5
    endloop
  endfacet
  facet normal -0.532047 -0.846715 0
    outer loop
      vertex -5.39256 7.26136 0
      vertex -5.12711 7.09456 5
      vertex -5.39256 7.26136 5
    endloop
  endfacet
  facet normal -0.532047 -0.846715 -0
    outer loop
      vertex -5.12711 7.09456 5
      vertex -5.39256 7.26136 0
      vertex -5.12711 7.09456 0
    endloop
  endfacet
  facet normal 0.943887 -0.330269 0
    outer loop
      vertex -7.3649 6.31153 5
      vertex -7.26136 6.60744 0
      vertex -7.26136 6.60744 5
    endloop
  endfacet
  facet normal 0.943887 -0.330269 0
    outer loop
      vertex -7.26136 6.60744 0
      vertex -7.3649 6.31153 5
      vertex -7.3649 6.31153 0
    endloop
  endfacet
  facet normal -0.993713 0.111961 0
    outer loop
      vertex -4.6351 5.68847 0
      vertex -4.6 6 5
      vertex -4.6 6 0
    endloop
  endfacet
  facet normal -0.993713 0.111961 0
    outer loop
      vertex -4.6 6 5
      vertex -4.6351 5.68847 0
      vertex -4.6351 5.68847 5
    endloop
  endfacet
  facet normal 0.330269 0.943887 -0
    outer loop
      vertex -6.31153 4.6351 0
      vertex -6.60744 4.73864 5
      vertex -6.31153 4.6351 5
    endloop
  endfacet
  facet normal 0.330269 0.943887 0
    outer loop
      vertex -6.60744 4.73864 5
      vertex -6.31153 4.6351 0
      vertex -6.60744 4.73864 0
    endloop
  endfacet
  facet normal -0.943887 -0.330269 0
    outer loop
      vertex -4.6351 6.31153 0
      vertex -4.73864 6.60744 5
      vertex -4.73864 6.60744 0
    endloop
  endfacet
  facet normal -0.943887 -0.330269 0
    outer loop
      vertex -4.73864 6.60744 5
      vertex -4.6351 6.31153 0
      vertex -4.6351 6.31153 5
    endloop
  endfacet
  facet normal 0.330269 -0.943887 0
    outer loop
      vertex -6.60744 7.26136 0
      vertex -6.31153 7.3649 5
      vertex -6.60744 7.26136 5
    endloop
  endfacet
  facet normal 0.330269 -0.943887 0
    outer loop
      vertex -6.31153 7.3649 5
      vertex -6.60744 7.26136 0
      vertex -6.31153 7.3649 0
    endloop
  endfacet
  facet normal 0.846715 -0.532047 0
    outer loop
      vertex -7.26136 6.60744 5
      vertex -7.09456 6.87289 0
      vertex -7.09456 6.87289 5
    endloop
  endfacet
  facet normal 0.846715 -0.532047 0
    outer loop
      vertex -7.09456 6.87289 0
      vertex -7.26136 6.60744 5
      vertex -7.26136 6.60744 0
    endloop
  endfacet
  facet normal 0.532047 -0.846715 0
    outer loop
      vertex -6.87289 7.09456 0
      vertex -6.60744 7.26136 5
      vertex -6.87289 7.09456 5
    endloop
  endfacet
  facet normal 0.532047 -0.846715 0
    outer loop
      vertex -6.60744 7.26136 5
      vertex -6.87289 7.09456 0
      vertex -6.60744 7.26136 0
    endloop
  endfacet
  facet normal -0.846715 -0.532047 0
    outer loop
      vertex -4.73864 6.60744 0
      vertex -4.90544 6.87289 5
      vertex -4.90544 6.87289 0
    endloop
  endfacet
  facet normal -0.846715 -0.532047 0
    outer loop
      vertex -4.90544 6.87289 5
      vertex -4.73864 6.60744 0
      vertex -4.73864 6.60744 5
    endloop
  endfacet
  facet normal -0.707107 -0.707107 0
    outer loop
      vertex -4.90544 6.87289 0
      vertex -5.12711 7.09456 5
      vertex -5.12711 7.09456 0
    endloop
  endfacet
  facet normal -0.707107 -0.707107 0
    outer loop
      vertex -5.12711 7.09456 5
      vertex -4.90544 6.87289 0
      vertex -4.90544 6.87289 5
    endloop
  endfacet
  facet normal -0.111961 -0.993713 0
    outer loop
      vertex -6 7.4 0
      vertex -5.68847 7.3649 5
      vertex -6 7.4 5
    endloop
  endfacet
  facet normal -0.111961 -0.993713 -0
    outer loop
      vertex -5.68847 7.3649 5
      vertex -6 7.4 0
      vertex -5.68847 7.3649 0
    endloop
  endfacet
  facet normal -0.330269 -0.943887 0
    outer loop
      vertex -5.68847 7.3649 0
      vertex -5.39256 7.26136 5
      vertex -5.68847 7.3649 5
    endloop
  endfacet
  facet normal -0.330269 -0.943887 -0
    outer loop
      vertex -5.39256 7.26136 5
      vertex -5.68847 7.3649 0
      vertex -5.39256 7.26136 0
    endloop
  endfacet
  facet normal 0.993713 -0.111961 0
    outer loop
      vertex -7.4 6 5
      vertex -7.3649 6.31153 0
      vertex -7.3649 6.31153 5
    endloop
  endfacet
  facet normal 0.993713 -0.111961 0
    outer loop
      vertex -7.3649 6.31153 0
      vertex -7.4 6 5
      vertex -7.4 6 0
    endloop
  endfacet
  facet normal 0.707107 -0.707107 0
    outer loop
      vertex -7.09456 6.87289 5
      vertex -6.87289 7.09456 0
      vertex -6.87289 7.09456 5
    endloop
  endfacet
  facet normal 0.707107 -0.707107 0
    outer loop
      vertex -6.87289 7.09456 0
      vertex -7.09456 6.87289 5
      vertex -7.09456 6.87289 0
    endloop
  endfacet
  facet normal 0.111961 -0.993713 0
    outer loop
      vertex -6.31153 7.3649 0
      vertex -6 7.4 5
      vertex -6.31153 7.3649 5
    endloop
  endfacet
  facet normal 0.111961 -0.993713 0
    outer loop
      vertex -6 7.4 5
      vertex -6.31153 7.3649 0
      vertex -6 7.4 0
    endloop
  endfacet
  facet normal -0.993713 -0.111961 0
    outer loop
      vertex -4.6 6 0
      vertex -4.6351 6.31153 5
      vertex -4.6351 6.31153 0
    endloop
  endfacet
  facet normal -0.993713 -0.111961 0
    outer loop
      vertex -4.6351 6.31153 5
      vertex -4.6 6 0
      vertex -4.6 6 5
    endloop
  endfacet
  facet normal -0.111961 0.993713 0
    outer loop
      vertex -5.68847 4.6351 0
      vertex -6 4.6 5
      vertex -5.68847 4.6351 5
    endloop
  endfacet
  facet normal -0.111961 0.993713 0
    outer loop
      vertex -6 4.6 5
      vertex -5.68847 4.6351 0
      vertex -6 4.6 0
    endloop
  endfacet
  facet normal -0.846715 0.532047 0
    outer loop
      vertex -4.90544 5.12711 0
      vertex -4.73864 5.39256 5
      vertex -4.73864 5.39256 0
    endloop
  endfacet
  facet normal -0.846715 0.532047 0
    outer loop
      vertex -4.73864 5.39256 5
      vertex -4.90544 5.12711 0
      vertex -4.90544 5.12711 5
    endloop
  endfacet
  facet normal -0.943887 0.330269 0
    outer loop
      vertex -4.73864 5.39256 0
      vertex -4.6351 5.68847 5
      vertex -4.6351 5.68847 0
    endloop
  endfacet
  facet normal -0.943887 0.330269 0
    outer loop
      vertex -4.6351 5.68847 5
      vertex -4.73864 5.39256 0
      vertex -4.73864 5.39256 5
    endloop
  endfacet
  facet normal -0.330269 0.943887 0
    outer loop
      vertex -5.39256 4.73864 0
      vertex -5.68847 4.6351 5
      vertex -5.39256 4.73864 5
    endloop
  endfacet
  facet normal -0.330269 0.943887 0
    outer loop
      vertex -5.68847 4.6351 5
      vertex -5.39256 4.73864 0
      vertex -5.68847 4.6351 0
    endloop
  endfacet
  facet normal -0.532047 0.846715 0
    outer loop
      vertex -5.12711 4.90544 0
      vertex -5.39256 4.73864 5
      vertex -5.12711 4.90544 5
    endloop
  endfacet
  facet normal -0.532047 0.846715 0
    outer loop
      vertex -5.39256 4.73864 5
      vertex -5.12711 4.90544 0
      vertex -5.39256 4.73864 0
    endloop
  endfacet
  facet normal 0.111961 0.993713 -0
    outer loop
      vertex -6 4.6 0
      vertex -6.31153 4.6351 5
      vertex -6 4.6 5
    endloop
  endfacet
  facet normal 0.111961 0.993713 0
    outer loop
      vertex -6.31153 4.6351 5
      vertex -6 4.6 0
      vertex -6.31153 4.6351 0
    endloop
  endfacet
  facet normal 0.707107 0.707107 0
    outer loop
      vertex -6.87289 4.90544 5
      vertex -7.09456 5.12711 0
      vertex -7.09456 5.12711 5
    endloop
  endfacet
  facet normal 0.707107 0.707107 0
    outer loop
      vertex -7.09456 5.12711 0
      vertex -6.87289 4.90544 5
      vertex -6.87289 4.90544 0
    endloop
  endfacet
  facet normal 0.846715 0.532047 0
    outer loop
      vertex -7.09456 5.12711 5
      vertex -7.26136 5.39256 0
      vertex -7.26136 5.39256 5
    endloop
  endfacet
  facet normal 0.846715 0.532047 0
    outer loop
      vertex -7.26136 5.39256 0
      vertex -7.09456 5.12711 5
      vertex -7.09456 5.12711 0
    endloop
  endfacet
  facet normal 0.993713 0.111961 0
    outer loop
      vertex -7.3649 5.68847 5
      vertex -7.4 6 0
      vertex -7.4 6 5
    endloop
  endfacet
  facet normal 0.993713 0.111961 0
    outer loop
      vertex -7.4 6 0
      vertex -7.3649 5.68847 5
      vertex -7.3649 5.68847 0
    endloop
  endfacet
  facet normal -0.707107 0.707107 0
    outer loop
      vertex -5.12711 4.90544 0
      vertex -4.90544 5.12711 5
      vertex -4.90544 5.12711 0
    endloop
  endfacet
  facet normal -0.707107 0.707107 0
    outer loop
      vertex -4.90544 5.12711 5
      vertex -5.12711 4.90544 0
      vertex -5.12711 4.90544 5
    endloop
  endfacet
  facet normal 0.532047 0.846715 -0
    outer loop
      vertex -6.60744 4.73864 0
      vertex -6.87289 4.90544 5
      vertex -6.60744 4.73864 5
    endloop
  endfacet
  facet normal 0.532047 0.846715 0
    outer loop
      vertex -6.87289 4.90544 5
      vertex -6.60744 4.73864 0
      vertex -6.87289 4.90544 0
    endloop
  endfacet
  facet normal 0.943887 0.330269 0
    outer loop
      vertex -7.26136 5.39256 5
      vertex -7.3649 5.68847 0
      vertex -7.3649 5.68847 5
    endloop
  endfacet
  facet normal 0.943887 0.330269 0
    outer loop
      vertex -7.3649 5.68847 0
      vertex -7.26136 5.39256 5
      vertex -7.26136 5.39256 0
    endloop
  endfacet
  facet normal 0.555568 0.831471 -0
    outer loop
      vertex 7.97847 -3.4216 0
      vertex 7.625 -3.18542 5
      vertex 7.97847 -3.4216 5
    endloop
  endfacet
  facet normal 0.555568 0.831471 0
    outer loop
      vertex 7.625 -3.18542 5
      vertex 7.97847 -3.4216 0
      vertex 7.625 -3.18542 0
    endloop
  endfacet
  facet normal -0.321438 0.946931 0
    outer loop
      vertex 5.15884 -2.86074 0
      vertex 4.75628 -2.99739 5
      vertex 5.15884 -2.86074 5
    endloop
  endfacet
  facet normal -0.321438 0.946931 0
    outer loop
      vertex 4.75628 -2.99739 5
      vertex 5.15884 -2.86074 0
      vertex 4.75628 -2.99739 0
    endloop
  endfacet
  facet normal -0.896869 0.442295 0
    outer loop
      vertex 2.99739 -4.75628 0
      vertex 3.18542 -4.375 5
      vertex 3.18542 -4.375 0
    endloop
  endfacet
  facet normal -0.896869 0.442295 0
    outer loop
      vertex 3.18542 -4.375 5
      vertex 2.99739 -4.75628 0
      vertex 2.99739 -4.75628 5
    endloop
  endfacet
  facet normal 0.896869 0.442295 0
    outer loop
      vertex 9.00261 -4.75628 5
      vertex 8.81458 -4.375 0
      vertex 8.81458 -4.375 5
    endloop
  endfacet
  facet normal 0.896869 0.442295 0
    outer loop
      vertex 8.81458 -4.375 0
      vertex 9.00261 -4.75628 5
      vertex 9.00261 -4.75628 0
    endloop
  endfacet
  facet normal 0.831471 0.555568 0
    outer loop
      vertex 8.81458 -4.375 5
      vertex 8.5784 -4.02153 0
      vertex 8.5784 -4.02153 5
    endloop
  endfacet
  facet normal 0.831471 0.555568 0
    outer loop
      vertex 8.5784 -4.02153 0
      vertex 8.81458 -4.375 5
      vertex 8.81458 -4.375 0
    endloop
  endfacet
  facet normal 0.442295 0.896869 -0
    outer loop
      vertex 7.625 -3.18542 0
      vertex 7.24372 -2.99739 5
      vertex 7.625 -3.18542 5
    endloop
  endfacet
  facet normal 0.442295 0.896869 0
    outer loop
      vertex 7.24372 -2.99739 5
      vertex 7.625 -3.18542 0
      vertex 7.24372 -2.99739 0
    endloop
  endfacet
  facet normal 0.0653933 0.99786 -0
    outer loop
      vertex 6.42421 -2.7778 0
      vertex 6 -2.75 5
      vertex 6.42421 -2.7778 5
    endloop
  endfacet
  facet normal 0.0653933 0.99786 0
    outer loop
      vertex 6 -2.75 5
      vertex 6.42421 -2.7778 0
      vertex 6 -2.75 0
    endloop
  endfacet
  facet normal -0.99786 0.0653933 0
    outer loop
      vertex 2.75 -6 0
      vertex 2.7778 -5.57579 5
      vertex 2.7778 -5.57579 0
    endloop
  endfacet
  facet normal -0.99786 0.0653933 0
    outer loop
      vertex 2.7778 -5.57579 5
      vertex 2.75 -6 0
      vertex 2.75 -6 5
    endloop
  endfacet
  facet normal -0.751849 0.659335 0
    outer loop
      vertex 3.4216 -4.02153 0
      vertex 3.7019 -3.7019 5
      vertex 3.7019 -3.7019 0
    endloop
  endfacet
  facet normal -0.751849 0.659335 0
    outer loop
      vertex 3.7019 -3.7019 5
      vertex 3.4216 -4.02153 0
      vertex 3.4216 -4.02153 5
    endloop
  endfacet
  facet normal -0.0653933 0.99786 0
    outer loop
      vertex 6 -2.75 0
      vertex 5.57579 -2.7778 5
      vertex 6 -2.75 5
    endloop
  endfacet
  facet normal -0.0653933 0.99786 0
    outer loop
      vertex 5.57579 -2.7778 5
      vertex 6 -2.75 0
      vertex 5.57579 -2.7778 0
    endloop
  endfacet
  facet normal -0.659335 0.751849 0
    outer loop
      vertex 4.02153 -3.4216 0
      vertex 3.7019 -3.7019 5
      vertex 4.02153 -3.4216 5
    endloop
  endfacet
  facet normal -0.659335 0.751849 0
    outer loop
      vertex 3.7019 -3.7019 5
      vertex 4.02153 -3.4216 0
      vertex 3.7019 -3.7019 0
    endloop
  endfacet
  facet normal 0.99786 0.0653933 0
    outer loop
      vertex 9.25 -6 5
      vertex 9.2222 -5.57579 0
      vertex 9.2222 -5.57579 5
    endloop
  endfacet
  facet normal 0.99786 0.0653933 0
    outer loop
      vertex 9.2222 -5.57579 0
      vertex 9.25 -6 5
      vertex 9.25 -6 0
    endloop
  endfacet
  facet normal 0.0653933 -0.99786 0
    outer loop
      vertex 6 -9.25 0
      vertex 6.42421 -9.2222 5
      vertex 6 -9.25 5
    endloop
  endfacet
  facet normal 0.0653933 -0.99786 0
    outer loop
      vertex 6.42421 -9.2222 5
      vertex 6 -9.25 0
      vertex 6.42421 -9.2222 0
    endloop
  endfacet
  facet normal 0.831471 -0.555568 0
    outer loop
      vertex 8.5784 -7.97847 5
      vertex 8.81458 -7.625 0
      vertex 8.81458 -7.625 5
    endloop
  endfacet
  facet normal 0.831471 -0.555568 0
    outer loop
      vertex 8.81458 -7.625 0
      vertex 8.5784 -7.97847 5
      vertex 8.5784 -7.97847 0
    endloop
  endfacet
  facet normal 0.946931 -0.321438 0
    outer loop
      vertex 9.00261 -7.24372 5
      vertex 9.13926 -6.84116 0
      vertex 9.13926 -6.84116 5
    endloop
  endfacet
  facet normal 0.946931 -0.321438 0
    outer loop
      vertex 9.13926 -6.84116 0
      vertex 9.00261 -7.24372 5
      vertex 9.00261 -7.24372 0
    endloop
  endfacet
  facet normal -0.0653933 -0.99786 0
    outer loop
      vertex 5.57579 -9.2222 0
      vertex 6 -9.25 5
      vertex 5.57579 -9.2222 5
    endloop
  endfacet
  facet normal -0.0653933 -0.99786 -0
    outer loop
      vertex 6 -9.25 5
      vertex 5.57579 -9.2222 0
      vertex 6 -9.25 0
    endloop
  endfacet
  facet normal -0.659335 -0.751849 0
    outer loop
      vertex 3.7019 -8.2981 0
      vertex 4.02153 -8.5784 5
      vertex 3.7019 -8.2981 5
    endloop
  endfacet
  facet normal -0.659335 -0.751849 -0
    outer loop
      vertex 4.02153 -8.5784 5
      vertex 3.7019 -8.2981 0
      vertex 4.02153 -8.5784 0
    endloop
  endfacet
  facet normal -0.99786 -0.0653933 0
    outer loop
      vertex 2.7778 -6.42421 0
      vertex 2.75 -6 5
      vertex 2.75 -6 0
    endloop
  endfacet
  facet normal -0.99786 -0.0653933 0
    outer loop
      vertex 2.75 -6 5
      vertex 2.7778 -6.42421 0
      vertex 2.7778 -6.42421 5
    endloop
  endfacet
  facet normal 0 0 -1
    outer loop
      vertex 7.4 -6 0
      vertex 9.25 -6 0
      vertex 9.2222 -6.42421 0
    endloop
  endfacet
  facet normal 0 0 -1
    outer loop
      vertex 7.3649 -6.31153 0
      vertex 9.2222 -6.42421 0
      vertex 9.13926 -6.84116 0
    endloop
  endfacet
  facet normal 0 0 -1
    outer loop
      vertex 9.25 -6 0
      vertex 7.4 -6 0
      vertex 9.2222 -5.57579 0
    endloop
  endfacet
  facet normal 0 0 -1
    outer loop
      vertex 7.3649 -6.31153 0
      vertex 9.13926 -6.84116 0
      vertex 9.00261 -7.24372 0
    endloop
  endfacet
  facet normal 0 0 -1
    outer loop
      vertex 7.3649 -5.68847 0
      vertex 9.2222 -5.57579 0
      vertex 7.4 -6 0
    endloop
  endfacet
  facet normal 0 0 -1
    outer loop
      vertex 7.26136 -6.60744 0
      vertex 9.00261 -7.24372 0
      vertex 8.81458 -7.625 0
    endloop
  endfacet
  facet normal -0 0 -1
    outer loop
      vertex 9.2222 -5.57579 0
      vertex 7.3649 -5.68847 0
      vertex 9.13926 -5.15884 0
    endloop
  endfacet
  facet normal 0 0 -1
    outer loop
      vertex 7.09456 -6.87289 0
      vertex 8.81458 -7.625 0
      vertex 8.5784 -7.97847 0
    endloop
  endfacet
  facet normal -0 0 -1
    outer loop
      vertex 9.13926 -5.15884 0
      vertex 7.3649 -5.68847 0
      vertex 9.00261 -4.75628 0
    endloop
  endfacet
  facet normal 0 0 -1
    outer loop
      vertex 7.09456 -6.87289 0
      vertex 8.5784 -7.97847 0
      vertex 8.2981 -8.2981 0
    endloop
  endfacet
  facet normal 0 0 -1
    outer loop
      vertex 7.26136 -5.39256 0
      vertex 9.00261 -4.75628 0
      vertex 7.3649 -5.68847 0
    endloop
  endfacet
  facet normal 0 0 -1
    outer loop
      vertex 6.87289 -7.09456 0
      vertex 8.2981 -8.2981 0
      vertex 7.97847 -8.5784 0
    endloop
  endfacet
  facet normal -0 0 -1
    outer loop
      vertex 9.00261 -4.75628 0
      vertex 7.26136 -5.39256 0
      vertex 8.81458 -4.375 0
    endloop
  endfacet
  facet normal 0 0 -1
    outer loop
      vertex 6.87289 -7.09456 0
      vertex 7.97847 -8.5784 0
      vertex 7.625 -8.81458 0
    endloop
  endfacet
  facet normal 0 0 -1
    outer loop
      vertex 7.09456 -5.12711 0
      vertex 8.81458 -4.375 0
      vertex 7.26136 -5.39256 0
    endloop
  endfacet
  facet normal -0 0 -1
    outer loop
      vertex 8.81458 -4.375 0
      vertex 7.09456 -5.12711 0
      vertex 8.5784 -4.02153 0
    endloop
  endfacet
  facet normal 0 0 -1
    outer loop
      vertex 9.2222 -6.42421 0
      vertex 7.3649 -6.31153 0
      vertex 7.4 -6 0
    endloop
  endfacet
  facet normal 0 0 -1
    outer loop
      vertex 9.00261 -7.24372 0
      vertex 7.26136 -6.60744 0
      vertex 7.3649 -6.31153 0
    endloop
  endfacet
  facet normal 0 0 -1
    outer loop
      vertex 6.60744 -7.26136 0
      vertex 7.625 -8.81458 0
      vertex 7.24372 -9.00261 0
    endloop
  endfacet
  facet normal 0 0 -1
    outer loop
      vertex 8.81458 -7.625 0
      vertex 7.09456 -6.87289 0
      vertex 7.26136 -6.60744 0
    endloop
  endfacet
  facet normal 0 0 -1
    outer loop
      vertex 8.2981 -8.2981 0
      vertex 6.87289 -7.09456 0
      vertex 7.09456 -6.87289 0
    endloop
  endfacet
  facet normal 0 0 -1
    outer loop
      vertex 6.31153 -7.3649 0
      vertex 7.24372 -9.00261 0
      vertex 6.84116 -9.13926 0
    endloop
  endfacet
  facet normal 0 0 -1
    outer loop
      vertex 7.625 -8.81458 0
      vertex 6.60744 -7.26136 0
      vertex 6.87289 -7.09456 0
    endloop
  endfacet
  facet normal 0 0 -1
    outer loop
      vertex 6.31153 -7.3649 0
      vertex 6.84116 -9.13926 0
      vertex 6.42421 -9.2222 0
    endloop
  endfacet
  facet normal 0 0 -1
    outer loop
      vertex 7.24372 -9.00261 0
      vertex 6.31153 -7.3649 0
      vertex 6.60744 -7.26136 0
    endloop
  endfacet
  facet normal 0 0 -1
    outer loop
      vertex 6 -7.4 0
      vertex 6.42421 -9.2222 0
      vertex 6 -9.25 0
    endloop
  endfacet
  facet normal 0 0 -1
    outer loop
      vertex 6.42421 -9.2222 0
      vertex 6 -7.4 0
      vertex 6.31153 -7.3649 0
    endloop
  endfacet
  facet normal 0 0 -1
    outer loop
      vertex 5.57579 -9.2222 0
      vertex 6 -7.4 0
      vertex 6 -9.25 0
    endloop
  endfacet
  facet normal -0 0 -1
    outer loop
      vertex 6 -7.4 0
      vertex 5.57579 -9.2222 0
      vertex 5.68847 -7.3649 0
    endloop
  endfacet
  facet normal 0 0 -1
    outer loop
      vertex 5.15884 -9.13926 0
      vertex 5.68847 -7.3649 0
      vertex 5.57579 -9.2222 0
    endloop
  endfacet
  facet normal 0 0 -1
    outer loop
      vertex 4.75628 -9.00261 0
      vertex 5.68847 -7.3649 0
      vertex 5.15884 -9.13926 0
    endloop
  endfacet
  facet normal -0 0 -1
    outer loop
      vertex 5.68847 -7.3649 0
      vertex 4.75628 -9.00261 0
      vertex 5.39256 -7.26136 0
    endloop
  endfacet
  facet normal 0 0 -1
    outer loop
      vertex 4.375 -8.81458 0
      vertex 5.39256 -7.26136 0
      vertex 4.75628 -9.00261 0
    endloop
  endfacet
  facet normal -0 0 -1
    outer loop
      vertex 5.39256 -7.26136 0
      vertex 4.375 -8.81458 0
      vertex 5.12711 -7.09456 0
    endloop
  endfacet
  facet normal 0 0 -1
    outer loop
      vertex 4.02153 -8.5784 0
      vertex 5.12711 -7.09456 0
      vertex 4.375 -8.81458 0
    endloop
  endfacet
  facet normal 0 0 -1
    outer loop
      vertex 3.7019 -8.2981 0
      vertex 5.12711 -7.09456 0
      vertex 4.02153 -8.5784 0
    endloop
  endfacet
  facet normal -0 0 -1
    outer loop
      vertex 5.12711 -7.09456 0
      vertex 3.7019 -8.2981 0
      vertex 4.90544 -6.87289 0
    endloop
  endfacet
  facet normal 0 0 -1
    outer loop
      vertex 3.4216 -7.97847 0
      vertex 4.90544 -6.87289 0
      vertex 3.7019 -8.2981 0
    endloop
  endfacet
  facet normal -0 0 -1
    outer loop
      vertex 8.5784 -4.02153 0
      vertex 7.09456 -5.12711 0
      vertex 8.2981 -3.7019 0
    endloop
  endfacet
  facet normal 0 0 -1
    outer loop
      vertex 6.87289 -4.90544 0
      vertex 8.2981 -3.7019 0
      vertex 7.09456 -5.12711 0
    endloop
  endfacet
  facet normal -0 0 -1
    outer loop
      vertex 8.2981 -3.7019 0
      vertex 6.87289 -4.90544 0
      vertex 7.97847 -3.4216 0
    endloop
  endfacet
  facet normal -0 0 -1
    outer loop
      vertex 7.97847 -3.4216 0
      vertex 6.87289 -4.90544 0
      vertex 7.625 -3.18542 0
    endloop
  endfacet
  facet normal 0 0 -1
    outer loop
      vertex 6.60744 -4.73864 0
      vertex 7.625 -3.18542 0
      vertex 6.87289 -4.90544 0
    endloop
  endfacet
  facet normal -0 0 -1
    outer loop
      vertex 7.625 -3.18542 0
      vertex 6.60744 -4.73864 0
      vertex 7.24372 -2.99739 0
    endloop
  endfacet
  facet normal 0 0 -1
    outer loop
      vertex 6.31153 -4.6351 0
      vertex 7.24372 -2.99739 0
      vertex 6.60744 -4.73864 0
    endloop
  endfacet
  facet normal -0 0 -1
    outer loop
      vertex 7.24372 -2.99739 0
      vertex 6.31153 -4.6351 0
      vertex 6.84116 -2.86074 0
    endloop
  endfacet
  facet normal -0 0 -1
    outer loop
      vertex 6.84116 -2.86074 0
      vertex 6.31153 -4.6351 0
      vertex 6.42421 -2.7778 0
    endloop
  endfacet
  facet normal 0 0 -1
    outer loop
      vertex 6 -4.6 0
      vertex 6.42421 -2.7778 0
      vertex 6.31153 -4.6351 0
    endloop
  endfacet
  facet normal 0 0 -1
    outer loop
      vertex 6 -4.6 0
      vertex 6 -2.75 0
      vertex 6.42421 -2.7778 0
    endloop
  endfacet
  facet normal 0 0 -1
    outer loop
      vertex 5.57579 -2.7778 0
      vertex 6 -4.6 0
      vertex 5.68847 -4.6351 0
    endloop
  endfacet
  facet normal 0 0 -1
    outer loop
      vertex 6 -4.6 0
      vertex 5.57579 -2.7778 0
      vertex 6 -2.75 0
    endloop
  endfacet
  facet normal 0 0 -1
    outer loop
      vertex 4.75628 -2.99739 0
      vertex 5.68847 -4.6351 0
      vertex 5.39256 -4.73864 0
    endloop
  endfacet
  facet normal 0 0 -1
    outer loop
      vertex 5.68847 -4.6351 0
      vertex 5.15884 -2.86074 0
      vertex 5.57579 -2.7778 0
    endloop
  endfacet
  facet normal 0 0 -1
    outer loop
      vertex 4.375 -3.18542 0
      vertex 5.39256 -4.73864 0
      vertex 5.12711 -4.90544 0
    endloop
  endfacet
  facet normal 0 0 -1
    outer loop
      vertex 3.7019 -3.7019 0
      vertex 5.12711 -4.90544 0
      vertex 4.90544 -5.12711 0
    endloop
  endfacet
  facet normal 0 0 -1
    outer loop
      vertex 5.68847 -4.6351 0
      vertex 4.75628 -2.99739 0
      vertex 5.15884 -2.86074 0
    endloop
  endfacet
  facet normal 0 0 -1
    outer loop
      vertex 3.18542 -4.375 0
      vertex 4.90544 -5.12711 0
      vertex 4.73864 -5.39256 0
    endloop
  endfacet
  facet normal 0 0 -1
    outer loop
      vertex 2.99739 -4.75628 0
      vertex 4.73864 -5.39256 0
      vertex 4.6351 -5.68847 0
    endloop
  endfacet
  facet normal 0 0 -1
    outer loop
      vertex 2.7778 -5.57579 0
      vertex 4.6351 -5.68847 0
      vertex 4.6 -6 0
    endloop
  endfacet
  facet normal 0 0 -1
    outer loop
      vertex 3.18542 -7.625 0
      vertex 4.90544 -6.87289 0
      vertex 3.4216 -7.97847 0
    endloop
  endfacet
  facet normal 0 0 -1
    outer loop
      vertex 5.39256 -4.73864 0
      vertex 4.375 -3.18542 0
      vertex 4.75628 -2.99739 0
    endloop
  endfacet
  facet normal -0 0 -1
    outer loop
      vertex 4.90544 -6.87289 0
      vertex 3.18542 -7.625 0
      vertex 4.73864 -6.60744 0
    endloop
  endfacet
  facet normal 0 0 -1
    outer loop
      vertex 5.12711 -4.90544 0
      vertex 4.02153 -3.4216 0
      vertex 4.375 -3.18542 0
    endloop
  endfacet
  facet normal 0 0 -1
    outer loop
      vertex 2.99739 -7.24372 0
      vertex 4.73864 -6.60744 0
      vertex 3.18542 -7.625 0
    endloop
  endfacet
  facet normal 0 0 -1
    outer loop
      vertex 5.12711 -4.90544 0
      vertex 3.7019 -3.7019 0
      vertex 4.02153 -3.4216 0
    endloop
  endfacet
  facet normal -0 0 -1
    outer loop
      vertex 4.73864 -6.60744 0
      vertex 2.99739 -7.24372 0
      vertex 4.6351 -6.31153 0
    endloop
  endfacet
  facet normal 0 0 -1
    outer loop
      vertex 4.90544 -5.12711 0
      vertex 3.4216 -4.02153 0
      vertex 3.7019 -3.7019 0
    endloop
  endfacet
  facet normal 0 0 -1
    outer loop
      vertex 2.86074 -6.84116 0
      vertex 4.6351 -6.31153 0
      vertex 2.99739 -7.24372 0
    endloop
  endfacet
  facet normal 0 0 -1
    outer loop
      vertex 4.90544 -5.12711 0
      vertex 3.18542 -4.375 0
      vertex 3.4216 -4.02153 0
    endloop
  endfacet
  facet normal 0 0 -1
    outer loop
      vertex 2.7778 -6.42421 0
      vertex 4.6351 -6.31153 0
      vertex 2.86074 -6.84116 0
    endloop
  endfacet
  facet normal 0 0 -1
    outer loop
      vertex 4.73864 -5.39256 0
      vertex 2.99739 -4.75628 0
      vertex 3.18542 -4.375 0
    endloop
  endfacet
  facet normal -0 0 -1
    outer loop
      vertex 4.6351 -6.31153 0
      vertex 2.7778 -6.42421 0
      vertex 4.6 -6 0
    endloop
  endfacet
  facet normal 0 0 -1
    outer loop
      vertex 4.6351 -5.68847 0
      vertex 2.86074 -5.15884 0
      vertex 2.99739 -4.75628 0
    endloop
  endfacet
  facet normal 0 0 -1
    outer loop
      vertex 2.75 -6 0
      vertex 4.6 -6 0
      vertex 2.7778 -6.42421 0
    endloop
  endfacet
  facet normal 0 0 -1
    outer loop
      vertex 4.6351 -5.68847 0
      vertex 2.7778 -5.57579 0
      vertex 2.86074 -5.15884 0
    endloop
  endfacet
  facet normal 0 0 -1
    outer loop
      vertex 4.6 -6 0
      vertex 2.75 -6 0
      vertex 2.7778 -5.57579 0
    endloop
  endfacet
  facet normal -0.751849 -0.659335 0
    outer loop
      vertex 3.7019 -8.2981 0
      vertex 3.4216 -7.97847 5
      vertex 3.4216 -7.97847 0
    endloop
  endfacet
  facet normal -0.751849 -0.659335 0
    outer loop
      vertex 3.4216 -7.97847 5
      vertex 3.7019 -8.2981 0
      vertex 3.7019 -8.2981 5
    endloop
  endfacet
  facet normal 0.946931 0.321438 0
    outer loop
      vertex 9.13926 -5.15884 5
      vertex 9.00261 -4.75628 0
      vertex 9.00261 -4.75628 5
    endloop
  endfacet
  facet normal 0.946931 0.321438 0
    outer loop
      vertex 9.00261 -4.75628 0
      vertex 9.13926 -5.15884 5
      vertex 9.13926 -5.15884 0
    endloop
  endfacet
  facet normal 0.751849 0.659335 0
    outer loop
      vertex 8.5784 -4.02153 5
      vertex 8.2981 -3.7019 0
      vertex 8.2981 -3.7019 5
    endloop
  endfacet
  facet normal 0.751849 0.659335 0
    outer loop
      vertex 8.2981 -3.7019 0
      vertex 8.5784 -4.02153 5
      vertex 8.5784 -4.02153 0
    endloop
  endfacet
  facet normal 0.659335 0.751849 -0
    outer loop
      vertex 8.2981 -3.7019 0
      vertex 7.97847 -3.4216 5
      vertex 8.2981 -3.7019 5
    endloop
  endfacet
  facet normal 0.659335 0.751849 0
    outer loop
      vertex 7.97847 -3.4216 5
      vertex 8.2981 -3.7019 0
      vertex 7.97847 -3.4216 0
    endloop
  endfacet
  facet normal 0.321438 0.946931 -0
    outer loop
      vertex 7.24372 -2.99739 0
      vertex 6.84116 -2.86074 5
      vertex 7.24372 -2.99739 5
    endloop
  endfacet
  facet normal 0.321438 0.946931 0
    outer loop
      vertex 6.84116 -2.86074 5
      vertex 7.24372 -2.99739 0
      vertex 6.84116 -2.86074 0
    endloop
  endfacet
  facet normal 0.195098 0.980784 -0
    outer loop
      vertex 6.84116 -2.86074 0
      vertex 6.42421 -2.7778 5
      vertex 6.84116 -2.86074 5
    endloop
  endfacet
  facet normal 0.195098 0.980784 0
    outer loop
      vertex 6.42421 -2.7778 5
      vertex 6.84116 -2.86074 0
      vertex 6.42421 -2.7778 0
    endloop
  endfacet
  facet normal 0 0 1
    outer loop
      vertex 7.4 -6 5
      vertex 9.25 -6 5
      vertex 9.2222 -5.57579 5
    endloop
  endfacet
  facet normal 0 0 1
    outer loop
      vertex 7.3649 -5.68847 5
      vertex 9.2222 -5.57579 5
      vertex 9.13926 -5.15884 5
    endloop
  endfacet
  facet normal 0 0 1
    outer loop
      vertex 9.25 -6 5
      vertex 7.4 -6 5
      vertex 9.2222 -6.42421 5
    endloop
  endfacet
  facet normal 0 0 1
    outer loop
      vertex 7.3649 -5.68847 5
      vertex 9.13926 -5.15884 5
      vertex 9.00261 -4.75628 5
    endloop
  endfacet
  facet normal -0 0 1
    outer loop
      vertex 7.3649 -6.31153 5
      vertex 9.2222 -6.42421 5
      vertex 7.4 -6 5
    endloop
  endfacet
  facet normal 0 0 1
    outer loop
      vertex 7.26136 -5.39256 5
      vertex 9.00261 -4.75628 5
      vertex 8.81458 -4.375 5
    endloop
  endfacet
  facet normal 0 0 1
    outer loop
      vertex 9.2222 -6.42421 5
      vertex 7.3649 -6.31153 5
      vertex 9.13926 -6.84116 5
    endloop
  endfacet
  facet normal 0 0 1
    outer loop
      vertex 7.09456 -5.12711 5
      vertex 8.81458 -4.375 5
      vertex 8.5784 -4.02153 5
    endloop
  endfacet
  facet normal 0 0 1
    outer loop
      vertex 9.13926 -6.84116 5
      vertex 7.3649 -6.31153 5
      vertex 9.00261 -7.24372 5
    endloop
  endfacet
  facet normal 0 0 1
    outer loop
      vertex 7.09456 -5.12711 5
      vertex 8.5784 -4.02153 5
      vertex 8.2981 -3.7019 5
    endloop
  endfacet
  facet normal -0 0 1
    outer loop
      vertex 7.26136 -6.60744 5
      vertex 9.00261 -7.24372 5
      vertex 7.3649 -6.31153 5
    endloop
  endfacet
  facet normal 0 0 1
    outer loop
      vertex 6.87289 -4.90544 5
      vertex 8.2981 -3.7019 5
      vertex 7.97847 -3.4216 5
    endloop
  endfacet
  facet normal 0 0 1
    outer loop
      vertex 9.00261 -7.24372 5
      vertex 7.26136 -6.60744 5
      vertex 8.81458 -7.625 5
    endloop
  endfacet
  facet normal 0 0 1
    outer loop
      vertex 6.87289 -4.90544 5
      vertex 7.97847 -3.4216 5
      vertex 7.625 -3.18542 5
    endloop
  endfacet
  facet normal -0 0 1
    outer loop
      vertex 7.09456 -6.87289 5
      vertex 8.81458 -7.625 5
      vertex 7.26136 -6.60744 5
    endloop
  endfacet
  facet normal 0 0 1
    outer loop
      vertex 8.81458 -7.625 5
      vertex 7.09456 -6.87289 5
      vertex 8.5784 -7.97847 5
    endloop
  endfacet
  facet normal 0 0 1
    outer loop
      vertex 9.2222 -5.57579 5
      vertex 7.3649 -5.68847 5
      vertex 7.4 -6 5
    endloop
  endfacet
  facet normal 0 0 1
    outer loop
      vertex 9.00261 -4.75628 5
      vertex 7.26136 -5.39256 5
      vertex 7.3649 -5.68847 5
    endloop
  endfacet
  facet normal 0 0 1
    outer loop
      vertex 6.60744 -4.73864 5
      vertex 7.625 -3.18542 5
      vertex 7.24372 -2.99739 5
    endloop
  endfacet
  facet normal 0 0 1
    outer loop
      vertex 8.81458 -4.375 5
      vertex 7.09456 -5.12711 5
      vertex 7.26136 -5.39256 5
    endloop
  endfacet
  facet normal 0 0 1
    outer loop
      vertex 8.2981 -3.7019 5
      vertex 6.87289 -4.90544 5
      vertex 7.09456 -5.12711 5
    endloop
  endfacet
  facet normal 0 0 1
    outer loop
      vertex 6.31153 -4.6351 5
      vertex 7.24372 -2.99739 5
      vertex 6.84116 -2.86074 5
    endloop
  endfacet
  facet normal 0 0 1
    outer loop
      vertex 7.625 -3.18542 5
      vertex 6.60744 -4.73864 5
      vertex 6.87289 -4.90544 5
    endloop
  endfacet
  facet normal 0 0 1
    outer loop
      vertex 6.31153 -4.6351 5
      vertex 6.84116 -2.86074 5
      vertex 6.42421 -2.7778 5
    endloop
  endfacet
  facet normal 0 0 1
    outer loop
      vertex 7.24372 -2.99739 5
      vertex 6.31153 -4.6351 5
      vertex 6.60744 -4.73864 5
    endloop
  endfacet
  facet normal 0 0 1
    outer loop
      vertex 6 -4.6 5
      vertex 6.42421 -2.7778 5
      vertex 6 -2.75 5
    endloop
  endfacet
  facet normal 0 0 1
    outer loop
      vertex 6.42421 -2.7778 5
      vertex 6 -4.6 5
      vertex 6.31153 -4.6351 5
    endloop
  endfacet
  facet normal -0 0 1
    outer loop
      vertex 5.57579 -2.7778 5
      vertex 6 -4.6 5
      vertex 6 -2.75 5
    endloop
  endfacet
  facet normal 0 0 1
    outer loop
      vertex 6 -4.6 5
      vertex 5.57579 -2.7778 5
      vertex 5.68847 -4.6351 5
    endloop
  endfacet
  facet normal -0 0 1
    outer loop
      vertex 5.15884 -2.86074 5
      vertex 5.68847 -4.6351 5
      vertex 5.57579 -2.7778 5
    endloop
  endfacet
  facet normal -0 0 1
    outer loop
      vertex 4.75628 -2.99739 5
      vertex 5.68847 -4.6351 5
      vertex 5.15884 -2.86074 5
    endloop
  endfacet
  facet normal 0 0 1
    outer loop
      vertex 5.68847 -4.6351 5
      vertex 4.75628 -2.99739 5
      vertex 5.39256 -4.73864 5
    endloop
  endfacet
  facet normal -0 0 1
    outer loop
      vertex 4.375 -3.18542 5
      vertex 5.39256 -4.73864 5
      vertex 4.75628 -2.99739 5
    endloop
  endfacet
  facet normal 0 0 1
    outer loop
      vertex 5.39256 -4.73864 5
      vertex 4.375 -3.18542 5
      vertex 5.12711 -4.90544 5
    endloop
  endfacet
  facet normal -0 0 1
    outer loop
      vertex 4.02153 -3.4216 5
      vertex 5.12711 -4.90544 5
      vertex 4.375 -3.18542 5
    endloop
  endfacet
  facet normal -0 0 1
    outer loop
      vertex 3.7019 -3.7019 5
      vertex 5.12711 -4.90544 5
      vertex 4.02153 -3.4216 5
    endloop
  endfacet
  facet normal 0 0 1
    outer loop
      vertex 5.12711 -4.90544 5
      vertex 3.7019 -3.7019 5
      vertex 4.90544 -5.12711 5
    endloop
  endfacet
  facet normal -0 0 1
    outer loop
      vertex 3.4216 -4.02153 5
      vertex 4.90544 -5.12711 5
      vertex 3.7019 -3.7019 5
    endloop
  endfacet
  facet normal 0 0 1
    outer loop
      vertex 8.5784 -7.97847 5
      vertex 7.09456 -6.87289 5
      vertex 8.2981 -8.2981 5
    endloop
  endfacet
  facet normal -0 0 1
    outer loop
      vertex 6.87289 -7.09456 5
      vertex 8.2981 -8.2981 5
      vertex 7.09456 -6.87289 5
    endloop
  endfacet
  facet normal 0 0 1
    outer loop
      vertex 8.2981 -8.2981 5
      vertex 6.87289 -7.09456 5
      vertex 7.97847 -8.5784 5
    endloop
  endfacet
  facet normal 0 0 1
    outer loop
      vertex 7.97847 -8.5784 5
      vertex 6.87289 -7.09456 5
      vertex 7.625 -8.81458 5
    endloop
  endfacet
  facet normal -0 0 1
    outer loop
      vertex 6.60744 -7.26136 5
      vertex 7.625 -8.81458 5
      vertex 6.87289 -7.09456 5
    endloop
  endfacet
  facet normal 0 0 1
    outer loop
      vertex 7.625 -8.81458 5
      vertex 6.60744 -7.26136 5
      vertex 7.24372 -9.00261 5
    endloop
  endfacet
  facet normal -0 0 1
    outer loop
      vertex 6.31153 -7.3649 5
      vertex 7.24372 -9.00261 5
      vertex 6.60744 -7.26136 5
    endloop
  endfacet
  facet normal 0 0 1
    outer loop
      vertex 7.24372 -9.00261 5
      vertex 6.31153 -7.3649 5
      vertex 6.84116 -9.13926 5
    endloop
  endfacet
  facet normal 0 0 1
    outer loop
      vertex 6.84116 -9.13926 5
      vertex 6.31153 -7.3649 5
      vertex 6.42421 -9.2222 5
    endloop
  endfacet
  facet normal -0 0 1
    outer loop
      vertex 6 -7.4 5
      vertex 6.42421 -9.2222 5
      vertex 6.31153 -7.3649 5
    endloop
  endfacet
  facet normal 0 0 1
    outer loop
      vertex 6 -7.4 5
      vertex 6 -9.25 5
      vertex 6.42421 -9.2222 5
    endloop
  endfacet
  facet normal 0 0 1
    outer loop
      vertex 5.57579 -9.2222 5
      vertex 6 -7.4 5
      vertex 5.68847 -7.3649 5
    endloop
  endfacet
  facet normal 0 0 1
    outer loop
      vertex 6 -7.4 5
      vertex 5.57579 -9.2222 5
      vertex 6 -9.25 5
    endloop
  endfacet
  facet normal 0 0 1
    outer loop
      vertex 4.75628 -9.00261 5
      vertex 5.68847 -7.3649 5
      vertex 5.39256 -7.26136 5
    endloop
  endfacet
  facet normal 0 0 1
    outer loop
      vertex 5.68847 -7.3649 5
      vertex 5.15884 -9.13926 5
      vertex 5.57579 -9.2222 5
    endloop
  endfacet
  facet normal 0 0 1
    outer loop
      vertex 4.375 -8.81458 5
      vertex 5.39256 -7.26136 5
      vertex 5.12711 -7.09456 5
    endloop
  endfacet
  facet normal 0 0 1
    outer loop
      vertex 3.7019 -8.2981 5
      vertex 5.12711 -7.09456 5
      vertex 4.90544 -6.87289 5
    endloop
  endfacet
  facet normal 0 0 1
    outer loop
      vertex 5.68847 -7.3649 5
      vertex 4.75628 -9.00261 5
      vertex 5.15884 -9.13926 5
    endloop
  endfacet
  facet normal 0 0 1
    outer loop
      vertex 3.18542 -7.625 5
      vertex 4.90544 -6.87289 5
      vertex 4.73864 -6.60744 5
    endloop
  endfacet
  facet normal 0 0 1
    outer loop
      vertex 2.99739 -7.24372 5
      vertex 4.73864 -6.60744 5
      vertex 4.6351 -6.31153 5
    endloop
  endfacet
  facet normal 0 0 1
    outer loop
      vertex 2.7778 -6.42421 5
      vertex 4.6351 -6.31153 5
      vertex 4.6 -6 5
    endloop
  endfacet
  facet normal -0 0 1
    outer loop
      vertex 3.18542 -4.375 5
      vertex 4.90544 -5.12711 5
      vertex 3.4216 -4.02153 5
    endloop
  endfacet
  facet normal 0 0 1
    outer loop
      vertex 5.39256 -7.26136 5
      vertex 4.375 -8.81458 5
      vertex 4.75628 -9.00261 5
    endloop
  endfacet
  facet normal 0 0 1
    outer loop
      vertex 4.90544 -5.12711 5
      vertex 3.18542 -4.375 5
      vertex 4.73864 -5.39256 5
    endloop
  endfacet
  facet normal 0 0 1
    outer loop
      vertex 5.12711 -7.09456 5
      vertex 4.02153 -8.5784 5
      vertex 4.375 -8.81458 5
    endloop
  endfacet
  facet normal -0 0 1
    outer loop
      vertex 2.99739 -4.75628 5
      vertex 4.73864 -5.39256 5
      vertex 3.18542 -4.375 5
    endloop
  endfacet
  facet normal 0 0 1
    outer loop
      vertex 5.12711 -7.09456 5
      vertex 3.7019 -8.2981 5
      vertex 4.02153 -8.5784 5
    endloop
  endfacet
  facet normal 0 0 1
    outer loop
      vertex 4.73864 -5.39256 5
      vertex 2.99739 -4.75628 5
      vertex 4.6351 -5.68847 5
    endloop
  endfacet
  facet normal 0 0 1
    outer loop
      vertex 4.90544 -6.87289 5
      vertex 3.4216 -7.97847 5
      vertex 3.7019 -8.2981 5
    endloop
  endfacet
  facet normal -0 0 1
    outer loop
      vertex 2.86074 -5.15884 5
      vertex 4.6351 -5.68847 5
      vertex 2.99739 -4.75628 5
    endloop
  endfacet
  facet normal 0 0 1
    outer loop
      vertex 4.90544 -6.87289 5
      vertex 3.18542 -7.625 5
      vertex 3.4216 -7.97847 5
    endloop
  endfacet
  facet normal -0 0 1
    outer loop
      vertex 2.7778 -5.57579 5
      vertex 4.6351 -5.68847 5
      vertex 2.86074 -5.15884 5
    endloop
  endfacet
  facet normal 0 0 1
    outer loop
      vertex 4.73864 -6.60744 5
      vertex 2.99739 -7.24372 5
      vertex 3.18542 -7.625 5
    endloop
  endfacet
  facet normal 0 0 1
    outer loop
      vertex 4.6351 -5.68847 5
      vertex 2.7778 -5.57579 5
      vertex 4.6 -6 5
    endloop
  endfacet
  facet normal 0 0 1
    outer loop
      vertex 4.6351 -6.31153 5
      vertex 2.86074 -6.84116 5
      vertex 2.99739 -7.24372 5
    endloop
  endfacet
  facet normal 0 0 1
    outer loop
      vertex 2.75 -6 5
      vertex 4.6 -6 5
      vertex 2.7778 -5.57579 5
    endloop
  endfacet
  facet normal 0 0 1
    outer loop
      vertex 4.6351 -6.31153 5
      vertex 2.7778 -6.42421 5
      vertex 2.86074 -6.84116 5
    endloop
  endfacet
  facet normal 0 0 1
    outer loop
      vertex 4.6 -6 5
      vertex 2.75 -6 5
      vertex 2.7778 -6.42421 5
    endloop
  endfacet
  facet normal -0.946931 0.321438 0
    outer loop
      vertex 2.86074 -5.15884 0
      vertex 2.99739 -4.75628 5
      vertex 2.99739 -4.75628 0
    endloop
  endfacet
  facet normal -0.946931 0.321438 0
    outer loop
      vertex 2.99739 -4.75628 5
      vertex 2.86074 -5.15884 0
      vertex 2.86074 -5.15884 5
    endloop
  endfacet
  facet normal -0.980784 0.195098 0
    outer loop
      vertex 2.7778 -5.57579 0
      vertex 2.86074 -5.15884 5
      vertex 2.86074 -5.15884 0
    endloop
  endfacet
  facet normal -0.980784 0.195098 0
    outer loop
      vertex 2.86074 -5.15884 5
      vertex 2.7778 -5.57579 0
      vertex 2.7778 -5.57579 5
    endloop
  endfacet
  facet normal -0.831471 0.555568 0
    outer loop
      vertex 3.18542 -4.375 0
      vertex 3.4216 -4.02153 5
      vertex 3.4216 -4.02153 0
    endloop
  endfacet
  facet normal -0.831471 0.555568 0
    outer loop
      vertex 3.4216 -4.02153 5
      vertex 3.18542 -4.375 0
      vertex 3.18542 -4.375 5
    endloop
  endfacet
  facet normal -0.195098 0.980784 0
    outer loop
      vertex 5.57579 -2.7778 0
      vertex 5.15884 -2.86074 5
      vertex 5.57579 -2.7778 5
    endloop
  endfacet
  facet normal -0.195098 0.980784 0
    outer loop
      vertex 5.15884 -2.86074 5
      vertex 5.57579 -2.7778 0
      vertex 5.15884 -2.86074 0
    endloop
  endfacet
  facet normal -0.555568 0.831471 0
    outer loop
      vertex 4.375 -3.18542 0
      vertex 4.02153 -3.4216 5
      vertex 4.375 -3.18542 5
    endloop
  endfacet
  facet normal -0.555568 0.831471 0
    outer loop
      vertex 4.02153 -3.4216 5
      vertex 4.375 -3.18542 0
      vertex 4.02153 -3.4216 0
    endloop
  endfacet
  facet normal -0.442295 0.896869 0
    outer loop
      vertex 4.75628 -2.99739 0
      vertex 4.375 -3.18542 5
      vertex 4.75628 -2.99739 5
    endloop
  endfacet
  facet normal -0.442295 0.896869 0
    outer loop
      vertex 4.375 -3.18542 5
      vertex 4.75628 -2.99739 0
      vertex 4.375 -3.18542 0
    endloop
  endfacet
  facet normal 0.99786 -0.0653933 0
    outer loop
      vertex 9.2222 -6.42421 5
      vertex 9.25 -6 0
      vertex 9.25 -6 5
    endloop
  endfacet
  facet normal 0.99786 -0.0653933 0
    outer loop
      vertex 9.25 -6 0
      vertex 9.2222 -6.42421 5
      vertex 9.2222 -6.42421 0
    endloop
  endfacet
  facet normal 0.195098 -0.980784 0
    outer loop
      vertex 6.42421 -9.2222 0
      vertex 6.84116 -9.13926 5
      vertex 6.42421 -9.2222 5
    endloop
  endfacet
  facet normal 0.195098 -0.980784 0
    outer loop
      vertex 6.84116 -9.13926 5
      vertex 6.42421 -9.2222 0
      vertex 6.84116 -9.13926 0
    endloop
  endfacet
  facet normal 0.751849 -0.659335 0
    outer loop
      vertex 8.2981 -8.2981 5
      vertex 8.5784 -7.97847 0
      vertex 8.5784 -7.97847 5
    endloop
  endfacet
  facet normal 0.751849 -0.659335 0
    outer loop
      vertex 8.5784 -7.97847 0
      vertex 8.2981 -8.2981 5
      vertex 8.2981 -8.2981 0
    endloop
  endfacet
  facet normal 0.659335 -0.751849 0
    outer loop
      vertex 7.97847 -8.5784 0
      vertex 8.2981 -8.2981 5
      vertex 7.97847 -8.5784 5
    endloop
  endfacet
  facet normal 0.659335 -0.751849 0
    outer loop
      vertex 8.2981 -8.2981 5
      vertex 7.97847 -8.5784 0
      vertex 8.2981 -8.2981 0
    endloop
  endfacet
  facet normal 0.442295 -0.896869 0
    outer loop
      vertex 7.24372 -9.00261 0
      vertex 7.625 -8.81458 5
      vertex 7.24372 -9.00261 5
    endloop
  endfacet
  facet normal 0.442295 -0.896869 0
    outer loop
      vertex 7.625 -8.81458 5
      vertex 7.24372 -9.00261 0
      vertex 7.625 -8.81458 0
    endloop
  endfacet
  facet normal -0.321438 -0.946931 0
    outer loop
      vertex 4.75628 -9.00261 0
      vertex 5.15884 -9.13926 5
      vertex 4.75628 -9.00261 5
    endloop
  endfacet
  facet normal -0.321438 -0.946931 -0
    outer loop
      vertex 5.15884 -9.13926 5
      vertex 4.75628 -9.00261 0
      vertex 5.15884 -9.13926 0
    endloop
  endfacet
  facet normal -0.555568 -0.831471 0
    outer loop
      vertex 4.02153 -8.5784 0
      vertex 4.375 -8.81458 5
      vertex 4.02153 -8.5784 5
    endloop
  endfacet
  facet normal -0.555568 -0.831471 -0
    outer loop
      vertex 4.375 -8.81458 5
      vertex 4.02153 -8.5784 0
      vertex 4.375 -8.81458 0
    endloop
  endfacet
  facet normal -0.980784 -0.195098 0
    outer loop
      vertex 2.86074 -6.84116 0
      vertex 2.7778 -6.42421 5
      vertex 2.7778 -6.42421 0
    endloop
  endfacet
  facet normal -0.980784 -0.195098 0
    outer loop
      vertex 2.7778 -6.42421 5
      vertex 2.86074 -6.84116 0
      vertex 2.86074 -6.84116 5
    endloop
  endfacet
  facet normal -0.896869 -0.442295 0
    outer loop
      vertex 3.18542 -7.625 0
      vertex 2.99739 -7.24372 5
      vertex 2.99739 -7.24372 0
    endloop
  endfacet
  facet normal -0.896869 -0.442295 0
    outer loop
      vertex 2.99739 -7.24372 5
      vertex 3.18542 -7.625 0
      vertex 3.18542 -7.625 5
    endloop
  endfacet
  facet normal 0.980784 0.195098 0
    outer loop
      vertex 9.2222 -5.57579 5
      vertex 9.13926 -5.15884 0
      vertex 9.13926 -5.15884 5
    endloop
  endfacet
  facet normal 0.980784 0.195098 0
    outer loop
      vertex 9.13926 -5.15884 0
      vertex 9.2222 -5.57579 5
      vertex 9.2222 -5.57579 0
    endloop
  endfacet
  facet normal 0.980784 -0.195098 0
    outer loop
      vertex 9.13926 -6.84116 5
      vertex 9.2222 -6.42421 0
      vertex 9.2222 -6.42421 5
    endloop
  endfacet
  facet normal 0.980784 -0.195098 0
    outer loop
      vertex 9.2222 -6.42421 0
      vertex 9.13926 -6.84116 5
      vertex 9.13926 -6.84116 0
    endloop
  endfacet
  facet normal 0.896869 -0.442295 0
    outer loop
      vertex 8.81458 -7.625 5
      vertex 9.00261 -7.24372 0
      vertex 9.00261 -7.24372 5
    endloop
  endfacet
  facet normal 0.896869 -0.442295 0
    outer loop
      vertex 9.00261 -7.24372 0
      vertex 8.81458 -7.625 5
      vertex 8.81458 -7.625 0
    endloop
  endfacet
  facet normal 0.321438 -0.946931 0
    outer loop
      vertex 6.84116 -9.13926 0
      vertex 7.24372 -9.00261 5
      vertex 6.84116 -9.13926 5
    endloop
  endfacet
  facet normal 0.321438 -0.946931 0
    outer loop
      vertex 7.24372 -9.00261 5
      vertex 6.84116 -9.13926 0
      vertex 7.24372 -9.00261 0
    endloop
  endfacet
  facet normal 0.555568 -0.831471 0
    outer loop
      vertex 7.625 -8.81458 0
      vertex 7.97847 -8.5784 5
      vertex 7.625 -8.81458 5
    endloop
  endfacet
  facet normal 0.555568 -0.831471 0
    outer loop
      vertex 7.97847 -8.5784 5
      vertex 7.625 -8.81458 0
      vertex 7.97847 -8.5784 0
    endloop
  endfacet
  facet normal -0.195098 -0.980784 0
    outer loop
      vertex 5.15884 -9.13926 0
      vertex 5.57579 -9.2222 5
      vertex 5.15884 -9.13926 5
    endloop
  endfacet
  facet normal -0.195098 -0.980784 -0
    outer loop
      vertex 5.57579 -9.2222 5
      vertex 5.15884 -9.13926 0
      vertex 5.57579 -9.2222 0
    endloop
  endfacet
  facet normal -0.442295 -0.896869 0
    outer loop
      vertex 4.375 -8.81458 0
      vertex 4.75628 -9.00261 5
      vertex 4.375 -8.81458 5
    endloop
  endfacet
  facet normal -0.442295 -0.896869 -0
    outer loop
      vertex 4.75628 -9.00261 5
      vertex 4.375 -8.81458 0
      vertex 4.75628 -9.00261 0
    endloop
  endfacet
  facet normal -0.946931 -0.321438 0
    outer loop
      vertex 2.99739 -7.24372 0
      vertex 2.86074 -6.84116 5
      vertex 2.86074 -6.84116 0
    endloop
  endfacet
  facet normal -0.946931 -0.321438 0
    outer loop
      vertex 2.86074 -6.84116 5
      vertex 2.99739 -7.24372 0
      vertex 2.99739 -7.24372 5
    endloop
  endfacet
  facet normal -0.831471 -0.555568 0
    outer loop
      vertex 3.4216 -7.97847 0
      vertex 3.18542 -7.625 5
      vertex 3.18542 -7.625 0
    endloop
  endfacet
  facet normal -0.831471 -0.555568 0
    outer loop
      vertex 3.18542 -7.625 5
      vertex 3.4216 -7.97847 0
      vertex 3.4216 -7.97847 5
    endloop
  endfacet
  facet normal -0.532047 -0.846715 0
    outer loop
      vertex 6.60744 -4.73864 0
      vertex 6.87289 -4.90544 5
      vertex 6.60744 -4.73864 5
    endloop
  endfacet
  facet normal -0.532047 -0.846715 -0
    outer loop
      vertex 6.87289 -4.90544 5
      vertex 6.60744 -4.73864 0
      vertex 6.87289 -4.90544 0
    endloop
  endfacet
  facet normal 0.943887 -0.330269 0
    outer loop
      vertex 4.6351 -5.68847 5
      vertex 4.73864 -5.39256 0
      vertex 4.73864 -5.39256 5
    endloop
  endfacet
  facet normal 0.943887 -0.330269 0
    outer loop
      vertex 4.73864 -5.39256 0
      vertex 4.6351 -5.68847 5
      vertex 4.6351 -5.68847 0
    endloop
  endfacet
  facet normal -0.993713 0.111961 0
    outer loop
      vertex 7.3649 -6.31153 0
      vertex 7.4 -6 5
      vertex 7.4 -6 0
    endloop
  endfacet
  facet normal -0.993713 0.111961 0
    outer loop
      vertex 7.4 -6 5
      vertex 7.3649 -6.31153 0
      vertex 7.3649 -6.31153 5
    endloop
  endfacet
  facet normal 0.330269 0.943887 -0
    outer loop
      vertex 5.68847 -7.3649 0
      vertex 5.39256 -7.26136 5
      vertex 5.68847 -7.3649 5
    endloop
  endfacet
  facet normal 0.330269 0.943887 0
    outer loop
      vertex 5.39256 -7.26136 5
      vertex 5.68847 -7.3649 0
      vertex 5.39256 -7.26136 0
    endloop
  endfacet
  facet normal -0.943887 -0.330269 0
    outer loop
      vertex 7.3649 -5.68847 0
      vertex 7.26136 -5.39256 5
      vertex 7.26136 -5.39256 0
    endloop
  endfacet
  facet normal -0.943887 -0.330269 0
    outer loop
      vertex 7.26136 -5.39256 5
      vertex 7.3649 -5.68847 0
      vertex 7.3649 -5.68847 5
    endloop
  endfacet
  facet normal 0.330269 -0.943887 0
    outer loop
      vertex 5.39256 -4.73864 0
      vertex 5.68847 -4.6351 5
      vertex 5.39256 -4.73864 5
    endloop
  endfacet
  facet normal 0.330269 -0.943887 0
    outer loop
      vertex 5.68847 -4.6351 5
      vertex 5.39256 -4.73864 0
      vertex 5.68847 -4.6351 0
    endloop
  endfacet
  facet normal 0.846715 -0.532047 0
    outer loop
      vertex 4.73864 -5.39256 5
      vertex 4.90544 -5.12711 0
      vertex 4.90544 -5.12711 5
    endloop
  endfacet
  facet normal 0.846715 -0.532047 0
    outer loop
      vertex 4.90544 -5.12711 0
      vertex 4.73864 -5.39256 5
      vertex 4.73864 -5.39256 0
    endloop
  endfacet
  facet normal 0.532047 -0.846715 0
    outer loop
      vertex 5.12711 -4.90544 0
      vertex 5.39256 -4.73864 5
      vertex 5.12711 -4.90544 5
    endloop
  endfacet
  facet normal 0.532047 -0.846715 0
    outer loop
      vertex 5.39256 -4.73864 5
      vertex 5.12711 -4.90544 0
      vertex 5.39256 -4.73864 0
    endloop
  endfacet
  facet normal -0.846715 -0.532047 0
    outer loop
      vertex 7.26136 -5.39256 0
      vertex 7.09456 -5.12711 5
      vertex 7.09456 -5.12711 0
    endloop
  endfacet
  facet normal -0.846715 -0.532047 0
    outer loop
      vertex 7.09456 -5.12711 5
      vertex 7.26136 -5.39256 0
      vertex 7.26136 -5.39256 5
    endloop
  endfacet
  facet normal -0.707107 -0.707107 0
    outer loop
      vertex 7.09456 -5.12711 0
      vertex 6.87289 -4.90544 5
      vertex 6.87289 -4.90544 0
    endloop
  endfacet
  facet normal -0.707107 -0.707107 0
    outer loop
      vertex 6.87289 -4.90544 5
      vertex 7.09456 -5.12711 0
      vertex 7.09456 -5.12711 5
    endloop
  endfacet
  facet normal -0.111961 -0.993713 0
    outer loop
      vertex 6 -4.6 0
      vertex 6.31153 -4.6351 5
      vertex 6 -4.6 5
    endloop
  endfacet
  facet normal -0.111961 -0.993713 -0
    outer loop
      vertex 6.31153 -4.6351 5
      vertex 6 -4.6 0
      vertex 6.31153 -4.6351 0
    endloop
  endfacet
  facet normal -0.330269 -0.943887 0
    outer loop
      vertex 6.31153 -4.6351 0
      vertex 6.60744 -4.73864 5
      vertex 6.31153 -4.6351 5
    endloop
  endfacet
  facet normal -0.330269 -0.943887 -0
    outer loop
      vertex 6.60744 -4.73864 5
      vertex 6.31153 -4.6351 0
      vertex 6.60744 -4.73864 0
    endloop
  endfacet
  facet normal 0.993713 -0.111961 0
    outer loop
      vertex 4.6 -6 5
      vertex 4.6351 -5.68847 0
      vertex 4.6351 -5.68847 5
    endloop
  endfacet
  facet normal 0.993713 -0.111961 0
    outer loop
      vertex 4.6351 -5.68847 0
      vertex 4.6 -6 5
      vertex 4.6 -6 0
    endloop
  endfacet
  facet normal 0.707107 -0.707107 0
    outer loop
      vertex 4.90544 -5.12711 5
      vertex 5.12711 -4.90544 0
      vertex 5.12711 -4.90544 5
    endloop
  endfacet
  facet normal 0.707107 -0.707107 0
    outer loop
      vertex 5.12711 -4.90544 0
      vertex 4.90544 -5.12711 5
      vertex 4.90544 -5.12711 0
    endloop
  endfacet
  facet normal 0.111961 -0.993713 0
    outer loop
      vertex 5.68847 -4.6351 0
      vertex 6 -4.6 5
      vertex 5.68847 -4.6351 5
    endloop
  endfacet
  facet normal 0.111961 -0.993713 0
    outer loop
      vertex 6 -4.6 5
      vertex 5.68847 -4.6351 0
      vertex 6 -4.6 0
    endloop
  endfacet
  facet normal -0.993713 -0.111961 0
    outer loop
      vertex 7.4 -6 0
      vertex 7.3649 -5.68847 5
      vertex 7.3649 -5.68847 0
    endloop
  endfacet
  facet normal -0.993713 -0.111961 0
    outer loop
      vertex 7.3649 -5.68847 5
      vertex 7.4 -6 0
      vertex 7.4 -6 5
    endloop
  endfacet
  facet normal -0.111961 0.993713 0
    outer loop
      vertex 6.31153 -7.3649 0
      vertex 6 -7.4 5
      vertex 6.31153 -7.3649 5
    endloop
  endfacet
  facet normal -0.111961 0.993713 0
    outer loop
      vertex 6 -7.4 5
      vertex 6.31153 -7.3649 0
      vertex 6 -7.4 0
    endloop
  endfacet
  facet normal -0.846715 0.532047 0
    outer loop
      vertex 7.09456 -6.87289 0
      vertex 7.26136 -6.60744 5
      vertex 7.26136 -6.60744 0
    endloop
  endfacet
  facet normal -0.846715 0.532047 0
    outer loop
      vertex 7.26136 -6.60744 5
      vertex 7.09456 -6.87289 0
      vertex 7.09456 -6.87289 5
    endloop
  endfacet
  facet normal -0.943887 0.330269 0
    outer loop
      vertex 7.26136 -6.60744 0
      vertex 7.3649 -6.31153 5
      vertex 7.3649 -6.31153 0
    endloop
  endfacet
  facet normal -0.943887 0.330269 0
    outer loop
      vertex 7.3649 -6.31153 5
      vertex 7.26136 -6.60744 0
      vertex 7.26136 -6.60744 5
    endloop
  endfacet
  facet normal -0.330269 0.943887 0
    outer loop
      vertex 6.60744 -7.26136 0
      vertex 6.31153 -7.3649 5
      vertex 6.60744 -7.26136 5
    endloop
  endfacet
  facet normal -0.330269 0.943887 0
    outer loop
      vertex 6.31153 -7.3649 5
      vertex 6.60744 -7.26136 0
      vertex 6.31153 -7.3649 0
    endloop
  endfacet
  facet normal -0.532047 0.846715 0
    outer loop
      vertex 6.87289 -7.09456 0
      vertex 6.60744 -7.26136 5
      vertex 6.87289 -7.09456 5
    endloop
  endfacet
  facet normal -0.532047 0.846715 0
    outer loop
      vertex 6.60744 -7.26136 5
      vertex 6.87289 -7.09456 0
      vertex 6.60744 -7.26136 0
    endloop
  endfacet
  facet normal 0.111961 0.993713 -0
    outer loop
      vertex 6 -7.4 0
      vertex 5.68847 -7.3649 5
      vertex 6 -7.4 5
    endloop
  endfacet
  facet normal 0.111961 0.993713 0
    outer loop
      vertex 5.68847 -7.3649 5
      vertex 6 -7.4 0
      vertex 5.68847 -7.3649 0
    endloop
  endfacet
  facet normal 0.707107 0.707107 0
    outer loop
      vertex 5.12711 -7.09456 5
      vertex 4.90544 -6.87289 0
      vertex 4.90544 -6.87289 5
    endloop
  endfacet
  facet normal 0.707107 0.707107 0
    outer loop
      vertex 4.90544 -6.87289 0
      vertex 5.12711 -7.09456 5
      vertex 5.12711 -7.09456 0
    endloop
  endfacet
  facet normal 0.846715 0.532047 0
    outer loop
      vertex 4.90544 -6.87289 5
      vertex 4.73864 -6.60744 0
      vertex 4.73864 -6.60744 5
    endloop
  endfacet
  facet normal 0.846715 0.532047 0
    outer loop
      vertex 4.73864 -6.60744 0
      vertex 4.90544 -6.87289 5
      vertex 4.90544 -6.87289 0
    endloop
  endfacet
  facet normal 0.993713 0.111961 0
    outer loop
      vertex 4.6351 -6.31153 5
      vertex 4.6 -6 0
      vertex 4.6 -6 5
    endloop
  endfacet
  facet normal 0.993713 0.111961 0
    outer loop
      vertex 4.6 -6 0
      vertex 4.6351 -6.31153 5
      vertex 4.6351 -6.31153 0
    endloop
  endfacet
  facet normal -0.707107 0.707107 0
    outer loop
      vertex 6.87289 -7.09456 0
      vertex 7.09456 -6.87289 5
      vertex 7.09456 -6.87289 0
    endloop
  endfacet
  facet normal -0.707107 0.707107 0
    outer loop
      vertex 7.09456 -6.87289 5
      vertex 6.87289 -7.09456 0
      vertex 6.87289 -7.09456 5
    endloop
  endfacet
  facet normal 0.532047 0.846715 -0
    outer loop
      vertex 5.39256 -7.26136 0
      vertex 5.12711 -7.09456 5
      vertex 5.39256 -7.26136 5
    endloop
  endfacet
  facet normal 0.532047 0.846715 0
    outer loop
      vertex 5.12711 -7.09456 5
      vertex 5.39256 -7.26136 0
      vertex 5.12711 -7.09456 0
    endloop
  endfacet
  facet normal 0.943887 0.330269 0
    outer loop
      vertex 4.73864 -6.60744 5
      vertex 4.6351 -6.31153 0
      vertex 4.6351 -6.31153 5
    endloop
  endfacet
  facet normal 0.943887 0.330269 0
    outer loop
      vertex 4.6351 -6.31153 0
      vertex 4.73864 -6.60744 5
      vertex 4.73864 -6.60744 0
    endloop
  endfacet
  facet normal 0.555568 0.831471 -0
    outer loop
      vertex 7.97847 8.5784 0
      vertex 7.625 8.81458 5
      vertex 7.97847 8.5784 5
    endloop
  endfacet
  facet normal 0.555568 0.831471 0
    outer loop
      vertex 7.625 8.81458 5
      vertex 7.97847 8.5784 0
      vertex 7.625 8.81458 0
    endloop
  endfacet
  facet normal -0.321438 0.946931 0
    outer loop
      vertex 5.15884 9.13926 0
      vertex 4.75628 9.00261 5
      vertex 5.15884 9.13926 5
    endloop
  endfacet
  facet normal -0.321438 0.946931 0
    outer loop
      vertex 4.75628 9.00261 5
      vertex 5.15884 9.13926 0
      vertex 4.75628 9.00261 0
    endloop
  endfacet
  facet normal -0.896869 0.442295 0
    outer loop
      vertex 2.99739 7.24372 0
      vertex 3.18542 7.625 5
      vertex 3.18542 7.625 0
    endloop
  endfacet
  facet normal -0.896869 0.442295 0
    outer loop
      vertex 3.18542 7.625 5
      vertex 2.99739 7.24372 0
      vertex 2.99739 7.24372 5
    endloop
  endfacet
  facet normal 0.896869 0.442295 0
    outer loop
      vertex 9.00261 7.24372 5
      vertex 8.81458 7.625 0
      vertex 8.81458 7.625 5
    endloop
  endfacet
  facet normal 0.896869 0.442295 0
    outer loop
      vertex 8.81458 7.625 0
      vertex 9.00261 7.24372 5
      vertex 9.00261 7.24372 0
    endloop
  endfacet
  facet normal 0.831471 0.555568 0
    outer loop
      vertex 8.81458 7.625 5
      vertex 8.5784 7.97847 0
      vertex 8.5784 7.97847 5
    endloop
  endfacet
  facet normal 0.831471 0.555568 0
    outer loop
      vertex 8.5784 7.97847 0
      vertex 8.81458 7.625 5
      vertex 8.81458 7.625 0
    endloop
  endfacet
  facet normal 0.442295 0.896869 -0
    outer loop
      vertex 7.625 8.81458 0
      vertex 7.24372 9.00261 5
      vertex 7.625 8.81458 5
    endloop
  endfacet
  facet normal 0.442295 0.896869 0
    outer loop
      vertex 7.24372 9.00261 5
      vertex 7.625 8.81458 0
      vertex 7.24372 9.00261 0
    endloop
  endfacet
  facet normal 0.0653933 0.99786 -0
    outer loop
      vertex 6.42421 9.2222 0
      vertex 6 9.25 5
      vertex 6.42421 9.2222 5
    endloop
  endfacet
  facet normal 0.0653933 0.99786 0
    outer loop
      vertex 6 9.25 5
      vertex 6.42421 9.2222 0
      vertex 6 9.25 0
    endloop
  endfacet
  facet normal -0.99786 0.0653933 0
    outer loop
      vertex 2.75 6 0
      vertex 2.7778 6.42421 5
      vertex 2.7778 6.42421 0
    endloop
  endfacet
  facet normal -0.99786 0.0653933 0
    outer loop
      vertex 2.7778 6.42421 5
      vertex 2.75 6 0
      vertex 2.75 6 5
    endloop
  endfacet
  facet normal -0.751849 0.659335 0
    outer loop
      vertex 3.4216 7.97847 0
      vertex 3.7019 8.2981 5
      vertex 3.7019 8.2981 0
    endloop
  endfacet
  facet normal -0.751849 0.659335 0
    outer loop
      vertex 3.7019 8.2981 5
      vertex 3.4216 7.97847 0
      vertex 3.4216 7.97847 5
    endloop
  endfacet
  facet normal -0.0653933 0.99786 0
    outer loop
      vertex 6 9.25 0
      vertex 5.57579 9.2222 5
      vertex 6 9.25 5
    endloop
  endfacet
  facet normal -0.0653933 0.99786 0
    outer loop
      vertex 5.57579 9.2222 5
      vertex 6 9.25 0
      vertex 5.57579 9.2222 0
    endloop
  endfacet
  facet normal -0.659335 0.751849 0
    outer loop
      vertex 4.02153 8.5784 0
      vertex 3.7019 8.2981 5
      vertex 4.02153 8.5784 5
    endloop
  endfacet
  facet normal -0.659335 0.751849 0
    outer loop
      vertex 3.7019 8.2981 5
      vertex 4.02153 8.5784 0
      vertex 3.7019 8.2981 0
    endloop
  endfacet
  facet normal 0.99786 0.0653933 0
    outer loop
      vertex 9.25 6 5
      vertex 9.2222 6.42421 0
      vertex 9.2222 6.42421 5
    endloop
  endfacet
  facet normal 0.99786 0.0653933 0
    outer loop
      vertex 9.2222 6.42421 0
      vertex 9.25 6 5
      vertex 9.25 6 0
    endloop
  endfacet
  facet normal 0.0653933 -0.99786 0
    outer loop
      vertex 6 2.75 0
      vertex 6.42421 2.7778 5
      vertex 6 2.75 5
    endloop
  endfacet
  facet normal 0.0653933 -0.99786 0
    outer loop
      vertex 6.42421 2.7778 5
      vertex 6 2.75 0
      vertex 6.42421 2.7778 0
    endloop
  endfacet
  facet normal 0.831471 -0.555568 0
    outer loop
      vertex 8.5784 4.02153 5
      vertex 8.81458 4.375 0
      vertex 8.81458 4.375 5
    endloop
  endfacet
  facet normal 0.831471 -0.555568 0
    outer loop
      vertex 8.81458 4.375 0
      vertex 8.5784 4.02153 5
      vertex 8.5784 4.02153 0
    endloop
  endfacet
  facet normal 0.946931 -0.321438 0
    outer loop
      vertex 9.00261 4.75628 5
      vertex 9.13926 5.15884 0
      vertex 9.13926 5.15884 5
    endloop
  endfacet
  facet normal 0.946931 -0.321438 0
    outer loop
      vertex 9.13926 5.15884 0
      vertex 9.00261 4.75628 5
      vertex 9.00261 4.75628 0
    endloop
  endfacet
  facet normal -0.0653933 -0.99786 0
    outer loop
      vertex 5.57579 2.7778 0
      vertex 6 2.75 5
      vertex 5.57579 2.7778 5
    endloop
  endfacet
  facet normal -0.0653933 -0.99786 -0
    outer loop
      vertex 6 2.75 5
      vertex 5.57579 2.7778 0
      vertex 6 2.75 0
    endloop
  endfacet
  facet normal -0.659335 -0.751849 0
    outer loop
      vertex 3.7019 3.7019 0
      vertex 4.02153 3.4216 5
      vertex 3.7019 3.7019 5
    endloop
  endfacet
  facet normal -0.659335 -0.751849 -0
    outer loop
      vertex 4.02153 3.4216 5
      vertex 3.7019 3.7019 0
      vertex 4.02153 3.4216 0
    endloop
  endfacet
  facet normal -0.99786 -0.0653933 0
    outer loop
      vertex 2.7778 5.57579 0
      vertex 2.75 6 5
      vertex 2.75 6 0
    endloop
  endfacet
  facet normal -0.99786 -0.0653933 0
    outer loop
      vertex 2.75 6 5
      vertex 2.7778 5.57579 0
      vertex 2.7778 5.57579 5
    endloop
  endfacet
  facet normal 0 0 -1
    outer loop
      vertex 7.4 6 0
      vertex 9.25 6 0
      vertex 9.2222 5.57579 0
    endloop
  endfacet
  facet normal 0 0 -1
    outer loop
      vertex 7.3649 5.68847 0
      vertex 9.2222 5.57579 0
      vertex 9.13926 5.15884 0
    endloop
  endfacet
  facet normal 0 0 -1
    outer loop
      vertex 9.25 6 0
      vertex 7.4 6 0
      vertex 9.2222 6.42421 0
    endloop
  endfacet
  facet normal 0 0 -1
    outer loop
      vertex 7.3649 5.68847 0
      vertex 9.13926 5.15884 0
      vertex 9.00261 4.75628 0
    endloop
  endfacet
  facet normal 0 0 -1
    outer loop
      vertex 7.3649 6.31153 0
      vertex 9.2222 6.42421 0
      vertex 7.4 6 0
    endloop
  endfacet
  facet normal 0 0 -1
    outer loop
      vertex 7.26136 5.39256 0
      vertex 9.00261 4.75628 0
      vertex 8.81458 4.375 0
    endloop
  endfacet
  facet normal -0 0 -1
    outer loop
      vertex 9.2222 6.42421 0
      vertex 7.3649 6.31153 0
      vertex 9.13926 6.84116 0
    endloop
  endfacet
  facet normal 0 0 -1
    outer loop
      vertex 7.09456 5.12711 0
      vertex 8.81458 4.375 0
      vertex 8.5784 4.02153 0
    endloop
  endfacet
  facet normal -0 0 -1
    outer loop
      vertex 9.13926 6.84116 0
      vertex 7.3649 6.31153 0
      vertex 9.00261 7.24372 0
    endloop
  endfacet
  facet normal 0 0 -1
    outer loop
      vertex 7.09456 5.12711 0
      vertex 8.5784 4.02153 0
      vertex 8.2981 3.7019 0
    endloop
  endfacet
  facet normal 0 0 -1
    outer loop
      vertex 7.26136 6.60744 0
      vertex 9.00261 7.24372 0
      vertex 7.3649 6.31153 0
    endloop
  endfacet
  facet normal 0 0 -1
    outer loop
      vertex 6.87289 4.90544 0
      vertex 8.2981 3.7019 0
      vertex 7.97847 3.4216 0
    endloop
  endfacet
  facet normal -0 0 -1
    outer loop
      vertex 9.00261 7.24372 0
      vertex 7.26136 6.60744 0
      vertex 8.81458 7.625 0
    endloop
  endfacet
  facet normal 0 0 -1
    outer loop
      vertex 6.87289 4.90544 0
      vertex 7.97847 3.4216 0
      vertex 7.625 3.18542 0
    endloop
  endfacet
  facet normal 0 0 -1
    outer loop
      vertex 7.09456 6.87289 0
      vertex 8.81458 7.625 0
      vertex 7.26136 6.60744 0
    endloop
  endfacet
  facet normal -0 0 -1
    outer loop
      vertex 8.81458 7.625 0
      vertex 7.09456 6.87289 0
      vertex 8.5784 7.97847 0
    endloop
  endfacet
  facet normal 0 0 -1
    outer loop
      vertex 9.2222 5.57579 0
      vertex 7.3649 5.68847 0
      vertex 7.4 6 0
    endloop
  endfacet
  facet normal 0 0 -1
    outer loop
      vertex 9.00261 4.75628 0
      vertex 7.26136 5.39256 0
      vertex 7.3649 5.68847 0
    endloop
  endfacet
  facet normal 0 0 -1
    outer loop
      vertex 6.60744 4.73864 0
      vertex 7.625 3.18542 0
      vertex 7.24372 2.99739 0
    endloop
  endfacet
  facet normal 0 0 -1
    outer loop
      vertex 8.81458 4.375 0
      vertex 7.09456 5.12711 0
      vertex 7.26136 5.39256 0
    endloop
  endfacet
  facet normal 0 0 -1
    outer loop
      vertex 8.2981 3.7019 0
      vertex 6.87289 4.90544 0
      vertex 7.09456 5.12711 0
    endloop
  endfacet
  facet normal 0 0 -1
    outer loop
      vertex 6.31153 4.6351 0
      vertex 7.24372 2.99739 0
      vertex 6.84116 2.86074 0
    endloop
  endfacet
  facet normal 0 0 -1
    outer loop
      vertex 7.625 3.18542 0
      vertex 6.60744 4.73864 0
      vertex 6.87289 4.90544 0
    endloop
  endfacet
  facet normal 0 0 -1
    outer loop
      vertex 6.31153 4.6351 0
      vertex 6.84116 2.86074 0
      vertex 6.42421 2.7778 0
    endloop
  endfacet
  facet normal 0 0 -1
    outer loop
      vertex 7.24372 2.99739 0
      vertex 6.31153 4.6351 0
      vertex 6.60744 4.73864 0
    endloop
  endfacet
  facet normal 0 0 -1
    outer loop
      vertex 6 4.6 0
      vertex 6.42421 2.7778 0
      vertex 6 2.75 0
    endloop
  endfacet
  facet normal 0 0 -1
    outer loop
      vertex 6.42421 2.7778 0
      vertex 6 4.6 0
      vertex 6.31153 4.6351 0
    endloop
  endfacet
  facet normal 0 0 -1
    outer loop
      vertex 5.57579 2.7778 0
      vertex 6 4.6 0
      vertex 6 2.75 0
    endloop
  endfacet
  facet normal -0 0 -1
    outer loop
      vertex 6 4.6 0
      vertex 5.57579 2.7778 0
      vertex 5.68847 4.6351 0
    endloop
  endfacet
  facet normal 0 0 -1
    outer loop
      vertex 5.15884 2.86074 0
      vertex 5.68847 4.6351 0
      vertex 5.57579 2.7778 0
    endloop
  endfacet
  facet normal 0 0 -1
    outer loop
      vertex 4.75628 2.99739 0
      vertex 5.68847 4.6351 0
      vertex 5.15884 2.86074 0
    endloop
  endfacet
  facet normal -0 0 -1
    outer loop
      vertex 5.68847 4.6351 0
      vertex 4.75628 2.99739 0
      vertex 5.39256 4.73864 0
    endloop
  endfacet
  facet normal 0 0 -1
    outer loop
      vertex 4.375 3.18542 0
      vertex 5.39256 4.73864 0
      vertex 4.75628 2.99739 0
    endloop
  endfacet
  facet normal -0 0 -1
    outer loop
      vertex 5.39256 4.73864 0
      vertex 4.375 3.18542 0
      vertex 5.12711 4.90544 0
    endloop
  endfacet
  facet normal 0 0 -1
    outer loop
      vertex 4.02153 3.4216 0
      vertex 5.12711 4.90544 0
      vertex 4.375 3.18542 0
    endloop
  endfacet
  facet normal 0 0 -1
    outer loop
      vertex 3.7019 3.7019 0
      vertex 5.12711 4.90544 0
      vertex 4.02153 3.4216 0
    endloop
  endfacet
  facet normal -0 0 -1
    outer loop
      vertex 5.12711 4.90544 0
      vertex 3.7019 3.7019 0
      vertex 4.90544 5.12711 0
    endloop
  endfacet
  facet normal 0 0 -1
    outer loop
      vertex 3.4216 4.02153 0
      vertex 4.90544 5.12711 0
      vertex 3.7019 3.7019 0
    endloop
  endfacet
  facet normal -0 0 -1
    outer loop
      vertex 8.5784 7.97847 0
      vertex 7.09456 6.87289 0
      vertex 8.2981 8.2981 0
    endloop
  endfacet
  facet normal 0 0 -1
    outer loop
      vertex 6.87289 7.09456 0
      vertex 8.2981 8.2981 0
      vertex 7.09456 6.87289 0
    endloop
  endfacet
  facet normal -0 0 -1
    outer loop
      vertex 8.2981 8.2981 0
      vertex 6.87289 7.09456 0
      vertex 7.97847 8.5784 0
    endloop
  endfacet
  facet normal -0 0 -1
    outer loop
      vertex 7.97847 8.5784 0
      vertex 6.87289 7.09456 0
      vertex 7.625 8.81458 0
    endloop
  endfacet
  facet normal 0 0 -1
    outer loop
      vertex 6.60744 7.26136 0
      vertex 7.625 8.81458 0
      vertex 6.87289 7.09456 0
    endloop
  endfacet
  facet normal -0 0 -1
    outer loop
      vertex 7.625 8.81458 0
      vertex 6.60744 7.26136 0
      vertex 7.24372 9.00261 0
    endloop
  endfacet
  facet normal 0 0 -1
    outer loop
      vertex 6.31153 7.3649 0
      vertex 7.24372 9.00261 0
      vertex 6.60744 7.26136 0
    endloop
  endfacet
  facet normal -0 0 -1
    outer loop
      vertex 7.24372 9.00261 0
      vertex 6.31153 7.3649 0
      vertex 6.84116 9.13926 0
    endloop
  endfacet
  facet normal -0 0 -1
    outer loop
      vertex 6.84116 9.13926 0
      vertex 6.31153 7.3649 0
      vertex 6.42421 9.2222 0
    endloop
  endfacet
  facet normal 0 0 -1
    outer loop
      vertex 6 7.4 0
      vertex 6.42421 9.2222 0
      vertex 6.31153 7.3649 0
    endloop
  endfacet
  facet normal 0 0 -1
    outer loop
      vertex 6 7.4 0
      vertex 6 9.25 0
      vertex 6.42421 9.2222 0
    endloop
  endfacet
  facet normal 0 0 -1
    outer loop
      vertex 5.57579 9.2222 0
      vertex 6 7.4 0
      vertex 5.68847 7.3649 0
    endloop
  endfacet
  facet normal 0 0 -1
    outer loop
      vertex 6 7.4 0
      vertex 5.57579 9.2222 0
      vertex 6 9.25 0
    endloop
  endfacet
  facet normal 0 0 -1
    outer loop
      vertex 4.75628 9.00261 0
      vertex 5.68847 7.3649 0
      vertex 5.39256 7.26136 0
    endloop
  endfacet
  facet normal 0 0 -1
    outer loop
      vertex 5.68847 7.3649 0
      vertex 5.15884 9.13926 0
      vertex 5.57579 9.2222 0
    endloop
  endfacet
  facet normal 0 0 -1
    outer loop
      vertex 4.375 8.81458 0
      vertex 5.39256 7.26136 0
      vertex 5.12711 7.09456 0
    endloop
  endfacet
  facet normal 0 0 -1
    outer loop
      vertex 3.7019 8.2981 0
      vertex 5.12711 7.09456 0
      vertex 4.90544 6.87289 0
    endloop
  endfacet
  facet normal 0 0 -1
    outer loop
      vertex 5.68847 7.3649 0
      vertex 4.75628 9.00261 0
      vertex 5.15884 9.13926 0
    endloop
  endfacet
  facet normal 0 0 -1
    outer loop
      vertex 3.18542 7.625 0
      vertex 4.90544 6.87289 0
      vertex 4.73864 6.60744 0
    endloop
  endfacet
  facet normal 0 0 -1
    outer loop
      vertex 2.99739 7.24372 0
      vertex 4.73864 6.60744 0
      vertex 4.6351 6.31153 0
    endloop
  endfacet
  facet normal 0 0 -1
    outer loop
      vertex 2.7778 6.42421 0
      vertex 4.6351 6.31153 0
      vertex 4.6 6 0
    endloop
  endfacet
  facet normal 0 0 -1
    outer loop
      vertex 3.18542 4.375 0
      vertex 4.90544 5.12711 0
      vertex 3.4216 4.02153 0
    endloop
  endfacet
  facet normal 0 0 -1
    outer loop
      vertex 5.39256 7.26136 0
      vertex 4.375 8.81458 0
      vertex 4.75628 9.00261 0
    endloop
  endfacet
  facet normal -0 0 -1
    outer loop
      vertex 4.90544 5.12711 0
      vertex 3.18542 4.375 0
      vertex 4.73864 5.39256 0
    endloop
  endfacet
  facet normal 0 0 -1
    outer loop
      vertex 5.12711 7.09456 0
      vertex 4.02153 8.5784 0
      vertex 4.375 8.81458 0
    endloop
  endfacet
  facet normal 0 0 -1
    outer loop
      vertex 2.99739 4.75628 0
      vertex 4.73864 5.39256 0
      vertex 3.18542 4.375 0
    endloop
  endfacet
  facet normal 0 0 -1
    outer loop
      vertex 5.12711 7.09456 0
      vertex 3.7019 8.2981 0
      vertex 4.02153 8.5784 0
    endloop
  endfacet
  facet normal -0 0 -1
    outer loop
      vertex 4.73864 5.39256 0
      vertex 2.99739 4.75628 0
      vertex 4.6351 5.68847 0
    endloop
  endfacet
  facet normal 0 0 -1
    outer loop
      vertex 4.90544 6.87289 0
      vertex 3.4216 7.97847 0
      vertex 3.7019 8.2981 0
    endloop
  endfacet
  facet normal 0 0 -1
    outer loop
      vertex 2.86074 5.15884 0
      vertex 4.6351 5.68847 0
      vertex 2.99739 4.75628 0
    endloop
  endfacet
  facet normal 0 0 -1
    outer loop
      vertex 4.90544 6.87289 0
      vertex 3.18542 7.625 0
      vertex 3.4216 7.97847 0
    endloop
  endfacet
  facet normal 0 0 -1
    outer loop
      vertex 2.7778 5.57579 0
      vertex 4.6351 5.68847 0
      vertex 2.86074 5.15884 0
    endloop
  endfacet
  facet normal 0 0 -1
    outer loop
      vertex 4.73864 6.60744 0
      vertex 2.99739 7.24372 0
      vertex 3.18542 7.625 0
    endloop
  endfacet
  facet normal -0 0 -1
    outer loop
      vertex 4.6351 5.68847 0
      vertex 2.7778 5.57579 0
      vertex 4.6 6 0
    endloop
  endfacet
  facet normal 0 0 -1
    outer loop
      vertex 4.6351 6.31153 0
      vertex 2.86074 6.84116 0
      vertex 2.99739 7.24372 0
    endloop
  endfacet
  facet normal 0 0 -1
    outer loop
      vertex 2.75 6 0
      vertex 4.6 6 0
      vertex 2.7778 5.57579 0
    endloop
  endfacet
  facet normal 0 0 -1
    outer loop
      vertex 4.6351 6.31153 0
      vertex 2.7778 6.42421 0
      vertex 2.86074 6.84116 0
    endloop
  endfacet
  facet normal 0 0 -1
    outer loop
      vertex 4.6 6 0
      vertex 2.75 6 0
      vertex 2.7778 6.42421 0
    endloop
  endfacet
  facet normal -0.751849 -0.659335 0
    outer loop
      vertex 3.7019 3.7019 0
      vertex 3.4216 4.02153 5
      vertex 3.4216 4.02153 0
    endloop
  endfacet
  facet normal -0.751849 -0.659335 0
    outer loop
      vertex 3.4216 4.02153 5
      vertex 3.7019 3.7019 0
      vertex 3.7019 3.7019 5
    endloop
  endfacet
  facet normal 0.946931 0.321438 0
    outer loop
      vertex 9.13926 6.84116 5
      vertex 9.00261 7.24372 0
      vertex 9.00261 7.24372 5
    endloop
  endfacet
  facet normal 0.946931 0.321438 0
    outer loop
      vertex 9.00261 7.24372 0
      vertex 9.13926 6.84116 5
      vertex 9.13926 6.84116 0
    endloop
  endfacet
  facet normal 0.751849 0.659335 0
    outer loop
      vertex 8.5784 7.97847 5
      vertex 8.2981 8.2981 0
      vertex 8.2981 8.2981 5
    endloop
  endfacet
  facet normal 0.751849 0.659335 0
    outer loop
      vertex 8.2981 8.2981 0
      vertex 8.5784 7.97847 5
      vertex 8.5784 7.97847 0
    endloop
  endfacet
  facet normal 0.659335 0.751849 -0
    outer loop
      vertex 8.2981 8.2981 0
      vertex 7.97847 8.5784 5
      vertex 8.2981 8.2981 5
    endloop
  endfacet
  facet normal 0.659335 0.751849 0
    outer loop
      vertex 7.97847 8.5784 5
      vertex 8.2981 8.2981 0
      vertex 7.97847 8.5784 0
    endloop
  endfacet
  facet normal 0.321438 0.946931 -0
    outer loop
      vertex 7.24372 9.00261 0
      vertex 6.84116 9.13926 5
      vertex 7.24372 9.00261 5
    endloop
  endfacet
  facet normal 0.321438 0.946931 0
    outer loop
      vertex 6.84116 9.13926 5
      vertex 7.24372 9.00261 0
      vertex 6.84116 9.13926 0
    endloop
  endfacet
  facet normal 0.195098 0.980784 -0
    outer loop
      vertex 6.84116 9.13926 0
      vertex 6.42421 9.2222 5
      vertex 6.84116 9.13926 5
    endloop
  endfacet
  facet normal 0.195098 0.980784 0
    outer loop
      vertex 6.42421 9.2222 5
      vertex 6.84116 9.13926 0
      vertex 6.42421 9.2222 0
    endloop
  endfacet
  facet normal 0 0 1
    outer loop
      vertex 7.4 6 5
      vertex 9.25 6 5
      vertex 9.2222 6.42421 5
    endloop
  endfacet
  facet normal 0 0 1
    outer loop
      vertex 7.3649 6.31153 5
      vertex 9.2222 6.42421 5
      vertex 9.13926 6.84116 5
    endloop
  endfacet
  facet normal 0 0 1
    outer loop
      vertex 9.25 6 5
      vertex 7.4 6 5
      vertex 9.2222 5.57579 5
    endloop
  endfacet
  facet normal 0 0 1
    outer loop
      vertex 7.3649 6.31153 5
      vertex 9.13926 6.84116 5
      vertex 9.00261 7.24372 5
    endloop
  endfacet
  facet normal -0 0 1
    outer loop
      vertex 7.3649 5.68847 5
      vertex 9.2222 5.57579 5
      vertex 7.4 6 5
    endloop
  endfacet
  facet normal 0 0 1
    outer loop
      vertex 7.26136 6.60744 5
      vertex 9.00261 7.24372 5
      vertex 8.81458 7.625 5
    endloop
  endfacet
  facet normal 0 0 1
    outer loop
      vertex 9.2222 5.57579 5
      vertex 7.3649 5.68847 5
      vertex 9.13926 5.15884 5
    endloop
  endfacet
  facet normal 0 0 1
    outer loop
      vertex 7.09456 6.87289 5
      vertex 8.81458 7.625 5
      vertex 8.5784 7.97847 5
    endloop
  endfacet
  facet normal 0 0 1
    outer loop
      vertex 9.13926 5.15884 5
      vertex 7.3649 5.68847 5
      vertex 9.00261 4.75628 5
    endloop
  endfacet
  facet normal 0 0 1
    outer loop
      vertex 7.09456 6.87289 5
      vertex 8.5784 7.97847 5
      vertex 8.2981 8.2981 5
    endloop
  endfacet
  facet normal -0 0 1
    outer loop
      vertex 7.26136 5.39256 5
      vertex 9.00261 4.75628 5
      vertex 7.3649 5.68847 5
    endloop
  endfacet
  facet normal 0 0 1
    outer loop
      vertex 6.87289 7.09456 5
      vertex 8.2981 8.2981 5
      vertex 7.97847 8.5784 5
    endloop
  endfacet
  facet normal 0 0 1
    outer loop
      vertex 9.00261 4.75628 5
      vertex 7.26136 5.39256 5
      vertex 8.81458 4.375 5
    endloop
  endfacet
  facet normal 0 0 1
    outer loop
      vertex 6.87289 7.09456 5
      vertex 7.97847 8.5784 5
      vertex 7.625 8.81458 5
    endloop
  endfacet
  facet normal -0 0 1
    outer loop
      vertex 7.09456 5.12711 5
      vertex 8.81458 4.375 5
      vertex 7.26136 5.39256 5
    endloop
  endfacet
  facet normal 0 0 1
    outer loop
      vertex 8.81458 4.375 5
      vertex 7.09456 5.12711 5
      vertex 8.5784 4.02153 5
    endloop
  endfacet
  facet normal 0 0 1
    outer loop
      vertex 9.2222 6.42421 5
      vertex 7.3649 6.31153 5
      vertex 7.4 6 5
    endloop
  endfacet
  facet normal 0 0 1
    outer loop
      vertex 9.00261 7.24372 5
      vertex 7.26136 6.60744 5
      vertex 7.3649 6.31153 5
    endloop
  endfacet
  facet normal 0 0 1
    outer loop
      vertex 6.60744 7.26136 5
      vertex 7.625 8.81458 5
      vertex 7.24372 9.00261 5
    endloop
  endfacet
  facet normal 0 0 1
    outer loop
      vertex 8.81458 7.625 5
      vertex 7.09456 6.87289 5
      vertex 7.26136 6.60744 5
    endloop
  endfacet
  facet normal 0 0 1
    outer loop
      vertex 8.2981 8.2981 5
      vertex 6.87289 7.09456 5
      vertex 7.09456 6.87289 5
    endloop
  endfacet
  facet normal 0 0 1
    outer loop
      vertex 6.31153 7.3649 5
      vertex 7.24372 9.00261 5
      vertex 6.84116 9.13926 5
    endloop
  endfacet
  facet normal 0 0 1
    outer loop
      vertex 7.625 8.81458 5
      vertex 6.60744 7.26136 5
      vertex 6.87289 7.09456 5
    endloop
  endfacet
  facet normal 0 0 1
    outer loop
      vertex 6.31153 7.3649 5
      vertex 6.84116 9.13926 5
      vertex 6.42421 9.2222 5
    endloop
  endfacet
  facet normal 0 0 1
    outer loop
      vertex 7.24372 9.00261 5
      vertex 6.31153 7.3649 5
      vertex 6.60744 7.26136 5
    endloop
  endfacet
  facet normal 0 0 1
    outer loop
      vertex 6 7.4 5
      vertex 6.42421 9.2222 5
      vertex 6 9.25 5
    endloop
  endfacet
  facet normal 0 0 1
    outer loop
      vertex 6.42421 9.2222 5
      vertex 6 7.4 5
      vertex 6.31153 7.3649 5
    endloop
  endfacet
  facet normal -0 0 1
    outer loop
      vertex 5.57579 9.2222 5
      vertex 6 7.4 5
      vertex 6 9.25 5
    endloop
  endfacet
  facet normal 0 0 1
    outer loop
      vertex 6 7.4 5
      vertex 5.57579 9.2222 5
      vertex 5.68847 7.3649 5
    endloop
  endfacet
  facet normal -0 0 1
    outer loop
      vertex 5.15884 9.13926 5
      vertex 5.68847 7.3649 5
      vertex 5.57579 9.2222 5
    endloop
  endfacet
  facet normal -0 0 1
    outer loop
      vertex 4.75628 9.00261 5
      vertex 5.68847 7.3649 5
      vertex 5.15884 9.13926 5
    endloop
  endfacet
  facet normal 0 0 1
    outer loop
      vertex 5.68847 7.3649 5
      vertex 4.75628 9.00261 5
      vertex 5.39256 7.26136 5
    endloop
  endfacet
  facet normal -0 0 1
    outer loop
      vertex 4.375 8.81458 5
      vertex 5.39256 7.26136 5
      vertex 4.75628 9.00261 5
    endloop
  endfacet
  facet normal 0 0 1
    outer loop
      vertex 5.39256 7.26136 5
      vertex 4.375 8.81458 5
      vertex 5.12711 7.09456 5
    endloop
  endfacet
  facet normal -0 0 1
    outer loop
      vertex 4.02153 8.5784 5
      vertex 5.12711 7.09456 5
      vertex 4.375 8.81458 5
    endloop
  endfacet
  facet normal -0 0 1
    outer loop
      vertex 3.7019 8.2981 5
      vertex 5.12711 7.09456 5
      vertex 4.02153 8.5784 5
    endloop
  endfacet
  facet normal 0 0 1
    outer loop
      vertex 5.12711 7.09456 5
      vertex 3.7019 8.2981 5
      vertex 4.90544 6.87289 5
    endloop
  endfacet
  facet normal -0 0 1
    outer loop
      vertex 3.4216 7.97847 5
      vertex 4.90544 6.87289 5
      vertex 3.7019 8.2981 5
    endloop
  endfacet
  facet normal 0 0 1
    outer loop
      vertex 8.5784 4.02153 5
      vertex 7.09456 5.12711 5
      vertex 8.2981 3.7019 5
    endloop
  endfacet
  facet normal -0 0 1
    outer loop
      vertex 6.87289 4.90544 5
      vertex 8.2981 3.7019 5
      vertex 7.09456 5.12711 5
    endloop
  endfacet
  facet normal 0 0 1
    outer loop
      vertex 8.2981 3.7019 5
      vertex 6.87289 4.90544 5
      vertex 7.97847 3.4216 5
    endloop
  endfacet
  facet normal 0 0 1
    outer loop
      vertex 7.97847 3.4216 5
      vertex 6.87289 4.90544 5
      vertex 7.625 3.18542 5
    endloop
  endfacet
  facet normal -0 0 1
    outer loop
      vertex 6.60744 4.73864 5
      vertex 7.625 3.18542 5
      vertex 6.87289 4.90544 5
    endloop
  endfacet
  facet normal 0 0 1
    outer loop
      vertex 7.625 3.18542 5
      vertex 6.60744 4.73864 5
      vertex 7.24372 2.99739 5
    endloop
  endfacet
  facet normal -0 0 1
    outer loop
      vertex 6.31153 4.6351 5
      vertex 7.24372 2.99739 5
      vertex 6.60744 4.73864 5
    endloop
  endfacet
  facet normal 0 0 1
    outer loop
      vertex 7.24372 2.99739 5
      vertex 6.31153 4.6351 5
      vertex 6.84116 2.86074 5
    endloop
  endfacet
  facet normal 0 0 1
    outer loop
      vertex 6.84116 2.86074 5
      vertex 6.31153 4.6351 5
      vertex 6.42421 2.7778 5
    endloop
  endfacet
  facet normal -0 0 1
    outer loop
      vertex 6 4.6 5
      vertex 6.42421 2.7778 5
      vertex 6.31153 4.6351 5
    endloop
  endfacet
  facet normal 0 0 1
    outer loop
      vertex 6 4.6 5
      vertex 6 2.75 5
      vertex 6.42421 2.7778 5
    endloop
  endfacet
  facet normal 0 0 1
    outer loop
      vertex 5.57579 2.7778 5
      vertex 6 4.6 5
      vertex 5.68847 4.6351 5
    endloop
  endfacet
  facet normal 0 0 1
    outer loop
      vertex 6 4.6 5
      vertex 5.57579 2.7778 5
      vertex 6 2.75 5
    endloop
  endfacet
  facet normal 0 0 1
    outer loop
      vertex 4.75628 2.99739 5
      vertex 5.68847 4.6351 5
      vertex 5.39256 4.73864 5
    endloop
  endfacet
  facet normal 0 0 1
    outer loop
      vertex 5.68847 4.6351 5
      vertex 5.15884 2.86074 5
      vertex 5.57579 2.7778 5
    endloop
  endfacet
  facet normal 0 0 1
    outer loop
      vertex 4.375 3.18542 5
      vertex 5.39256 4.73864 5
      vertex 5.12711 4.90544 5
    endloop
  endfacet
  facet normal 0 0 1
    outer loop
      vertex 3.7019 3.7019 5
      vertex 5.12711 4.90544 5
      vertex 4.90544 5.12711 5
    endloop
  endfacet
  facet normal 0 0 1
    outer loop
      vertex 5.68847 4.6351 5
      vertex 4.75628 2.99739 5
      vertex 5.15884 2.86074 5
    endloop
  endfacet
  facet normal 0 0 1
    outer loop
      vertex 3.18542 4.375 5
      vertex 4.90544 5.12711 5
      vertex 4.73864 5.39256 5
    endloop
  endfacet
  facet normal 0 0 1
    outer loop
      vertex 2.99739 4.75628 5
      vertex 4.73864 5.39256 5
      vertex 4.6351 5.68847 5
    endloop
  endfacet
  facet normal 0 0 1
    outer loop
      vertex 2.7778 5.57579 5
      vertex 4.6351 5.68847 5
      vertex 4.6 6 5
    endloop
  endfacet
  facet normal -0 0 1
    outer loop
      vertex 3.18542 7.625 5
      vertex 4.90544 6.87289 5
      vertex 3.4216 7.97847 5
    endloop
  endfacet
  facet normal 0 0 1
    outer loop
      vertex 5.39256 4.73864 5
      vertex 4.375 3.18542 5
      vertex 4.75628 2.99739 5
    endloop
  endfacet
  facet normal 0 0 1
    outer loop
      vertex 4.90544 6.87289 5
      vertex 3.18542 7.625 5
      vertex 4.73864 6.60744 5
    endloop
  endfacet
  facet normal 0 0 1
    outer loop
      vertex 5.12711 4.90544 5
      vertex 4.02153 3.4216 5
      vertex 4.375 3.18542 5
    endloop
  endfacet
  facet normal -0 0 1
    outer loop
      vertex 2.99739 7.24372 5
      vertex 4.73864 6.60744 5
      vertex 3.18542 7.625 5
    endloop
  endfacet
  facet normal 0 0 1
    outer loop
      vertex 5.12711 4.90544 5
      vertex 3.7019 3.7019 5
      vertex 4.02153 3.4216 5
    endloop
  endfacet
  facet normal 0 0 1
    outer loop
      vertex 4.73864 6.60744 5
      vertex 2.99739 7.24372 5
      vertex 4.6351 6.31153 5
    endloop
  endfacet
  facet normal 0 0 1
    outer loop
      vertex 4.90544 5.12711 5
      vertex 3.4216 4.02153 5
      vertex 3.7019 3.7019 5
    endloop
  endfacet
  facet normal -0 0 1
    outer loop
      vertex 2.86074 6.84116 5
      vertex 4.6351 6.31153 5
      vertex 2.99739 7.24372 5
    endloop
  endfacet
  facet normal 0 0 1
    outer loop
      vertex 4.90544 5.12711 5
      vertex 3.18542 4.375 5
      vertex 3.4216 4.02153 5
    endloop
  endfacet
  facet normal -0 0 1
    outer loop
      vertex 2.7778 6.42421 5
      vertex 4.6351 6.31153 5
      vertex 2.86074 6.84116 5
    endloop
  endfacet
  facet normal 0 0 1
    outer loop
      vertex 4.73864 5.39256 5
      vertex 2.99739 4.75628 5
      vertex 3.18542 4.375 5
    endloop
  endfacet
  facet normal 0 0 1
    outer loop
      vertex 4.6351 6.31153 5
      vertex 2.7778 6.42421 5
      vertex 4.6 6 5
    endloop
  endfacet
  facet normal 0 0 1
    outer loop
      vertex 4.6351 5.68847 5
      vertex 2.86074 5.15884 5
      vertex 2.99739 4.75628 5
    endloop
  endfacet
  facet normal 0 0 1
    outer loop
      vertex 2.75 6 5
      vertex 4.6 6 5
      vertex 2.7778 6.42421 5
    endloop
  endfacet
  facet normal 0 0 1
    outer loop
      vertex 4.6351 5.68847 5
      vertex 2.7778 5.57579 5
      vertex 2.86074 5.15884 5
    endloop
  endfacet
  facet normal 0 0 1
    outer loop
      vertex 4.6 6 5
      vertex 2.75 6 5
      vertex 2.7778 5.57579 5
    endloop
  endfacet
  facet normal -0.946931 0.321438 0
    outer loop
      vertex 2.86074 6.84116 0
      vertex 2.99739 7.24372 5
      vertex 2.99739 7.24372 0
    endloop
  endfacet
  facet normal -0.946931 0.321438 0
    outer loop
      vertex 2.99739 7.24372 5
      vertex 2.86074 6.84116 0
      vertex 2.86074 6.84116 5
    endloop
  endfacet
  facet normal -0.980784 0.195098 0
    outer loop
      vertex 2.7778 6.42421 0
      vertex 2.86074 6.84116 5
      vertex 2.86074 6.84116 0
    endloop
  endfacet
  facet normal -0.980784 0.195098 0
    outer loop
      vertex 2.86074 6.84116 5
      vertex 2.7778 6.42421 0
      vertex 2.7778 6.42421 5
    endloop
  endfacet
  facet normal -0.831471 0.555568 0
    outer loop
      vertex 3.18542 7.625 0
      vertex 3.4216 7.97847 5
      vertex 3.4216 7.97847 0
    endloop
  endfacet
  facet normal -0.831471 0.555568 0
    outer loop
      vertex 3.4216 7.97847 5
      vertex 3.18542 7.625 0
      vertex 3.18542 7.625 5
    endloop
  endfacet
  facet normal -0.195098 0.980784 0
    outer loop
      vertex 5.57579 9.2222 0
      vertex 5.15884 9.13926 5
      vertex 5.57579 9.2222 5
    endloop
  endfacet
  facet normal -0.195098 0.980784 0
    outer loop
      vertex 5.15884 9.13926 5
      vertex 5.57579 9.2222 0
      vertex 5.15884 9.13926 0
    endloop
  endfacet
  facet normal -0.555568 0.831471 0
    outer loop
      vertex 4.375 8.81458 0
      vertex 4.02153 8.5784 5
      vertex 4.375 8.81458 5
    endloop
  endfacet
  facet normal -0.555568 0.831471 0
    outer loop
      vertex 4.02153 8.5784 5
      vertex 4.375 8.81458 0
      vertex 4.02153 8.5784 0
    endloop
  endfacet
  facet normal -0.442295 0.896869 0
    outer loop
      vertex 4.75628 9.00261 0
      vertex 4.375 8.81458 5
      vertex 4.75628 9.00261 5
    endloop
  endfacet
  facet normal -0.442295 0.896869 0
    outer loop
      vertex 4.375 8.81458 5
      vertex 4.75628 9.00261 0
      vertex 4.375 8.81458 0
    endloop
  endfacet
  facet normal 0.99786 -0.0653933 0
    outer loop
      vertex 9.2222 5.57579 5
      vertex 9.25 6 0
      vertex 9.25 6 5
    endloop
  endfacet
  facet normal 0.99786 -0.0653933 0
    outer loop
      vertex 9.25 6 0
      vertex 9.2222 5.57579 5
      vertex 9.2222 5.57579 0
    endloop
  endfacet
  facet normal 0.195098 -0.980784 0
    outer loop
      vertex 6.42421 2.7778 0
      vertex 6.84116 2.86074 5
      vertex 6.42421 2.7778 5
    endloop
  endfacet
  facet normal 0.195098 -0.980784 0
    outer loop
      vertex 6.84116 2.86074 5
      vertex 6.42421 2.7778 0
      vertex 6.84116 2.86074 0
    endloop
  endfacet
  facet normal 0.751849 -0.659335 0
    outer loop
      vertex 8.2981 3.7019 5
      vertex 8.5784 4.02153 0
      vertex 8.5784 4.02153 5
    endloop
  endfacet
  facet normal 0.751849 -0.659335 0
    outer loop
      vertex 8.5784 4.02153 0
      vertex 8.2981 3.7019 5
      vertex 8.2981 3.7019 0
    endloop
  endfacet
  facet normal 0.659335 -0.751849 0
    outer loop
      vertex 7.97847 3.4216 0
      vertex 8.2981 3.7019 5
      vertex 7.97847 3.4216 5
    endloop
  endfacet
  facet normal 0.659335 -0.751849 0
    outer loop
      vertex 8.2981 3.7019 5
      vertex 7.97847 3.4216 0
      vertex 8.2981 3.7019 0
    endloop
  endfacet
  facet normal 0.442295 -0.896869 0
    outer loop
      vertex 7.24372 2.99739 0
      vertex 7.625 3.18542 5
      vertex 7.24372 2.99739 5
    endloop
  endfacet
  facet normal 0.442295 -0.896869 0
    outer loop
      vertex 7.625 3.18542 5
      vertex 7.24372 2.99739 0
      vertex 7.625 3.18542 0
    endloop
  endfacet
  facet normal -0.321438 -0.946931 0
    outer loop
      vertex 4.75628 2.99739 0
      vertex 5.15884 2.86074 5
      vertex 4.75628 2.99739 5
    endloop
  endfacet
  facet normal -0.321438 -0.946931 -0
    outer loop
      vertex 5.15884 2.86074 5
      vertex 4.75628 2.99739 0
      vertex 5.15884 2.86074 0
    endloop
  endfacet
  facet normal -0.555568 -0.831471 0
    outer loop
      vertex 4.02153 3.4216 0
      vertex 4.375 3.18542 5
      vertex 4.02153 3.4216 5
    endloop
  endfacet
  facet normal -0.555568 -0.831471 -0
    outer loop
      vertex 4.375 3.18542 5
      vertex 4.02153 3.4216 0
      vertex 4.375 3.18542 0
    endloop
  endfacet
  facet normal -0.980784 -0.195098 0
    outer loop
      vertex 2.86074 5.15884 0
      vertex 2.7778 5.57579 5
      vertex 2.7778 5.57579 0
    endloop
  endfacet
  facet normal -0.980784 -0.195098 0
    outer loop
      vertex 2.7778 5.57579 5
      vertex 2.86074 5.15884 0
      vertex 2.86074 5.15884 5
    endloop
  endfacet
  facet normal -0.896869 -0.442295 0
    outer loop
      vertex 3.18542 4.375 0
      vertex 2.99739 4.75628 5
      vertex 2.99739 4.75628 0
    endloop
  endfacet
  facet normal -0.896869 -0.442295 0
    outer loop
      vertex 2.99739 4.75628 5
      vertex 3.18542 4.375 0
      vertex 3.18542 4.375 5
    endloop
  endfacet
  facet normal 0.980784 0.195098 0
    outer loop
      vertex 9.2222 6.42421 5
      vertex 9.13926 6.84116 0
      vertex 9.13926 6.84116 5
    endloop
  endfacet
  facet normal 0.980784 0.195098 0
    outer loop
      vertex 9.13926 6.84116 0
      vertex 9.2222 6.42421 5
      vertex 9.2222 6.42421 0
    endloop
  endfacet
  facet normal 0.980784 -0.195098 0
    outer loop
      vertex 9.13926 5.15884 5
      vertex 9.2222 5.57579 0
      vertex 9.2222 5.57579 5
    endloop
  endfacet
  facet normal 0.980784 -0.195098 0
    outer loop
      vertex 9.2222 5.57579 0
      vertex 9.13926 5.15884 5
      vertex 9.13926 5.15884 0
    endloop
  endfacet
  facet normal 0.896869 -0.442295 0
    outer loop
      vertex 8.81458 4.375 5
      vertex 9.00261 4.75628 0
      vertex 9.00261 4.75628 5
    endloop
  endfacet
  facet normal 0.896869 -0.442295 0
    outer loop
      vertex 9.00261 4.75628 0
      vertex 8.81458 4.375 5
      vertex 8.81458 4.375 0
    endloop
  endfacet
  facet normal 0.321438 -0.946931 0
    outer loop
      vertex 6.84116 2.86074 0
      vertex 7.24372 2.99739 5
      vertex 6.84116 2.86074 5
    endloop
  endfacet
  facet normal 0.321438 -0.946931 0
    outer loop
      vertex 7.24372 2.99739 5
      vertex 6.84116 2.86074 0
      vertex 7.24372 2.99739 0
    endloop
  endfacet
  facet normal 0.555568 -0.831471 0
    outer loop
      vertex 7.625 3.18542 0
      vertex 7.97847 3.4216 5
      vertex 7.625 3.18542 5
    endloop
  endfacet
  facet normal 0.555568 -0.831471 0
    outer loop
      vertex 7.97847 3.4216 5
      vertex 7.625 3.18542 0
      vertex 7.97847 3.4216 0
    endloop
  endfacet
  facet normal -0.195098 -0.980784 0
    outer loop
      vertex 5.15884 2.86074 0
      vertex 5.57579 2.7778 5
      vertex 5.15884 2.86074 5
    endloop
  endfacet
  facet normal -0.195098 -0.980784 -0
    outer loop
      vertex 5.57579 2.7778 5
      vertex 5.15884 2.86074 0
      vertex 5.57579 2.7778 0
    endloop
  endfacet
  facet normal -0.442295 -0.896869 0
    outer loop
      vertex 4.375 3.18542 0
      vertex 4.75628 2.99739 5
      vertex 4.375 3.18542 5
    endloop
  endfacet
  facet normal -0.442295 -0.896869 -0
    outer loop
      vertex 4.75628 2.99739 5
      vertex 4.375 3.18542 0
      vertex 4.75628 2.99739 0
    endloop
  endfacet
  facet normal -0.946931 -0.321438 0
    outer loop
      vertex 2.99739 4.75628 0
      vertex 2.86074 5.15884 5
      vertex 2.86074 5.15884 0
    endloop
  endfacet
  facet normal -0.946931 -0.321438 0
    outer loop
      vertex 2.86074 5.15884 5
      vertex 2.99739 4.75628 0
      vertex 2.99739 4.75628 5
    endloop
  endfacet
  facet normal -0.831471 -0.555568 0
    outer loop
      vertex 3.4216 4.02153 0
      vertex 3.18542 4.375 5
      vertex 3.18542 4.375 0
    endloop
  endfacet
  facet normal -0.831471 -0.555568 0
    outer loop
      vertex 3.18542 4.375 5
      vertex 3.4216 4.02153 0
      vertex 3.4216 4.02153 5
    endloop
  endfacet
  facet normal -0.532047 -0.846715 0
    outer loop
      vertex 6.60744 7.26136 0
      vertex 6.87289 7.09456 5
      vertex 6.60744 7.26136 5
    endloop
  endfacet
  facet normal -0.532047 -0.846715 -0
    outer loop
      vertex 6.87289 7.09456 5
      vertex 6.60744 7.26136 0
      vertex 6.87289 7.09456 0
    endloop
  endfacet
  facet normal 0.943887 -0.330269 0
    outer loop
      vertex 4.6351 6.31153 5
      vertex 4.73864 6.60744 0
      vertex 4.73864 6.60744 5
    endloop
  endfacet
  facet normal 0.943887 -0.330269 0
    outer loop
      vertex 4.73864 6.60744 0
      vertex 4.6351 6.31153 5
      vertex 4.6351 6.31153 0
    endloop
  endfacet
  facet normal -0.993713 0.111961 0
    outer loop
      vertex 7.3649 5.68847 0
      vertex 7.4 6 5
      vertex 7.4 6 0
    endloop
  endfacet
  facet normal -0.993713 0.111961 0
    outer loop
      vertex 7.4 6 5
      vertex 7.3649 5.68847 0
      vertex 7.3649 5.68847 5
    endloop
  endfacet
  facet normal 0.330269 0.943887 -0
    outer loop
      vertex 5.68847 4.6351 0
      vertex 5.39256 4.73864 5
      vertex 5.68847 4.6351 5
    endloop
  endfacet
  facet normal 0.330269 0.943887 0
    outer loop
      vertex 5.39256 4.73864 5
      vertex 5.68847 4.6351 0
      vertex 5.39256 4.73864 0
    endloop
  endfacet
  facet normal -0.943887 -0.330269 0
    outer loop
      vertex 7.3649 6.31153 0
      vertex 7.26136 6.60744 5
      vertex 7.26136 6.60744 0
    endloop
  endfacet
  facet normal -0.943887 -0.330269 0
    outer loop
      vertex 7.26136 6.60744 5
      vertex 7.3649 6.31153 0
      vertex 7.3649 6.31153 5
    endloop
  endfacet
  facet normal 0.330269 -0.943887 0
    outer loop
      vertex 5.39256 7.26136 0
      vertex 5.68847 7.3649 5
      vertex 5.39256 7.26136 5
    endloop
  endfacet
  facet normal 0.330269 -0.943887 0
    outer loop
      vertex 5.68847 7.3649 5
      vertex 5.39256 7.26136 0
      vertex 5.68847 7.3649 0
    endloop
  endfacet
  facet normal 0.846715 -0.532047 0
    outer loop
      vertex 4.73864 6.60744 5
      vertex 4.90544 6.87289 0
      vertex 4.90544 6.87289 5
    endloop
  endfacet
  facet normal 0.846715 -0.532047 0
    outer loop
      vertex 4.90544 6.87289 0
      vertex 4.73864 6.60744 5
      vertex 4.73864 6.60744 0
    endloop
  endfacet
  facet normal 0.532047 -0.846715 0
    outer loop
      vertex 5.12711 7.09456 0
      vertex 5.39256 7.26136 5
      vertex 5.12711 7.09456 5
    endloop
  endfacet
  facet normal 0.532047 -0.846715 0
    outer loop
      vertex 5.39256 7.26136 5
      vertex 5.12711 7.09456 0
      vertex 5.39256 7.26136 0
    endloop
  endfacet
  facet normal -0.846715 -0.532047 0
    outer loop
      vertex 7.26136 6.60744 0
      vertex 7.09456 6.87289 5
      vertex 7.09456 6.87289 0
    endloop
  endfacet
  facet normal -0.846715 -0.532047 0
    outer loop
      vertex 7.09456 6.87289 5
      vertex 7.26136 6.60744 0
      vertex 7.26136 6.60744 5
    endloop
  endfacet
  facet normal -0.707107 -0.707107 0
    outer loop
      vertex 7.09456 6.87289 0
      vertex 6.87289 7.09456 5
      vertex 6.87289 7.09456 0
    endloop
  endfacet
  facet normal -0.707107 -0.707107 0
    outer loop
      vertex 6.87289 7.09456 5
      vertex 7.09456 6.87289 0
      vertex 7.09456 6.87289 5
    endloop
  endfacet
  facet normal -0.111961 -0.993713 0
    outer loop
      vertex 6 7.4 0
      vertex 6.31153 7.3649 5
      vertex 6 7.4 5
    endloop
  endfacet
  facet normal -0.111961 -0.993713 -0
    outer loop
      vertex 6.31153 7.3649 5
      vertex 6 7.4 0
      vertex 6.31153 7.3649 0
    endloop
  endfacet
  facet normal -0.330269 -0.943887 0
    outer loop
      vertex 6.31153 7.3649 0
      vertex 6.60744 7.26136 5
      vertex 6.31153 7.3649 5
    endloop
  endfacet
  facet normal -0.330269 -0.943887 -0
    outer loop
      vertex 6.60744 7.26136 5
      vertex 6.31153 7.3649 0
      vertex 6.60744 7.26136 0
    endloop
  endfacet
  facet normal 0.993713 -0.111961 0
    outer loop
      vertex 4.6 6 5
      vertex 4.6351 6.31153 0
      vertex 4.6351 6.31153 5
    endloop
  endfacet
  facet normal 0.993713 -0.111961 0
    outer loop
      vertex 4.6351 6.31153 0
      vertex 4.6 6 5
      vertex 4.6 6 0
    endloop
  endfacet
  facet normal 0.707107 -0.707107 0
    outer loop
      vertex 4.90544 6.87289 5
      vertex 5.12711 7.09456 0
      vertex 5.12711 7.09456 5
    endloop
  endfacet
  facet normal 0.707107 -0.707107 0
    outer loop
      vertex 5.12711 7.09456 0
      vertex 4.90544 6.87289 5
      vertex 4.90544 6.87289 0
    endloop
  endfacet
  facet normal 0.111961 -0.993713 0
    outer loop
      vertex 5.68847 7.3649 0
      vertex 6 7.4 5
      vertex 5.68847 7.3649 5
    endloop
  endfacet
  facet normal 0.111961 -0.993713 0
    outer loop
      vertex 6 7.4 5
      vertex 5.68847 7.3649 0
      vertex 6 7.4 0
    endloop
  endfacet
  facet normal -0.993713 -0.111961 0
    outer loop
      vertex 7.4 6 0
      vertex 7.3649 6.31153 5
      vertex 7.3649 6.31153 0
    endloop
  endfacet
  facet normal -0.993713 -0.111961 0
    outer loop
      vertex 7.3649 6.31153 5
      vertex 7.4 6 0
      vertex 7.4 6 5
    endloop
  endfacet
  facet normal -0.111961 0.993713 0
    outer loop
      vertex 6.31153 4.6351 0
      vertex 6 4.6 5
      vertex 6.31153 4.6351 5
    endloop
  endfacet
  facet normal -0.111961 0.993713 0
    outer loop
      vertex 6 4.6 5
      vertex 6.31153 4.6351 0
      vertex 6 4.6 0
    endloop
  endfacet
  facet normal -0.846715 0.532047 0
    outer loop
      vertex 7.09456 5.12711 0
      vertex 7.26136 5.39256 5
      vertex 7.26136 5.39256 0
    endloop
  endfacet
  facet normal -0.846715 0.532047 0
    outer loop
      vertex 7.26136 5.39256 5
      vertex 7.09456 5.12711 0
      vertex 7.09456 5.12711 5
    endloop
  endfacet
  facet normal -0.943887 0.330269 0
    outer loop
      vertex 7.26136 5.39256 0
      vertex 7.3649 5.68847 5
      vertex 7.3649 5.68847 0
    endloop
  endfacet
  facet normal -0.943887 0.330269 0
    outer loop
      vertex 7.3649 5.68847 5
      vertex 7.26136 5.39256 0
      vertex 7.26136 5.39256 5
    endloop
  endfacet
  facet normal -0.330269 0.943887 0
    outer loop
      vertex 6.60744 4.73864 0
      vertex 6.31153 4.6351 5
      vertex 6.60744 4.73864 5
    endloop
  endfacet
  facet normal -0.330269 0.943887 0
    outer loop
      vertex 6.31153 4.6351 5
      vertex 6.60744 4.73864 0
      vertex 6.31153 4.6351 0
    endloop
  endfacet
  facet normal -0.532047 0.846715 0
    outer loop
      vertex 6.87289 4.90544 0
      vertex 6.60744 4.73864 5
      vertex 6.87289 4.90544 5
    endloop
  endfacet
  facet normal -0.532047 0.846715 0
    outer loop
      vertex 6.60744 4.73864 5
      vertex 6.87289 4.90544 0
      vertex 6.60744 4.73864 0
    endloop
  endfacet
  facet normal 0.111961 0.993713 -0
    outer loop
      vertex 6 4.6 0
      vertex 5.68847 4.6351 5
      vertex 6 4.6 5
    endloop
  endfacet
  facet normal 0.111961 0.993713 0
    outer loop
      vertex 5.68847 4.6351 5
      vertex 6 4.6 0
      vertex 5.68847 4.6351 0
    endloop
  endfacet
  facet normal 0.707107 0.707107 0
    outer loop
      vertex 5.12711 4.90544 5
      vertex 4.90544 5.12711 0
      vertex 4.90544 5.12711 5
    endloop
  endfacet
  facet normal 0.707107 0.707107 0
    outer loop
      vertex 4.90544 5.12711 0
      vertex 5.12711 4.90544 5
      vertex 5.12711 4.90544 0
    endloop
  endfacet
  facet normal 0.846715 0.532047 0
    outer loop
      vertex 4.90544 5.12711 5
      vertex 4.73864 5.39256 0
      vertex 4.73864 5.39256 5
    endloop
  endfacet
  facet normal 0.846715 0.532047 0
    outer loop
      vertex 4.73864 5.39256 0
      vertex 4.90544 5.12711 5
      vertex 4.90544 5.12711 0
    endloop
  endfacet
  facet normal 0.993713 0.111961 0
    outer loop
      vertex 4.6351 5.68847 5
      vertex 4.6 6 0
      vertex 4.6 6 5
    endloop
  endfacet
  facet normal 0.993713 0.111961 0
    outer loop
      vertex 4.6 6 0
      vertex 4.6351 5.68847 5
      vertex 4.6351 5.68847 0
    endloop
  endfacet
  facet normal -0.707107 0.707107 0
    outer loop
      vertex 6.87289 4.90544 0
      vertex 7.09456 5.12711 5
      vertex 7.09456 5.12711 0
    endloop
  endfacet
  facet normal -0.707107 0.707107 0
    outer loop
      vertex 7.09456 5.12711 5
      vertex 6.87289 4.90544 0
      vertex 6.87289 4.90544 5
    endloop
  endfacet
  facet normal 0.532047 0.846715 -0
    outer loop
      vertex 5.39256 4.73864 0
      vertex 5.12711 4.90544 5
      vertex 5.39256 4.73864 5
    endloop
  endfacet
  facet normal 0.532047 0.846715 0
    outer loop
      vertex 5.12711 4.90544 5
      vertex 5.39256 4.73864 0
      vertex 5.12711 4.90544 0
    endloop
  endfacet
  facet normal 0.943887 0.330269 0
    outer loop
      vertex 4.73864 5.39256 5
      vertex 4.6351 5.68847 0
      vertex 4.6351 5.68847 5
    endloop
  endfacet
  facet normal 0.943887 0.330269 0
    outer loop
      vertex 4.6351 5.68847 0
      vertex 4.73864 5.39256 5
      vertex 4.73864 5.39256 0
    endloop
  endfacet
endsolid OpenSCAD_Model
