solid OpenSCAD_Model
  facet normal 0.893224 -0.449611 0
    outer loop
      vertex 59.6179 -31.8664 69
      vertex 61.1097 -28.9027 64.1
      vertex 61.1097 -28.9027 69
    endloop
  endfacet
  facet normal 0.893224 -0.449611 0
    outer loop
      vertex 61.1097 -28.9027 64.1
      vertex 59.6179 -31.8664 69
      vertex 59.6179 -31.8664 64.1
    endloop
  endfacet
  facet normal 0.359894 -0.932993 0
    outer loop
      vertex 22.7738 -63.6484 64.1
      vertex 25.8694 -62.4543 69
      vertex 22.7738 -63.6484 69
    endloop
  endfacet
  facet normal 0.359894 -0.932993 0
    outer loop
      vertex 25.8694 -62.4543 69
      vertex 22.7738 -63.6484 64.1
      vertex 25.8694 -62.4543 64.1
    endloop
  endfacet
  facet normal -0.405249 -0.914206 0
    outer loop
      vertex -28.9027 -61.1097 64.1
      vertex -25.8694 -62.4543 69
      vertex -28.9027 -61.1097 69
    endloop
  endfacet
  facet normal -0.405249 -0.914206 -0
    outer loop
      vertex -25.8694 -62.4543 69
      vertex -28.9027 -61.1097 64.1
      vertex -25.8694 -62.4543 64.1
    endloop
  endfacet
  facet normal -0.914206 -0.405249 0
    outer loop
      vertex -61.1097 -28.9027 64.1
      vertex -62.4543 -25.8694 69
      vertex -62.4543 -25.8694 64.1
    endloop
  endfacet
  facet normal -0.914206 -0.405249 0
    outer loop
      vertex -62.4543 -25.8694 69
      vertex -61.1097 -28.9027 64.1
      vertex -61.1097 -28.9027 69
    endloop
  endfacet
  facet normal 0.535018 -0.844841 0
    outer loop
      vertex 34.7533 -57.9825 64.1
      vertex 37.5565 -56.2073 69
      vertex 34.7533 -57.9825 69
    endloop
  endfacet
  facet normal 0.535018 -0.844841 0
    outer loop
      vertex 37.5565 -56.2073 69
      vertex 34.7533 -57.9825 64.1
      vertex 37.5565 -56.2073 64.1
    endloop
  endfacet
  facet normal -0.757211 -0.653171 0
    outer loop
      vertex -50.0883 -45.3974 64.1
      vertex -52.2555 -42.885 69
      vertex -52.2555 -42.885 64.1
    endloop
  endfacet
  facet normal -0.757211 -0.653171 0
    outer loop
      vertex -52.2555 -42.885 69
      vertex -50.0883 -45.3974 64.1
      vertex -50.0883 -45.3974 69
    endloop
  endfacet
  facet normal -0.219106 -0.975701 0
    outer loop
      vertex -16.4255 -65.5741 64.1
      vertex -13.1881 -66.3011 69
      vertex -16.4255 -65.5741 69
    endloop
  endfacet
  facet normal -0.219106 -0.975701 -0
    outer loop
      vertex -13.1881 -66.3011 69
      vertex -16.4255 -65.5741 64.1
      vertex -13.1881 -66.3011 64.1
    endloop
  endfacet
  facet normal 0.449611 0.893224 -0
    outer loop
      vertex 31.8664 59.6179 64.1
      vertex 28.9027 61.1097 69
      vertex 31.8664 59.6179 69
    endloop
  endfacet
  facet normal 0.449611 0.893224 0
    outer loop
      vertex 28.9027 61.1097 69
      vertex 31.8664 59.6179 64.1
      vertex 28.9027 61.1097 64.1
    endloop
  endfacet
  facet normal 0.94953 -0.313677 0
    outer loop
      vertex 63.6484 -22.7738 69
      vertex 64.6892 -19.6232 64.1
      vertex 64.6892 -19.6232 69
    endloop
  endfacet
  facet normal 0.94953 -0.313677 0
    outer loop
      vertex 64.6892 -19.6232 64.1
      vertex 63.6484 -22.7738 69
      vertex 63.6484 -22.7738 64.1
    endloop
  endfacet
  facet normal 0.817744 -0.575582 0
    outer loop
      vertex 56.2073 -37.5565 69
      vertex 56.078 -37.7402 66.5
      vertex 56.2073 -37.5565 64.1
    endloop
  endfacet
  facet normal 0.81737 -0.576113 5.84231e-05
    outer loop
      vertex 56.2073 -37.5565 69
      vertex 56.0562 -37.7711 66.787
      vertex 56.078 -37.7402 66.5
    endloop
  endfacet
  facet normal 0.818491 -0.574519 -0.000172676
    outer loop
      vertex 56.2073 -37.5565 69
      vertex 56.0534 -37.7751 66.8235
      vertex 56.0562 -37.7711 66.787
    endloop
  endfacet
  facet normal 0.817627 -0.575748 1.17765e-05
    outer loop
      vertex 56.2073 -37.5565 69
      vertex 55.9815 -37.8772 67.125
      vertex 56.0534 -37.7751 66.8235
    endloop
  endfacet
  facet normal 0.817635 -0.575737 8.99408e-06
    outer loop
      vertex 56.2073 -37.5565 69
      vertex 55.8801 -38.0212 67.3546
      vertex 55.9815 -37.8772 67.125
    endloop
  endfacet
  facet normal 0.818453 -0.574574 -0.000482034
    outer loop
      vertex 56.2073 -37.5565 69
      vertex 55.8672 -38.0396 67.3839
      vertex 55.8801 -38.0212 67.3546
    endloop
  endfacet
  facet normal 0.816757 -0.576982 0.000594651
    outer loop
      vertex 56.2073 -37.5565 69
      vertex 55.8503 -38.0635 67.4063
      vertex 55.8672 -38.0396 67.3839
    endloop
  endfacet
  facet normal 0.817586 -0.575806 3.47263e-05
    outer loop
      vertex 56.2073 -37.5565 69
      vertex 55.7181 -38.2512 67.5825
      vertex 55.8503 -38.0635 67.4063
    endloop
  endfacet
  facet normal 0.81767 -0.575687 -5.23993e-05
    outer loop
      vertex 56.2073 -37.5565 69
      vertex 55.5642 -38.4698 67.6933
      vertex 55.7181 -38.2512 67.5825
    endloop
  endfacet
  facet normal 0.817082 -0.576521 0.000820155
    outer loop
      vertex 56.2073 -37.5565 69
      vertex 55.5445 -38.4977 67.7074
      vertex 55.5642 -38.4698 67.6933
    endloop
  endfacet
  facet normal 0.817914 -0.575341 -0.000466238
    outer loop
      vertex 56.2073 -37.5565 69
      vertex 55.5234 -38.5277 67.7122
      vertex 55.5445 -38.4977 67.7074
    endloop
  endfacet
  facet normal 0.817521 -0.575899 0.000163383
    outer loop
      vertex 56.2073 -37.5565 69
      vertex 55.3582 -38.7622 67.75
      vertex 55.5234 -38.5277 67.7122
    endloop
  endfacet
  facet normal 0.817595 -0.575794 1.23857e-05
    outer loop
      vertex 54.2968 -40.2693 69
      vertex 55.3582 -38.7622 67.75
      vertex 56.2073 -37.5565 69
    endloop
  endfacet
  facet normal 0.817891 -0.575373 0.000771376
    outer loop
      vertex 55.3582 -38.7622 67.75
      vertex 54.2968 -40.2693 69
      vertex 55.3371 -38.7922 67.7452
    endloop
  endfacet
  facet normal 0.81752 -0.5759 -0.000155455
    outer loop
      vertex 55.3371 -38.7922 67.7452
      vertex 54.2968 -40.2693 69
      vertex 55.1719 -39.0267 67.7074
    endloop
  endfacet
  facet normal 0.817571 -0.575828 -5.21507e-05
    outer loop
      vertex 55.1719 -39.0267 67.7074
      vertex 54.2968 -40.2693 69
      vertex 55.018 -39.2452 67.5967
    endloop
  endfacet
  facet normal 0.818295 -0.574798 0.00104229
    outer loop
      vertex 54.2968 -40.2693 69
      vertex 54.9814 -39.2973 67.56
      vertex 54.9983 -39.2732 67.5825
    endloop
  endfacet
  facet normal 0.81575 -0.578405 -0.000769595
    outer loop
      vertex 54.6412 -39.7803 66.5368
      vertex 54.2968 -40.2693 69
      vertex 54.6384 -39.7842 66.5
    endloop
  endfacet
  facet normal 0.817416 -0.576048 -6.89275e-05
    outer loop
      vertex 54.663 -39.7494 66.8235
      vertex 54.2968 -40.2693 69
      vertex 54.6412 -39.7803 66.5368
    endloop
  endfacet
  facet normal 0.817586 -0.575806 1.77122e-05
    outer loop
      vertex 54.7349 -39.6473 67.125
      vertex 54.2968 -40.2693 69
      vertex 54.663 -39.7494 66.8235
    endloop
  endfacet
  facet normal 0.817974 -0.575255 0.000291062
    outer loop
      vertex 54.7479 -39.6288 67.1544
      vertex 54.2968 -40.2693 69
      vertex 54.7349 -39.6473 67.125
    endloop
  endfacet
  facet normal 0.81749 -0.575943 -6.61994e-05
    outer loop
      vertex 54.8493 -39.4849 67.3839
      vertex 54.2968 -40.2693 69
      vertex 54.7479 -39.6288 67.1544
    endloop
  endfacet
  facet normal 0.817607 -0.575776 5.51354e-05
    outer loop
      vertex 54.9814 -39.2973 67.56
      vertex 54.2968 -40.2693 69
      vertex 54.8493 -39.4849 67.3839
    endloop
  endfacet
  facet normal 0.817789 -0.575518 0.000286042
    outer loop
      vertex 55.018 -39.2452 67.5967
      vertex 54.2968 -40.2693 69
      vertex 54.9983 -39.2732 67.5825
    endloop
  endfacet
  facet normal 0.817376 -0.576104 -5.98464e-05
    outer loop
      vertex 56.0562 -37.7711 66.213
      vertex 56.2073 -37.5565 64.1
      vertex 56.078 -37.7402 66.5
    endloop
  endfacet
  facet normal 0.818473 -0.574545 0.000176914
    outer loop
      vertex 56.0534 -37.7751 66.1765
      vertex 56.2073 -37.5565 64.1
      vertex 56.0562 -37.7711 66.213
    endloop
  endfacet
  facet normal 0.817628 -0.575747 -1.22092e-05
    outer loop
      vertex 55.9815 -37.8772 65.875
      vertex 56.2073 -37.5565 64.1
      vertex 56.0534 -37.7751 66.1765
    endloop
  endfacet
  facet normal 0.817635 -0.575737 -9.38747e-06
    outer loop
      vertex 55.8801 -38.0212 65.6454
      vertex 56.2073 -37.5565 64.1
      vertex 55.9815 -37.8772 65.875
    endloop
  endfacet
  facet normal 0.818437 -0.574596 0.000503117
    outer loop
      vertex 55.8672 -38.0396 65.6161
      vertex 56.2073 -37.5565 64.1
      vertex 55.8801 -38.0212 65.6454
    endloop
  endfacet
  facet normal 0.81677 -0.576963 -0.000624864
    outer loop
      vertex 55.8503 -38.0635 65.5937
      vertex 56.2073 -37.5565 64.1
      vertex 55.8672 -38.0396 65.6161
    endloop
  endfacet
  facet normal 0.817587 -0.575805 -3.64895e-05
    outer loop
      vertex 55.7181 -38.2512 65.4175
      vertex 56.2073 -37.5565 64.1
      vertex 55.8503 -38.0635 65.5937
    endloop
  endfacet
  facet normal 0.817669 -0.575688 5.55376e-05
    outer loop
      vertex 55.5642 -38.4698 65.3067
      vertex 56.2073 -37.5565 64.1
      vertex 55.7181 -38.2512 65.4175
    endloop
  endfacet
  facet normal 0.817093 -0.576505 -0.000869329
    outer loop
      vertex 55.5445 -38.4977 65.2926
      vertex 56.2073 -37.5565 64.1
      vertex 55.5642 -38.4698 65.3067
    endloop
  endfacet
  facet normal 0.817911 -0.575344 0.000500947
    outer loop
      vertex 55.5234 -38.5277 65.2878
      vertex 56.2073 -37.5565 64.1
      vertex 55.5445 -38.4977 65.2926
    endloop
  endfacet
  facet normal 0.817522 -0.575898 -0.000175537
    outer loop
      vertex 55.3582 -38.7622 65.25
      vertex 56.2073 -37.5565 64.1
      vertex 55.5234 -38.5277 65.2878
    endloop
  endfacet
  facet normal 0.817886 -0.575379 -0.000826821
    outer loop
      vertex 54.2968 -40.2693 64.1
      vertex 55.3582 -38.7622 65.25
      vertex 55.3371 -38.7922 65.2548
    endloop
  endfacet
  facet normal 0.817521 -0.575899 0.000166615
    outer loop
      vertex 54.2968 -40.2693 64.1
      vertex 55.3371 -38.7922 65.2548
      vertex 55.1719 -39.0267 65.2926
    endloop
  endfacet
  facet normal 0.817572 -0.575827 5.50128e-05
    outer loop
      vertex 54.2968 -40.2693 64.1
      vertex 55.1719 -39.0267 65.2926
      vertex 55.018 -39.2452 65.4033
    endloop
  endfacet
  facet normal 0.817785 -0.575523 -0.000301734
    outer loop
      vertex 54.2968 -40.2693 64.1
      vertex 55.018 -39.2452 65.4033
      vertex 54.9983 -39.2732 65.4175
    endloop
  endfacet
  facet normal 0.817606 -0.575778 -5.75832e-05
    outer loop
      vertex 54.2968 -40.2693 64.1
      vertex 54.9814 -39.2973 65.44
      vertex 54.8493 -39.4849 65.6161
    endloop
  endfacet
  facet normal 0.817621 -0.575756 0
    outer loop
      vertex 54.2968 -40.2693 64.1
      vertex 54.6384 -39.7842 66.5
      vertex 54.2968 -40.2693 69
    endloop
  endfacet
  facet normal 0.815799 -0.578335 0.000780672
    outer loop
      vertex 54.6384 -39.7842 66.5
      vertex 54.2968 -40.2693 64.1
      vertex 54.6412 -39.7803 66.4632
    endloop
  endfacet
  facet normal 0.817595 -0.575794 -1.34627e-05
    outer loop
      vertex 55.3582 -38.7622 65.25
      vertex 54.2968 -40.2693 64.1
      vertex 56.2073 -37.5565 64.1
    endloop
  endfacet
  facet normal 0.818274 -0.574827 -0.00108864
    outer loop
      vertex 54.9814 -39.2973 65.44
      vertex 54.2968 -40.2693 64.1
      vertex 54.9983 -39.2732 65.4175
    endloop
  endfacet
  facet normal 0.817491 -0.575941 6.85919e-05
    outer loop
      vertex 54.7479 -39.6288 65.8456
      vertex 54.2968 -40.2693 64.1
      vertex 54.8493 -39.4849 65.6161
    endloop
  endfacet
  facet normal 0.817966 -0.575266 -0.000301592
    outer loop
      vertex 54.7349 -39.6473 65.875
      vertex 54.2968 -40.2693 64.1
      vertex 54.7479 -39.6288 65.8456
    endloop
  endfacet
  facet normal 0.817586 -0.575807 -1.82025e-05
    outer loop
      vertex 54.663 -39.7494 66.1765
      vertex 54.2968 -40.2693 64.1
      vertex 54.7349 -39.6473 65.875
    endloop
  endfacet
  facet normal 0.81742 -0.576042 6.99268e-05
    outer loop
      vertex 54.6412 -39.7803 66.4632
      vertex 54.2968 -40.2693 64.1
      vertex 54.663 -39.7494 66.1765
    endloop
  endfacet
  facet normal 0.724239 -0.689549 0
    outer loop
      vertex 47.8004 -47.8004 69
      vertex 50.0883 -45.3974 64.1
      vertex 50.0883 -45.3974 69
    endloop
  endfacet
  facet normal 0.724239 -0.689549 0
    outer loop
      vertex 50.0883 -45.3974 64.1
      vertex 47.8004 -47.8004 69
      vertex 47.8004 -47.8004 64.1
    endloop
  endfacet
  facet normal -0.0245331 -0.999699 0
    outer loop
      vertex -3.31697 -67.5186 64.1
      vertex 0 -67.6 69
      vertex -3.31697 -67.5186 69
    endloop
  endfacet
  facet normal -0.0245331 -0.999699 -0
    outer loop
      vertex 0 -67.6 69
      vertex -3.31697 -67.5186 64.1
      vertex 0 -67.6 64.1
    endloop
  endfacet
  facet normal 0.170948 -0.98528 0
    outer loop
      vertex 9.91898 -66.8683 64.1
      vertex 13.1881 -66.3011 69
      vertex 9.91898 -66.8683 69
    endloop
  endfacet
  facet normal 0.170948 -0.98528 0
    outer loop
      vertex 13.1881 -66.3011 69
      vertex 9.91898 -66.8683 64.1
      vertex 13.1881 -66.3011 64.1
    endloop
  endfacet
  facet normal 0.615229 -0.788348 0
    outer loop
      vertex 40.2693 -54.2968 64.1
      vertex 42.885 -52.2555 69
      vertex 40.2693 -54.2968 69
    endloop
  endfacet
  facet normal 0.615229 -0.788348 0
    outer loop
      vertex 42.885 -52.2555 69
      vertex 40.2693 -54.2968 64.1
      vertex 42.885 -52.2555 64.1
    endloop
  endfacet
  facet normal -0.999699 -0.0245331 0
    outer loop
      vertex -67.5186 -3.31697 64.1
      vertex -67.6 0 69
      vertex -67.6 0 64.1
    endloop
  endfacet
  facet normal -0.999699 -0.0245331 0
    outer loop
      vertex -67.6 0 69
      vertex -67.5186 -3.31697 64.1
      vertex -67.5186 -3.31697 69
    endloop
  endfacet
  facet normal -0.975701 -0.219106 0
    outer loop
      vertex -65.5741 -16.4255 64.1
      vertex -66.3011 -13.1881 69
      vertex -66.3011 -13.1881 64.1
    endloop
  endfacet
  facet normal -0.975701 -0.219106 0
    outer loop
      vertex -66.3011 -13.1881 69
      vertex -65.5741 -16.4255 64.1
      vertex -65.5741 -16.4255 69
    endloop
  endfacet
  facet normal -0.870088 -0.492896 0
    outer loop
      vertex -57.9825 -34.7533 64.1
      vertex -59.6179 -31.8664 69
      vertex -59.6179 -31.8664 64.1
    endloop
  endfacet
  facet normal -0.870088 -0.492896 0
    outer loop
      vertex -59.6179 -31.8664 69
      vertex -57.9825 -34.7533 64.1
      vertex -57.9825 -34.7533 69
    endloop
  endfacet
  facet normal -0.844841 -0.535018 0
    outer loop
      vertex -56.2073 -37.5565 64.1
      vertex -57.9825 -34.7533 69
      vertex -57.9825 -34.7533 64.1
    endloop
  endfacet
  facet normal -0.844841 -0.535018 0
    outer loop
      vertex -57.9825 -34.7533 69
      vertex -56.2073 -37.5565 64.1
      vertex -56.2073 -37.5565 69
    endloop
  endfacet
  facet normal -0.122424 -0.992478 0
    outer loop
      vertex -9.91898 -66.8683 64.1
      vertex -6.62596 -67.2745 69
      vertex -9.91898 -66.8683 69
    endloop
  endfacet
  facet normal -0.122424 -0.992478 -0
    outer loop
      vertex -6.62596 -67.2745 69
      vertex -9.91898 -66.8683 64.1
      vertex -6.62596 -67.2745 64.1
    endloop
  endfacet
  facet normal -0.575794 -0.817595 0
    outer loop
      vertex -40.2693 -54.2968 64.1
      vertex -37.5565 -56.2073 69
      vertex -40.2693 -54.2968 69
    endloop
  endfacet
  facet normal -0.575794 -0.817595 -0
    outer loop
      vertex -37.5565 -56.2073 69
      vertex -40.2693 -54.2968 64.1
      vertex -37.5565 -56.2073 64.1
    endloop
  endfacet
  facet normal -0.492896 -0.870088 0
    outer loop
      vertex -34.7533 -57.9825 64.1
      vertex -31.8664 -59.6179 69
      vertex -34.7533 -57.9825 69
    endloop
  endfacet
  facet normal -0.492896 -0.870088 -0
    outer loop
      vertex -31.8664 -59.6179 69
      vertex -34.7533 -57.9825 64.1
      vertex -31.8664 -59.6179 64.1
    endloop
  endfacet
  facet normal 0.999699 -0.0245331 0
    outer loop
      vertex 67.5186 -3.31697 69
      vertex 67.6 0 64.1
      vertex 67.6 0 69
    endloop
  endfacet
  facet normal 0.999699 -0.0245331 0
    outer loop
      vertex 67.6 0 64.1
      vertex 67.5186 -3.31697 69
      vertex 67.5186 -3.31697 64.1
    endloop
  endfacet
  facet normal 0.757211 0.653171 0
    outer loop
      vertex 52.2555 42.885 69
      vertex 50.0883 45.3974 64.1
      vertex 50.0883 45.3974 69
    endloop
  endfacet
  facet normal 0.757211 0.653171 0
    outer loop
      vertex 50.0883 45.3974 64.1
      vertex 52.2555 42.885 69
      vertex 52.2555 42.885 64.1
    endloop
  endfacet
  facet normal 0.0245331 0.999699 -0
    outer loop
      vertex 3.31697 67.5186 64.1
      vertex 0 67.6 69
      vertex 3.31697 67.5186 69
    endloop
  endfacet
  facet normal 0.0245331 0.999699 0
    outer loop
      vertex 0 67.6 69
      vertex 3.31697 67.5186 64.1
      vertex 0 67.6 64.1
    endloop
  endfacet
  facet normal -0.975701 0.219106 0
    outer loop
      vertex -66.3011 13.1881 64.1
      vertex -65.5741 16.4255 69
      vertex -65.5741 16.4255 64.1
    endloop
  endfacet
  facet normal -0.975701 0.219106 0
    outer loop
      vertex -65.5741 16.4255 69
      vertex -66.3011 13.1881 64.1
      vertex -66.3011 13.1881 69
    endloop
  endfacet
  facet normal -0.914206 0.405249 0
    outer loop
      vertex -62.4543 25.8694 64.1
      vertex -61.1097 28.9027 69
      vertex -61.1097 28.9027 64.1
    endloop
  endfacet
  facet normal -0.914206 0.405249 0
    outer loop
      vertex -61.1097 28.9027 69
      vertex -62.4543 25.8694 64.1
      vertex -62.4543 25.8694 69
    endloop
  endfacet
  facet normal 0.0735688 0.99729 -0
    outer loop
      vertex 6.62596 67.2745 64.1
      vertex 3.31697 67.5186 69
      vertex 6.62596 67.2745 69
    endloop
  endfacet
  facet normal 0.0735688 0.99729 0
    outer loop
      vertex 3.31697 67.5186 69
      vertex 6.62596 67.2745 64.1
      vertex 3.31697 67.5186 64.1
    endloop
  endfacet
  facet normal 0.99729 -0.0735688 0
    outer loop
      vertex 67.2745 -6.62596 69
      vertex 67.5186 -3.31697 64.1
      vertex 67.5186 -3.31697 69
    endloop
  endfacet
  facet normal 0.99729 -0.0735688 0
    outer loop
      vertex 67.5186 -3.31697 64.1
      vertex 67.2745 -6.62596 69
      vertex 67.2745 -6.62596 64.1
    endloop
  endfacet
  facet normal 0.914206 -0.405249 0
    outer loop
      vertex 61.1097 -28.9027 69
      vertex 62.4543 -25.8694 64.1
      vertex 62.4543 -25.8694 69
    endloop
  endfacet
  facet normal 0.914206 -0.405249 0
    outer loop
      vertex 62.4543 -25.8694 64.1
      vertex 61.1097 -28.9027 69
      vertex 61.1097 -28.9027 64.1
    endloop
  endfacet
  facet normal 0.975701 -0.219106 0
    outer loop
      vertex 65.5741 -16.4255 69
      vertex 66.3011 -13.1881 64.1
      vertex 66.3011 -13.1881 69
    endloop
  endfacet
  facet normal 0.975701 -0.219106 0
    outer loop
      vertex 66.3011 -13.1881 64.1
      vertex 65.5741 -16.4255 69
      vertex 65.5741 -16.4255 64.1
    endloop
  endfacet
  facet normal 0.870088 -0.492896 0
    outer loop
      vertex 57.9825 -34.7533 69
      vertex 59.6179 -31.8664 64.1
      vertex 59.6179 -31.8664 69
    endloop
  endfacet
  facet normal 0.870088 -0.492896 0
    outer loop
      vertex 59.6179 -31.8664 64.1
      vertex 57.9825 -34.7533 69
      vertex 57.9825 -34.7533 64.1
    endloop
  endfacet
  facet normal 0.689549 -0.724239 0
    outer loop
      vertex 45.3974 -50.0883 64.1
      vertex 47.8004 -47.8004 69
      vertex 45.3974 -50.0883 69
    endloop
  endfacet
  facet normal 0.689549 -0.724239 0
    outer loop
      vertex 47.8004 -47.8004 69
      vertex 45.3974 -50.0883 64.1
      vertex 47.8004 -47.8004 64.1
    endloop
  endfacet
  facet normal 0.844841 -0.535018 0
    outer loop
      vertex 56.2073 -37.5565 69
      vertex 57.9825 -34.7533 64.1
      vertex 57.9825 -34.7533 69
    endloop
  endfacet
  facet normal 0.844841 -0.535018 0
    outer loop
      vertex 57.9825 -34.7533 64.1
      vertex 56.2073 -37.5565 69
      vertex 56.2073 -37.5565 64.1
    endloop
  endfacet
  facet normal 0.788348 -0.615229 0
    outer loop
      vertex 52.2555 -42.885 69
      vertex 54.2968 -40.2693 64.1
      vertex 54.2968 -40.2693 69
    endloop
  endfacet
  facet normal 0.788348 -0.615229 0
    outer loop
      vertex 54.2968 -40.2693 64.1
      vertex 52.2555 -42.885 69
      vertex 52.2555 -42.885 64.1
    endloop
  endfacet
  facet normal 0.757211 -0.653171 0
    outer loop
      vertex 50.0883 -45.3974 69
      vertex 52.2555 -42.885 64.1
      vertex 52.2555 -42.885 69
    endloop
  endfacet
  facet normal 0.757211 -0.653171 0
    outer loop
      vertex 52.2555 -42.885 64.1
      vertex 50.0883 -45.3974 69
      vertex 50.0883 -45.3974 64.1
    endloop
  endfacet
  facet normal 0.0735688 -0.99729 0
    outer loop
      vertex 3.31697 -67.5186 64.1
      vertex 6.62596 -67.2745 69
      vertex 3.31697 -67.5186 69
    endloop
  endfacet
  facet normal 0.0735688 -0.99729 0
    outer loop
      vertex 6.62596 -67.2745 69
      vertex 3.31697 -67.5186 64.1
      vertex 6.62596 -67.2745 64.1
    endloop
  endfacet
  facet normal 0.266706 -0.963778 0
    outer loop
      vertex 16.4255 -65.5741 64.1
      vertex 19.6232 -64.6892 69
      vertex 16.4255 -65.5741 69
    endloop
  endfacet
  facet normal 0.266706 -0.963778 0
    outer loop
      vertex 19.6232 -64.6892 69
      vertex 16.4255 -65.5741 64.1
      vertex 19.6232 -64.6892 64.1
    endloop
  endfacet
  facet normal 0.313677 -0.94953 0
    outer loop
      vertex 19.6232 -64.6892 64.1
      vertex 22.7738 -63.6484 69
      vertex 19.6232 -64.6892 69
    endloop
  endfacet
  facet normal 0.313677 -0.94953 0
    outer loop
      vertex 22.7738 -63.6484 69
      vertex 19.6232 -64.6892 64.1
      vertex 22.7738 -63.6484 64.1
    endloop
  endfacet
  facet normal 0.122424 -0.992478 0
    outer loop
      vertex 6.62596 -67.2745 64.1
      vertex 9.91898 -66.8683 69
      vertex 6.62596 -67.2745 69
    endloop
  endfacet
  facet normal 0.122424 -0.992478 0
    outer loop
      vertex 9.91898 -66.8683 69
      vertex 6.62596 -67.2745 64.1
      vertex 9.91898 -66.8683 64.1
    endloop
  endfacet
  facet normal 0.0245331 -0.999699 0
    outer loop
      vertex 0 -67.6 64.1
      vertex 3.31697 -67.5186 69
      vertex 0 -67.6 69
    endloop
  endfacet
  facet normal 0.0245331 -0.999699 0
    outer loop
      vertex 3.31697 -67.5186 69
      vertex 0 -67.6 64.1
      vertex 3.31697 -67.5186 64.1
    endloop
  endfacet
  facet normal 0.219106 -0.975701 0
    outer loop
      vertex 13.1881 -66.3011 64.1
      vertex 16.4255 -65.5741 69
      vertex 13.1881 -66.3011 69
    endloop
  endfacet
  facet normal 0.219106 -0.975701 0
    outer loop
      vertex 16.4255 -65.5741 69
      vertex 13.1881 -66.3011 64.1
      vertex 16.4255 -65.5741 64.1
    endloop
  endfacet
  facet normal 0.449611 -0.893224 0
    outer loop
      vertex 28.9027 -61.1097 64.1
      vertex 31.8664 -59.6179 69
      vertex 28.9027 -61.1097 69
    endloop
  endfacet
  facet normal 0.449611 -0.893224 0
    outer loop
      vertex 31.8664 -59.6179 69
      vertex 28.9027 -61.1097 64.1
      vertex 31.8664 -59.6179 64.1
    endloop
  endfacet
  facet normal 0.492896 -0.870088 0
    outer loop
      vertex 31.8664 -59.6179 64.1
      vertex 34.7533 -57.9825 69
      vertex 31.8664 -59.6179 69
    endloop
  endfacet
  facet normal 0.492896 -0.870088 0
    outer loop
      vertex 34.7533 -57.9825 69
      vertex 31.8664 -59.6179 64.1
      vertex 34.7533 -57.9825 64.1
    endloop
  endfacet
  facet normal 0.405249 -0.914206 0
    outer loop
      vertex 25.8694 -62.4543 64.1
      vertex 28.9027 -61.1097 69
      vertex 25.8694 -62.4543 69
    endloop
  endfacet
  facet normal 0.405249 -0.914206 0
    outer loop
      vertex 28.9027 -61.1097 69
      vertex 25.8694 -62.4543 64.1
      vertex 28.9027 -61.1097 64.1
    endloop
  endfacet
  facet normal 0.575794 -0.817595 0
    outer loop
      vertex 37.5565 -56.2073 64.1
      vertex 40.2693 -54.2968 69
      vertex 37.5565 -56.2073 69
    endloop
  endfacet
  facet normal 0.575794 -0.817595 0
    outer loop
      vertex 40.2693 -54.2968 69
      vertex 37.5565 -56.2073 64.1
      vertex 40.2693 -54.2968 64.1
    endloop
  endfacet
  facet normal 0.653171 -0.757211 0
    outer loop
      vertex 42.885 -52.2555 64.1
      vertex 45.3974 -50.0883 69
      vertex 42.885 -52.2555 69
    endloop
  endfacet
  facet normal 0.653171 -0.757211 0
    outer loop
      vertex 45.3974 -50.0883 69
      vertex 42.885 -52.2555 64.1
      vertex 45.3974 -50.0883 64.1
    endloop
  endfacet
  facet normal -0.992478 -0.122424 0
    outer loop
      vertex -66.8683 -9.91898 64.1
      vertex -67.2745 -6.62596 69
      vertex -67.2745 -6.62596 64.1
    endloop
  endfacet
  facet normal -0.992478 -0.122424 0
    outer loop
      vertex -67.2745 -6.62596 69
      vertex -66.8683 -9.91898 64.1
      vertex -66.8683 -9.91898 69
    endloop
  endfacet
  facet normal -0.94953 -0.313677 0
    outer loop
      vertex -63.6484 -22.7738 64.1
      vertex -64.6892 -19.6232 69
      vertex -64.6892 -19.6232 64.1
    endloop
  endfacet
  facet normal -0.94953 -0.313677 0
    outer loop
      vertex -64.6892 -19.6232 69
      vertex -63.6484 -22.7738 64.1
      vertex -63.6484 -22.7738 69
    endloop
  endfacet
  facet normal -0.932993 -0.359894 0
    outer loop
      vertex -62.4543 -25.8694 64.1
      vertex -63.6484 -22.7738 69
      vertex -63.6484 -22.7738 64.1
    endloop
  endfacet
  facet normal -0.932993 -0.359894 0
    outer loop
      vertex -63.6484 -22.7738 69
      vertex -62.4543 -25.8694 64.1
      vertex -62.4543 -25.8694 69
    endloop
  endfacet
  facet normal -0.98528 -0.170948 0
    outer loop
      vertex -66.3011 -13.1881 64.1
      vertex -66.8683 -9.91898 69
      vertex -66.8683 -9.91898 64.1
    endloop
  endfacet
  facet normal -0.98528 -0.170948 0
    outer loop
      vertex -66.8683 -9.91898 69
      vertex -66.3011 -13.1881 64.1
      vertex -66.3011 -13.1881 69
    endloop
  endfacet
  facet normal -0.99729 -0.0735688 0
    outer loop
      vertex -67.2745 -6.62596 64.1
      vertex -67.5186 -3.31697 69
      vertex -67.5186 -3.31697 64.1
    endloop
  endfacet
  facet normal -0.99729 -0.0735688 0
    outer loop
      vertex -67.5186 -3.31697 69
      vertex -67.2745 -6.62596 64.1
      vertex -67.2745 -6.62596 69
    endloop
  endfacet
  facet normal -0.963778 -0.266706 0
    outer loop
      vertex -64.6892 -19.6232 64.1
      vertex -65.5741 -16.4255 69
      vertex -65.5741 -16.4255 64.1
    endloop
  endfacet
  facet normal -0.963778 -0.266706 0
    outer loop
      vertex -65.5741 -16.4255 69
      vertex -64.6892 -19.6232 64.1
      vertex -64.6892 -19.6232 69
    endloop
  endfacet
  facet normal -0.893224 -0.449611 0
    outer loop
      vertex -59.6179 -31.8664 64.1
      vertex -61.1097 -28.9027 69
      vertex -61.1097 -28.9027 64.1
    endloop
  endfacet
  facet normal -0.893224 -0.449611 0
    outer loop
      vertex -61.1097 -28.9027 69
      vertex -59.6179 -31.8664 64.1
      vertex -59.6179 -31.8664 69
    endloop
  endfacet
  facet normal -0.788348 -0.615229 0
    outer loop
      vertex -52.2555 -42.885 64.1
      vertex -54.2968 -40.2693 69
      vertex -54.2968 -40.2693 64.1
    endloop
  endfacet
  facet normal -0.788348 -0.615229 0
    outer loop
      vertex -54.2968 -40.2693 69
      vertex -52.2555 -42.885 64.1
      vertex -52.2555 -42.885 69
    endloop
  endfacet
  facet normal -0.817744 -0.575582 0
    outer loop
      vertex -56.2073 -37.5565 64.1
      vertex -56.078 -37.7402 66.5
      vertex -56.2073 -37.5565 69
    endloop
  endfacet
  facet normal -0.817376 -0.576104 -5.98464e-05
    outer loop
      vertex -56.2073 -37.5565 64.1
      vertex -56.0562 -37.7711 66.213
      vertex -56.078 -37.7402 66.5
    endloop
  endfacet
  facet normal -0.818473 -0.574545 0.000176914
    outer loop
      vertex -56.2073 -37.5565 64.1
      vertex -56.0534 -37.7751 66.1765
      vertex -56.0562 -37.7711 66.213
    endloop
  endfacet
  facet normal -0.817628 -0.575747 -1.22092e-05
    outer loop
      vertex -56.2073 -37.5565 64.1
      vertex -55.9815 -37.8772 65.875
      vertex -56.0534 -37.7751 66.1765
    endloop
  endfacet
  facet normal -0.817635 -0.575737 -9.38747e-06
    outer loop
      vertex -56.2073 -37.5565 64.1
      vertex -55.8801 -38.0212 65.6454
      vertex -55.9815 -37.8772 65.875
    endloop
  endfacet
  facet normal -0.818437 -0.574596 0.000503117
    outer loop
      vertex -56.2073 -37.5565 64.1
      vertex -55.8672 -38.0396 65.6161
      vertex -55.8801 -38.0212 65.6454
    endloop
  endfacet
  facet normal -0.81677 -0.576963 -0.000624864
    outer loop
      vertex -56.2073 -37.5565 64.1
      vertex -55.8503 -38.0635 65.5937
      vertex -55.8672 -38.0396 65.6161
    endloop
  endfacet
  facet normal -0.817587 -0.575805 -3.64895e-05
    outer loop
      vertex -56.2073 -37.5565 64.1
      vertex -55.7181 -38.2512 65.4175
      vertex -55.8503 -38.0635 65.5937
    endloop
  endfacet
  facet normal -0.817669 -0.575688 5.55376e-05
    outer loop
      vertex -56.2073 -37.5565 64.1
      vertex -55.5642 -38.4698 65.3067
      vertex -55.7181 -38.2512 65.4175
    endloop
  endfacet
  facet normal -0.817093 -0.576505 -0.000869329
    outer loop
      vertex -56.2073 -37.5565 64.1
      vertex -55.5445 -38.4977 65.2926
      vertex -55.5642 -38.4698 65.3067
    endloop
  endfacet
  facet normal -0.817911 -0.575344 0.000500947
    outer loop
      vertex -56.2073 -37.5565 64.1
      vertex -55.5234 -38.5277 65.2878
      vertex -55.5445 -38.4977 65.2926
    endloop
  endfacet
  facet normal -0.817522 -0.575898 -0.000175537
    outer loop
      vertex -56.2073 -37.5565 64.1
      vertex -55.3582 -38.7622 65.25
      vertex -55.5234 -38.5277 65.2878
    endloop
  endfacet
  facet normal -0.817595 -0.575794 -1.34627e-05
    outer loop
      vertex -54.2968 -40.2693 64.1
      vertex -55.3582 -38.7622 65.25
      vertex -56.2073 -37.5565 64.1
    endloop
  endfacet
  facet normal -0.817886 -0.575379 -0.000826821
    outer loop
      vertex -55.3582 -38.7622 65.25
      vertex -54.2968 -40.2693 64.1
      vertex -55.3371 -38.7922 65.2548
    endloop
  endfacet
  facet normal -0.817521 -0.575899 0.000166615
    outer loop
      vertex -55.3371 -38.7922 65.2548
      vertex -54.2968 -40.2693 64.1
      vertex -55.1719 -39.0267 65.2926
    endloop
  endfacet
  facet normal -0.817572 -0.575827 5.50128e-05
    outer loop
      vertex -55.1719 -39.0267 65.2926
      vertex -54.2968 -40.2693 64.1
      vertex -55.018 -39.2452 65.4033
    endloop
  endfacet
  facet normal -0.818274 -0.574827 -0.00108864
    outer loop
      vertex -54.2968 -40.2693 64.1
      vertex -54.9814 -39.2973 65.44
      vertex -54.9983 -39.2732 65.4175
    endloop
  endfacet
  facet normal -0.815799 -0.578335 0.000780672
    outer loop
      vertex -54.6412 -39.7803 66.4632
      vertex -54.2968 -40.2693 64.1
      vertex -54.6384 -39.7842 66.5
    endloop
  endfacet
  facet normal -0.81742 -0.576042 6.99268e-05
    outer loop
      vertex -54.663 -39.7494 66.1765
      vertex -54.2968 -40.2693 64.1
      vertex -54.6412 -39.7803 66.4632
    endloop
  endfacet
  facet normal -0.817586 -0.575807 -1.82025e-05
    outer loop
      vertex -54.7349 -39.6473 65.875
      vertex -54.2968 -40.2693 64.1
      vertex -54.663 -39.7494 66.1765
    endloop
  endfacet
  facet normal -0.817966 -0.575266 -0.000301592
    outer loop
      vertex -54.7479 -39.6288 65.8456
      vertex -54.2968 -40.2693 64.1
      vertex -54.7349 -39.6473 65.875
    endloop
  endfacet
  facet normal -0.817491 -0.575941 6.85919e-05
    outer loop
      vertex -54.8493 -39.4849 65.6161
      vertex -54.2968 -40.2693 64.1
      vertex -54.7479 -39.6288 65.8456
    endloop
  endfacet
  facet normal -0.817606 -0.575778 -5.75832e-05
    outer loop
      vertex -54.9814 -39.2973 65.44
      vertex -54.2968 -40.2693 64.1
      vertex -54.8493 -39.4849 65.6161
    endloop
  endfacet
  facet normal -0.817785 -0.575523 -0.000301734
    outer loop
      vertex -55.018 -39.2452 65.4033
      vertex -54.2968 -40.2693 64.1
      vertex -54.9983 -39.2732 65.4175
    endloop
  endfacet
  facet normal -0.81737 -0.576113 5.84231e-05
    outer loop
      vertex -56.0562 -37.7711 66.787
      vertex -56.2073 -37.5565 69
      vertex -56.078 -37.7402 66.5
    endloop
  endfacet
  facet normal -0.818491 -0.574519 -0.000172676
    outer loop
      vertex -56.0534 -37.7751 66.8235
      vertex -56.2073 -37.5565 69
      vertex -56.0562 -37.7711 66.787
    endloop
  endfacet
  facet normal -0.817627 -0.575748 1.17765e-05
    outer loop
      vertex -55.9815 -37.8772 67.125
      vertex -56.2073 -37.5565 69
      vertex -56.0534 -37.7751 66.8235
    endloop
  endfacet
  facet normal -0.817635 -0.575737 8.99408e-06
    outer loop
      vertex -55.8801 -38.0212 67.3546
      vertex -56.2073 -37.5565 69
      vertex -55.9815 -37.8772 67.125
    endloop
  endfacet
  facet normal -0.818453 -0.574574 -0.000482034
    outer loop
      vertex -55.8672 -38.0396 67.3839
      vertex -56.2073 -37.5565 69
      vertex -55.8801 -38.0212 67.3546
    endloop
  endfacet
  facet normal -0.816757 -0.576982 0.000594651
    outer loop
      vertex -55.8503 -38.0635 67.4063
      vertex -56.2073 -37.5565 69
      vertex -55.8672 -38.0396 67.3839
    endloop
  endfacet
  facet normal -0.817586 -0.575806 3.47263e-05
    outer loop
      vertex -55.7181 -38.2512 67.5825
      vertex -56.2073 -37.5565 69
      vertex -55.8503 -38.0635 67.4063
    endloop
  endfacet
  facet normal -0.81767 -0.575687 -5.23993e-05
    outer loop
      vertex -55.5642 -38.4698 67.6933
      vertex -56.2073 -37.5565 69
      vertex -55.7181 -38.2512 67.5825
    endloop
  endfacet
  facet normal -0.817082 -0.576521 0.000820155
    outer loop
      vertex -55.5445 -38.4977 67.7074
      vertex -56.2073 -37.5565 69
      vertex -55.5642 -38.4698 67.6933
    endloop
  endfacet
  facet normal -0.817914 -0.575341 -0.000466238
    outer loop
      vertex -55.5234 -38.5277 67.7122
      vertex -56.2073 -37.5565 69
      vertex -55.5445 -38.4977 67.7074
    endloop
  endfacet
  facet normal -0.817521 -0.575899 0.000163383
    outer loop
      vertex -55.3582 -38.7622 67.75
      vertex -56.2073 -37.5565 69
      vertex -55.5234 -38.5277 67.7122
    endloop
  endfacet
  facet normal -0.817891 -0.575373 0.000771376
    outer loop
      vertex -54.2968 -40.2693 69
      vertex -55.3582 -38.7622 67.75
      vertex -55.3371 -38.7922 67.7452
    endloop
  endfacet
  facet normal -0.81752 -0.5759 -0.000155455
    outer loop
      vertex -54.2968 -40.2693 69
      vertex -55.3371 -38.7922 67.7452
      vertex -55.1719 -39.0267 67.7074
    endloop
  endfacet
  facet normal -0.817571 -0.575828 -5.21507e-05
    outer loop
      vertex -54.2968 -40.2693 69
      vertex -55.1719 -39.0267 67.7074
      vertex -55.018 -39.2452 67.5967
    endloop
  endfacet
  facet normal -0.817789 -0.575518 0.000286042
    outer loop
      vertex -54.2968 -40.2693 69
      vertex -55.018 -39.2452 67.5967
      vertex -54.9983 -39.2732 67.5825
    endloop
  endfacet
  facet normal -0.817607 -0.575776 5.51354e-05
    outer loop
      vertex -54.2968 -40.2693 69
      vertex -54.9814 -39.2973 67.56
      vertex -54.8493 -39.4849 67.3839
    endloop
  endfacet
  facet normal -0.817621 -0.575756 -0
    outer loop
      vertex -54.2968 -40.2693 69
      vertex -54.6384 -39.7842 66.5
      vertex -54.2968 -40.2693 64.1
    endloop
  endfacet
  facet normal -0.81575 -0.578405 -0.000769595
    outer loop
      vertex -54.6384 -39.7842 66.5
      vertex -54.2968 -40.2693 69
      vertex -54.6412 -39.7803 66.5368
    endloop
  endfacet
  facet normal -0.817595 -0.575794 1.23857e-05
    outer loop
      vertex -55.3582 -38.7622 67.75
      vertex -54.2968 -40.2693 69
      vertex -56.2073 -37.5565 69
    endloop
  endfacet
  facet normal -0.818295 -0.574798 0.00104229
    outer loop
      vertex -54.9814 -39.2973 67.56
      vertex -54.2968 -40.2693 69
      vertex -54.9983 -39.2732 67.5825
    endloop
  endfacet
  facet normal -0.81749 -0.575943 -6.61994e-05
    outer loop
      vertex -54.7479 -39.6288 67.1544
      vertex -54.2968 -40.2693 69
      vertex -54.8493 -39.4849 67.3839
    endloop
  endfacet
  facet normal -0.817974 -0.575255 0.000291062
    outer loop
      vertex -54.7349 -39.6473 67.125
      vertex -54.2968 -40.2693 69
      vertex -54.7479 -39.6288 67.1544
    endloop
  endfacet
  facet normal -0.817586 -0.575806 1.77122e-05
    outer loop
      vertex -54.663 -39.7494 66.8235
      vertex -54.2968 -40.2693 69
      vertex -54.7349 -39.6473 67.125
    endloop
  endfacet
  facet normal -0.817416 -0.576048 -6.89275e-05
    outer loop
      vertex -54.6412 -39.7803 66.5368
      vertex -54.2968 -40.2693 69
      vertex -54.663 -39.7494 66.8235
    endloop
  endfacet
  facet normal -0.313677 -0.94953 0
    outer loop
      vertex -22.7738 -63.6484 64.1
      vertex -19.6232 -64.6892 69
      vertex -22.7738 -63.6484 69
    endloop
  endfacet
  facet normal -0.313677 -0.94953 -0
    outer loop
      vertex -19.6232 -64.6892 69
      vertex -22.7738 -63.6484 64.1
      vertex -19.6232 -64.6892 64.1
    endloop
  endfacet
  facet normal -0.266706 -0.963778 0
    outer loop
      vertex -19.6232 -64.6892 64.1
      vertex -16.4255 -65.5741 69
      vertex -19.6232 -64.6892 69
    endloop
  endfacet
  facet normal -0.266706 -0.963778 -0
    outer loop
      vertex -16.4255 -65.5741 69
      vertex -19.6232 -64.6892 64.1
      vertex -16.4255 -65.5741 64.1
    endloop
  endfacet
  facet normal -0.359894 -0.932993 0
    outer loop
      vertex -25.8694 -62.4543 64.1
      vertex -22.7738 -63.6484 69
      vertex -25.8694 -62.4543 69
    endloop
  endfacet
  facet normal -0.359894 -0.932993 -0
    outer loop
      vertex -22.7738 -63.6484 69
      vertex -25.8694 -62.4543 64.1
      vertex -22.7738 -63.6484 64.1
    endloop
  endfacet
  facet normal -0.170948 -0.98528 0
    outer loop
      vertex -13.1881 -66.3011 64.1
      vertex -9.91898 -66.8683 69
      vertex -13.1881 -66.3011 69
    endloop
  endfacet
  facet normal -0.170948 -0.98528 -0
    outer loop
      vertex -9.91898 -66.8683 69
      vertex -13.1881 -66.3011 64.1
      vertex -9.91898 -66.8683 64.1
    endloop
  endfacet
  facet normal -0.0735688 -0.99729 0
    outer loop
      vertex -6.62596 -67.2745 64.1
      vertex -3.31697 -67.5186 69
      vertex -6.62596 -67.2745 69
    endloop
  endfacet
  facet normal -0.0735688 -0.99729 -0
    outer loop
      vertex -3.31697 -67.5186 69
      vertex -6.62596 -67.2745 64.1
      vertex -3.31697 -67.5186 64.1
    endloop
  endfacet
  facet normal -0.535018 -0.844841 0
    outer loop
      vertex -37.5565 -56.2073 64.1
      vertex -34.7533 -57.9825 69
      vertex -37.5565 -56.2073 69
    endloop
  endfacet
  facet normal -0.535018 -0.844841 -0
    outer loop
      vertex -34.7533 -57.9825 69
      vertex -37.5565 -56.2073 64.1
      vertex -34.7533 -57.9825 64.1
    endloop
  endfacet
  facet normal -0.449611 -0.893224 0
    outer loop
      vertex -31.8664 -59.6179 64.1
      vertex -28.9027 -61.1097 69
      vertex -31.8664 -59.6179 69
    endloop
  endfacet
  facet normal -0.449611 -0.893224 -0
    outer loop
      vertex -28.9027 -61.1097 69
      vertex -31.8664 -59.6179 64.1
      vertex -28.9027 -61.1097 64.1
    endloop
  endfacet
  facet normal -0.653171 -0.757211 0
    outer loop
      vertex -45.3974 -50.0883 64.1
      vertex -42.885 -52.2555 69
      vertex -45.3974 -50.0883 69
    endloop
  endfacet
  facet normal -0.653171 -0.757211 -0
    outer loop
      vertex -42.885 -52.2555 69
      vertex -45.3974 -50.0883 64.1
      vertex -42.885 -52.2555 64.1
    endloop
  endfacet
  facet normal -0.689549 -0.724239 0
    outer loop
      vertex -47.8004 -47.8004 64.1
      vertex -45.3974 -50.0883 69
      vertex -47.8004 -47.8004 69
    endloop
  endfacet
  facet normal -0.689549 -0.724239 -0
    outer loop
      vertex -45.3974 -50.0883 69
      vertex -47.8004 -47.8004 64.1
      vertex -45.3974 -50.0883 64.1
    endloop
  endfacet
  facet normal -0.615229 -0.788348 0
    outer loop
      vertex -42.885 -52.2555 64.1
      vertex -40.2693 -54.2968 69
      vertex -42.885 -52.2555 69
    endloop
  endfacet
  facet normal -0.615229 -0.788348 -0
    outer loop
      vertex -40.2693 -54.2968 69
      vertex -42.885 -52.2555 64.1
      vertex -40.2693 -54.2968 64.1
    endloop
  endfacet
  facet normal -0.724239 -0.689549 0
    outer loop
      vertex -47.8004 -47.8004 64.1
      vertex -50.0883 -45.3974 69
      vertex -50.0883 -45.3974 64.1
    endloop
  endfacet
  facet normal -0.724239 -0.689549 0
    outer loop
      vertex -50.0883 -45.3974 69
      vertex -47.8004 -47.8004 64.1
      vertex -47.8004 -47.8004 69
    endloop
  endfacet
  facet normal 0.999699 0.0245331 0
    outer loop
      vertex 67.6 0 69
      vertex 67.5186 3.31697 64.1
      vertex 67.5186 3.31697 69
    endloop
  endfacet
  facet normal 0.999699 0.0245331 0
    outer loop
      vertex 67.5186 3.31697 64.1
      vertex 67.6 0 69
      vertex 67.6 0 64.1
    endloop
  endfacet
  facet normal 0.992478 0.122424 0
    outer loop
      vertex 67.2745 6.62596 69
      vertex 66.8683 9.91898 64.1
      vertex 66.8683 9.91898 69
    endloop
  endfacet
  facet normal 0.992478 0.122424 0
    outer loop
      vertex 66.8683 9.91898 64.1
      vertex 67.2745 6.62596 69
      vertex 67.2745 6.62596 64.1
    endloop
  endfacet
  facet normal 0.870088 0.492896 0
    outer loop
      vertex 59.6179 31.8664 69
      vertex 57.9825 34.7533 64.1
      vertex 57.9825 34.7533 69
    endloop
  endfacet
  facet normal 0.870088 0.492896 0
    outer loop
      vertex 57.9825 34.7533 64.1
      vertex 59.6179 31.8664 69
      vertex 59.6179 31.8664 64.1
    endloop
  endfacet
  facet normal 0.932993 0.359894 0
    outer loop
      vertex 63.6484 22.7738 69
      vertex 62.4543 25.8694 64.1
      vertex 62.4543 25.8694 69
    endloop
  endfacet
  facet normal 0.932993 0.359894 0
    outer loop
      vertex 62.4543 25.8694 64.1
      vertex 63.6484 22.7738 69
      vertex 63.6484 22.7738 64.1
    endloop
  endfacet
  facet normal 0.724239 0.689549 0
    outer loop
      vertex 50.0883 45.3974 69
      vertex 47.8004 47.8004 64.1
      vertex 47.8004 47.8004 69
    endloop
  endfacet
  facet normal 0.724239 0.689549 0
    outer loop
      vertex 47.8004 47.8004 64.1
      vertex 50.0883 45.3974 69
      vertex 50.0883 45.3974 64.1
    endloop
  endfacet
  facet normal -0.992478 0.122424 0
    outer loop
      vertex -67.2745 6.62596 64.1
      vertex -66.8683 9.91898 69
      vertex -66.8683 9.91898 64.1
    endloop
  endfacet
  facet normal -0.992478 0.122424 0
    outer loop
      vertex -66.8683 9.91898 69
      vertex -67.2745 6.62596 64.1
      vertex -67.2745 6.62596 69
    endloop
  endfacet
  facet normal -0.932993 0.359894 0
    outer loop
      vertex -63.6484 22.7738 64.1
      vertex -62.4543 25.8694 69
      vertex -62.4543 25.8694 64.1
    endloop
  endfacet
  facet normal -0.932993 0.359894 0
    outer loop
      vertex -62.4543 25.8694 69
      vertex -63.6484 22.7738 64.1
      vertex -63.6484 22.7738 69
    endloop
  endfacet
  facet normal 0.219106 0.975701 -0
    outer loop
      vertex 16.4255 65.5741 64.1
      vertex 13.1881 66.3011 69
      vertex 16.4255 65.5741 69
    endloop
  endfacet
  facet normal 0.219106 0.975701 0
    outer loop
      vertex 13.1881 66.3011 69
      vertex 16.4255 65.5741 64.1
      vertex 13.1881 66.3011 64.1
    endloop
  endfacet
  facet normal 0.359894 0.932993 -0
    outer loop
      vertex 25.8694 62.4543 64.1
      vertex 22.7738 63.6484 69
      vertex 25.8694 62.4543 69
    endloop
  endfacet
  facet normal 0.359894 0.932993 0
    outer loop
      vertex 22.7738 63.6484 69
      vertex 25.8694 62.4543 64.1
      vertex 22.7738 63.6484 64.1
    endloop
  endfacet
  facet normal 0.963778 -0.266706 0
    outer loop
      vertex 64.6892 -19.6232 69
      vertex 65.5741 -16.4255 64.1
      vertex 65.5741 -16.4255 69
    endloop
  endfacet
  facet normal 0.963778 -0.266706 0
    outer loop
      vertex 65.5741 -16.4255 64.1
      vertex 64.6892 -19.6232 69
      vertex 64.6892 -19.6232 64.1
    endloop
  endfacet
  facet normal 0.932993 -0.359894 0
    outer loop
      vertex 62.4543 -25.8694 69
      vertex 63.6484 -22.7738 64.1
      vertex 63.6484 -22.7738 69
    endloop
  endfacet
  facet normal 0.932993 -0.359894 0
    outer loop
      vertex 63.6484 -22.7738 64.1
      vertex 62.4543 -25.8694 69
      vertex 62.4543 -25.8694 64.1
    endloop
  endfacet
  facet normal 0.98528 -0.170948 0
    outer loop
      vertex 66.3011 -13.1881 69
      vertex 66.8683 -9.91898 64.1
      vertex 66.8683 -9.91898 69
    endloop
  endfacet
  facet normal 0.98528 -0.170948 0
    outer loop
      vertex 66.8683 -9.91898 64.1
      vertex 66.3011 -13.1881 69
      vertex 66.3011 -13.1881 64.1
    endloop
  endfacet
  facet normal 0.99729 0.0735688 0
    outer loop
      vertex 67.5186 3.31697 69
      vertex 67.2745 6.62596 64.1
      vertex 67.2745 6.62596 69
    endloop
  endfacet
  facet normal 0.99729 0.0735688 0
    outer loop
      vertex 67.2745 6.62596 64.1
      vertex 67.5186 3.31697 69
      vertex 67.5186 3.31697 64.1
    endloop
  endfacet
  facet normal 0.975701 0.219106 0
    outer loop
      vertex 66.3011 13.1881 69
      vertex 65.5741 16.4255 64.1
      vertex 65.5741 16.4255 69
    endloop
  endfacet
  facet normal 0.975701 0.219106 0
    outer loop
      vertex 65.5741 16.4255 64.1
      vertex 66.3011 13.1881 69
      vertex 66.3011 13.1881 64.1
    endloop
  endfacet
  facet normal 0.98528 0.170948 0
    outer loop
      vertex 66.8683 9.91898 69
      vertex 66.3011 13.1881 64.1
      vertex 66.3011 13.1881 69
    endloop
  endfacet
  facet normal 0.98528 0.170948 0
    outer loop
      vertex 66.3011 13.1881 64.1
      vertex 66.8683 9.91898 69
      vertex 66.8683 9.91898 64.1
    endloop
  endfacet
  facet normal 0.963778 0.266706 0
    outer loop
      vertex 65.5741 16.4255 69
      vertex 64.6892 19.6232 64.1
      vertex 64.6892 19.6232 69
    endloop
  endfacet
  facet normal 0.963778 0.266706 0
    outer loop
      vertex 64.6892 19.6232 64.1
      vertex 65.5741 16.4255 69
      vertex 65.5741 16.4255 64.1
    endloop
  endfacet
  facet normal 0.575794 0.817595 -0
    outer loop
      vertex 40.2693 54.2968 64.1
      vertex 37.5565 56.2073 69
      vertex 40.2693 54.2968 69
    endloop
  endfacet
  facet normal 0.575794 0.817595 0
    outer loop
      vertex 37.5565 56.2073 69
      vertex 40.2693 54.2968 64.1
      vertex 37.5565 56.2073 64.1
    endloop
  endfacet
  facet normal 0.689549 0.724239 -0
    outer loop
      vertex 47.8004 47.8004 64.1
      vertex 45.3974 50.0883 69
      vertex 47.8004 47.8004 69
    endloop
  endfacet
  facet normal 0.689549 0.724239 0
    outer loop
      vertex 45.3974 50.0883 69
      vertex 47.8004 47.8004 64.1
      vertex 45.3974 50.0883 64.1
    endloop
  endfacet
  facet normal -0.313677 0.94953 0
    outer loop
      vertex -19.6232 64.6892 64.1
      vertex -22.7738 63.6484 69
      vertex -19.6232 64.6892 69
    endloop
  endfacet
  facet normal -0.313677 0.94953 0
    outer loop
      vertex -22.7738 63.6484 69
      vertex -19.6232 64.6892 64.1
      vertex -22.7738 63.6484 64.1
    endloop
  endfacet
  facet normal -0.757211 0.653171 0
    outer loop
      vertex -52.2555 42.885 64.1
      vertex -50.0883 45.3974 69
      vertex -50.0883 45.3974 64.1
    endloop
  endfacet
  facet normal -0.757211 0.653171 0
    outer loop
      vertex -50.0883 45.3974 69
      vertex -52.2555 42.885 64.1
      vertex -52.2555 42.885 69
    endloop
  endfacet
  facet normal -0.94953 0.313677 0
    outer loop
      vertex -64.6892 19.6232 64.1
      vertex -63.6484 22.7738 69
      vertex -63.6484 22.7738 64.1
    endloop
  endfacet
  facet normal -0.94953 0.313677 0
    outer loop
      vertex -63.6484 22.7738 69
      vertex -64.6892 19.6232 64.1
      vertex -64.6892 19.6232 69
    endloop
  endfacet
  facet normal -0.98528 0.170948 0
    outer loop
      vertex -66.8683 9.91898 64.1
      vertex -66.3011 13.1881 69
      vertex -66.3011 13.1881 64.1
    endloop
  endfacet
  facet normal -0.98528 0.170948 0
    outer loop
      vertex -66.3011 13.1881 69
      vertex -66.8683 9.91898 64.1
      vertex -66.8683 9.91898 69
    endloop
  endfacet
  facet normal 0 0 1
    outer loop
      vertex 58.1 0 69
      vertex 67.6 0 69
      vertex 67.5186 3.31697 69
    endloop
  endfacet
  facet normal 0 0 1
    outer loop
      vertex 58.03 2.85083 69
      vertex 67.5186 3.31697 69
      vertex 67.2745 6.62596 69
    endloop
  endfacet
  facet normal 0 0 1
    outer loop
      vertex 67.6 0 69
      vertex 58.1 0 69
      vertex 67.5186 -3.31697 69
    endloop
  endfacet
  facet normal 0 0 1
    outer loop
      vertex 57.8202 5.6948 69
      vertex 67.2745 6.62596 69
      vertex 66.8683 9.91898 69
    endloop
  endfacet
  facet normal -0 0 1
    outer loop
      vertex 58.03 -2.85083 69
      vertex 67.5186 -3.31697 69
      vertex 58.1 0 69
    endloop
  endfacet
  facet normal 0 0 1
    outer loop
      vertex 57.4712 8.52504 69
      vertex 66.8683 9.91898 69
      vertex 66.3011 13.1881 69
    endloop
  endfacet
  facet normal 0 0 1
    outer loop
      vertex 67.5186 -3.31697 69
      vertex 58.03 -2.85083 69
      vertex 67.2745 -6.62596 69
    endloop
  endfacet
  facet normal 0 0 1
    outer loop
      vertex 56.9836 11.3347 69
      vertex 66.3011 13.1881 69
      vertex 65.5741 16.4255 69
    endloop
  endfacet
  facet normal -0 0 1
    outer loop
      vertex 57.8202 -5.6948 69
      vertex 67.2745 -6.62596 69
      vertex 58.03 -2.85083 69
    endloop
  endfacet
  facet normal 0 0 1
    outer loop
      vertex 56.3588 14.1171 69
      vertex 65.5741 16.4255 69
      vertex 64.6892 19.6232 69
    endloop
  endfacet
  facet normal 0 0 1
    outer loop
      vertex 67.2745 -6.62596 69
      vertex 57.8202 -5.6948 69
      vertex 66.8683 -9.91898 69
    endloop
  endfacet
  facet normal 0 0 1
    outer loop
      vertex 55.5982 16.8655 69
      vertex 64.6892 19.6232 69
      vertex 63.6484 22.7738 69
    endloop
  endfacet
  facet normal -0 0 1
    outer loop
      vertex 57.4712 -8.52504 69
      vertex 66.8683 -9.91898 69
      vertex 57.8202 -5.6948 69
    endloop
  endfacet
  facet normal 0 0 1
    outer loop
      vertex 54.7037 19.5733 69
      vertex 63.6484 22.7738 69
      vertex 62.4543 25.8694 69
    endloop
  endfacet
  facet normal 0 0 1
    outer loop
      vertex 66.8683 -9.91898 69
      vertex 57.4712 -8.52504 69
      vertex 66.3011 -13.1881 69
    endloop
  endfacet
  facet normal 0 0 1
    outer loop
      vertex 53.6774 22.2339 69
      vertex 62.4543 25.8694 69
      vertex 61.1097 28.9027 69
    endloop
  endfacet
  facet normal -0 0 1
    outer loop
      vertex 56.9836 -11.3347 69
      vertex 66.3011 -13.1881 69
      vertex 57.4712 -8.52504 69
    endloop
  endfacet
  facet normal 0 0 1
    outer loop
      vertex 52.5218 24.841 69
      vertex 61.1097 28.9027 69
      vertex 59.6179 31.8664 69
    endloop
  endfacet
  facet normal 0 0 1
    outer loop
      vertex 66.3011 -13.1881 69
      vertex 56.9836 -11.3347 69
      vertex 65.5741 -16.4255 69
    endloop
  endfacet
  facet normal -0 0 1
    outer loop
      vertex 56.3588 -14.1171 69
      vertex 65.5741 -16.4255 69
      vertex 56.9836 -11.3347 69
    endloop
  endfacet
  facet normal 0 0 1
    outer loop
      vertex 67.5186 3.31697 69
      vertex 58.03 2.85083 69
      vertex 58.1 0 69
    endloop
  endfacet
  facet normal 0 0 1
    outer loop
      vertex 51.2396 27.3881 69
      vertex 59.6179 31.8664 69
      vertex 57.9825 34.7533 69
    endloop
  endfacet
  facet normal 0 0 1
    outer loop
      vertex 67.2745 6.62596 69
      vertex 57.8202 5.6948 69
      vertex 58.03 2.85083 69
    endloop
  endfacet
  facet normal 0 0 1
    outer loop
      vertex 66.8683 9.91898 69
      vertex 57.4712 8.52504 69
      vertex 57.8202 5.6948 69
    endloop
  endfacet
  facet normal 0 0 1
    outer loop
      vertex 66.3011 13.1881 69
      vertex 56.9836 11.3347 69
      vertex 57.4712 8.52504 69
    endloop
  endfacet
  facet normal 0 0 1
    outer loop
      vertex 65.5741 16.4255 69
      vertex 56.3588 14.1171 69
      vertex 56.9836 11.3347 69
    endloop
  endfacet
  facet normal 0 0 1
    outer loop
      vertex 49.834 29.8694 69
      vertex 57.9825 34.7533 69
      vertex 56.2073 37.5565 69
    endloop
  endfacet
  facet normal 0 0 1
    outer loop
      vertex 64.6892 19.6232 69
      vertex 55.5982 16.8655 69
      vertex 56.3588 14.1171 69
    endloop
  endfacet
  facet normal 0 0 1
    outer loop
      vertex 63.6484 22.7738 69
      vertex 54.7037 19.5733 69
      vertex 55.5982 16.8655 69
    endloop
  endfacet
  facet normal 0 0 1
    outer loop
      vertex 48.3084 32.2786 69
      vertex 56.2073 37.5565 69
      vertex 54.2968 40.2693 69
    endloop
  endfacet
  facet normal 0 0 1
    outer loop
      vertex 62.4543 25.8694 69
      vertex 53.6774 22.2339 69
      vertex 54.7037 19.5733 69
    endloop
  endfacet
  facet normal 0 0 1
    outer loop
      vertex 61.1097 28.9027 69
      vertex 52.5218 24.841 69
      vertex 53.6774 22.2339 69
    endloop
  endfacet
  facet normal 0 0 1
    outer loop
      vertex 46.6664 34.6101 69
      vertex 54.2968 40.2693 69
      vertex 52.2555 42.885 69
    endloop
  endfacet
  facet normal 0 0 1
    outer loop
      vertex 59.6179 31.8664 69
      vertex 51.2396 27.3881 69
      vertex 52.5218 24.841 69
    endloop
  endfacet
  facet normal 0 0 1
    outer loop
      vertex 44.9119 36.8582 69
      vertex 52.2555 42.885 69
      vertex 50.0883 45.3974 69
    endloop
  endfacet
  facet normal 0 0 1
    outer loop
      vertex 57.9825 34.7533 69
      vertex 49.834 29.8694 69
      vertex 51.2396 27.3881 69
    endloop
  endfacet
  facet normal 0 0 1
    outer loop
      vertex 56.2073 37.5565 69
      vertex 48.3084 32.2786 69
      vertex 49.834 29.8694 69
    endloop
  endfacet
  facet normal 0 0 1
    outer loop
      vertex 43.0493 39.0176 69
      vertex 50.0883 45.3974 69
      vertex 47.8004 47.8004 69
    endloop
  endfacet
  facet normal 0 0 1
    outer loop
      vertex 54.2968 40.2693 69
      vertex 46.6664 34.6101 69
      vertex 48.3084 32.2786 69
    endloop
  endfacet
  facet normal 0 0 1
    outer loop
      vertex 41.0829 41.0829 69
      vertex 47.8004 47.8004 69
      vertex 45.3974 50.0883 69
    endloop
  endfacet
  facet normal 0 0 1
    outer loop
      vertex 52.2555 42.885 69
      vertex 44.9119 36.8582 69
      vertex 46.6664 34.6101 69
    endloop
  endfacet
  facet normal 0 0 1
    outer loop
      vertex 50.0883 45.3974 69
      vertex 43.0493 39.0176 69
      vertex 44.9119 36.8582 69
    endloop
  endfacet
  facet normal 0 0 1
    outer loop
      vertex 39.0176 43.0493 69
      vertex 45.3974 50.0883 69
      vertex 42.885 52.2555 69
    endloop
  endfacet
  facet normal 0 0 1
    outer loop
      vertex 47.8004 47.8004 69
      vertex 41.0829 41.0829 69
      vertex 43.0493 39.0176 69
    endloop
  endfacet
  facet normal 0 0 1
    outer loop
      vertex 36.8582 44.9119 69
      vertex 42.885 52.2555 69
      vertex 40.2693 54.2968 69
    endloop
  endfacet
  facet normal 0 0 1
    outer loop
      vertex 45.3974 50.0883 69
      vertex 39.0176 43.0493 69
      vertex 41.0829 41.0829 69
    endloop
  endfacet
  facet normal 0 0 1
    outer loop
      vertex 34.6101 46.6664 69
      vertex 40.2693 54.2968 69
      vertex 37.5565 56.2073 69
    endloop
  endfacet
  facet normal 0 0 1
    outer loop
      vertex 42.885 52.2555 69
      vertex 36.8582 44.9119 69
      vertex 39.0176 43.0493 69
    endloop
  endfacet
  facet normal 0 0 1
    outer loop
      vertex 32.2786 48.3084 69
      vertex 37.5565 56.2073 69
      vertex 34.7533 57.9825 69
    endloop
  endfacet
  facet normal 0 0 1
    outer loop
      vertex 40.2693 54.2968 69
      vertex 34.6101 46.6664 69
      vertex 36.8582 44.9119 69
    endloop
  endfacet
  facet normal 0 0 1
    outer loop
      vertex 37.5565 56.2073 69
      vertex 32.2786 48.3084 69
      vertex 34.6101 46.6664 69
    endloop
  endfacet
  facet normal 0 0 1
    outer loop
      vertex 29.8694 49.834 69
      vertex 34.7533 57.9825 69
      vertex 31.8664 59.6179 69
    endloop
  endfacet
  facet normal 0 0 1
    outer loop
      vertex 34.7533 57.9825 69
      vertex 29.8694 49.834 69
      vertex 32.2786 48.3084 69
    endloop
  endfacet
  facet normal 0 0 1
    outer loop
      vertex 27.3881 51.2396 69
      vertex 31.8664 59.6179 69
      vertex 28.9027 61.1097 69
    endloop
  endfacet
  facet normal 0 0 1
    outer loop
      vertex 31.8664 59.6179 69
      vertex 27.3881 51.2396 69
      vertex 29.8694 49.834 69
    endloop
  endfacet
  facet normal 0 0 1
    outer loop
      vertex 24.841 52.5218 69
      vertex 28.9027 61.1097 69
      vertex 25.8694 62.4543 69
    endloop
  endfacet
  facet normal 0 0 1
    outer loop
      vertex 28.9027 61.1097 69
      vertex 24.841 52.5218 69
      vertex 27.3881 51.2396 69
    endloop
  endfacet
  facet normal 0 0 1
    outer loop
      vertex 22.2339 53.6774 69
      vertex 25.8694 62.4543 69
      vertex 22.7738 63.6484 69
    endloop
  endfacet
  facet normal 0 0 1
    outer loop
      vertex 25.8694 62.4543 69
      vertex 22.2339 53.6774 69
      vertex 24.841 52.5218 69
    endloop
  endfacet
  facet normal 0 0 1
    outer loop
      vertex 19.5733 54.7037 69
      vertex 22.7738 63.6484 69
      vertex 19.6232 64.6892 69
    endloop
  endfacet
  facet normal 0 0 1
    outer loop
      vertex 22.7738 63.6484 69
      vertex 19.5733 54.7037 69
      vertex 22.2339 53.6774 69
    endloop
  endfacet
  facet normal 0 0 1
    outer loop
      vertex 19.6232 64.6892 69
      vertex 16.8655 55.5982 69
      vertex 19.5733 54.7037 69
    endloop
  endfacet
  facet normal 0 0 1
    outer loop
      vertex 16.4255 65.5741 69
      vertex 16.8655 55.5982 69
      vertex 19.6232 64.6892 69
    endloop
  endfacet
  facet normal 0 0 1
    outer loop
      vertex 16.4255 65.5741 69
      vertex 14.1171 56.3588 69
      vertex 16.8655 55.5982 69
    endloop
  endfacet
  facet normal 0 0 1
    outer loop
      vertex 13.1881 66.3011 69
      vertex 14.1171 56.3588 69
      vertex 16.4255 65.5741 69
    endloop
  endfacet
  facet normal 0 0 1
    outer loop
      vertex 13.1881 66.3011 69
      vertex 11.3347 56.9836 69
      vertex 14.1171 56.3588 69
    endloop
  endfacet
  facet normal 0 0 1
    outer loop
      vertex 9.91898 66.8683 69
      vertex 11.3347 56.9836 69
      vertex 13.1881 66.3011 69
    endloop
  endfacet
  facet normal 0 0 1
    outer loop
      vertex 9.91898 66.8683 69
      vertex 8.52504 57.4712 69
      vertex 11.3347 56.9836 69
    endloop
  endfacet
  facet normal 0 0 1
    outer loop
      vertex 6.62596 67.2745 69
      vertex 8.52504 57.4712 69
      vertex 9.91898 66.8683 69
    endloop
  endfacet
  facet normal 0 0 1
    outer loop
      vertex 6.62596 67.2745 69
      vertex 5.6948 57.8202 69
      vertex 8.52504 57.4712 69
    endloop
  endfacet
  facet normal 0 0 1
    outer loop
      vertex 3.31697 67.5186 69
      vertex 5.6948 57.8202 69
      vertex 6.62596 67.2745 69
    endloop
  endfacet
  facet normal 0 0 1
    outer loop
      vertex 3.31697 67.5186 69
      vertex 2.85083 58.03 69
      vertex 5.6948 57.8202 69
    endloop
  endfacet
  facet normal 0 0 1
    outer loop
      vertex 0 67.6 69
      vertex 2.85083 58.03 69
      vertex 3.31697 67.5186 69
    endloop
  endfacet
  facet normal 0 0 1
    outer loop
      vertex 0 67.6 69
      vertex 0 58.1 69
      vertex 2.85083 58.03 69
    endloop
  endfacet
  facet normal 0 0 1
    outer loop
      vertex 0 67.6 69
      vertex -2.85083 58.03 69
      vertex 0 58.1 69
    endloop
  endfacet
  facet normal -0 0 1
    outer loop
      vertex -3.31697 67.5186 69
      vertex -2.85083 58.03 69
      vertex 0 67.6 69
    endloop
  endfacet
  facet normal 0 0 1
    outer loop
      vertex -3.31697 67.5186 69
      vertex -5.6948 57.8202 69
      vertex -2.85083 58.03 69
    endloop
  endfacet
  facet normal -0 0 1
    outer loop
      vertex -6.62596 67.2745 69
      vertex -5.6948 57.8202 69
      vertex -3.31697 67.5186 69
    endloop
  endfacet
  facet normal 0 0 1
    outer loop
      vertex -6.62596 67.2745 69
      vertex -8.52504 57.4712 69
      vertex -5.6948 57.8202 69
    endloop
  endfacet
  facet normal -0 0 1
    outer loop
      vertex -9.91898 66.8683 69
      vertex -8.52504 57.4712 69
      vertex -6.62596 67.2745 69
    endloop
  endfacet
  facet normal 0 0 1
    outer loop
      vertex -9.91898 66.8683 69
      vertex -11.3347 56.9836 69
      vertex -8.52504 57.4712 69
    endloop
  endfacet
  facet normal -0 0 1
    outer loop
      vertex -13.1881 66.3011 69
      vertex -11.3347 56.9836 69
      vertex -9.91898 66.8683 69
    endloop
  endfacet
  facet normal 0 0 1
    outer loop
      vertex -13.1881 66.3011 69
      vertex -14.1171 56.3588 69
      vertex -11.3347 56.9836 69
    endloop
  endfacet
  facet normal -0 0 1
    outer loop
      vertex -16.4255 65.5741 69
      vertex -14.1171 56.3588 69
      vertex -13.1881 66.3011 69
    endloop
  endfacet
  facet normal 0 0 1
    outer loop
      vertex -16.4255 65.5741 69
      vertex -16.8655 55.5982 69
      vertex -14.1171 56.3588 69
    endloop
  endfacet
  facet normal -0 0 1
    outer loop
      vertex -19.6232 64.6892 69
      vertex -16.8655 55.5982 69
      vertex -16.4255 65.5741 69
    endloop
  endfacet
  facet normal 0 0 1
    outer loop
      vertex -16.8655 55.5982 69
      vertex -19.6232 64.6892 69
      vertex -19.5733 54.7037 69
    endloop
  endfacet
  facet normal -0 0 1
    outer loop
      vertex -22.7738 63.6484 69
      vertex -19.5733 54.7037 69
      vertex -19.6232 64.6892 69
    endloop
  endfacet
  facet normal 0 0 1
    outer loop
      vertex -19.5733 54.7037 69
      vertex -22.7738 63.6484 69
      vertex -22.2339 53.6774 69
    endloop
  endfacet
  facet normal -0 0 1
    outer loop
      vertex -25.8694 62.4543 69
      vertex -22.2339 53.6774 69
      vertex -22.7738 63.6484 69
    endloop
  endfacet
  facet normal 0 0 1
    outer loop
      vertex -22.2339 53.6774 69
      vertex -25.8694 62.4543 69
      vertex -24.841 52.5218 69
    endloop
  endfacet
  facet normal -0 0 1
    outer loop
      vertex -28.9027 61.1097 69
      vertex -24.841 52.5218 69
      vertex -25.8694 62.4543 69
    endloop
  endfacet
  facet normal 0 0 1
    outer loop
      vertex -24.841 52.5218 69
      vertex -28.9027 61.1097 69
      vertex -27.3881 51.2396 69
    endloop
  endfacet
  facet normal -0 0 1
    outer loop
      vertex -31.8664 59.6179 69
      vertex -27.3881 51.2396 69
      vertex -28.9027 61.1097 69
    endloop
  endfacet
  facet normal 0 0 1
    outer loop
      vertex -27.3881 51.2396 69
      vertex -31.8664 59.6179 69
      vertex -29.8694 49.834 69
    endloop
  endfacet
  facet normal -0 0 1
    outer loop
      vertex -34.7533 57.9825 69
      vertex -29.8694 49.834 69
      vertex -31.8664 59.6179 69
    endloop
  endfacet
  facet normal 0 0 1
    outer loop
      vertex -29.8694 49.834 69
      vertex -34.7533 57.9825 69
      vertex -32.2786 48.3084 69
    endloop
  endfacet
  facet normal -0 0 1
    outer loop
      vertex -37.5565 56.2073 69
      vertex -32.2786 48.3084 69
      vertex -34.7533 57.9825 69
    endloop
  endfacet
  facet normal 0 0 1
    outer loop
      vertex -32.2786 48.3084 69
      vertex -37.5565 56.2073 69
      vertex -34.6101 46.6664 69
    endloop
  endfacet
  facet normal -0 0 1
    outer loop
      vertex -40.2693 54.2968 69
      vertex -34.6101 46.6664 69
      vertex -37.5565 56.2073 69
    endloop
  endfacet
  facet normal 0 0 1
    outer loop
      vertex -34.6101 46.6664 69
      vertex -40.2693 54.2968 69
      vertex -36.8582 44.9119 69
    endloop
  endfacet
  facet normal -0 0 1
    outer loop
      vertex -42.885 52.2555 69
      vertex -36.8582 44.9119 69
      vertex -40.2693 54.2968 69
    endloop
  endfacet
  facet normal 0 0 1
    outer loop
      vertex -36.8582 44.9119 69
      vertex -42.885 52.2555 69
      vertex -39.0176 43.0493 69
    endloop
  endfacet
  facet normal -0 0 1
    outer loop
      vertex -45.3974 50.0883 69
      vertex -39.0176 43.0493 69
      vertex -42.885 52.2555 69
    endloop
  endfacet
  facet normal 0 0 1
    outer loop
      vertex -39.0176 43.0493 69
      vertex -45.3974 50.0883 69
      vertex -41.0829 41.0829 69
    endloop
  endfacet
  facet normal -0 0 1
    outer loop
      vertex -47.8004 47.8004 69
      vertex -41.0829 41.0829 69
      vertex -45.3974 50.0883 69
    endloop
  endfacet
  facet normal 0 0 1
    outer loop
      vertex -41.0829 41.0829 69
      vertex -47.8004 47.8004 69
      vertex -43.0493 39.0176 69
    endloop
  endfacet
  facet normal -0 0 1
    outer loop
      vertex -50.0883 45.3974 69
      vertex -43.0493 39.0176 69
      vertex -47.8004 47.8004 69
    endloop
  endfacet
  facet normal 0 0 1
    outer loop
      vertex -43.0493 39.0176 69
      vertex -50.0883 45.3974 69
      vertex -44.9119 36.8582 69
    endloop
  endfacet
  facet normal -0 0 1
    outer loop
      vertex -52.2555 42.885 69
      vertex -44.9119 36.8582 69
      vertex -50.0883 45.3974 69
    endloop
  endfacet
  facet normal 0 0 1
    outer loop
      vertex -44.9119 36.8582 69
      vertex -52.2555 42.885 69
      vertex -46.6664 34.6101 69
    endloop
  endfacet
  facet normal -0 0 1
    outer loop
      vertex -54.2968 40.2693 69
      vertex -46.6664 34.6101 69
      vertex -52.2555 42.885 69
    endloop
  endfacet
  facet normal 0 0 1
    outer loop
      vertex -46.6664 34.6101 69
      vertex -54.2968 40.2693 69
      vertex -48.3084 32.2786 69
    endloop
  endfacet
  facet normal -0 0 1
    outer loop
      vertex -56.2073 37.5565 69
      vertex -48.3084 32.2786 69
      vertex -54.2968 40.2693 69
    endloop
  endfacet
  facet normal 0 0 1
    outer loop
      vertex -48.3084 32.2786 69
      vertex -56.2073 37.5565 69
      vertex -49.834 29.8694 69
    endloop
  endfacet
  facet normal -0 0 1
    outer loop
      vertex -57.9825 34.7533 69
      vertex -49.834 29.8694 69
      vertex -56.2073 37.5565 69
    endloop
  endfacet
  facet normal 0 0 1
    outer loop
      vertex -49.834 29.8694 69
      vertex -57.9825 34.7533 69
      vertex -51.2396 27.3881 69
    endloop
  endfacet
  facet normal -0 0 1
    outer loop
      vertex -59.6179 31.8664 69
      vertex -51.2396 27.3881 69
      vertex -57.9825 34.7533 69
    endloop
  endfacet
  facet normal 0 0 1
    outer loop
      vertex -51.2396 27.3881 69
      vertex -59.6179 31.8664 69
      vertex -52.5218 24.841 69
    endloop
  endfacet
  facet normal -0 0 1
    outer loop
      vertex -61.1097 28.9027 69
      vertex -52.5218 24.841 69
      vertex -59.6179 31.8664 69
    endloop
  endfacet
  facet normal 0 0 1
    outer loop
      vertex -52.5218 24.841 69
      vertex -61.1097 28.9027 69
      vertex -53.6774 22.2339 69
    endloop
  endfacet
  facet normal -0 0 1
    outer loop
      vertex -62.4543 25.8694 69
      vertex -53.6774 22.2339 69
      vertex -61.1097 28.9027 69
    endloop
  endfacet
  facet normal 0 0 1
    outer loop
      vertex -53.6774 22.2339 69
      vertex -62.4543 25.8694 69
      vertex -54.7037 19.5733 69
    endloop
  endfacet
  facet normal -0 0 1
    outer loop
      vertex -63.6484 22.7738 69
      vertex -54.7037 19.5733 69
      vertex -62.4543 25.8694 69
    endloop
  endfacet
  facet normal 0 0 1
    outer loop
      vertex -54.7037 19.5733 69
      vertex -63.6484 22.7738 69
      vertex -55.5982 16.8655 69
    endloop
  endfacet
  facet normal -0 0 1
    outer loop
      vertex -64.6892 19.6232 69
      vertex -55.5982 16.8655 69
      vertex -63.6484 22.7738 69
    endloop
  endfacet
  facet normal 0 0 1
    outer loop
      vertex -55.5982 16.8655 69
      vertex -64.6892 19.6232 69
      vertex -56.3588 14.1171 69
    endloop
  endfacet
  facet normal -0 0 1
    outer loop
      vertex -65.5741 16.4255 69
      vertex -56.3588 14.1171 69
      vertex -64.6892 19.6232 69
    endloop
  endfacet
  facet normal 0 0 1
    outer loop
      vertex 65.5741 -16.4255 69
      vertex 56.3588 -14.1171 69
      vertex 64.6892 -19.6232 69
    endloop
  endfacet
  facet normal -0 0 1
    outer loop
      vertex 55.5982 -16.8655 69
      vertex 64.6892 -19.6232 69
      vertex 56.3588 -14.1171 69
    endloop
  endfacet
  facet normal 0 0 1
    outer loop
      vertex 64.6892 -19.6232 69
      vertex 55.5982 -16.8655 69
      vertex 63.6484 -22.7738 69
    endloop
  endfacet
  facet normal -0 0 1
    outer loop
      vertex 54.7037 -19.5733 69
      vertex 63.6484 -22.7738 69
      vertex 55.5982 -16.8655 69
    endloop
  endfacet
  facet normal 0 0 1
    outer loop
      vertex 63.6484 -22.7738 69
      vertex 54.7037 -19.5733 69
      vertex 62.4543 -25.8694 69
    endloop
  endfacet
  facet normal -0 0 1
    outer loop
      vertex 53.6774 -22.2339 69
      vertex 62.4543 -25.8694 69
      vertex 54.7037 -19.5733 69
    endloop
  endfacet
  facet normal 0 0 1
    outer loop
      vertex 62.4543 -25.8694 69
      vertex 53.6774 -22.2339 69
      vertex 61.1097 -28.9027 69
    endloop
  endfacet
  facet normal -0 0 1
    outer loop
      vertex 52.5218 -24.841 69
      vertex 61.1097 -28.9027 69
      vertex 53.6774 -22.2339 69
    endloop
  endfacet
  facet normal 0 0 1
    outer loop
      vertex 61.1097 -28.9027 69
      vertex 52.5218 -24.841 69
      vertex 59.6179 -31.8664 69
    endloop
  endfacet
  facet normal -0 0 1
    outer loop
      vertex 51.2396 -27.3881 69
      vertex 59.6179 -31.8664 69
      vertex 52.5218 -24.841 69
    endloop
  endfacet
  facet normal 0 0 1
    outer loop
      vertex 59.6179 -31.8664 69
      vertex 51.2396 -27.3881 69
      vertex 57.9825 -34.7533 69
    endloop
  endfacet
  facet normal -0 0 1
    outer loop
      vertex 49.834 -29.8694 69
      vertex 57.9825 -34.7533 69
      vertex 51.2396 -27.3881 69
    endloop
  endfacet
  facet normal 0 0 1
    outer loop
      vertex 57.9825 -34.7533 69
      vertex 49.834 -29.8694 69
      vertex 56.2073 -37.5565 69
    endloop
  endfacet
  facet normal -0 0 1
    outer loop
      vertex 48.3084 -32.2786 69
      vertex 56.2073 -37.5565 69
      vertex 49.834 -29.8694 69
    endloop
  endfacet
  facet normal 0 0 1
    outer loop
      vertex 56.2073 -37.5565 69
      vertex 48.3084 -32.2786 69
      vertex 54.2968 -40.2693 69
    endloop
  endfacet
  facet normal -0 0 1
    outer loop
      vertex 46.6664 -34.6101 69
      vertex 54.2968 -40.2693 69
      vertex 48.3084 -32.2786 69
    endloop
  endfacet
  facet normal 0 0 1
    outer loop
      vertex 54.2968 -40.2693 69
      vertex 46.6664 -34.6101 69
      vertex 52.2555 -42.885 69
    endloop
  endfacet
  facet normal -0 0 1
    outer loop
      vertex 44.9119 -36.8582 69
      vertex 52.2555 -42.885 69
      vertex 46.6664 -34.6101 69
    endloop
  endfacet
  facet normal 0 0 1
    outer loop
      vertex 52.2555 -42.885 69
      vertex 44.9119 -36.8582 69
      vertex 50.0883 -45.3974 69
    endloop
  endfacet
  facet normal -0 0 1
    outer loop
      vertex 43.0493 -39.0176 69
      vertex 50.0883 -45.3974 69
      vertex 44.9119 -36.8582 69
    endloop
  endfacet
  facet normal 0 0 1
    outer loop
      vertex 50.0883 -45.3974 69
      vertex 43.0493 -39.0176 69
      vertex 47.8004 -47.8004 69
    endloop
  endfacet
  facet normal -0 0 1
    outer loop
      vertex 41.0829 -41.0829 69
      vertex 47.8004 -47.8004 69
      vertex 43.0493 -39.0176 69
    endloop
  endfacet
  facet normal 0 0 1
    outer loop
      vertex 47.8004 -47.8004 69
      vertex 41.0829 -41.0829 69
      vertex 45.3974 -50.0883 69
    endloop
  endfacet
  facet normal -0 0 1
    outer loop
      vertex 39.0176 -43.0493 69
      vertex 45.3974 -50.0883 69
      vertex 41.0829 -41.0829 69
    endloop
  endfacet
  facet normal 0 0 1
    outer loop
      vertex 45.3974 -50.0883 69
      vertex 39.0176 -43.0493 69
      vertex 42.885 -52.2555 69
    endloop
  endfacet
  facet normal -0 0 1
    outer loop
      vertex 36.8582 -44.9119 69
      vertex 42.885 -52.2555 69
      vertex 39.0176 -43.0493 69
    endloop
  endfacet
  facet normal 0 0 1
    outer loop
      vertex 42.885 -52.2555 69
      vertex 36.8582 -44.9119 69
      vertex 40.2693 -54.2968 69
    endloop
  endfacet
  facet normal -0 0 1
    outer loop
      vertex 34.6101 -46.6664 69
      vertex 40.2693 -54.2968 69
      vertex 36.8582 -44.9119 69
    endloop
  endfacet
  facet normal 0 0 1
    outer loop
      vertex 40.2693 -54.2968 69
      vertex 34.6101 -46.6664 69
      vertex 37.5565 -56.2073 69
    endloop
  endfacet
  facet normal -0 0 1
    outer loop
      vertex 32.2786 -48.3084 69
      vertex 37.5565 -56.2073 69
      vertex 34.6101 -46.6664 69
    endloop
  endfacet
  facet normal 0 0 1
    outer loop
      vertex 37.5565 -56.2073 69
      vertex 32.2786 -48.3084 69
      vertex 34.7533 -57.9825 69
    endloop
  endfacet
  facet normal -0 0 1
    outer loop
      vertex 29.8694 -49.834 69
      vertex 34.7533 -57.9825 69
      vertex 32.2786 -48.3084 69
    endloop
  endfacet
  facet normal 0 0 1
    outer loop
      vertex 34.7533 -57.9825 69
      vertex 29.8694 -49.834 69
      vertex 31.8664 -59.6179 69
    endloop
  endfacet
  facet normal -0 0 1
    outer loop
      vertex 27.3881 -51.2396 69
      vertex 31.8664 -59.6179 69
      vertex 29.8694 -49.834 69
    endloop
  endfacet
  facet normal 0 0 1
    outer loop
      vertex 31.8664 -59.6179 69
      vertex 27.3881 -51.2396 69
      vertex 28.9027 -61.1097 69
    endloop
  endfacet
  facet normal -0 0 1
    outer loop
      vertex 24.841 -52.5218 69
      vertex 28.9027 -61.1097 69
      vertex 27.3881 -51.2396 69
    endloop
  endfacet
  facet normal 0 0 1
    outer loop
      vertex 28.9027 -61.1097 69
      vertex 24.841 -52.5218 69
      vertex 25.8694 -62.4543 69
    endloop
  endfacet
  facet normal -0 0 1
    outer loop
      vertex 22.2339 -53.6774 69
      vertex 25.8694 -62.4543 69
      vertex 24.841 -52.5218 69
    endloop
  endfacet
  facet normal 0 0 1
    outer loop
      vertex 25.8694 -62.4543 69
      vertex 22.2339 -53.6774 69
      vertex 22.7738 -63.6484 69
    endloop
  endfacet
  facet normal -0 0 1
    outer loop
      vertex 19.5733 -54.7037 69
      vertex 22.7738 -63.6484 69
      vertex 22.2339 -53.6774 69
    endloop
  endfacet
  facet normal 0 0 1
    outer loop
      vertex 22.7738 -63.6484 69
      vertex 19.5733 -54.7037 69
      vertex 19.6232 -64.6892 69
    endloop
  endfacet
  facet normal -0 0 1
    outer loop
      vertex 16.8655 -55.5982 69
      vertex 19.6232 -64.6892 69
      vertex 19.5733 -54.7037 69
    endloop
  endfacet
  facet normal 0 0 1
    outer loop
      vertex 16.8655 -55.5982 69
      vertex 16.4255 -65.5741 69
      vertex 19.6232 -64.6892 69
    endloop
  endfacet
  facet normal -0 0 1
    outer loop
      vertex 14.1171 -56.3588 69
      vertex 16.4255 -65.5741 69
      vertex 16.8655 -55.5982 69
    endloop
  endfacet
  facet normal 0 0 1
    outer loop
      vertex 14.1171 -56.3588 69
      vertex 13.1881 -66.3011 69
      vertex 16.4255 -65.5741 69
    endloop
  endfacet
  facet normal -0 0 1
    outer loop
      vertex 11.3347 -56.9836 69
      vertex 13.1881 -66.3011 69
      vertex 14.1171 -56.3588 69
    endloop
  endfacet
  facet normal 0 0 1
    outer loop
      vertex 11.3347 -56.9836 69
      vertex 9.91898 -66.8683 69
      vertex 13.1881 -66.3011 69
    endloop
  endfacet
  facet normal -0 0 1
    outer loop
      vertex 8.52504 -57.4712 69
      vertex 9.91898 -66.8683 69
      vertex 11.3347 -56.9836 69
    endloop
  endfacet
  facet normal 0 0 1
    outer loop
      vertex 8.52504 -57.4712 69
      vertex 6.62596 -67.2745 69
      vertex 9.91898 -66.8683 69
    endloop
  endfacet
  facet normal -0 0 1
    outer loop
      vertex 5.6948 -57.8202 69
      vertex 6.62596 -67.2745 69
      vertex 8.52504 -57.4712 69
    endloop
  endfacet
  facet normal 0 0 1
    outer loop
      vertex 5.6948 -57.8202 69
      vertex 3.31697 -67.5186 69
      vertex 6.62596 -67.2745 69
    endloop
  endfacet
  facet normal -0 0 1
    outer loop
      vertex 2.85083 -58.03 69
      vertex 3.31697 -67.5186 69
      vertex 5.6948 -57.8202 69
    endloop
  endfacet
  facet normal -0 0 1
    outer loop
      vertex 0 -58.1 69
      vertex 3.31697 -67.5186 69
      vertex 2.85083 -58.03 69
    endloop
  endfacet
  facet normal 0 0 1
    outer loop
      vertex 0 -58.1 69
      vertex 0 -67.6 69
      vertex 3.31697 -67.5186 69
    endloop
  endfacet
  facet normal 0 0 1
    outer loop
      vertex -2.85083 -58.03 69
      vertex 0 -67.6 69
      vertex 0 -58.1 69
    endloop
  endfacet
  facet normal 0 0 1
    outer loop
      vertex -2.85083 -58.03 69
      vertex -3.31697 -67.5186 69
      vertex 0 -67.6 69
    endloop
  endfacet
  facet normal 0 0 1
    outer loop
      vertex -5.6948 -57.8202 69
      vertex -3.31697 -67.5186 69
      vertex -2.85083 -58.03 69
    endloop
  endfacet
  facet normal 0 0 1
    outer loop
      vertex -5.6948 -57.8202 69
      vertex -6.62596 -67.2745 69
      vertex -3.31697 -67.5186 69
    endloop
  endfacet
  facet normal 0 0 1
    outer loop
      vertex -8.52504 -57.4712 69
      vertex -6.62596 -67.2745 69
      vertex -5.6948 -57.8202 69
    endloop
  endfacet
  facet normal 0 0 1
    outer loop
      vertex -8.52504 -57.4712 69
      vertex -9.91898 -66.8683 69
      vertex -6.62596 -67.2745 69
    endloop
  endfacet
  facet normal 0 0 1
    outer loop
      vertex -11.3347 -56.9836 69
      vertex -9.91898 -66.8683 69
      vertex -8.52504 -57.4712 69
    endloop
  endfacet
  facet normal 0 0 1
    outer loop
      vertex -11.3347 -56.9836 69
      vertex -13.1881 -66.3011 69
      vertex -9.91898 -66.8683 69
    endloop
  endfacet
  facet normal 0 0 1
    outer loop
      vertex -14.1171 -56.3588 69
      vertex -13.1881 -66.3011 69
      vertex -11.3347 -56.9836 69
    endloop
  endfacet
  facet normal 0 0 1
    outer loop
      vertex -14.1171 -56.3588 69
      vertex -16.4255 -65.5741 69
      vertex -13.1881 -66.3011 69
    endloop
  endfacet
  facet normal 0 0 1
    outer loop
      vertex -16.8655 -55.5982 69
      vertex -16.4255 -65.5741 69
      vertex -14.1171 -56.3588 69
    endloop
  endfacet
  facet normal 0 0 1
    outer loop
      vertex -19.6232 -64.6892 69
      vertex -16.8655 -55.5982 69
      vertex -19.5733 -54.7037 69
    endloop
  endfacet
  facet normal 0 0 1
    outer loop
      vertex -16.8655 -55.5982 69
      vertex -19.6232 -64.6892 69
      vertex -16.4255 -65.5741 69
    endloop
  endfacet
  facet normal 0 0 1
    outer loop
      vertex -22.7738 -63.6484 69
      vertex -19.5733 -54.7037 69
      vertex -22.2339 -53.6774 69
    endloop
  endfacet
  facet normal 0 0 1
    outer loop
      vertex -19.5733 -54.7037 69
      vertex -22.7738 -63.6484 69
      vertex -19.6232 -64.6892 69
    endloop
  endfacet
  facet normal 0 0 1
    outer loop
      vertex -25.8694 -62.4543 69
      vertex -22.2339 -53.6774 69
      vertex -24.841 -52.5218 69
    endloop
  endfacet
  facet normal 0 0 1
    outer loop
      vertex -22.2339 -53.6774 69
      vertex -25.8694 -62.4543 69
      vertex -22.7738 -63.6484 69
    endloop
  endfacet
  facet normal 0 0 1
    outer loop
      vertex -28.9027 -61.1097 69
      vertex -24.841 -52.5218 69
      vertex -27.3881 -51.2396 69
    endloop
  endfacet
  facet normal 0 0 1
    outer loop
      vertex -24.841 -52.5218 69
      vertex -28.9027 -61.1097 69
      vertex -25.8694 -62.4543 69
    endloop
  endfacet
  facet normal 0 0 1
    outer loop
      vertex -31.8664 -59.6179 69
      vertex -27.3881 -51.2396 69
      vertex -29.8694 -49.834 69
    endloop
  endfacet
  facet normal 0 0 1
    outer loop
      vertex -27.3881 -51.2396 69
      vertex -31.8664 -59.6179 69
      vertex -28.9027 -61.1097 69
    endloop
  endfacet
  facet normal 0 0 1
    outer loop
      vertex -34.7533 -57.9825 69
      vertex -29.8694 -49.834 69
      vertex -32.2786 -48.3084 69
    endloop
  endfacet
  facet normal 0 0 1
    outer loop
      vertex -37.5565 -56.2073 69
      vertex -32.2786 -48.3084 69
      vertex -34.6101 -46.6664 69
    endloop
  endfacet
  facet normal 0 0 1
    outer loop
      vertex -29.8694 -49.834 69
      vertex -34.7533 -57.9825 69
      vertex -31.8664 -59.6179 69
    endloop
  endfacet
  facet normal 0 0 1
    outer loop
      vertex -40.2693 -54.2968 69
      vertex -34.6101 -46.6664 69
      vertex -36.8582 -44.9119 69
    endloop
  endfacet
  facet normal 0 0 1
    outer loop
      vertex -32.2786 -48.3084 69
      vertex -37.5565 -56.2073 69
      vertex -34.7533 -57.9825 69
    endloop
  endfacet
  facet normal 0 0 1
    outer loop
      vertex -42.885 -52.2555 69
      vertex -36.8582 -44.9119 69
      vertex -39.0176 -43.0493 69
    endloop
  endfacet
  facet normal 0 0 1
    outer loop
      vertex -34.6101 -46.6664 69
      vertex -40.2693 -54.2968 69
      vertex -37.5565 -56.2073 69
    endloop
  endfacet
  facet normal 0 0 1
    outer loop
      vertex -45.3974 -50.0883 69
      vertex -39.0176 -43.0493 69
      vertex -41.0829 -41.0829 69
    endloop
  endfacet
  facet normal 0 0 1
    outer loop
      vertex -36.8582 -44.9119 69
      vertex -42.885 -52.2555 69
      vertex -40.2693 -54.2968 69
    endloop
  endfacet
  facet normal 0 0 1
    outer loop
      vertex -47.8004 -47.8004 69
      vertex -41.0829 -41.0829 69
      vertex -43.0493 -39.0176 69
    endloop
  endfacet
  facet normal 0 0 1
    outer loop
      vertex -50.0883 -45.3974 69
      vertex -43.0493 -39.0176 69
      vertex -44.9119 -36.8582 69
    endloop
  endfacet
  facet normal 0 0 1
    outer loop
      vertex -39.0176 -43.0493 69
      vertex -45.3974 -50.0883 69
      vertex -42.885 -52.2555 69
    endloop
  endfacet
  facet normal 0 0 1
    outer loop
      vertex -52.2555 -42.885 69
      vertex -44.9119 -36.8582 69
      vertex -46.6664 -34.6101 69
    endloop
  endfacet
  facet normal 0 0 1
    outer loop
      vertex -41.0829 -41.0829 69
      vertex -47.8004 -47.8004 69
      vertex -45.3974 -50.0883 69
    endloop
  endfacet
  facet normal 0 0 1
    outer loop
      vertex -54.2968 -40.2693 69
      vertex -46.6664 -34.6101 69
      vertex -48.3084 -32.2786 69
    endloop
  endfacet
  facet normal 0 0 1
    outer loop
      vertex -56.2073 -37.5565 69
      vertex -48.3084 -32.2786 69
      vertex -49.834 -29.8694 69
    endloop
  endfacet
  facet normal 0 0 1
    outer loop
      vertex -43.0493 -39.0176 69
      vertex -50.0883 -45.3974 69
      vertex -47.8004 -47.8004 69
    endloop
  endfacet
  facet normal 0 0 1
    outer loop
      vertex -57.9825 -34.7533 69
      vertex -49.834 -29.8694 69
      vertex -51.2396 -27.3881 69
    endloop
  endfacet
  facet normal 0 0 1
    outer loop
      vertex -44.9119 -36.8582 69
      vertex -52.2555 -42.885 69
      vertex -50.0883 -45.3974 69
    endloop
  endfacet
  facet normal 0 0 1
    outer loop
      vertex -59.6179 -31.8664 69
      vertex -51.2396 -27.3881 69
      vertex -52.5218 -24.841 69
    endloop
  endfacet
  facet normal 0 0 1
    outer loop
      vertex -61.1097 -28.9027 69
      vertex -52.5218 -24.841 69
      vertex -53.6774 -22.2339 69
    endloop
  endfacet
  facet normal 0 0 1
    outer loop
      vertex -46.6664 -34.6101 69
      vertex -54.2968 -40.2693 69
      vertex -52.2555 -42.885 69
    endloop
  endfacet
  facet normal 0 0 1
    outer loop
      vertex -62.4543 -25.8694 69
      vertex -53.6774 -22.2339 69
      vertex -54.7037 -19.5733 69
    endloop
  endfacet
  facet normal 0 0 1
    outer loop
      vertex -63.6484 -22.7738 69
      vertex -54.7037 -19.5733 69
      vertex -55.5982 -16.8655 69
    endloop
  endfacet
  facet normal 0 0 1
    outer loop
      vertex -48.3084 -32.2786 69
      vertex -56.2073 -37.5565 69
      vertex -54.2968 -40.2693 69
    endloop
  endfacet
  facet normal 0 0 1
    outer loop
      vertex -64.6892 -19.6232 69
      vertex -55.5982 -16.8655 69
      vertex -56.3588 -14.1171 69
    endloop
  endfacet
  facet normal 0 0 1
    outer loop
      vertex -65.5741 -16.4255 69
      vertex -56.3588 -14.1171 69
      vertex -56.9836 -11.3347 69
    endloop
  endfacet
  facet normal 0 0 1
    outer loop
      vertex -66.3011 -13.1881 69
      vertex -56.9836 -11.3347 69
      vertex -57.4712 -8.52504 69
    endloop
  endfacet
  facet normal 0 0 1
    outer loop
      vertex -66.8683 -9.91898 69
      vertex -57.4712 -8.52504 69
      vertex -57.8202 -5.6948 69
    endloop
  endfacet
  facet normal 0 0 1
    outer loop
      vertex -49.834 -29.8694 69
      vertex -57.9825 -34.7533 69
      vertex -56.2073 -37.5565 69
    endloop
  endfacet
  facet normal 0 0 1
    outer loop
      vertex -67.2745 -6.62596 69
      vertex -57.8202 -5.6948 69
      vertex -58.03 -2.85083 69
    endloop
  endfacet
  facet normal 0 0 1
    outer loop
      vertex -67.5186 -3.31697 69
      vertex -58.03 -2.85083 69
      vertex -58.1 0 69
    endloop
  endfacet
  facet normal 0 0 1
    outer loop
      vertex -56.3588 14.1171 69
      vertex -65.5741 16.4255 69
      vertex -56.9836 11.3347 69
    endloop
  endfacet
  facet normal 0 0 1
    outer loop
      vertex -51.2396 -27.3881 69
      vertex -59.6179 -31.8664 69
      vertex -57.9825 -34.7533 69
    endloop
  endfacet
  facet normal -0 0 1
    outer loop
      vertex -66.3011 13.1881 69
      vertex -56.9836 11.3347 69
      vertex -65.5741 16.4255 69
    endloop
  endfacet
  facet normal 0 0 1
    outer loop
      vertex -52.5218 -24.841 69
      vertex -61.1097 -28.9027 69
      vertex -59.6179 -31.8664 69
    endloop
  endfacet
  facet normal 0 0 1
    outer loop
      vertex -56.9836 11.3347 69
      vertex -66.3011 13.1881 69
      vertex -57.4712 8.52504 69
    endloop
  endfacet
  facet normal 0 0 1
    outer loop
      vertex -53.6774 -22.2339 69
      vertex -62.4543 -25.8694 69
      vertex -61.1097 -28.9027 69
    endloop
  endfacet
  facet normal -0 0 1
    outer loop
      vertex -66.8683 9.91898 69
      vertex -57.4712 8.52504 69
      vertex -66.3011 13.1881 69
    endloop
  endfacet
  facet normal 0 0 1
    outer loop
      vertex -54.7037 -19.5733 69
      vertex -63.6484 -22.7738 69
      vertex -62.4543 -25.8694 69
    endloop
  endfacet
  facet normal 0 0 1
    outer loop
      vertex -57.4712 8.52504 69
      vertex -66.8683 9.91898 69
      vertex -57.8202 5.6948 69
    endloop
  endfacet
  facet normal 0 0 1
    outer loop
      vertex -55.5982 -16.8655 69
      vertex -64.6892 -19.6232 69
      vertex -63.6484 -22.7738 69
    endloop
  endfacet
  facet normal -0 0 1
    outer loop
      vertex -67.2745 6.62596 69
      vertex -57.8202 5.6948 69
      vertex -66.8683 9.91898 69
    endloop
  endfacet
  facet normal 0 0 1
    outer loop
      vertex -56.3588 -14.1171 69
      vertex -65.5741 -16.4255 69
      vertex -64.6892 -19.6232 69
    endloop
  endfacet
  facet normal 0 0 1
    outer loop
      vertex -57.8202 5.6948 69
      vertex -67.2745 6.62596 69
      vertex -58.03 2.85083 69
    endloop
  endfacet
  facet normal 0 0 1
    outer loop
      vertex -56.9836 -11.3347 69
      vertex -66.3011 -13.1881 69
      vertex -65.5741 -16.4255 69
    endloop
  endfacet
  facet normal -0 0 1
    outer loop
      vertex -67.5186 3.31697 69
      vertex -58.03 2.85083 69
      vertex -67.2745 6.62596 69
    endloop
  endfacet
  facet normal 0 0 1
    outer loop
      vertex -57.4712 -8.52504 69
      vertex -66.8683 -9.91898 69
      vertex -66.3011 -13.1881 69
    endloop
  endfacet
  facet normal 0 0 1
    outer loop
      vertex -58.03 2.85083 69
      vertex -67.5186 3.31697 69
      vertex -58.1 0 69
    endloop
  endfacet
  facet normal 0 0 1
    outer loop
      vertex -57.8202 -5.6948 69
      vertex -67.2745 -6.62596 69
      vertex -66.8683 -9.91898 69
    endloop
  endfacet
  facet normal 0 0 1
    outer loop
      vertex -67.6 0 69
      vertex -58.1 0 69
      vertex -67.5186 3.31697 69
    endloop
  endfacet
  facet normal 0 0 1
    outer loop
      vertex -58.03 -2.85083 69
      vertex -67.5186 -3.31697 69
      vertex -67.2745 -6.62596 69
    endloop
  endfacet
  facet normal 0 0 1
    outer loop
      vertex -58.1 0 69
      vertex -67.6 0 69
      vertex -67.5186 -3.31697 69
    endloop
  endfacet
  facet normal 0.313677 0.94953 -0
    outer loop
      vertex 22.7738 63.6484 64.1
      vertex 19.6232 64.6892 69
      vertex 22.7738 63.6484 69
    endloop
  endfacet
  facet normal 0.313677 0.94953 0
    outer loop
      vertex 19.6232 64.6892 69
      vertex 22.7738 63.6484 64.1
      vertex 19.6232 64.6892 64.1
    endloop
  endfacet
  facet normal 0.405249 0.914206 -0
    outer loop
      vertex 28.9027 61.1097 64.1
      vertex 25.8694 62.4543 69
      vertex 28.9027 61.1097 69
    endloop
  endfacet
  facet normal 0.405249 0.914206 0
    outer loop
      vertex 25.8694 62.4543 69
      vertex 28.9027 61.1097 64.1
      vertex 25.8694 62.4543 64.1
    endloop
  endfacet
  facet normal 0.992478 -0.122424 0
    outer loop
      vertex 66.8683 -9.91898 69
      vertex 67.2745 -6.62596 64.1
      vertex 67.2745 -6.62596 69
    endloop
  endfacet
  facet normal 0.992478 -0.122424 0
    outer loop
      vertex 67.2745 -6.62596 64.1
      vertex 66.8683 -9.91898 69
      vertex 66.8683 -9.91898 64.1
    endloop
  endfacet
  facet normal 0.94953 0.313677 0
    outer loop
      vertex 64.6892 19.6232 69
      vertex 63.6484 22.7738 64.1
      vertex 63.6484 22.7738 69
    endloop
  endfacet
  facet normal 0.94953 0.313677 0
    outer loop
      vertex 63.6484 22.7738 64.1
      vertex 64.6892 19.6232 69
      vertex 64.6892 19.6232 64.1
    endloop
  endfacet
  facet normal 0.914206 0.405249 0
    outer loop
      vertex 62.4543 25.8694 69
      vertex 61.1097 28.9027 64.1
      vertex 61.1097 28.9027 69
    endloop
  endfacet
  facet normal 0.914206 0.405249 0
    outer loop
      vertex 61.1097 28.9027 64.1
      vertex 62.4543 25.8694 69
      vertex 62.4543 25.8694 64.1
    endloop
  endfacet
  facet normal 0.893224 0.449611 0
    outer loop
      vertex 61.1097 28.9027 69
      vertex 59.6179 31.8664 64.1
      vertex 59.6179 31.8664 69
    endloop
  endfacet
  facet normal 0.893224 0.449611 0
    outer loop
      vertex 59.6179 31.8664 64.1
      vertex 61.1097 28.9027 69
      vertex 61.1097 28.9027 64.1
    endloop
  endfacet
  facet normal 0.817595 0.575794 0
    outer loop
      vertex 56.2073 37.5565 69
      vertex 54.2968 40.2693 64.1
      vertex 54.2968 40.2693 69
    endloop
  endfacet
  facet normal 0.817595 0.575794 0
    outer loop
      vertex 54.2968 40.2693 64.1
      vertex 56.2073 37.5565 69
      vertex 56.2073 37.5565 64.1
    endloop
  endfacet
  facet normal 0.788348 0.615229 0
    outer loop
      vertex 54.2968 40.2693 69
      vertex 52.2555 42.885 64.1
      vertex 52.2555 42.885 69
    endloop
  endfacet
  facet normal 0.788348 0.615229 0
    outer loop
      vertex 52.2555 42.885 64.1
      vertex 54.2968 40.2693 69
      vertex 54.2968 40.2693 64.1
    endloop
  endfacet
  facet normal 0.844841 0.535018 0
    outer loop
      vertex 57.9825 34.7533 69
      vertex 56.2073 37.5565 64.1
      vertex 56.2073 37.5565 69
    endloop
  endfacet
  facet normal 0.844841 0.535018 0
    outer loop
      vertex 56.2073 37.5565 64.1
      vertex 57.9825 34.7533 69
      vertex 57.9825 34.7533 64.1
    endloop
  endfacet
  facet normal -0.492896 0.870088 0
    outer loop
      vertex -31.8664 59.6179 64.1
      vertex -34.7533 57.9825 69
      vertex -31.8664 59.6179 69
    endloop
  endfacet
  facet normal -0.492896 0.870088 0
    outer loop
      vertex -34.7533 57.9825 69
      vertex -31.8664 59.6179 64.1
      vertex -34.7533 57.9825 64.1
    endloop
  endfacet
  facet normal -0.0245331 0.999699 0
    outer loop
      vertex 0 67.6 64.1
      vertex -3.31697 67.5186 69
      vertex 0 67.6 69
    endloop
  endfacet
  facet normal -0.0245331 0.999699 0
    outer loop
      vertex -3.31697 67.5186 69
      vertex 0 67.6 64.1
      vertex -3.31697 67.5186 64.1
    endloop
  endfacet
  facet normal -0.870088 0.492896 0
    outer loop
      vertex -59.6179 31.8664 64.1
      vertex -57.9825 34.7533 69
      vertex -57.9825 34.7533 64.1
    endloop
  endfacet
  facet normal -0.870088 0.492896 0
    outer loop
      vertex -57.9825 34.7533 69
      vertex -59.6179 31.8664 64.1
      vertex -59.6179 31.8664 69
    endloop
  endfacet
  facet normal -0.817595 0.575794 0
    outer loop
      vertex -56.2073 37.5565 64.1
      vertex -54.2968 40.2693 69
      vertex -54.2968 40.2693 64.1
    endloop
  endfacet
  facet normal -0.817595 0.575794 0
    outer loop
      vertex -54.2968 40.2693 69
      vertex -56.2073 37.5565 64.1
      vertex -56.2073 37.5565 69
    endloop
  endfacet
  facet normal -0.689549 0.724239 0
    outer loop
      vertex -45.3974 50.0883 64.1
      vertex -47.8004 47.8004 69
      vertex -45.3974 50.0883 69
    endloop
  endfacet
  facet normal -0.689549 0.724239 0
    outer loop
      vertex -47.8004 47.8004 69
      vertex -45.3974 50.0883 64.1
      vertex -47.8004 47.8004 64.1
    endloop
  endfacet
  facet normal -0.963778 0.266706 0
    outer loop
      vertex -65.5741 16.4255 64.1
      vertex -64.6892 19.6232 69
      vertex -64.6892 19.6232 64.1
    endloop
  endfacet
  facet normal -0.963778 0.266706 0
    outer loop
      vertex -64.6892 19.6232 69
      vertex -65.5741 16.4255 64.1
      vertex -65.5741 16.4255 69
    endloop
  endfacet
  facet normal -0.99729 0.0735688 0
    outer loop
      vertex -67.5186 3.31697 64.1
      vertex -67.2745 6.62596 69
      vertex -67.2745 6.62596 64.1
    endloop
  endfacet
  facet normal -0.99729 0.0735688 0
    outer loop
      vertex -67.2745 6.62596 69
      vertex -67.5186 3.31697 64.1
      vertex -67.5186 3.31697 69
    endloop
  endfacet
  facet normal -0.999699 0.0245331 0
    outer loop
      vertex -67.6 0 64.1
      vertex -67.5186 3.31697 69
      vertex -67.5186 3.31697 64.1
    endloop
  endfacet
  facet normal -0.999699 0.0245331 0
    outer loop
      vertex -67.5186 3.31697 69
      vertex -67.6 0 64.1
      vertex -67.6 0 69
    endloop
  endfacet
  facet normal 0.170948 0.98528 -0
    outer loop
      vertex 13.1881 66.3011 64.1
      vertex 9.91898 66.8683 69
      vertex 13.1881 66.3011 69
    endloop
  endfacet
  facet normal 0.170948 0.98528 0
    outer loop
      vertex 9.91898 66.8683 69
      vertex 13.1881 66.3011 64.1
      vertex 9.91898 66.8683 64.1
    endloop
  endfacet
  facet normal 0.122424 0.992478 -0
    outer loop
      vertex 9.91898 66.8683 64.1
      vertex 6.62596 67.2745 69
      vertex 9.91898 66.8683 69
    endloop
  endfacet
  facet normal 0.122424 0.992478 0
    outer loop
      vertex 6.62596 67.2745 69
      vertex 9.91898 66.8683 64.1
      vertex 6.62596 67.2745 64.1
    endloop
  endfacet
  facet normal 0.492896 0.870088 -0
    outer loop
      vertex 34.7533 57.9825 64.1
      vertex 31.8664 59.6179 69
      vertex 34.7533 57.9825 69
    endloop
  endfacet
  facet normal 0.492896 0.870088 0
    outer loop
      vertex 31.8664 59.6179 69
      vertex 34.7533 57.9825 64.1
      vertex 31.8664 59.6179 64.1
    endloop
  endfacet
  facet normal 0.653171 0.757211 -0
    outer loop
      vertex 45.3974 50.0883 64.1
      vertex 42.885 52.2555 69
      vertex 45.3974 50.0883 69
    endloop
  endfacet
  facet normal 0.653171 0.757211 0
    outer loop
      vertex 42.885 52.2555 69
      vertex 45.3974 50.0883 64.1
      vertex 42.885 52.2555 64.1
    endloop
  endfacet
  facet normal 0.615229 0.788348 -0
    outer loop
      vertex 42.885 52.2555 64.1
      vertex 40.2693 54.2968 69
      vertex 42.885 52.2555 69
    endloop
  endfacet
  facet normal 0.615229 0.788348 0
    outer loop
      vertex 40.2693 54.2968 69
      vertex 42.885 52.2555 64.1
      vertex 40.2693 54.2968 64.1
    endloop
  endfacet
  facet normal -0.359894 0.932993 0
    outer loop
      vertex -22.7738 63.6484 64.1
      vertex -25.8694 62.4543 69
      vertex -22.7738 63.6484 69
    endloop
  endfacet
  facet normal -0.359894 0.932993 0
    outer loop
      vertex -25.8694 62.4543 69
      vertex -22.7738 63.6484 64.1
      vertex -25.8694 62.4543 64.1
    endloop
  endfacet
  facet normal -0.449611 0.893224 0
    outer loop
      vertex -28.9027 61.1097 64.1
      vertex -31.8664 59.6179 69
      vertex -28.9027 61.1097 69
    endloop
  endfacet
  facet normal -0.449611 0.893224 0
    outer loop
      vertex -31.8664 59.6179 69
      vertex -28.9027 61.1097 64.1
      vertex -31.8664 59.6179 64.1
    endloop
  endfacet
  facet normal -0.535018 0.844841 0
    outer loop
      vertex -34.7533 57.9825 64.1
      vertex -37.5565 56.2073 69
      vertex -34.7533 57.9825 69
    endloop
  endfacet
  facet normal -0.535018 0.844841 0
    outer loop
      vertex -37.5565 56.2073 69
      vertex -34.7533 57.9825 64.1
      vertex -37.5565 56.2073 64.1
    endloop
  endfacet
  facet normal -0.575794 0.817595 0
    outer loop
      vertex -37.5565 56.2073 64.1
      vertex -40.2693 54.2968 69
      vertex -37.5565 56.2073 69
    endloop
  endfacet
  facet normal -0.575794 0.817595 0
    outer loop
      vertex -40.2693 54.2968 69
      vertex -37.5565 56.2073 64.1
      vertex -40.2693 54.2968 64.1
    endloop
  endfacet
  facet normal -0.615229 0.788348 0
    outer loop
      vertex -40.2693 54.2968 64.1
      vertex -42.885 52.2555 69
      vertex -40.2693 54.2968 69
    endloop
  endfacet
  facet normal -0.615229 0.788348 0
    outer loop
      vertex -42.885 52.2555 69
      vertex -40.2693 54.2968 64.1
      vertex -42.885 52.2555 64.1
    endloop
  endfacet
  facet normal -0.653171 0.757211 0
    outer loop
      vertex -42.885 52.2555 64.1
      vertex -45.3974 50.0883 69
      vertex -42.885 52.2555 69
    endloop
  endfacet
  facet normal -0.653171 0.757211 0
    outer loop
      vertex -45.3974 50.0883 69
      vertex -42.885 52.2555 64.1
      vertex -45.3974 50.0883 64.1
    endloop
  endfacet
  facet normal -0.266706 0.963778 0
    outer loop
      vertex -16.4255 65.5741 64.1
      vertex -19.6232 64.6892 69
      vertex -16.4255 65.5741 69
    endloop
  endfacet
  facet normal -0.266706 0.963778 0
    outer loop
      vertex -19.6232 64.6892 69
      vertex -16.4255 65.5741 64.1
      vertex -19.6232 64.6892 64.1
    endloop
  endfacet
  facet normal -0.170948 0.98528 0
    outer loop
      vertex -9.91898 66.8683 64.1
      vertex -13.1881 66.3011 69
      vertex -9.91898 66.8683 69
    endloop
  endfacet
  facet normal -0.170948 0.98528 0
    outer loop
      vertex -13.1881 66.3011 69
      vertex -9.91898 66.8683 64.1
      vertex -13.1881 66.3011 64.1
    endloop
  endfacet
  facet normal -0.122485 0.99247 0
    outer loop
      vertex -6.74264 67.2601 67.4061
      vertex -6.62596 67.2745 69
      vertex -6.62596 67.2745 67.4963
    endloop
  endfacet
  facet normal -0.124127 0.992266 0.000122057
    outer loop
      vertex -6.77144 67.2565 67.3839
      vertex -6.62596 67.2745 69
      vertex -6.74264 67.2601 67.4061
    endloop
  endfacet
  facet normal -0.120821 0.992674 -0.000180114
    outer loop
      vertex -6.79358 67.2538 67.3548
      vertex -6.62596 67.2745 69
      vertex -6.77144 67.2565 67.3839
    endloop
  endfacet
  facet normal -0.122424 0.992478 -1.43385e-05
    outer loop
      vertex -6.62596 67.2745 69
      vertex -6.79358 67.2538 67.3548
      vertex -9.91898 66.8683 69
    endloop
  endfacet
  facet normal -0.122413 0.992479 7.72202e-06
    outer loop
      vertex -6.96872 67.2322 67.125
      vertex -9.91898 66.8683 69
      vertex -6.79358 67.2538 67.3548
    endloop
  endfacet
  facet normal -0.122012 0.992528 0.000647724
    outer loop
      vertex -6.98273 67.2305 67.0909
      vertex -9.91898 66.8683 69
      vertex -6.96872 67.2322 67.125
    endloop
  endfacet
  facet normal -0.122482 0.992471 -8.71407e-05
    outer loop
      vertex -7.09274 67.2169 66.8235
      vertex -9.91898 66.8683 69
      vertex -6.98273 67.2305 67.0909
    endloop
  endfacet
  facet normal -0.122359 0.992486 7.59914e-05
    outer loop
      vertex -7.13023 67.2123 66.5367
      vertex -9.91898 66.8683 69
      vertex -7.09274 67.2169 66.8235
    endloop
  endfacet
  facet normal -0.122566 0.99246 -0.000161737
    outer loop
      vertex -7.13504 67.2117 66.5
      vertex -9.91898 66.8683 69
      vertex -7.13023 67.2123 66.5367
    endloop
  endfacet
  facet normal -0.12256 0.992461 0.000162422
    outer loop
      vertex -9.91898 66.8683 64.1
      vertex -7.13504 67.2117 66.5
      vertex -7.13023 67.2123 66.4633
    endloop
  endfacet
  facet normal -0.122361 0.992486 -7.63121e-05
    outer loop
      vertex -9.91898 66.8683 64.1
      vertex -7.13023 67.2123 66.4633
      vertex -7.09274 67.2169 66.1765
    endloop
  endfacet
  facet normal -0.12248 0.992471 8.81148e-05
    outer loop
      vertex -9.91898 66.8683 64.1
      vertex -7.09274 67.2169 66.1765
      vertex -6.98273 67.2305 65.9091
    endloop
  endfacet
  facet normal -0.122029 0.992526 -0.000654955
    outer loop
      vertex -9.91898 66.8683 64.1
      vertex -6.98273 67.2305 65.9091
      vertex -6.96872 67.2322 65.875
    endloop
  endfacet
  facet normal -0.122413 0.992479 -7.85879e-06
    outer loop
      vertex -9.91898 66.8683 64.1
      vertex -6.96872 67.2322 65.875
      vertex -6.79358 67.2538 65.6452
    endloop
  endfacet
  facet normal -0.120803 0.992676 0.00019371
    outer loop
      vertex -6.62596 67.2745 64.1
      vertex -6.79358 67.2538 65.6452
      vertex -6.77144 67.2565 65.6161
    endloop
  endfacet
  facet normal -0.122485 0.99247 0
    outer loop
      vertex -6.62596 67.2745 64.1
      vertex -6.74264 67.2601 65.5939
      vertex -6.62596 67.2745 65.5037
    endloop
  endfacet
  facet normal -0.124134 0.992265 -0.000130751
    outer loop
      vertex -6.62596 67.2745 64.1
      vertex -6.77144 67.2565 65.6161
      vertex -6.74264 67.2601 65.5939
    endloop
  endfacet
  facet normal -0.122424 0.992478 1.52664e-05
    outer loop
      vertex -6.79358 67.2538 65.6452
      vertex -6.62596 67.2745 64.1
      vertex -9.91898 66.8683 64.1
    endloop
  endfacet
  facet normal -0.122423 0.992478 0
    outer loop
      vertex -7.13504 67.2117 66.5
      vertex -9.91898 66.8683 64.1
      vertex -9.91898 66.8683 69
    endloop
  endfacet
  facet normal -0.893224 0.449611 0
    outer loop
      vertex -61.1097 28.9027 64.1
      vertex -59.6179 31.8664 69
      vertex -59.6179 31.8664 64.1
    endloop
  endfacet
  facet normal -0.893224 0.449611 0
    outer loop
      vertex -59.6179 31.8664 69
      vertex -61.1097 28.9027 64.1
      vertex -61.1097 28.9027 69
    endloop
  endfacet
  facet normal -0.844841 0.535018 0
    outer loop
      vertex -57.9825 34.7533 64.1
      vertex -56.2073 37.5565 69
      vertex -56.2073 37.5565 64.1
    endloop
  endfacet
  facet normal -0.844841 0.535018 0
    outer loop
      vertex -56.2073 37.5565 69
      vertex -57.9825 34.7533 64.1
      vertex -57.9825 34.7533 69
    endloop
  endfacet
  facet normal -0.788348 0.615229 0
    outer loop
      vertex -54.2968 40.2693 64.1
      vertex -52.2555 42.885 69
      vertex -52.2555 42.885 64.1
    endloop
  endfacet
  facet normal -0.788348 0.615229 0
    outer loop
      vertex -52.2555 42.885 69
      vertex -54.2968 40.2693 64.1
      vertex -54.2968 40.2693 69
    endloop
  endfacet
  facet normal 0.266706 0.963778 -0
    outer loop
      vertex 19.6232 64.6892 64.1
      vertex 16.4255 65.5741 69
      vertex 19.6232 64.6892 69
    endloop
  endfacet
  facet normal 0.266706 0.963778 0
    outer loop
      vertex 16.4255 65.5741 69
      vertex 19.6232 64.6892 64.1
      vertex 16.4255 65.5741 64.1
    endloop
  endfacet
  facet normal 0.535018 0.844841 -0
    outer loop
      vertex 37.5565 56.2073 64.1
      vertex 34.7533 57.9825 69
      vertex 37.5565 56.2073 69
    endloop
  endfacet
  facet normal 0.535018 0.844841 0
    outer loop
      vertex 34.7533 57.9825 69
      vertex 37.5565 56.2073 64.1
      vertex 34.7533 57.9825 64.1
    endloop
  endfacet
  facet normal -0.405249 0.914206 0
    outer loop
      vertex -25.8694 62.4543 64.1
      vertex -28.9027 61.1097 69
      vertex -25.8694 62.4543 69
    endloop
  endfacet
  facet normal -0.405249 0.914206 0
    outer loop
      vertex -28.9027 61.1097 69
      vertex -25.8694 62.4543 64.1
      vertex -28.9027 61.1097 64.1
    endloop
  endfacet
  facet normal -0.219106 0.975701 0
    outer loop
      vertex -13.1881 66.3011 64.1
      vertex -16.4255 65.5741 69
      vertex -13.1881 66.3011 69
    endloop
  endfacet
  facet normal -0.219106 0.975701 0
    outer loop
      vertex -16.4255 65.5741 69
      vertex -13.1881 66.3011 64.1
      vertex -16.4255 65.5741 64.1
    endloop
  endfacet
  facet normal -0.0735688 0.99729 -4.4477e-05
    outer loop
      vertex -5.56782 67.3525 67.7074
      vertex -6.62596 67.2745 69
      vertex -3.31697 67.5186 69
    endloop
  endfacet
  facet normal -0.0735331 0.997293 -2.19152e-05
    outer loop
      vertex -6.62596 67.2745 69
      vertex -5.60432 67.3498 67.7122
      vertex -5.8905 67.3287 67.75
    endloop
  endfacet
  facet normal -0.073802 0.997273 -0.000236356
    outer loop
      vertex -6.62596 67.2745 69
      vertex -5.56782 67.3525 67.7074
      vertex -5.60432 67.3498 67.7122
    endloop
  endfacet
  facet normal -0.0733918 0.997303 -0.000354468
    outer loop
      vertex -3.31697 67.5186 69
      vertex -5.53378 67.355 67.6933
      vertex -5.56782 67.3525 67.7074
    endloop
  endfacet
  facet normal -0.0736477 0.997284 8.20151e-05
    outer loop
      vertex -3.31697 67.5186 69
      vertex -5.26714 67.3747 67.5825
      vertex -5.53378 67.355 67.6933
    endloop
  endfacet
  facet normal -0.0736277 0.997286 5.44281e-05
    outer loop
      vertex -3.31697 67.5186 69
      vertex -5.03836 67.3916 67.4065
      vertex -5.26714 67.3747 67.5825
    endloop
  endfacet
  facet normal -0.0741067 0.99725 0.000574731
    outer loop
      vertex -3.31697 67.5186 69
      vertex -5.00893 67.3938 67.3839
      vertex -5.03836 67.3916 67.4065
    endloop
  endfacet
  facet normal -0.0734552 0.997299 -0.00011118
    outer loop
      vertex -3.31697 67.5186 69
      vertex -4.83344 67.4067 67.1546
      vertex -5.00893 67.3938 67.3839
    endloop
  endfacet
  facet normal -0.0742106 0.997242 0.000512997
    outer loop
      vertex -3.31697 67.5186 69
      vertex -4.8108 67.4084 67.125
      vertex -4.83344 67.4067 67.1546
    endloop
  endfacet
  facet normal -0.0723699 0.997377 -0.000961439
    outer loop
      vertex -3.31697 67.5186 69
      vertex -4.79656 67.4094 67.0905
      vertex -4.8108 67.4084 67.125
    endloop
  endfacet
  facet normal -0.0737875 0.997274 0.000142895
    outer loop
      vertex -3.31697 67.5186 69
      vertex -4.68625 67.4176 66.8235
      vertex -4.79656 67.4094 67.0905
    endloop
  endfacet
  facet normal -0.0732238 0.997316 -0.000213665
    outer loop
      vertex -3.31697 67.5186 69
      vertex -4.64864 67.4203 66.5371
      vertex -4.68625 67.4176 66.8235
    endloop
  endfacet
  facet normal -0.0752283 0.997166 0.000876136
    outer loop
      vertex -3.31697 67.5186 69
      vertex -4.64377 67.4207 66.5
      vertex -4.64864 67.4203 66.5371
    endloop
  endfacet
  facet normal -0.0735865 0.997289 0
    outer loop
      vertex -3.31697 67.5186 64.1
      vertex -4.64377 67.4207 66.5
      vertex -3.31697 67.5186 69
    endloop
  endfacet
  facet normal -0.0751752 0.99717 -0.000883144
    outer loop
      vertex -4.64377 67.4207 66.5
      vertex -3.31697 67.5186 64.1
      vertex -4.64864 67.4203 66.4629
    endloop
  endfacet
  facet normal -0.0732367 0.997315 0.000215373
    outer loop
      vertex -4.64864 67.4203 66.4629
      vertex -3.31697 67.5186 64.1
      vertex -4.68625 67.4176 66.1765
    endloop
  endfacet
  facet normal -0.0737811 0.997274 -0.000145545
    outer loop
      vertex -4.68625 67.4176 66.1765
      vertex -3.31697 67.5186 64.1
      vertex -4.79656 67.4094 65.9095
    endloop
  endfacet
  facet normal -0.0738049 0.997273 0.000258793
    outer loop
      vertex -5.56782 67.3525 65.2926
      vertex -6.62596 67.2745 64.1
      vertex -5.60432 67.3498 65.2878
    endloop
  endfacet
  facet normal -0.0735688 0.99729 4.82064e-05
    outer loop
      vertex -6.62596 67.2745 64.1
      vertex -5.56782 67.3525 65.2926
      vertex -3.31697 67.5186 64.1
    endloop
  endfacet
  facet normal -0.0733986 0.997303 0.000371149
    outer loop
      vertex -5.53378 67.355 65.3067
      vertex -3.31697 67.5186 64.1
      vertex -5.56782 67.3525 65.2926
    endloop
  endfacet
  facet normal -0.0736461 0.997284 -8.58694e-05
    outer loop
      vertex -5.26714 67.3747 65.4175
      vertex -3.31697 67.5186 64.1
      vertex -5.53378 67.355 65.3067
    endloop
  endfacet
  facet normal -0.0736262 0.997286 -5.63597e-05
    outer loop
      vertex -5.03836 67.3916 65.5935
      vertex -3.31697 67.5186 64.1
      vertex -5.26714 67.3747 65.4175
    endloop
  endfacet
  facet normal -0.0740912 0.997251 -0.000595146
    outer loop
      vertex -5.00893 67.3938 65.6161
      vertex -3.31697 67.5186 64.1
      vertex -5.03836 67.3916 65.5935
    endloop
  endfacet
  facet normal -0.073459 0.997298 0.000114163
    outer loop
      vertex -4.83344 67.4067 65.8454
      vertex -3.31697 67.5186 64.1
      vertex -5.00893 67.3938 65.6161
    endloop
  endfacet
  facet normal -0.0741927 0.997244 -0.000526758
    outer loop
      vertex -4.8108 67.4084 65.875
      vertex -3.31697 67.5186 64.1
      vertex -4.83344 67.4067 65.8454
    endloop
  endfacet
  facet normal -0.0724128 0.997374 0.000979259
    outer loop
      vertex -4.79656 67.4094 65.9095
      vertex -3.31697 67.5186 64.1
      vertex -4.8108 67.4084 65.875
    endloop
  endfacet
  facet normal -0.0734614 0.997298 2.04848e-05
    outer loop
      vertex -6.17696 67.3076 67.7122
      vertex -6.62596 67.2745 69
      vertex -5.8905 67.3287 67.75
    endloop
  endfacet
  facet normal -0.0743021 0.997236 -0.000274203
    outer loop
      vertex -6.21318 67.3049 67.7074
      vertex -6.62596 67.2745 69
      vertex -6.17696 67.3076 67.7122
    endloop
  endfacet
  facet normal -0.071282 0.997456 0.000695395
    outer loop
      vertex -6.2469 67.3025 67.6934
      vertex -6.62596 67.2745 69
      vertex -6.21318 67.3049 67.7074
    endloop
  endfacet
  facet normal -0.0735991 0.997288 1.95905e-05
    outer loop
      vertex -6.51387 67.2828 67.5825
      vertex -6.62596 67.2745 69
      vertex -6.2469 67.3025 67.6934
    endloop
  endfacet
  facet normal -0.0738455 0.99727 0
    outer loop
      vertex -6.62596 67.2745 69
      vertex -6.51387 67.2828 67.5825
      vertex -6.62596 67.2745 67.4963
    endloop
  endfacet
  facet normal -0.0735334 0.997293 2.39967e-05
    outer loop
      vertex -5.60432 67.3498 65.2878
      vertex -6.62596 67.2745 64.1
      vertex -5.8905 67.3287 65.25
    endloop
  endfacet
  facet normal -0.0734617 0.997298 -2.21275e-05
    outer loop
      vertex -5.8905 67.3287 65.25
      vertex -6.62596 67.2745 64.1
      vertex -6.17696 67.3076 65.2878
    endloop
  endfacet
  facet normal -0.0738455 0.99727 0
    outer loop
      vertex -6.51387 67.2828 65.4175
      vertex -6.62596 67.2745 64.1
      vertex -6.62596 67.2745 65.5037
    endloop
  endfacet
  facet normal -0.0735997 0.997288 -2.10267e-05
    outer loop
      vertex -6.2469 67.3025 65.3066
      vertex -6.62596 67.2745 64.1
      vertex -6.51387 67.2828 65.4175
    endloop
  endfacet
  facet normal -0.0713031 0.997454 -0.000746377
    outer loop
      vertex -6.21318 67.3049 65.2926
      vertex -6.62596 67.2745 64.1
      vertex -6.2469 67.3025 65.3066
    endloop
  endfacet
  facet normal -0.0742992 0.997236 0.000296187
    outer loop
      vertex -6.17696 67.3076 65.2878
      vertex -6.62596 67.2745 64.1
      vertex -6.21318 67.3049 65.2926
    endloop
  endfacet
  facet normal -0.724239 0.689549 0
    outer loop
      vertex -50.0883 45.3974 64.1
      vertex -47.8004 47.8004 69
      vertex -47.8004 47.8004 64.1
    endloop
  endfacet
  facet normal -0.724239 0.689549 0
    outer loop
      vertex -47.8004 47.8004 69
      vertex -50.0883 45.3974 64.1
      vertex -50.0883 45.3974 69
    endloop
  endfacet
  facet normal 0.999699 -0.0245348 0
    outer loop
      vertex 70.9145 -3.4838 64.1
      vertex 71 0 59.9
      vertex 71 0 64.1
    endloop
  endfacet
  facet normal 0.999699 -0.0245348 0
    outer loop
      vertex 71 0 59.9
      vertex 70.9145 -3.4838 64.1
      vertex 70.9145 -3.4838 59.9
    endloop
  endfacet
  facet normal -0.999699 -0.0245348 0
    outer loop
      vertex -70.9145 -3.4838 59.9
      vertex -71 0 64.1
      vertex -71 0 59.9
    endloop
  endfacet
  facet normal -0.999699 -0.0245348 0
    outer loop
      vertex -71 0 64.1
      vertex -70.9145 -3.4838 59.9
      vertex -70.9145 -3.4838 64.1
    endloop
  endfacet
  facet normal 0.0245348 -0.999699 0
    outer loop
      vertex 0 -71 59.9
      vertex 3.4838 -70.9145 64.1
      vertex 0 -71 64.1
    endloop
  endfacet
  facet normal 0.0245348 -0.999699 0
    outer loop
      vertex 3.4838 -70.9145 64.1
      vertex 0 -71 59.9
      vertex 3.4838 -70.9145 59.9
    endloop
  endfacet
  facet normal 0.724255 -0.689533 0
    outer loop
      vertex 50.2046 -50.2046 64.1
      vertex 52.6075 -47.6807 59.9
      vertex 52.6075 -47.6807 64.1
    endloop
  endfacet
  facet normal 0.724255 -0.689533 0
    outer loop
      vertex 52.6075 -47.6807 59.9
      vertex 50.2046 -50.2046 64.1
      vertex 50.2046 -50.2046 59.9
    endloop
  endfacet
  facet normal -0.689533 -0.724255 0
    outer loop
      vertex -50.2046 -50.2046 59.9
      vertex -47.6807 -52.6075 64.1
      vertex -50.2046 -50.2046 64.1
    endloop
  endfacet
  facet normal -0.689533 -0.724255 -0
    outer loop
      vertex -47.6807 -52.6075 64.1
      vertex -50.2046 -50.2046 59.9
      vertex -47.6807 -52.6075 59.9
    endloop
  endfacet
  facet normal 0.932989 -0.359904 0
    outer loop
      vertex 65.5954 -27.1705 64.1
      vertex 66.8496 -23.9192 59.9
      vertex 66.8496 -23.9192 64.1
    endloop
  endfacet
  facet normal 0.932989 -0.359904 0
    outer loop
      vertex 66.8496 -23.9192 59.9
      vertex 65.5954 -27.1705 64.1
      vertex 65.5954 -27.1705 59.9
    endloop
  endfacet
  facet normal 0.757215 -0.653166 0
    outer loop
      vertex 52.6075 -47.6807 64.1
      vertex 54.8837 -45.0419 59.9
      vertex 54.8837 -45.0419 64.1
    endloop
  endfacet
  facet normal 0.757215 -0.653166 0
    outer loop
      vertex 54.8837 -45.0419 59.9
      vertex 52.6075 -47.6807 64.1
      vertex 52.6075 -47.6807 59.9
    endloop
  endfacet
  facet normal 0.449599 -0.89323 0
    outer loop
      vertex 30.3564 -64.1832 59.9
      vertex 33.4692 -62.6164 64.1
      vertex 30.3564 -64.1832 64.1
    endloop
  endfacet
  facet normal 0.449599 -0.89323 0
    outer loop
      vertex 33.4692 -62.6164 64.1
      vertex 30.3564 -64.1832 59.9
      vertex 33.4692 -62.6164 59.9
    endloop
  endfacet
  facet normal -0.844853 -0.534999 0
    outer loop
      vertex -59.0343 -39.4455 59.9
      vertex -60.8987 -36.5013 64.1
      vertex -60.8987 -36.5013 59.9
    endloop
  endfacet
  facet normal -0.844853 -0.534999 0
    outer loop
      vertex -60.8987 -36.5013 64.1
      vertex -59.0343 -39.4455 59.9
      vertex -59.0343 -39.4455 64.1
    endloop
  endfacet
  facet normal -0.653166 -0.757215 0
    outer loop
      vertex -47.6807 -52.6075 59.9
      vertex -45.0419 -54.8837 64.1
      vertex -47.6807 -52.6075 64.1
    endloop
  endfacet
  facet normal -0.653166 -0.757215 -0
    outer loop
      vertex -45.0419 -54.8837 64.1
      vertex -47.6807 -52.6075 59.9
      vertex -45.0419 -54.8837 59.9
    endloop
  endfacet
  facet normal -0.122414 -0.992479 0
    outer loop
      vertex -10.4179 -70.2315 59.9
      vertex -6.95922 -70.6581 64.1
      vertex -10.4179 -70.2315 64.1
    endloop
  endfacet
  facet normal -0.122414 -0.992479 -0
    outer loop
      vertex -6.95922 -70.6581 64.1
      vertex -10.4179 -70.2315 59.9
      vertex -6.95922 -70.6581 59.9
    endloop
  endfacet
  facet normal 0.844853 0.534999 0
    outer loop
      vertex 60.8987 36.5013 64.1
      vertex 59.0343 39.4455 59.9
      vertex 59.0343 39.4455 64.1
    endloop
  endfacet
  facet normal 0.844853 0.534999 0
    outer loop
      vertex 59.0343 39.4455 59.9
      vertex 60.8987 36.5013 64.1
      vertex 60.8987 36.5013 59.9
    endloop
  endfacet
  facet normal 0.219118 0.975698 -0
    outer loop
      vertex 17.2516 68.8722 59.9
      vertex 13.8514 69.6358 64.1
      vertex 17.2516 68.8722 64.1
    endloop
  endfacet
  facet normal 0.219118 0.975698 0
    outer loop
      vertex 13.8514 69.6358 64.1
      vertex 17.2516 68.8722 59.9
      vertex 13.8514 69.6358 59.9
    endloop
  endfacet
  facet normal 0.653166 0.757215 -0
    outer loop
      vertex 47.6807 52.6075 59.9
      vertex 45.0419 54.8837 64.1
      vertex 47.6807 52.6075 64.1
    endloop
  endfacet
  facet normal 0.653166 0.757215 0
    outer loop
      vertex 45.0419 54.8837 64.1
      vertex 47.6807 52.6075 59.9
      vertex 45.0419 54.8837 59.9
    endloop
  endfacet
  facet normal 0.757215 0.653166 0
    outer loop
      vertex 54.8837 45.0419 64.1
      vertex 52.6075 47.6807 59.9
      vertex 52.6075 47.6807 64.1
    endloop
  endfacet
  facet normal 0.757215 0.653166 0
    outer loop
      vertex 52.6075 47.6807 59.9
      vertex 54.8837 45.0419 64.1
      vertex 54.8837 45.0419 59.9
    endloop
  endfacet
  facet normal -0.359904 0.932989 0
    outer loop
      vertex -23.9192 66.8496 59.9
      vertex -27.1705 65.5954 64.1
      vertex -23.9192 66.8496 64.1
    endloop
  endfacet
  facet normal -0.359904 0.932989 0
    outer loop
      vertex -27.1705 65.5954 64.1
      vertex -23.9192 66.8496 59.9
      vertex -27.1705 65.5954 59.9
    endloop
  endfacet
  facet normal -0.724255 0.689533 0
    outer loop
      vertex -52.6075 47.6807 59.9
      vertex -50.2046 50.2046 64.1
      vertex -50.2046 50.2046 59.9
    endloop
  endfacet
  facet normal -0.724255 0.689533 0
    outer loop
      vertex -50.2046 50.2046 64.1
      vertex -52.6075 47.6807 59.9
      vertex -52.6075 47.6807 64.1
    endloop
  endfacet
  facet normal 0.985281 -0.170943 0
    outer loop
      vertex 69.6358 -13.8514 64.1
      vertex 70.2315 -10.4179 59.9
      vertex 70.2315 -10.4179 64.1
    endloop
  endfacet
  facet normal 0.985281 -0.170943 0
    outer loop
      vertex 70.2315 -10.4179 59.9
      vertex 69.6358 -13.8514 64.1
      vertex 69.6358 -13.8514 59.9
    endloop
  endfacet
  facet normal 0.975698 -0.219118 0
    outer loop
      vertex 68.8722 -17.2516 64.1
      vertex 69.6358 -13.8514 59.9
      vertex 69.6358 -13.8514 64.1
    endloop
  endfacet
  facet normal 0.975698 -0.219118 0
    outer loop
      vertex 69.6358 -13.8514 59.9
      vertex 68.8722 -17.2516 64.1
      vertex 68.8722 -17.2516 59.9
    endloop
  endfacet
  facet normal 0.89323 -0.449599 0
    outer loop
      vertex 62.6164 -33.4692 64.1
      vertex 64.1832 -30.3564 59.9
      vertex 64.1832 -30.3564 64.1
    endloop
  endfacet
  facet normal 0.89323 -0.449599 0
    outer loop
      vertex 64.1832 -30.3564 59.9
      vertex 62.6164 -33.4692 64.1
      vertex 62.6164 -33.4692 59.9
    endloop
  endfacet
  facet normal 0.788338 -0.615243 0
    outer loop
      vertex 54.8837 -45.0419 64.1
      vertex 57.0277 -42.2947 59.9
      vertex 57.0277 -42.2947 64.1
    endloop
  endfacet
  facet normal 0.788338 -0.615243 0
    outer loop
      vertex 57.0277 -42.2947 59.9
      vertex 54.8837 -45.0419 64.1
      vertex 54.8837 -45.0419 59.9
    endloop
  endfacet
  facet normal 0.219118 -0.975698 0
    outer loop
      vertex 13.8514 -69.6358 59.9
      vertex 17.2516 -68.8722 64.1
      vertex 13.8514 -69.6358 64.1
    endloop
  endfacet
  facet normal 0.219118 -0.975698 0
    outer loop
      vertex 17.2516 -68.8722 64.1
      vertex 13.8514 -69.6358 59.9
      vertex 17.2516 -68.8722 59.9
    endloop
  endfacet
  facet normal 0.653166 -0.757215 0
    outer loop
      vertex 45.0419 -54.8837 59.9
      vertex 47.6807 -52.6075 64.1
      vertex 45.0419 -54.8837 64.1
    endloop
  endfacet
  facet normal 0.653166 -0.757215 0
    outer loop
      vertex 47.6807 -52.6075 64.1
      vertex 45.0419 -54.8837 59.9
      vertex 47.6807 -52.6075 59.9
    endloop
  endfacet
  facet normal 0.492906 -0.870082 0
    outer loop
      vertex 33.4692 -62.6164 59.9
      vertex 36.5013 -60.8987 64.1
      vertex 33.4692 -62.6164 64.1
    endloop
  endfacet
  facet normal 0.492906 -0.870082 0
    outer loop
      vertex 36.5013 -60.8987 64.1
      vertex 33.4692 -62.6164 59.9
      vertex 36.5013 -60.8987 59.9
    endloop
  endfacet
  facet normal -0.975698 -0.219118 0
    outer loop
      vertex -68.8722 -17.2516 59.9
      vertex -69.6358 -13.8514 64.1
      vertex -69.6358 -13.8514 59.9
    endloop
  endfacet
  facet normal -0.975698 -0.219118 0
    outer loop
      vertex -69.6358 -13.8514 64.1
      vertex -68.8722 -17.2516 59.9
      vertex -68.8722 -17.2516 64.1
    endloop
  endfacet
  facet normal -0.534999 -0.844853 0
    outer loop
      vertex -39.4455 -59.0343 59.9
      vertex -36.5013 -60.8987 64.1
      vertex -39.4455 -59.0343 64.1
    endloop
  endfacet
  facet normal -0.534999 -0.844853 -0
    outer loop
      vertex -36.5013 -60.8987 64.1
      vertex -39.4455 -59.0343 59.9
      vertex -36.5013 -60.8987 59.9
    endloop
  endfacet
  facet normal -0.615243 -0.788338 0
    outer loop
      vertex -45.0419 -54.8837 59.9
      vertex -42.2947 -57.0277 64.1
      vertex -45.0419 -54.8837 64.1
    endloop
  endfacet
  facet normal -0.615243 -0.788338 -0
    outer loop
      vertex -42.2947 -57.0277 64.1
      vertex -45.0419 -54.8837 59.9
      vertex -42.2947 -57.0277 59.9
    endloop
  endfacet
  facet normal -0.313696 -0.949524 0
    outer loop
      vertex -23.9192 -66.8496 59.9
      vertex -20.6102 -67.9428 64.1
      vertex -23.9192 -66.8496 64.1
    endloop
  endfacet
  facet normal -0.313696 -0.949524 -0
    outer loop
      vertex -20.6102 -67.9428 64.1
      vertex -23.9192 -66.8496 59.9
      vertex -20.6102 -67.9428 59.9
    endloop
  endfacet
  facet normal -0.0735753 -0.99729 0
    outer loop
      vertex -6.95922 -70.6581 59.9
      vertex -3.4838 -70.9145 64.1
      vertex -6.95922 -70.6581 64.1
    endloop
  endfacet
  facet normal -0.0735753 -0.99729 -0
    outer loop
      vertex -3.4838 -70.9145 64.1
      vertex -6.95922 -70.6581 59.9
      vertex -3.4838 -70.9145 59.9
    endloop
  endfacet
  facet normal 0.96378 0.266699 0
    outer loop
      vertex 68.8722 17.2516 64.1
      vertex 67.9428 20.6102 59.9
      vertex 67.9428 20.6102 64.1
    endloop
  endfacet
  facet normal 0.96378 0.266699 0
    outer loop
      vertex 67.9428 20.6102 59.9
      vertex 68.8722 17.2516 64.1
      vertex 68.8722 17.2516 59.9
    endloop
  endfacet
  facet normal 0.492906 0.870082 -0
    outer loop
      vertex 36.5013 60.8987 59.9
      vertex 33.4692 62.6164 64.1
      vertex 36.5013 60.8987 64.1
    endloop
  endfacet
  facet normal 0.492906 0.870082 0
    outer loop
      vertex 33.4692 62.6164 64.1
      vertex 36.5013 60.8987 59.9
      vertex 33.4692 62.6164 59.9
    endloop
  endfacet
  facet normal 0.788338 0.615243 0
    outer loop
      vertex 57.0277 42.2947 64.1
      vertex 54.8837 45.0419 59.9
      vertex 54.8837 45.0419 64.1
    endloop
  endfacet
  facet normal 0.788338 0.615243 0
    outer loop
      vertex 54.8837 45.0419 59.9
      vertex 57.0277 42.2947 64.1
      vertex 57.0277 42.2947 59.9
    endloop
  endfacet
  facet normal 0.992479 0.122414 0
    outer loop
      vertex 70.6581 6.95922 64.1
      vertex 70.2315 10.4179 59.9
      vertex 70.2315 10.4179 64.1
    endloop
  endfacet
  facet normal 0.992479 0.122414 0
    outer loop
      vertex 70.2315 10.4179 59.9
      vertex 70.6581 6.95922 64.1
      vertex 70.6581 6.95922 59.9
    endloop
  endfacet
  facet normal -0.266699 0.96378 0
    outer loop
      vertex -17.2516 68.8722 59.9
      vertex -20.6102 67.9428 64.1
      vertex -17.2516 68.8722 64.1
    endloop
  endfacet
  facet normal -0.266699 0.96378 0
    outer loop
      vertex -20.6102 67.9428 64.1
      vertex -17.2516 68.8722 59.9
      vertex -20.6102 67.9428 59.9
    endloop
  endfacet
  facet normal -0.615243 0.788338 0
    outer loop
      vertex -42.2947 57.0277 59.9
      vertex -45.0419 54.8837 64.1
      vertex -42.2947 57.0277 64.1
    endloop
  endfacet
  facet normal -0.615243 0.788338 0
    outer loop
      vertex -45.0419 54.8837 64.1
      vertex -42.2947 57.0277 59.9
      vertex -45.0419 54.8837 59.9
    endloop
  endfacet
  facet normal -0.405238 0.914211 0
    outer loop
      vertex -27.1705 65.5954 59.9
      vertex -30.3564 64.1832 64.1
      vertex -27.1705 65.5954 64.1
    endloop
  endfacet
  facet normal -0.405238 0.914211 0
    outer loop
      vertex -30.3564 64.1832 64.1
      vertex -27.1705 65.5954 59.9
      vertex -30.3564 64.1832 59.9
    endloop
  endfacet
  facet normal -0.0245348 0.999699 0
    outer loop
      vertex 0 71 59.9
      vertex -3.4838 70.9145 64.1
      vertex 0 71 64.1
    endloop
  endfacet
  facet normal -0.0245348 0.999699 0
    outer loop
      vertex -3.4838 70.9145 64.1
      vertex 0 71 59.9
      vertex -3.4838 70.9145 59.9
    endloop
  endfacet
  facet normal -0.914211 0.405238 0
    outer loop
      vertex -65.5954 27.1705 59.9
      vertex -64.1832 30.3564 64.1
      vertex -64.1832 30.3564 59.9
    endloop
  endfacet
  facet normal -0.914211 0.405238 0
    outer loop
      vertex -64.1832 30.3564 64.1
      vertex -65.5954 27.1705 59.9
      vertex -65.5954 27.1705 64.1
    endloop
  endfacet
  facet normal -0.870082 0.492906 0
    outer loop
      vertex -62.6164 33.4692 59.9
      vertex -60.8987 36.5013 64.1
      vertex -60.8987 36.5013 59.9
    endloop
  endfacet
  facet normal -0.870082 0.492906 0
    outer loop
      vertex -60.8987 36.5013 64.1
      vertex -62.6164 33.4692 59.9
      vertex -62.6164 33.4692 64.1
    endloop
  endfacet
  facet normal -0.96378 0.266699 0
    outer loop
      vertex -68.8722 17.2516 59.9
      vertex -67.9428 20.6102 64.1
      vertex -67.9428 20.6102 59.9
    endloop
  endfacet
  facet normal -0.96378 0.266699 0
    outer loop
      vertex -67.9428 20.6102 64.1
      vertex -68.8722 17.2516 59.9
      vertex -68.8722 17.2516 64.1
    endloop
  endfacet
  facet normal -0.932989 0.359904 0
    outer loop
      vertex -66.8496 23.9192 59.9
      vertex -65.5954 27.1705 64.1
      vertex -65.5954 27.1705 59.9
    endloop
  endfacet
  facet normal -0.932989 0.359904 0
    outer loop
      vertex -65.5954 27.1705 64.1
      vertex -66.8496 23.9192 59.9
      vertex -66.8496 23.9192 64.1
    endloop
  endfacet
  facet normal -0.985281 0.170943 0
    outer loop
      vertex -70.2315 10.4179 59.9
      vertex -69.6358 13.8514 64.1
      vertex -69.6358 13.8514 59.9
    endloop
  endfacet
  facet normal -0.985281 0.170943 0
    outer loop
      vertex -69.6358 13.8514 64.1
      vertex -70.2315 10.4179 59.9
      vertex -70.2315 10.4179 64.1
    endloop
  endfacet
  facet normal 0.992479 -0.122414 0
    outer loop
      vertex 70.2315 -10.4179 64.1
      vertex 70.6581 -6.95922 59.9
      vertex 70.6581 -6.95922 64.1
    endloop
  endfacet
  facet normal 0.992479 -0.122414 0
    outer loop
      vertex 70.6581 -6.95922 59.9
      vertex 70.2315 -10.4179 64.1
      vertex 70.2315 -10.4179 59.9
    endloop
  endfacet
  facet normal 0.99729 -0.0735753 0
    outer loop
      vertex 70.6581 -6.95922 64.1
      vertex 70.9145 -3.4838 59.9
      vertex 70.9145 -3.4838 64.1
    endloop
  endfacet
  facet normal 0.99729 -0.0735753 0
    outer loop
      vertex 70.9145 -3.4838 59.9
      vertex 70.6581 -6.95922 64.1
      vertex 70.6581 -6.95922 59.9
    endloop
  endfacet
  facet normal 0.949524 -0.313696 0
    outer loop
      vertex 66.8496 -23.9192 64.1
      vertex 67.9428 -20.6102 59.9
      vertex 67.9428 -20.6102 64.1
    endloop
  endfacet
  facet normal 0.949524 -0.313696 0
    outer loop
      vertex 67.9428 -20.6102 59.9
      vertex 66.8496 -23.9192 64.1
      vertex 66.8496 -23.9192 59.9
    endloop
  endfacet
  facet normal 0.96378 -0.266699 0
    outer loop
      vertex 67.9428 -20.6102 64.1
      vertex 68.8722 -17.2516 59.9
      vertex 68.8722 -17.2516 64.1
    endloop
  endfacet
  facet normal 0.96378 -0.266699 0
    outer loop
      vertex 68.8722 -17.2516 59.9
      vertex 67.9428 -20.6102 64.1
      vertex 67.9428 -20.6102 59.9
    endloop
  endfacet
  facet normal 0.817589 -0.575802 0
    outer loop
      vertex 57.0277 -42.2947 64.1
      vertex 59.0343 -39.4455 59.9
      vertex 59.0343 -39.4455 64.1
    endloop
  endfacet
  facet normal 0.817589 -0.575802 0
    outer loop
      vertex 59.0343 -39.4455 59.9
      vertex 57.0277 -42.2947 64.1
      vertex 57.0277 -42.2947 59.9
    endloop
  endfacet
  facet normal 0.844853 -0.534999 0
    outer loop
      vertex 59.0343 -39.4455 64.1
      vertex 60.8987 -36.5013 59.9
      vertex 60.8987 -36.5013 64.1
    endloop
  endfacet
  facet normal 0.844853 -0.534999 0
    outer loop
      vertex 60.8987 -36.5013 59.9
      vertex 59.0343 -39.4455 64.1
      vertex 59.0343 -39.4455 59.9
    endloop
  endfacet
  facet normal 0.870082 -0.492906 0
    outer loop
      vertex 60.8987 -36.5013 64.1
      vertex 62.6164 -33.4692 59.9
      vertex 62.6164 -33.4692 64.1
    endloop
  endfacet
  facet normal 0.870082 -0.492906 0
    outer loop
      vertex 62.6164 -33.4692 59.9
      vertex 60.8987 -36.5013 64.1
      vertex 60.8987 -36.5013 59.9
    endloop
  endfacet
  facet normal 0.914211 -0.405238 0
    outer loop
      vertex 64.1832 -30.3564 64.1
      vertex 65.5954 -27.1705 59.9
      vertex 65.5954 -27.1705 64.1
    endloop
  endfacet
  facet normal 0.914211 -0.405238 0
    outer loop
      vertex 65.5954 -27.1705 59.9
      vertex 64.1832 -30.3564 64.1
      vertex 64.1832 -30.3564 59.9
    endloop
  endfacet
  facet normal 0.122414 -0.992479 0
    outer loop
      vertex 6.95922 -70.6581 59.9
      vertex 10.4179 -70.2315 64.1
      vertex 6.95922 -70.6581 64.1
    endloop
  endfacet
  facet normal 0.122414 -0.992479 0
    outer loop
      vertex 10.4179 -70.2315 64.1
      vertex 6.95922 -70.6581 59.9
      vertex 10.4179 -70.2315 59.9
    endloop
  endfacet
  facet normal 0.359904 -0.932989 0
    outer loop
      vertex 23.9192 -66.8496 59.9
      vertex 27.1705 -65.5954 64.1
      vertex 23.9192 -66.8496 64.1
    endloop
  endfacet
  facet normal 0.359904 -0.932989 0
    outer loop
      vertex 27.1705 -65.5954 64.1
      vertex 23.9192 -66.8496 59.9
      vertex 27.1705 -65.5954 59.9
    endloop
  endfacet
  facet normal 0.313696 -0.949524 0
    outer loop
      vertex 20.6102 -67.9428 59.9
      vertex 23.9192 -66.8496 64.1
      vertex 20.6102 -67.9428 64.1
    endloop
  endfacet
  facet normal 0.313696 -0.949524 0
    outer loop
      vertex 23.9192 -66.8496 64.1
      vertex 20.6102 -67.9428 59.9
      vertex 23.9192 -66.8496 59.9
    endloop
  endfacet
  facet normal 0.266699 -0.96378 0
    outer loop
      vertex 17.2516 -68.8722 59.9
      vertex 20.6102 -67.9428 64.1
      vertex 17.2516 -68.8722 64.1
    endloop
  endfacet
  facet normal 0.266699 -0.96378 0
    outer loop
      vertex 20.6102 -67.9428 64.1
      vertex 17.2516 -68.8722 59.9
      vertex 20.6102 -67.9428 59.9
    endloop
  endfacet
  facet normal 0.170943 -0.985281 0
    outer loop
      vertex 10.4179 -70.2315 59.9
      vertex 13.8514 -69.6358 64.1
      vertex 10.4179 -70.2315 64.1
    endloop
  endfacet
  facet normal 0.170943 -0.985281 0
    outer loop
      vertex 13.8514 -69.6358 64.1
      vertex 10.4179 -70.2315 59.9
      vertex 13.8514 -69.6358 59.9
    endloop
  endfacet
  facet normal 0.0735753 -0.99729 0
    outer loop
      vertex 3.4838 -70.9145 59.9
      vertex 6.95922 -70.6581 64.1
      vertex 3.4838 -70.9145 64.1
    endloop
  endfacet
  facet normal 0.0735753 -0.99729 0
    outer loop
      vertex 6.95922 -70.6581 64.1
      vertex 3.4838 -70.9145 59.9
      vertex 6.95922 -70.6581 59.9
    endloop
  endfacet
  facet normal 0.405238 -0.914211 0
    outer loop
      vertex 27.1705 -65.5954 59.9
      vertex 30.3564 -64.1832 64.1
      vertex 27.1705 -65.5954 64.1
    endloop
  endfacet
  facet normal 0.405238 -0.914211 0
    outer loop
      vertex 30.3564 -64.1832 64.1
      vertex 27.1705 -65.5954 59.9
      vertex 30.3564 -64.1832 59.9
    endloop
  endfacet
  facet normal 0.534999 -0.844853 0
    outer loop
      vertex 36.5013 -60.8987 59.9
      vertex 39.4455 -59.0343 64.1
      vertex 36.5013 -60.8987 64.1
    endloop
  endfacet
  facet normal 0.534999 -0.844853 0
    outer loop
      vertex 39.4455 -59.0343 64.1
      vertex 36.5013 -60.8987 59.9
      vertex 39.4455 -59.0343 59.9
    endloop
  endfacet
  facet normal 0.575802 -0.817589 0
    outer loop
      vertex 39.4455 -59.0343 59.9
      vertex 42.2947 -57.0277 64.1
      vertex 39.4455 -59.0343 64.1
    endloop
  endfacet
  facet normal 0.575802 -0.817589 0
    outer loop
      vertex 42.2947 -57.0277 64.1
      vertex 39.4455 -59.0343 59.9
      vertex 42.2947 -57.0277 59.9
    endloop
  endfacet
  facet normal 0.615243 -0.788338 0
    outer loop
      vertex 42.2947 -57.0277 59.9
      vertex 45.0419 -54.8837 64.1
      vertex 42.2947 -57.0277 64.1
    endloop
  endfacet
  facet normal 0.615243 -0.788338 0
    outer loop
      vertex 45.0419 -54.8837 64.1
      vertex 42.2947 -57.0277 59.9
      vertex 45.0419 -54.8837 59.9
    endloop
  endfacet
  facet normal 0.689533 -0.724255 0
    outer loop
      vertex 47.6807 -52.6075 59.9
      vertex 50.2046 -50.2046 64.1
      vertex 47.6807 -52.6075 64.1
    endloop
  endfacet
  facet normal 0.689533 -0.724255 0
    outer loop
      vertex 50.2046 -50.2046 64.1
      vertex 47.6807 -52.6075 59.9
      vertex 50.2046 -50.2046 59.9
    endloop
  endfacet
  facet normal -0.992479 -0.122414 0
    outer loop
      vertex -70.2315 -10.4179 59.9
      vertex -70.6581 -6.95922 64.1
      vertex -70.6581 -6.95922 59.9
    endloop
  endfacet
  facet normal -0.992479 -0.122414 0
    outer loop
      vertex -70.6581 -6.95922 64.1
      vertex -70.2315 -10.4179 59.9
      vertex -70.2315 -10.4179 64.1
    endloop
  endfacet
  facet normal -0.724255 -0.689533 0
    outer loop
      vertex -50.2046 -50.2046 59.9
      vertex -52.6075 -47.6807 64.1
      vertex -52.6075 -47.6807 59.9
    endloop
  endfacet
  facet normal -0.724255 -0.689533 0
    outer loop
      vertex -52.6075 -47.6807 64.1
      vertex -50.2046 -50.2046 59.9
      vertex -50.2046 -50.2046 64.1
    endloop
  endfacet
  facet normal -0.870082 -0.492906 0
    outer loop
      vertex -60.8987 -36.5013 59.9
      vertex -62.6164 -33.4692 64.1
      vertex -62.6164 -33.4692 59.9
    endloop
  endfacet
  facet normal -0.870082 -0.492906 0
    outer loop
      vertex -62.6164 -33.4692 64.1
      vertex -60.8987 -36.5013 59.9
      vertex -60.8987 -36.5013 64.1
    endloop
  endfacet
  facet normal -0.914211 -0.405238 0
    outer loop
      vertex -64.1832 -30.3564 59.9
      vertex -65.5954 -27.1705 64.1
      vertex -65.5954 -27.1705 59.9
    endloop
  endfacet
  facet normal -0.914211 -0.405238 0
    outer loop
      vertex -65.5954 -27.1705 64.1
      vertex -64.1832 -30.3564 59.9
      vertex -64.1832 -30.3564 64.1
    endloop
  endfacet
  facet normal -0.89323 -0.449599 0
    outer loop
      vertex -62.6164 -33.4692 59.9
      vertex -64.1832 -30.3564 64.1
      vertex -64.1832 -30.3564 59.9
    endloop
  endfacet
  facet normal -0.89323 -0.449599 0
    outer loop
      vertex -64.1832 -30.3564 64.1
      vertex -62.6164 -33.4692 59.9
      vertex -62.6164 -33.4692 64.1
    endloop
  endfacet
  facet normal -0.932989 -0.359904 0
    outer loop
      vertex -65.5954 -27.1705 59.9
      vertex -66.8496 -23.9192 64.1
      vertex -66.8496 -23.9192 59.9
    endloop
  endfacet
  facet normal -0.932989 -0.359904 0
    outer loop
      vertex -66.8496 -23.9192 64.1
      vertex -65.5954 -27.1705 59.9
      vertex -65.5954 -27.1705 64.1
    endloop
  endfacet
  facet normal -0.949524 -0.313696 0
    outer loop
      vertex -66.8496 -23.9192 59.9
      vertex -67.9428 -20.6102 64.1
      vertex -67.9428 -20.6102 59.9
    endloop
  endfacet
  facet normal -0.949524 -0.313696 0
    outer loop
      vertex -67.9428 -20.6102 64.1
      vertex -66.8496 -23.9192 59.9
      vertex -66.8496 -23.9192 64.1
    endloop
  endfacet
  facet normal -0.96378 -0.266699 0
    outer loop
      vertex -67.9428 -20.6102 59.9
      vertex -68.8722 -17.2516 64.1
      vertex -68.8722 -17.2516 59.9
    endloop
  endfacet
  facet normal -0.96378 -0.266699 0
    outer loop
      vertex -68.8722 -17.2516 64.1
      vertex -67.9428 -20.6102 59.9
      vertex -67.9428 -20.6102 64.1
    endloop
  endfacet
  facet normal -0.985281 -0.170943 0
    outer loop
      vertex -69.6358 -13.8514 59.9
      vertex -70.2315 -10.4179 64.1
      vertex -70.2315 -10.4179 59.9
    endloop
  endfacet
  facet normal -0.985281 -0.170943 0
    outer loop
      vertex -70.2315 -10.4179 64.1
      vertex -69.6358 -13.8514 59.9
      vertex -69.6358 -13.8514 64.1
    endloop
  endfacet
  facet normal -0.99729 -0.0735753 0
    outer loop
      vertex -70.6581 -6.95922 59.9
      vertex -70.9145 -3.4838 64.1
      vertex -70.9145 -3.4838 59.9
    endloop
  endfacet
  facet normal -0.99729 -0.0735753 0
    outer loop
      vertex -70.9145 -3.4838 64.1
      vertex -70.6581 -6.95922 59.9
      vertex -70.6581 -6.95922 64.1
    endloop
  endfacet
  facet normal 0 0 -1
    outer loop
      vertex 70.5508 -0.0476935 59.9
      vertex 71 0 59.9
      vertex 70.9145 -3.4838 59.9
    endloop
  endfacet
  facet normal 0 0 -1
    outer loop
      vertex 70.2158 -6.86773 59.9
      vertex 70.9145 -3.4838 59.9
      vertex 70.6581 -6.95922 59.9
    endloop
  endfacet
  facet normal -0 0 -1
    outer loop
      vertex 71 0 59.9
      vertex 70.5508 -0.0476935 59.9
      vertex 70.552 0 59.9
    endloop
  endfacet
  facet normal 0 0 -1
    outer loop
      vertex 71 0 59.9
      vertex 70.5508 0.0476935 59.9
      vertex 70.9145 3.4838 59.9
    endloop
  endfacet
  facet normal 0 0 -1
    outer loop
      vertex 70.5508 0.0476935 59.9
      vertex 71 0 59.9
      vertex 70.552 0 59.9
    endloop
  endfacet
  facet normal 0 0 -1
    outer loop
      vertex 70.9145 -3.4838 59.9
      vertex 70.467 -3.46182 59.9
      vertex 70.5508 -0.0476935 59.9
    endloop
  endfacet
  facet normal 0 0 -1
    outer loop
      vertex 69.7942 -10.3048 59.9
      vertex 70.6581 -6.95922 59.9
      vertex 70.2315 -10.4179 59.9
    endloop
  endfacet
  facet normal -0 0 -1
    outer loop
      vertex 70.9145 -3.4838 59.9
      vertex 70.2158 -6.86773 59.9
      vertex 70.467 -3.46182 59.9
    endloop
  endfacet
  facet normal 0 0 -1
    outer loop
      vertex 70.6581 -6.95922 59.9
      vertex 70.2123 -6.9153 59.9
      vertex 70.2158 -6.86773 59.9
    endloop
  endfacet
  facet normal -0 0 -1
    outer loop
      vertex 70.6581 -6.95922 59.9
      vertex 69.7942 -10.3048 59.9
      vertex 70.2123 -6.9153 59.9
    endloop
  endfacet
  facet normal 0 0 -1
    outer loop
      vertex 70.2315 -10.4179 59.9
      vertex 69.7884 -10.3521 59.9
      vertex 69.7942 -10.3048 59.9
    endloop
  endfacet
  facet normal 0 0 -1
    outer loop
      vertex 70.2315 -10.4179 59.9
      vertex 69.7802 -10.3991 59.9
      vertex 69.7884 -10.3521 59.9
    endloop
  endfacet
  facet normal 0 0 -1
    outer loop
      vertex 69.6358 -13.8514 59.9
      vertex 69.7802 -10.3991 59.9
      vertex 70.2315 -10.4179 59.9
    endloop
  endfacet
  facet normal 0 0 -1
    outer loop
      vertex 69.6358 -13.8514 59.9
      vertex 69.1964 -13.764 59.9
      vertex 69.7802 -10.3991 59.9
    endloop
  endfacet
  facet normal 0 0 -1
    outer loop
      vertex 69.6358 -13.8514 59.9
      vertex 69.1859 -13.8106 59.9
      vertex 69.1964 -13.764 59.9
    endloop
  endfacet
  facet normal 0 0 -1
    outer loop
      vertex 68.8722 -17.2516 59.9
      vertex 69.1859 -13.8106 59.9
      vertex 69.6358 -13.8514 59.9
    endloop
  endfacet
  facet normal 0 0 -1
    outer loop
      vertex 68.8722 -17.2516 59.9
      vertex 68.4376 -17.1427 59.9
      vertex 69.1859 -13.8106 59.9
    endloop
  endfacet
  facet normal 0 0 -1
    outer loop
      vertex 67.5268 -20.4342 59.9
      vertex 68.8722 -17.2516 59.9
      vertex 67.9428 -20.6102 59.9
    endloop
  endfacet
  facet normal -0 0 -1
    outer loop
      vertex 68.8722 -17.2516 59.9
      vertex 67.5268 -20.4342 59.9
      vertex 68.4376 -17.1427 59.9
    endloop
  endfacet
  facet normal 0 0 -1
    outer loop
      vertex 67.9428 -20.6102 59.9
      vertex 67.5141 -20.4802 59.9
      vertex 67.5268 -20.4342 59.9
    endloop
  endfacet
  facet normal 0 0 -1
    outer loop
      vertex 66.4428 -23.723 59.9
      vertex 67.9428 -20.6102 59.9
      vertex 66.8496 -23.9192 59.9
    endloop
  endfacet
  facet normal -0 0 -1
    outer loop
      vertex 67.9428 -20.6102 59.9
      vertex 66.4428 -23.723 59.9
      vertex 67.5141 -20.4802 59.9
    endloop
  endfacet
  facet normal 0 0 -1
    outer loop
      vertex 66.8496 -23.9192 59.9
      vertex 66.4278 -23.7683 59.9
      vertex 66.4428 -23.723 59.9
    endloop
  endfacet
  facet normal 0 0 -1
    outer loop
      vertex 66.8496 -23.9192 59.9
      vertex 66.4107 -23.8128 59.9
      vertex 66.4278 -23.7683 59.9
    endloop
  endfacet
  facet normal 0 0 -1
    outer loop
      vertex 65.5954 -27.1705 59.9
      vertex 66.4107 -23.8128 59.9
      vertex 66.8496 -23.9192 59.9
    endloop
  endfacet
  facet normal 0 0 -1
    outer loop
      vertex 65.5954 -27.1705 59.9
      vertex 65.1815 -26.9991 59.9
      vertex 66.4107 -23.8128 59.9
    endloop
  endfacet
  facet normal 0 0 -1
    outer loop
      vertex 63.7976 -30.1213 59.9
      vertex 65.5954 -27.1705 59.9
      vertex 64.1832 -30.3564 59.9
    endloop
  endfacet
  facet normal -0 0 -1
    outer loop
      vertex 65.5954 -27.1705 59.9
      vertex 63.7976 -30.1213 59.9
      vertex 65.1815 -26.9991 59.9
    endloop
  endfacet
  facet normal 0 0 -1
    outer loop
      vertex 64.1832 -30.3564 59.9
      vertex 63.7783 -30.1649 59.9
      vertex 63.7976 -30.1213 59.9
    endloop
  endfacet
  facet normal 0 0 -1
    outer loop
      vertex 64.1832 -30.3564 59.9
      vertex 63.7568 -30.2075 59.9
      vertex 63.7783 -30.1649 59.9
    endloop
  endfacet
  facet normal 0 0 -1
    outer loop
      vertex 62.6164 -33.4692 59.9
      vertex 63.7568 -30.2075 59.9
      vertex 64.1832 -30.3564 59.9
    endloop
  endfacet
  facet normal 0 0 -1
    outer loop
      vertex 62.6164 -33.4692 59.9
      vertex 62.2213 -33.258 59.9
      vertex 63.7568 -30.2075 59.9
    endloop
  endfacet
  facet normal 0 0 -1
    outer loop
      vertex 60.538 -36.2295 59.9
      vertex 62.6164 -33.4692 59.9
      vertex 60.8987 -36.5013 59.9
    endloop
  endfacet
  facet normal -0 0 -1
    outer loop
      vertex 62.6164 -33.4692 59.9
      vertex 60.538 -36.2295 59.9
      vertex 62.2213 -33.258 59.9
    endloop
  endfacet
  facet normal 0 0 -1
    outer loop
      vertex 60.8987 -36.5013 59.9
      vertex 60.5145 -36.271 59.9
      vertex 60.538 -36.2295 59.9
    endloop
  endfacet
  facet normal 0 0 -1
    outer loop
      vertex 60.8987 -36.5013 59.9
      vertex 60.4889 -36.3113 59.9
      vertex 60.5145 -36.271 59.9
    endloop
  endfacet
  facet normal 0 0 -1
    outer loop
      vertex 59.0343 -39.4455 59.9
      vertex 60.4889 -36.3113 59.9
      vertex 60.8987 -36.5013 59.9
    endloop
  endfacet
  facet normal 0 0 -1
    outer loop
      vertex 59.0343 -39.4455 59.9
      vertex 58.6618 -39.1966 59.9
      vertex 60.4889 -36.3113 59.9
    endloop
  endfacet
  facet normal 0 0 -1
    outer loop
      vertex 59.0343 -39.4455 59.9
      vertex 58.6344 -39.2356 59.9
      vertex 58.6618 -39.1966 59.9
    endloop
  endfacet
  facet normal 0 0 -1
    outer loop
      vertex 57.0277 -42.2947 59.9
      vertex 58.6344 -39.2356 59.9
      vertex 59.0343 -39.4455 59.9
    endloop
  endfacet
  facet normal 0 0 -1
    outer loop
      vertex 57.0277 -42.2947 59.9
      vertex 56.6679 -42.0278 59.9
      vertex 58.6344 -39.2356 59.9
    endloop
  endfacet
  facet normal 0 0 -1
    outer loop
      vertex 57.0277 -42.2947 59.9
      vertex 56.6385 -42.0654 59.9
      vertex 56.6679 -42.0278 59.9
    endloop
  endfacet
  facet normal 0 0 -1
    outer loop
      vertex 54.8837 -45.0419 59.9
      vertex 56.6385 -42.0654 59.9
      vertex 57.0277 -42.2947 59.9
    endloop
  endfacet
  facet normal 0 0 -1
    outer loop
      vertex 54.8837 -45.0419 59.9
      vertex 54.5374 -44.7577 59.9
      vertex 56.6385 -42.0654 59.9
    endloop
  endfacet
  facet normal 0 0 -1
    outer loop
      vertex 52.3067 -47.3437 59.9
      vertex 54.8837 -45.0419 59.9
      vertex 52.6075 -47.6807 59.9
    endloop
  endfacet
  facet normal -0 0 -1
    outer loop
      vertex 54.8837 -45.0419 59.9
      vertex 52.3067 -47.3437 59.9
      vertex 54.5374 -44.7577 59.9
    endloop
  endfacet
  facet normal 0 0 -1
    outer loop
      vertex 52.6075 -47.6807 59.9
      vertex 52.2756 -47.3798 59.9
      vertex 52.3067 -47.3437 59.9
    endloop
  endfacet
  facet normal 0 0 -1
    outer loop
      vertex 49.9207 -49.8532 59.9
      vertex 52.6075 -47.6807 59.9
      vertex 50.2046 -50.2046 59.9
    endloop
  endfacet
  facet normal -0 0 -1
    outer loop
      vertex 52.6075 -47.6807 59.9
      vertex 49.9207 -49.8532 59.9
      vertex 52.2756 -47.3798 59.9
    endloop
  endfacet
  facet normal 0 0 -1
    outer loop
      vertex 50.2046 -50.2046 59.9
      vertex 49.8878 -49.8878 59.9
      vertex 49.9207 -49.8532 59.9
    endloop
  endfacet
  facet normal 0 0 -1
    outer loop
      vertex 50.2046 -50.2046 59.9
      vertex 49.8532 -49.9207 59.9
      vertex 49.8878 -49.8878 59.9
    endloop
  endfacet
  facet normal 0 0 -1
    outer loop
      vertex 47.6807 -52.6075 59.9
      vertex 49.8532 -49.9207 59.9
      vertex 50.2046 -50.2046 59.9
    endloop
  endfacet
  facet normal 0 0 -1
    outer loop
      vertex 47.6807 -52.6075 59.9
      vertex 47.3798 -52.2756 59.9
      vertex 49.8532 -49.9207 59.9
    endloop
  endfacet
  facet normal 0 0 -1
    outer loop
      vertex 47.6807 -52.6075 59.9
      vertex 47.3437 -52.3067 59.9
      vertex 47.3798 -52.2756 59.9
    endloop
  endfacet
  facet normal 0 0 -1
    outer loop
      vertex 45.0419 -54.8837 59.9
      vertex 47.3437 -52.3067 59.9
      vertex 47.6807 -52.6075 59.9
    endloop
  endfacet
  facet normal 0 0 -1
    outer loop
      vertex 45.0419 -54.8837 59.9
      vertex 44.7577 -54.5374 59.9
      vertex 47.3437 -52.3067 59.9
    endloop
  endfacet
  facet normal 0 0 -1
    outer loop
      vertex 42.0654 -56.6385 59.9
      vertex 45.0419 -54.8837 59.9
      vertex 42.2947 -57.0277 59.9
    endloop
  endfacet
  facet normal -0 0 -1
    outer loop
      vertex 45.0419 -54.8837 59.9
      vertex 42.0654 -56.6385 59.9
      vertex 44.7577 -54.5374 59.9
    endloop
  endfacet
  facet normal 0 0 -1
    outer loop
      vertex 42.2947 -57.0277 59.9
      vertex 42.0278 -56.6679 59.9
      vertex 42.0654 -56.6385 59.9
    endloop
  endfacet
  facet normal 0 0 -1
    outer loop
      vertex 39.2356 -58.6344 59.9
      vertex 42.2947 -57.0277 59.9
      vertex 39.4455 -59.0343 59.9
    endloop
  endfacet
  facet normal -0 0 -1
    outer loop
      vertex 42.2947 -57.0277 59.9
      vertex 39.2356 -58.6344 59.9
      vertex 42.0278 -56.6679 59.9
    endloop
  endfacet
  facet normal 0 0 -1
    outer loop
      vertex 39.4455 -59.0343 59.9
      vertex 39.1966 -58.6618 59.9
      vertex 39.2356 -58.6344 59.9
    endloop
  endfacet
  facet normal 0 0 -1
    outer loop
      vertex 36.3113 -60.4889 59.9
      vertex 39.4455 -59.0343 59.9
      vertex 36.5013 -60.8987 59.9
    endloop
  endfacet
  facet normal -0 0 -1
    outer loop
      vertex 39.4455 -59.0343 59.9
      vertex 36.3113 -60.4889 59.9
      vertex 39.1966 -58.6618 59.9
    endloop
  endfacet
  facet normal 0 0 -1
    outer loop
      vertex 36.5013 -60.8987 59.9
      vertex 36.271 -60.5145 59.9
      vertex 36.3113 -60.4889 59.9
    endloop
  endfacet
  facet normal 0 0 -1
    outer loop
      vertex 36.5013 -60.8987 59.9
      vertex 36.2295 -60.538 59.9
      vertex 36.271 -60.5145 59.9
    endloop
  endfacet
  facet normal 0 0 -1
    outer loop
      vertex 33.4692 -62.6164 59.9
      vertex 36.2295 -60.538 59.9
      vertex 36.5013 -60.8987 59.9
    endloop
  endfacet
  facet normal 0 0 -1
    outer loop
      vertex 33.4692 -62.6164 59.9
      vertex 33.258 -62.2213 59.9
      vertex 36.2295 -60.538 59.9
    endloop
  endfacet
  facet normal 0 0 -1
    outer loop
      vertex 30.2075 -63.7568 59.9
      vertex 33.4692 -62.6164 59.9
      vertex 30.3564 -64.1832 59.9
    endloop
  endfacet
  facet normal -0 0 -1
    outer loop
      vertex 33.4692 -62.6164 59.9
      vertex 30.2075 -63.7568 59.9
      vertex 33.258 -62.2213 59.9
    endloop
  endfacet
  facet normal 0 0 -1
    outer loop
      vertex 30.3564 -64.1832 59.9
      vertex 30.1649 -63.7783 59.9
      vertex 30.2075 -63.7568 59.9
    endloop
  endfacet
  facet normal 0 0 -1
    outer loop
      vertex 30.3564 -64.1832 59.9
      vertex 30.1213 -63.7976 59.9
      vertex 30.1649 -63.7783 59.9
    endloop
  endfacet
  facet normal 0 0 -1
    outer loop
      vertex 27.1705 -65.5954 59.9
      vertex 30.1213 -63.7976 59.9
      vertex 30.3564 -64.1832 59.9
    endloop
  endfacet
  facet normal 0 0 -1
    outer loop
      vertex 27.1705 -65.5954 59.9
      vertex 26.9991 -65.1815 59.9
      vertex 30.1213 -63.7976 59.9
    endloop
  endfacet
  facet normal 0 0 -1
    outer loop
      vertex 23.8128 -66.4107 59.9
      vertex 27.1705 -65.5954 59.9
      vertex 23.9192 -66.8496 59.9
    endloop
  endfacet
  facet normal -0 0 -1
    outer loop
      vertex 27.1705 -65.5954 59.9
      vertex 23.8128 -66.4107 59.9
      vertex 26.9991 -65.1815 59.9
    endloop
  endfacet
  facet normal 0 0 -1
    outer loop
      vertex 23.9192 -66.8496 59.9
      vertex 23.7683 -66.4278 59.9
      vertex 23.8128 -66.4107 59.9
    endloop
  endfacet
  facet normal 0 0 -1
    outer loop
      vertex 23.9192 -66.8496 59.9
      vertex 23.723 -66.4428 59.9
      vertex 23.7683 -66.4278 59.9
    endloop
  endfacet
  facet normal 0 0 -1
    outer loop
      vertex 20.6102 -67.9428 59.9
      vertex 23.723 -66.4428 59.9
      vertex 23.9192 -66.8496 59.9
    endloop
  endfacet
  facet normal 0 0 -1
    outer loop
      vertex 20.6102 -67.9428 59.9
      vertex 20.4802 -67.5141 59.9
      vertex 23.723 -66.4428 59.9
    endloop
  endfacet
  facet normal 0 0 -1
    outer loop
      vertex 20.6102 -67.9428 59.9
      vertex 20.4342 -67.5268 59.9
      vertex 20.4802 -67.5141 59.9
    endloop
  endfacet
  facet normal 0 0 -1
    outer loop
      vertex 17.2516 -68.8722 59.9
      vertex 20.4342 -67.5268 59.9
      vertex 20.6102 -67.9428 59.9
    endloop
  endfacet
  facet normal 0 0 -1
    outer loop
      vertex 17.2516 -68.8722 59.9
      vertex 17.1427 -68.4376 59.9
      vertex 20.4342 -67.5268 59.9
    endloop
  endfacet
  facet normal 0 0 -1
    outer loop
      vertex 13.8106 -69.1859 59.9
      vertex 17.2516 -68.8722 59.9
      vertex 13.8514 -69.6358 59.9
    endloop
  endfacet
  facet normal -0 0 -1
    outer loop
      vertex 17.2516 -68.8722 59.9
      vertex 13.8106 -69.1859 59.9
      vertex 17.1427 -68.4376 59.9
    endloop
  endfacet
  facet normal 0 0 -1
    outer loop
      vertex 13.8514 -69.6358 59.9
      vertex 13.764 -69.1964 59.9
      vertex 13.8106 -69.1859 59.9
    endloop
  endfacet
  facet normal 0 0 -1
    outer loop
      vertex 10.3991 -69.7802 59.9
      vertex 13.8514 -69.6358 59.9
      vertex 10.4179 -70.2315 59.9
    endloop
  endfacet
  facet normal -0 0 -1
    outer loop
      vertex 13.8514 -69.6358 59.9
      vertex 10.3991 -69.7802 59.9
      vertex 13.764 -69.1964 59.9
    endloop
  endfacet
  facet normal 0 0 -1
    outer loop
      vertex 10.4179 -70.2315 59.9
      vertex 10.3521 -69.7884 59.9
      vertex 10.3991 -69.7802 59.9
    endloop
  endfacet
  facet normal 0 0 -1
    outer loop
      vertex 10.4179 -70.2315 59.9
      vertex 10.3048 -69.7942 59.9
      vertex 10.3521 -69.7884 59.9
    endloop
  endfacet
  facet normal 0 0 -1
    outer loop
      vertex 6.95922 -70.6581 59.9
      vertex 10.3048 -69.7942 59.9
      vertex 10.4179 -70.2315 59.9
    endloop
  endfacet
  facet normal 0 0 -1
    outer loop
      vertex 6.95922 -70.6581 59.9
      vertex 6.9153 -70.2123 59.9
      vertex 10.3048 -69.7942 59.9
    endloop
  endfacet
  facet normal 0 0 -1
    outer loop
      vertex 6.95922 -70.6581 59.9
      vertex 6.86773 -70.2158 59.9
      vertex 6.9153 -70.2123 59.9
    endloop
  endfacet
  facet normal 0 0 -1
    outer loop
      vertex 3.4838 -70.9145 59.9
      vertex 6.86773 -70.2158 59.9
      vertex 6.95922 -70.6581 59.9
    endloop
  endfacet
  facet normal 0 0 -1
    outer loop
      vertex 3.4838 -70.9145 59.9
      vertex 3.46182 -70.467 59.9
      vertex 6.86773 -70.2158 59.9
    endloop
  endfacet
  facet normal 0 0 -1
    outer loop
      vertex 3.4838 -70.9145 59.9
      vertex 0.0476935 -70.5508 59.9
      vertex 3.46182 -70.467 59.9
    endloop
  endfacet
  facet normal 0 0 -1
    outer loop
      vertex 0 -71 59.9
      vertex 0.0476935 -70.5508 59.9
      vertex 3.4838 -70.9145 59.9
    endloop
  endfacet
  facet normal 0 0 -1
    outer loop
      vertex 0 -71 59.9
      vertex 0 -70.552 59.9
      vertex 0.0476935 -70.5508 59.9
    endloop
  endfacet
  facet normal 0 0 -1
    outer loop
      vertex 0 -71 59.9
      vertex -0.0476935 -70.5508 59.9
      vertex 0 -70.552 59.9
    endloop
  endfacet
  facet normal 0 0 -1
    outer loop
      vertex -3.4838 -70.9145 59.9
      vertex -0.0476935 -70.5508 59.9
      vertex 0 -71 59.9
    endloop
  endfacet
  facet normal -0 0 -1
    outer loop
      vertex -0.0476935 -70.5508 59.9
      vertex -3.4838 -70.9145 59.9
      vertex -3.46182 -70.467 59.9
    endloop
  endfacet
  facet normal 0 0 -1
    outer loop
      vertex -3.4838 -70.9145 59.9
      vertex -6.86773 -70.2158 59.9
      vertex -3.46182 -70.467 59.9
    endloop
  endfacet
  facet normal 0 0 -1
    outer loop
      vertex -6.95922 -70.6581 59.9
      vertex -6.86773 -70.2158 59.9
      vertex -3.4838 -70.9145 59.9
    endloop
  endfacet
  facet normal -0 0 -1
    outer loop
      vertex -6.86773 -70.2158 59.9
      vertex -6.95922 -70.6581 59.9
      vertex -6.9153 -70.2123 59.9
    endloop
  endfacet
  facet normal 0 0 -1
    outer loop
      vertex -6.95922 -70.6581 59.9
      vertex -10.3048 -69.7942 59.9
      vertex -6.9153 -70.2123 59.9
    endloop
  endfacet
  facet normal 0 0 -1
    outer loop
      vertex -10.4179 -70.2315 59.9
      vertex -10.3048 -69.7942 59.9
      vertex -6.95922 -70.6581 59.9
    endloop
  endfacet
  facet normal -0 0 -1
    outer loop
      vertex -10.3048 -69.7942 59.9
      vertex -10.4179 -70.2315 59.9
      vertex -10.3521 -69.7884 59.9
    endloop
  endfacet
  facet normal -0 0 -1
    outer loop
      vertex -10.3521 -69.7884 59.9
      vertex -10.4179 -70.2315 59.9
      vertex -10.3991 -69.7802 59.9
    endloop
  endfacet
  facet normal 0 0 -1
    outer loop
      vertex -13.8514 -69.6358 59.9
      vertex -10.3991 -69.7802 59.9
      vertex -10.4179 -70.2315 59.9
    endloop
  endfacet
  facet normal 0 0 -1
    outer loop
      vertex -10.3991 -69.7802 59.9
      vertex -13.8514 -69.6358 59.9
      vertex -13.764 -69.1964 59.9
    endloop
  endfacet
  facet normal -0 0 -1
    outer loop
      vertex -13.764 -69.1964 59.9
      vertex -13.8514 -69.6358 59.9
      vertex -13.8106 -69.1859 59.9
    endloop
  endfacet
  facet normal 0 0 -1
    outer loop
      vertex -17.2516 -68.8722 59.9
      vertex -13.8106 -69.1859 59.9
      vertex -13.8514 -69.6358 59.9
    endloop
  endfacet
  facet normal 0 0 -1
    outer loop
      vertex -13.8106 -69.1859 59.9
      vertex -17.2516 -68.8722 59.9
      vertex -17.1427 -68.4376 59.9
    endloop
  endfacet
  facet normal 0 0 -1
    outer loop
      vertex -17.2516 -68.8722 59.9
      vertex -20.4342 -67.5268 59.9
      vertex -17.1427 -68.4376 59.9
    endloop
  endfacet
  facet normal 0 0 -1
    outer loop
      vertex -20.6102 -67.9428 59.9
      vertex -20.4342 -67.5268 59.9
      vertex -17.2516 -68.8722 59.9
    endloop
  endfacet
  facet normal -0 0 -1
    outer loop
      vertex -20.4342 -67.5268 59.9
      vertex -20.6102 -67.9428 59.9
      vertex -20.4802 -67.5141 59.9
    endloop
  endfacet
  facet normal 0 0 -1
    outer loop
      vertex -20.6102 -67.9428 59.9
      vertex -23.723 -66.4428 59.9
      vertex -20.4802 -67.5141 59.9
    endloop
  endfacet
  facet normal 0 0 -1
    outer loop
      vertex -23.9192 -66.8496 59.9
      vertex -23.723 -66.4428 59.9
      vertex -20.6102 -67.9428 59.9
    endloop
  endfacet
  facet normal -0 0 -1
    outer loop
      vertex -23.723 -66.4428 59.9
      vertex -23.9192 -66.8496 59.9
      vertex -23.7683 -66.4278 59.9
    endloop
  endfacet
  facet normal -0 0 -1
    outer loop
      vertex -23.7683 -66.4278 59.9
      vertex -23.9192 -66.8496 59.9
      vertex -23.8128 -66.4107 59.9
    endloop
  endfacet
  facet normal 0 0 -1
    outer loop
      vertex -27.1705 -65.5954 59.9
      vertex -23.8128 -66.4107 59.9
      vertex -23.9192 -66.8496 59.9
    endloop
  endfacet
  facet normal 0 0 -1
    outer loop
      vertex -23.8128 -66.4107 59.9
      vertex -27.1705 -65.5954 59.9
      vertex -26.9991 -65.1815 59.9
    endloop
  endfacet
  facet normal 0 0 -1
    outer loop
      vertex -27.1705 -65.5954 59.9
      vertex -30.1213 -63.7976 59.9
      vertex -26.9991 -65.1815 59.9
    endloop
  endfacet
  facet normal 0 0 -1
    outer loop
      vertex -30.3564 -64.1832 59.9
      vertex -30.1213 -63.7976 59.9
      vertex -27.1705 -65.5954 59.9
    endloop
  endfacet
  facet normal -0 0 -1
    outer loop
      vertex -30.1213 -63.7976 59.9
      vertex -30.3564 -64.1832 59.9
      vertex -30.1649 -63.7783 59.9
    endloop
  endfacet
  facet normal -0 0 -1
    outer loop
      vertex -30.1649 -63.7783 59.9
      vertex -30.3564 -64.1832 59.9
      vertex -30.2075 -63.7568 59.9
    endloop
  endfacet
  facet normal 0 0 -1
    outer loop
      vertex -33.4692 -62.6164 59.9
      vertex -30.2075 -63.7568 59.9
      vertex -30.3564 -64.1832 59.9
    endloop
  endfacet
  facet normal 0 0 -1
    outer loop
      vertex -30.2075 -63.7568 59.9
      vertex -33.4692 -62.6164 59.9
      vertex -33.258 -62.2213 59.9
    endloop
  endfacet
  facet normal 0 0 -1
    outer loop
      vertex -33.4692 -62.6164 59.9
      vertex -36.2295 -60.538 59.9
      vertex -33.258 -62.2213 59.9
    endloop
  endfacet
  facet normal 0 0 -1
    outer loop
      vertex -36.5013 -60.8987 59.9
      vertex -36.2295 -60.538 59.9
      vertex -33.4692 -62.6164 59.9
    endloop
  endfacet
  facet normal -0 0 -1
    outer loop
      vertex -36.2295 -60.538 59.9
      vertex -36.5013 -60.8987 59.9
      vertex -36.271 -60.5145 59.9
    endloop
  endfacet
  facet normal -0 0 -1
    outer loop
      vertex -36.271 -60.5145 59.9
      vertex -36.5013 -60.8987 59.9
      vertex -36.3113 -60.4889 59.9
    endloop
  endfacet
  facet normal 0 0 -1
    outer loop
      vertex -39.4455 -59.0343 59.9
      vertex -36.3113 -60.4889 59.9
      vertex -36.5013 -60.8987 59.9
    endloop
  endfacet
  facet normal 0 0 -1
    outer loop
      vertex -36.3113 -60.4889 59.9
      vertex -39.4455 -59.0343 59.9
      vertex -39.1966 -58.6618 59.9
    endloop
  endfacet
  facet normal -0 0 -1
    outer loop
      vertex -39.1966 -58.6618 59.9
      vertex -39.4455 -59.0343 59.9
      vertex -39.2356 -58.6344 59.9
    endloop
  endfacet
  facet normal 0 0 -1
    outer loop
      vertex -42.2947 -57.0277 59.9
      vertex -39.2356 -58.6344 59.9
      vertex -39.4455 -59.0343 59.9
    endloop
  endfacet
  facet normal 0 0 -1
    outer loop
      vertex -39.2356 -58.6344 59.9
      vertex -42.2947 -57.0277 59.9
      vertex -42.0278 -56.6679 59.9
    endloop
  endfacet
  facet normal -0 0 -1
    outer loop
      vertex -42.0278 -56.6679 59.9
      vertex -42.2947 -57.0277 59.9
      vertex -42.0654 -56.6385 59.9
    endloop
  endfacet
  facet normal 0 0 -1
    outer loop
      vertex -45.0419 -54.8837 59.9
      vertex -42.0654 -56.6385 59.9
      vertex -42.2947 -57.0277 59.9
    endloop
  endfacet
  facet normal 0 0 -1
    outer loop
      vertex -42.0654 -56.6385 59.9
      vertex -45.0419 -54.8837 59.9
      vertex -44.7577 -54.5374 59.9
    endloop
  endfacet
  facet normal 0 0 -1
    outer loop
      vertex -45.0419 -54.8837 59.9
      vertex -47.3437 -52.3067 59.9
      vertex -44.7577 -54.5374 59.9
    endloop
  endfacet
  facet normal 0 0 -1
    outer loop
      vertex -47.6807 -52.6075 59.9
      vertex -47.3437 -52.3067 59.9
      vertex -45.0419 -54.8837 59.9
    endloop
  endfacet
  facet normal -0 0 -1
    outer loop
      vertex -47.3437 -52.3067 59.9
      vertex -47.6807 -52.6075 59.9
      vertex -47.3798 -52.2756 59.9
    endloop
  endfacet
  facet normal 0 0 -1
    outer loop
      vertex -47.6807 -52.6075 59.9
      vertex -49.8532 -49.9207 59.9
      vertex -47.3798 -52.2756 59.9
    endloop
  endfacet
  facet normal 0 0 -1
    outer loop
      vertex -50.2046 -50.2046 59.9
      vertex -49.8532 -49.9207 59.9
      vertex -47.6807 -52.6075 59.9
    endloop
  endfacet
  facet normal -0 0 -1
    outer loop
      vertex -49.8532 -49.9207 59.9
      vertex -50.2046 -50.2046 59.9
      vertex -49.8878 -49.8878 59.9
    endloop
  endfacet
  facet normal -0 0 -1
    outer loop
      vertex -49.8878 -49.8878 59.9
      vertex -50.2046 -50.2046 59.9
      vertex -49.9207 -49.8532 59.9
    endloop
  endfacet
  facet normal 0 0 -1
    outer loop
      vertex -52.6075 -47.6807 59.9
      vertex -49.9207 -49.8532 59.9
      vertex -50.2046 -50.2046 59.9
    endloop
  endfacet
  facet normal 0 0 -1
    outer loop
      vertex -49.9207 -49.8532 59.9
      vertex -52.6075 -47.6807 59.9
      vertex -52.2756 -47.3798 59.9
    endloop
  endfacet
  facet normal -0 0 -1
    outer loop
      vertex -52.2756 -47.3798 59.9
      vertex -52.6075 -47.6807 59.9
      vertex -52.3067 -47.3437 59.9
    endloop
  endfacet
  facet normal 0 0 -1
    outer loop
      vertex -54.8837 -45.0419 59.9
      vertex -52.3067 -47.3437 59.9
      vertex -52.6075 -47.6807 59.9
    endloop
  endfacet
  facet normal 0 0 -1
    outer loop
      vertex -52.3067 -47.3437 59.9
      vertex -54.8837 -45.0419 59.9
      vertex -54.5374 -44.7577 59.9
    endloop
  endfacet
  facet normal 0 0 -1
    outer loop
      vertex -54.8837 -45.0419 59.9
      vertex -56.6385 -42.0654 59.9
      vertex -54.5374 -44.7577 59.9
    endloop
  endfacet
  facet normal 0 0 -1
    outer loop
      vertex -57.0277 -42.2947 59.9
      vertex -56.6385 -42.0654 59.9
      vertex -54.8837 -45.0419 59.9
    endloop
  endfacet
  facet normal -0 0 -1
    outer loop
      vertex -56.6385 -42.0654 59.9
      vertex -57.0277 -42.2947 59.9
      vertex -56.6679 -42.0278 59.9
    endloop
  endfacet
  facet normal 0 0 -1
    outer loop
      vertex -57.0277 -42.2947 59.9
      vertex -58.6344 -39.2356 59.9
      vertex -56.6679 -42.0278 59.9
    endloop
  endfacet
  facet normal 0 0 -1
    outer loop
      vertex -59.0343 -39.4455 59.9
      vertex -58.6344 -39.2356 59.9
      vertex -57.0277 -42.2947 59.9
    endloop
  endfacet
  facet normal -0 0 -1
    outer loop
      vertex -58.6344 -39.2356 59.9
      vertex -59.0343 -39.4455 59.9
      vertex -58.6618 -39.1966 59.9
    endloop
  endfacet
  facet normal 0 0 -1
    outer loop
      vertex -59.0343 -39.4455 59.9
      vertex -60.4889 -36.3113 59.9
      vertex -58.6618 -39.1966 59.9
    endloop
  endfacet
  facet normal 0 0 -1
    outer loop
      vertex -60.8987 -36.5013 59.9
      vertex -60.4889 -36.3113 59.9
      vertex -59.0343 -39.4455 59.9
    endloop
  endfacet
  facet normal -0 0 -1
    outer loop
      vertex -60.4889 -36.3113 59.9
      vertex -60.8987 -36.5013 59.9
      vertex -60.5145 -36.271 59.9
    endloop
  endfacet
  facet normal -0 0 -1
    outer loop
      vertex -60.5145 -36.271 59.9
      vertex -60.8987 -36.5013 59.9
      vertex -60.538 -36.2295 59.9
    endloop
  endfacet
  facet normal 0 0 -1
    outer loop
      vertex -62.6164 -33.4692 59.9
      vertex -60.538 -36.2295 59.9
      vertex -60.8987 -36.5013 59.9
    endloop
  endfacet
  facet normal 0 0 -1
    outer loop
      vertex -60.538 -36.2295 59.9
      vertex -62.6164 -33.4692 59.9
      vertex -62.2213 -33.258 59.9
    endloop
  endfacet
  facet normal 0 0 -1
    outer loop
      vertex -62.6164 -33.4692 59.9
      vertex -63.7568 -30.2075 59.9
      vertex -62.2213 -33.258 59.9
    endloop
  endfacet
  facet normal 0 0 -1
    outer loop
      vertex -64.1832 -30.3564 59.9
      vertex -63.7568 -30.2075 59.9
      vertex -62.6164 -33.4692 59.9
    endloop
  endfacet
  facet normal -0 0 -1
    outer loop
      vertex -63.7568 -30.2075 59.9
      vertex -64.1832 -30.3564 59.9
      vertex -63.7783 -30.1649 59.9
    endloop
  endfacet
  facet normal -0 0 -1
    outer loop
      vertex -63.7783 -30.1649 59.9
      vertex -64.1832 -30.3564 59.9
      vertex -63.7976 -30.1213 59.9
    endloop
  endfacet
  facet normal 0 0 -1
    outer loop
      vertex -65.5954 -27.1705 59.9
      vertex -63.7976 -30.1213 59.9
      vertex -64.1832 -30.3564 59.9
    endloop
  endfacet
  facet normal 0 0 -1
    outer loop
      vertex -63.7976 -30.1213 59.9
      vertex -65.5954 -27.1705 59.9
      vertex -65.1815 -26.9991 59.9
    endloop
  endfacet
  facet normal 0 0 -1
    outer loop
      vertex -65.5954 -27.1705 59.9
      vertex -66.4107 -23.8128 59.9
      vertex -65.1815 -26.9991 59.9
    endloop
  endfacet
  facet normal 0 0 -1
    outer loop
      vertex -66.8496 -23.9192 59.9
      vertex -66.4107 -23.8128 59.9
      vertex -65.5954 -27.1705 59.9
    endloop
  endfacet
  facet normal -0 0 -1
    outer loop
      vertex -66.4107 -23.8128 59.9
      vertex -66.8496 -23.9192 59.9
      vertex -66.4278 -23.7683 59.9
    endloop
  endfacet
  facet normal -0 0 -1
    outer loop
      vertex -66.4278 -23.7683 59.9
      vertex -66.8496 -23.9192 59.9
      vertex -66.4428 -23.723 59.9
    endloop
  endfacet
  facet normal 0 0 -1
    outer loop
      vertex -67.9428 -20.6102 59.9
      vertex -66.4428 -23.723 59.9
      vertex -66.8496 -23.9192 59.9
    endloop
  endfacet
  facet normal 0 0 -1
    outer loop
      vertex -66.4428 -23.723 59.9
      vertex -67.9428 -20.6102 59.9
      vertex -67.5141 -20.4802 59.9
    endloop
  endfacet
  facet normal -0 0 -1
    outer loop
      vertex -67.5141 -20.4802 59.9
      vertex -67.9428 -20.6102 59.9
      vertex -67.5268 -20.4342 59.9
    endloop
  endfacet
  facet normal 0 0 -1
    outer loop
      vertex -68.8722 -17.2516 59.9
      vertex -67.5268 -20.4342 59.9
      vertex -67.9428 -20.6102 59.9
    endloop
  endfacet
  facet normal 0 0 -1
    outer loop
      vertex -67.5268 -20.4342 59.9
      vertex -68.8722 -17.2516 59.9
      vertex -68.4376 -17.1427 59.9
    endloop
  endfacet
  facet normal 0 0 -1
    outer loop
      vertex -68.8722 -17.2516 59.9
      vertex -69.1859 -13.8106 59.9
      vertex -68.4376 -17.1427 59.9
    endloop
  endfacet
  facet normal 0 0 -1
    outer loop
      vertex -69.6358 -13.8514 59.9
      vertex -69.1859 -13.8106 59.9
      vertex -68.8722 -17.2516 59.9
    endloop
  endfacet
  facet normal -0 0 -1
    outer loop
      vertex -69.1859 -13.8106 59.9
      vertex -69.6358 -13.8514 59.9
      vertex -69.1964 -13.764 59.9
    endloop
  endfacet
  facet normal 0 0 -1
    outer loop
      vertex -69.6358 -13.8514 59.9
      vertex -69.7802 -10.3991 59.9
      vertex -69.1964 -13.764 59.9
    endloop
  endfacet
  facet normal 0 0 -1
    outer loop
      vertex -70.2315 -10.4179 59.9
      vertex -69.7802 -10.3991 59.9
      vertex -69.6358 -13.8514 59.9
    endloop
  endfacet
  facet normal -0 0 -1
    outer loop
      vertex -69.7802 -10.3991 59.9
      vertex -70.2315 -10.4179 59.9
      vertex -69.7884 -10.3521 59.9
    endloop
  endfacet
  facet normal -0 0 -1
    outer loop
      vertex -69.7884 -10.3521 59.9
      vertex -70.2315 -10.4179 59.9
      vertex -69.7942 -10.3048 59.9
    endloop
  endfacet
  facet normal 0 0 -1
    outer loop
      vertex -70.6581 -6.95922 59.9
      vertex -69.7942 -10.3048 59.9
      vertex -70.2315 -10.4179 59.9
    endloop
  endfacet
  facet normal 0 0 -1
    outer loop
      vertex -69.7942 -10.3048 59.9
      vertex -70.6581 -6.95922 59.9
      vertex -70.2123 -6.9153 59.9
    endloop
  endfacet
  facet normal -0 0 -1
    outer loop
      vertex -70.2123 -6.9153 59.9
      vertex -70.6581 -6.95922 59.9
      vertex -70.2158 -6.86773 59.9
    endloop
  endfacet
  facet normal -0 0 -1
    outer loop
      vertex -70.467 -3.46182 59.9
      vertex -70.9145 -3.4838 59.9
      vertex -70.5508 -0.0476935 59.9
    endloop
  endfacet
  facet normal 0 0 -1
    outer loop
      vertex -70.2158 -6.86773 59.9
      vertex -70.9145 -3.4838 59.9
      vertex -70.467 -3.46182 59.9
    endloop
  endfacet
  facet normal 0 0 -1
    outer loop
      vertex -70.9145 -3.4838 59.9
      vertex -70.2158 -6.86773 59.9
      vertex -70.6581 -6.95922 59.9
    endloop
  endfacet
  facet normal 0 0 -1
    outer loop
      vertex 70.467 3.46182 59.9
      vertex 70.9145 3.4838 59.9
      vertex 70.5508 0.0476935 59.9
    endloop
  endfacet
  facet normal 0 0 -1
    outer loop
      vertex 70.2158 6.86773 59.9
      vertex 70.9145 3.4838 59.9
      vertex 70.467 3.46182 59.9
    endloop
  endfacet
  facet normal 0 0 -1
    outer loop
      vertex 70.9145 3.4838 59.9
      vertex 70.2158 6.86773 59.9
      vertex 70.6581 6.95922 59.9
    endloop
  endfacet
  facet normal 0 0 -1
    outer loop
      vertex 70.2123 6.9153 59.9
      vertex 70.6581 6.95922 59.9
      vertex 70.2158 6.86773 59.9
    endloop
  endfacet
  facet normal 0 0 -1
    outer loop
      vertex 69.7942 10.3048 59.9
      vertex 70.6581 6.95922 59.9
      vertex 70.2123 6.9153 59.9
    endloop
  endfacet
  facet normal 0 0 -1
    outer loop
      vertex 70.6581 6.95922 59.9
      vertex 69.7942 10.3048 59.9
      vertex 70.2315 10.4179 59.9
    endloop
  endfacet
  facet normal 0 0 -1
    outer loop
      vertex 69.7884 10.3521 59.9
      vertex 70.2315 10.4179 59.9
      vertex 69.7942 10.3048 59.9
    endloop
  endfacet
  facet normal 0 0 -1
    outer loop
      vertex 69.7802 10.3991 59.9
      vertex 70.2315 10.4179 59.9
      vertex 69.7884 10.3521 59.9
    endloop
  endfacet
  facet normal 0 0 -1
    outer loop
      vertex 69.7802 10.3991 59.9
      vertex 69.6358 13.8514 59.9
      vertex 70.2315 10.4179 59.9
    endloop
  endfacet
  facet normal 0 0 -1
    outer loop
      vertex 69.1964 13.764 59.9
      vertex 69.6358 13.8514 59.9
      vertex 69.7802 10.3991 59.9
    endloop
  endfacet
  facet normal 0 0 -1
    outer loop
      vertex 69.1859 13.8106 59.9
      vertex 69.6358 13.8514 59.9
      vertex 69.1964 13.764 59.9
    endloop
  endfacet
  facet normal 0 0 -1
    outer loop
      vertex 69.1859 13.8106 59.9
      vertex 68.8722 17.2516 59.9
      vertex 69.6358 13.8514 59.9
    endloop
  endfacet
  facet normal 0 0 -1
    outer loop
      vertex 68.4376 17.1427 59.9
      vertex 68.8722 17.2516 59.9
      vertex 69.1859 13.8106 59.9
    endloop
  endfacet
  facet normal 0 0 -1
    outer loop
      vertex 67.5268 20.4342 59.9
      vertex 68.8722 17.2516 59.9
      vertex 68.4376 17.1427 59.9
    endloop
  endfacet
  facet normal 0 0 -1
    outer loop
      vertex 68.8722 17.2516 59.9
      vertex 67.5268 20.4342 59.9
      vertex 67.9428 20.6102 59.9
    endloop
  endfacet
  facet normal 0 0 -1
    outer loop
      vertex 67.5141 20.4802 59.9
      vertex 67.9428 20.6102 59.9
      vertex 67.5268 20.4342 59.9
    endloop
  endfacet
  facet normal 0 0 -1
    outer loop
      vertex 66.4428 23.723 59.9
      vertex 67.9428 20.6102 59.9
      vertex 67.5141 20.4802 59.9
    endloop
  endfacet
  facet normal 0 0 -1
    outer loop
      vertex 67.9428 20.6102 59.9
      vertex 66.4428 23.723 59.9
      vertex 66.8496 23.9192 59.9
    endloop
  endfacet
  facet normal 0 0 -1
    outer loop
      vertex 66.4278 23.7683 59.9
      vertex 66.8496 23.9192 59.9
      vertex 66.4428 23.723 59.9
    endloop
  endfacet
  facet normal 0 0 -1
    outer loop
      vertex 66.4107 23.8128 59.9
      vertex 66.8496 23.9192 59.9
      vertex 66.4278 23.7683 59.9
    endloop
  endfacet
  facet normal 0 0 -1
    outer loop
      vertex 66.4107 23.8128 59.9
      vertex 65.5954 27.1705 59.9
      vertex 66.8496 23.9192 59.9
    endloop
  endfacet
  facet normal 0 0 -1
    outer loop
      vertex 65.1815 26.9991 59.9
      vertex 65.5954 27.1705 59.9
      vertex 66.4107 23.8128 59.9
    endloop
  endfacet
  facet normal 0 0 -1
    outer loop
      vertex 63.7976 30.1213 59.9
      vertex 65.5954 27.1705 59.9
      vertex 65.1815 26.9991 59.9
    endloop
  endfacet
  facet normal 0 0 -1
    outer loop
      vertex 65.5954 27.1705 59.9
      vertex 63.7976 30.1213 59.9
      vertex 64.1832 30.3564 59.9
    endloop
  endfacet
  facet normal 0 0 -1
    outer loop
      vertex 63.7783 30.1649 59.9
      vertex 64.1832 30.3564 59.9
      vertex 63.7976 30.1213 59.9
    endloop
  endfacet
  facet normal 0 0 -1
    outer loop
      vertex 63.7568 30.2075 59.9
      vertex 64.1832 30.3564 59.9
      vertex 63.7783 30.1649 59.9
    endloop
  endfacet
  facet normal 0 0 -1
    outer loop
      vertex 63.7568 30.2075 59.9
      vertex 62.6164 33.4692 59.9
      vertex 64.1832 30.3564 59.9
    endloop
  endfacet
  facet normal 0 0 -1
    outer loop
      vertex 62.2213 33.258 59.9
      vertex 62.6164 33.4692 59.9
      vertex 63.7568 30.2075 59.9
    endloop
  endfacet
  facet normal 0 0 -1
    outer loop
      vertex 60.538 36.2295 59.9
      vertex 62.6164 33.4692 59.9
      vertex 62.2213 33.258 59.9
    endloop
  endfacet
  facet normal 0 0 -1
    outer loop
      vertex 62.6164 33.4692 59.9
      vertex 60.538 36.2295 59.9
      vertex 60.8987 36.5013 59.9
    endloop
  endfacet
  facet normal 0 0 -1
    outer loop
      vertex 60.5145 36.271 59.9
      vertex 60.8987 36.5013 59.9
      vertex 60.538 36.2295 59.9
    endloop
  endfacet
  facet normal 0 0 -1
    outer loop
      vertex 60.4889 36.3113 59.9
      vertex 60.8987 36.5013 59.9
      vertex 60.5145 36.271 59.9
    endloop
  endfacet
  facet normal 0 0 -1
    outer loop
      vertex 60.4889 36.3113 59.9
      vertex 59.0343 39.4455 59.9
      vertex 60.8987 36.5013 59.9
    endloop
  endfacet
  facet normal 0 0 -1
    outer loop
      vertex 58.6618 39.1966 59.9
      vertex 59.0343 39.4455 59.9
      vertex 60.4889 36.3113 59.9
    endloop
  endfacet
  facet normal 0 0 -1
    outer loop
      vertex 58.6344 39.2356 59.9
      vertex 59.0343 39.4455 59.9
      vertex 58.6618 39.1966 59.9
    endloop
  endfacet
  facet normal 0 0 -1
    outer loop
      vertex 58.6344 39.2356 59.9
      vertex 57.0277 42.2947 59.9
      vertex 59.0343 39.4455 59.9
    endloop
  endfacet
  facet normal 0 0 -1
    outer loop
      vertex 56.6679 42.0278 59.9
      vertex 57.0277 42.2947 59.9
      vertex 58.6344 39.2356 59.9
    endloop
  endfacet
  facet normal 0 0 -1
    outer loop
      vertex 56.6385 42.0654 59.9
      vertex 57.0277 42.2947 59.9
      vertex 56.6679 42.0278 59.9
    endloop
  endfacet
  facet normal 0 0 -1
    outer loop
      vertex 56.6385 42.0654 59.9
      vertex 54.8837 45.0419 59.9
      vertex 57.0277 42.2947 59.9
    endloop
  endfacet
  facet normal 0 0 -1
    outer loop
      vertex 54.5374 44.7577 59.9
      vertex 54.8837 45.0419 59.9
      vertex 56.6385 42.0654 59.9
    endloop
  endfacet
  facet normal 0 0 -1
    outer loop
      vertex 52.3067 47.3437 59.9
      vertex 54.8837 45.0419 59.9
      vertex 54.5374 44.7577 59.9
    endloop
  endfacet
  facet normal 0 0 -1
    outer loop
      vertex 54.8837 45.0419 59.9
      vertex 52.3067 47.3437 59.9
      vertex 52.6075 47.6807 59.9
    endloop
  endfacet
  facet normal 0 0 -1
    outer loop
      vertex 52.2756 47.3798 59.9
      vertex 52.6075 47.6807 59.9
      vertex 52.3067 47.3437 59.9
    endloop
  endfacet
  facet normal 0 0 -1
    outer loop
      vertex 49.9207 49.8532 59.9
      vertex 52.6075 47.6807 59.9
      vertex 52.2756 47.3798 59.9
    endloop
  endfacet
  facet normal 0 0 -1
    outer loop
      vertex 52.6075 47.6807 59.9
      vertex 49.9207 49.8532 59.9
      vertex 50.2046 50.2046 59.9
    endloop
  endfacet
  facet normal 0 0 -1
    outer loop
      vertex 49.8878 49.8878 59.9
      vertex 50.2046 50.2046 59.9
      vertex 49.9207 49.8532 59.9
    endloop
  endfacet
  facet normal 0 0 -1
    outer loop
      vertex 49.8532 49.9207 59.9
      vertex 50.2046 50.2046 59.9
      vertex 49.8878 49.8878 59.9
    endloop
  endfacet
  facet normal 0 0 -1
    outer loop
      vertex 49.8532 49.9207 59.9
      vertex 47.6807 52.6075 59.9
      vertex 50.2046 50.2046 59.9
    endloop
  endfacet
  facet normal 0 0 -1
    outer loop
      vertex 47.3798 52.2756 59.9
      vertex 47.6807 52.6075 59.9
      vertex 49.8532 49.9207 59.9
    endloop
  endfacet
  facet normal 0 0 -1
    outer loop
      vertex 47.3437 52.3067 59.9
      vertex 47.6807 52.6075 59.9
      vertex 47.3798 52.2756 59.9
    endloop
  endfacet
  facet normal 0 0 -1
    outer loop
      vertex 47.3437 52.3067 59.9
      vertex 45.0419 54.8837 59.9
      vertex 47.6807 52.6075 59.9
    endloop
  endfacet
  facet normal 0 0 -1
    outer loop
      vertex 44.7577 54.5374 59.9
      vertex 45.0419 54.8837 59.9
      vertex 47.3437 52.3067 59.9
    endloop
  endfacet
  facet normal 0 0 -1
    outer loop
      vertex 42.0654 56.6385 59.9
      vertex 45.0419 54.8837 59.9
      vertex 44.7577 54.5374 59.9
    endloop
  endfacet
  facet normal 0 0 -1
    outer loop
      vertex 45.0419 54.8837 59.9
      vertex 42.0654 56.6385 59.9
      vertex 42.2947 57.0277 59.9
    endloop
  endfacet
  facet normal 0 0 -1
    outer loop
      vertex 42.0278 56.6679 59.9
      vertex 42.2947 57.0277 59.9
      vertex 42.0654 56.6385 59.9
    endloop
  endfacet
  facet normal 0 0 -1
    outer loop
      vertex 39.2356 58.6344 59.9
      vertex 42.2947 57.0277 59.9
      vertex 42.0278 56.6679 59.9
    endloop
  endfacet
  facet normal 0 0 -1
    outer loop
      vertex 42.2947 57.0277 59.9
      vertex 39.2356 58.6344 59.9
      vertex 39.4455 59.0343 59.9
    endloop
  endfacet
  facet normal 0 0 -1
    outer loop
      vertex 39.1966 58.6618 59.9
      vertex 39.4455 59.0343 59.9
      vertex 39.2356 58.6344 59.9
    endloop
  endfacet
  facet normal 0 0 -1
    outer loop
      vertex 36.3113 60.4889 59.9
      vertex 39.4455 59.0343 59.9
      vertex 39.1966 58.6618 59.9
    endloop
  endfacet
  facet normal 0 0 -1
    outer loop
      vertex 39.4455 59.0343 59.9
      vertex 36.3113 60.4889 59.9
      vertex 36.5013 60.8987 59.9
    endloop
  endfacet
  facet normal 0 0 -1
    outer loop
      vertex 36.271 60.5145 59.9
      vertex 36.5013 60.8987 59.9
      vertex 36.3113 60.4889 59.9
    endloop
  endfacet
  facet normal 0 0 -1
    outer loop
      vertex 36.2295 60.538 59.9
      vertex 36.5013 60.8987 59.9
      vertex 36.271 60.5145 59.9
    endloop
  endfacet
  facet normal 0 0 -1
    outer loop
      vertex 36.2295 60.538 59.9
      vertex 33.4692 62.6164 59.9
      vertex 36.5013 60.8987 59.9
    endloop
  endfacet
  facet normal 0 0 -1
    outer loop
      vertex 33.258 62.2213 59.9
      vertex 33.4692 62.6164 59.9
      vertex 36.2295 60.538 59.9
    endloop
  endfacet
  facet normal 0 0 -1
    outer loop
      vertex 30.2075 63.7568 59.9
      vertex 33.4692 62.6164 59.9
      vertex 33.258 62.2213 59.9
    endloop
  endfacet
  facet normal 0 0 -1
    outer loop
      vertex 33.4692 62.6164 59.9
      vertex 30.2075 63.7568 59.9
      vertex 30.3564 64.1832 59.9
    endloop
  endfacet
  facet normal 0 0 -1
    outer loop
      vertex 30.1649 63.7783 59.9
      vertex 30.3564 64.1832 59.9
      vertex 30.2075 63.7568 59.9
    endloop
  endfacet
  facet normal 0 0 -1
    outer loop
      vertex 30.1213 63.7976 59.9
      vertex 30.3564 64.1832 59.9
      vertex 30.1649 63.7783 59.9
    endloop
  endfacet
  facet normal 0 0 -1
    outer loop
      vertex 30.1213 63.7976 59.9
      vertex 27.1705 65.5954 59.9
      vertex 30.3564 64.1832 59.9
    endloop
  endfacet
  facet normal 0 0 -1
    outer loop
      vertex 26.9991 65.1815 59.9
      vertex 27.1705 65.5954 59.9
      vertex 30.1213 63.7976 59.9
    endloop
  endfacet
  facet normal 0 0 -1
    outer loop
      vertex 23.8128 66.4107 59.9
      vertex 27.1705 65.5954 59.9
      vertex 26.9991 65.1815 59.9
    endloop
  endfacet
  facet normal 0 0 -1
    outer loop
      vertex 27.1705 65.5954 59.9
      vertex 23.8128 66.4107 59.9
      vertex 23.9192 66.8496 59.9
    endloop
  endfacet
  facet normal 0 0 -1
    outer loop
      vertex 23.7683 66.4278 59.9
      vertex 23.9192 66.8496 59.9
      vertex 23.8128 66.4107 59.9
    endloop
  endfacet
  facet normal 0 0 -1
    outer loop
      vertex 23.723 66.4428 59.9
      vertex 23.9192 66.8496 59.9
      vertex 23.7683 66.4278 59.9
    endloop
  endfacet
  facet normal 0 0 -1
    outer loop
      vertex 23.723 66.4428 59.9
      vertex 20.6102 67.9428 59.9
      vertex 23.9192 66.8496 59.9
    endloop
  endfacet
  facet normal 0 0 -1
    outer loop
      vertex 20.4802 67.5141 59.9
      vertex 20.6102 67.9428 59.9
      vertex 23.723 66.4428 59.9
    endloop
  endfacet
  facet normal 0 0 -1
    outer loop
      vertex 20.4342 67.5268 59.9
      vertex 20.6102 67.9428 59.9
      vertex 20.4802 67.5141 59.9
    endloop
  endfacet
  facet normal 0 0 -1
    outer loop
      vertex 20.4342 67.5268 59.9
      vertex 17.2516 68.8722 59.9
      vertex 20.6102 67.9428 59.9
    endloop
  endfacet
  facet normal 0 0 -1
    outer loop
      vertex 17.1427 68.4376 59.9
      vertex 17.2516 68.8722 59.9
      vertex 20.4342 67.5268 59.9
    endloop
  endfacet
  facet normal 0 0 -1
    outer loop
      vertex 13.8106 69.1859 59.9
      vertex 17.2516 68.8722 59.9
      vertex 17.1427 68.4376 59.9
    endloop
  endfacet
  facet normal 0 0 -1
    outer loop
      vertex 17.2516 68.8722 59.9
      vertex 13.8106 69.1859 59.9
      vertex 13.8514 69.6358 59.9
    endloop
  endfacet
  facet normal 0 0 -1
    outer loop
      vertex 13.764 69.1964 59.9
      vertex 13.8514 69.6358 59.9
      vertex 13.8106 69.1859 59.9
    endloop
  endfacet
  facet normal 0 0 -1
    outer loop
      vertex 10.3991 69.7802 59.9
      vertex 13.8514 69.6358 59.9
      vertex 13.764 69.1964 59.9
    endloop
  endfacet
  facet normal 0 0 -1
    outer loop
      vertex 13.8514 69.6358 59.9
      vertex 10.3991 69.7802 59.9
      vertex 10.4179 70.2315 59.9
    endloop
  endfacet
  facet normal 0 0 -1
    outer loop
      vertex 10.3521 69.7884 59.9
      vertex 10.4179 70.2315 59.9
      vertex 10.3991 69.7802 59.9
    endloop
  endfacet
  facet normal 0 0 -1
    outer loop
      vertex 10.3048 69.7942 59.9
      vertex 10.4179 70.2315 59.9
      vertex 10.3521 69.7884 59.9
    endloop
  endfacet
  facet normal 0 0 -1
    outer loop
      vertex 10.3048 69.7942 59.9
      vertex 6.95922 70.6581 59.9
      vertex 10.4179 70.2315 59.9
    endloop
  endfacet
  facet normal 0 0 -1
    outer loop
      vertex 6.9153 70.2123 59.9
      vertex 6.95922 70.6581 59.9
      vertex 10.3048 69.7942 59.9
    endloop
  endfacet
  facet normal 0 0 -1
    outer loop
      vertex 6.86773 70.2158 59.9
      vertex 6.95922 70.6581 59.9
      vertex 6.9153 70.2123 59.9
    endloop
  endfacet
  facet normal 0 0 -1
    outer loop
      vertex 6.86773 70.2158 59.9
      vertex 3.4838 70.9145 59.9
      vertex 6.95922 70.6581 59.9
    endloop
  endfacet
  facet normal 0 0 -1
    outer loop
      vertex 3.46182 70.467 59.9
      vertex 3.4838 70.9145 59.9
      vertex 6.86773 70.2158 59.9
    endloop
  endfacet
  facet normal 0 0 -1
    outer loop
      vertex 0.0476935 70.5508 59.9
      vertex 3.4838 70.9145 59.9
      vertex 3.46182 70.467 59.9
    endloop
  endfacet
  facet normal 0 0 -1
    outer loop
      vertex 0 71 59.9
      vertex 0.0476935 70.5508 59.9
      vertex 0 70.552 59.9
    endloop
  endfacet
  facet normal 0 0 -1
    outer loop
      vertex 0.0476935 70.5508 59.9
      vertex 0 71 59.9
      vertex 3.4838 70.9145 59.9
    endloop
  endfacet
  facet normal 0 0 -1
    outer loop
      vertex -0.0476935 70.5508 59.9
      vertex 0 71 59.9
      vertex 0 70.552 59.9
    endloop
  endfacet
  facet normal 0 0 -1
    outer loop
      vertex -3.4838 70.9145 59.9
      vertex -0.0476935 70.5508 59.9
      vertex -3.46182 70.467 59.9
    endloop
  endfacet
  facet normal 0 0 -1
    outer loop
      vertex -0.0476935 70.5508 59.9
      vertex -3.4838 70.9145 59.9
      vertex 0 71 59.9
    endloop
  endfacet
  facet normal 0 0 -1
    outer loop
      vertex -6.86773 70.2158 59.9
      vertex -3.4838 70.9145 59.9
      vertex -3.46182 70.467 59.9
    endloop
  endfacet
  facet normal 0 0 -1
    outer loop
      vertex -6.95922 70.6581 59.9
      vertex -6.86773 70.2158 59.9
      vertex -6.9153 70.2123 59.9
    endloop
  endfacet
  facet normal 0 0 -1
    outer loop
      vertex -6.86773 70.2158 59.9
      vertex -6.95922 70.6581 59.9
      vertex -3.4838 70.9145 59.9
    endloop
  endfacet
  facet normal 0 0 -1
    outer loop
      vertex -10.3048 69.7942 59.9
      vertex -6.95922 70.6581 59.9
      vertex -6.9153 70.2123 59.9
    endloop
  endfacet
  facet normal 0 0 -1
    outer loop
      vertex -10.4179 70.2315 59.9
      vertex -10.3048 69.7942 59.9
      vertex -10.3521 69.7884 59.9
    endloop
  endfacet
  facet normal 0 0 -1
    outer loop
      vertex -10.4179 70.2315 59.9
      vertex -10.3521 69.7884 59.9
      vertex -10.3991 69.7802 59.9
    endloop
  endfacet
  facet normal 0 0 -1
    outer loop
      vertex -10.3048 69.7942 59.9
      vertex -10.4179 70.2315 59.9
      vertex -6.95922 70.6581 59.9
    endloop
  endfacet
  facet normal 0 0 -1
    outer loop
      vertex -13.8514 69.6358 59.9
      vertex -10.3991 69.7802 59.9
      vertex -13.764 69.1964 59.9
    endloop
  endfacet
  facet normal 0 0 -1
    outer loop
      vertex -13.8514 69.6358 59.9
      vertex -13.764 69.1964 59.9
      vertex -13.8106 69.1859 59.9
    endloop
  endfacet
  facet normal -0 0 -1
    outer loop
      vertex -10.3991 69.7802 59.9
      vertex -13.8514 69.6358 59.9
      vertex -10.4179 70.2315 59.9
    endloop
  endfacet
  facet normal 0 0 -1
    outer loop
      vertex -17.2516 68.8722 59.9
      vertex -13.8106 69.1859 59.9
      vertex -17.1427 68.4376 59.9
    endloop
  endfacet
  facet normal -0 0 -1
    outer loop
      vertex -13.8106 69.1859 59.9
      vertex -17.2516 68.8722 59.9
      vertex -13.8514 69.6358 59.9
    endloop
  endfacet
  facet normal 0 0 -1
    outer loop
      vertex -20.4342 67.5268 59.9
      vertex -17.2516 68.8722 59.9
      vertex -17.1427 68.4376 59.9
    endloop
  endfacet
  facet normal 0 0 -1
    outer loop
      vertex -20.6102 67.9428 59.9
      vertex -20.4342 67.5268 59.9
      vertex -20.4802 67.5141 59.9
    endloop
  endfacet
  facet normal 0 0 -1
    outer loop
      vertex -20.4342 67.5268 59.9
      vertex -20.6102 67.9428 59.9
      vertex -17.2516 68.8722 59.9
    endloop
  endfacet
  facet normal 0 0 -1
    outer loop
      vertex -23.723 66.4428 59.9
      vertex -20.6102 67.9428 59.9
      vertex -20.4802 67.5141 59.9
    endloop
  endfacet
  facet normal 0 0 -1
    outer loop
      vertex -23.9192 66.8496 59.9
      vertex -23.723 66.4428 59.9
      vertex -23.7683 66.4278 59.9
    endloop
  endfacet
  facet normal 0 0 -1
    outer loop
      vertex -23.9192 66.8496 59.9
      vertex -23.7683 66.4278 59.9
      vertex -23.8128 66.4107 59.9
    endloop
  endfacet
  facet normal 0 0 -1
    outer loop
      vertex -23.723 66.4428 59.9
      vertex -23.9192 66.8496 59.9
      vertex -20.6102 67.9428 59.9
    endloop
  endfacet
  facet normal 0 0 -1
    outer loop
      vertex -27.1705 65.5954 59.9
      vertex -23.8128 66.4107 59.9
      vertex -26.9991 65.1815 59.9
    endloop
  endfacet
  facet normal -0 0 -1
    outer loop
      vertex -23.8128 66.4107 59.9
      vertex -27.1705 65.5954 59.9
      vertex -23.9192 66.8496 59.9
    endloop
  endfacet
  facet normal 0 0 -1
    outer loop
      vertex -30.1213 63.7976 59.9
      vertex -27.1705 65.5954 59.9
      vertex -26.9991 65.1815 59.9
    endloop
  endfacet
  facet normal 0 0 -1
    outer loop
      vertex -30.3564 64.1832 59.9
      vertex -30.1213 63.7976 59.9
      vertex -30.1649 63.7783 59.9
    endloop
  endfacet
  facet normal 0 0 -1
    outer loop
      vertex -30.3564 64.1832 59.9
      vertex -30.1649 63.7783 59.9
      vertex -30.2075 63.7568 59.9
    endloop
  endfacet
  facet normal 0 0 -1
    outer loop
      vertex -30.1213 63.7976 59.9
      vertex -30.3564 64.1832 59.9
      vertex -27.1705 65.5954 59.9
    endloop
  endfacet
  facet normal 0 0 -1
    outer loop
      vertex -33.4692 62.6164 59.9
      vertex -30.2075 63.7568 59.9
      vertex -33.258 62.2213 59.9
    endloop
  endfacet
  facet normal -0 0 -1
    outer loop
      vertex -30.2075 63.7568 59.9
      vertex -33.4692 62.6164 59.9
      vertex -30.3564 64.1832 59.9
    endloop
  endfacet
  facet normal 0 0 -1
    outer loop
      vertex -36.2295 60.538 59.9
      vertex -33.4692 62.6164 59.9
      vertex -33.258 62.2213 59.9
    endloop
  endfacet
  facet normal 0 0 -1
    outer loop
      vertex -36.5013 60.8987 59.9
      vertex -36.2295 60.538 59.9
      vertex -36.271 60.5145 59.9
    endloop
  endfacet
  facet normal 0 0 -1
    outer loop
      vertex -36.5013 60.8987 59.9
      vertex -36.271 60.5145 59.9
      vertex -36.3113 60.4889 59.9
    endloop
  endfacet
  facet normal 0 0 -1
    outer loop
      vertex -36.2295 60.538 59.9
      vertex -36.5013 60.8987 59.9
      vertex -33.4692 62.6164 59.9
    endloop
  endfacet
  facet normal 0 0 -1
    outer loop
      vertex -39.4455 59.0343 59.9
      vertex -36.3113 60.4889 59.9
      vertex -39.1966 58.6618 59.9
    endloop
  endfacet
  facet normal 0 0 -1
    outer loop
      vertex -39.4455 59.0343 59.9
      vertex -39.1966 58.6618 59.9
      vertex -39.2356 58.6344 59.9
    endloop
  endfacet
  facet normal -0 0 -1
    outer loop
      vertex -36.3113 60.4889 59.9
      vertex -39.4455 59.0343 59.9
      vertex -36.5013 60.8987 59.9
    endloop
  endfacet
  facet normal 0 0 -1
    outer loop
      vertex -42.2947 57.0277 59.9
      vertex -39.2356 58.6344 59.9
      vertex -42.0278 56.6679 59.9
    endloop
  endfacet
  facet normal 0 0 -1
    outer loop
      vertex -42.2947 57.0277 59.9
      vertex -42.0278 56.6679 59.9
      vertex -42.0654 56.6385 59.9
    endloop
  endfacet
  facet normal -0 0 -1
    outer loop
      vertex -39.2356 58.6344 59.9
      vertex -42.2947 57.0277 59.9
      vertex -39.4455 59.0343 59.9
    endloop
  endfacet
  facet normal 0 0 -1
    outer loop
      vertex -45.0419 54.8837 59.9
      vertex -42.0654 56.6385 59.9
      vertex -44.7577 54.5374 59.9
    endloop
  endfacet
  facet normal -0 0 -1
    outer loop
      vertex -42.0654 56.6385 59.9
      vertex -45.0419 54.8837 59.9
      vertex -42.2947 57.0277 59.9
    endloop
  endfacet
  facet normal 0 0 -1
    outer loop
      vertex -47.3437 52.3067 59.9
      vertex -45.0419 54.8837 59.9
      vertex -44.7577 54.5374 59.9
    endloop
  endfacet
  facet normal 0 0 -1
    outer loop
      vertex -47.6807 52.6075 59.9
      vertex -47.3437 52.3067 59.9
      vertex -47.3798 52.2756 59.9
    endloop
  endfacet
  facet normal 0 0 -1
    outer loop
      vertex -47.3437 52.3067 59.9
      vertex -47.6807 52.6075 59.9
      vertex -45.0419 54.8837 59.9
    endloop
  endfacet
  facet normal 0 0 -1
    outer loop
      vertex -49.8532 49.9207 59.9
      vertex -47.6807 52.6075 59.9
      vertex -47.3798 52.2756 59.9
    endloop
  endfacet
  facet normal 0 0 -1
    outer loop
      vertex -50.2046 50.2046 59.9
      vertex -49.8532 49.9207 59.9
      vertex -49.8878 49.8878 59.9
    endloop
  endfacet
  facet normal 0 0 -1
    outer loop
      vertex -50.2046 50.2046 59.9
      vertex -49.8878 49.8878 59.9
      vertex -49.9207 49.8532 59.9
    endloop
  endfacet
  facet normal 0 0 -1
    outer loop
      vertex -49.8532 49.9207 59.9
      vertex -50.2046 50.2046 59.9
      vertex -47.6807 52.6075 59.9
    endloop
  endfacet
  facet normal 0 0 -1
    outer loop
      vertex -52.6075 47.6807 59.9
      vertex -49.9207 49.8532 59.9
      vertex -52.2756 47.3798 59.9
    endloop
  endfacet
  facet normal 0 0 -1
    outer loop
      vertex -52.6075 47.6807 59.9
      vertex -52.2756 47.3798 59.9
      vertex -52.3067 47.3437 59.9
    endloop
  endfacet
  facet normal -0 0 -1
    outer loop
      vertex -49.9207 49.8532 59.9
      vertex -52.6075 47.6807 59.9
      vertex -50.2046 50.2046 59.9
    endloop
  endfacet
  facet normal 0 0 -1
    outer loop
      vertex -54.8837 45.0419 59.9
      vertex -52.3067 47.3437 59.9
      vertex -54.5374 44.7577 59.9
    endloop
  endfacet
  facet normal -0 0 -1
    outer loop
      vertex -52.3067 47.3437 59.9
      vertex -54.8837 45.0419 59.9
      vertex -52.6075 47.6807 59.9
    endloop
  endfacet
  facet normal 0 0 -1
    outer loop
      vertex -56.6385 42.0654 59.9
      vertex -54.8837 45.0419 59.9
      vertex -54.5374 44.7577 59.9
    endloop
  endfacet
  facet normal 0 0 -1
    outer loop
      vertex -57.0277 42.2947 59.9
      vertex -56.6385 42.0654 59.9
      vertex -56.6679 42.0278 59.9
    endloop
  endfacet
  facet normal 0 0 -1
    outer loop
      vertex -56.6385 42.0654 59.9
      vertex -57.0277 42.2947 59.9
      vertex -54.8837 45.0419 59.9
    endloop
  endfacet
  facet normal 0 0 -1
    outer loop
      vertex -58.6344 39.2356 59.9
      vertex -57.0277 42.2947 59.9
      vertex -56.6679 42.0278 59.9
    endloop
  endfacet
  facet normal 0 0 -1
    outer loop
      vertex -59.0343 39.4455 59.9
      vertex -58.6344 39.2356 59.9
      vertex -58.6618 39.1966 59.9
    endloop
  endfacet
  facet normal 0 0 -1
    outer loop
      vertex -58.6344 39.2356 59.9
      vertex -59.0343 39.4455 59.9
      vertex -57.0277 42.2947 59.9
    endloop
  endfacet
  facet normal 0 0 -1
    outer loop
      vertex -60.4889 36.3113 59.9
      vertex -59.0343 39.4455 59.9
      vertex -58.6618 39.1966 59.9
    endloop
  endfacet
  facet normal 0 0 -1
    outer loop
      vertex -60.8987 36.5013 59.9
      vertex -60.4889 36.3113 59.9
      vertex -60.5145 36.271 59.9
    endloop
  endfacet
  facet normal 0 0 -1
    outer loop
      vertex -60.8987 36.5013 59.9
      vertex -60.5145 36.271 59.9
      vertex -60.538 36.2295 59.9
    endloop
  endfacet
  facet normal 0 0 -1
    outer loop
      vertex -60.4889 36.3113 59.9
      vertex -60.8987 36.5013 59.9
      vertex -59.0343 39.4455 59.9
    endloop
  endfacet
  facet normal 0 0 -1
    outer loop
      vertex -62.6164 33.4692 59.9
      vertex -60.538 36.2295 59.9
      vertex -62.2213 33.258 59.9
    endloop
  endfacet
  facet normal -0 0 -1
    outer loop
      vertex -60.538 36.2295 59.9
      vertex -62.6164 33.4692 59.9
      vertex -60.8987 36.5013 59.9
    endloop
  endfacet
  facet normal 0 0 -1
    outer loop
      vertex -63.7568 30.2075 59.9
      vertex -62.6164 33.4692 59.9
      vertex -62.2213 33.258 59.9
    endloop
  endfacet
  facet normal 0 0 -1
    outer loop
      vertex -64.1832 30.3564 59.9
      vertex -63.7568 30.2075 59.9
      vertex -63.7783 30.1649 59.9
    endloop
  endfacet
  facet normal 0 0 -1
    outer loop
      vertex -64.1832 30.3564 59.9
      vertex -63.7783 30.1649 59.9
      vertex -63.7976 30.1213 59.9
    endloop
  endfacet
  facet normal 0 0 -1
    outer loop
      vertex -63.7568 30.2075 59.9
      vertex -64.1832 30.3564 59.9
      vertex -62.6164 33.4692 59.9
    endloop
  endfacet
  facet normal 0 0 -1
    outer loop
      vertex -65.5954 27.1705 59.9
      vertex -63.7976 30.1213 59.9
      vertex -65.1815 26.9991 59.9
    endloop
  endfacet
  facet normal -0 0 -1
    outer loop
      vertex -63.7976 30.1213 59.9
      vertex -65.5954 27.1705 59.9
      vertex -64.1832 30.3564 59.9
    endloop
  endfacet
  facet normal 0 0 -1
    outer loop
      vertex -66.4107 23.8128 59.9
      vertex -65.5954 27.1705 59.9
      vertex -65.1815 26.9991 59.9
    endloop
  endfacet
  facet normal 0 0 -1
    outer loop
      vertex -66.8496 23.9192 59.9
      vertex -66.4107 23.8128 59.9
      vertex -66.4278 23.7683 59.9
    endloop
  endfacet
  facet normal 0 0 -1
    outer loop
      vertex -66.8496 23.9192 59.9
      vertex -66.4278 23.7683 59.9
      vertex -66.4428 23.723 59.9
    endloop
  endfacet
  facet normal 0 0 -1
    outer loop
      vertex -66.4107 23.8128 59.9
      vertex -66.8496 23.9192 59.9
      vertex -65.5954 27.1705 59.9
    endloop
  endfacet
  facet normal 0 0 -1
    outer loop
      vertex -67.9428 20.6102 59.9
      vertex -66.4428 23.723 59.9
      vertex -67.5141 20.4802 59.9
    endloop
  endfacet
  facet normal 0 0 -1
    outer loop
      vertex -67.9428 20.6102 59.9
      vertex -67.5141 20.4802 59.9
      vertex -67.5268 20.4342 59.9
    endloop
  endfacet
  facet normal -0 0 -1
    outer loop
      vertex -66.4428 23.723 59.9
      vertex -67.9428 20.6102 59.9
      vertex -66.8496 23.9192 59.9
    endloop
  endfacet
  facet normal 0 0 -1
    outer loop
      vertex -68.8722 17.2516 59.9
      vertex -67.5268 20.4342 59.9
      vertex -68.4376 17.1427 59.9
    endloop
  endfacet
  facet normal -0 0 -1
    outer loop
      vertex -67.5268 20.4342 59.9
      vertex -68.8722 17.2516 59.9
      vertex -67.9428 20.6102 59.9
    endloop
  endfacet
  facet normal 0 0 -1
    outer loop
      vertex -69.1859 13.8106 59.9
      vertex -68.8722 17.2516 59.9
      vertex -68.4376 17.1427 59.9
    endloop
  endfacet
  facet normal 0 0 -1
    outer loop
      vertex -69.6358 13.8514 59.9
      vertex -69.1859 13.8106 59.9
      vertex -69.1964 13.764 59.9
    endloop
  endfacet
  facet normal 0 0 -1
    outer loop
      vertex -69.1859 13.8106 59.9
      vertex -69.6358 13.8514 59.9
      vertex -68.8722 17.2516 59.9
    endloop
  endfacet
  facet normal 0 0 -1
    outer loop
      vertex -69.7802 10.3991 59.9
      vertex -69.6358 13.8514 59.9
      vertex -69.1964 13.764 59.9
    endloop
  endfacet
  facet normal 0 0 -1
    outer loop
      vertex -70.2315 10.4179 59.9
      vertex -69.7802 10.3991 59.9
      vertex -69.7884 10.3521 59.9
    endloop
  endfacet
  facet normal 0 0 -1
    outer loop
      vertex -70.2315 10.4179 59.9
      vertex -69.7884 10.3521 59.9
      vertex -69.7942 10.3048 59.9
    endloop
  endfacet
  facet normal 0 0 -1
    outer loop
      vertex -70.6581 6.95922 59.9
      vertex -69.7942 10.3048 59.9
      vertex -70.2123 6.9153 59.9
    endloop
  endfacet
  facet normal 0 0 -1
    outer loop
      vertex -69.7802 10.3991 59.9
      vertex -70.2315 10.4179 59.9
      vertex -69.6358 13.8514 59.9
    endloop
  endfacet
  facet normal 0 0 -1
    outer loop
      vertex -70.6581 6.95922 59.9
      vertex -70.2123 6.9153 59.9
      vertex -70.2158 6.86773 59.9
    endloop
  endfacet
  facet normal 0 0 -1
    outer loop
      vertex -70.9145 3.4838 59.9
      vertex -70.2158 6.86773 59.9
      vertex -70.467 3.46182 59.9
    endloop
  endfacet
  facet normal -0 0 -1
    outer loop
      vertex -69.7942 10.3048 59.9
      vertex -70.6581 6.95922 59.9
      vertex -70.2315 10.4179 59.9
    endloop
  endfacet
  facet normal 0 0 -1
    outer loop
      vertex -70.9145 3.4838 59.9
      vertex -70.467 3.46182 59.9
      vertex -70.5508 0.0476935 59.9
    endloop
  endfacet
  facet normal 0 0 -1
    outer loop
      vertex -71 0 59.9
      vertex -70.5508 0.0476935 59.9
      vertex -70.552 0 59.9
    endloop
  endfacet
  facet normal 0 0 -1
    outer loop
      vertex -71 0 59.9
      vertex -70.5508 -0.0476935 59.9
      vertex -70.9145 -3.4838 59.9
    endloop
  endfacet
  facet normal 0 0 -1
    outer loop
      vertex -70.5508 -0.0476935 59.9
      vertex -71 0 59.9
      vertex -70.552 0 59.9
    endloop
  endfacet
  facet normal -0 0 -1
    outer loop
      vertex -70.2158 6.86773 59.9
      vertex -70.9145 3.4838 59.9
      vertex -70.6581 6.95922 59.9
    endloop
  endfacet
  facet normal -0 0 -1
    outer loop
      vertex -70.5508 0.0476935 59.9
      vertex -71 0 59.9
      vertex -70.9145 3.4838 59.9
    endloop
  endfacet
  facet normal -0.405238 -0.914211 0
    outer loop
      vertex -30.3564 -64.1832 59.9
      vertex -27.1705 -65.5954 64.1
      vertex -30.3564 -64.1832 64.1
    endloop
  endfacet
  facet normal -0.405238 -0.914211 -0
    outer loop
      vertex -27.1705 -65.5954 64.1
      vertex -30.3564 -64.1832 59.9
      vertex -27.1705 -65.5954 59.9
    endloop
  endfacet
  facet normal -0.449599 -0.89323 0
    outer loop
      vertex -33.4692 -62.6164 59.9
      vertex -30.3564 -64.1832 64.1
      vertex -33.4692 -62.6164 64.1
    endloop
  endfacet
  facet normal -0.449599 -0.89323 -0
    outer loop
      vertex -30.3564 -64.1832 64.1
      vertex -33.4692 -62.6164 59.9
      vertex -30.3564 -64.1832 59.9
    endloop
  endfacet
  facet normal -0.492906 -0.870082 0
    outer loop
      vertex -36.5013 -60.8987 59.9
      vertex -33.4692 -62.6164 64.1
      vertex -36.5013 -60.8987 64.1
    endloop
  endfacet
  facet normal -0.492906 -0.870082 -0
    outer loop
      vertex -33.4692 -62.6164 64.1
      vertex -36.5013 -60.8987 59.9
      vertex -33.4692 -62.6164 59.9
    endloop
  endfacet
  facet normal -0.575802 -0.817589 0
    outer loop
      vertex -42.2947 -57.0277 59.9
      vertex -39.4455 -59.0343 64.1
      vertex -42.2947 -57.0277 64.1
    endloop
  endfacet
  facet normal -0.575802 -0.817589 -0
    outer loop
      vertex -39.4455 -59.0343 64.1
      vertex -42.2947 -57.0277 59.9
      vertex -39.4455 -59.0343 59.9
    endloop
  endfacet
  facet normal -0.359904 -0.932989 0
    outer loop
      vertex -27.1705 -65.5954 59.9
      vertex -23.9192 -66.8496 64.1
      vertex -27.1705 -65.5954 64.1
    endloop
  endfacet
  facet normal -0.359904 -0.932989 -0
    outer loop
      vertex -23.9192 -66.8496 64.1
      vertex -27.1705 -65.5954 59.9
      vertex -23.9192 -66.8496 59.9
    endloop
  endfacet
  facet normal -0.219118 -0.975698 0
    outer loop
      vertex -17.2516 -68.8722 59.9
      vertex -13.8514 -69.6358 64.1
      vertex -17.2516 -68.8722 64.1
    endloop
  endfacet
  facet normal -0.219118 -0.975698 -0
    outer loop
      vertex -13.8514 -69.6358 64.1
      vertex -17.2516 -68.8722 59.9
      vertex -13.8514 -69.6358 59.9
    endloop
  endfacet
  facet normal -0.266699 -0.96378 0
    outer loop
      vertex -20.6102 -67.9428 59.9
      vertex -17.2516 -68.8722 64.1
      vertex -20.6102 -67.9428 64.1
    endloop
  endfacet
  facet normal -0.266699 -0.96378 -0
    outer loop
      vertex -17.2516 -68.8722 64.1
      vertex -20.6102 -67.9428 59.9
      vertex -17.2516 -68.8722 59.9
    endloop
  endfacet
  facet normal -0.170943 -0.985281 0
    outer loop
      vertex -13.8514 -69.6358 59.9
      vertex -10.4179 -70.2315 64.1
      vertex -13.8514 -69.6358 64.1
    endloop
  endfacet
  facet normal -0.170943 -0.985281 -0
    outer loop
      vertex -10.4179 -70.2315 64.1
      vertex -13.8514 -69.6358 59.9
      vertex -10.4179 -70.2315 59.9
    endloop
  endfacet
  facet normal -0.0245348 -0.999699 0
    outer loop
      vertex -3.4838 -70.9145 59.9
      vertex 0 -71 64.1
      vertex -3.4838 -70.9145 64.1
    endloop
  endfacet
  facet normal -0.0245348 -0.999699 -0
    outer loop
      vertex 0 -71 64.1
      vertex -3.4838 -70.9145 59.9
      vertex 0 -71 59.9
    endloop
  endfacet
  facet normal 0.0245348 0.999699 -0
    outer loop
      vertex 3.4838 70.9145 59.9
      vertex 0 71 64.1
      vertex 3.4838 70.9145 64.1
    endloop
  endfacet
  facet normal 0.0245348 0.999699 0
    outer loop
      vertex 0 71 64.1
      vertex 3.4838 70.9145 59.9
      vertex 0 71 59.9
    endloop
  endfacet
  facet normal 0.122414 0.992479 -0
    outer loop
      vertex 10.4179 70.2315 59.9
      vertex 6.95922 70.6581 64.1
      vertex 10.4179 70.2315 64.1
    endloop
  endfacet
  facet normal 0.122414 0.992479 0
    outer loop
      vertex 6.95922 70.6581 64.1
      vertex 10.4179 70.2315 59.9
      vertex 6.95922 70.6581 59.9
    endloop
  endfacet
  facet normal 0.313696 0.949524 -0
    outer loop
      vertex 23.9192 66.8496 59.9
      vertex 20.6102 67.9428 64.1
      vertex 23.9192 66.8496 64.1
    endloop
  endfacet
  facet normal 0.313696 0.949524 0
    outer loop
      vertex 20.6102 67.9428 64.1
      vertex 23.9192 66.8496 59.9
      vertex 20.6102 67.9428 59.9
    endloop
  endfacet
  facet normal 0.615243 0.788338 -0
    outer loop
      vertex 45.0419 54.8837 59.9
      vertex 42.2947 57.0277 64.1
      vertex 45.0419 54.8837 64.1
    endloop
  endfacet
  facet normal 0.615243 0.788338 0
    outer loop
      vertex 42.2947 57.0277 64.1
      vertex 45.0419 54.8837 59.9
      vertex 42.2947 57.0277 59.9
    endloop
  endfacet
  facet normal 0.575802 0.817589 -0
    outer loop
      vertex 42.2947 57.0277 59.9
      vertex 39.4455 59.0343 64.1
      vertex 42.2947 57.0277 64.1
    endloop
  endfacet
  facet normal 0.575802 0.817589 0
    outer loop
      vertex 39.4455 59.0343 64.1
      vertex 42.2947 57.0277 59.9
      vertex 39.4455 59.0343 59.9
    endloop
  endfacet
  facet normal 0.405238 0.914211 -0
    outer loop
      vertex 30.3564 64.1832 59.9
      vertex 27.1705 65.5954 64.1
      vertex 30.3564 64.1832 64.1
    endloop
  endfacet
  facet normal 0.405238 0.914211 0
    outer loop
      vertex 27.1705 65.5954 64.1
      vertex 30.3564 64.1832 59.9
      vertex 27.1705 65.5954 59.9
    endloop
  endfacet
  facet normal 0.724255 0.689533 0
    outer loop
      vertex 52.6075 47.6807 64.1
      vertex 50.2046 50.2046 59.9
      vertex 50.2046 50.2046 64.1
    endloop
  endfacet
  facet normal 0.724255 0.689533 0
    outer loop
      vertex 50.2046 50.2046 59.9
      vertex 52.6075 47.6807 64.1
      vertex 52.6075 47.6807 59.9
    endloop
  endfacet
  facet normal 0.89323 0.449599 0
    outer loop
      vertex 64.1832 30.3564 64.1
      vertex 62.6164 33.4692 59.9
      vertex 62.6164 33.4692 64.1
    endloop
  endfacet
  facet normal 0.89323 0.449599 0
    outer loop
      vertex 62.6164 33.4692 59.9
      vertex 64.1832 30.3564 64.1
      vertex 64.1832 30.3564 59.9
    endloop
  endfacet
  facet normal 0.914211 0.405238 0
    outer loop
      vertex 65.5954 27.1705 64.1
      vertex 64.1832 30.3564 59.9
      vertex 64.1832 30.3564 64.1
    endloop
  endfacet
  facet normal 0.914211 0.405238 0
    outer loop
      vertex 64.1832 30.3564 59.9
      vertex 65.5954 27.1705 64.1
      vertex 65.5954 27.1705 59.9
    endloop
  endfacet
  facet normal 0.870082 0.492906 0
    outer loop
      vertex 62.6164 33.4692 64.1
      vertex 60.8987 36.5013 59.9
      vertex 60.8987 36.5013 64.1
    endloop
  endfacet
  facet normal 0.870082 0.492906 0
    outer loop
      vertex 60.8987 36.5013 59.9
      vertex 62.6164 33.4692 64.1
      vertex 62.6164 33.4692 59.9
    endloop
  endfacet
  facet normal 0.932989 0.359904 0
    outer loop
      vertex 66.8496 23.9192 64.1
      vertex 65.5954 27.1705 59.9
      vertex 65.5954 27.1705 64.1
    endloop
  endfacet
  facet normal 0.932989 0.359904 0
    outer loop
      vertex 65.5954 27.1705 59.9
      vertex 66.8496 23.9192 64.1
      vertex 66.8496 23.9192 59.9
    endloop
  endfacet
  facet normal 0.949524 0.313696 0
    outer loop
      vertex 67.9428 20.6102 64.1
      vertex 66.8496 23.9192 59.9
      vertex 66.8496 23.9192 64.1
    endloop
  endfacet
  facet normal 0.949524 0.313696 0
    outer loop
      vertex 66.8496 23.9192 59.9
      vertex 67.9428 20.6102 64.1
      vertex 67.9428 20.6102 59.9
    endloop
  endfacet
  facet normal -0.122414 0.992479 0
    outer loop
      vertex -6.95922 70.6581 59.9
      vertex -10.4179 70.2315 64.1
      vertex -6.95922 70.6581 64.1
    endloop
  endfacet
  facet normal -0.122414 0.992479 0
    outer loop
      vertex -10.4179 70.2315 64.1
      vertex -6.95922 70.6581 59.9
      vertex -10.4179 70.2315 59.9
    endloop
  endfacet
  facet normal -0.689533 0.724255 0
    outer loop
      vertex -47.6807 52.6075 59.9
      vertex -50.2046 50.2046 64.1
      vertex -47.6807 52.6075 64.1
    endloop
  endfacet
  facet normal -0.689533 0.724255 0
    outer loop
      vertex -50.2046 50.2046 64.1
      vertex -47.6807 52.6075 59.9
      vertex -50.2046 50.2046 59.9
    endloop
  endfacet
  facet normal -0.653166 0.757215 0
    outer loop
      vertex -45.0419 54.8837 59.9
      vertex -47.6807 52.6075 64.1
      vertex -45.0419 54.8837 64.1
    endloop
  endfacet
  facet normal -0.653166 0.757215 0
    outer loop
      vertex -47.6807 52.6075 64.1
      vertex -45.0419 54.8837 59.9
      vertex -47.6807 52.6075 59.9
    endloop
  endfacet
  facet normal -0.534999 0.844853 0
    outer loop
      vertex -36.5013 60.8987 59.9
      vertex -39.4455 59.0343 64.1
      vertex -36.5013 60.8987 64.1
    endloop
  endfacet
  facet normal -0.534999 0.844853 0
    outer loop
      vertex -39.4455 59.0343 64.1
      vertex -36.5013 60.8987 59.9
      vertex -39.4455 59.0343 59.9
    endloop
  endfacet
  facet normal -0.449599 0.89323 0
    outer loop
      vertex -30.3564 64.1832 59.9
      vertex -33.4692 62.6164 64.1
      vertex -30.3564 64.1832 64.1
    endloop
  endfacet
  facet normal -0.449599 0.89323 0
    outer loop
      vertex -33.4692 62.6164 64.1
      vertex -30.3564 64.1832 59.9
      vertex -33.4692 62.6164 59.9
    endloop
  endfacet
  facet normal -0.492906 0.870082 0
    outer loop
      vertex -33.4692 62.6164 59.9
      vertex -36.5013 60.8987 64.1
      vertex -33.4692 62.6164 64.1
    endloop
  endfacet
  facet normal -0.492906 0.870082 0
    outer loop
      vertex -36.5013 60.8987 64.1
      vertex -33.4692 62.6164 59.9
      vertex -36.5013 60.8987 59.9
    endloop
  endfacet
  facet normal -0.313696 0.949524 0
    outer loop
      vertex -20.6102 67.9428 59.9
      vertex -23.9192 66.8496 64.1
      vertex -20.6102 67.9428 64.1
    endloop
  endfacet
  facet normal -0.313696 0.949524 0
    outer loop
      vertex -23.9192 66.8496 64.1
      vertex -20.6102 67.9428 59.9
      vertex -23.9192 66.8496 59.9
    endloop
  endfacet
  facet normal -0.170943 0.985281 0
    outer loop
      vertex -10.4179 70.2315 59.9
      vertex -13.8514 69.6358 64.1
      vertex -10.4179 70.2315 64.1
    endloop
  endfacet
  facet normal -0.170943 0.985281 0
    outer loop
      vertex -13.8514 69.6358 64.1
      vertex -10.4179 70.2315 59.9
      vertex -13.8514 69.6358 59.9
    endloop
  endfacet
  facet normal -0.0735753 0.99729 0
    outer loop
      vertex -3.4838 70.9145 59.9
      vertex -6.95922 70.6581 64.1
      vertex -3.4838 70.9145 64.1
    endloop
  endfacet
  facet normal -0.0735753 0.99729 0
    outer loop
      vertex -6.95922 70.6581 64.1
      vertex -3.4838 70.9145 59.9
      vertex -6.95922 70.6581 59.9
    endloop
  endfacet
  facet normal -0.788338 0.615243 0
    outer loop
      vertex -57.0277 42.2947 59.9
      vertex -54.8837 45.0419 64.1
      vertex -54.8837 45.0419 59.9
    endloop
  endfacet
  facet normal -0.788338 0.615243 0
    outer loop
      vertex -54.8837 45.0419 64.1
      vertex -57.0277 42.2947 59.9
      vertex -57.0277 42.2947 64.1
    endloop
  endfacet
  facet normal -0.817589 0.575802 0
    outer loop
      vertex -59.0343 39.4455 59.9
      vertex -57.0277 42.2947 64.1
      vertex -57.0277 42.2947 59.9
    endloop
  endfacet
  facet normal -0.817589 0.575802 0
    outer loop
      vertex -57.0277 42.2947 64.1
      vertex -59.0343 39.4455 59.9
      vertex -59.0343 39.4455 64.1
    endloop
  endfacet
  facet normal -0.757215 0.653166 0
    outer loop
      vertex -54.8837 45.0419 59.9
      vertex -52.6075 47.6807 64.1
      vertex -52.6075 47.6807 59.9
    endloop
  endfacet
  facet normal -0.757215 0.653166 0
    outer loop
      vertex -52.6075 47.6807 64.1
      vertex -54.8837 45.0419 59.9
      vertex -54.8837 45.0419 64.1
    endloop
  endfacet
  facet normal -0.89323 0.449599 0
    outer loop
      vertex -64.1832 30.3564 59.9
      vertex -62.6164 33.4692 64.1
      vertex -62.6164 33.4692 59.9
    endloop
  endfacet
  facet normal -0.89323 0.449599 0
    outer loop
      vertex -62.6164 33.4692 64.1
      vertex -64.1832 30.3564 59.9
      vertex -64.1832 30.3564 64.1
    endloop
  endfacet
  facet normal -0.975698 0.219118 0
    outer loop
      vertex -69.6358 13.8514 59.9
      vertex -68.8722 17.2516 64.1
      vertex -68.8722 17.2516 59.9
    endloop
  endfacet
  facet normal -0.975698 0.219118 0
    outer loop
      vertex -68.8722 17.2516 64.1
      vertex -69.6358 13.8514 59.9
      vertex -69.6358 13.8514 64.1
    endloop
  endfacet
  facet normal -0.949524 0.313696 0
    outer loop
      vertex -67.9428 20.6102 59.9
      vertex -66.8496 23.9192 64.1
      vertex -66.8496 23.9192 59.9
    endloop
  endfacet
  facet normal -0.949524 0.313696 0
    outer loop
      vertex -66.8496 23.9192 64.1
      vertex -67.9428 20.6102 59.9
      vertex -67.9428 20.6102 64.1
    endloop
  endfacet
  facet normal -0.999699 0.0245348 0
    outer loop
      vertex -71 0 59.9
      vertex -70.9145 3.4838 64.1
      vertex -70.9145 3.4838 59.9
    endloop
  endfacet
  facet normal -0.999699 0.0245348 0
    outer loop
      vertex -70.9145 3.4838 64.1
      vertex -71 0 59.9
      vertex -71 0 64.1
    endloop
  endfacet
  facet normal -0.992479 0.122414 0
    outer loop
      vertex -70.6581 6.95922 59.9
      vertex -70.2315 10.4179 64.1
      vertex -70.2315 10.4179 59.9
    endloop
  endfacet
  facet normal -0.992479 0.122414 0
    outer loop
      vertex -70.2315 10.4179 64.1
      vertex -70.6581 6.95922 59.9
      vertex -70.6581 6.95922 64.1
    endloop
  endfacet
  facet normal 0 0 1
    outer loop
      vertex 67.6 0 64.1
      vertex 71 0 64.1
      vertex 70.9145 3.4838 64.1
    endloop
  endfacet
  facet normal 0 0 1
    outer loop
      vertex 67.5186 3.31697 64.1
      vertex 70.9145 3.4838 64.1
      vertex 70.6581 6.95922 64.1
    endloop
  endfacet
  facet normal 0 0 1
    outer loop
      vertex 71 0 64.1
      vertex 67.6 0 64.1
      vertex 70.9145 -3.4838 64.1
    endloop
  endfacet
  facet normal 0 0 1
    outer loop
      vertex 67.2745 6.62596 64.1
      vertex 70.6581 6.95922 64.1
      vertex 70.2315 10.4179 64.1
    endloop
  endfacet
  facet normal -0 0 1
    outer loop
      vertex 67.5186 -3.31697 64.1
      vertex 70.9145 -3.4838 64.1
      vertex 67.6 0 64.1
    endloop
  endfacet
  facet normal 0 0 1
    outer loop
      vertex 66.8683 9.91898 64.1
      vertex 70.2315 10.4179 64.1
      vertex 69.6358 13.8514 64.1
    endloop
  endfacet
  facet normal 0 0 1
    outer loop
      vertex 70.9145 -3.4838 64.1
      vertex 67.5186 -3.31697 64.1
      vertex 70.6581 -6.95922 64.1
    endloop
  endfacet
  facet normal 0 0 1
    outer loop
      vertex 66.3011 13.1881 64.1
      vertex 69.6358 13.8514 64.1
      vertex 68.8722 17.2516 64.1
    endloop
  endfacet
  facet normal -0 0 1
    outer loop
      vertex 67.2745 -6.62596 64.1
      vertex 70.6581 -6.95922 64.1
      vertex 67.5186 -3.31697 64.1
    endloop
  endfacet
  facet normal 0 0 1
    outer loop
      vertex 65.5741 16.4255 64.1
      vertex 68.8722 17.2516 64.1
      vertex 67.9428 20.6102 64.1
    endloop
  endfacet
  facet normal 0 0 1
    outer loop
      vertex 70.6581 -6.95922 64.1
      vertex 67.2745 -6.62596 64.1
      vertex 70.2315 -10.4179 64.1
    endloop
  endfacet
  facet normal -0 0 1
    outer loop
      vertex 66.8683 -9.91898 64.1
      vertex 70.2315 -10.4179 64.1
      vertex 67.2745 -6.62596 64.1
    endloop
  endfacet
  facet normal 0 0 1
    outer loop
      vertex 70.9145 3.4838 64.1
      vertex 67.5186 3.31697 64.1
      vertex 67.6 0 64.1
    endloop
  endfacet
  facet normal 0 0 1
    outer loop
      vertex 70.6581 6.95922 64.1
      vertex 67.2745 6.62596 64.1
      vertex 67.5186 3.31697 64.1
    endloop
  endfacet
  facet normal 0 0 1
    outer loop
      vertex 70.2315 10.4179 64.1
      vertex 66.8683 9.91898 64.1
      vertex 67.2745 6.62596 64.1
    endloop
  endfacet
  facet normal 0 0 1
    outer loop
      vertex 64.6892 19.6232 64.1
      vertex 67.9428 20.6102 64.1
      vertex 66.8496 23.9192 64.1
    endloop
  endfacet
  facet normal 0 0 1
    outer loop
      vertex 69.6358 13.8514 64.1
      vertex 66.3011 13.1881 64.1
      vertex 66.8683 9.91898 64.1
    endloop
  endfacet
  facet normal 0 0 1
    outer loop
      vertex 63.6484 22.7738 64.1
      vertex 66.8496 23.9192 64.1
      vertex 65.5954 27.1705 64.1
    endloop
  endfacet
  facet normal 0 0 1
    outer loop
      vertex 68.8722 17.2516 64.1
      vertex 65.5741 16.4255 64.1
      vertex 66.3011 13.1881 64.1
    endloop
  endfacet
  facet normal 0 0 1
    outer loop
      vertex 67.9428 20.6102 64.1
      vertex 64.6892 19.6232 64.1
      vertex 65.5741 16.4255 64.1
    endloop
  endfacet
  facet normal 0 0 1
    outer loop
      vertex 62.4543 25.8694 64.1
      vertex 65.5954 27.1705 64.1
      vertex 64.1832 30.3564 64.1
    endloop
  endfacet
  facet normal 0 0 1
    outer loop
      vertex 66.8496 23.9192 64.1
      vertex 63.6484 22.7738 64.1
      vertex 64.6892 19.6232 64.1
    endloop
  endfacet
  facet normal 0 0 1
    outer loop
      vertex 61.1097 28.9027 64.1
      vertex 64.1832 30.3564 64.1
      vertex 62.6164 33.4692 64.1
    endloop
  endfacet
  facet normal 0 0 1
    outer loop
      vertex 65.5954 27.1705 64.1
      vertex 62.4543 25.8694 64.1
      vertex 63.6484 22.7738 64.1
    endloop
  endfacet
  facet normal 0 0 1
    outer loop
      vertex 64.1832 30.3564 64.1
      vertex 61.1097 28.9027 64.1
      vertex 62.4543 25.8694 64.1
    endloop
  endfacet
  facet normal 0 0 1
    outer loop
      vertex 59.6179 31.8664 64.1
      vertex 62.6164 33.4692 64.1
      vertex 60.8987 36.5013 64.1
    endloop
  endfacet
  facet normal 0 0 1
    outer loop
      vertex 62.6164 33.4692 64.1
      vertex 59.6179 31.8664 64.1
      vertex 61.1097 28.9027 64.1
    endloop
  endfacet
  facet normal 0 0 1
    outer loop
      vertex 57.9825 34.7533 64.1
      vertex 60.8987 36.5013 64.1
      vertex 59.0343 39.4455 64.1
    endloop
  endfacet
  facet normal 0 0 1
    outer loop
      vertex 60.8987 36.5013 64.1
      vertex 57.9825 34.7533 64.1
      vertex 59.6179 31.8664 64.1
    endloop
  endfacet
  facet normal 0 0 1
    outer loop
      vertex 56.2073 37.5565 64.1
      vertex 59.0343 39.4455 64.1
      vertex 57.0277 42.2947 64.1
    endloop
  endfacet
  facet normal 0 0 1
    outer loop
      vertex 59.0343 39.4455 64.1
      vertex 56.2073 37.5565 64.1
      vertex 57.9825 34.7533 64.1
    endloop
  endfacet
  facet normal 0 0 1
    outer loop
      vertex 54.2968 40.2693 64.1
      vertex 57.0277 42.2947 64.1
      vertex 54.8837 45.0419 64.1
    endloop
  endfacet
  facet normal 0 0 1
    outer loop
      vertex 57.0277 42.2947 64.1
      vertex 54.2968 40.2693 64.1
      vertex 56.2073 37.5565 64.1
    endloop
  endfacet
  facet normal 0 0 1
    outer loop
      vertex 52.2555 42.885 64.1
      vertex 54.8837 45.0419 64.1
      vertex 52.6075 47.6807 64.1
    endloop
  endfacet
  facet normal 0 0 1
    outer loop
      vertex 54.8837 45.0419 64.1
      vertex 52.2555 42.885 64.1
      vertex 54.2968 40.2693 64.1
    endloop
  endfacet
  facet normal 0 0 1
    outer loop
      vertex 50.0883 45.3974 64.1
      vertex 52.6075 47.6807 64.1
      vertex 50.2046 50.2046 64.1
    endloop
  endfacet
  facet normal 0 0 1
    outer loop
      vertex 52.6075 47.6807 64.1
      vertex 50.0883 45.3974 64.1
      vertex 52.2555 42.885 64.1
    endloop
  endfacet
  facet normal 0 0 1
    outer loop
      vertex 50.2046 50.2046 64.1
      vertex 47.8004 47.8004 64.1
      vertex 50.0883 45.3974 64.1
    endloop
  endfacet
  facet normal 0 0 1
    outer loop
      vertex 47.6807 52.6075 64.1
      vertex 47.8004 47.8004 64.1
      vertex 50.2046 50.2046 64.1
    endloop
  endfacet
  facet normal 0 0 1
    outer loop
      vertex 47.6807 52.6075 64.1
      vertex 45.3974 50.0883 64.1
      vertex 47.8004 47.8004 64.1
    endloop
  endfacet
  facet normal 0 0 1
    outer loop
      vertex 45.0419 54.8837 64.1
      vertex 45.3974 50.0883 64.1
      vertex 47.6807 52.6075 64.1
    endloop
  endfacet
  facet normal 0 0 1
    outer loop
      vertex 45.0419 54.8837 64.1
      vertex 42.885 52.2555 64.1
      vertex 45.3974 50.0883 64.1
    endloop
  endfacet
  facet normal 0 0 1
    outer loop
      vertex 42.2947 57.0277 64.1
      vertex 42.885 52.2555 64.1
      vertex 45.0419 54.8837 64.1
    endloop
  endfacet
  facet normal 0 0 1
    outer loop
      vertex 42.2947 57.0277 64.1
      vertex 40.2693 54.2968 64.1
      vertex 42.885 52.2555 64.1
    endloop
  endfacet
  facet normal 0 0 1
    outer loop
      vertex 39.4455 59.0343 64.1
      vertex 40.2693 54.2968 64.1
      vertex 42.2947 57.0277 64.1
    endloop
  endfacet
  facet normal 0 0 1
    outer loop
      vertex 39.4455 59.0343 64.1
      vertex 37.5565 56.2073 64.1
      vertex 40.2693 54.2968 64.1
    endloop
  endfacet
  facet normal 0 0 1
    outer loop
      vertex 36.5013 60.8987 64.1
      vertex 37.5565 56.2073 64.1
      vertex 39.4455 59.0343 64.1
    endloop
  endfacet
  facet normal 0 0 1
    outer loop
      vertex 36.5013 60.8987 64.1
      vertex 34.7533 57.9825 64.1
      vertex 37.5565 56.2073 64.1
    endloop
  endfacet
  facet normal 0 0 1
    outer loop
      vertex 33.4692 62.6164 64.1
      vertex 34.7533 57.9825 64.1
      vertex 36.5013 60.8987 64.1
    endloop
  endfacet
  facet normal 0 0 1
    outer loop
      vertex 33.4692 62.6164 64.1
      vertex 31.8664 59.6179 64.1
      vertex 34.7533 57.9825 64.1
    endloop
  endfacet
  facet normal 0 0 1
    outer loop
      vertex 30.3564 64.1832 64.1
      vertex 31.8664 59.6179 64.1
      vertex 33.4692 62.6164 64.1
    endloop
  endfacet
  facet normal 0 0 1
    outer loop
      vertex 30.3564 64.1832 64.1
      vertex 28.9027 61.1097 64.1
      vertex 31.8664 59.6179 64.1
    endloop
  endfacet
  facet normal 0 0 1
    outer loop
      vertex 27.1705 65.5954 64.1
      vertex 28.9027 61.1097 64.1
      vertex 30.3564 64.1832 64.1
    endloop
  endfacet
  facet normal 0 0 1
    outer loop
      vertex 27.1705 65.5954 64.1
      vertex 25.8694 62.4543 64.1
      vertex 28.9027 61.1097 64.1
    endloop
  endfacet
  facet normal 0 0 1
    outer loop
      vertex 23.9192 66.8496 64.1
      vertex 25.8694 62.4543 64.1
      vertex 27.1705 65.5954 64.1
    endloop
  endfacet
  facet normal 0 0 1
    outer loop
      vertex 23.9192 66.8496 64.1
      vertex 22.7738 63.6484 64.1
      vertex 25.8694 62.4543 64.1
    endloop
  endfacet
  facet normal 0 0 1
    outer loop
      vertex 20.6102 67.9428 64.1
      vertex 22.7738 63.6484 64.1
      vertex 23.9192 66.8496 64.1
    endloop
  endfacet
  facet normal 0 0 1
    outer loop
      vertex 20.6102 67.9428 64.1
      vertex 19.6232 64.6892 64.1
      vertex 22.7738 63.6484 64.1
    endloop
  endfacet
  facet normal 0 0 1
    outer loop
      vertex 17.2516 68.8722 64.1
      vertex 19.6232 64.6892 64.1
      vertex 20.6102 67.9428 64.1
    endloop
  endfacet
  facet normal 0 0 1
    outer loop
      vertex 17.2516 68.8722 64.1
      vertex 16.4255 65.5741 64.1
      vertex 19.6232 64.6892 64.1
    endloop
  endfacet
  facet normal 0 0 1
    outer loop
      vertex 13.8514 69.6358 64.1
      vertex 16.4255 65.5741 64.1
      vertex 17.2516 68.8722 64.1
    endloop
  endfacet
  facet normal 0 0 1
    outer loop
      vertex 13.8514 69.6358 64.1
      vertex 13.1881 66.3011 64.1
      vertex 16.4255 65.5741 64.1
    endloop
  endfacet
  facet normal 0 0 1
    outer loop
      vertex 10.4179 70.2315 64.1
      vertex 13.1881 66.3011 64.1
      vertex 13.8514 69.6358 64.1
    endloop
  endfacet
  facet normal 0 0 1
    outer loop
      vertex 10.4179 70.2315 64.1
      vertex 9.91898 66.8683 64.1
      vertex 13.1881 66.3011 64.1
    endloop
  endfacet
  facet normal 0 0 1
    outer loop
      vertex 6.95922 70.6581 64.1
      vertex 9.91898 66.8683 64.1
      vertex 10.4179 70.2315 64.1
    endloop
  endfacet
  facet normal 0 0 1
    outer loop
      vertex 6.95922 70.6581 64.1
      vertex 6.62596 67.2745 64.1
      vertex 9.91898 66.8683 64.1
    endloop
  endfacet
  facet normal 0 0 1
    outer loop
      vertex 3.4838 70.9145 64.1
      vertex 6.62596 67.2745 64.1
      vertex 6.95922 70.6581 64.1
    endloop
  endfacet
  facet normal 0 0 1
    outer loop
      vertex 3.4838 70.9145 64.1
      vertex 3.31697 67.5186 64.1
      vertex 6.62596 67.2745 64.1
    endloop
  endfacet
  facet normal 0 0 1
    outer loop
      vertex 0 71 64.1
      vertex 3.31697 67.5186 64.1
      vertex 3.4838 70.9145 64.1
    endloop
  endfacet
  facet normal 0 0 1
    outer loop
      vertex 0 71 64.1
      vertex 0 67.6 64.1
      vertex 3.31697 67.5186 64.1
    endloop
  endfacet
  facet normal 0 0 1
    outer loop
      vertex 0 71 64.1
      vertex -3.31697 67.5186 64.1
      vertex 0 67.6 64.1
    endloop
  endfacet
  facet normal -0 0 1
    outer loop
      vertex -3.4838 70.9145 64.1
      vertex -3.31697 67.5186 64.1
      vertex 0 71 64.1
    endloop
  endfacet
  facet normal 0 0 1
    outer loop
      vertex -3.4838 70.9145 64.1
      vertex -6.62596 67.2745 64.1
      vertex -3.31697 67.5186 64.1
    endloop
  endfacet
  facet normal -0 0 1
    outer loop
      vertex -6.95922 70.6581 64.1
      vertex -6.62596 67.2745 64.1
      vertex -3.4838 70.9145 64.1
    endloop
  endfacet
  facet normal 0 0 1
    outer loop
      vertex -6.95922 70.6581 64.1
      vertex -9.91898 66.8683 64.1
      vertex -6.62596 67.2745 64.1
    endloop
  endfacet
  facet normal -0 0 1
    outer loop
      vertex -10.4179 70.2315 64.1
      vertex -9.91898 66.8683 64.1
      vertex -6.95922 70.6581 64.1
    endloop
  endfacet
  facet normal 0 0 1
    outer loop
      vertex -10.4179 70.2315 64.1
      vertex -13.1881 66.3011 64.1
      vertex -9.91898 66.8683 64.1
    endloop
  endfacet
  facet normal -0 0 1
    outer loop
      vertex -13.8514 69.6358 64.1
      vertex -13.1881 66.3011 64.1
      vertex -10.4179 70.2315 64.1
    endloop
  endfacet
  facet normal 0 0 1
    outer loop
      vertex -13.8514 69.6358 64.1
      vertex -16.4255 65.5741 64.1
      vertex -13.1881 66.3011 64.1
    endloop
  endfacet
  facet normal -0 0 1
    outer loop
      vertex -17.2516 68.8722 64.1
      vertex -16.4255 65.5741 64.1
      vertex -13.8514 69.6358 64.1
    endloop
  endfacet
  facet normal 0 0 1
    outer loop
      vertex -17.2516 68.8722 64.1
      vertex -19.6232 64.6892 64.1
      vertex -16.4255 65.5741 64.1
    endloop
  endfacet
  facet normal -0 0 1
    outer loop
      vertex -20.6102 67.9428 64.1
      vertex -19.6232 64.6892 64.1
      vertex -17.2516 68.8722 64.1
    endloop
  endfacet
  facet normal 0 0 1
    outer loop
      vertex -20.6102 67.9428 64.1
      vertex -22.7738 63.6484 64.1
      vertex -19.6232 64.6892 64.1
    endloop
  endfacet
  facet normal -0 0 1
    outer loop
      vertex -23.9192 66.8496 64.1
      vertex -22.7738 63.6484 64.1
      vertex -20.6102 67.9428 64.1
    endloop
  endfacet
  facet normal 0 0 1
    outer loop
      vertex -23.9192 66.8496 64.1
      vertex -25.8694 62.4543 64.1
      vertex -22.7738 63.6484 64.1
    endloop
  endfacet
  facet normal -0 0 1
    outer loop
      vertex -27.1705 65.5954 64.1
      vertex -25.8694 62.4543 64.1
      vertex -23.9192 66.8496 64.1
    endloop
  endfacet
  facet normal 0 0 1
    outer loop
      vertex -27.1705 65.5954 64.1
      vertex -28.9027 61.1097 64.1
      vertex -25.8694 62.4543 64.1
    endloop
  endfacet
  facet normal -0 0 1
    outer loop
      vertex -30.3564 64.1832 64.1
      vertex -28.9027 61.1097 64.1
      vertex -27.1705 65.5954 64.1
    endloop
  endfacet
  facet normal 0 0 1
    outer loop
      vertex -30.3564 64.1832 64.1
      vertex -31.8664 59.6179 64.1
      vertex -28.9027 61.1097 64.1
    endloop
  endfacet
  facet normal -0 0 1
    outer loop
      vertex -33.4692 62.6164 64.1
      vertex -31.8664 59.6179 64.1
      vertex -30.3564 64.1832 64.1
    endloop
  endfacet
  facet normal 0 0 1
    outer loop
      vertex -33.4692 62.6164 64.1
      vertex -34.7533 57.9825 64.1
      vertex -31.8664 59.6179 64.1
    endloop
  endfacet
  facet normal -0 0 1
    outer loop
      vertex -36.5013 60.8987 64.1
      vertex -34.7533 57.9825 64.1
      vertex -33.4692 62.6164 64.1
    endloop
  endfacet
  facet normal 0 0 1
    outer loop
      vertex -36.5013 60.8987 64.1
      vertex -37.5565 56.2073 64.1
      vertex -34.7533 57.9825 64.1
    endloop
  endfacet
  facet normal -0 0 1
    outer loop
      vertex -39.4455 59.0343 64.1
      vertex -37.5565 56.2073 64.1
      vertex -36.5013 60.8987 64.1
    endloop
  endfacet
  facet normal 0 0 1
    outer loop
      vertex -39.4455 59.0343 64.1
      vertex -40.2693 54.2968 64.1
      vertex -37.5565 56.2073 64.1
    endloop
  endfacet
  facet normal -0 0 1
    outer loop
      vertex -42.2947 57.0277 64.1
      vertex -40.2693 54.2968 64.1
      vertex -39.4455 59.0343 64.1
    endloop
  endfacet
  facet normal 0 0 1
    outer loop
      vertex -42.2947 57.0277 64.1
      vertex -42.885 52.2555 64.1
      vertex -40.2693 54.2968 64.1
    endloop
  endfacet
  facet normal -0 0 1
    outer loop
      vertex -45.0419 54.8837 64.1
      vertex -42.885 52.2555 64.1
      vertex -42.2947 57.0277 64.1
    endloop
  endfacet
  facet normal 0 0 1
    outer loop
      vertex -45.0419 54.8837 64.1
      vertex -45.3974 50.0883 64.1
      vertex -42.885 52.2555 64.1
    endloop
  endfacet
  facet normal -0 0 1
    outer loop
      vertex -47.6807 52.6075 64.1
      vertex -45.3974 50.0883 64.1
      vertex -45.0419 54.8837 64.1
    endloop
  endfacet
  facet normal 0 0 1
    outer loop
      vertex -47.6807 52.6075 64.1
      vertex -47.8004 47.8004 64.1
      vertex -45.3974 50.0883 64.1
    endloop
  endfacet
  facet normal -0 0 1
    outer loop
      vertex -50.2046 50.2046 64.1
      vertex -47.8004 47.8004 64.1
      vertex -47.6807 52.6075 64.1
    endloop
  endfacet
  facet normal 0 0 1
    outer loop
      vertex -47.8004 47.8004 64.1
      vertex -50.2046 50.2046 64.1
      vertex -50.0883 45.3974 64.1
    endloop
  endfacet
  facet normal -0 0 1
    outer loop
      vertex -52.6075 47.6807 64.1
      vertex -50.0883 45.3974 64.1
      vertex -50.2046 50.2046 64.1
    endloop
  endfacet
  facet normal 0 0 1
    outer loop
      vertex -50.0883 45.3974 64.1
      vertex -52.6075 47.6807 64.1
      vertex -52.2555 42.885 64.1
    endloop
  endfacet
  facet normal -0 0 1
    outer loop
      vertex -54.8837 45.0419 64.1
      vertex -52.2555 42.885 64.1
      vertex -52.6075 47.6807 64.1
    endloop
  endfacet
  facet normal 0 0 1
    outer loop
      vertex -52.2555 42.885 64.1
      vertex -54.8837 45.0419 64.1
      vertex -54.2968 40.2693 64.1
    endloop
  endfacet
  facet normal -0 0 1
    outer loop
      vertex -57.0277 42.2947 64.1
      vertex -54.2968 40.2693 64.1
      vertex -54.8837 45.0419 64.1
    endloop
  endfacet
  facet normal 0 0 1
    outer loop
      vertex -54.2968 40.2693 64.1
      vertex -57.0277 42.2947 64.1
      vertex -56.2073 37.5565 64.1
    endloop
  endfacet
  facet normal -0 0 1
    outer loop
      vertex -59.0343 39.4455 64.1
      vertex -56.2073 37.5565 64.1
      vertex -57.0277 42.2947 64.1
    endloop
  endfacet
  facet normal 0 0 1
    outer loop
      vertex -56.2073 37.5565 64.1
      vertex -59.0343 39.4455 64.1
      vertex -57.9825 34.7533 64.1
    endloop
  endfacet
  facet normal -0 0 1
    outer loop
      vertex -60.8987 36.5013 64.1
      vertex -57.9825 34.7533 64.1
      vertex -59.0343 39.4455 64.1
    endloop
  endfacet
  facet normal 0 0 1
    outer loop
      vertex -57.9825 34.7533 64.1
      vertex -60.8987 36.5013 64.1
      vertex -59.6179 31.8664 64.1
    endloop
  endfacet
  facet normal -0 0 1
    outer loop
      vertex -62.6164 33.4692 64.1
      vertex -59.6179 31.8664 64.1
      vertex -60.8987 36.5013 64.1
    endloop
  endfacet
  facet normal 0 0 1
    outer loop
      vertex -59.6179 31.8664 64.1
      vertex -62.6164 33.4692 64.1
      vertex -61.1097 28.9027 64.1
    endloop
  endfacet
  facet normal -0 0 1
    outer loop
      vertex -64.1832 30.3564 64.1
      vertex -61.1097 28.9027 64.1
      vertex -62.6164 33.4692 64.1
    endloop
  endfacet
  facet normal 0 0 1
    outer loop
      vertex -61.1097 28.9027 64.1
      vertex -64.1832 30.3564 64.1
      vertex -62.4543 25.8694 64.1
    endloop
  endfacet
  facet normal -0 0 1
    outer loop
      vertex -65.5954 27.1705 64.1
      vertex -62.4543 25.8694 64.1
      vertex -64.1832 30.3564 64.1
    endloop
  endfacet
  facet normal 0 0 1
    outer loop
      vertex -62.4543 25.8694 64.1
      vertex -65.5954 27.1705 64.1
      vertex -63.6484 22.7738 64.1
    endloop
  endfacet
  facet normal -0 0 1
    outer loop
      vertex -66.8496 23.9192 64.1
      vertex -63.6484 22.7738 64.1
      vertex -65.5954 27.1705 64.1
    endloop
  endfacet
  facet normal 0 0 1
    outer loop
      vertex -63.6484 22.7738 64.1
      vertex -66.8496 23.9192 64.1
      vertex -64.6892 19.6232 64.1
    endloop
  endfacet
  facet normal -0 0 1
    outer loop
      vertex -67.9428 20.6102 64.1
      vertex -64.6892 19.6232 64.1
      vertex -66.8496 23.9192 64.1
    endloop
  endfacet
  facet normal 0 0 1
    outer loop
      vertex -64.6892 19.6232 64.1
      vertex -67.9428 20.6102 64.1
      vertex -65.5741 16.4255 64.1
    endloop
  endfacet
  facet normal -0 0 1
    outer loop
      vertex -68.8722 17.2516 64.1
      vertex -65.5741 16.4255 64.1
      vertex -67.9428 20.6102 64.1
    endloop
  endfacet
  facet normal 0 0 1
    outer loop
      vertex -65.5741 16.4255 64.1
      vertex -68.8722 17.2516 64.1
      vertex -66.3011 13.1881 64.1
    endloop
  endfacet
  facet normal -0 0 1
    outer loop
      vertex -69.6358 13.8514 64.1
      vertex -66.3011 13.1881 64.1
      vertex -68.8722 17.2516 64.1
    endloop
  endfacet
  facet normal -0 0 1
    outer loop
      vertex -70.2315 10.4179 64.1
      vertex -66.8683 9.91898 64.1
      vertex -69.6358 13.8514 64.1
    endloop
  endfacet
  facet normal 0 0 1
    outer loop
      vertex -66.3011 13.1881 64.1
      vertex -69.6358 13.8514 64.1
      vertex -66.8683 9.91898 64.1
    endloop
  endfacet
  facet normal 0 0 1
    outer loop
      vertex 70.2315 -10.4179 64.1
      vertex 66.8683 -9.91898 64.1
      vertex 69.6358 -13.8514 64.1
    endloop
  endfacet
  facet normal -0 0 1
    outer loop
      vertex 66.3011 -13.1881 64.1
      vertex 69.6358 -13.8514 64.1
      vertex 66.8683 -9.91898 64.1
    endloop
  endfacet
  facet normal 0 0 1
    outer loop
      vertex 69.6358 -13.8514 64.1
      vertex 66.3011 -13.1881 64.1
      vertex 68.8722 -17.2516 64.1
    endloop
  endfacet
  facet normal -0 0 1
    outer loop
      vertex 65.5741 -16.4255 64.1
      vertex 68.8722 -17.2516 64.1
      vertex 66.3011 -13.1881 64.1
    endloop
  endfacet
  facet normal 0 0 1
    outer loop
      vertex 68.8722 -17.2516 64.1
      vertex 65.5741 -16.4255 64.1
      vertex 67.9428 -20.6102 64.1
    endloop
  endfacet
  facet normal -0 0 1
    outer loop
      vertex 64.6892 -19.6232 64.1
      vertex 67.9428 -20.6102 64.1
      vertex 65.5741 -16.4255 64.1
    endloop
  endfacet
  facet normal 0 0 1
    outer loop
      vertex 67.9428 -20.6102 64.1
      vertex 64.6892 -19.6232 64.1
      vertex 66.8496 -23.9192 64.1
    endloop
  endfacet
  facet normal -0 0 1
    outer loop
      vertex 63.6484 -22.7738 64.1
      vertex 66.8496 -23.9192 64.1
      vertex 64.6892 -19.6232 64.1
    endloop
  endfacet
  facet normal 0 0 1
    outer loop
      vertex 66.8496 -23.9192 64.1
      vertex 63.6484 -22.7738 64.1
      vertex 65.5954 -27.1705 64.1
    endloop
  endfacet
  facet normal -0 0 1
    outer loop
      vertex 62.4543 -25.8694 64.1
      vertex 65.5954 -27.1705 64.1
      vertex 63.6484 -22.7738 64.1
    endloop
  endfacet
  facet normal 0 0 1
    outer loop
      vertex 65.5954 -27.1705 64.1
      vertex 62.4543 -25.8694 64.1
      vertex 64.1832 -30.3564 64.1
    endloop
  endfacet
  facet normal -0 0 1
    outer loop
      vertex 61.1097 -28.9027 64.1
      vertex 64.1832 -30.3564 64.1
      vertex 62.4543 -25.8694 64.1
    endloop
  endfacet
  facet normal 0 0 1
    outer loop
      vertex 64.1832 -30.3564 64.1
      vertex 61.1097 -28.9027 64.1
      vertex 62.6164 -33.4692 64.1
    endloop
  endfacet
  facet normal -0 0 1
    outer loop
      vertex 59.6179 -31.8664 64.1
      vertex 62.6164 -33.4692 64.1
      vertex 61.1097 -28.9027 64.1
    endloop
  endfacet
  facet normal 0 0 1
    outer loop
      vertex 62.6164 -33.4692 64.1
      vertex 59.6179 -31.8664 64.1
      vertex 60.8987 -36.5013 64.1
    endloop
  endfacet
  facet normal -0 0 1
    outer loop
      vertex 57.9825 -34.7533 64.1
      vertex 60.8987 -36.5013 64.1
      vertex 59.6179 -31.8664 64.1
    endloop
  endfacet
  facet normal 0 0 1
    outer loop
      vertex 60.8987 -36.5013 64.1
      vertex 57.9825 -34.7533 64.1
      vertex 59.0343 -39.4455 64.1
    endloop
  endfacet
  facet normal -0 0 1
    outer loop
      vertex 56.2073 -37.5565 64.1
      vertex 59.0343 -39.4455 64.1
      vertex 57.9825 -34.7533 64.1
    endloop
  endfacet
  facet normal 0 0 1
    outer loop
      vertex 59.0343 -39.4455 64.1
      vertex 56.2073 -37.5565 64.1
      vertex 57.0277 -42.2947 64.1
    endloop
  endfacet
  facet normal -0 0 1
    outer loop
      vertex 54.2968 -40.2693 64.1
      vertex 57.0277 -42.2947 64.1
      vertex 56.2073 -37.5565 64.1
    endloop
  endfacet
  facet normal 0 0 1
    outer loop
      vertex 57.0277 -42.2947 64.1
      vertex 54.2968 -40.2693 64.1
      vertex 54.8837 -45.0419 64.1
    endloop
  endfacet
  facet normal -0 0 1
    outer loop
      vertex 52.2555 -42.885 64.1
      vertex 54.8837 -45.0419 64.1
      vertex 54.2968 -40.2693 64.1
    endloop
  endfacet
  facet normal 0 0 1
    outer loop
      vertex 54.8837 -45.0419 64.1
      vertex 52.2555 -42.885 64.1
      vertex 52.6075 -47.6807 64.1
    endloop
  endfacet
  facet normal -0 0 1
    outer loop
      vertex 50.0883 -45.3974 64.1
      vertex 52.6075 -47.6807 64.1
      vertex 52.2555 -42.885 64.1
    endloop
  endfacet
  facet normal 0 0 1
    outer loop
      vertex 52.6075 -47.6807 64.1
      vertex 50.0883 -45.3974 64.1
      vertex 50.2046 -50.2046 64.1
    endloop
  endfacet
  facet normal -0 0 1
    outer loop
      vertex 47.8004 -47.8004 64.1
      vertex 50.2046 -50.2046 64.1
      vertex 50.0883 -45.3974 64.1
    endloop
  endfacet
  facet normal 0 0 1
    outer loop
      vertex 47.8004 -47.8004 64.1
      vertex 47.6807 -52.6075 64.1
      vertex 50.2046 -50.2046 64.1
    endloop
  endfacet
  facet normal -0 0 1
    outer loop
      vertex 45.3974 -50.0883 64.1
      vertex 47.6807 -52.6075 64.1
      vertex 47.8004 -47.8004 64.1
    endloop
  endfacet
  facet normal 0 0 1
    outer loop
      vertex 45.3974 -50.0883 64.1
      vertex 45.0419 -54.8837 64.1
      vertex 47.6807 -52.6075 64.1
    endloop
  endfacet
  facet normal -0 0 1
    outer loop
      vertex 42.885 -52.2555 64.1
      vertex 45.0419 -54.8837 64.1
      vertex 45.3974 -50.0883 64.1
    endloop
  endfacet
  facet normal 0 0 1
    outer loop
      vertex 42.885 -52.2555 64.1
      vertex 42.2947 -57.0277 64.1
      vertex 45.0419 -54.8837 64.1
    endloop
  endfacet
  facet normal -0 0 1
    outer loop
      vertex 40.2693 -54.2968 64.1
      vertex 42.2947 -57.0277 64.1
      vertex 42.885 -52.2555 64.1
    endloop
  endfacet
  facet normal 0 0 1
    outer loop
      vertex 40.2693 -54.2968 64.1
      vertex 39.4455 -59.0343 64.1
      vertex 42.2947 -57.0277 64.1
    endloop
  endfacet
  facet normal -0 0 1
    outer loop
      vertex 37.5565 -56.2073 64.1
      vertex 39.4455 -59.0343 64.1
      vertex 40.2693 -54.2968 64.1
    endloop
  endfacet
  facet normal 0 0 1
    outer loop
      vertex 37.5565 -56.2073 64.1
      vertex 36.5013 -60.8987 64.1
      vertex 39.4455 -59.0343 64.1
    endloop
  endfacet
  facet normal -0 0 1
    outer loop
      vertex 34.7533 -57.9825 64.1
      vertex 36.5013 -60.8987 64.1
      vertex 37.5565 -56.2073 64.1
    endloop
  endfacet
  facet normal 0 0 1
    outer loop
      vertex 34.7533 -57.9825 64.1
      vertex 33.4692 -62.6164 64.1
      vertex 36.5013 -60.8987 64.1
    endloop
  endfacet
  facet normal -0 0 1
    outer loop
      vertex 31.8664 -59.6179 64.1
      vertex 33.4692 -62.6164 64.1
      vertex 34.7533 -57.9825 64.1
    endloop
  endfacet
  facet normal 0 0 1
    outer loop
      vertex 31.8664 -59.6179 64.1
      vertex 30.3564 -64.1832 64.1
      vertex 33.4692 -62.6164 64.1
    endloop
  endfacet
  facet normal -0 0 1
    outer loop
      vertex 28.9027 -61.1097 64.1
      vertex 30.3564 -64.1832 64.1
      vertex 31.8664 -59.6179 64.1
    endloop
  endfacet
  facet normal 0 0 1
    outer loop
      vertex 28.9027 -61.1097 64.1
      vertex 27.1705 -65.5954 64.1
      vertex 30.3564 -64.1832 64.1
    endloop
  endfacet
  facet normal -0 0 1
    outer loop
      vertex 25.8694 -62.4543 64.1
      vertex 27.1705 -65.5954 64.1
      vertex 28.9027 -61.1097 64.1
    endloop
  endfacet
  facet normal 0 0 1
    outer loop
      vertex 25.8694 -62.4543 64.1
      vertex 23.9192 -66.8496 64.1
      vertex 27.1705 -65.5954 64.1
    endloop
  endfacet
  facet normal -0 0 1
    outer loop
      vertex 22.7738 -63.6484 64.1
      vertex 23.9192 -66.8496 64.1
      vertex 25.8694 -62.4543 64.1
    endloop
  endfacet
  facet normal 0 0 1
    outer loop
      vertex 22.7738 -63.6484 64.1
      vertex 20.6102 -67.9428 64.1
      vertex 23.9192 -66.8496 64.1
    endloop
  endfacet
  facet normal -0 0 1
    outer loop
      vertex 19.6232 -64.6892 64.1
      vertex 20.6102 -67.9428 64.1
      vertex 22.7738 -63.6484 64.1
    endloop
  endfacet
  facet normal 0 0 1
    outer loop
      vertex 19.6232 -64.6892 64.1
      vertex 17.2516 -68.8722 64.1
      vertex 20.6102 -67.9428 64.1
    endloop
  endfacet
  facet normal -0 0 1
    outer loop
      vertex 16.4255 -65.5741 64.1
      vertex 17.2516 -68.8722 64.1
      vertex 19.6232 -64.6892 64.1
    endloop
  endfacet
  facet normal 0 0 1
    outer loop
      vertex 16.4255 -65.5741 64.1
      vertex 13.8514 -69.6358 64.1
      vertex 17.2516 -68.8722 64.1
    endloop
  endfacet
  facet normal -0 0 1
    outer loop
      vertex 13.1881 -66.3011 64.1
      vertex 13.8514 -69.6358 64.1
      vertex 16.4255 -65.5741 64.1
    endloop
  endfacet
  facet normal 0 0 1
    outer loop
      vertex 13.1881 -66.3011 64.1
      vertex 10.4179 -70.2315 64.1
      vertex 13.8514 -69.6358 64.1
    endloop
  endfacet
  facet normal -0 0 1
    outer loop
      vertex 9.91898 -66.8683 64.1
      vertex 10.4179 -70.2315 64.1
      vertex 13.1881 -66.3011 64.1
    endloop
  endfacet
  facet normal 0 0 1
    outer loop
      vertex 9.91898 -66.8683 64.1
      vertex 6.95922 -70.6581 64.1
      vertex 10.4179 -70.2315 64.1
    endloop
  endfacet
  facet normal -0 0 1
    outer loop
      vertex 6.62596 -67.2745 64.1
      vertex 6.95922 -70.6581 64.1
      vertex 9.91898 -66.8683 64.1
    endloop
  endfacet
  facet normal 0 0 1
    outer loop
      vertex 6.62596 -67.2745 64.1
      vertex 3.4838 -70.9145 64.1
      vertex 6.95922 -70.6581 64.1
    endloop
  endfacet
  facet normal -0 0 1
    outer loop
      vertex 3.31697 -67.5186 64.1
      vertex 3.4838 -70.9145 64.1
      vertex 6.62596 -67.2745 64.1
    endloop
  endfacet
  facet normal -0 0 1
    outer loop
      vertex 0 -67.6 64.1
      vertex 3.4838 -70.9145 64.1
      vertex 3.31697 -67.5186 64.1
    endloop
  endfacet
  facet normal 0 0 1
    outer loop
      vertex 0 -67.6 64.1
      vertex 0 -71 64.1
      vertex 3.4838 -70.9145 64.1
    endloop
  endfacet
  facet normal 0 0 1
    outer loop
      vertex -3.31697 -67.5186 64.1
      vertex 0 -71 64.1
      vertex 0 -67.6 64.1
    endloop
  endfacet
  facet normal 0 0 1
    outer loop
      vertex -3.31697 -67.5186 64.1
      vertex -3.4838 -70.9145 64.1
      vertex 0 -71 64.1
    endloop
  endfacet
  facet normal 0 0 1
    outer loop
      vertex -6.62596 -67.2745 64.1
      vertex -3.4838 -70.9145 64.1
      vertex -3.31697 -67.5186 64.1
    endloop
  endfacet
  facet normal 0 0 1
    outer loop
      vertex -6.62596 -67.2745 64.1
      vertex -6.95922 -70.6581 64.1
      vertex -3.4838 -70.9145 64.1
    endloop
  endfacet
  facet normal 0 0 1
    outer loop
      vertex -9.91898 -66.8683 64.1
      vertex -6.95922 -70.6581 64.1
      vertex -6.62596 -67.2745 64.1
    endloop
  endfacet
  facet normal 0 0 1
    outer loop
      vertex -9.91898 -66.8683 64.1
      vertex -10.4179 -70.2315 64.1
      vertex -6.95922 -70.6581 64.1
    endloop
  endfacet
  facet normal 0 0 1
    outer loop
      vertex -13.1881 -66.3011 64.1
      vertex -10.4179 -70.2315 64.1
      vertex -9.91898 -66.8683 64.1
    endloop
  endfacet
  facet normal 0 0 1
    outer loop
      vertex -13.1881 -66.3011 64.1
      vertex -13.8514 -69.6358 64.1
      vertex -10.4179 -70.2315 64.1
    endloop
  endfacet
  facet normal 0 0 1
    outer loop
      vertex -16.4255 -65.5741 64.1
      vertex -13.8514 -69.6358 64.1
      vertex -13.1881 -66.3011 64.1
    endloop
  endfacet
  facet normal 0 0 1
    outer loop
      vertex -16.4255 -65.5741 64.1
      vertex -17.2516 -68.8722 64.1
      vertex -13.8514 -69.6358 64.1
    endloop
  endfacet
  facet normal 0 0 1
    outer loop
      vertex -19.6232 -64.6892 64.1
      vertex -17.2516 -68.8722 64.1
      vertex -16.4255 -65.5741 64.1
    endloop
  endfacet
  facet normal 0 0 1
    outer loop
      vertex -19.6232 -64.6892 64.1
      vertex -20.6102 -67.9428 64.1
      vertex -17.2516 -68.8722 64.1
    endloop
  endfacet
  facet normal 0 0 1
    outer loop
      vertex -22.7738 -63.6484 64.1
      vertex -20.6102 -67.9428 64.1
      vertex -19.6232 -64.6892 64.1
    endloop
  endfacet
  facet normal 0 0 1
    outer loop
      vertex -22.7738 -63.6484 64.1
      vertex -23.9192 -66.8496 64.1
      vertex -20.6102 -67.9428 64.1
    endloop
  endfacet
  facet normal 0 0 1
    outer loop
      vertex -25.8694 -62.4543 64.1
      vertex -23.9192 -66.8496 64.1
      vertex -22.7738 -63.6484 64.1
    endloop
  endfacet
  facet normal 0 0 1
    outer loop
      vertex -25.8694 -62.4543 64.1
      vertex -27.1705 -65.5954 64.1
      vertex -23.9192 -66.8496 64.1
    endloop
  endfacet
  facet normal 0 0 1
    outer loop
      vertex -28.9027 -61.1097 64.1
      vertex -27.1705 -65.5954 64.1
      vertex -25.8694 -62.4543 64.1
    endloop
  endfacet
  facet normal 0 0 1
    outer loop
      vertex -28.9027 -61.1097 64.1
      vertex -30.3564 -64.1832 64.1
      vertex -27.1705 -65.5954 64.1
    endloop
  endfacet
  facet normal 0 0 1
    outer loop
      vertex -31.8664 -59.6179 64.1
      vertex -30.3564 -64.1832 64.1
      vertex -28.9027 -61.1097 64.1
    endloop
  endfacet
  facet normal 0 0 1
    outer loop
      vertex -31.8664 -59.6179 64.1
      vertex -33.4692 -62.6164 64.1
      vertex -30.3564 -64.1832 64.1
    endloop
  endfacet
  facet normal 0 0 1
    outer loop
      vertex -34.7533 -57.9825 64.1
      vertex -33.4692 -62.6164 64.1
      vertex -31.8664 -59.6179 64.1
    endloop
  endfacet
  facet normal 0 0 1
    outer loop
      vertex -34.7533 -57.9825 64.1
      vertex -36.5013 -60.8987 64.1
      vertex -33.4692 -62.6164 64.1
    endloop
  endfacet
  facet normal 0 0 1
    outer loop
      vertex -37.5565 -56.2073 64.1
      vertex -36.5013 -60.8987 64.1
      vertex -34.7533 -57.9825 64.1
    endloop
  endfacet
  facet normal 0 0 1
    outer loop
      vertex -37.5565 -56.2073 64.1
      vertex -39.4455 -59.0343 64.1
      vertex -36.5013 -60.8987 64.1
    endloop
  endfacet
  facet normal 0 0 1
    outer loop
      vertex -40.2693 -54.2968 64.1
      vertex -39.4455 -59.0343 64.1
      vertex -37.5565 -56.2073 64.1
    endloop
  endfacet
  facet normal 0 0 1
    outer loop
      vertex -40.2693 -54.2968 64.1
      vertex -42.2947 -57.0277 64.1
      vertex -39.4455 -59.0343 64.1
    endloop
  endfacet
  facet normal 0 0 1
    outer loop
      vertex -42.885 -52.2555 64.1
      vertex -42.2947 -57.0277 64.1
      vertex -40.2693 -54.2968 64.1
    endloop
  endfacet
  facet normal 0 0 1
    outer loop
      vertex -42.885 -52.2555 64.1
      vertex -45.0419 -54.8837 64.1
      vertex -42.2947 -57.0277 64.1
    endloop
  endfacet
  facet normal 0 0 1
    outer loop
      vertex -45.3974 -50.0883 64.1
      vertex -45.0419 -54.8837 64.1
      vertex -42.885 -52.2555 64.1
    endloop
  endfacet
  facet normal 0 0 1
    outer loop
      vertex -45.3974 -50.0883 64.1
      vertex -47.6807 -52.6075 64.1
      vertex -45.0419 -54.8837 64.1
    endloop
  endfacet
  facet normal 0 0 1
    outer loop
      vertex -47.8004 -47.8004 64.1
      vertex -47.6807 -52.6075 64.1
      vertex -45.3974 -50.0883 64.1
    endloop
  endfacet
  facet normal 0 0 1
    outer loop
      vertex -50.2046 -50.2046 64.1
      vertex -47.8004 -47.8004 64.1
      vertex -50.0883 -45.3974 64.1
    endloop
  endfacet
  facet normal 0 0 1
    outer loop
      vertex -47.8004 -47.8004 64.1
      vertex -50.2046 -50.2046 64.1
      vertex -47.6807 -52.6075 64.1
    endloop
  endfacet
  facet normal 0 0 1
    outer loop
      vertex -52.6075 -47.6807 64.1
      vertex -50.0883 -45.3974 64.1
      vertex -52.2555 -42.885 64.1
    endloop
  endfacet
  facet normal 0 0 1
    outer loop
      vertex -50.0883 -45.3974 64.1
      vertex -52.6075 -47.6807 64.1
      vertex -50.2046 -50.2046 64.1
    endloop
  endfacet
  facet normal 0 0 1
    outer loop
      vertex -54.8837 -45.0419 64.1
      vertex -52.2555 -42.885 64.1
      vertex -54.2968 -40.2693 64.1
    endloop
  endfacet
  facet normal 0 0 1
    outer loop
      vertex -52.2555 -42.885 64.1
      vertex -54.8837 -45.0419 64.1
      vertex -52.6075 -47.6807 64.1
    endloop
  endfacet
  facet normal 0 0 1
    outer loop
      vertex -57.0277 -42.2947 64.1
      vertex -54.2968 -40.2693 64.1
      vertex -56.2073 -37.5565 64.1
    endloop
  endfacet
  facet normal 0 0 1
    outer loop
      vertex -54.2968 -40.2693 64.1
      vertex -57.0277 -42.2947 64.1
      vertex -54.8837 -45.0419 64.1
    endloop
  endfacet
  facet normal 0 0 1
    outer loop
      vertex -59.0343 -39.4455 64.1
      vertex -56.2073 -37.5565 64.1
      vertex -57.9825 -34.7533 64.1
    endloop
  endfacet
  facet normal 0 0 1
    outer loop
      vertex -56.2073 -37.5565 64.1
      vertex -59.0343 -39.4455 64.1
      vertex -57.0277 -42.2947 64.1
    endloop
  endfacet
  facet normal 0 0 1
    outer loop
      vertex -60.8987 -36.5013 64.1
      vertex -57.9825 -34.7533 64.1
      vertex -59.6179 -31.8664 64.1
    endloop
  endfacet
  facet normal 0 0 1
    outer loop
      vertex -57.9825 -34.7533 64.1
      vertex -60.8987 -36.5013 64.1
      vertex -59.0343 -39.4455 64.1
    endloop
  endfacet
  facet normal 0 0 1
    outer loop
      vertex -62.6164 -33.4692 64.1
      vertex -59.6179 -31.8664 64.1
      vertex -61.1097 -28.9027 64.1
    endloop
  endfacet
  facet normal 0 0 1
    outer loop
      vertex -64.1832 -30.3564 64.1
      vertex -61.1097 -28.9027 64.1
      vertex -62.4543 -25.8694 64.1
    endloop
  endfacet
  facet normal 0 0 1
    outer loop
      vertex -59.6179 -31.8664 64.1
      vertex -62.6164 -33.4692 64.1
      vertex -60.8987 -36.5013 64.1
    endloop
  endfacet
  facet normal 0 0 1
    outer loop
      vertex -65.5954 -27.1705 64.1
      vertex -62.4543 -25.8694 64.1
      vertex -63.6484 -22.7738 64.1
    endloop
  endfacet
  facet normal 0 0 1
    outer loop
      vertex -61.1097 -28.9027 64.1
      vertex -64.1832 -30.3564 64.1
      vertex -62.6164 -33.4692 64.1
    endloop
  endfacet
  facet normal 0 0 1
    outer loop
      vertex -66.8496 -23.9192 64.1
      vertex -63.6484 -22.7738 64.1
      vertex -64.6892 -19.6232 64.1
    endloop
  endfacet
  facet normal 0 0 1
    outer loop
      vertex -67.9428 -20.6102 64.1
      vertex -64.6892 -19.6232 64.1
      vertex -65.5741 -16.4255 64.1
    endloop
  endfacet
  facet normal 0 0 1
    outer loop
      vertex -62.4543 -25.8694 64.1
      vertex -65.5954 -27.1705 64.1
      vertex -64.1832 -30.3564 64.1
    endloop
  endfacet
  facet normal 0 0 1
    outer loop
      vertex -68.8722 -17.2516 64.1
      vertex -65.5741 -16.4255 64.1
      vertex -66.3011 -13.1881 64.1
    endloop
  endfacet
  facet normal 0 0 1
    outer loop
      vertex -63.6484 -22.7738 64.1
      vertex -66.8496 -23.9192 64.1
      vertex -65.5954 -27.1705 64.1
    endloop
  endfacet
  facet normal 0 0 1
    outer loop
      vertex -69.6358 -13.8514 64.1
      vertex -66.3011 -13.1881 64.1
      vertex -66.8683 -9.91898 64.1
    endloop
  endfacet
  facet normal 0 0 1
    outer loop
      vertex -70.2315 -10.4179 64.1
      vertex -66.8683 -9.91898 64.1
      vertex -67.2745 -6.62596 64.1
    endloop
  endfacet
  facet normal 0 0 1
    outer loop
      vertex -70.6581 -6.95922 64.1
      vertex -67.2745 -6.62596 64.1
      vertex -67.5186 -3.31697 64.1
    endloop
  endfacet
  facet normal 0 0 1
    outer loop
      vertex -64.6892 -19.6232 64.1
      vertex -67.9428 -20.6102 64.1
      vertex -66.8496 -23.9192 64.1
    endloop
  endfacet
  facet normal 0 0 1
    outer loop
      vertex -70.9145 -3.4838 64.1
      vertex -67.5186 -3.31697 64.1
      vertex -67.6 0 64.1
    endloop
  endfacet
  facet normal 0 0 1
    outer loop
      vertex -66.8683 9.91898 64.1
      vertex -70.2315 10.4179 64.1
      vertex -67.2745 6.62596 64.1
    endloop
  endfacet
  facet normal -0 0 1
    outer loop
      vertex -70.6581 6.95922 64.1
      vertex -67.2745 6.62596 64.1
      vertex -70.2315 10.4179 64.1
    endloop
  endfacet
  facet normal 0 0 1
    outer loop
      vertex -65.5741 -16.4255 64.1
      vertex -68.8722 -17.2516 64.1
      vertex -67.9428 -20.6102 64.1
    endloop
  endfacet
  facet normal 0 0 1
    outer loop
      vertex -67.2745 6.62596 64.1
      vertex -70.6581 6.95922 64.1
      vertex -67.5186 3.31697 64.1
    endloop
  endfacet
  facet normal 0 0 1
    outer loop
      vertex -66.3011 -13.1881 64.1
      vertex -69.6358 -13.8514 64.1
      vertex -68.8722 -17.2516 64.1
    endloop
  endfacet
  facet normal -0 0 1
    outer loop
      vertex -70.9145 3.4838 64.1
      vertex -67.5186 3.31697 64.1
      vertex -70.6581 6.95922 64.1
    endloop
  endfacet
  facet normal 0 0 1
    outer loop
      vertex -66.8683 -9.91898 64.1
      vertex -70.2315 -10.4179 64.1
      vertex -69.6358 -13.8514 64.1
    endloop
  endfacet
  facet normal 0 0 1
    outer loop
      vertex -67.5186 3.31697 64.1
      vertex -70.9145 3.4838 64.1
      vertex -67.6 0 64.1
    endloop
  endfacet
  facet normal 0 0 1
    outer loop
      vertex -67.2745 -6.62596 64.1
      vertex -70.6581 -6.95922 64.1
      vertex -70.2315 -10.4179 64.1
    endloop
  endfacet
  facet normal 0 0 1
    outer loop
      vertex -71 0 64.1
      vertex -67.6 0 64.1
      vertex -70.9145 3.4838 64.1
    endloop
  endfacet
  facet normal 0 0 1
    outer loop
      vertex -67.5186 -3.31697 64.1
      vertex -70.9145 -3.4838 64.1
      vertex -70.6581 -6.95922 64.1
    endloop
  endfacet
  facet normal 0 0 1
    outer loop
      vertex -67.6 0 64.1
      vertex -71 0 64.1
      vertex -70.9145 -3.4838 64.1
    endloop
  endfacet
  facet normal -0.99729 0.0735753 0
    outer loop
      vertex -70.9145 3.4838 59.9
      vertex -70.6581 6.95922 64.1
      vertex -70.6581 6.95922 59.9
    endloop
  endfacet
  facet normal -0.99729 0.0735753 0
    outer loop
      vertex -70.6581 6.95922 64.1
      vertex -70.9145 3.4838 59.9
      vertex -70.9145 3.4838 64.1
    endloop
  endfacet
  facet normal -0.817589 -0.575802 0
    outer loop
      vertex -57.0277 -42.2947 59.9
      vertex -59.0343 -39.4455 64.1
      vertex -59.0343 -39.4455 59.9
    endloop
  endfacet
  facet normal -0.817589 -0.575802 0
    outer loop
      vertex -59.0343 -39.4455 64.1
      vertex -57.0277 -42.2947 59.9
      vertex -57.0277 -42.2947 64.1
    endloop
  endfacet
  facet normal -0.788338 -0.615243 0
    outer loop
      vertex -54.8837 -45.0419 59.9
      vertex -57.0277 -42.2947 64.1
      vertex -57.0277 -42.2947 59.9
    endloop
  endfacet
  facet normal -0.788338 -0.615243 0
    outer loop
      vertex -57.0277 -42.2947 64.1
      vertex -54.8837 -45.0419 59.9
      vertex -54.8837 -45.0419 64.1
    endloop
  endfacet
  facet normal -0.757215 -0.653166 0
    outer loop
      vertex -52.6075 -47.6807 59.9
      vertex -54.8837 -45.0419 64.1
      vertex -54.8837 -45.0419 59.9
    endloop
  endfacet
  facet normal -0.757215 -0.653166 0
    outer loop
      vertex -54.8837 -45.0419 64.1
      vertex -52.6075 -47.6807 59.9
      vertex -52.6075 -47.6807 64.1
    endloop
  endfacet
  facet normal 0.0735753 0.99729 -0
    outer loop
      vertex 6.95922 70.6581 59.9
      vertex 3.4838 70.9145 64.1
      vertex 6.95922 70.6581 64.1
    endloop
  endfacet
  facet normal 0.0735753 0.99729 0
    outer loop
      vertex 3.4838 70.9145 64.1
      vertex 6.95922 70.6581 59.9
      vertex 3.4838 70.9145 59.9
    endloop
  endfacet
  facet normal 0.170943 0.985281 -0
    outer loop
      vertex 13.8514 69.6358 59.9
      vertex 10.4179 70.2315 64.1
      vertex 13.8514 69.6358 64.1
    endloop
  endfacet
  facet normal 0.170943 0.985281 0
    outer loop
      vertex 10.4179 70.2315 64.1
      vertex 13.8514 69.6358 59.9
      vertex 10.4179 70.2315 59.9
    endloop
  endfacet
  facet normal 0.266699 0.96378 -0
    outer loop
      vertex 20.6102 67.9428 59.9
      vertex 17.2516 68.8722 64.1
      vertex 20.6102 67.9428 64.1
    endloop
  endfacet
  facet normal 0.266699 0.96378 0
    outer loop
      vertex 17.2516 68.8722 64.1
      vertex 20.6102 67.9428 59.9
      vertex 17.2516 68.8722 59.9
    endloop
  endfacet
  facet normal 0.359904 0.932989 -0
    outer loop
      vertex 27.1705 65.5954 59.9
      vertex 23.9192 66.8496 64.1
      vertex 27.1705 65.5954 64.1
    endloop
  endfacet
  facet normal 0.359904 0.932989 0
    outer loop
      vertex 23.9192 66.8496 64.1
      vertex 27.1705 65.5954 59.9
      vertex 23.9192 66.8496 59.9
    endloop
  endfacet
  facet normal 0.689533 0.724255 -0
    outer loop
      vertex 50.2046 50.2046 59.9
      vertex 47.6807 52.6075 64.1
      vertex 50.2046 50.2046 64.1
    endloop
  endfacet
  facet normal 0.689533 0.724255 0
    outer loop
      vertex 47.6807 52.6075 64.1
      vertex 50.2046 50.2046 59.9
      vertex 47.6807 52.6075 59.9
    endloop
  endfacet
  facet normal 0.449599 0.89323 -0
    outer loop
      vertex 33.4692 62.6164 59.9
      vertex 30.3564 64.1832 64.1
      vertex 33.4692 62.6164 64.1
    endloop
  endfacet
  facet normal 0.449599 0.89323 0
    outer loop
      vertex 30.3564 64.1832 64.1
      vertex 33.4692 62.6164 59.9
      vertex 30.3564 64.1832 59.9
    endloop
  endfacet
  facet normal 0.534999 0.844853 -0
    outer loop
      vertex 39.4455 59.0343 59.9
      vertex 36.5013 60.8987 64.1
      vertex 39.4455 59.0343 64.1
    endloop
  endfacet
  facet normal 0.534999 0.844853 0
    outer loop
      vertex 36.5013 60.8987 64.1
      vertex 39.4455 59.0343 59.9
      vertex 36.5013 60.8987 59.9
    endloop
  endfacet
  facet normal 0.817589 0.575802 0
    outer loop
      vertex 59.0343 39.4455 64.1
      vertex 57.0277 42.2947 59.9
      vertex 57.0277 42.2947 64.1
    endloop
  endfacet
  facet normal 0.817589 0.575802 0
    outer loop
      vertex 57.0277 42.2947 59.9
      vertex 59.0343 39.4455 64.1
      vertex 59.0343 39.4455 59.9
    endloop
  endfacet
  facet normal 0.985281 0.170943 0
    outer loop
      vertex 70.2315 10.4179 64.1
      vertex 69.6358 13.8514 59.9
      vertex 69.6358 13.8514 64.1
    endloop
  endfacet
  facet normal 0.985281 0.170943 0
    outer loop
      vertex 69.6358 13.8514 59.9
      vertex 70.2315 10.4179 64.1
      vertex 70.2315 10.4179 59.9
    endloop
  endfacet
  facet normal 0.99729 0.0735753 0
    outer loop
      vertex 70.9145 3.4838 64.1
      vertex 70.6581 6.95922 59.9
      vertex 70.6581 6.95922 64.1
    endloop
  endfacet
  facet normal 0.99729 0.0735753 0
    outer loop
      vertex 70.6581 6.95922 59.9
      vertex 70.9145 3.4838 64.1
      vertex 70.9145 3.4838 59.9
    endloop
  endfacet
  facet normal 0.999699 0.0245348 0
    outer loop
      vertex 71 0 64.1
      vertex 70.9145 3.4838 59.9
      vertex 70.9145 3.4838 64.1
    endloop
  endfacet
  facet normal 0.999699 0.0245348 0
    outer loop
      vertex 70.9145 3.4838 59.9
      vertex 71 0 64.1
      vertex 71 0 59.9
    endloop
  endfacet
  facet normal -0.575802 0.817589 0
    outer loop
      vertex -39.4455 59.0343 59.9
      vertex -42.2947 57.0277 64.1
      vertex -39.4455 59.0343 64.1
    endloop
  endfacet
  facet normal -0.575802 0.817589 0
    outer loop
      vertex -42.2947 57.0277 64.1
      vertex -39.4455 59.0343 59.9
      vertex -42.2947 57.0277 59.9
    endloop
  endfacet
  facet normal -0.219118 0.975698 0
    outer loop
      vertex -13.8514 69.6358 59.9
      vertex -17.2516 68.8722 64.1
      vertex -13.8514 69.6358 64.1
    endloop
  endfacet
  facet normal -0.219118 0.975698 0
    outer loop
      vertex -17.2516 68.8722 64.1
      vertex -13.8514 69.6358 59.9
      vertex -17.2516 68.8722 59.9
    endloop
  endfacet
  facet normal -0.844853 0.534999 0
    outer loop
      vertex -60.8987 36.5013 59.9
      vertex -59.0343 39.4455 64.1
      vertex -59.0343 39.4455 59.9
    endloop
  endfacet
  facet normal -0.844853 0.534999 0
    outer loop
      vertex -59.0343 39.4455 64.1
      vertex -60.8987 36.5013 59.9
      vertex -60.8987 36.5013 64.1
    endloop
  endfacet
  facet normal 0.975698 0.219118 0
    outer loop
      vertex 69.6358 13.8514 64.1
      vertex 68.8722 17.2516 59.9
      vertex 68.8722 17.2516 64.1
    endloop
  endfacet
  facet normal 0.975698 0.219118 0
    outer loop
      vertex 68.8722 17.2516 59.9
      vertex 69.6358 13.8514 64.1
      vertex 69.6358 13.8514 59.9
    endloop
  endfacet
  facet normal 0.21785 -0.00548124 -0.975967
    outer loop
      vertex 70.5508 -0.0476935 59.9
      vertex 48.6 0 55
      vertex 70.552 0 59.9
    endloop
  endfacet
  facet normal 0.21785 -0.00534419 -0.975968
    outer loop
      vertex 48.6 0 55
      vertex 70.5508 -0.0476935 59.9
      vertex 48.5415 -2.38469 55
    endloop
  endfacet
  facet normal 0.217851 -0.00534716 -0.975968
    outer loop
      vertex 70.467 -3.46182 59.9
      vertex 48.5415 -2.38469 55
      vertex 70.5508 -0.0476935 59.9
    endloop
  endfacet
  facet normal -0.150263 0.157824 -0.975968
    outer loop
      vertex -32.6378 36.0102 55
      vertex -49.8532 49.9207 59.9
      vertex -47.3798 52.2756 59.9
    endloop
  endfacet
  facet normal 0.165009 0.142335 -0.975968
    outer loop
      vertex 36.0102 32.6378 55
      vertex 52.3067 47.3437 59.9
      vertex 37.5683 30.8315 55
    endloop
  endfacet
  facet normal 0.165101 0.142234 -0.975967
    outer loop
      vertex 52.3067 47.3437 59.9
      vertex 36.0102 32.6378 55
      vertex 52.2756 47.3798 59.9
    endloop
  endfacet
  facet normal 0.150263 -0.157824 -0.975968
    outer loop
      vertex 47.3798 -52.2756 59.9
      vertex 32.6378 -36.0102 55
      vertex 49.8532 -49.9207 59.9
    endloop
  endfacet
  facet normal 0.217326 0.0160287 -0.975968
    outer loop
      vertex 70.467 3.46182 59.9
      vertex 48.5415 2.38469 55
      vertex 70.2158 6.86773 59.9
    endloop
  endfacet
  facet normal -0.157824 -0.150263 -0.975968
    outer loop
      vertex -49.9207 -49.8532 59.9
      vertex -52.2756 -47.3798 59.9
      vertex -36.0102 -32.6378 55
    endloop
  endfacet
  facet normal 0.157824 0.150263 -0.975968
    outer loop
      vertex 52.2756 47.3798 59.9
      vertex 36.0102 32.6378 55
      vertex 49.9207 49.8532 59.9
    endloop
  endfacet
  facet normal -0.214708 -0.0372512 -0.975968
    outer loop
      vertex -69.1964 -13.764 59.9
      vertex -69.7802 -10.3991 59.9
      vertex -47.6662 -9.48139 55
    endloop
  endfacet
  facet normal -0.0784327 -0.203311 -0.975968
    outer loop
      vertex -23.8128 -66.4107 59.9
      vertex -26.9991 -65.1815 59.9
      vertex -18.5984 -44.9005 55
    endloop
  endfacet
  facet normal 0.178164 0.125478 -0.975968
    outer loop
      vertex 58.6344 39.2356 59.9
      vertex 39.0359 28.951 55
      vertex 56.6679 42.0278 59.9
    endloop
  endfacet
  facet normal -0.0372512 -0.214708 -0.975968
    outer loop
      vertex -10.3991 -69.7802 59.9
      vertex -13.764 -69.1964 59.9
      vertex -9.48139 -47.6662 55
    endloop
  endfacet
  facet normal 0.178304 -0.12527 -0.975969
    outer loop
      vertex 58.6344 -39.2356 59.9
      vertex 40.4094 -27.0007 55
      vertex 58.6618 -39.1966 59.9
    endloop
  endfacet
  facet normal 0.178166 -0.125474 -0.975968
    outer loop
      vertex 40.4094 -27.0007 55
      vertex 58.6344 -39.2356 59.9
      vertex 39.0359 -28.951 55
    endloop
  endfacet
  facet normal 0.125478 -0.178164 -0.975968
    outer loop
      vertex 39.2356 -58.6344 59.9
      vertex 28.951 -39.0359 55
      vertex 42.0278 -56.6679 59.9
    endloop
  endfacet
  facet normal -0.00548124 -0.21785 -0.975967
    outer loop
      vertex -0.0476935 -70.5508 59.9
      vertex 0 -48.6 55
      vertex 0 -70.552 59.9
    endloop
  endfacet
  facet normal -0.00534419 -0.21785 -0.975968
    outer loop
      vertex 0 -48.6 55
      vertex -0.0476935 -70.5508 59.9
      vertex -2.38469 -48.5415 55
    endloop
  endfacet
  facet normal -0.178166 0.125474 -0.975968
    outer loop
      vertex -40.4094 27.0007 55
      vertex -58.6344 39.2356 59.9
      vertex -39.0359 28.951 55
    endloop
  endfacet
  facet normal -0.178304 0.12527 -0.975969
    outer loop
      vertex -58.6344 39.2356 59.9
      vertex -40.4094 27.0007 55
      vertex -58.6618 39.1966 59.9
    endloop
  endfacet
  facet normal -0.125478 0.178164 -0.975968
    outer loop
      vertex -28.951 39.0359 55
      vertex -42.0278 56.6679 59.9
      vertex -39.2356 58.6344 59.9
    endloop
  endfacet
  facet normal 0.00534419 0.21785 -0.975968
    outer loop
      vertex 0 48.6 55
      vertex 0.0476935 70.5508 59.9
      vertex 2.38469 48.5415 55
    endloop
  endfacet
  facet normal 0.00548124 0.21785 -0.975967
    outer loop
      vertex 0.0476935 70.5508 59.9
      vertex 0 48.6 55
      vertex 0 70.552 59.9
    endloop
  endfacet
  facet normal 0.125474 0.178166 -0.975968
    outer loop
      vertex 27.0007 40.4094 55
      vertex 39.2356 58.6344 59.9
      vertex 28.951 39.0359 55
    endloop
  endfacet
  facet normal 0.12527 0.178304 -0.975969
    outer loop
      vertex 39.2356 58.6344 59.9
      vertex 27.0007 40.4094 55
      vertex 39.1966 58.6618 59.9
    endloop
  endfacet
  facet normal 0.189607 0.107409 -0.975968
    outer loop
      vertex 62.2213 33.258 59.9
      vertex 42.8614 22.9099 55
      vertex 60.538 36.2295 59.9
    endloop
  endfacet
  facet normal 0.203311 0.0784327 -0.975968
    outer loop
      vertex 66.4107 23.8128 59.9
      vertex 44.9005 18.5984 55
      vertex 65.1815 26.9991 59.9
    endloop
  endfacet
  facet normal 0.203408 0.0781634 -0.975969
    outer loop
      vertex 45.759 16.3728 55
      vertex 66.4107 23.8128 59.9
      vertex 66.4278 23.7683 59.9
    endloop
  endfacet
  facet normal 0.203313 0.0784256 -0.975968
    outer loop
      vertex 66.4107 23.8128 59.9
      vertex 45.759 16.3728 55
      vertex 44.9005 18.5984 55
    endloop
  endfacet
  facet normal 0.21259 0.0479011 -0.975967
    outer loop
      vertex 47.6662 9.48139 55
      vertex 69.1859 13.8106 59.9
      vertex 69.1964 13.764 59.9
    endloop
  endfacet
  facet normal 0.21262 0.0477511 -0.975968
    outer loop
      vertex 69.1859 13.8106 59.9
      vertex 47.6662 9.48139 55
      vertex 47.1435 11.8088 55
    endloop
  endfacet
  facet normal 0.21785 0.00548124 -0.975967
    outer loop
      vertex 48.6 0 55
      vertex 70.5508 0.0476935 59.9
      vertex 70.552 0 59.9
    endloop
  endfacet
  facet normal 0.21785 0.00534419 -0.975968
    outer loop
      vertex 70.5508 0.0476935 59.9
      vertex 48.6 0 55
      vertex 48.5415 2.38469 55
    endloop
  endfacet
  facet normal 0.206916 -0.0683573 -0.975968
    outer loop
      vertex 66.4428 -23.723 59.9
      vertex 46.5073 -14.1078 55
      vertex 67.5141 -20.4802 59.9
    endloop
  endfacet
  facet normal 0.217326 -0.0160287 -0.975968
    outer loop
      vertex 70.2158 -6.86773 59.9
      vertex 48.5415 -2.38469 55
      vertex 70.467 -3.46182 59.9
    endloop
  endfacet
  facet normal -0.21785 0.00534419 -0.975968
    outer loop
      vertex -48.6 0 55
      vertex -70.5508 0.0476935 59.9
      vertex -48.5415 2.38469 55
    endloop
  endfacet
  facet normal -0.21785 0.00548124 -0.975967
    outer loop
      vertex -70.5508 0.0476935 59.9
      vertex -48.6 0 55
      vertex -70.552 0 59.9
    endloop
  endfacet
  facet normal -0.206916 -0.0683573 -0.975968
    outer loop
      vertex -66.4428 -23.723 59.9
      vertex -67.5141 -20.4802 59.9
      vertex -46.5073 -14.1078 55
    endloop
  endfacet
  facet normal -0.171791 -0.134071 -0.975968
    outer loop
      vertex -56.6385 -42.0654 59.9
      vertex -39.0359 -28.951 55
      vertex -37.5683 -30.8315 55
    endloop
  endfacet
  facet normal -0.171671 -0.134232 -0.975967
    outer loop
      vertex -39.0359 -28.951 55
      vertex -56.6385 -42.0654 59.9
      vertex -56.6679 -42.0278 59.9
    endloop
  endfacet
  facet normal -0.199222 -0.0883042 -0.975968
    outer loop
      vertex -63.7976 -30.1213 59.9
      vertex -65.1815 -26.9991 59.9
      vertex -44.9005 -18.5984 55
    endloop
  endfacet
  facet normal -0.165101 -0.142234 -0.975967
    outer loop
      vertex -52.3067 -47.3437 59.9
      vertex -36.0102 -32.6378 55
      vertex -52.2756 -47.3798 59.9
    endloop
  endfacet
  facet normal -0.165009 -0.142335 -0.975968
    outer loop
      vertex -36.0102 -32.6378 55
      vertex -52.3067 -47.3437 59.9
      vertex -37.5683 -30.8315 55
    endloop
  endfacet
  facet normal -0.0160326 -0.217325 -0.975968
    outer loop
      vertex -6.86773 -70.2158 59.9
      vertex -4.76363 -48.366 55
      vertex -2.38469 -48.5415 55
    endloop
  endfacet
  facet normal -0.0159902 -0.217329 -0.975967
    outer loop
      vertex -4.76363 -48.366 55
      vertex -6.86773 -70.2158 59.9
      vertex -6.9153 -70.2123 59.9
    endloop
  endfacet
  facet normal 0.189607 -0.107409 -0.975968
    outer loop
      vertex 60.538 -36.2295 59.9
      vertex 42.8614 -22.9099 55
      vertex 62.2213 -33.258 59.9
    endloop
  endfacet
  facet normal 0.157824 -0.150263 -0.975968
    outer loop
      vertex 49.9207 -49.8532 59.9
      vertex 36.0102 -32.6378 55
      vertex 52.2756 -47.3798 59.9
    endloop
  endfacet
  facet normal 0.178164 -0.125478 -0.975968
    outer loop
      vertex 56.6679 -42.0278 59.9
      vertex 39.0359 -28.951 55
      vertex 58.6344 -39.2356 59.9
    endloop
  endfacet
  facet normal 0.165101 -0.142234 -0.975967
    outer loop
      vertex 36.0102 -32.6378 55
      vertex 52.3067 -47.3437 59.9
      vertex 52.2756 -47.3798 59.9
    endloop
  endfacet
  facet normal 0.165009 -0.142335 -0.975968
    outer loop
      vertex 52.3067 -47.3437 59.9
      vertex 36.0102 -32.6378 55
      vertex 37.5683 -30.8315 55
    endloop
  endfacet
  facet normal 0.142234 -0.165101 -0.975967
    outer loop
      vertex 47.3437 -52.3067 59.9
      vertex 32.6378 -36.0102 55
      vertex 47.3798 -52.2756 59.9
    endloop
  endfacet
  facet normal 0.142335 -0.165009 -0.975968
    outer loop
      vertex 32.6378 -36.0102 55
      vertex 47.3437 -52.3067 59.9
      vertex 30.8315 -37.5683 55
    endloop
  endfacet
  facet normal 0.0683573 -0.206916 -0.975968
    outer loop
      vertex 20.4802 -67.5141 59.9
      vertex 14.1078 -46.5073 55
      vertex 23.723 -66.4428 59.9
    endloop
  endfacet
  facet normal 0.00534716 -0.217851 -0.975968
    outer loop
      vertex 3.46182 -70.467 59.9
      vertex 0.0476935 -70.5508 59.9
      vertex 2.38469 -48.5415 55
    endloop
  endfacet
  facet normal 0.0374544 -0.214678 -0.975967
    outer loop
      vertex 7.1311 -48.074 55
      vertex 10.3991 -69.7802 59.9
      vertex 10.3521 -69.7884 59.9
    endloop
  endfacet
  facet normal 0.0372541 -0.214708 -0.975968
    outer loop
      vertex 10.3991 -69.7802 59.9
      vertex 7.1311 -48.074 55
      vertex 9.48139 -47.6662 55
    endloop
  endfacet
  facet normal -0.206916 0.0683573 -0.975968
    outer loop
      vertex -46.5073 14.1078 55
      vertex -67.5141 20.4802 59.9
      vertex -66.4428 23.723 59.9
    endloop
  endfacet
  facet normal -0.216276 0.026678 -0.975968
    outer loop
      vertex -48.366 4.76363 55
      vertex -70.2123 6.9153 59.9
      vertex -69.7942 10.3048 59.9
    endloop
  endfacet
  facet normal -0.217326 0.0160287 -0.975968
    outer loop
      vertex -48.5415 2.38469 55
      vertex -70.467 3.46182 59.9
      vertex -70.2158 6.86773 59.9
    endloop
  endfacet
  facet normal -0.217851 0.00534716 -0.975968
    outer loop
      vertex -48.5415 2.38469 55
      vertex -70.5508 0.0476935 59.9
      vertex -70.467 3.46182 59.9
    endloop
  endfacet
  facet normal -0.189607 0.107409 -0.975968
    outer loop
      vertex -42.8614 22.9099 55
      vertex -62.2213 33.258 59.9
      vertex -60.538 36.2295 59.9
    endloop
  endfacet
  facet normal -0.157824 0.150263 -0.975968
    outer loop
      vertex -36.0102 32.6378 55
      vertex -52.2756 47.3798 59.9
      vertex -49.9207 49.8532 59.9
    endloop
  endfacet
  facet normal -0.178164 0.125478 -0.975968
    outer loop
      vertex -39.0359 28.951 55
      vertex -58.6344 39.2356 59.9
      vertex -56.6679 42.0278 59.9
    endloop
  endfacet
  facet normal -0.165009 0.142335 -0.975968
    outer loop
      vertex -52.3067 47.3437 59.9
      vertex -36.0102 32.6378 55
      vertex -37.5683 30.8315 55
    endloop
  endfacet
  facet normal -0.165101 0.142234 -0.975967
    outer loop
      vertex -36.0102 32.6378 55
      vertex -52.3067 47.3437 59.9
      vertex -52.2756 47.3798 59.9
    endloop
  endfacet
  facet normal -0.142335 0.165009 -0.975968
    outer loop
      vertex -32.6378 36.0102 55
      vertex -47.3437 52.3067 59.9
      vertex -30.8315 37.5683 55
    endloop
  endfacet
  facet normal -0.142234 0.165101 -0.975967
    outer loop
      vertex -47.3437 52.3067 59.9
      vertex -32.6378 36.0102 55
      vertex -47.3798 52.2756 59.9
    endloop
  endfacet
  facet normal -0.0683573 0.206916 -0.975968
    outer loop
      vertex -14.1078 46.5073 55
      vertex -23.723 66.4428 59.9
      vertex -20.4802 67.5141 59.9
    endloop
  endfacet
  facet normal -0.00534716 0.217851 -0.975968
    outer loop
      vertex -2.38469 48.5415 55
      vertex -3.46182 70.467 59.9
      vertex -0.0476935 70.5508 59.9
    endloop
  endfacet
  facet normal -0.0372541 0.214708 -0.975968
    outer loop
      vertex -10.3991 69.7802 59.9
      vertex -7.1311 48.074 55
      vertex -9.48139 47.6662 55
    endloop
  endfacet
  facet normal -0.0374544 0.214678 -0.975967
    outer loop
      vertex -7.1311 48.074 55
      vertex -10.3991 69.7802 59.9
      vertex -10.3521 69.7884 59.9
    endloop
  endfacet
  facet normal 0.0683573 0.206916 -0.975968
    outer loop
      vertex 23.723 66.4428 59.9
      vertex 14.1078 46.5073 55
      vertex 20.4802 67.5141 59.9
    endloop
  endfacet
  facet normal 0.026678 0.216276 -0.975968
    outer loop
      vertex 10.3048 69.7942 59.9
      vertex 4.76363 48.366 55
      vertex 6.9153 70.2123 59.9
    endloop
  endfacet
  facet normal 0.0160287 0.217326 -0.975968
    outer loop
      vertex 6.86773 70.2158 59.9
      vertex 2.38469 48.5415 55
      vertex 3.46182 70.467 59.9
    endloop
  endfacet
  facet normal 0.00534716 0.217851 -0.975968
    outer loop
      vertex 2.38469 48.5415 55
      vertex 0.0476935 70.5508 59.9
      vertex 3.46182 70.467 59.9
    endloop
  endfacet
  facet normal 0.107409 0.189607 -0.975968
    outer loop
      vertex 36.2295 60.538 59.9
      vertex 22.9099 42.8614 55
      vertex 33.258 62.2213 59.9
    endloop
  endfacet
  facet normal 0.150263 0.157824 -0.975968
    outer loop
      vertex 49.8532 49.9207 59.9
      vertex 32.6378 36.0102 55
      vertex 47.3798 52.2756 59.9
    endloop
  endfacet
  facet normal 0.125478 0.178164 -0.975968
    outer loop
      vertex 42.0278 56.6679 59.9
      vertex 28.951 39.0359 55
      vertex 39.2356 58.6344 59.9
    endloop
  endfacet
  facet normal 0.142234 0.165101 -0.975967
    outer loop
      vertex 32.6378 36.0102 55
      vertex 47.3437 52.3067 59.9
      vertex 47.3798 52.2756 59.9
    endloop
  endfacet
  facet normal 0.142335 0.165009 -0.975968
    outer loop
      vertex 47.3437 52.3067 59.9
      vertex 32.6378 36.0102 55
      vertex 30.8315 37.5683 55
    endloop
  endfacet
  facet normal 0.165008 0.142337 -0.975968
    outer loop
      vertex 54.5374 44.7577 59.9
      vertex 37.5683 30.8315 55
      vertex 52.3067 47.3437 59.9
    endloop
  endfacet
  facet normal 0.178304 0.12527 -0.975969
    outer loop
      vertex 40.4094 27.0007 55
      vertex 58.6344 39.2356 59.9
      vertex 58.6618 39.1966 59.9
    endloop
  endfacet
  facet normal 0.178166 0.125474 -0.975968
    outer loop
      vertex 58.6344 39.2356 59.9
      vertex 40.4094 27.0007 55
      vertex 39.0359 28.951 55
    endloop
  endfacet
  facet normal 0.206916 0.0683573 -0.975968
    outer loop
      vertex 67.5141 20.4802 59.9
      vertex 46.5073 14.1078 55
      vertex 66.4428 23.723 59.9
    endloop
  endfacet
  facet normal 0.217851 0.00534716 -0.975968
    outer loop
      vertex 70.5508 0.0476935 59.9
      vertex 48.5415 2.38469 55
      vertex 70.467 3.46182 59.9
    endloop
  endfacet
  facet normal 0.214708 0.0372512 -0.975968
    outer loop
      vertex 69.7802 10.3991 59.9
      vertex 47.6662 9.48139 55
      vertex 69.1964 13.764 59.9
    endloop
  endfacet
  facet normal 0.214678 0.0374544 -0.975967
    outer loop
      vertex 48.074 7.1311 55
      vertex 69.7802 10.3991 59.9
      vertex 69.7884 10.3521 59.9
    endloop
  endfacet
  facet normal 0.214708 0.0372541 -0.975968
    outer loop
      vertex 69.7802 10.3991 59.9
      vertex 48.074 7.1311 55
      vertex 47.6662 9.48139 55
    endloop
  endfacet
  facet normal 0.216276 0.026678 -0.975968
    outer loop
      vertex 70.2123 6.9153 59.9
      vertex 48.366 4.76363 55
      vertex 69.7942 10.3048 59.9
    endloop
  endfacet
  facet normal 0.210022 0.0581192 -0.975968
    outer loop
      vertex 46.5073 14.1078 55
      vertex 67.5268 20.4342 59.9
      vertex 47.1435 11.8088 55
    endloop
  endfacet
  facet normal 0.210059 0.0579946 -0.975967
    outer loop
      vertex 67.5268 20.4342 59.9
      vertex 46.5073 14.1078 55
      vertex 67.5141 20.4802 59.9
    endloop
  endfacet
  facet normal 0.214678 -0.0374544 -0.975967
    outer loop
      vertex 69.7802 -10.3991 59.9
      vertex 48.074 -7.1311 55
      vertex 69.7884 -10.3521 59.9
    endloop
  endfacet
  facet normal 0.214708 -0.0372541 -0.975968
    outer loop
      vertex 48.074 -7.1311 55
      vertex 69.7802 -10.3991 59.9
      vertex 47.6662 -9.48139 55
    endloop
  endfacet
  facet normal 0.214708 -0.0372512 -0.975968
    outer loop
      vertex 69.1964 -13.764 59.9
      vertex 47.6662 -9.48139 55
      vertex 69.7802 -10.3991 59.9
    endloop
  endfacet
  facet normal -0.217851 -0.00534716 -0.975968
    outer loop
      vertex -70.467 -3.46182 59.9
      vertex -70.5508 -0.0476935 59.9
      vertex -48.5415 -2.38469 55
    endloop
  endfacet
  facet normal -0.214708 -0.0372541 -0.975968
    outer loop
      vertex -69.7802 -10.3991 59.9
      vertex -48.074 -7.1311 55
      vertex -47.6662 -9.48139 55
    endloop
  endfacet
  facet normal -0.214678 -0.0374544 -0.975967
    outer loop
      vertex -48.074 -7.1311 55
      vertex -69.7802 -10.3991 59.9
      vertex -69.7884 -10.3521 59.9
    endloop
  endfacet
  facet normal -0.21785 -0.00534419 -0.975968
    outer loop
      vertex -70.5508 -0.0476935 59.9
      vertex -48.6 0 55
      vertex -48.5415 -2.38469 55
    endloop
  endfacet
  facet normal -0.21785 -0.00548124 -0.975967
    outer loop
      vertex -48.6 0 55
      vertex -70.5508 -0.0476935 59.9
      vertex -70.552 0 59.9
    endloop
  endfacet
  facet normal -0.184106 -0.116586 -0.975968
    outer loop
      vertex -60.4889 -36.3113 59.9
      vertex -41.6856 -24.9854 55
      vertex -40.4094 -27.0007 55
    endloop
  endfacet
  facet normal -0.183947 -0.11685 -0.975966
    outer loop
      vertex -41.6856 -24.9854 55
      vertex -60.4889 -36.3113 59.9
      vertex -60.5145 -36.271 59.9
    endloop
  endfacet
  facet normal -0.157923 -0.150164 -0.975967
    outer loop
      vertex -49.9207 -49.8532 59.9
      vertex -34.3654 -34.3654 55
      vertex -49.8878 -49.8878 59.9
    endloop
  endfacet
  facet normal -0.157826 -0.150261 -0.975968
    outer loop
      vertex -34.3654 -34.3654 55
      vertex -49.9207 -49.8532 59.9
      vertex -36.0102 -32.6378 55
    endloop
  endfacet
  facet normal -0.142335 -0.165009 -0.975968
    outer loop
      vertex -47.3437 -52.3067 59.9
      vertex -32.6378 -36.0102 55
      vertex -30.8315 -37.5683 55
    endloop
  endfacet
  facet normal -0.142234 -0.165101 -0.975967
    outer loop
      vertex -32.6378 -36.0102 55
      vertex -47.3437 -52.3067 59.9
      vertex -47.3798 -52.2756 59.9
    endloop
  endfacet
  facet normal -0.0979778 -0.194648 -0.975968
    outer loop
      vertex -30.2075 -63.7568 59.9
      vertex -33.258 -62.2213 59.9
      vertex -22.9099 -42.8614 55
    endloop
  endfacet
  facet normal -0.0883042 -0.199222 -0.975968
    outer loop
      vertex -26.9991 -65.1815 59.9
      vertex -30.1213 -63.7976 59.9
      vertex -18.5984 -44.9005 55
    endloop
  endfacet
  facet normal -0.0581161 -0.210023 -0.975968
    outer loop
      vertex -17.1427 -68.4376 59.9
      vertex -20.4342 -67.5268 59.9
      vertex -11.8088 -47.1435 55
    endloop
  endfacet
  facet normal -0.0477488 -0.21262 -0.975968
    outer loop
      vertex -13.8106 -69.1859 59.9
      vertex -17.1427 -68.4376 59.9
      vertex -11.8088 -47.1435 55
    endloop
  endfacet
  facet normal -0.0581192 -0.210022 -0.975968
    outer loop
      vertex -20.4342 -67.5268 59.9
      vertex -14.1078 -46.5073 55
      vertex -11.8088 -47.1435 55
    endloop
  endfacet
  facet normal -0.0579946 -0.210059 -0.975967
    outer loop
      vertex -14.1078 -46.5073 55
      vertex -20.4342 -67.5268 59.9
      vertex -20.4802 -67.5141 59.9
    endloop
  endfacet
  facet normal -0.0683573 -0.206916 -0.975968
    outer loop
      vertex -20.4802 -67.5141 59.9
      vertex -23.723 -66.4428 59.9
      vertex -14.1078 -46.5073 55
    endloop
  endfacet
  facet normal -0.026678 -0.216276 -0.975968
    outer loop
      vertex -6.9153 -70.2123 59.9
      vertex -10.3048 -69.7942 59.9
      vertex -4.76363 -48.366 55
    endloop
  endfacet
  facet normal -0.0160287 -0.217326 -0.975968
    outer loop
      vertex -3.46182 -70.467 59.9
      vertex -6.86773 -70.2158 59.9
      vertex -2.38469 -48.5415 55
    endloop
  endfacet
  facet normal -0.00534716 -0.217851 -0.975968
    outer loop
      vertex -0.0476935 -70.5508 59.9
      vertex -3.46182 -70.467 59.9
      vertex -2.38469 -48.5415 55
    endloop
  endfacet
  facet normal 0.184107 -0.116585 -0.975968
    outer loop
      vertex 58.6618 -39.1966 59.9
      vertex 40.4094 -27.0007 55
      vertex 60.4889 -36.3113 59.9
    endloop
  endfacet
  facet normal 0.194548 -0.0981872 -0.975966
    outer loop
      vertex 63.7568 -30.2075 59.9
      vertex 43.9339 -20.7792 55
      vertex 63.7783 -30.1649 59.9
    endloop
  endfacet
  facet normal 0.194648 -0.0979771 -0.975968
    outer loop
      vertex 43.9339 -20.7792 55
      vertex 63.7568 -30.2075 59.9
      vertex 42.8614 -22.9099 55
    endloop
  endfacet
  facet normal 0.171671 -0.134232 -0.975967
    outer loop
      vertex 56.6385 -42.0654 59.9
      vertex 39.0359 -28.951 55
      vertex 56.6679 -42.0278 59.9
    endloop
  endfacet
  facet normal 0.171791 -0.134071 -0.975968
    outer loop
      vertex 39.0359 -28.951 55
      vertex 56.6385 -42.0654 59.9
      vertex 37.5683 -30.8315 55
    endloop
  endfacet
  facet normal 0.171793 -0.134069 -0.975968
    outer loop
      vertex 54.5374 -44.7577 59.9
      vertex 37.5683 -30.8315 55
      vertex 56.6385 -42.0654 59.9
    endloop
  endfacet
  facet normal 0.157923 -0.150164 -0.975967
    outer loop
      vertex 34.3654 -34.3654 55
      vertex 49.9207 -49.8532 59.9
      vertex 49.8878 -49.8878 59.9
    endloop
  endfacet
  facet normal 0.157826 -0.150261 -0.975968
    outer loop
      vertex 49.9207 -49.8532 59.9
      vertex 34.3654 -34.3654 55
      vertex 36.0102 -32.6378 55
    endloop
  endfacet
  facet normal 0.150164 -0.157923 -0.975967
    outer loop
      vertex 49.8532 -49.9207 59.9
      vertex 34.3654 -34.3654 55
      vertex 49.8878 -49.8878 59.9
    endloop
  endfacet
  facet normal 0.150261 -0.157826 -0.975968
    outer loop
      vertex 34.3654 -34.3654 55
      vertex 49.8532 -49.9207 59.9
      vertex 32.6378 -36.0102 55
    endloop
  endfacet
  facet normal 0.142337 -0.165008 -0.975968
    outer loop
      vertex 44.7577 -54.5374 59.9
      vertex 30.8315 -37.5683 55
      vertex 47.3437 -52.3067 59.9
    endloop
  endfacet
  facet normal 0.107409 -0.189607 -0.975968
    outer loop
      vertex 33.258 -62.2213 59.9
      vertex 22.9099 -42.8614 55
      vertex 36.2295 -60.538 59.9
    endloop
  endfacet
  facet normal 0.0684986 -0.206866 -0.975969
    outer loop
      vertex 23.723 -66.4428 59.9
      vertex 16.3728 -45.759 55
      vertex 23.7683 -66.4278 59.9
    endloop
  endfacet
  facet normal 0.0683596 -0.206915 -0.975968
    outer loop
      vertex 16.3728 -45.759 55
      vertex 23.723 -66.4428 59.9
      vertex 14.1078 -46.5073 55
    endloop
  endfacet
  facet normal 0.00548124 -0.21785 -0.975967
    outer loop
      vertex 0 -48.6 55
      vertex 0.0476935 -70.5508 59.9
      vertex 0 -70.552 59.9
    endloop
  endfacet
  facet normal 0.00534419 -0.21785 -0.975968
    outer loop
      vertex 0.0476935 -70.5508 59.9
      vertex 0 -48.6 55
      vertex 2.38469 -48.5415 55
    endloop
  endfacet
  facet normal 0.0372512 -0.214708 -0.975968
    outer loop
      vertex 10.3991 -69.7802 59.9
      vertex 9.48139 -47.6662 55
      vertex 13.764 -69.1964 59.9
    endloop
  endfacet
  facet normal -0.217325 0.0160326 -0.975968
    outer loop
      vertex -70.2158 6.86773 59.9
      vertex -48.366 4.76363 55
      vertex -48.5415 2.38469 55
    endloop
  endfacet
  facet normal -0.217329 0.0159902 -0.975967
    outer loop
      vertex -48.366 4.76363 55
      vertex -70.2158 6.86773 59.9
      vertex -70.2123 6.9153 59.9
    endloop
  endfacet
  facet normal -0.214708 0.0372512 -0.975968
    outer loop
      vertex -47.6662 9.48139 55
      vertex -69.7802 10.3991 59.9
      vertex -69.1964 13.764 59.9
    endloop
  endfacet
  facet normal -0.184107 0.116585 -0.975968
    outer loop
      vertex -40.4094 27.0007 55
      vertex -60.4889 36.3113 59.9
      vertex -58.6618 39.1966 59.9
    endloop
  endfacet
  facet normal -0.194648 0.0979771 -0.975968
    outer loop
      vertex -43.9339 20.7792 55
      vertex -63.7568 30.2075 59.9
      vertex -42.8614 22.9099 55
    endloop
  endfacet
  facet normal -0.194548 0.0981872 -0.975966
    outer loop
      vertex -63.7568 30.2075 59.9
      vertex -43.9339 20.7792 55
      vertex -63.7783 30.1649 59.9
    endloop
  endfacet
  facet normal -0.171791 0.134071 -0.975968
    outer loop
      vertex -39.0359 28.951 55
      vertex -56.6385 42.0654 59.9
      vertex -37.5683 30.8315 55
    endloop
  endfacet
  facet normal -0.171671 0.134232 -0.975967
    outer loop
      vertex -56.6385 42.0654 59.9
      vertex -39.0359 28.951 55
      vertex -56.6679 42.0278 59.9
    endloop
  endfacet
  facet normal -0.171793 0.134069 -0.975968
    outer loop
      vertex -37.5683 30.8315 55
      vertex -56.6385 42.0654 59.9
      vertex -54.5374 44.7577 59.9
    endloop
  endfacet
  facet normal -0.157826 0.150261 -0.975968
    outer loop
      vertex -49.9207 49.8532 59.9
      vertex -34.3654 34.3654 55
      vertex -36.0102 32.6378 55
    endloop
  endfacet
  facet normal -0.157923 0.150164 -0.975967
    outer loop
      vertex -34.3654 34.3654 55
      vertex -49.9207 49.8532 59.9
      vertex -49.8878 49.8878 59.9
    endloop
  endfacet
  facet normal -0.150261 0.157826 -0.975968
    outer loop
      vertex -34.3654 34.3654 55
      vertex -49.8532 49.9207 59.9
      vertex -32.6378 36.0102 55
    endloop
  endfacet
  facet normal -0.150164 0.157923 -0.975967
    outer loop
      vertex -49.8532 49.9207 59.9
      vertex -34.3654 34.3654 55
      vertex -49.8878 49.8878 59.9
    endloop
  endfacet
  facet normal -0.142337 0.165008 -0.975968
    outer loop
      vertex -30.8315 37.5683 55
      vertex -47.3437 52.3067 59.9
      vertex -44.7577 54.5374 59.9
    endloop
  endfacet
  facet normal -0.107409 0.189607 -0.975968
    outer loop
      vertex -22.9099 42.8614 55
      vertex -36.2295 60.538 59.9
      vertex -33.258 62.2213 59.9
    endloop
  endfacet
  facet normal -0.0683596 0.206915 -0.975968
    outer loop
      vertex -16.3728 45.759 55
      vertex -23.723 66.4428 59.9
      vertex -14.1078 46.5073 55
    endloop
  endfacet
  facet normal -0.0684986 0.206866 -0.975969
    outer loop
      vertex -23.723 66.4428 59.9
      vertex -16.3728 45.759 55
      vertex -23.7683 66.4278 59.9
    endloop
  endfacet
  facet normal -0.00548124 0.21785 -0.975967
    outer loop
      vertex 0 48.6 55
      vertex -0.0476935 70.5508 59.9
      vertex 0 70.552 59.9
    endloop
  endfacet
  facet normal -0.00534419 0.21785 -0.975968
    outer loop
      vertex -0.0476935 70.5508 59.9
      vertex 0 48.6 55
      vertex -2.38469 48.5415 55
    endloop
  endfacet
  facet normal -0.0372512 0.214708 -0.975968
    outer loop
      vertex -9.48139 47.6662 55
      vertex -13.764 69.1964 59.9
      vertex -10.3991 69.7802 59.9
    endloop
  endfacet
  facet normal 0.0159902 0.217329 -0.975967
    outer loop
      vertex 4.76363 48.366 55
      vertex 6.86773 70.2158 59.9
      vertex 6.9153 70.2123 59.9
    endloop
  endfacet
  facet normal 0.0160326 0.217325 -0.975968
    outer loop
      vertex 6.86773 70.2158 59.9
      vertex 4.76363 48.366 55
      vertex 2.38469 48.5415 55
    endloop
  endfacet
  facet normal 0.0372512 0.214708 -0.975968
    outer loop
      vertex 13.764 69.1964 59.9
      vertex 9.48139 47.6662 55
      vertex 10.3991 69.7802 59.9
    endloop
  endfacet
  facet normal 0.116585 0.184107 -0.975968
    outer loop
      vertex 39.1966 58.6618 59.9
      vertex 27.0007 40.4094 55
      vertex 36.3113 60.4889 59.9
    endloop
  endfacet
  facet normal 0.0979771 0.194648 -0.975968
    outer loop
      vertex 20.7792 43.9339 55
      vertex 30.2075 63.7568 59.9
      vertex 22.9099 42.8614 55
    endloop
  endfacet
  facet normal 0.0981872 0.194548 -0.975966
    outer loop
      vertex 30.2075 63.7568 59.9
      vertex 20.7792 43.9339 55
      vertex 30.1649 63.7783 59.9
    endloop
  endfacet
  facet normal 0.134071 0.171791 -0.975968
    outer loop
      vertex 28.951 39.0359 55
      vertex 42.0654 56.6385 59.9
      vertex 30.8315 37.5683 55
    endloop
  endfacet
  facet normal 0.134232 0.171671 -0.975967
    outer loop
      vertex 42.0654 56.6385 59.9
      vertex 28.951 39.0359 55
      vertex 42.0278 56.6679 59.9
    endloop
  endfacet
  facet normal 0.134069 0.171793 -0.975968
    outer loop
      vertex 44.7577 54.5374 59.9
      vertex 30.8315 37.5683 55
      vertex 42.0654 56.6385 59.9
    endloop
  endfacet
  facet normal 0.150164 0.157923 -0.975967
    outer loop
      vertex 34.3654 34.3654 55
      vertex 49.8532 49.9207 59.9
      vertex 49.8878 49.8878 59.9
    endloop
  endfacet
  facet normal 0.150261 0.157826 -0.975968
    outer loop
      vertex 49.8532 49.9207 59.9
      vertex 34.3654 34.3654 55
      vertex 32.6378 36.0102 55
    endloop
  endfacet
  facet normal 0.157826 0.150261 -0.975968
    outer loop
      vertex 34.3654 34.3654 55
      vertex 49.9207 49.8532 59.9
      vertex 36.0102 32.6378 55
    endloop
  endfacet
  facet normal 0.157923 0.150164 -0.975967
    outer loop
      vertex 49.9207 49.8532 59.9
      vertex 34.3654 34.3654 55
      vertex 49.8878 49.8878 59.9
    endloop
  endfacet
  facet normal 0.171671 0.134232 -0.975967
    outer loop
      vertex 39.0359 28.951 55
      vertex 56.6385 42.0654 59.9
      vertex 56.6679 42.0278 59.9
    endloop
  endfacet
  facet normal 0.171791 0.134071 -0.975968
    outer loop
      vertex 56.6385 42.0654 59.9
      vertex 39.0359 28.951 55
      vertex 37.5683 30.8315 55
    endloop
  endfacet
  facet normal 0.171793 0.134069 -0.975968
    outer loop
      vertex 56.6385 42.0654 59.9
      vertex 37.5683 30.8315 55
      vertex 54.5374 44.7577 59.9
    endloop
  endfacet
  facet normal 0.199222 0.0883042 -0.975968
    outer loop
      vertex 65.1815 26.9991 59.9
      vertex 44.9005 18.5984 55
      vertex 63.7976 30.1213 59.9
    endloop
  endfacet
  facet normal 0.194648 0.0979778 -0.975968
    outer loop
      vertex 63.7568 30.2075 59.9
      vertex 42.8614 22.9099 55
      vertex 62.2213 33.258 59.9
    endloop
  endfacet
  facet normal 0.183947 0.11685 -0.975966
    outer loop
      vertex 41.6856 24.9854 55
      vertex 60.4889 36.3113 59.9
      vertex 60.5145 36.271 59.9
    endloop
  endfacet
  facet normal 0.184106 0.116586 -0.975968
    outer loop
      vertex 60.4889 36.3113 59.9
      vertex 41.6856 24.9854 55
      vertex 40.4094 27.0007 55
    endloop
  endfacet
  facet normal 0.184107 0.116585 -0.975968
    outer loop
      vertex 60.4889 36.3113 59.9
      vertex 40.4094 27.0007 55
      vertex 58.6618 39.1966 59.9
    endloop
  endfacet
  facet normal 0.217325 0.0160326 -0.975968
    outer loop
      vertex 48.366 4.76363 55
      vertex 70.2158 6.86773 59.9
      vertex 48.5415 2.38469 55
    endloop
  endfacet
  facet normal 0.217329 0.0159902 -0.975967
    outer loop
      vertex 70.2158 6.86773 59.9
      vertex 48.366 4.76363 55
      vertex 70.2123 6.9153 59.9
    endloop
  endfacet
  facet normal 0.216277 0.0266753 -0.975968
    outer loop
      vertex 48.074 7.1311 55
      vertex 69.7942 10.3048 59.9
      vertex 48.366 4.76363 55
    endloop
  endfacet
  facet normal 0.216299 0.0265229 -0.975967
    outer loop
      vertex 69.7942 10.3048 59.9
      vertex 48.074 7.1311 55
      vertex 69.7884 10.3521 59.9
    endloop
  endfacet
  facet normal 0.206915 0.0683596 -0.975968
    outer loop
      vertex 45.759 16.3728 55
      vertex 66.4428 23.723 59.9
      vertex 46.5073 14.1078 55
    endloop
  endfacet
  facet normal 0.206866 0.0684986 -0.975969
    outer loop
      vertex 66.4428 23.723 59.9
      vertex 45.759 16.3728 55
      vertex 66.4278 23.7683 59.9
    endloop
  endfacet
  facet normal 0.210023 0.0581161 -0.975968
    outer loop
      vertex 68.4376 17.1427 59.9
      vertex 47.1435 11.8088 55
      vertex 67.5268 20.4342 59.9
    endloop
  endfacet
  facet normal 0.21262 0.0477488 -0.975968
    outer loop
      vertex 69.1859 13.8106 59.9
      vertex 47.1435 11.8088 55
      vertex 68.4376 17.1427 59.9
    endloop
  endfacet
  facet normal 0.206866 -0.0684986 -0.975969
    outer loop
      vertex 45.759 -16.3728 55
      vertex 66.4428 -23.723 59.9
      vertex 66.4278 -23.7683 59.9
    endloop
  endfacet
  facet normal 0.206915 -0.0683596 -0.975968
    outer loop
      vertex 66.4428 -23.723 59.9
      vertex 45.759 -16.3728 55
      vertex 46.5073 -14.1078 55
    endloop
  endfacet
  facet normal 0.210059 -0.0579946 -0.975967
    outer loop
      vertex 46.5073 -14.1078 55
      vertex 67.5268 -20.4342 59.9
      vertex 67.5141 -20.4802 59.9
    endloop
  endfacet
  facet normal 0.210022 -0.0581192 -0.975968
    outer loop
      vertex 67.5268 -20.4342 59.9
      vertex 46.5073 -14.1078 55
      vertex 47.1435 -11.8088 55
    endloop
  endfacet
  facet normal 0.21262 -0.0477488 -0.975968
    outer loop
      vertex 68.4376 -17.1427 59.9
      vertex 47.1435 -11.8088 55
      vertex 69.1859 -13.8106 59.9
    endloop
  endfacet
  facet normal 0.210023 -0.0581161 -0.975968
    outer loop
      vertex 67.5268 -20.4342 59.9
      vertex 47.1435 -11.8088 55
      vertex 68.4376 -17.1427 59.9
    endloop
  endfacet
  facet normal 0.217329 -0.0159902 -0.975967
    outer loop
      vertex 48.366 -4.76363 55
      vertex 70.2158 -6.86773 59.9
      vertex 70.2123 -6.9153 59.9
    endloop
  endfacet
  facet normal 0.217325 -0.0160326 -0.975968
    outer loop
      vertex 70.2158 -6.86773 59.9
      vertex 48.366 -4.76363 55
      vertex 48.5415 -2.38469 55
    endloop
  endfacet
  facet normal 0.216276 -0.026678 -0.975968
    outer loop
      vertex 69.7942 -10.3048 59.9
      vertex 48.366 -4.76363 55
      vertex 70.2123 -6.9153 59.9
    endloop
  endfacet
  facet normal -0.217329 -0.0159902 -0.975967
    outer loop
      vertex -70.2158 -6.86773 59.9
      vertex -48.366 -4.76363 55
      vertex -70.2123 -6.9153 59.9
    endloop
  endfacet
  facet normal -0.217325 -0.0160326 -0.975968
    outer loop
      vertex -48.366 -4.76363 55
      vertex -70.2158 -6.86773 59.9
      vertex -48.5415 -2.38469 55
    endloop
  endfacet
  facet normal -0.216276 -0.026678 -0.975968
    outer loop
      vertex -69.7942 -10.3048 59.9
      vertex -70.2123 -6.9153 59.9
      vertex -48.366 -4.76363 55
    endloop
  endfacet
  facet normal -0.210023 -0.0581161 -0.975968
    outer loop
      vertex -67.5268 -20.4342 59.9
      vertex -68.4376 -17.1427 59.9
      vertex -47.1435 -11.8088 55
    endloop
  endfacet
  facet normal -0.210059 -0.0579946 -0.975967
    outer loop
      vertex -67.5268 -20.4342 59.9
      vertex -46.5073 -14.1078 55
      vertex -67.5141 -20.4802 59.9
    endloop
  endfacet
  facet normal -0.210022 -0.0581192 -0.975968
    outer loop
      vertex -46.5073 -14.1078 55
      vertex -67.5268 -20.4342 59.9
      vertex -47.1435 -11.8088 55
    endloop
  endfacet
  facet normal -0.203313 -0.0784256 -0.975968
    outer loop
      vertex -66.4107 -23.8128 59.9
      vertex -45.759 -16.3728 55
      vertex -44.9005 -18.5984 55
    endloop
  endfacet
  facet normal -0.203408 -0.0781634 -0.975969
    outer loop
      vertex -45.759 -16.3728 55
      vertex -66.4107 -23.8128 59.9
      vertex -66.4278 -23.7683 59.9
    endloop
  endfacet
  facet normal -0.203311 -0.0784327 -0.975968
    outer loop
      vertex -65.1815 -26.9991 59.9
      vertex -66.4107 -23.8128 59.9
      vertex -44.9005 -18.5984 55
    endloop
  endfacet
  facet normal -0.189624 -0.107378 -0.975968
    outer loop
      vertex -60.538 -36.2295 59.9
      vertex -41.6856 -24.9854 55
      vertex -60.5145 -36.271 59.9
    endloop
  endfacet
  facet normal -0.189603 -0.107413 -0.975968
    outer loop
      vertex -41.6856 -24.9854 55
      vertex -60.538 -36.2295 59.9
      vertex -42.8614 -22.9099 55
    endloop
  endfacet
  facet normal -0.184107 -0.116585 -0.975968
    outer loop
      vertex -58.6618 -39.1966 59.9
      vertex -60.4889 -36.3113 59.9
      vertex -40.4094 -27.0007 55
    endloop
  endfacet
  facet normal -0.178164 -0.125478 -0.975968
    outer loop
      vertex -56.6679 -42.0278 59.9
      vertex -58.6344 -39.2356 59.9
      vertex -39.0359 -28.951 55
    endloop
  endfacet
  facet normal -0.178166 -0.125474 -0.975968
    outer loop
      vertex -58.6344 -39.2356 59.9
      vertex -40.4094 -27.0007 55
      vertex -39.0359 -28.951 55
    endloop
  endfacet
  facet normal -0.178304 -0.12527 -0.975969
    outer loop
      vertex -40.4094 -27.0007 55
      vertex -58.6344 -39.2356 59.9
      vertex -58.6618 -39.1966 59.9
    endloop
  endfacet
  facet normal -0.171793 -0.134069 -0.975968
    outer loop
      vertex -54.5374 -44.7577 59.9
      vertex -56.6385 -42.0654 59.9
      vertex -37.5683 -30.8315 55
    endloop
  endfacet
  facet normal -0.165008 -0.142337 -0.975968
    outer loop
      vertex -52.3067 -47.3437 59.9
      vertex -54.5374 -44.7577 59.9
      vertex -37.5683 -30.8315 55
    endloop
  endfacet
  facet normal -0.0883022 -0.199223 -0.975968
    outer loop
      vertex -30.1213 -63.7976 59.9
      vertex -20.7792 -43.9339 55
      vertex -18.5984 -44.9005 55
    endloop
  endfacet
  facet normal -0.0882079 -0.199268 -0.975967
    outer loop
      vertex -20.7792 -43.9339 55
      vertex -30.1213 -63.7976 59.9
      vertex -30.1649 -63.7783 59.9
    endloop
  endfacet
  facet normal -0.142337 -0.165008 -0.975968
    outer loop
      vertex -44.7577 -54.5374 59.9
      vertex -47.3437 -52.3067 59.9
      vertex -30.8315 -37.5683 55
    endloop
  endfacet
  facet normal -0.134069 -0.171793 -0.975968
    outer loop
      vertex -42.0654 -56.6385 59.9
      vertex -44.7577 -54.5374 59.9
      vertex -30.8315 -37.5683 55
    endloop
  endfacet
  facet normal -0.150263 -0.157824 -0.975968
    outer loop
      vertex -47.3798 -52.2756 59.9
      vertex -49.8532 -49.9207 59.9
      vertex -32.6378 -36.0102 55
    endloop
  endfacet
  facet normal -0.150261 -0.157826 -0.975968
    outer loop
      vertex -49.8532 -49.9207 59.9
      vertex -34.3654 -34.3654 55
      vertex -32.6378 -36.0102 55
    endloop
  endfacet
  facet normal -0.150164 -0.157923 -0.975967
    outer loop
      vertex -34.3654 -34.3654 55
      vertex -49.8532 -49.9207 59.9
      vertex -49.8878 -49.8878 59.9
    endloop
  endfacet
  facet normal -0.0479011 -0.21259 -0.975967
    outer loop
      vertex -13.8106 -69.1859 59.9
      vertex -9.48139 -47.6662 55
      vertex -13.764 -69.1964 59.9
    endloop
  endfacet
  facet normal -0.0477511 -0.21262 -0.975968
    outer loop
      vertex -9.48139 -47.6662 55
      vertex -13.8106 -69.1859 59.9
      vertex -11.8088 -47.1435 55
    endloop
  endfacet
  facet normal -0.0683596 -0.206915 -0.975968
    outer loop
      vertex -23.723 -66.4428 59.9
      vertex -16.3728 -45.759 55
      vertex -14.1078 -46.5073 55
    endloop
  endfacet
  facet normal -0.0684986 -0.206866 -0.975969
    outer loop
      vertex -16.3728 -45.759 55
      vertex -23.723 -66.4428 59.9
      vertex -23.7683 -66.4278 59.9
    endloop
  endfacet
  facet normal -0.0781634 -0.203408 -0.975969
    outer loop
      vertex -23.8128 -66.4107 59.9
      vertex -16.3728 -45.759 55
      vertex -23.7683 -66.4278 59.9
    endloop
  endfacet
  facet normal -0.0784256 -0.203313 -0.975968
    outer loop
      vertex -16.3728 -45.759 55
      vertex -23.8128 -66.4107 59.9
      vertex -18.5984 -44.9005 55
    endloop
  endfacet
  facet normal 0.194648 -0.0979778 -0.975968
    outer loop
      vertex 62.2213 -33.258 59.9
      vertex 42.8614 -22.9099 55
      vertex 63.7568 -30.2075 59.9
    endloop
  endfacet
  facet normal 0.199222 -0.0883042 -0.975968
    outer loop
      vertex 63.7976 -30.1213 59.9
      vertex 44.9005 -18.5984 55
      vertex 65.1815 -26.9991 59.9
    endloop
  endfacet
  facet normal 0.189624 -0.107378 -0.975968
    outer loop
      vertex 41.6856 -24.9854 55
      vertex 60.538 -36.2295 59.9
      vertex 60.5145 -36.271 59.9
    endloop
  endfacet
  facet normal 0.189603 -0.107413 -0.975968
    outer loop
      vertex 60.538 -36.2295 59.9
      vertex 41.6856 -24.9854 55
      vertex 42.8614 -22.9099 55
    endloop
  endfacet
  facet normal 0.183947 -0.11685 -0.975966
    outer loop
      vertex 60.4889 -36.3113 59.9
      vertex 41.6856 -24.9854 55
      vertex 60.5145 -36.271 59.9
    endloop
  endfacet
  facet normal 0.184106 -0.116586 -0.975968
    outer loop
      vertex 41.6856 -24.9854 55
      vertex 60.4889 -36.3113 59.9
      vertex 40.4094 -27.0007 55
    endloop
  endfacet
  facet normal 0.165008 -0.142337 -0.975968
    outer loop
      vertex 52.3067 -47.3437 59.9
      vertex 37.5683 -30.8315 55
      vertex 54.5374 -44.7577 59.9
    endloop
  endfacet
  facet normal 0.134232 -0.171671 -0.975967
    outer loop
      vertex 28.951 -39.0359 55
      vertex 42.0654 -56.6385 59.9
      vertex 42.0278 -56.6679 59.9
    endloop
  endfacet
  facet normal 0.134071 -0.171791 -0.975968
    outer loop
      vertex 42.0654 -56.6385 59.9
      vertex 28.951 -39.0359 55
      vertex 30.8315 -37.5683 55
    endloop
  endfacet
  facet normal 0.134069 -0.171793 -0.975968
    outer loop
      vertex 42.0654 -56.6385 59.9
      vertex 30.8315 -37.5683 55
      vertex 44.7577 -54.5374 59.9
    endloop
  endfacet
  facet normal 0.12527 -0.178304 -0.975969
    outer loop
      vertex 27.0007 -40.4094 55
      vertex 39.2356 -58.6344 59.9
      vertex 39.1966 -58.6618 59.9
    endloop
  endfacet
  facet normal 0.125474 -0.178166 -0.975968
    outer loop
      vertex 39.2356 -58.6344 59.9
      vertex 27.0007 -40.4094 55
      vertex 28.951 -39.0359 55
    endloop
  endfacet
  facet normal 0.0979778 -0.194648 -0.975968
    outer loop
      vertex 30.2075 -63.7568 59.9
      vertex 22.9099 -42.8614 55
      vertex 33.258 -62.2213 59.9
    endloop
  endfacet
  facet normal 0.0981872 -0.194548 -0.975966
    outer loop
      vertex 20.7792 -43.9339 55
      vertex 30.2075 -63.7568 59.9
      vertex 30.1649 -63.7783 59.9
    endloop
  endfacet
  facet normal 0.0979771 -0.194648 -0.975968
    outer loop
      vertex 30.2075 -63.7568 59.9
      vertex 20.7792 -43.9339 55
      vertex 22.9099 -42.8614 55
    endloop
  endfacet
  facet normal 0.0883042 -0.199222 -0.975968
    outer loop
      vertex 26.9991 -65.1815 59.9
      vertex 18.5984 -44.9005 55
      vertex 30.1213 -63.7976 59.9
    endloop
  endfacet
  facet normal 0.0159902 -0.217329 -0.975967
    outer loop
      vertex 6.86773 -70.2158 59.9
      vertex 4.76363 -48.366 55
      vertex 6.9153 -70.2123 59.9
    endloop
  endfacet
  facet normal 0.0160326 -0.217325 -0.975968
    outer loop
      vertex 4.76363 -48.366 55
      vertex 6.86773 -70.2158 59.9
      vertex 2.38469 -48.5415 55
    endloop
  endfacet
  facet normal 0.026678 -0.216276 -0.975968
    outer loop
      vertex 6.9153 -70.2123 59.9
      vertex 4.76363 -48.366 55
      vertex 10.3048 -69.7942 59.9
    endloop
  endfacet
  facet normal -0.206915 0.0683596 -0.975968
    outer loop
      vertex -66.4428 23.723 59.9
      vertex -45.759 16.3728 55
      vertex -46.5073 14.1078 55
    endloop
  endfacet
  facet normal -0.206866 0.0684986 -0.975969
    outer loop
      vertex -45.759 16.3728 55
      vertex -66.4428 23.723 59.9
      vertex -66.4278 23.7683 59.9
    endloop
  endfacet
  facet normal -0.210022 0.0581192 -0.975968
    outer loop
      vertex -67.5268 20.4342 59.9
      vertex -46.5073 14.1078 55
      vertex -47.1435 11.8088 55
    endloop
  endfacet
  facet normal -0.210059 0.0579946 -0.975967
    outer loop
      vertex -46.5073 14.1078 55
      vertex -67.5268 20.4342 59.9
      vertex -67.5141 20.4802 59.9
    endloop
  endfacet
  facet normal -0.21262 0.0477488 -0.975968
    outer loop
      vertex -47.1435 11.8088 55
      vertex -69.1859 13.8106 59.9
      vertex -68.4376 17.1427 59.9
    endloop
  endfacet
  facet normal -0.210023 0.0581161 -0.975968
    outer loop
      vertex -47.1435 11.8088 55
      vertex -68.4376 17.1427 59.9
      vertex -67.5268 20.4342 59.9
    endloop
  endfacet
  facet normal -0.214708 0.0372541 -0.975968
    outer loop
      vertex -48.074 7.1311 55
      vertex -69.7802 10.3991 59.9
      vertex -47.6662 9.48139 55
    endloop
  endfacet
  facet normal -0.214678 0.0374544 -0.975967
    outer loop
      vertex -69.7802 10.3991 59.9
      vertex -48.074 7.1311 55
      vertex -69.7884 10.3521 59.9
    endloop
  endfacet
  facet normal -0.194648 0.0979778 -0.975968
    outer loop
      vertex -42.8614 22.9099 55
      vertex -63.7568 30.2075 59.9
      vertex -62.2213 33.258 59.9
    endloop
  endfacet
  facet normal -0.199222 0.0883042 -0.975968
    outer loop
      vertex -44.9005 18.5984 55
      vertex -65.1815 26.9991 59.9
      vertex -63.7976 30.1213 59.9
    endloop
  endfacet
  facet normal -0.189603 0.107413 -0.975968
    outer loop
      vertex -60.538 36.2295 59.9
      vertex -41.6856 24.9854 55
      vertex -42.8614 22.9099 55
    endloop
  endfacet
  facet normal -0.189624 0.107378 -0.975968
    outer loop
      vertex -41.6856 24.9854 55
      vertex -60.538 36.2295 59.9
      vertex -60.5145 36.271 59.9
    endloop
  endfacet
  facet normal -0.184106 0.116586 -0.975968
    outer loop
      vertex -41.6856 24.9854 55
      vertex -60.4889 36.3113 59.9
      vertex -40.4094 27.0007 55
    endloop
  endfacet
  facet normal -0.183947 0.11685 -0.975966
    outer loop
      vertex -60.4889 36.3113 59.9
      vertex -41.6856 24.9854 55
      vertex -60.5145 36.271 59.9
    endloop
  endfacet
  facet normal -0.165008 0.142337 -0.975968
    outer loop
      vertex -37.5683 30.8315 55
      vertex -54.5374 44.7577 59.9
      vertex -52.3067 47.3437 59.9
    endloop
  endfacet
  facet normal -0.134071 0.171791 -0.975968
    outer loop
      vertex -42.0654 56.6385 59.9
      vertex -28.951 39.0359 55
      vertex -30.8315 37.5683 55
    endloop
  endfacet
  facet normal -0.134232 0.171671 -0.975967
    outer loop
      vertex -28.951 39.0359 55
      vertex -42.0654 56.6385 59.9
      vertex -42.0278 56.6679 59.9
    endloop
  endfacet
  facet normal -0.134069 0.171793 -0.975968
    outer loop
      vertex -30.8315 37.5683 55
      vertex -44.7577 54.5374 59.9
      vertex -42.0654 56.6385 59.9
    endloop
  endfacet
  facet normal -0.125474 0.178166 -0.975968
    outer loop
      vertex -39.2356 58.6344 59.9
      vertex -27.0007 40.4094 55
      vertex -28.951 39.0359 55
    endloop
  endfacet
  facet normal -0.12527 0.178304 -0.975969
    outer loop
      vertex -27.0007 40.4094 55
      vertex -39.2356 58.6344 59.9
      vertex -39.1966 58.6618 59.9
    endloop
  endfacet
  facet normal -0.0979778 0.194648 -0.975968
    outer loop
      vertex -22.9099 42.8614 55
      vertex -33.258 62.2213 59.9
      vertex -30.2075 63.7568 59.9
    endloop
  endfacet
  facet normal -0.0979771 0.194648 -0.975968
    outer loop
      vertex -30.2075 63.7568 59.9
      vertex -20.7792 43.9339 55
      vertex -22.9099 42.8614 55
    endloop
  endfacet
  facet normal -0.0981872 0.194548 -0.975966
    outer loop
      vertex -20.7792 43.9339 55
      vertex -30.2075 63.7568 59.9
      vertex -30.1649 63.7783 59.9
    endloop
  endfacet
  facet normal -0.0883042 0.199222 -0.975968
    outer loop
      vertex -18.5984 44.9005 55
      vertex -30.1213 63.7976 59.9
      vertex -26.9991 65.1815 59.9
    endloop
  endfacet
  facet normal -0.0160287 0.217326 -0.975968
    outer loop
      vertex -2.38469 48.5415 55
      vertex -6.86773 70.2158 59.9
      vertex -3.46182 70.467 59.9
    endloop
  endfacet
  facet normal -0.0160326 0.217325 -0.975968
    outer loop
      vertex -4.76363 48.366 55
      vertex -6.86773 70.2158 59.9
      vertex -2.38469 48.5415 55
    endloop
  endfacet
  facet normal -0.0159902 0.217329 -0.975967
    outer loop
      vertex -6.86773 70.2158 59.9
      vertex -4.76363 48.366 55
      vertex -6.9153 70.2123 59.9
    endloop
  endfacet
  facet normal 0.0684986 0.206866 -0.975969
    outer loop
      vertex 16.3728 45.759 55
      vertex 23.723 66.4428 59.9
      vertex 23.7683 66.4278 59.9
    endloop
  endfacet
  facet normal 0.0683596 0.206915 -0.975968
    outer loop
      vertex 23.723 66.4428 59.9
      vertex 16.3728 45.759 55
      vertex 14.1078 46.5073 55
    endloop
  endfacet
  facet normal 0.0579946 0.210059 -0.975967
    outer loop
      vertex 14.1078 46.5073 55
      vertex 20.4342 67.5268 59.9
      vertex 20.4802 67.5141 59.9
    endloop
  endfacet
  facet normal 0.0581192 0.210022 -0.975968
    outer loop
      vertex 20.4342 67.5268 59.9
      vertex 14.1078 46.5073 55
      vertex 11.8088 47.1435 55
    endloop
  endfacet
  facet normal 0.0477488 0.21262 -0.975968
    outer loop
      vertex 17.1427 68.4376 59.9
      vertex 11.8088 47.1435 55
      vertex 13.8106 69.1859 59.9
    endloop
  endfacet
  facet normal 0.0581161 0.210023 -0.975968
    outer loop
      vertex 20.4342 67.5268 59.9
      vertex 11.8088 47.1435 55
      vertex 17.1427 68.4376 59.9
    endloop
  endfacet
  facet normal 0.0265229 0.216299 -0.975967
    outer loop
      vertex 7.1311 48.074 55
      vertex 10.3048 69.7942 59.9
      vertex 10.3521 69.7884 59.9
    endloop
  endfacet
  facet normal 0.0266753 0.216277 -0.975968
    outer loop
      vertex 10.3048 69.7942 59.9
      vertex 7.1311 48.074 55
      vertex 4.76363 48.366 55
    endloop
  endfacet
  facet normal 0.0979778 0.194648 -0.975968
    outer loop
      vertex 33.258 62.2213 59.9
      vertex 22.9099 42.8614 55
      vertex 30.2075 63.7568 59.9
    endloop
  endfacet
  facet normal 0.0883042 0.199222 -0.975968
    outer loop
      vertex 30.1213 63.7976 59.9
      vertex 18.5984 44.9005 55
      vertex 26.9991 65.1815 59.9
    endloop
  endfacet
  facet normal 0.107378 0.189624 -0.975968
    outer loop
      vertex 24.9854 41.6856 55
      vertex 36.2295 60.538 59.9
      vertex 36.271 60.5145 59.9
    endloop
  endfacet
  facet normal 0.107413 0.189603 -0.975968
    outer loop
      vertex 36.2295 60.538 59.9
      vertex 24.9854 41.6856 55
      vertex 22.9099 42.8614 55
    endloop
  endfacet
  facet normal 0.116586 0.184106 -0.975968
    outer loop
      vertex 24.9854 41.6856 55
      vertex 36.3113 60.4889 59.9
      vertex 27.0007 40.4094 55
    endloop
  endfacet
  facet normal 0.11685 0.183947 -0.975966
    outer loop
      vertex 36.3113 60.4889 59.9
      vertex 24.9854 41.6856 55
      vertex 36.271 60.5145 59.9
    endloop
  endfacet
  facet normal 0.142337 0.165008 -0.975968
    outer loop
      vertex 47.3437 52.3067 59.9
      vertex 30.8315 37.5683 55
      vertex 44.7577 54.5374 59.9
    endloop
  endfacet
  facet normal 0.194548 0.0981872 -0.975966
    outer loop
      vertex 43.9339 20.7792 55
      vertex 63.7568 30.2075 59.9
      vertex 63.7783 30.1649 59.9
    endloop
  endfacet
  facet normal 0.194648 0.0979771 -0.975968
    outer loop
      vertex 63.7568 30.2075 59.9
      vertex 43.9339 20.7792 55
      vertex 42.8614 22.9099 55
    endloop
  endfacet
  facet normal 0.199223 0.0883022 -0.975968
    outer loop
      vertex 43.9339 20.7792 55
      vertex 63.7976 30.1213 59.9
      vertex 44.9005 18.5984 55
    endloop
  endfacet
  facet normal 0.199268 0.0882079 -0.975967
    outer loop
      vertex 63.7976 30.1213 59.9
      vertex 43.9339 20.7792 55
      vertex 63.7783 30.1649 59.9
    endloop
  endfacet
  facet normal 0.189603 0.107413 -0.975968
    outer loop
      vertex 41.6856 24.9854 55
      vertex 60.538 36.2295 59.9
      vertex 42.8614 22.9099 55
    endloop
  endfacet
  facet normal 0.189624 0.107378 -0.975968
    outer loop
      vertex 60.538 36.2295 59.9
      vertex 41.6856 24.9854 55
      vertex 60.5145 36.271 59.9
    endloop
  endfacet
  facet normal 0.21259 -0.0479011 -0.975967
    outer loop
      vertex 69.1859 -13.8106 59.9
      vertex 47.6662 -9.48139 55
      vertex 69.1964 -13.764 59.9
    endloop
  endfacet
  facet normal 0.21262 -0.0477511 -0.975968
    outer loop
      vertex 47.6662 -9.48139 55
      vertex 69.1859 -13.8106 59.9
      vertex 47.1435 -11.8088 55
    endloop
  endfacet
  facet normal 0.216299 -0.0265229 -0.975967
    outer loop
      vertex 48.074 -7.1311 55
      vertex 69.7942 -10.3048 59.9
      vertex 69.7884 -10.3521 59.9
    endloop
  endfacet
  facet normal 0.216277 -0.0266753 -0.975968
    outer loop
      vertex 69.7942 -10.3048 59.9
      vertex 48.074 -7.1311 55
      vertex 48.366 -4.76363 55
    endloop
  endfacet
  facet normal -0.216299 -0.0265229 -0.975967
    outer loop
      vertex -69.7942 -10.3048 59.9
      vertex -48.074 -7.1311 55
      vertex -69.7884 -10.3521 59.9
    endloop
  endfacet
  facet normal -0.216277 -0.0266753 -0.975968
    outer loop
      vertex -48.074 -7.1311 55
      vertex -69.7942 -10.3048 59.9
      vertex -48.366 -4.76363 55
    endloop
  endfacet
  facet normal -0.217326 -0.0160287 -0.975968
    outer loop
      vertex -70.2158 -6.86773 59.9
      vertex -70.467 -3.46182 59.9
      vertex -48.5415 -2.38469 55
    endloop
  endfacet
  facet normal -0.21262 -0.0477488 -0.975968
    outer loop
      vertex -68.4376 -17.1427 59.9
      vertex -69.1859 -13.8106 59.9
      vertex -47.1435 -11.8088 55
    endloop
  endfacet
  facet normal -0.21262 -0.0477511 -0.975968
    outer loop
      vertex -69.1859 -13.8106 59.9
      vertex -47.6662 -9.48139 55
      vertex -47.1435 -11.8088 55
    endloop
  endfacet
  facet normal -0.21259 -0.0479011 -0.975967
    outer loop
      vertex -47.6662 -9.48139 55
      vertex -69.1859 -13.8106 59.9
      vertex -69.1964 -13.764 59.9
    endloop
  endfacet
  facet normal -0.206866 -0.0684986 -0.975969
    outer loop
      vertex -66.4428 -23.723 59.9
      vertex -45.759 -16.3728 55
      vertex -66.4278 -23.7683 59.9
    endloop
  endfacet
  facet normal -0.206915 -0.0683596 -0.975968
    outer loop
      vertex -45.759 -16.3728 55
      vertex -66.4428 -23.723 59.9
      vertex -46.5073 -14.1078 55
    endloop
  endfacet
  facet normal -0.194648 -0.0979771 -0.975968
    outer loop
      vertex -63.7568 -30.2075 59.9
      vertex -43.9339 -20.7792 55
      vertex -42.8614 -22.9099 55
    endloop
  endfacet
  facet normal -0.194548 -0.0981872 -0.975966
    outer loop
      vertex -43.9339 -20.7792 55
      vertex -63.7568 -30.2075 59.9
      vertex -63.7783 -30.1649 59.9
    endloop
  endfacet
  facet normal -0.199268 -0.0882079 -0.975967
    outer loop
      vertex -63.7976 -30.1213 59.9
      vertex -43.9339 -20.7792 55
      vertex -63.7783 -30.1649 59.9
    endloop
  endfacet
  facet normal -0.199223 -0.0883022 -0.975968
    outer loop
      vertex -43.9339 -20.7792 55
      vertex -63.7976 -30.1213 59.9
      vertex -44.9005 -18.5984 55
    endloop
  endfacet
  facet normal -0.194648 -0.0979778 -0.975968
    outer loop
      vertex -62.2213 -33.258 59.9
      vertex -63.7568 -30.2075 59.9
      vertex -42.8614 -22.9099 55
    endloop
  endfacet
  facet normal -0.189607 -0.107409 -0.975968
    outer loop
      vertex -60.538 -36.2295 59.9
      vertex -62.2213 -33.258 59.9
      vertex -42.8614 -22.9099 55
    endloop
  endfacet
  facet normal -0.12527 -0.178304 -0.975969
    outer loop
      vertex -39.2356 -58.6344 59.9
      vertex -27.0007 -40.4094 55
      vertex -39.1966 -58.6618 59.9
    endloop
  endfacet
  facet normal -0.125474 -0.178166 -0.975968
    outer loop
      vertex -27.0007 -40.4094 55
      vertex -39.2356 -58.6344 59.9
      vertex -28.951 -39.0359 55
    endloop
  endfacet
  facet normal -0.107413 -0.189603 -0.975968
    outer loop
      vertex -36.2295 -60.538 59.9
      vertex -24.9854 -41.6856 55
      vertex -22.9099 -42.8614 55
    endloop
  endfacet
  facet normal -0.107378 -0.189624 -0.975968
    outer loop
      vertex -24.9854 -41.6856 55
      vertex -36.2295 -60.538 59.9
      vertex -36.271 -60.5145 59.9
    endloop
  endfacet
  facet normal -0.107409 -0.189607 -0.975968
    outer loop
      vertex -33.258 -62.2213 59.9
      vertex -36.2295 -60.538 59.9
      vertex -22.9099 -42.8614 55
    endloop
  endfacet
  facet normal -0.0266753 -0.216277 -0.975968
    outer loop
      vertex -10.3048 -69.7942 59.9
      vertex -7.1311 -48.074 55
      vertex -4.76363 -48.366 55
    endloop
  endfacet
  facet normal -0.0265229 -0.216299 -0.975967
    outer loop
      vertex -7.1311 -48.074 55
      vertex -10.3048 -69.7942 59.9
      vertex -10.3521 -69.7884 59.9
    endloop
  endfacet
  facet normal -0.0374544 -0.214678 -0.975967
    outer loop
      vertex -10.3991 -69.7802 59.9
      vertex -7.1311 -48.074 55
      vertex -10.3521 -69.7884 59.9
    endloop
  endfacet
  facet normal -0.0372541 -0.214708 -0.975968
    outer loop
      vertex -7.1311 -48.074 55
      vertex -10.3991 -69.7802 59.9
      vertex -9.48139 -47.6662 55
    endloop
  endfacet
  facet normal 0.203408 -0.0781634 -0.975969
    outer loop
      vertex 66.4107 -23.8128 59.9
      vertex 45.759 -16.3728 55
      vertex 66.4278 -23.7683 59.9
    endloop
  endfacet
  facet normal 0.203313 -0.0784256 -0.975968
    outer loop
      vertex 45.759 -16.3728 55
      vertex 66.4107 -23.8128 59.9
      vertex 44.9005 -18.5984 55
    endloop
  endfacet
  facet normal 0.203311 -0.0784327 -0.975968
    outer loop
      vertex 65.1815 -26.9991 59.9
      vertex 44.9005 -18.5984 55
      vertex 66.4107 -23.8128 59.9
    endloop
  endfacet
  facet normal 0.116585 -0.184107 -0.975968
    outer loop
      vertex 36.3113 -60.4889 59.9
      vertex 27.0007 -40.4094 55
      vertex 39.1966 -58.6618 59.9
    endloop
  endfacet
  facet normal 0.0581161 -0.210023 -0.975968
    outer loop
      vertex 17.1427 -68.4376 59.9
      vertex 11.8088 -47.1435 55
      vertex 20.4342 -67.5268 59.9
    endloop
  endfacet
  facet normal 0.0579946 -0.210059 -0.975967
    outer loop
      vertex 20.4342 -67.5268 59.9
      vertex 14.1078 -46.5073 55
      vertex 20.4802 -67.5141 59.9
    endloop
  endfacet
  facet normal 0.0581192 -0.210022 -0.975968
    outer loop
      vertex 14.1078 -46.5073 55
      vertex 20.4342 -67.5268 59.9
      vertex 11.8088 -47.1435 55
    endloop
  endfacet
  facet normal 0.0781634 -0.203408 -0.975969
    outer loop
      vertex 16.3728 -45.759 55
      vertex 23.8128 -66.4107 59.9
      vertex 23.7683 -66.4278 59.9
    endloop
  endfacet
  facet normal 0.0784256 -0.203313 -0.975968
    outer loop
      vertex 23.8128 -66.4107 59.9
      vertex 16.3728 -45.759 55
      vertex 18.5984 -44.9005 55
    endloop
  endfacet
  facet normal 0.0784327 -0.203311 -0.975968
    outer loop
      vertex 23.8128 -66.4107 59.9
      vertex 18.5984 -44.9005 55
      vertex 26.9991 -65.1815 59.9
    endloop
  endfacet
  facet normal 0.0882079 -0.199268 -0.975967
    outer loop
      vertex 30.1213 -63.7976 59.9
      vertex 20.7792 -43.9339 55
      vertex 30.1649 -63.7783 59.9
    endloop
  endfacet
  facet normal 0.0883022 -0.199223 -0.975968
    outer loop
      vertex 20.7792 -43.9339 55
      vertex 30.1213 -63.7976 59.9
      vertex 18.5984 -44.9005 55
    endloop
  endfacet
  facet normal 0.0265229 -0.216299 -0.975967
    outer loop
      vertex 10.3048 -69.7942 59.9
      vertex 7.1311 -48.074 55
      vertex 10.3521 -69.7884 59.9
    endloop
  endfacet
  facet normal 0.0266753 -0.216277 -0.975968
    outer loop
      vertex 7.1311 -48.074 55
      vertex 10.3048 -69.7942 59.9
      vertex 4.76363 -48.366 55
    endloop
  endfacet
  facet normal 0.0160287 -0.217326 -0.975968
    outer loop
      vertex 3.46182 -70.467 59.9
      vertex 2.38469 -48.5415 55
      vertex 6.86773 -70.2158 59.9
    endloop
  endfacet
  facet normal -0.21262 0.0477511 -0.975968
    outer loop
      vertex -47.6662 9.48139 55
      vertex -69.1859 13.8106 59.9
      vertex -47.1435 11.8088 55
    endloop
  endfacet
  facet normal -0.21259 0.0479011 -0.975967
    outer loop
      vertex -69.1859 13.8106 59.9
      vertex -47.6662 9.48139 55
      vertex -69.1964 13.764 59.9
    endloop
  endfacet
  facet normal -0.216277 0.0266753 -0.975968
    outer loop
      vertex -69.7942 10.3048 59.9
      vertex -48.074 7.1311 55
      vertex -48.366 4.76363 55
    endloop
  endfacet
  facet normal -0.216299 0.0265229 -0.975967
    outer loop
      vertex -48.074 7.1311 55
      vertex -69.7942 10.3048 59.9
      vertex -69.7884 10.3521 59.9
    endloop
  endfacet
  facet normal -0.203313 0.0784256 -0.975968
    outer loop
      vertex -45.759 16.3728 55
      vertex -66.4107 23.8128 59.9
      vertex -44.9005 18.5984 55
    endloop
  endfacet
  facet normal -0.203408 0.0781634 -0.975969
    outer loop
      vertex -66.4107 23.8128 59.9
      vertex -45.759 16.3728 55
      vertex -66.4278 23.7683 59.9
    endloop
  endfacet
  facet normal -0.203311 0.0784327 -0.975968
    outer loop
      vertex -44.9005 18.5984 55
      vertex -66.4107 23.8128 59.9
      vertex -65.1815 26.9991 59.9
    endloop
  endfacet
  facet normal -0.116585 0.184107 -0.975968
    outer loop
      vertex -27.0007 40.4094 55
      vertex -39.1966 58.6618 59.9
      vertex -36.3113 60.4889 59.9
    endloop
  endfacet
  facet normal -0.0581161 0.210023 -0.975968
    outer loop
      vertex -11.8088 47.1435 55
      vertex -20.4342 67.5268 59.9
      vertex -17.1427 68.4376 59.9
    endloop
  endfacet
  facet normal -0.0581192 0.210022 -0.975968
    outer loop
      vertex -14.1078 46.5073 55
      vertex -20.4342 67.5268 59.9
      vertex -11.8088 47.1435 55
    endloop
  endfacet
  facet normal -0.0579946 0.210059 -0.975967
    outer loop
      vertex -20.4342 67.5268 59.9
      vertex -14.1078 46.5073 55
      vertex -20.4802 67.5141 59.9
    endloop
  endfacet
  facet normal -0.0784256 0.203313 -0.975968
    outer loop
      vertex -23.8128 66.4107 59.9
      vertex -16.3728 45.759 55
      vertex -18.5984 44.9005 55
    endloop
  endfacet
  facet normal -0.0781634 0.203408 -0.975969
    outer loop
      vertex -16.3728 45.759 55
      vertex -23.8128 66.4107 59.9
      vertex -23.7683 66.4278 59.9
    endloop
  endfacet
  facet normal -0.0784327 0.203311 -0.975968
    outer loop
      vertex -18.5984 44.9005 55
      vertex -26.9991 65.1815 59.9
      vertex -23.8128 66.4107 59.9
    endloop
  endfacet
  facet normal -0.0883022 0.199223 -0.975968
    outer loop
      vertex -20.7792 43.9339 55
      vertex -30.1213 63.7976 59.9
      vertex -18.5984 44.9005 55
    endloop
  endfacet
  facet normal -0.0882079 0.199268 -0.975967
    outer loop
      vertex -30.1213 63.7976 59.9
      vertex -20.7792 43.9339 55
      vertex -30.1649 63.7783 59.9
    endloop
  endfacet
  facet normal -0.0266753 0.216277 -0.975968
    outer loop
      vertex -7.1311 48.074 55
      vertex -10.3048 69.7942 59.9
      vertex -4.76363 48.366 55
    endloop
  endfacet
  facet normal -0.0265229 0.216299 -0.975967
    outer loop
      vertex -10.3048 69.7942 59.9
      vertex -7.1311 48.074 55
      vertex -10.3521 69.7884 59.9
    endloop
  endfacet
  facet normal -0.026678 0.216276 -0.975968
    outer loop
      vertex -4.76363 48.366 55
      vertex -10.3048 69.7942 59.9
      vertex -6.9153 70.2123 59.9
    endloop
  endfacet
  facet normal 0.0477511 0.21262 -0.975968
    outer loop
      vertex 9.48139 47.6662 55
      vertex 13.8106 69.1859 59.9
      vertex 11.8088 47.1435 55
    endloop
  endfacet
  facet normal 0.0479011 0.21259 -0.975967
    outer loop
      vertex 13.8106 69.1859 59.9
      vertex 9.48139 47.6662 55
      vertex 13.764 69.1964 59.9
    endloop
  endfacet
  facet normal 0.0372541 0.214708 -0.975968
    outer loop
      vertex 7.1311 48.074 55
      vertex 10.3991 69.7802 59.9
      vertex 9.48139 47.6662 55
    endloop
  endfacet
  facet normal 0.0374544 0.214678 -0.975967
    outer loop
      vertex 10.3991 69.7802 59.9
      vertex 7.1311 48.074 55
      vertex 10.3521 69.7884 59.9
    endloop
  endfacet
  facet normal 0.0784256 0.203313 -0.975968
    outer loop
      vertex 16.3728 45.759 55
      vertex 23.8128 66.4107 59.9
      vertex 18.5984 44.9005 55
    endloop
  endfacet
  facet normal 0.0781634 0.203408 -0.975969
    outer loop
      vertex 23.8128 66.4107 59.9
      vertex 16.3728 45.759 55
      vertex 23.7683 66.4278 59.9
    endloop
  endfacet
  facet normal 0.0784327 0.203311 -0.975968
    outer loop
      vertex 26.9991 65.1815 59.9
      vertex 18.5984 44.9005 55
      vertex 23.8128 66.4107 59.9
    endloop
  endfacet
  facet normal -0.134232 -0.171671 -0.975967
    outer loop
      vertex -42.0654 -56.6385 59.9
      vertex -28.951 -39.0359 55
      vertex -42.0278 -56.6679 59.9
    endloop
  endfacet
  facet normal -0.134071 -0.171791 -0.975968
    outer loop
      vertex -28.951 -39.0359 55
      vertex -42.0654 -56.6385 59.9
      vertex -30.8315 -37.5683 55
    endloop
  endfacet
  facet normal -0.125478 -0.178164 -0.975968
    outer loop
      vertex -39.2356 -58.6344 59.9
      vertex -42.0278 -56.6679 59.9
      vertex -28.951 -39.0359 55
    endloop
  endfacet
  facet normal -0.11685 -0.183947 -0.975966
    outer loop
      vertex -36.3113 -60.4889 59.9
      vertex -24.9854 -41.6856 55
      vertex -36.271 -60.5145 59.9
    endloop
  endfacet
  facet normal -0.116586 -0.184106 -0.975968
    outer loop
      vertex -24.9854 -41.6856 55
      vertex -36.3113 -60.4889 59.9
      vertex -27.0007 -40.4094 55
    endloop
  endfacet
  facet normal -0.116585 -0.184107 -0.975968
    outer loop
      vertex -36.3113 -60.4889 59.9
      vertex -39.1966 -58.6618 59.9
      vertex -27.0007 -40.4094 55
    endloop
  endfacet
  facet normal -0.0981872 -0.194548 -0.975966
    outer loop
      vertex -30.2075 -63.7568 59.9
      vertex -20.7792 -43.9339 55
      vertex -30.1649 -63.7783 59.9
    endloop
  endfacet
  facet normal -0.0979771 -0.194648 -0.975968
    outer loop
      vertex -20.7792 -43.9339 55
      vertex -30.2075 -63.7568 59.9
      vertex -22.9099 -42.8614 55
    endloop
  endfacet
  facet normal 0.199268 -0.0882079 -0.975967
    outer loop
      vertex 43.9339 -20.7792 55
      vertex 63.7976 -30.1213 59.9
      vertex 63.7783 -30.1649 59.9
    endloop
  endfacet
  facet normal 0.199223 -0.0883022 -0.975968
    outer loop
      vertex 63.7976 -30.1213 59.9
      vertex 43.9339 -20.7792 55
      vertex 44.9005 -18.5984 55
    endloop
  endfacet
  facet normal 0.11685 -0.183947 -0.975966
    outer loop
      vertex 24.9854 -41.6856 55
      vertex 36.3113 -60.4889 59.9
      vertex 36.271 -60.5145 59.9
    endloop
  endfacet
  facet normal 0.116586 -0.184106 -0.975968
    outer loop
      vertex 36.3113 -60.4889 59.9
      vertex 24.9854 -41.6856 55
      vertex 27.0007 -40.4094 55
    endloop
  endfacet
  facet normal 0.107378 -0.189624 -0.975968
    outer loop
      vertex 36.2295 -60.538 59.9
      vertex 24.9854 -41.6856 55
      vertex 36.271 -60.5145 59.9
    endloop
  endfacet
  facet normal 0.107413 -0.189603 -0.975968
    outer loop
      vertex 24.9854 -41.6856 55
      vertex 36.2295 -60.538 59.9
      vertex 22.9099 -42.8614 55
    endloop
  endfacet
  facet normal 0.0477488 -0.21262 -0.975968
    outer loop
      vertex 13.8106 -69.1859 59.9
      vertex 11.8088 -47.1435 55
      vertex 17.1427 -68.4376 59.9
    endloop
  endfacet
  facet normal 0.0479011 -0.21259 -0.975967
    outer loop
      vertex 9.48139 -47.6662 55
      vertex 13.8106 -69.1859 59.9
      vertex 13.764 -69.1964 59.9
    endloop
  endfacet
  facet normal 0.0477511 -0.21262 -0.975968
    outer loop
      vertex 13.8106 -69.1859 59.9
      vertex 9.48139 -47.6662 55
      vertex 11.8088 -47.1435 55
    endloop
  endfacet
  facet normal -0.199223 0.0883022 -0.975968
    outer loop
      vertex -63.7976 30.1213 59.9
      vertex -43.9339 20.7792 55
      vertex -44.9005 18.5984 55
    endloop
  endfacet
  facet normal -0.199268 0.0882079 -0.975967
    outer loop
      vertex -43.9339 20.7792 55
      vertex -63.7976 30.1213 59.9
      vertex -63.7783 30.1649 59.9
    endloop
  endfacet
  facet normal -0.116586 0.184106 -0.975968
    outer loop
      vertex -36.3113 60.4889 59.9
      vertex -24.9854 41.6856 55
      vertex -27.0007 40.4094 55
    endloop
  endfacet
  facet normal -0.11685 0.183947 -0.975966
    outer loop
      vertex -24.9854 41.6856 55
      vertex -36.3113 60.4889 59.9
      vertex -36.271 60.5145 59.9
    endloop
  endfacet
  facet normal -0.107413 0.189603 -0.975968
    outer loop
      vertex -24.9854 41.6856 55
      vertex -36.2295 60.538 59.9
      vertex -22.9099 42.8614 55
    endloop
  endfacet
  facet normal -0.107378 0.189624 -0.975968
    outer loop
      vertex -36.2295 60.538 59.9
      vertex -24.9854 41.6856 55
      vertex -36.271 60.5145 59.9
    endloop
  endfacet
  facet normal -0.0477488 0.21262 -0.975968
    outer loop
      vertex -11.8088 47.1435 55
      vertex -17.1427 68.4376 59.9
      vertex -13.8106 69.1859 59.9
    endloop
  endfacet
  facet normal -0.0477511 0.21262 -0.975968
    outer loop
      vertex -13.8106 69.1859 59.9
      vertex -9.48139 47.6662 55
      vertex -11.8088 47.1435 55
    endloop
  endfacet
  facet normal -0.0479011 0.21259 -0.975967
    outer loop
      vertex -9.48139 47.6662 55
      vertex -13.8106 69.1859 59.9
      vertex -13.764 69.1964 59.9
    endloop
  endfacet
  facet normal 0.0882079 0.199268 -0.975967
    outer loop
      vertex 20.7792 43.9339 55
      vertex 30.1213 63.7976 59.9
      vertex 30.1649 63.7783 59.9
    endloop
  endfacet
  facet normal 0.0883022 0.199223 -0.975968
    outer loop
      vertex 30.1213 63.7976 59.9
      vertex 20.7792 43.9339 55
      vertex 18.5984 44.9005 55
    endloop
  endfacet
  facet normal 0.999699 -0.0245241 0
    outer loop
      vertex 48.5415 -2.38469 55
      vertex 48.6 0 0
      vertex 48.6 0 55
    endloop
  endfacet
  facet normal 0.999699 -0.0245241 0
    outer loop
      vertex 48.6 0 0
      vertex 48.5415 -2.38469 55
      vertex 48.5415 -2.38469 0
    endloop
  endfacet
  facet normal -0.999699 -0.0245241 0
    outer loop
      vertex -48.5415 -2.38469 0
      vertex -48.6 0 55
      vertex -48.6 0 0
    endloop
  endfacet
  facet normal -0.999699 -0.0245241 0
    outer loop
      vertex -48.6 0 55
      vertex -48.5415 -2.38469 0
      vertex -48.5415 -2.38469 55
    endloop
  endfacet
  facet normal -0.0245241 -0.999699 0
    outer loop
      vertex -2.38469 -48.5415 0
      vertex 0 -48.6 55
      vertex -2.38469 -48.5415 55
    endloop
  endfacet
  facet normal -0.0245241 -0.999699 -0
    outer loop
      vertex 0 -48.6 55
      vertex -2.38469 -48.5415 0
      vertex 0 -48.6 0
    endloop
  endfacet
  facet normal 0.0245241 0.999699 -0
    outer loop
      vertex 2.38469 48.5415 0
      vertex 0 48.6 55
      vertex 2.38469 48.5415 55
    endloop
  endfacet
  facet normal 0.0245241 0.999699 0
    outer loop
      vertex 0 48.6 55
      vertex 2.38469 48.5415 0
      vertex 0 48.6 0
    endloop
  endfacet
  facet normal 0.689538 -0.72425 0
    outer loop
      vertex 32.6378 -36.0102 0
      vertex 34.3654 -34.3654 55
      vertex 32.6378 -36.0102 55
    endloop
  endfacet
  facet normal 0.689538 -0.72425 0
    outer loop
      vertex 34.3654 -34.3654 55
      vertex 32.6378 -36.0102 0
      vertex 34.3654 -34.3654 0
    endloop
  endfacet
  facet normal -0.72425 -0.689538 0
    outer loop
      vertex -34.3654 -34.3654 0
      vertex -36.0102 -32.6378 55
      vertex -36.0102 -32.6378 0
    endloop
  endfacet
  facet normal -0.72425 -0.689538 0
    outer loop
      vertex -36.0102 -32.6378 55
      vertex -34.3654 -34.3654 0
      vertex -34.3654 -34.3654 55
    endloop
  endfacet
  facet normal -0.405213 -0.914223 0
    outer loop
      vertex -20.7792 -43.9339 0
      vertex -18.5984 -44.9005 55
      vertex -20.7792 -43.9339 55
    endloop
  endfacet
  facet normal -0.405213 -0.914223 -0
    outer loop
      vertex -18.5984 -44.9005 55
      vertex -20.7792 -43.9339 0
      vertex -18.5984 -44.9005 0
    endloop
  endfacet
  facet normal 0.914223 -0.405213 0
    outer loop
      vertex 43.9339 -20.7792 55
      vertex 44.9005 -18.5984 0
      vertex 44.9005 -18.5984 55
    endloop
  endfacet
  facet normal 0.914223 -0.405213 0
    outer loop
      vertex 44.9005 -18.5984 0
      vertex 43.9339 -20.7792 55
      vertex 43.9339 -20.7792 0
    endloop
  endfacet
  facet normal 0.359892 -0.932994 0
    outer loop
      vertex 16.3728 -45.759 0
      vertex 18.5984 -44.9005 55
      vertex 16.3728 -45.759 55
    endloop
  endfacet
  facet normal 0.359892 -0.932994 0
    outer loop
      vertex 18.5984 -44.9005 55
      vertex 16.3728 -45.759 0
      vertex 18.5984 -44.9005 0
    endloop
  endfacet
  facet normal 0.535005 -0.844849 0
    outer loop
      vertex 24.9854 -41.6856 0
      vertex 27.0007 -40.4094 55
      vertex 24.9854 -41.6856 55
    endloop
  endfacet
  facet normal 0.535005 -0.844849 0
    outer loop
      vertex 27.0007 -40.4094 55
      vertex 24.9854 -41.6856 0
      vertex 27.0007 -40.4094 0
    endloop
  endfacet
  facet normal -0.914223 -0.405213 0
    outer loop
      vertex -43.9339 -20.7792 0
      vertex -44.9005 -18.5984 55
      vertex -44.9005 -18.5984 0
    endloop
  endfacet
  facet normal -0.914223 -0.405213 0
    outer loop
      vertex -44.9005 -18.5984 55
      vertex -43.9339 -20.7792 0
      vertex -43.9339 -20.7792 55
    endloop
  endfacet
  facet normal -0.219126 -0.975697 0
    outer loop
      vertex -11.8088 -47.1435 0
      vertex -9.48139 -47.6662 55
      vertex -11.8088 -47.1435 55
    endloop
  endfacet
  facet normal -0.219126 -0.975697 -0
    outer loop
      vertex -9.48139 -47.6662 55
      vertex -11.8088 -47.1435 0
      vertex -9.48139 -47.6662 0
    endloop
  endfacet
  facet normal 0.219126 0.975697 -0
    outer loop
      vertex 11.8088 47.1435 0
      vertex 9.48139 47.6662 55
      vertex 11.8088 47.1435 55
    endloop
  endfacet
  facet normal 0.219126 0.975697 0
    outer loop
      vertex 9.48139 47.6662 55
      vertex 11.8088 47.1435 0
      vertex 9.48139 47.6662 0
    endloop
  endfacet
  facet normal 0.975697 -0.219126 0
    outer loop
      vertex 47.1435 -11.8088 55
      vertex 47.6662 -9.48139 0
      vertex 47.6662 -9.48139 55
    endloop
  endfacet
  facet normal 0.975697 -0.219126 0
    outer loop
      vertex 47.6662 -9.48139 0
      vertex 47.1435 -11.8088 55
      vertex 47.1435 -11.8088 0
    endloop
  endfacet
  facet normal 0.817596 -0.575792 0
    outer loop
      vertex 39.0359 -28.951 55
      vertex 40.4094 -27.0007 0
      vertex 40.4094 -27.0007 55
    endloop
  endfacet
  facet normal 0.817596 -0.575792 0
    outer loop
      vertex 40.4094 -27.0007 0
      vertex 39.0359 -28.951 55
      vertex 39.0359 -28.951 0
    endloop
  endfacet
  facet normal 0.870079 -0.492912 0
    outer loop
      vertex 41.6856 -24.9854 55
      vertex 42.8614 -22.9099 0
      vertex 42.8614 -22.9099 55
    endloop
  endfacet
  facet normal 0.870079 -0.492912 0
    outer loop
      vertex 42.8614 -22.9099 0
      vertex 41.6856 -24.9854 55
      vertex 41.6856 -24.9854 0
    endloop
  endfacet
  facet normal 0.170956 -0.985279 0
    outer loop
      vertex 7.1311 -48.074 0
      vertex 9.48139 -47.6662 55
      vertex 7.1311 -48.074 55
    endloop
  endfacet
  facet normal 0.170956 -0.985279 0
    outer loop
      vertex 9.48139 -47.6662 55
      vertex 7.1311 -48.074 0
      vertex 9.48139 -47.6662 0
    endloop
  endfacet
  facet normal 0.615243 -0.788338 0
    outer loop
      vertex 28.951 -39.0359 0
      vertex 30.8315 -37.5683 55
      vertex 28.951 -39.0359 55
    endloop
  endfacet
  facet normal 0.615243 -0.788338 0
    outer loop
      vertex 30.8315 -37.5683 55
      vertex 28.951 -39.0359 0
      vertex 30.8315 -37.5683 0
    endloop
  endfacet
  facet normal -0.975697 -0.219126 0
    outer loop
      vertex -47.1435 -11.8088 0
      vertex -47.6662 -9.48139 55
      vertex -47.6662 -9.48139 0
    endloop
  endfacet
  facet normal -0.975697 -0.219126 0
    outer loop
      vertex -47.6662 -9.48139 55
      vertex -47.1435 -11.8088 0
      vertex -47.1435 -11.8088 55
    endloop
  endfacet
  facet normal -0.817596 -0.575792 0
    outer loop
      vertex -39.0359 -28.951 0
      vertex -40.4094 -27.0007 55
      vertex -40.4094 -27.0007 0
    endloop
  endfacet
  facet normal -0.817596 -0.575792 0
    outer loop
      vertex -40.4094 -27.0007 55
      vertex -39.0359 -28.951 0
      vertex -39.0359 -28.951 55
    endloop
  endfacet
  facet normal -0.575792 -0.817596 0
    outer loop
      vertex -28.951 -39.0359 0
      vertex -27.0007 -40.4094 55
      vertex -28.951 -39.0359 55
    endloop
  endfacet
  facet normal -0.575792 -0.817596 -0
    outer loop
      vertex -27.0007 -40.4094 55
      vertex -28.951 -39.0359 0
      vertex -27.0007 -40.4094 0
    endloop
  endfacet
  facet normal -0.122411 -0.99248 0
    outer loop
      vertex -7.1311 -48.074 0
      vertex -4.76363 -48.366 55
      vertex -7.1311 -48.074 55
    endloop
  endfacet
  facet normal -0.122411 -0.99248 -0
    outer loop
      vertex -4.76363 -48.366 55
      vertex -7.1311 -48.074 0
      vertex -4.76363 -48.366 0
    endloop
  endfacet
  facet normal 0.72425 0.689538 0
    outer loop
      vertex 36.0102 32.6378 55
      vertex 34.3654 34.3654 0
      vertex 34.3654 34.3654 55
    endloop
  endfacet
  facet normal 0.72425 0.689538 0
    outer loop
      vertex 34.3654 34.3654 0
      vertex 36.0102 32.6378 55
      vertex 36.0102 32.6378 0
    endloop
  endfacet
  facet normal 0.0735724 0.99729 -0
    outer loop
      vertex 4.76363 48.366 0
      vertex 2.38469 48.5415 55
      vertex 4.76363 48.366 55
    endloop
  endfacet
  facet normal 0.0735724 0.99729 0
    outer loop
      vertex 2.38469 48.5415 55
      vertex 4.76363 48.366 0
      vertex 2.38469 48.5415 0
    endloop
  endfacet
  facet normal 0.99248 -0.122411 0
    outer loop
      vertex 48.074 -7.1311 55
      vertex 48.366 -4.76363 0
      vertex 48.366 -4.76363 55
    endloop
  endfacet
  facet normal 0.99248 -0.122411 0
    outer loop
      vertex 48.366 -4.76363 0
      vertex 48.074 -7.1311 55
      vertex 48.074 -7.1311 0
    endloop
  endfacet
  facet normal 0.99729 -0.0735724 0
    outer loop
      vertex 48.366 -4.76363 55
      vertex 48.5415 -2.38469 0
      vertex 48.5415 -2.38469 55
    endloop
  endfacet
  facet normal 0.99729 -0.0735724 0
    outer loop
      vertex 48.5415 -2.38469 0
      vertex 48.366 -4.76363 55
      vertex 48.366 -4.76363 0
    endloop
  endfacet
  facet normal 0.985279 -0.170956 0
    outer loop
      vertex 47.6662 -9.48139 55
      vertex 48.074 -7.1311 0
      vertex 48.074 -7.1311 55
    endloop
  endfacet
  facet normal 0.985279 -0.170956 0
    outer loop
      vertex 48.074 -7.1311 0
      vertex 47.6662 -9.48139 55
      vertex 47.6662 -9.48139 0
    endloop
  endfacet
  facet normal 0.949523 -0.313699 0
    outer loop
      vertex 45.759 -16.3728 55
      vertex 46.5073 -14.1078 0
      vertex 46.5073 -14.1078 55
    endloop
  endfacet
  facet normal 0.949523 -0.313699 0
    outer loop
      vertex 46.5073 -14.1078 0
      vertex 45.759 -16.3728 55
      vertex 45.759 -16.3728 0
    endloop
  endfacet
  facet normal 0.932994 -0.359892 0
    outer loop
      vertex 44.9005 -18.5984 55
      vertex 45.759 -16.3728 0
      vertex 45.759 -16.3728 55
    endloop
  endfacet
  facet normal 0.932994 -0.359892 0
    outer loop
      vertex 45.759 -16.3728 0
      vertex 44.9005 -18.5984 55
      vertex 44.9005 -18.5984 0
    endloop
  endfacet
  facet normal 0.963778 -0.266705 0
    outer loop
      vertex 46.5073 -14.1078 55
      vertex 47.1435 -11.8088 0
      vertex 47.1435 -11.8088 55
    endloop
  endfacet
  facet normal 0.963778 -0.266705 0
    outer loop
      vertex 47.1435 -11.8088 0
      vertex 46.5073 -14.1078 55
      vertex 46.5073 -14.1078 0
    endloop
  endfacet
  facet normal 0.757214 -0.653167 0
    outer loop
      vertex 36.0102 -32.6378 55
      vertex 37.5683 -30.8315 0
      vertex 37.5683 -30.8315 55
    endloop
  endfacet
  facet normal 0.757214 -0.653167 0
    outer loop
      vertex 37.5683 -30.8315 0
      vertex 36.0102 -32.6378 55
      vertex 36.0102 -32.6378 0
    endloop
  endfacet
  facet normal 0.788338 -0.615243 0
    outer loop
      vertex 37.5683 -30.8315 55
      vertex 39.0359 -28.951 0
      vertex 39.0359 -28.951 55
    endloop
  endfacet
  facet normal 0.788338 -0.615243 0
    outer loop
      vertex 39.0359 -28.951 0
      vertex 37.5683 -30.8315 55
      vertex 37.5683 -30.8315 0
    endloop
  endfacet
  facet normal 0.72425 -0.689538 0
    outer loop
      vertex 34.3654 -34.3654 55
      vertex 36.0102 -32.6378 0
      vertex 36.0102 -32.6378 55
    endloop
  endfacet
  facet normal 0.72425 -0.689538 0
    outer loop
      vertex 36.0102 -32.6378 0
      vertex 34.3654 -34.3654 55
      vertex 34.3654 -34.3654 0
    endloop
  endfacet
  facet normal 0.844849 -0.535005 0
    outer loop
      vertex 40.4094 -27.0007 55
      vertex 41.6856 -24.9854 0
      vertex 41.6856 -24.9854 55
    endloop
  endfacet
  facet normal 0.844849 -0.535005 0
    outer loop
      vertex 41.6856 -24.9854 0
      vertex 40.4094 -27.0007 55
      vertex 40.4094 -27.0007 0
    endloop
  endfacet
  facet normal 0.893225 -0.44961 0
    outer loop
      vertex 42.8614 -22.9099 55
      vertex 43.9339 -20.7792 0
      vertex 43.9339 -20.7792 55
    endloop
  endfacet
  facet normal 0.893225 -0.44961 0
    outer loop
      vertex 43.9339 -20.7792 0
      vertex 42.8614 -22.9099 55
      vertex 42.8614 -22.9099 0
    endloop
  endfacet
  facet normal 0.0735724 -0.99729 0
    outer loop
      vertex 2.38469 -48.5415 0
      vertex 4.76363 -48.366 55
      vertex 2.38469 -48.5415 55
    endloop
  endfacet
  facet normal 0.0735724 -0.99729 0
    outer loop
      vertex 4.76363 -48.366 55
      vertex 2.38469 -48.5415 0
      vertex 4.76363 -48.366 0
    endloop
  endfacet
  facet normal 0.266705 -0.963778 0
    outer loop
      vertex 11.8088 -47.1435 0
      vertex 14.1078 -46.5073 55
      vertex 11.8088 -47.1435 55
    endloop
  endfacet
  facet normal 0.266705 -0.963778 0
    outer loop
      vertex 14.1078 -46.5073 55
      vertex 11.8088 -47.1435 0
      vertex 14.1078 -46.5073 0
    endloop
  endfacet
  facet normal 0.313699 -0.949523 0
    outer loop
      vertex 14.1078 -46.5073 0
      vertex 16.3728 -45.759 55
      vertex 14.1078 -46.5073 55
    endloop
  endfacet
  facet normal 0.313699 -0.949523 0
    outer loop
      vertex 16.3728 -45.759 55
      vertex 14.1078 -46.5073 0
      vertex 16.3728 -45.759 0
    endloop
  endfacet
  facet normal 0.219126 -0.975697 0
    outer loop
      vertex 9.48139 -47.6662 0
      vertex 11.8088 -47.1435 55
      vertex 9.48139 -47.6662 55
    endloop
  endfacet
  facet normal 0.219126 -0.975697 0
    outer loop
      vertex 11.8088 -47.1435 55
      vertex 9.48139 -47.6662 0
      vertex 11.8088 -47.1435 0
    endloop
  endfacet
  facet normal 0.122411 -0.99248 0
    outer loop
      vertex 4.76363 -48.366 0
      vertex 7.1311 -48.074 55
      vertex 4.76363 -48.366 55
    endloop
  endfacet
  facet normal 0.122411 -0.99248 0
    outer loop
      vertex 7.1311 -48.074 55
      vertex 4.76363 -48.366 0
      vertex 7.1311 -48.074 0
    endloop
  endfacet
  facet normal 0.0245241 -0.999699 0
    outer loop
      vertex 0 -48.6 0
      vertex 2.38469 -48.5415 55
      vertex 0 -48.6 55
    endloop
  endfacet
  facet normal 0.0245241 -0.999699 0
    outer loop
      vertex 2.38469 -48.5415 55
      vertex 0 -48.6 0
      vertex 2.38469 -48.5415 0
    endloop
  endfacet
  facet normal 0.44961 -0.893225 0
    outer loop
      vertex 20.7792 -43.9339 0
      vertex 22.9099 -42.8614 55
      vertex 20.7792 -43.9339 55
    endloop
  endfacet
  facet normal 0.44961 -0.893225 0
    outer loop
      vertex 22.9099 -42.8614 55
      vertex 20.7792 -43.9339 0
      vertex 22.9099 -42.8614 0
    endloop
  endfacet
  facet normal 0.492912 -0.870079 0
    outer loop
      vertex 22.9099 -42.8614 0
      vertex 24.9854 -41.6856 55
      vertex 22.9099 -42.8614 55
    endloop
  endfacet
  facet normal 0.492912 -0.870079 0
    outer loop
      vertex 24.9854 -41.6856 55
      vertex 22.9099 -42.8614 0
      vertex 24.9854 -41.6856 0
    endloop
  endfacet
  facet normal 0.405213 -0.914223 0
    outer loop
      vertex 18.5984 -44.9005 0
      vertex 20.7792 -43.9339 55
      vertex 18.5984 -44.9005 55
    endloop
  endfacet
  facet normal 0.405213 -0.914223 0
    outer loop
      vertex 20.7792 -43.9339 55
      vertex 18.5984 -44.9005 0
      vertex 20.7792 -43.9339 0
    endloop
  endfacet
  facet normal 0.653167 -0.757214 0
    outer loop
      vertex 30.8315 -37.5683 0
      vertex 32.6378 -36.0102 55
      vertex 30.8315 -37.5683 55
    endloop
  endfacet
  facet normal 0.653167 -0.757214 0
    outer loop
      vertex 32.6378 -36.0102 55
      vertex 30.8315 -37.5683 0
      vertex 32.6378 -36.0102 0
    endloop
  endfacet
  facet normal -0.99248 -0.122411 0
    outer loop
      vertex -48.074 -7.1311 0
      vertex -48.366 -4.76363 55
      vertex -48.366 -4.76363 0
    endloop
  endfacet
  facet normal -0.99248 -0.122411 0
    outer loop
      vertex -48.366 -4.76363 55
      vertex -48.074 -7.1311 0
      vertex -48.074 -7.1311 55
    endloop
  endfacet
  facet normal -0.788338 -0.615243 0
    outer loop
      vertex -37.5683 -30.8315 0
      vertex -39.0359 -28.951 55
      vertex -39.0359 -28.951 0
    endloop
  endfacet
  facet normal -0.788338 -0.615243 0
    outer loop
      vertex -39.0359 -28.951 55
      vertex -37.5683 -30.8315 0
      vertex -37.5683 -30.8315 55
    endloop
  endfacet
  facet normal -0.757214 -0.653167 0
    outer loop
      vertex -36.0102 -32.6378 0
      vertex -37.5683 -30.8315 55
      vertex -37.5683 -30.8315 0
    endloop
  endfacet
  facet normal -0.757214 -0.653167 0
    outer loop
      vertex -37.5683 -30.8315 55
      vertex -36.0102 -32.6378 0
      vertex -36.0102 -32.6378 55
    endloop
  endfacet
  facet normal -0.870079 -0.492912 0
    outer loop
      vertex -41.6856 -24.9854 0
      vertex -42.8614 -22.9099 55
      vertex -42.8614 -22.9099 0
    endloop
  endfacet
  facet normal -0.870079 -0.492912 0
    outer loop
      vertex -42.8614 -22.9099 55
      vertex -41.6856 -24.9854 0
      vertex -41.6856 -24.9854 55
    endloop
  endfacet
  facet normal -0.893225 -0.44961 0
    outer loop
      vertex -42.8614 -22.9099 0
      vertex -43.9339 -20.7792 55
      vertex -43.9339 -20.7792 0
    endloop
  endfacet
  facet normal -0.893225 -0.44961 0
    outer loop
      vertex -43.9339 -20.7792 55
      vertex -42.8614 -22.9099 0
      vertex -42.8614 -22.9099 55
    endloop
  endfacet
  facet normal -0.844849 -0.535005 0
    outer loop
      vertex -40.4094 -27.0007 0
      vertex -41.6856 -24.9854 55
      vertex -41.6856 -24.9854 0
    endloop
  endfacet
  facet normal -0.844849 -0.535005 0
    outer loop
      vertex -41.6856 -24.9854 55
      vertex -40.4094 -27.0007 0
      vertex -40.4094 -27.0007 55
    endloop
  endfacet
  facet normal -0.949523 -0.313699 0
    outer loop
      vertex -45.759 -16.3728 0
      vertex -46.5073 -14.1078 55
      vertex -46.5073 -14.1078 0
    endloop
  endfacet
  facet normal -0.949523 -0.313699 0
    outer loop
      vertex -46.5073 -14.1078 55
      vertex -45.759 -16.3728 0
      vertex -45.759 -16.3728 55
    endloop
  endfacet
  facet normal -0.932994 -0.359892 0
    outer loop
      vertex -44.9005 -18.5984 0
      vertex -45.759 -16.3728 55
      vertex -45.759 -16.3728 0
    endloop
  endfacet
  facet normal -0.932994 -0.359892 0
    outer loop
      vertex -45.759 -16.3728 55
      vertex -44.9005 -18.5984 0
      vertex -44.9005 -18.5984 55
    endloop
  endfacet
  facet normal -0.963778 -0.266705 0
    outer loop
      vertex -46.5073 -14.1078 0
      vertex -47.1435 -11.8088 55
      vertex -47.1435 -11.8088 0
    endloop
  endfacet
  facet normal -0.963778 -0.266705 0
    outer loop
      vertex -47.1435 -11.8088 55
      vertex -46.5073 -14.1078 0
      vertex -46.5073 -14.1078 55
    endloop
  endfacet
  facet normal -0.99729 -0.0735724 0
    outer loop
      vertex -48.366 -4.76363 0
      vertex -48.5415 -2.38469 55
      vertex -48.5415 -2.38469 0
    endloop
  endfacet
  facet normal -0.99729 -0.0735724 0
    outer loop
      vertex -48.5415 -2.38469 55
      vertex -48.366 -4.76363 0
      vertex -48.366 -4.76363 55
    endloop
  endfacet
  facet normal 0 0 -1
    outer loop
      vertex 45.6 0 0
      vertex 48.6 0 0
      vertex 48.5415 -2.38469 0
    endloop
  endfacet
  facet normal 0 0 -1
    outer loop
      vertex 45.5451 -2.23749 0
      vertex 48.5415 -2.38469 0
      vertex 48.366 -4.76363 0
    endloop
  endfacet
  facet normal 0 0 -1
    outer loop
      vertex 48.6 0 0
      vertex 45.6 0 0
      vertex 48.5415 2.38469 0
    endloop
  endfacet
  facet normal 0 0 -1
    outer loop
      vertex 45.3804 -4.46958 0
      vertex 48.366 -4.76363 0
      vertex 48.074 -7.1311 0
    endloop
  endfacet
  facet normal 0 0 -1
    outer loop
      vertex 45.5451 2.23749 0
      vertex 48.5415 2.38469 0
      vertex 45.6 0 0
    endloop
  endfacet
  facet normal 0 0 -1
    outer loop
      vertex 45.1064 -6.69091 0
      vertex 48.074 -7.1311 0
      vertex 47.6662 -9.48139 0
    endloop
  endfacet
  facet normal -0 0 -1
    outer loop
      vertex 48.5415 2.38469 0
      vertex 45.5451 2.23749 0
      vertex 48.366 4.76363 0
    endloop
  endfacet
  facet normal 0 0 -1
    outer loop
      vertex 44.7238 -8.89612 0
      vertex 47.6662 -9.48139 0
      vertex 47.1435 -11.8088 0
    endloop
  endfacet
  facet normal 0 0 -1
    outer loop
      vertex 45.3804 4.46958 0
      vertex 48.366 4.76363 0
      vertex 45.5451 2.23749 0
    endloop
  endfacet
  facet normal 0 0 -1
    outer loop
      vertex 44.2334 -11.0799 0
      vertex 47.1435 -11.8088 0
      vertex 46.5073 -14.1078 0
    endloop
  endfacet
  facet normal -0 0 -1
    outer loop
      vertex 48.366 4.76363 0
      vertex 45.3804 4.46958 0
      vertex 48.074 7.1311 0
    endloop
  endfacet
  facet normal 0 0 -1
    outer loop
      vertex 43.6365 -13.237 0
      vertex 46.5073 -14.1078 0
      vertex 45.759 -16.3728 0
    endloop
  endfacet
  facet normal 0 0 -1
    outer loop
      vertex 45.1064 6.69091 0
      vertex 48.074 7.1311 0
      vertex 45.3804 4.46958 0
    endloop
  endfacet
  facet normal -0 0 -1
    outer loop
      vertex 48.074 7.1311 0
      vertex 45.1064 6.69091 0
      vertex 47.6662 9.48139 0
    endloop
  endfacet
  facet normal 0 0 -1
    outer loop
      vertex 48.5415 -2.38469 0
      vertex 45.5451 -2.23749 0
      vertex 45.6 0 0
    endloop
  endfacet
  facet normal 0 0 -1
    outer loop
      vertex 48.366 -4.76363 0
      vertex 45.3804 -4.46958 0
      vertex 45.5451 -2.23749 0
    endloop
  endfacet
  facet normal 0 0 -1
    outer loop
      vertex 48.074 -7.1311 0
      vertex 45.1064 -6.69091 0
      vertex 45.3804 -4.46958 0
    endloop
  endfacet
  facet normal 0 0 -1
    outer loop
      vertex 42.9344 -15.3622 0
      vertex 45.759 -16.3728 0
      vertex 44.9005 -18.5984 0
    endloop
  endfacet
  facet normal 0 0 -1
    outer loop
      vertex 47.6662 -9.48139 0
      vertex 44.7238 -8.89612 0
      vertex 45.1064 -6.69091 0
    endloop
  endfacet
  facet normal 0 0 -1
    outer loop
      vertex 47.1435 -11.8088 0
      vertex 44.2334 -11.0799 0
      vertex 44.7238 -8.89612 0
    endloop
  endfacet
  facet normal 0 0 -1
    outer loop
      vertex 42.1289 -17.4504 0
      vertex 44.9005 -18.5984 0
      vertex 43.9339 -20.7792 0
    endloop
  endfacet
  facet normal 0 0 -1
    outer loop
      vertex 46.5073 -14.1078 0
      vertex 43.6365 -13.237 0
      vertex 44.2334 -11.0799 0
    endloop
  endfacet
  facet normal 0 0 -1
    outer loop
      vertex 45.759 -16.3728 0
      vertex 42.9344 -15.3622 0
      vertex 43.6365 -13.237 0
    endloop
  endfacet
  facet normal 0 0 -1
    outer loop
      vertex 41.2219 -19.4965 0
      vertex 43.9339 -20.7792 0
      vertex 42.8614 -22.9099 0
    endloop
  endfacet
  facet normal 0 0 -1
    outer loop
      vertex 44.9005 -18.5984 0
      vertex 42.1289 -17.4504 0
      vertex 42.9344 -15.3622 0
    endloop
  endfacet
  facet normal 0 0 -1
    outer loop
      vertex 40.2156 -21.4957 0
      vertex 42.8614 -22.9099 0
      vertex 41.6856 -24.9854 0
    endloop
  endfacet
  facet normal 0 0 -1
    outer loop
      vertex 43.9339 -20.7792 0
      vertex 41.2219 -19.4965 0
      vertex 42.1289 -17.4504 0
    endloop
  endfacet
  facet normal 0 0 -1
    outer loop
      vertex 39.1124 -23.4431 0
      vertex 41.6856 -24.9854 0
      vertex 40.4094 -27.0007 0
    endloop
  endfacet
  facet normal 0 0 -1
    outer loop
      vertex 42.8614 -22.9099 0
      vertex 40.2156 -21.4957 0
      vertex 41.2219 -19.4965 0
    endloop
  endfacet
  facet normal 0 0 -1
    outer loop
      vertex 41.6856 -24.9854 0
      vertex 39.1124 -23.4431 0
      vertex 40.2156 -21.4957 0
    endloop
  endfacet
  facet normal 0 0 -1
    outer loop
      vertex 37.915 -25.334 0
      vertex 40.4094 -27.0007 0
      vertex 39.0359 -28.951 0
    endloop
  endfacet
  facet normal 0 0 -1
    outer loop
      vertex 40.4094 -27.0007 0
      vertex 37.915 -25.334 0
      vertex 39.1124 -23.4431 0
    endloop
  endfacet
  facet normal 0 0 -1
    outer loop
      vertex 36.6263 -27.1639 0
      vertex 39.0359 -28.951 0
      vertex 37.5683 -30.8315 0
    endloop
  endfacet
  facet normal 0 0 -1
    outer loop
      vertex 39.0359 -28.951 0
      vertex 36.6263 -27.1639 0
      vertex 37.915 -25.334 0
    endloop
  endfacet
  facet normal 0 0 -1
    outer loop
      vertex 35.2493 -28.9283 0
      vertex 37.5683 -30.8315 0
      vertex 36.0102 -32.6378 0
    endloop
  endfacet
  facet normal 0 0 -1
    outer loop
      vertex 37.5683 -30.8315 0
      vertex 35.2493 -28.9283 0
      vertex 36.6263 -27.1639 0
    endloop
  endfacet
  facet normal 0 0 -1
    outer loop
      vertex 33.7874 -30.6231 0
      vertex 36.0102 -32.6378 0
      vertex 34.3654 -34.3654 0
    endloop
  endfacet
  facet normal 0 0 -1
    outer loop
      vertex 36.0102 -32.6378 0
      vertex 33.7874 -30.6231 0
      vertex 35.2493 -28.9283 0
    endloop
  endfacet
  facet normal 0 0 -1
    outer loop
      vertex 32.2441 -32.2441 0
      vertex 34.3654 -34.3654 0
      vertex 32.6378 -36.0102 0
    endloop
  endfacet
  facet normal 0 0 -1
    outer loop
      vertex 34.3654 -34.3654 0
      vertex 32.2441 -32.2441 0
      vertex 33.7874 -30.6231 0
    endloop
  endfacet
  facet normal 0 0 -1
    outer loop
      vertex 30.6231 -33.7874 0
      vertex 32.6378 -36.0102 0
      vertex 30.8315 -37.5683 0
    endloop
  endfacet
  facet normal 0 0 -1
    outer loop
      vertex 32.6378 -36.0102 0
      vertex 30.6231 -33.7874 0
      vertex 32.2441 -32.2441 0
    endloop
  endfacet
  facet normal 0 0 -1
    outer loop
      vertex 28.9283 -35.2493 0
      vertex 30.8315 -37.5683 0
      vertex 28.951 -39.0359 0
    endloop
  endfacet
  facet normal 0 0 -1
    outer loop
      vertex 30.8315 -37.5683 0
      vertex 28.9283 -35.2493 0
      vertex 30.6231 -33.7874 0
    endloop
  endfacet
  facet normal 0 0 -1
    outer loop
      vertex 28.951 -39.0359 0
      vertex 27.1639 -36.6263 0
      vertex 28.9283 -35.2493 0
    endloop
  endfacet
  facet normal 0 0 -1
    outer loop
      vertex 27.0007 -40.4094 0
      vertex 27.1639 -36.6263 0
      vertex 28.951 -39.0359 0
    endloop
  endfacet
  facet normal 0 0 -1
    outer loop
      vertex 27.0007 -40.4094 0
      vertex 25.334 -37.915 0
      vertex 27.1639 -36.6263 0
    endloop
  endfacet
  facet normal 0 0 -1
    outer loop
      vertex 24.9854 -41.6856 0
      vertex 25.334 -37.915 0
      vertex 27.0007 -40.4094 0
    endloop
  endfacet
  facet normal 0 0 -1
    outer loop
      vertex 24.9854 -41.6856 0
      vertex 23.4431 -39.1124 0
      vertex 25.334 -37.915 0
    endloop
  endfacet
  facet normal 0 0 -1
    outer loop
      vertex 22.9099 -42.8614 0
      vertex 23.4431 -39.1124 0
      vertex 24.9854 -41.6856 0
    endloop
  endfacet
  facet normal 0 0 -1
    outer loop
      vertex 22.9099 -42.8614 0
      vertex 21.4957 -40.2156 0
      vertex 23.4431 -39.1124 0
    endloop
  endfacet
  facet normal 0 0 -1
    outer loop
      vertex 20.7792 -43.9339 0
      vertex 21.4957 -40.2156 0
      vertex 22.9099 -42.8614 0
    endloop
  endfacet
  facet normal 0 0 -1
    outer loop
      vertex 20.7792 -43.9339 0
      vertex 19.4965 -41.2219 0
      vertex 21.4957 -40.2156 0
    endloop
  endfacet
  facet normal 0 0 -1
    outer loop
      vertex 18.5984 -44.9005 0
      vertex 19.4965 -41.2219 0
      vertex 20.7792 -43.9339 0
    endloop
  endfacet
  facet normal 0 0 -1
    outer loop
      vertex 18.5984 -44.9005 0
      vertex 17.4504 -42.1289 0
      vertex 19.4965 -41.2219 0
    endloop
  endfacet
  facet normal 0 0 -1
    outer loop
      vertex 16.3728 -45.759 0
      vertex 17.4504 -42.1289 0
      vertex 18.5984 -44.9005 0
    endloop
  endfacet
  facet normal 0 0 -1
    outer loop
      vertex 16.3728 -45.759 0
      vertex 15.3622 -42.9344 0
      vertex 17.4504 -42.1289 0
    endloop
  endfacet
  facet normal 0 0 -1
    outer loop
      vertex 14.1078 -46.5073 0
      vertex 15.3622 -42.9344 0
      vertex 16.3728 -45.759 0
    endloop
  endfacet
  facet normal 0 0 -1
    outer loop
      vertex 14.1078 -46.5073 0
      vertex 13.237 -43.6365 0
      vertex 15.3622 -42.9344 0
    endloop
  endfacet
  facet normal 0 0 -1
    outer loop
      vertex 11.8088 -47.1435 0
      vertex 13.237 -43.6365 0
      vertex 14.1078 -46.5073 0
    endloop
  endfacet
  facet normal 0 0 -1
    outer loop
      vertex 11.8088 -47.1435 0
      vertex 11.0799 -44.2334 0
      vertex 13.237 -43.6365 0
    endloop
  endfacet
  facet normal 0 0 -1
    outer loop
      vertex 9.48139 -47.6662 0
      vertex 11.0799 -44.2334 0
      vertex 11.8088 -47.1435 0
    endloop
  endfacet
  facet normal 0 0 -1
    outer loop
      vertex 9.48139 -47.6662 0
      vertex 8.89612 -44.7238 0
      vertex 11.0799 -44.2334 0
    endloop
  endfacet
  facet normal 0 0 -1
    outer loop
      vertex 7.1311 -48.074 0
      vertex 8.89612 -44.7238 0
      vertex 9.48139 -47.6662 0
    endloop
  endfacet
  facet normal 0 0 -1
    outer loop
      vertex 7.1311 -48.074 0
      vertex 6.69091 -45.1064 0
      vertex 8.89612 -44.7238 0
    endloop
  endfacet
  facet normal 0 0 -1
    outer loop
      vertex 4.76363 -48.366 0
      vertex 6.69091 -45.1064 0
      vertex 7.1311 -48.074 0
    endloop
  endfacet
  facet normal 0 0 -1
    outer loop
      vertex 4.76363 -48.366 0
      vertex 4.46958 -45.3804 0
      vertex 6.69091 -45.1064 0
    endloop
  endfacet
  facet normal 0 0 -1
    outer loop
      vertex 2.38469 -48.5415 0
      vertex 4.46958 -45.3804 0
      vertex 4.76363 -48.366 0
    endloop
  endfacet
  facet normal 0 0 -1
    outer loop
      vertex 2.38469 -48.5415 0
      vertex 2.23749 -45.5451 0
      vertex 4.46958 -45.3804 0
    endloop
  endfacet
  facet normal 0 0 -1
    outer loop
      vertex 0 -48.6 0
      vertex 2.23749 -45.5451 0
      vertex 2.38469 -48.5415 0
    endloop
  endfacet
  facet normal 0 0 -1
    outer loop
      vertex 0 -48.6 0
      vertex 0 -45.6 0
      vertex 2.23749 -45.5451 0
    endloop
  endfacet
  facet normal 0 0 -1
    outer loop
      vertex 0 -48.6 0
      vertex -2.23749 -45.5451 0
      vertex 0 -45.6 0
    endloop
  endfacet
  facet normal 0 0 -1
    outer loop
      vertex -2.38469 -48.5415 0
      vertex -2.23749 -45.5451 0
      vertex 0 -48.6 0
    endloop
  endfacet
  facet normal 0 0 -1
    outer loop
      vertex -2.38469 -48.5415 0
      vertex -4.46958 -45.3804 0
      vertex -2.23749 -45.5451 0
    endloop
  endfacet
  facet normal 0 0 -1
    outer loop
      vertex -4.76363 -48.366 0
      vertex -4.46958 -45.3804 0
      vertex -2.38469 -48.5415 0
    endloop
  endfacet
  facet normal 0 0 -1
    outer loop
      vertex -4.76363 -48.366 0
      vertex -6.69091 -45.1064 0
      vertex -4.46958 -45.3804 0
    endloop
  endfacet
  facet normal 0 0 -1
    outer loop
      vertex -7.1311 -48.074 0
      vertex -6.69091 -45.1064 0
      vertex -4.76363 -48.366 0
    endloop
  endfacet
  facet normal 0 0 -1
    outer loop
      vertex -7.1311 -48.074 0
      vertex -8.89612 -44.7238 0
      vertex -6.69091 -45.1064 0
    endloop
  endfacet
  facet normal 0 0 -1
    outer loop
      vertex -9.48139 -47.6662 0
      vertex -8.89612 -44.7238 0
      vertex -7.1311 -48.074 0
    endloop
  endfacet
  facet normal 0 0 -1
    outer loop
      vertex -9.48139 -47.6662 0
      vertex -11.0799 -44.2334 0
      vertex -8.89612 -44.7238 0
    endloop
  endfacet
  facet normal 0 0 -1
    outer loop
      vertex -11.8088 -47.1435 0
      vertex -11.0799 -44.2334 0
      vertex -9.48139 -47.6662 0
    endloop
  endfacet
  facet normal 0 0 -1
    outer loop
      vertex -11.8088 -47.1435 0
      vertex -13.237 -43.6365 0
      vertex -11.0799 -44.2334 0
    endloop
  endfacet
  facet normal 0 0 -1
    outer loop
      vertex -14.1078 -46.5073 0
      vertex -13.237 -43.6365 0
      vertex -11.8088 -47.1435 0
    endloop
  endfacet
  facet normal 0 0 -1
    outer loop
      vertex -14.1078 -46.5073 0
      vertex -15.3622 -42.9344 0
      vertex -13.237 -43.6365 0
    endloop
  endfacet
  facet normal 0 0 -1
    outer loop
      vertex -16.3728 -45.759 0
      vertex -15.3622 -42.9344 0
      vertex -14.1078 -46.5073 0
    endloop
  endfacet
  facet normal 0 0 -1
    outer loop
      vertex -16.3728 -45.759 0
      vertex -17.4504 -42.1289 0
      vertex -15.3622 -42.9344 0
    endloop
  endfacet
  facet normal 0 0 -1
    outer loop
      vertex -18.5984 -44.9005 0
      vertex -17.4504 -42.1289 0
      vertex -16.3728 -45.759 0
    endloop
  endfacet
  facet normal 0 0 -1
    outer loop
      vertex -18.5984 -44.9005 0
      vertex -19.4965 -41.2219 0
      vertex -17.4504 -42.1289 0
    endloop
  endfacet
  facet normal 0 0 -1
    outer loop
      vertex -20.7792 -43.9339 0
      vertex -19.4965 -41.2219 0
      vertex -18.5984 -44.9005 0
    endloop
  endfacet
  facet normal 0 0 -1
    outer loop
      vertex -20.7792 -43.9339 0
      vertex -21.4957 -40.2156 0
      vertex -19.4965 -41.2219 0
    endloop
  endfacet
  facet normal 0 0 -1
    outer loop
      vertex -22.9099 -42.8614 0
      vertex -21.4957 -40.2156 0
      vertex -20.7792 -43.9339 0
    endloop
  endfacet
  facet normal 0 0 -1
    outer loop
      vertex -22.9099 -42.8614 0
      vertex -23.4431 -39.1124 0
      vertex -21.4957 -40.2156 0
    endloop
  endfacet
  facet normal 0 0 -1
    outer loop
      vertex -24.9854 -41.6856 0
      vertex -23.4431 -39.1124 0
      vertex -22.9099 -42.8614 0
    endloop
  endfacet
  facet normal 0 0 -1
    outer loop
      vertex -24.9854 -41.6856 0
      vertex -25.334 -37.915 0
      vertex -23.4431 -39.1124 0
    endloop
  endfacet
  facet normal 0 0 -1
    outer loop
      vertex -27.0007 -40.4094 0
      vertex -25.334 -37.915 0
      vertex -24.9854 -41.6856 0
    endloop
  endfacet
  facet normal 0 0 -1
    outer loop
      vertex -27.0007 -40.4094 0
      vertex -27.1639 -36.6263 0
      vertex -25.334 -37.915 0
    endloop
  endfacet
  facet normal 0 0 -1
    outer loop
      vertex -28.951 -39.0359 0
      vertex -27.1639 -36.6263 0
      vertex -27.0007 -40.4094 0
    endloop
  endfacet
  facet normal -0 0 -1
    outer loop
      vertex -27.1639 -36.6263 0
      vertex -28.951 -39.0359 0
      vertex -28.9283 -35.2493 0
    endloop
  endfacet
  facet normal 0 0 -1
    outer loop
      vertex -30.8315 -37.5683 0
      vertex -28.9283 -35.2493 0
      vertex -28.951 -39.0359 0
    endloop
  endfacet
  facet normal -0 0 -1
    outer loop
      vertex -28.9283 -35.2493 0
      vertex -30.8315 -37.5683 0
      vertex -30.6231 -33.7874 0
    endloop
  endfacet
  facet normal 0 0 -1
    outer loop
      vertex -32.6378 -36.0102 0
      vertex -30.6231 -33.7874 0
      vertex -30.8315 -37.5683 0
    endloop
  endfacet
  facet normal -0 0 -1
    outer loop
      vertex -30.6231 -33.7874 0
      vertex -32.6378 -36.0102 0
      vertex -32.2441 -32.2441 0
    endloop
  endfacet
  facet normal 0 0 -1
    outer loop
      vertex -34.3654 -34.3654 0
      vertex -32.2441 -32.2441 0
      vertex -32.6378 -36.0102 0
    endloop
  endfacet
  facet normal -0 0 -1
    outer loop
      vertex -32.2441 -32.2441 0
      vertex -34.3654 -34.3654 0
      vertex -33.7874 -30.6231 0
    endloop
  endfacet
  facet normal 0 0 -1
    outer loop
      vertex -36.0102 -32.6378 0
      vertex -33.7874 -30.6231 0
      vertex -34.3654 -34.3654 0
    endloop
  endfacet
  facet normal -0 0 -1
    outer loop
      vertex -33.7874 -30.6231 0
      vertex -36.0102 -32.6378 0
      vertex -35.2493 -28.9283 0
    endloop
  endfacet
  facet normal 0 0 -1
    outer loop
      vertex -37.5683 -30.8315 0
      vertex -35.2493 -28.9283 0
      vertex -36.0102 -32.6378 0
    endloop
  endfacet
  facet normal -0 0 -1
    outer loop
      vertex -35.2493 -28.9283 0
      vertex -37.5683 -30.8315 0
      vertex -36.6263 -27.1639 0
    endloop
  endfacet
  facet normal 0 0 -1
    outer loop
      vertex -39.0359 -28.951 0
      vertex -36.6263 -27.1639 0
      vertex -37.5683 -30.8315 0
    endloop
  endfacet
  facet normal -0 0 -1
    outer loop
      vertex -36.6263 -27.1639 0
      vertex -39.0359 -28.951 0
      vertex -37.915 -25.334 0
    endloop
  endfacet
  facet normal 0 0 -1
    outer loop
      vertex -40.4094 -27.0007 0
      vertex -37.915 -25.334 0
      vertex -39.0359 -28.951 0
    endloop
  endfacet
  facet normal -0 0 -1
    outer loop
      vertex -37.915 -25.334 0
      vertex -40.4094 -27.0007 0
      vertex -39.1124 -23.4431 0
    endloop
  endfacet
  facet normal 0 0 -1
    outer loop
      vertex -41.6856 -24.9854 0
      vertex -39.1124 -23.4431 0
      vertex -40.4094 -27.0007 0
    endloop
  endfacet
  facet normal -0 0 -1
    outer loop
      vertex -39.1124 -23.4431 0
      vertex -41.6856 -24.9854 0
      vertex -40.2156 -21.4957 0
    endloop
  endfacet
  facet normal 0 0 -1
    outer loop
      vertex -42.8614 -22.9099 0
      vertex -40.2156 -21.4957 0
      vertex -41.6856 -24.9854 0
    endloop
  endfacet
  facet normal -0 0 -1
    outer loop
      vertex -40.2156 -21.4957 0
      vertex -42.8614 -22.9099 0
      vertex -41.2219 -19.4965 0
    endloop
  endfacet
  facet normal 0 0 -1
    outer loop
      vertex -43.9339 -20.7792 0
      vertex -41.2219 -19.4965 0
      vertex -42.8614 -22.9099 0
    endloop
  endfacet
  facet normal -0 0 -1
    outer loop
      vertex -41.2219 -19.4965 0
      vertex -43.9339 -20.7792 0
      vertex -42.1289 -17.4504 0
    endloop
  endfacet
  facet normal 0 0 -1
    outer loop
      vertex -44.9005 -18.5984 0
      vertex -42.1289 -17.4504 0
      vertex -43.9339 -20.7792 0
    endloop
  endfacet
  facet normal -0 0 -1
    outer loop
      vertex -42.1289 -17.4504 0
      vertex -44.9005 -18.5984 0
      vertex -42.9344 -15.3622 0
    endloop
  endfacet
  facet normal 0 0 -1
    outer loop
      vertex -45.759 -16.3728 0
      vertex -42.9344 -15.3622 0
      vertex -44.9005 -18.5984 0
    endloop
  endfacet
  facet normal -0 0 -1
    outer loop
      vertex -42.9344 -15.3622 0
      vertex -45.759 -16.3728 0
      vertex -43.6365 -13.237 0
    endloop
  endfacet
  facet normal 0 0 -1
    outer loop
      vertex -46.5073 -14.1078 0
      vertex -43.6365 -13.237 0
      vertex -45.759 -16.3728 0
    endloop
  endfacet
  facet normal -0 0 -1
    outer loop
      vertex -43.6365 -13.237 0
      vertex -46.5073 -14.1078 0
      vertex -44.2334 -11.0799 0
    endloop
  endfacet
  facet normal 0 0 -1
    outer loop
      vertex -47.1435 -11.8088 0
      vertex -44.2334 -11.0799 0
      vertex -46.5073 -14.1078 0
    endloop
  endfacet
  facet normal -0 0 -1
    outer loop
      vertex -44.2334 -11.0799 0
      vertex -47.1435 -11.8088 0
      vertex -44.7238 -8.89612 0
    endloop
  endfacet
  facet normal -0 0 -1
    outer loop
      vertex -44.7238 -8.89612 0
      vertex -47.6662 -9.48139 0
      vertex -45.1064 -6.69091 0
    endloop
  endfacet
  facet normal 0 0 -1
    outer loop
      vertex -47.6662 -9.48139 0
      vertex -44.7238 -8.89612 0
      vertex -47.1435 -11.8088 0
    endloop
  endfacet
  facet normal 0 0 -1
    outer loop
      vertex 44.7238 8.89612 0
      vertex 47.6662 9.48139 0
      vertex 45.1064 6.69091 0
    endloop
  endfacet
  facet normal -0 0 -1
    outer loop
      vertex 47.6662 9.48139 0
      vertex 44.7238 8.89612 0
      vertex 47.1435 11.8088 0
    endloop
  endfacet
  facet normal 0 0 -1
    outer loop
      vertex 44.2334 11.0799 0
      vertex 47.1435 11.8088 0
      vertex 44.7238 8.89612 0
    endloop
  endfacet
  facet normal -0 0 -1
    outer loop
      vertex 47.1435 11.8088 0
      vertex 44.2334 11.0799 0
      vertex 46.5073 14.1078 0
    endloop
  endfacet
  facet normal 0 0 -1
    outer loop
      vertex 43.6365 13.237 0
      vertex 46.5073 14.1078 0
      vertex 44.2334 11.0799 0
    endloop
  endfacet
  facet normal -0 0 -1
    outer loop
      vertex 46.5073 14.1078 0
      vertex 43.6365 13.237 0
      vertex 45.759 16.3728 0
    endloop
  endfacet
  facet normal 0 0 -1
    outer loop
      vertex 42.9344 15.3622 0
      vertex 45.759 16.3728 0
      vertex 43.6365 13.237 0
    endloop
  endfacet
  facet normal -0 0 -1
    outer loop
      vertex 45.759 16.3728 0
      vertex 42.9344 15.3622 0
      vertex 44.9005 18.5984 0
    endloop
  endfacet
  facet normal 0 0 -1
    outer loop
      vertex 42.1289 17.4504 0
      vertex 44.9005 18.5984 0
      vertex 42.9344 15.3622 0
    endloop
  endfacet
  facet normal -0 0 -1
    outer loop
      vertex 44.9005 18.5984 0
      vertex 42.1289 17.4504 0
      vertex 43.9339 20.7792 0
    endloop
  endfacet
  facet normal 0 0 -1
    outer loop
      vertex 41.2219 19.4965 0
      vertex 43.9339 20.7792 0
      vertex 42.1289 17.4504 0
    endloop
  endfacet
  facet normal -0 0 -1
    outer loop
      vertex 43.9339 20.7792 0
      vertex 41.2219 19.4965 0
      vertex 42.8614 22.9099 0
    endloop
  endfacet
  facet normal 0 0 -1
    outer loop
      vertex 40.2156 21.4957 0
      vertex 42.8614 22.9099 0
      vertex 41.2219 19.4965 0
    endloop
  endfacet
  facet normal -0 0 -1
    outer loop
      vertex 42.8614 22.9099 0
      vertex 40.2156 21.4957 0
      vertex 41.6856 24.9854 0
    endloop
  endfacet
  facet normal 0 0 -1
    outer loop
      vertex 39.1124 23.4431 0
      vertex 41.6856 24.9854 0
      vertex 40.2156 21.4957 0
    endloop
  endfacet
  facet normal -0 0 -1
    outer loop
      vertex 41.6856 24.9854 0
      vertex 39.1124 23.4431 0
      vertex 40.4094 27.0007 0
    endloop
  endfacet
  facet normal 0 0 -1
    outer loop
      vertex 37.915 25.334 0
      vertex 40.4094 27.0007 0
      vertex 39.1124 23.4431 0
    endloop
  endfacet
  facet normal -0 0 -1
    outer loop
      vertex 40.4094 27.0007 0
      vertex 37.915 25.334 0
      vertex 39.0359 28.951 0
    endloop
  endfacet
  facet normal 0 0 -1
    outer loop
      vertex 36.6263 27.1639 0
      vertex 39.0359 28.951 0
      vertex 37.915 25.334 0
    endloop
  endfacet
  facet normal -0 0 -1
    outer loop
      vertex 39.0359 28.951 0
      vertex 36.6263 27.1639 0
      vertex 37.5683 30.8315 0
    endloop
  endfacet
  facet normal 0 0 -1
    outer loop
      vertex 35.2493 28.9283 0
      vertex 37.5683 30.8315 0
      vertex 36.6263 27.1639 0
    endloop
  endfacet
  facet normal -0 0 -1
    outer loop
      vertex 37.5683 30.8315 0
      vertex 35.2493 28.9283 0
      vertex 36.0102 32.6378 0
    endloop
  endfacet
  facet normal 0 0 -1
    outer loop
      vertex 33.7874 30.6231 0
      vertex 36.0102 32.6378 0
      vertex 35.2493 28.9283 0
    endloop
  endfacet
  facet normal -0 0 -1
    outer loop
      vertex 36.0102 32.6378 0
      vertex 33.7874 30.6231 0
      vertex 34.3654 34.3654 0
    endloop
  endfacet
  facet normal 0 0 -1
    outer loop
      vertex 32.2441 32.2441 0
      vertex 34.3654 34.3654 0
      vertex 33.7874 30.6231 0
    endloop
  endfacet
  facet normal -0 0 -1
    outer loop
      vertex 34.3654 34.3654 0
      vertex 32.2441 32.2441 0
      vertex 32.6378 36.0102 0
    endloop
  endfacet
  facet normal 0 0 -1
    outer loop
      vertex 30.6231 33.7874 0
      vertex 32.6378 36.0102 0
      vertex 32.2441 32.2441 0
    endloop
  endfacet
  facet normal -0 0 -1
    outer loop
      vertex 32.6378 36.0102 0
      vertex 30.6231 33.7874 0
      vertex 30.8315 37.5683 0
    endloop
  endfacet
  facet normal 0 0 -1
    outer loop
      vertex 28.9283 35.2493 0
      vertex 30.8315 37.5683 0
      vertex 30.6231 33.7874 0
    endloop
  endfacet
  facet normal -0 0 -1
    outer loop
      vertex 30.8315 37.5683 0
      vertex 28.9283 35.2493 0
      vertex 28.951 39.0359 0
    endloop
  endfacet
  facet normal 0 0 -1
    outer loop
      vertex 27.1639 36.6263 0
      vertex 28.951 39.0359 0
      vertex 28.9283 35.2493 0
    endloop
  endfacet
  facet normal 0 0 -1
    outer loop
      vertex 27.1639 36.6263 0
      vertex 27.0007 40.4094 0
      vertex 28.951 39.0359 0
    endloop
  endfacet
  facet normal 0 0 -1
    outer loop
      vertex 25.334 37.915 0
      vertex 27.0007 40.4094 0
      vertex 27.1639 36.6263 0
    endloop
  endfacet
  facet normal 0 0 -1
    outer loop
      vertex 25.334 37.915 0
      vertex 24.9854 41.6856 0
      vertex 27.0007 40.4094 0
    endloop
  endfacet
  facet normal 0 0 -1
    outer loop
      vertex 23.4431 39.1124 0
      vertex 24.9854 41.6856 0
      vertex 25.334 37.915 0
    endloop
  endfacet
  facet normal 0 0 -1
    outer loop
      vertex 23.4431 39.1124 0
      vertex 22.9099 42.8614 0
      vertex 24.9854 41.6856 0
    endloop
  endfacet
  facet normal 0 0 -1
    outer loop
      vertex 21.4957 40.2156 0
      vertex 22.9099 42.8614 0
      vertex 23.4431 39.1124 0
    endloop
  endfacet
  facet normal 0 0 -1
    outer loop
      vertex 21.4957 40.2156 0
      vertex 20.7792 43.9339 0
      vertex 22.9099 42.8614 0
    endloop
  endfacet
  facet normal 0 0 -1
    outer loop
      vertex 19.4965 41.2219 0
      vertex 20.7792 43.9339 0
      vertex 21.4957 40.2156 0
    endloop
  endfacet
  facet normal 0 0 -1
    outer loop
      vertex 19.4965 41.2219 0
      vertex 18.5984 44.9005 0
      vertex 20.7792 43.9339 0
    endloop
  endfacet
  facet normal 0 0 -1
    outer loop
      vertex 17.4504 42.1289 0
      vertex 18.5984 44.9005 0
      vertex 19.4965 41.2219 0
    endloop
  endfacet
  facet normal 0 0 -1
    outer loop
      vertex 17.4504 42.1289 0
      vertex 16.3728 45.759 0
      vertex 18.5984 44.9005 0
    endloop
  endfacet
  facet normal 0 0 -1
    outer loop
      vertex 15.3622 42.9344 0
      vertex 16.3728 45.759 0
      vertex 17.4504 42.1289 0
    endloop
  endfacet
  facet normal 0 0 -1
    outer loop
      vertex 15.3622 42.9344 0
      vertex 14.1078 46.5073 0
      vertex 16.3728 45.759 0
    endloop
  endfacet
  facet normal 0 0 -1
    outer loop
      vertex 13.237 43.6365 0
      vertex 14.1078 46.5073 0
      vertex 15.3622 42.9344 0
    endloop
  endfacet
  facet normal 0 0 -1
    outer loop
      vertex 13.237 43.6365 0
      vertex 11.8088 47.1435 0
      vertex 14.1078 46.5073 0
    endloop
  endfacet
  facet normal 0 0 -1
    outer loop
      vertex 11.0799 44.2334 0
      vertex 11.8088 47.1435 0
      vertex 13.237 43.6365 0
    endloop
  endfacet
  facet normal 0 0 -1
    outer loop
      vertex 11.0799 44.2334 0
      vertex 9.48139 47.6662 0
      vertex 11.8088 47.1435 0
    endloop
  endfacet
  facet normal 0 0 -1
    outer loop
      vertex 8.89612 44.7238 0
      vertex 9.48139 47.6662 0
      vertex 11.0799 44.2334 0
    endloop
  endfacet
  facet normal 0 0 -1
    outer loop
      vertex 8.89612 44.7238 0
      vertex 7.1311 48.074 0
      vertex 9.48139 47.6662 0
    endloop
  endfacet
  facet normal 0 0 -1
    outer loop
      vertex 6.69091 45.1064 0
      vertex 7.1311 48.074 0
      vertex 8.89612 44.7238 0
    endloop
  endfacet
  facet normal 0 0 -1
    outer loop
      vertex 6.69091 45.1064 0
      vertex 4.76363 48.366 0
      vertex 7.1311 48.074 0
    endloop
  endfacet
  facet normal 0 0 -1
    outer loop
      vertex 4.46958 45.3804 0
      vertex 4.76363 48.366 0
      vertex 6.69091 45.1064 0
    endloop
  endfacet
  facet normal 0 0 -1
    outer loop
      vertex 4.46958 45.3804 0
      vertex 2.38469 48.5415 0
      vertex 4.76363 48.366 0
    endloop
  endfacet
  facet normal 0 0 -1
    outer loop
      vertex 2.23749 45.5451 0
      vertex 2.38469 48.5415 0
      vertex 4.46958 45.3804 0
    endloop
  endfacet
  facet normal 0 0 -1
    outer loop
      vertex 0 45.6 0
      vertex 2.38469 48.5415 0
      vertex 2.23749 45.5451 0
    endloop
  endfacet
  facet normal 0 0 -1
    outer loop
      vertex 0 45.6 0
      vertex 0 48.6 0
      vertex 2.38469 48.5415 0
    endloop
  endfacet
  facet normal 0 0 -1
    outer loop
      vertex -2.23749 45.5451 0
      vertex 0 48.6 0
      vertex 0 45.6 0
    endloop
  endfacet
  facet normal 0 0 -1
    outer loop
      vertex -2.23749 45.5451 0
      vertex -2.38469 48.5415 0
      vertex 0 48.6 0
    endloop
  endfacet
  facet normal 0 0 -1
    outer loop
      vertex -4.46958 45.3804 0
      vertex -2.38469 48.5415 0
      vertex -2.23749 45.5451 0
    endloop
  endfacet
  facet normal 0 0 -1
    outer loop
      vertex -4.46958 45.3804 0
      vertex -4.76363 48.366 0
      vertex -2.38469 48.5415 0
    endloop
  endfacet
  facet normal 0 0 -1
    outer loop
      vertex -6.69091 45.1064 0
      vertex -4.76363 48.366 0
      vertex -4.46958 45.3804 0
    endloop
  endfacet
  facet normal 0 0 -1
    outer loop
      vertex -6.69091 45.1064 0
      vertex -7.1311 48.074 0
      vertex -4.76363 48.366 0
    endloop
  endfacet
  facet normal 0 0 -1
    outer loop
      vertex -8.89612 44.7238 0
      vertex -7.1311 48.074 0
      vertex -6.69091 45.1064 0
    endloop
  endfacet
  facet normal 0 0 -1
    outer loop
      vertex -8.89612 44.7238 0
      vertex -9.48139 47.6662 0
      vertex -7.1311 48.074 0
    endloop
  endfacet
  facet normal 0 0 -1
    outer loop
      vertex -11.0799 44.2334 0
      vertex -9.48139 47.6662 0
      vertex -8.89612 44.7238 0
    endloop
  endfacet
  facet normal 0 0 -1
    outer loop
      vertex -11.0799 44.2334 0
      vertex -11.8088 47.1435 0
      vertex -9.48139 47.6662 0
    endloop
  endfacet
  facet normal 0 0 -1
    outer loop
      vertex -13.237 43.6365 0
      vertex -11.8088 47.1435 0
      vertex -11.0799 44.2334 0
    endloop
  endfacet
  facet normal 0 0 -1
    outer loop
      vertex -13.237 43.6365 0
      vertex -14.1078 46.5073 0
      vertex -11.8088 47.1435 0
    endloop
  endfacet
  facet normal 0 0 -1
    outer loop
      vertex -15.3622 42.9344 0
      vertex -14.1078 46.5073 0
      vertex -13.237 43.6365 0
    endloop
  endfacet
  facet normal 0 0 -1
    outer loop
      vertex -15.3622 42.9344 0
      vertex -16.3728 45.759 0
      vertex -14.1078 46.5073 0
    endloop
  endfacet
  facet normal 0 0 -1
    outer loop
      vertex -17.4504 42.1289 0
      vertex -16.3728 45.759 0
      vertex -15.3622 42.9344 0
    endloop
  endfacet
  facet normal 0 0 -1
    outer loop
      vertex -17.4504 42.1289 0
      vertex -18.5984 44.9005 0
      vertex -16.3728 45.759 0
    endloop
  endfacet
  facet normal 0 0 -1
    outer loop
      vertex -19.4965 41.2219 0
      vertex -18.5984 44.9005 0
      vertex -17.4504 42.1289 0
    endloop
  endfacet
  facet normal 0 0 -1
    outer loop
      vertex -19.4965 41.2219 0
      vertex -20.7792 43.9339 0
      vertex -18.5984 44.9005 0
    endloop
  endfacet
  facet normal 0 0 -1
    outer loop
      vertex -21.4957 40.2156 0
      vertex -20.7792 43.9339 0
      vertex -19.4965 41.2219 0
    endloop
  endfacet
  facet normal 0 0 -1
    outer loop
      vertex -21.4957 40.2156 0
      vertex -22.9099 42.8614 0
      vertex -20.7792 43.9339 0
    endloop
  endfacet
  facet normal 0 0 -1
    outer loop
      vertex -23.4431 39.1124 0
      vertex -22.9099 42.8614 0
      vertex -21.4957 40.2156 0
    endloop
  endfacet
  facet normal 0 0 -1
    outer loop
      vertex -23.4431 39.1124 0
      vertex -24.9854 41.6856 0
      vertex -22.9099 42.8614 0
    endloop
  endfacet
  facet normal 0 0 -1
    outer loop
      vertex -25.334 37.915 0
      vertex -24.9854 41.6856 0
      vertex -23.4431 39.1124 0
    endloop
  endfacet
  facet normal 0 0 -1
    outer loop
      vertex -25.334 37.915 0
      vertex -27.0007 40.4094 0
      vertex -24.9854 41.6856 0
    endloop
  endfacet
  facet normal 0 0 -1
    outer loop
      vertex -27.1639 36.6263 0
      vertex -27.0007 40.4094 0
      vertex -25.334 37.915 0
    endloop
  endfacet
  facet normal 0 0 -1
    outer loop
      vertex -28.951 39.0359 0
      vertex -27.1639 36.6263 0
      vertex -28.9283 35.2493 0
    endloop
  endfacet
  facet normal 0 0 -1
    outer loop
      vertex -27.1639 36.6263 0
      vertex -28.951 39.0359 0
      vertex -27.0007 40.4094 0
    endloop
  endfacet
  facet normal 0 0 -1
    outer loop
      vertex -30.8315 37.5683 0
      vertex -28.9283 35.2493 0
      vertex -30.6231 33.7874 0
    endloop
  endfacet
  facet normal 0 0 -1
    outer loop
      vertex -28.9283 35.2493 0
      vertex -30.8315 37.5683 0
      vertex -28.951 39.0359 0
    endloop
  endfacet
  facet normal 0 0 -1
    outer loop
      vertex -32.6378 36.0102 0
      vertex -30.6231 33.7874 0
      vertex -32.2441 32.2441 0
    endloop
  endfacet
  facet normal 0 0 -1
    outer loop
      vertex -30.6231 33.7874 0
      vertex -32.6378 36.0102 0
      vertex -30.8315 37.5683 0
    endloop
  endfacet
  facet normal 0 0 -1
    outer loop
      vertex -34.3654 34.3654 0
      vertex -32.2441 32.2441 0
      vertex -33.7874 30.6231 0
    endloop
  endfacet
  facet normal 0 0 -1
    outer loop
      vertex -32.2441 32.2441 0
      vertex -34.3654 34.3654 0
      vertex -32.6378 36.0102 0
    endloop
  endfacet
  facet normal 0 0 -1
    outer loop
      vertex -36.0102 32.6378 0
      vertex -33.7874 30.6231 0
      vertex -35.2493 28.9283 0
    endloop
  endfacet
  facet normal 0 0 -1
    outer loop
      vertex -33.7874 30.6231 0
      vertex -36.0102 32.6378 0
      vertex -34.3654 34.3654 0
    endloop
  endfacet
  facet normal 0 0 -1
    outer loop
      vertex -37.5683 30.8315 0
      vertex -35.2493 28.9283 0
      vertex -36.6263 27.1639 0
    endloop
  endfacet
  facet normal 0 0 -1
    outer loop
      vertex -35.2493 28.9283 0
      vertex -37.5683 30.8315 0
      vertex -36.0102 32.6378 0
    endloop
  endfacet
  facet normal 0 0 -1
    outer loop
      vertex -39.0359 28.951 0
      vertex -36.6263 27.1639 0
      vertex -37.915 25.334 0
    endloop
  endfacet
  facet normal 0 0 -1
    outer loop
      vertex -36.6263 27.1639 0
      vertex -39.0359 28.951 0
      vertex -37.5683 30.8315 0
    endloop
  endfacet
  facet normal 0 0 -1
    outer loop
      vertex -40.4094 27.0007 0
      vertex -37.915 25.334 0
      vertex -39.1124 23.4431 0
    endloop
  endfacet
  facet normal 0 0 -1
    outer loop
      vertex -41.6856 24.9854 0
      vertex -39.1124 23.4431 0
      vertex -40.2156 21.4957 0
    endloop
  endfacet
  facet normal 0 0 -1
    outer loop
      vertex -37.915 25.334 0
      vertex -40.4094 27.0007 0
      vertex -39.0359 28.951 0
    endloop
  endfacet
  facet normal 0 0 -1
    outer loop
      vertex -42.8614 22.9099 0
      vertex -40.2156 21.4957 0
      vertex -41.2219 19.4965 0
    endloop
  endfacet
  facet normal 0 0 -1
    outer loop
      vertex -39.1124 23.4431 0
      vertex -41.6856 24.9854 0
      vertex -40.4094 27.0007 0
    endloop
  endfacet
  facet normal 0 0 -1
    outer loop
      vertex -43.9339 20.7792 0
      vertex -41.2219 19.4965 0
      vertex -42.1289 17.4504 0
    endloop
  endfacet
  facet normal 0 0 -1
    outer loop
      vertex -40.2156 21.4957 0
      vertex -42.8614 22.9099 0
      vertex -41.6856 24.9854 0
    endloop
  endfacet
  facet normal 0 0 -1
    outer loop
      vertex -44.9005 18.5984 0
      vertex -42.1289 17.4504 0
      vertex -42.9344 15.3622 0
    endloop
  endfacet
  facet normal 0 0 -1
    outer loop
      vertex -45.759 16.3728 0
      vertex -42.9344 15.3622 0
      vertex -43.6365 13.237 0
    endloop
  endfacet
  facet normal 0 0 -1
    outer loop
      vertex -41.2219 19.4965 0
      vertex -43.9339 20.7792 0
      vertex -42.8614 22.9099 0
    endloop
  endfacet
  facet normal 0 0 -1
    outer loop
      vertex -46.5073 14.1078 0
      vertex -43.6365 13.237 0
      vertex -44.2334 11.0799 0
    endloop
  endfacet
  facet normal 0 0 -1
    outer loop
      vertex -47.1435 11.8088 0
      vertex -44.2334 11.0799 0
      vertex -44.7238 8.89612 0
    endloop
  endfacet
  facet normal 0 0 -1
    outer loop
      vertex -42.1289 17.4504 0
      vertex -44.9005 18.5984 0
      vertex -43.9339 20.7792 0
    endloop
  endfacet
  facet normal 0 0 -1
    outer loop
      vertex -47.6662 9.48139 0
      vertex -44.7238 8.89612 0
      vertex -45.1064 6.69091 0
    endloop
  endfacet
  facet normal 0 0 -1
    outer loop
      vertex -48.074 7.1311 0
      vertex -45.1064 6.69091 0
      vertex -45.3804 4.46958 0
    endloop
  endfacet
  facet normal 0 0 -1
    outer loop
      vertex -48.366 4.76363 0
      vertex -45.3804 4.46958 0
      vertex -45.5451 2.23749 0
    endloop
  endfacet
  facet normal 0 0 -1
    outer loop
      vertex -42.9344 15.3622 0
      vertex -45.759 16.3728 0
      vertex -44.9005 18.5984 0
    endloop
  endfacet
  facet normal 0 0 -1
    outer loop
      vertex -48.5415 2.38469 0
      vertex -45.5451 2.23749 0
      vertex -45.6 0 0
    endloop
  endfacet
  facet normal 0 0 -1
    outer loop
      vertex -48.074 -7.1311 0
      vertex -45.1064 -6.69091 0
      vertex -47.6662 -9.48139 0
    endloop
  endfacet
  facet normal -0 0 -1
    outer loop
      vertex -45.1064 -6.69091 0
      vertex -48.074 -7.1311 0
      vertex -45.3804 -4.46958 0
    endloop
  endfacet
  facet normal 0 0 -1
    outer loop
      vertex -43.6365 13.237 0
      vertex -46.5073 14.1078 0
      vertex -45.759 16.3728 0
    endloop
  endfacet
  facet normal 0 0 -1
    outer loop
      vertex -48.366 -4.76363 0
      vertex -45.3804 -4.46958 0
      vertex -48.074 -7.1311 0
    endloop
  endfacet
  facet normal 0 0 -1
    outer loop
      vertex -44.2334 11.0799 0
      vertex -47.1435 11.8088 0
      vertex -46.5073 14.1078 0
    endloop
  endfacet
  facet normal -0 0 -1
    outer loop
      vertex -45.3804 -4.46958 0
      vertex -48.366 -4.76363 0
      vertex -45.5451 -2.23749 0
    endloop
  endfacet
  facet normal 0 0 -1
    outer loop
      vertex -44.7238 8.89612 0
      vertex -47.6662 9.48139 0
      vertex -47.1435 11.8088 0
    endloop
  endfacet
  facet normal 0 0 -1
    outer loop
      vertex -48.5415 -2.38469 0
      vertex -45.5451 -2.23749 0
      vertex -48.366 -4.76363 0
    endloop
  endfacet
  facet normal 0 0 -1
    outer loop
      vertex -45.1064 6.69091 0
      vertex -48.074 7.1311 0
      vertex -47.6662 9.48139 0
    endloop
  endfacet
  facet normal -0 0 -1
    outer loop
      vertex -45.5451 -2.23749 0
      vertex -48.5415 -2.38469 0
      vertex -45.6 0 0
    endloop
  endfacet
  facet normal 0 0 -1
    outer loop
      vertex -45.3804 4.46958 0
      vertex -48.366 4.76363 0
      vertex -48.074 7.1311 0
    endloop
  endfacet
  facet normal 0 0 -1
    outer loop
      vertex -48.6 0 0
      vertex -45.6 0 0
      vertex -48.5415 -2.38469 0
    endloop
  endfacet
  facet normal 0 0 -1
    outer loop
      vertex -45.5451 2.23749 0
      vertex -48.5415 2.38469 0
      vertex -48.366 4.76363 0
    endloop
  endfacet
  facet normal 0 0 -1
    outer loop
      vertex -45.6 0 0
      vertex -48.6 0 0
      vertex -48.5415 2.38469 0
    endloop
  endfacet
  facet normal -0.653167 -0.757214 0
    outer loop
      vertex -32.6378 -36.0102 0
      vertex -30.8315 -37.5683 55
      vertex -32.6378 -36.0102 55
    endloop
  endfacet
  facet normal -0.653167 -0.757214 -0
    outer loop
      vertex -30.8315 -37.5683 55
      vertex -32.6378 -36.0102 0
      vertex -30.8315 -37.5683 0
    endloop
  endfacet
  facet normal -0.492912 -0.870079 0
    outer loop
      vertex -24.9854 -41.6856 0
      vertex -22.9099 -42.8614 55
      vertex -24.9854 -41.6856 55
    endloop
  endfacet
  facet normal -0.492912 -0.870079 -0
    outer loop
      vertex -22.9099 -42.8614 55
      vertex -24.9854 -41.6856 0
      vertex -22.9099 -42.8614 0
    endloop
  endfacet
  facet normal -0.44961 -0.893225 0
    outer loop
      vertex -22.9099 -42.8614 0
      vertex -20.7792 -43.9339 55
      vertex -22.9099 -42.8614 55
    endloop
  endfacet
  facet normal -0.44961 -0.893225 -0
    outer loop
      vertex -20.7792 -43.9339 55
      vertex -22.9099 -42.8614 0
      vertex -20.7792 -43.9339 0
    endloop
  endfacet
  facet normal -0.535005 -0.844849 0
    outer loop
      vertex -27.0007 -40.4094 0
      vertex -24.9854 -41.6856 55
      vertex -27.0007 -40.4094 55
    endloop
  endfacet
  facet normal -0.535005 -0.844849 -0
    outer loop
      vertex -24.9854 -41.6856 55
      vertex -27.0007 -40.4094 0
      vertex -24.9854 -41.6856 0
    endloop
  endfacet
  facet normal -0.689538 -0.72425 0
    outer loop
      vertex -34.3654 -34.3654 0
      vertex -32.6378 -36.0102 55
      vertex -34.3654 -34.3654 55
    endloop
  endfacet
  facet normal -0.689538 -0.72425 -0
    outer loop
      vertex -32.6378 -36.0102 55
      vertex -34.3654 -34.3654 0
      vertex -32.6378 -36.0102 0
    endloop
  endfacet
  facet normal -0.313699 -0.949523 0
    outer loop
      vertex -16.3728 -45.759 0
      vertex -14.1078 -46.5073 55
      vertex -16.3728 -45.759 55
    endloop
  endfacet
  facet normal -0.313699 -0.949523 -0
    outer loop
      vertex -14.1078 -46.5073 55
      vertex -16.3728 -45.759 0
      vertex -14.1078 -46.5073 0
    endloop
  endfacet
  facet normal -0.359892 -0.932994 0
    outer loop
      vertex -18.5984 -44.9005 0
      vertex -16.3728 -45.759 55
      vertex -18.5984 -44.9005 55
    endloop
  endfacet
  facet normal -0.359892 -0.932994 -0
    outer loop
      vertex -16.3728 -45.759 55
      vertex -18.5984 -44.9005 0
      vertex -16.3728 -45.759 0
    endloop
  endfacet
  facet normal -0.0735724 -0.99729 0
    outer loop
      vertex -4.76363 -48.366 0
      vertex -2.38469 -48.5415 55
      vertex -4.76363 -48.366 55
    endloop
  endfacet
  facet normal -0.0735724 -0.99729 -0
    outer loop
      vertex -2.38469 -48.5415 55
      vertex -4.76363 -48.366 0
      vertex -2.38469 -48.5415 0
    endloop
  endfacet
  facet normal 0.999699 0.0245241 0
    outer loop
      vertex 48.6 0 55
      vertex 48.5415 2.38469 0
      vertex 48.5415 2.38469 55
    endloop
  endfacet
  facet normal 0.999699 0.0245241 0
    outer loop
      vertex 48.5415 2.38469 0
      vertex 48.6 0 55
      vertex 48.6 0 0
    endloop
  endfacet
  facet normal 0.870079 0.492912 0
    outer loop
      vertex 42.8614 22.9099 55
      vertex 41.6856 24.9854 0
      vertex 41.6856 24.9854 55
    endloop
  endfacet
  facet normal 0.870079 0.492912 0
    outer loop
      vertex 41.6856 24.9854 0
      vertex 42.8614 22.9099 55
      vertex 42.8614 22.9099 0
    endloop
  endfacet
  facet normal 0.949523 0.313699 0
    outer loop
      vertex 46.5073 14.1078 55
      vertex 45.759 16.3728 0
      vertex 45.759 16.3728 55
    endloop
  endfacet
  facet normal 0.949523 0.313699 0
    outer loop
      vertex 45.759 16.3728 0
      vertex 46.5073 14.1078 55
      vertex 46.5073 14.1078 0
    endloop
  endfacet
  facet normal 0.757214 0.653167 0
    outer loop
      vertex 37.5683 30.8315 55
      vertex 36.0102 32.6378 0
      vertex 36.0102 32.6378 55
    endloop
  endfacet
  facet normal 0.757214 0.653167 0
    outer loop
      vertex 36.0102 32.6378 0
      vertex 37.5683 30.8315 55
      vertex 37.5683 30.8315 0
    endloop
  endfacet
  facet normal 0.575792 0.817596 -0
    outer loop
      vertex 28.951 39.0359 0
      vertex 27.0007 40.4094 55
      vertex 28.951 39.0359 55
    endloop
  endfacet
  facet normal 0.575792 0.817596 0
    outer loop
      vertex 27.0007 40.4094 55
      vertex 28.951 39.0359 0
      vertex 27.0007 40.4094 0
    endloop
  endfacet
  facet normal -0.757214 0.653167 0
    outer loop
      vertex -37.5683 30.8315 0
      vertex -36.0102 32.6378 55
      vertex -36.0102 32.6378 0
    endloop
  endfacet
  facet normal -0.757214 0.653167 0
    outer loop
      vertex -36.0102 32.6378 55
      vertex -37.5683 30.8315 0
      vertex -37.5683 30.8315 55
    endloop
  endfacet
  facet normal 0.405213 0.914223 -0
    outer loop
      vertex 20.7792 43.9339 0
      vertex 18.5984 44.9005 55
      vertex 20.7792 43.9339 55
    endloop
  endfacet
  facet normal 0.405213 0.914223 0
    outer loop
      vertex 18.5984 44.9005 55
      vertex 20.7792 43.9339 0
      vertex 18.5984 44.9005 0
    endloop
  endfacet
  facet normal 0.359892 0.932994 -0
    outer loop
      vertex 18.5984 44.9005 0
      vertex 16.3728 45.759 55
      vertex 18.5984 44.9005 55
    endloop
  endfacet
  facet normal 0.359892 0.932994 0
    outer loop
      vertex 16.3728 45.759 55
      vertex 18.5984 44.9005 0
      vertex 16.3728 45.759 0
    endloop
  endfacet
  facet normal 0.575792 -0.817596 0
    outer loop
      vertex 27.0007 -40.4094 0
      vertex 28.951 -39.0359 55
      vertex 27.0007 -40.4094 55
    endloop
  endfacet
  facet normal 0.575792 -0.817596 0
    outer loop
      vertex 28.951 -39.0359 55
      vertex 27.0007 -40.4094 0
      vertex 28.951 -39.0359 0
    endloop
  endfacet
  facet normal -0.985279 -0.170956 0
    outer loop
      vertex -47.6662 -9.48139 0
      vertex -48.074 -7.1311 55
      vertex -48.074 -7.1311 0
    endloop
  endfacet
  facet normal -0.985279 -0.170956 0
    outer loop
      vertex -48.074 -7.1311 55
      vertex -47.6662 -9.48139 0
      vertex -47.6662 -9.48139 55
    endloop
  endfacet
  facet normal -0.615243 -0.788338 0
    outer loop
      vertex -30.8315 -37.5683 0
      vertex -28.951 -39.0359 55
      vertex -30.8315 -37.5683 55
    endloop
  endfacet
  facet normal -0.615243 -0.788338 -0
    outer loop
      vertex -28.951 -39.0359 55
      vertex -30.8315 -37.5683 0
      vertex -28.951 -39.0359 0
    endloop
  endfacet
  facet normal -0.266705 -0.963778 0
    outer loop
      vertex -14.1078 -46.5073 0
      vertex -11.8088 -47.1435 55
      vertex -14.1078 -46.5073 55
    endloop
  endfacet
  facet normal -0.266705 -0.963778 -0
    outer loop
      vertex -11.8088 -47.1435 55
      vertex -14.1078 -46.5073 0
      vertex -11.8088 -47.1435 0
    endloop
  endfacet
  facet normal -0.170956 -0.985279 0
    outer loop
      vertex -9.48139 -47.6662 0
      vertex -7.1311 -48.074 55
      vertex -9.48139 -47.6662 55
    endloop
  endfacet
  facet normal -0.170956 -0.985279 -0
    outer loop
      vertex -7.1311 -48.074 55
      vertex -9.48139 -47.6662 0
      vertex -7.1311 -48.074 0
    endloop
  endfacet
  facet normal 0.975697 0.219126 0
    outer loop
      vertex 47.6662 9.48139 55
      vertex 47.1435 11.8088 0
      vertex 47.1435 11.8088 55
    endloop
  endfacet
  facet normal 0.975697 0.219126 0
    outer loop
      vertex 47.1435 11.8088 0
      vertex 47.6662 9.48139 55
      vertex 47.6662 9.48139 0
    endloop
  endfacet
  facet normal 0.99729 0.0735724 0
    outer loop
      vertex 48.5415 2.38469 55
      vertex 48.366 4.76363 0
      vertex 48.366 4.76363 55
    endloop
  endfacet
  facet normal 0.99729 0.0735724 0
    outer loop
      vertex 48.366 4.76363 0
      vertex 48.5415 2.38469 55
      vertex 48.5415 2.38469 0
    endloop
  endfacet
  facet normal 0.932994 0.359892 0
    outer loop
      vertex 45.759 16.3728 55
      vertex 44.9005 18.5984 0
      vertex 44.9005 18.5984 55
    endloop
  endfacet
  facet normal 0.932994 0.359892 0
    outer loop
      vertex 44.9005 18.5984 0
      vertex 45.759 16.3728 55
      vertex 45.759 16.3728 0
    endloop
  endfacet
  facet normal 0.893225 0.44961 0
    outer loop
      vertex 43.9339 20.7792 55
      vertex 42.8614 22.9099 0
      vertex 42.8614 22.9099 55
    endloop
  endfacet
  facet normal 0.893225 0.44961 0
    outer loop
      vertex 42.8614 22.9099 0
      vertex 43.9339 20.7792 55
      vertex 43.9339 20.7792 0
    endloop
  endfacet
  facet normal 0.817596 0.575792 0
    outer loop
      vertex 40.4094 27.0007 55
      vertex 39.0359 28.951 0
      vertex 39.0359 28.951 55
    endloop
  endfacet
  facet normal 0.817596 0.575792 0
    outer loop
      vertex 39.0359 28.951 0
      vertex 40.4094 27.0007 55
      vertex 40.4094 27.0007 0
    endloop
  endfacet
  facet normal 0.44961 0.893225 -0
    outer loop
      vertex 22.9099 42.8614 0
      vertex 20.7792 43.9339 55
      vertex 22.9099 42.8614 55
    endloop
  endfacet
  facet normal 0.44961 0.893225 0
    outer loop
      vertex 20.7792 43.9339 55
      vertex 22.9099 42.8614 0
      vertex 20.7792 43.9339 0
    endloop
  endfacet
  facet normal -0.313699 0.949523 0
    outer loop
      vertex -14.1078 46.5073 0
      vertex -16.3728 45.759 55
      vertex -14.1078 46.5073 55
    endloop
  endfacet
  facet normal -0.313699 0.949523 0
    outer loop
      vertex -16.3728 45.759 55
      vertex -14.1078 46.5073 0
      vertex -16.3728 45.759 0
    endloop
  endfacet
  facet normal -0.219126 0.975697 0
    outer loop
      vertex -9.48139 47.6662 0
      vertex -11.8088 47.1435 55
      vertex -9.48139 47.6662 55
    endloop
  endfacet
  facet normal -0.219126 0.975697 0
    outer loop
      vertex -11.8088 47.1435 55
      vertex -9.48139 47.6662 0
      vertex -11.8088 47.1435 0
    endloop
  endfacet
  facet normal -0.975697 0.219126 0
    outer loop
      vertex -47.6662 9.48139 0
      vertex -47.1435 11.8088 55
      vertex -47.1435 11.8088 0
    endloop
  endfacet
  facet normal -0.975697 0.219126 0
    outer loop
      vertex -47.1435 11.8088 55
      vertex -47.6662 9.48139 0
      vertex -47.6662 9.48139 55
    endloop
  endfacet
  facet normal -0.99248 0.122411 0
    outer loop
      vertex -48.366 4.76363 0
      vertex -48.074 7.1311 55
      vertex -48.074 7.1311 0
    endloop
  endfacet
  facet normal -0.99248 0.122411 0
    outer loop
      vertex -48.074 7.1311 55
      vertex -48.366 4.76363 0
      vertex -48.366 4.76363 55
    endloop
  endfacet
  facet normal 0.266705 0.963778 -0
    outer loop
      vertex 14.1078 46.5073 0
      vertex 11.8088 47.1435 55
      vertex 14.1078 46.5073 55
    endloop
  endfacet
  facet normal 0.266705 0.963778 0
    outer loop
      vertex 11.8088 47.1435 55
      vertex 14.1078 46.5073 0
      vertex 11.8088 47.1435 0
    endloop
  endfacet
  facet normal 0.99248 0.122411 0
    outer loop
      vertex 48.366 4.76363 55
      vertex 48.074 7.1311 0
      vertex 48.074 7.1311 55
    endloop
  endfacet
  facet normal 0.99248 0.122411 0
    outer loop
      vertex 48.074 7.1311 0
      vertex 48.366 4.76363 55
      vertex 48.366 4.76363 0
    endloop
  endfacet
  facet normal 0.985279 0.170956 0
    outer loop
      vertex 48.074 7.1311 55
      vertex 47.6662 9.48139 0
      vertex 47.6662 9.48139 55
    endloop
  endfacet
  facet normal 0.985279 0.170956 0
    outer loop
      vertex 47.6662 9.48139 0
      vertex 48.074 7.1311 55
      vertex 48.074 7.1311 0
    endloop
  endfacet
  facet normal 0.914223 0.405213 0
    outer loop
      vertex 44.9005 18.5984 55
      vertex 43.9339 20.7792 0
      vertex 43.9339 20.7792 55
    endloop
  endfacet
  facet normal 0.914223 0.405213 0
    outer loop
      vertex 43.9339 20.7792 0
      vertex 44.9005 18.5984 55
      vertex 44.9005 18.5984 0
    endloop
  endfacet
  facet normal 0.963778 0.266705 0
    outer loop
      vertex 47.1435 11.8088 55
      vertex 46.5073 14.1078 0
      vertex 46.5073 14.1078 55
    endloop
  endfacet
  facet normal 0.963778 0.266705 0
    outer loop
      vertex 46.5073 14.1078 0
      vertex 47.1435 11.8088 55
      vertex 47.1435 11.8088 0
    endloop
  endfacet
  facet normal 0.844849 0.535005 0
    outer loop
      vertex 41.6856 24.9854 55
      vertex 40.4094 27.0007 0
      vertex 40.4094 27.0007 55
    endloop
  endfacet
  facet normal 0.844849 0.535005 0
    outer loop
      vertex 40.4094 27.0007 0
      vertex 41.6856 24.9854 55
      vertex 41.6856 24.9854 0
    endloop
  endfacet
  facet normal 0.788338 0.615243 0
    outer loop
      vertex 39.0359 28.951 55
      vertex 37.5683 30.8315 0
      vertex 37.5683 30.8315 55
    endloop
  endfacet
  facet normal 0.788338 0.615243 0
    outer loop
      vertex 37.5683 30.8315 0
      vertex 39.0359 28.951 55
      vertex 39.0359 28.951 0
    endloop
  endfacet
  facet normal 0.689538 0.72425 -0
    outer loop
      vertex 34.3654 34.3654 0
      vertex 32.6378 36.0102 55
      vertex 34.3654 34.3654 55
    endloop
  endfacet
  facet normal 0.689538 0.72425 0
    outer loop
      vertex 32.6378 36.0102 55
      vertex 34.3654 34.3654 0
      vertex 32.6378 36.0102 0
    endloop
  endfacet
  facet normal -0.0735724 0.99729 0
    outer loop
      vertex -2.38469 48.5415 0
      vertex -4.76363 48.366 55
      vertex -2.38469 48.5415 55
    endloop
  endfacet
  facet normal -0.0735724 0.99729 0
    outer loop
      vertex -4.76363 48.366 55
      vertex -2.38469 48.5415 0
      vertex -4.76363 48.366 0
    endloop
  endfacet
  facet normal -0.72425 0.689538 0
    outer loop
      vertex -36.0102 32.6378 0
      vertex -34.3654 34.3654 55
      vertex -34.3654 34.3654 0
    endloop
  endfacet
  facet normal -0.72425 0.689538 0
    outer loop
      vertex -34.3654 34.3654 55
      vertex -36.0102 32.6378 0
      vertex -36.0102 32.6378 55
    endloop
  endfacet
  facet normal -0.689538 0.72425 0
    outer loop
      vertex -32.6378 36.0102 0
      vertex -34.3654 34.3654 55
      vertex -32.6378 36.0102 55
    endloop
  endfacet
  facet normal -0.689538 0.72425 0
    outer loop
      vertex -34.3654 34.3654 55
      vertex -32.6378 36.0102 0
      vertex -34.3654 34.3654 0
    endloop
  endfacet
  facet normal -0.963778 0.266705 0
    outer loop
      vertex -47.1435 11.8088 0
      vertex -46.5073 14.1078 55
      vertex -46.5073 14.1078 0
    endloop
  endfacet
  facet normal -0.963778 0.266705 0
    outer loop
      vertex -46.5073 14.1078 55
      vertex -47.1435 11.8088 0
      vertex -47.1435 11.8088 55
    endloop
  endfacet
  facet normal -0.932994 0.359892 0
    outer loop
      vertex -45.759 16.3728 0
      vertex -44.9005 18.5984 55
      vertex -44.9005 18.5984 0
    endloop
  endfacet
  facet normal -0.932994 0.359892 0
    outer loop
      vertex -44.9005 18.5984 55
      vertex -45.759 16.3728 0
      vertex -45.759 16.3728 55
    endloop
  endfacet
  facet normal -0.949523 0.313699 0
    outer loop
      vertex -46.5073 14.1078 0
      vertex -45.759 16.3728 55
      vertex -45.759 16.3728 0
    endloop
  endfacet
  facet normal -0.949523 0.313699 0
    outer loop
      vertex -45.759 16.3728 55
      vertex -46.5073 14.1078 0
      vertex -46.5073 14.1078 55
    endloop
  endfacet
  facet normal -0.985279 0.170956 0
    outer loop
      vertex -48.074 7.1311 0
      vertex -47.6662 9.48139 55
      vertex -47.6662 9.48139 0
    endloop
  endfacet
  facet normal -0.985279 0.170956 0
    outer loop
      vertex -47.6662 9.48139 55
      vertex -48.074 7.1311 0
      vertex -48.074 7.1311 55
    endloop
  endfacet
  facet normal -0.99729 0.0735724 0
    outer loop
      vertex -48.5415 2.38469 0
      vertex -48.366 4.76363 55
      vertex -48.366 4.76363 0
    endloop
  endfacet
  facet normal -0.99729 0.0735724 0
    outer loop
      vertex -48.366 4.76363 55
      vertex -48.5415 2.38469 0
      vertex -48.5415 2.38469 55
    endloop
  endfacet
  facet normal -0.999699 0.0245241 0
    outer loop
      vertex -48.6 0 0
      vertex -48.5415 2.38469 55
      vertex -48.5415 2.38469 0
    endloop
  endfacet
  facet normal -0.999699 0.0245241 0
    outer loop
      vertex -48.5415 2.38469 55
      vertex -48.6 0 0
      vertex -48.6 0 55
    endloop
  endfacet
  facet normal 0.170956 0.985279 -0
    outer loop
      vertex 9.48139 47.6662 0
      vertex 7.1311 48.074 55
      vertex 9.48139 47.6662 55
    endloop
  endfacet
  facet normal 0.170956 0.985279 0
    outer loop
      vertex 7.1311 48.074 55
      vertex 9.48139 47.6662 0
      vertex 7.1311 48.074 0
    endloop
  endfacet
  facet normal 0.122411 0.99248 -0
    outer loop
      vertex 7.1311 48.074 0
      vertex 4.76363 48.366 55
      vertex 7.1311 48.074 55
    endloop
  endfacet
  facet normal 0.122411 0.99248 0
    outer loop
      vertex 4.76363 48.366 55
      vertex 7.1311 48.074 0
      vertex 4.76363 48.366 0
    endloop
  endfacet
  facet normal 0.615243 0.788338 -0
    outer loop
      vertex 30.8315 37.5683 0
      vertex 28.951 39.0359 55
      vertex 30.8315 37.5683 55
    endloop
  endfacet
  facet normal 0.615243 0.788338 0
    outer loop
      vertex 28.951 39.0359 55
      vertex 30.8315 37.5683 0
      vertex 28.951 39.0359 0
    endloop
  endfacet
  facet normal 0.535005 0.844849 -0
    outer loop
      vertex 27.0007 40.4094 0
      vertex 24.9854 41.6856 55
      vertex 27.0007 40.4094 55
    endloop
  endfacet
  facet normal 0.535005 0.844849 0
    outer loop
      vertex 24.9854 41.6856 55
      vertex 27.0007 40.4094 0
      vertex 24.9854 41.6856 0
    endloop
  endfacet
  facet normal 0.492912 0.870079 -0
    outer loop
      vertex 24.9854 41.6856 0
      vertex 22.9099 42.8614 55
      vertex 24.9854 41.6856 55
    endloop
  endfacet
  facet normal 0.492912 0.870079 0
    outer loop
      vertex 22.9099 42.8614 55
      vertex 24.9854 41.6856 0
      vertex 22.9099 42.8614 0
    endloop
  endfacet
  facet normal -0.0245241 0.999699 0
    outer loop
      vertex 0 48.6 0
      vertex -2.38469 48.5415 55
      vertex 0 48.6 55
    endloop
  endfacet
  facet normal -0.0245241 0.999699 0
    outer loop
      vertex -2.38469 48.5415 55
      vertex 0 48.6 0
      vertex -2.38469 48.5415 0
    endloop
  endfacet
  facet normal -0.653167 0.757214 0
    outer loop
      vertex -30.8315 37.5683 0
      vertex -32.6378 36.0102 55
      vertex -30.8315 37.5683 55
    endloop
  endfacet
  facet normal -0.653167 0.757214 0
    outer loop
      vertex -32.6378 36.0102 55
      vertex -30.8315 37.5683 0
      vertex -32.6378 36.0102 0
    endloop
  endfacet
  facet normal -0.405213 0.914223 0
    outer loop
      vertex -18.5984 44.9005 0
      vertex -20.7792 43.9339 55
      vertex -18.5984 44.9005 55
    endloop
  endfacet
  facet normal -0.405213 0.914223 0
    outer loop
      vertex -20.7792 43.9339 55
      vertex -18.5984 44.9005 0
      vertex -20.7792 43.9339 0
    endloop
  endfacet
  facet normal -0.266705 0.963778 0
    outer loop
      vertex -11.8088 47.1435 0
      vertex -14.1078 46.5073 55
      vertex -11.8088 47.1435 55
    endloop
  endfacet
  facet normal -0.266705 0.963778 0
    outer loop
      vertex -14.1078 46.5073 55
      vertex -11.8088 47.1435 0
      vertex -14.1078 46.5073 0
    endloop
  endfacet
  facet normal -0.914223 0.405213 0
    outer loop
      vertex -44.9005 18.5984 0
      vertex -43.9339 20.7792 55
      vertex -43.9339 20.7792 0
    endloop
  endfacet
  facet normal -0.914223 0.405213 0
    outer loop
      vertex -43.9339 20.7792 55
      vertex -44.9005 18.5984 0
      vertex -44.9005 18.5984 55
    endloop
  endfacet
  facet normal -0.870079 0.492912 0
    outer loop
      vertex -42.8614 22.9099 0
      vertex -41.6856 24.9854 55
      vertex -41.6856 24.9854 0
    endloop
  endfacet
  facet normal -0.870079 0.492912 0
    outer loop
      vertex -41.6856 24.9854 55
      vertex -42.8614 22.9099 0
      vertex -42.8614 22.9099 55
    endloop
  endfacet
  facet normal -0.788338 0.615243 0
    outer loop
      vertex -39.0359 28.951 0
      vertex -37.5683 30.8315 55
      vertex -37.5683 30.8315 0
    endloop
  endfacet
  facet normal -0.788338 0.615243 0
    outer loop
      vertex -37.5683 30.8315 55
      vertex -39.0359 28.951 0
      vertex -39.0359 28.951 55
    endloop
  endfacet
  facet normal 0.313699 0.949523 -0
    outer loop
      vertex 16.3728 45.759 0
      vertex 14.1078 46.5073 55
      vertex 16.3728 45.759 55
    endloop
  endfacet
  facet normal 0.313699 0.949523 0
    outer loop
      vertex 14.1078 46.5073 55
      vertex 16.3728 45.759 0
      vertex 14.1078 46.5073 0
    endloop
  endfacet
  facet normal 0.653167 0.757214 -0
    outer loop
      vertex 32.6378 36.0102 0
      vertex 30.8315 37.5683 55
      vertex 32.6378 36.0102 55
    endloop
  endfacet
  facet normal 0.653167 0.757214 0
    outer loop
      vertex 30.8315 37.5683 55
      vertex 32.6378 36.0102 0
      vertex 30.8315 37.5683 0
    endloop
  endfacet
  facet normal -0.170956 0.985279 0
    outer loop
      vertex -7.1311 48.074 0
      vertex -9.48139 47.6662 55
      vertex -7.1311 48.074 55
    endloop
  endfacet
  facet normal -0.170956 0.985279 0
    outer loop
      vertex -9.48139 47.6662 55
      vertex -7.1311 48.074 0
      vertex -9.48139 47.6662 0
    endloop
  endfacet
  facet normal -0.122411 0.99248 0
    outer loop
      vertex -4.76363 48.366 0
      vertex -7.1311 48.074 55
      vertex -4.76363 48.366 55
    endloop
  endfacet
  facet normal -0.122411 0.99248 0
    outer loop
      vertex -7.1311 48.074 55
      vertex -4.76363 48.366 0
      vertex -7.1311 48.074 0
    endloop
  endfacet
  facet normal -0.575792 0.817596 0
    outer loop
      vertex -27.0007 40.4094 0
      vertex -28.951 39.0359 55
      vertex -27.0007 40.4094 55
    endloop
  endfacet
  facet normal -0.575792 0.817596 0
    outer loop
      vertex -28.951 39.0359 55
      vertex -27.0007 40.4094 0
      vertex -28.951 39.0359 0
    endloop
  endfacet
  facet normal -0.615243 0.788338 0
    outer loop
      vertex -28.951 39.0359 0
      vertex -30.8315 37.5683 55
      vertex -28.951 39.0359 55
    endloop
  endfacet
  facet normal -0.615243 0.788338 0
    outer loop
      vertex -30.8315 37.5683 55
      vertex -28.951 39.0359 0
      vertex -30.8315 37.5683 0
    endloop
  endfacet
  facet normal -0.535005 0.844849 0
    outer loop
      vertex -24.9854 41.6856 0
      vertex -27.0007 40.4094 55
      vertex -24.9854 41.6856 55
    endloop
  endfacet
  facet normal -0.535005 0.844849 0
    outer loop
      vertex -27.0007 40.4094 55
      vertex -24.9854 41.6856 0
      vertex -27.0007 40.4094 0
    endloop
  endfacet
  facet normal -0.359892 0.932994 0
    outer loop
      vertex -16.3728 45.759 0
      vertex -18.5984 44.9005 55
      vertex -16.3728 45.759 55
    endloop
  endfacet
  facet normal -0.359892 0.932994 0
    outer loop
      vertex -18.5984 44.9005 55
      vertex -16.3728 45.759 0
      vertex -18.5984 44.9005 0
    endloop
  endfacet
  facet normal -0.44961 0.893225 0
    outer loop
      vertex -20.7792 43.9339 0
      vertex -22.9099 42.8614 55
      vertex -20.7792 43.9339 55
    endloop
  endfacet
  facet normal -0.44961 0.893225 0
    outer loop
      vertex -22.9099 42.8614 55
      vertex -20.7792 43.9339 0
      vertex -22.9099 42.8614 0
    endloop
  endfacet
  facet normal -0.492912 0.870079 0
    outer loop
      vertex -22.9099 42.8614 0
      vertex -24.9854 41.6856 55
      vertex -22.9099 42.8614 55
    endloop
  endfacet
  facet normal -0.492912 0.870079 0
    outer loop
      vertex -24.9854 41.6856 55
      vertex -22.9099 42.8614 0
      vertex -24.9854 41.6856 0
    endloop
  endfacet
  facet normal -0.893225 0.44961 0
    outer loop
      vertex -43.9339 20.7792 0
      vertex -42.8614 22.9099 55
      vertex -42.8614 22.9099 0
    endloop
  endfacet
  facet normal -0.893225 0.44961 0
    outer loop
      vertex -42.8614 22.9099 55
      vertex -43.9339 20.7792 0
      vertex -43.9339 20.7792 55
    endloop
  endfacet
  facet normal -0.844849 0.535005 0
    outer loop
      vertex -41.6856 24.9854 0
      vertex -40.4094 27.0007 55
      vertex -40.4094 27.0007 0
    endloop
  endfacet
  facet normal -0.844849 0.535005 0
    outer loop
      vertex -40.4094 27.0007 55
      vertex -41.6856 24.9854 0
      vertex -41.6856 24.9854 55
    endloop
  endfacet
  facet normal -0.817596 0.575792 0
    outer loop
      vertex -40.4094 27.0007 0
      vertex -39.0359 28.951 55
      vertex -39.0359 28.951 0
    endloop
  endfacet
  facet normal -0.817596 0.575792 0
    outer loop
      vertex -39.0359 28.951 55
      vertex -40.4094 27.0007 0
      vertex -40.4094 27.0007 55
    endloop
  endfacet
  facet normal 0.0749363 0.107021 -0.991429
    outer loop
      vertex 55.3371 -38.7922 67.7452
      vertex 55.1719 -39.0267 67.7074
      vertex 48.6359 -34.4502 67.7074
    endloop
  endfacet
  facet normal -0.568655 -0.812137 0.130633
    outer loop
      vertex 56.0562 -37.7711 66.213
      vertex 56.078 -37.7402 66.5
      vertex 49.5384 -33.1612 66.5
    endloop
  endfacet
  facet normal 0.819288 -0.573382 -0.000423495
    outer loop
      vertex 48.6359 -34.4502 67.7074
      vertex 48.3145 -34.9092 67.3839
      vertex 48.2005 -35.0719 67.125
    endloop
  endfacet
  facet normal -0.529932 -0.75681 -0.382636
    outer loop
      vertex 49.514 -33.1961 66.8235
      vertex 55.9815 -37.8772 67.125
      vertex 49.4424 -33.2984 67.125
    endloop
  endfacet
  facet normal -0.529927 -0.756803 -0.382658
    outer loop
      vertex 55.9815 -37.8772 67.125
      vertex 49.514 -33.1961 66.8235
      vertex 56.0534 -37.7751 66.8235
    endloop
  endfacet
  facet normal -0.0744304 -0.106298 0.991545
    outer loop
      vertex 49.007 -33.9201 65.2926
      vertex 55.5234 -38.5277 65.2878
      vertex 55.5445 -38.4977 65.2926
    endloop
  endfacet
  facet normal -0.074875 -0.106926 0.991444
    outer loop
      vertex 55.5234 -38.5277 65.2878
      vertex 49.007 -33.9201 65.2926
      vertex 48.8215 -34.1852 65.25
    endloop
  endfacet
  facet normal 0.454626 0.649356 0.609633
    outer loop
      vertex 48.3145 -34.9092 65.6161
      vertex 54.7349 -39.6473 65.875
      vertex 54.7479 -39.6288 65.8456
    endloop
  endfacet
  facet normal 0.455044 0.649875 0.608767
    outer loop
      vertex 54.7349 -39.6473 65.875
      vertex 48.3145 -34.9092 65.6161
      vertex 48.2005 -35.0719 65.875
    endloop
  endfacet
  facet normal 0.819149 -0.57358 0
    outer loop
      vertex 48.2005 -35.0719 65.875
      vertex 49.5384 -33.1612 66.5
      vertex 48.2005 -35.0719 67.125
    endloop
  endfacet
  facet normal -0.0744304 -0.106298 -0.991545
    outer loop
      vertex 55.5234 -38.5277 67.7122
      vertex 49.007 -33.9201 67.7074
      vertex 55.5445 -38.4977 67.7074
    endloop
  endfacet
  facet normal -0.074875 -0.106926 -0.991444
    outer loop
      vertex 49.007 -33.9201 67.7074
      vertex 55.5234 -38.5277 67.7122
      vertex 48.8215 -34.1852 67.75
    endloop
  endfacet
  facet normal 0.349224 0.498745 -0.793282
    outer loop
      vertex 54.9814 -39.2973 67.56
      vertex 54.8493 -39.4849 67.3839
      vertex 48.3145 -34.9092 67.3839
    endloop
  endfacet
  facet normal 0.819209 -0.573493 -0.00163463
    outer loop
      vertex 49.007 -33.9201 67.7074
      vertex 48.8215 -34.1852 67.75
      vertex 48.6359 -34.4502 67.7074
    endloop
  endfacet
  facet normal 0.81921 -0.573493 0.000245898
    outer loop
      vertex 48.6359 -34.4502 65.2926
      vertex 49.007 -33.9201 65.2926
      vertex 48.2005 -35.0719 65.875
    endloop
  endfacet
  facet normal 0.81915 -0.573579 -6.1101e-06
    outer loop
      vertex 49.007 -33.9201 65.2926
      vertex 49.5384 -33.1612 66.5
      vertex 48.2005 -35.0719 65.875
    endloop
  endfacet
  facet normal -0.568676 -0.812142 0.130508
    outer loop
      vertex 56.0534 -37.7751 66.1765
      vertex 49.5384 -33.1612 66.5
      vertex 49.514 -33.1961 66.1765
    endloop
  endfacet
  facet normal -0.568447 -0.811965 0.132589
    outer loop
      vertex 49.5384 -33.1612 66.5
      vertex 56.0534 -37.7751 66.1765
      vertex 56.0562 -37.7711 66.213
    endloop
  endfacet
  facet normal -0.219565 -0.313582 0.923828
    outer loop
      vertex 49.007 -33.9201 65.2926
      vertex 55.5642 -38.4698 65.3067
      vertex 49.1799 -33.6732 65.4175
    endloop
  endfacet
  facet normal -0.218876 -0.312587 0.924328
    outer loop
      vertex 55.5642 -38.4698 65.3067
      vertex 49.007 -33.9201 65.2926
      vertex 55.5445 -38.4977 65.2926
    endloop
  endfacet
  facet normal 0.819288 -0.573382 0.000423495
    outer loop
      vertex 49.4424 -33.2984 67.125
      vertex 49.3284 -33.4611 67.3839
      vertex 49.007 -33.9201 67.7074
    endloop
  endfacet
  facet normal -0.0749364 -0.107021 -0.991429
    outer loop
      vertex 55.5234 -38.5277 67.7122
      vertex 55.3582 -38.7622 67.75
      vertex 48.8215 -34.1852 67.75
    endloop
  endfacet
  facet normal 0.568797 0.812241 -0.129358
    outer loop
      vertex 54.6384 -39.7842 66.5
      vertex 48.1289 -35.1742 66.8235
      vertex 54.6412 -39.7803 66.5368
    endloop
  endfacet
  facet normal 0.568672 0.812145 -0.130508
    outer loop
      vertex 48.1289 -35.1742 66.8235
      vertex 54.6384 -39.7842 66.5
      vertex 48.1045 -35.2091 66.5
    endloop
  endfacet
  facet normal 0.219493 0.313472 -0.923882
    outer loop
      vertex 55.1719 -39.0267 67.7074
      vertex 55.018 -39.2452 67.5967
      vertex 48.6359 -34.4502 67.7074
    endloop
  endfacet
  facet normal 0.348332 0.497466 -0.794477
    outer loop
      vertex 54.9814 -39.2973 67.56
      vertex 48.463 -34.6971 67.5825
      vertex 54.9983 -39.2732 67.5825
    endloop
  endfacet
  facet normal 0.349096 0.498544 -0.793464
    outer loop
      vertex 48.463 -34.6971 67.5825
      vertex 54.9814 -39.2973 67.56
      vertex 48.3145 -34.9092 67.3839
    endloop
  endfacet
  facet normal 0.81915 -0.573579 6.1101e-06
    outer loop
      vertex 49.5384 -33.1612 66.5
      vertex 49.007 -33.9201 67.7074
      vertex 48.2005 -35.0719 67.125
    endloop
  endfacet
  facet normal 0.81921 -0.573493 -0.000245898
    outer loop
      vertex 49.007 -33.9201 67.7074
      vertex 48.6359 -34.4502 67.7074
      vertex 48.2005 -35.0719 67.125
    endloop
  endfacet
  facet normal 0.819059 -0.57371 -0.000270318
    outer loop
      vertex 48.463 -34.6971 65.4175
      vertex 48.6359 -34.4502 65.2926
      vertex 48.3145 -34.9092 65.6161
    endloop
  endfacet
  facet normal 0.819209 -0.573493 0.00163463
    outer loop
      vertex 48.8215 -34.1852 65.25
      vertex 49.007 -33.9201 65.2926
      vertex 48.6359 -34.4502 65.2926
    endloop
  endfacet
  facet normal 0.819288 -0.573382 0.000423495
    outer loop
      vertex 48.3145 -34.9092 65.6161
      vertex 48.6359 -34.4502 65.2926
      vertex 48.2005 -35.0719 65.875
    endloop
  endfacet
  facet normal 0.819039 -0.573738 0.000142443
    outer loop
      vertex 49.4424 -33.2984 65.875
      vertex 49.5384 -33.1612 66.5
      vertex 49.007 -33.9201 65.2926
    endloop
  endfacet
  facet normal 0.819059 -0.57371 0.000270318
    outer loop
      vertex 49.1799 -33.6732 65.4175
      vertex 49.3284 -33.4611 65.6161
      vertex 49.007 -33.9201 65.2926
    endloop
  endfacet
  facet normal 0.819133 -0.573604 9.87095e-05
    outer loop
      vertex 49.514 -33.1961 66.1765
      vertex 49.5384 -33.1612 66.5
      vertex 49.4424 -33.2984 65.875
    endloop
  endfacet
  facet normal -0.568676 -0.812142 -0.130508
    outer loop
      vertex 49.5384 -33.1612 66.5
      vertex 56.0534 -37.7751 66.8235
      vertex 49.514 -33.1961 66.8235
    endloop
  endfacet
  facet normal -0.568447 -0.811965 -0.132589
    outer loop
      vertex 56.0534 -37.7751 66.8235
      vertex 49.5384 -33.1612 66.5
      vertex 56.0562 -37.7711 66.787
    endloop
  endfacet
  facet normal -0.218876 -0.312587 -0.924328
    outer loop
      vertex 49.007 -33.9201 67.7074
      vertex 55.5642 -38.4698 67.6933
      vertex 55.5445 -38.4977 67.7074
    endloop
  endfacet
  facet normal -0.219565 -0.313582 -0.923828
    outer loop
      vertex 55.5642 -38.4698 67.6933
      vertex 49.007 -33.9201 67.7074
      vertex 49.1799 -33.6732 67.5825
    endloop
  endfacet
  facet normal -0.455045 -0.649874 -0.608767
    outer loop
      vertex 49.4424 -33.2984 67.125
      vertex 55.8672 -38.0396 67.3839
      vertex 49.3284 -33.4611 67.3839
    endloop
  endfacet
  facet normal -0.45514 -0.649991 -0.608571
    outer loop
      vertex 55.8672 -38.0396 67.3839
      vertex 49.4424 -33.2984 67.125
      vertex 55.8801 -38.0212 67.3546
    endloop
  endfacet
  facet normal 0.568797 0.812241 0.129358
    outer loop
      vertex 48.1289 -35.1742 66.1765
      vertex 54.6384 -39.7842 66.5
      vertex 54.6412 -39.7803 66.4632
    endloop
  endfacet
  facet normal 0.568672 0.812145 0.130508
    outer loop
      vertex 54.6384 -39.7842 66.5
      vertex 48.1289 -35.1742 66.1765
      vertex 48.1045 -35.2091 66.5
    endloop
  endfacet
  facet normal 0.45511 0.649967 -0.60862
    outer loop
      vertex 54.8493 -39.4849 67.3839
      vertex 54.7479 -39.6288 67.1544
      vertex 48.3145 -34.9092 67.3839
    endloop
  endfacet
  facet normal 0.219752 0.313835 -0.923697
    outer loop
      vertex 48.463 -34.6971 67.5825
      vertex 55.018 -39.2452 67.5967
      vertex 54.9983 -39.2732 67.5825
    endloop
  endfacet
  facet normal 0.219572 0.313577 -0.923828
    outer loop
      vertex 55.018 -39.2452 67.5967
      vertex 48.463 -34.6971 67.5825
      vertex 48.6359 -34.4502 67.7074
    endloop
  endfacet
  facet normal 0.819059 -0.57371 0.000270318
    outer loop
      vertex 48.6359 -34.4502 67.7074
      vertex 48.463 -34.6971 67.5825
      vertex 48.3145 -34.9092 67.3839
    endloop
  endfacet
  facet normal 0.529919 0.756808 -0.382658
    outer loop
      vertex 54.663 -39.7494 66.8235
      vertex 48.2005 -35.0719 67.125
      vertex 54.7349 -39.6473 67.125
    endloop
  endfacet
  facet normal 0.529925 0.756815 -0.382636
    outer loop
      vertex 48.2005 -35.0719 67.125
      vertex 54.663 -39.7494 66.8235
      vertex 48.1289 -35.1742 66.8235
    endloop
  endfacet
  facet normal 0.454626 0.649356 -0.609633
    outer loop
      vertex 54.7349 -39.6473 67.125
      vertex 48.3145 -34.9092 67.3839
      vertex 54.7479 -39.6288 67.1544
    endloop
  endfacet
  facet normal 0.455044 0.649875 -0.608767
    outer loop
      vertex 48.3145 -34.9092 67.3839
      vertex 54.7349 -39.6473 67.125
      vertex 48.2005 -35.0719 67.125
    endloop
  endfacet
  facet normal 0.07443 0.106298 -0.991545
    outer loop
      vertex 55.3371 -38.7922 67.7452
      vertex 48.8215 -34.1852 67.75
      vertex 55.3582 -38.7622 67.75
    endloop
  endfacet
  facet normal 0.0748802 0.106935 -0.991442
    outer loop
      vertex 48.8215 -34.1852 67.75
      vertex 55.3371 -38.7922 67.7452
      vertex 48.6359 -34.4502 67.7074
    endloop
  endfacet
  facet normal 0.568649 0.81212 0.130768
    outer loop
      vertex 54.6412 -39.7803 66.4632
      vertex 54.663 -39.7494 66.1765
      vertex 48.1289 -35.1742 66.1765
    endloop
  endfacet
  facet normal 0.529919 0.756808 0.382658
    outer loop
      vertex 48.2005 -35.0719 65.875
      vertex 54.663 -39.7494 66.1765
      vertex 54.7349 -39.6473 65.875
    endloop
  endfacet
  facet normal 0.529925 0.756815 0.382636
    outer loop
      vertex 54.663 -39.7494 66.1765
      vertex 48.2005 -35.0719 65.875
      vertex 48.1289 -35.1742 66.1765
    endloop
  endfacet
  facet normal 0.45511 0.649967 0.60862
    outer loop
      vertex 54.7479 -39.6288 65.8456
      vertex 54.8493 -39.4849 65.6161
      vertex 48.3145 -34.9092 65.6161
    endloop
  endfacet
  facet normal 0.348332 0.497466 0.794477
    outer loop
      vertex 48.463 -34.6971 65.4175
      vertex 54.9814 -39.2973 65.44
      vertex 54.9983 -39.2732 65.4175
    endloop
  endfacet
  facet normal 0.349096 0.498544 0.793464
    outer loop
      vertex 54.9814 -39.2973 65.44
      vertex 48.463 -34.6971 65.4175
      vertex 48.3145 -34.9092 65.6161
    endloop
  endfacet
  facet normal -0.348577 -0.497821 0.794146
    outer loop
      vertex 49.3284 -33.4611 65.6161
      vertex 55.8503 -38.0635 65.5937
      vertex 55.8672 -38.0396 65.6161
    endloop
  endfacet
  facet normal -0.349092 -0.498547 0.793464
    outer loop
      vertex 55.8503 -38.0635 65.5937
      vertex 49.3284 -33.4611 65.6161
      vertex 49.1799 -33.6732 65.4175
    endloop
  endfacet
  facet normal 0.07443 0.106298 0.991545
    outer loop
      vertex 48.8215 -34.1852 65.25
      vertex 55.3371 -38.7922 65.2548
      vertex 55.3582 -38.7622 65.25
    endloop
  endfacet
  facet normal 0.0748802 0.106935 0.991442
    outer loop
      vertex 55.3371 -38.7922 65.2548
      vertex 48.8215 -34.1852 65.25
      vertex 48.6359 -34.4502 65.2926
    endloop
  endfacet
  facet normal -0.0749364 -0.107021 0.991429
    outer loop
      vertex 55.3582 -38.7622 65.25
      vertex 55.5234 -38.5277 65.2878
      vertex 48.8215 -34.1852 65.25
    endloop
  endfacet
  facet normal -0.455045 -0.649874 0.608767
    outer loop
      vertex 55.8672 -38.0396 65.6161
      vertex 49.4424 -33.2984 65.875
      vertex 49.3284 -33.4611 65.6161
    endloop
  endfacet
  facet normal -0.45514 -0.649991 0.608571
    outer loop
      vertex 49.4424 -33.2984 65.875
      vertex 55.8672 -38.0396 65.6161
      vertex 55.8801 -38.0212 65.6454
    endloop
  endfacet
  facet normal 0.819288 -0.573382 -0.000423495
    outer loop
      vertex 49.3284 -33.4611 65.6161
      vertex 49.4424 -33.2984 65.875
      vertex 49.007 -33.9201 65.2926
    endloop
  endfacet
  facet normal -0.529932 -0.75681 0.382636
    outer loop
      vertex 55.9815 -37.8772 65.875
      vertex 49.514 -33.1961 66.1765
      vertex 49.4424 -33.2984 65.875
    endloop
  endfacet
  facet normal -0.529927 -0.756803 0.382658
    outer loop
      vertex 49.514 -33.1961 66.1765
      vertex 55.9815 -37.8772 65.875
      vertex 56.0534 -37.7751 66.1765
    endloop
  endfacet
  facet normal -0.349211 -0.498735 -0.793294
    outer loop
      vertex 55.8503 -38.0635 67.4063
      vertex 55.7181 -38.2512 67.5825
      vertex 49.1799 -33.6732 67.5825
    endloop
  endfacet
  facet normal -0.568655 -0.812137 -0.130633
    outer loop
      vertex 56.078 -37.7402 66.5
      vertex 56.0562 -37.7711 66.787
      vertex 49.5384 -33.1612 66.5
    endloop
  endfacet
  facet normal -0.348577 -0.497821 -0.794146
    outer loop
      vertex 55.8503 -38.0635 67.4063
      vertex 49.3284 -33.4611 67.3839
      vertex 55.8672 -38.0396 67.3839
    endloop
  endfacet
  facet normal -0.349092 -0.498547 -0.793464
    outer loop
      vertex 49.3284 -33.4611 67.3839
      vertex 55.8503 -38.0635 67.4063
      vertex 49.1799 -33.6732 67.5825
    endloop
  endfacet
  facet normal 0.819059 -0.57371 -0.000270318
    outer loop
      vertex 49.3284 -33.4611 67.3839
      vertex 49.1799 -33.6732 67.5825
      vertex 49.007 -33.9201 67.7074
    endloop
  endfacet
  facet normal 0.819133 -0.573604 -9.87095e-05
    outer loop
      vertex 49.5384 -33.1612 66.5
      vertex 49.514 -33.1961 66.8235
      vertex 49.4424 -33.2984 67.125
    endloop
  endfacet
  facet normal 0.819039 -0.573738 -0.000142443
    outer loop
      vertex 49.5384 -33.1612 66.5
      vertex 49.4424 -33.2984 67.125
      vertex 49.007 -33.9201 67.7074
    endloop
  endfacet
  facet normal 0.81927 -0.573409 0
    outer loop
      vertex 48.1289 -35.1742 66.8235
      vertex 48.2005 -35.0719 65.875
      vertex 48.2005 -35.0719 67.125
    endloop
  endfacet
  facet normal 0.81927 -0.573409 0
    outer loop
      vertex 48.2005 -35.0719 65.875
      vertex 48.1289 -35.1742 66.8235
      vertex 48.1289 -35.1742 66.1765
    endloop
  endfacet
  facet normal 0.819563 -0.572989 0
    outer loop
      vertex 48.1289 -35.1742 66.1765
      vertex 48.1289 -35.1742 66.8235
      vertex 48.1045 -35.2091 66.5
    endloop
  endfacet
  facet normal 0.0749363 0.107021 0.991429
    outer loop
      vertex 55.1719 -39.0267 65.2926
      vertex 55.3371 -38.7922 65.2548
      vertex 48.6359 -34.4502 65.2926
    endloop
  endfacet
  facet normal 0.219572 0.313577 0.923828
    outer loop
      vertex 48.463 -34.6971 65.4175
      vertex 55.018 -39.2452 65.4033
      vertex 48.6359 -34.4502 65.2926
    endloop
  endfacet
  facet normal 0.219752 0.313835 0.923697
    outer loop
      vertex 55.018 -39.2452 65.4033
      vertex 48.463 -34.6971 65.4175
      vertex 54.9983 -39.2732 65.4175
    endloop
  endfacet
  facet normal 0.219493 0.313472 0.923882
    outer loop
      vertex 55.018 -39.2452 65.4033
      vertex 55.1719 -39.0267 65.2926
      vertex 48.6359 -34.4502 65.2926
    endloop
  endfacet
  facet normal 0.349224 0.498745 0.793282
    outer loop
      vertex 54.8493 -39.4849 65.6161
      vertex 54.9814 -39.2973 65.44
      vertex 48.3145 -34.9092 65.6161
    endloop
  endfacet
  facet normal -0.349211 -0.498735 0.793294
    outer loop
      vertex 55.7181 -38.2512 65.4175
      vertex 55.8503 -38.0635 65.5937
      vertex 49.1799 -33.6732 65.4175
    endloop
  endfacet
  facet normal -0.219604 -0.313633 0.923801
    outer loop
      vertex 55.5642 -38.4698 65.3067
      vertex 55.7181 -38.2512 65.4175
      vertex 49.1799 -33.6732 65.4175
    endloop
  endfacet
  facet normal -0.455111 -0.649955 0.608632
    outer loop
      vertex 55.8801 -38.0212 65.6454
      vertex 55.9815 -37.8772 65.875
      vertex 49.4424 -33.2984 65.875
    endloop
  endfacet
  facet normal -0.219604 -0.313633 -0.923801
    outer loop
      vertex 55.7181 -38.2512 67.5825
      vertex 55.5642 -38.4698 67.6933
      vertex 49.1799 -33.6732 67.5825
    endloop
  endfacet
  facet normal -0.455111 -0.649955 -0.608632
    outer loop
      vertex 55.9815 -37.8772 67.125
      vertex 55.8801 -38.0212 67.3546
      vertex 49.4424 -33.2984 67.125
    endloop
  endfacet
  facet normal 0.568649 0.81212 -0.130768
    outer loop
      vertex 54.663 -39.7494 66.8235
      vertex 54.6412 -39.7803 66.5368
      vertex 48.1289 -35.1742 66.8235
    endloop
  endfacet
  facet normal 0.074875 -0.106926 -0.991444
    outer loop
      vertex -55.5234 -38.5277 67.7122
      vertex -49.007 -33.9201 67.7074
      vertex -48.8215 -34.1852 67.75
    endloop
  endfacet
  facet normal 0.0744304 -0.106298 -0.991545
    outer loop
      vertex -49.007 -33.9201 67.7074
      vertex -55.5234 -38.5277 67.7122
      vertex -55.5445 -38.4977 67.7074
    endloop
  endfacet
  facet normal 0.0749364 -0.107021 -0.991429
    outer loop
      vertex -48.8215 -34.1852 67.75
      vertex -55.3582 -38.7622 67.75
      vertex -55.5234 -38.5277 67.7122
    endloop
  endfacet
  facet normal -0.0748802 0.106935 0.991442
    outer loop
      vertex -48.8215 -34.1852 65.25
      vertex -55.3371 -38.7922 65.2548
      vertex -48.6359 -34.4502 65.2926
    endloop
  endfacet
  facet normal -0.07443 0.106298 0.991545
    outer loop
      vertex -55.3371 -38.7922 65.2548
      vertex -48.8215 -34.1852 65.25
      vertex -55.3582 -38.7622 65.25
    endloop
  endfacet
  facet normal -0.529925 0.756815 -0.382636
    outer loop
      vertex -54.663 -39.7494 66.8235
      vertex -48.2005 -35.0719 67.125
      vertex -48.1289 -35.1742 66.8235
    endloop
  endfacet
  facet normal -0.529919 0.756808 -0.382658
    outer loop
      vertex -48.2005 -35.0719 67.125
      vertex -54.663 -39.7494 66.8235
      vertex -54.7349 -39.6473 67.125
    endloop
  endfacet
  facet normal 0.349092 -0.498547 -0.793464
    outer loop
      vertex -55.8503 -38.0635 67.4063
      vertex -49.3284 -33.4611 67.3839
      vertex -49.1799 -33.6732 67.5825
    endloop
  endfacet
  facet normal 0.348577 -0.497821 -0.794146
    outer loop
      vertex -49.3284 -33.4611 67.3839
      vertex -55.8503 -38.0635 67.4063
      vertex -55.8672 -38.0396 67.3839
    endloop
  endfacet
  facet normal -0.819039 -0.573738 -0.000142443
    outer loop
      vertex -49.007 -33.9201 67.7074
      vertex -49.4424 -33.2984 67.125
      vertex -49.5384 -33.1612 66.5
    endloop
  endfacet
  facet normal -0.0749363 0.107021 0.991429
    outer loop
      vertex -55.1719 -39.0267 65.2926
      vertex -48.6359 -34.4502 65.2926
      vertex -55.3371 -38.7922 65.2548
    endloop
  endfacet
  facet normal -0.819039 -0.573738 0.000142443
    outer loop
      vertex -49.4424 -33.2984 65.875
      vertex -49.007 -33.9201 65.2926
      vertex -49.5384 -33.1612 66.5
    endloop
  endfacet
  facet normal 0.349092 -0.498547 0.793464
    outer loop
      vertex -49.3284 -33.4611 65.6161
      vertex -55.8503 -38.0635 65.5937
      vertex -49.1799 -33.6732 65.4175
    endloop
  endfacet
  facet normal 0.348577 -0.497821 0.794146
    outer loop
      vertex -55.8503 -38.0635 65.5937
      vertex -49.3284 -33.4611 65.6161
      vertex -55.8672 -38.0396 65.6161
    endloop
  endfacet
  facet normal 0.45514 -0.649991 -0.608571
    outer loop
      vertex -49.4424 -33.2984 67.125
      vertex -55.8672 -38.0396 67.3839
      vertex -55.8801 -38.0212 67.3546
    endloop
  endfacet
  facet normal 0.455045 -0.649874 -0.608767
    outer loop
      vertex -55.8672 -38.0396 67.3839
      vertex -49.4424 -33.2984 67.125
      vertex -49.3284 -33.4611 67.3839
    endloop
  endfacet
  facet normal -0.819059 -0.57371 -0.000270318
    outer loop
      vertex -49.007 -33.9201 67.7074
      vertex -49.1799 -33.6732 67.5825
      vertex -49.3284 -33.4611 67.3839
    endloop
  endfacet
  facet normal -0.81915 -0.573579 6.1101e-06
    outer loop
      vertex -48.2005 -35.0719 67.125
      vertex -49.007 -33.9201 67.7074
      vertex -49.5384 -33.1612 66.5
    endloop
  endfacet
  facet normal -0.455044 0.649875 0.608767
    outer loop
      vertex -48.3145 -34.9092 65.6161
      vertex -54.7349 -39.6473 65.875
      vertex -48.2005 -35.0719 65.875
    endloop
  endfacet
  facet normal -0.454626 0.649356 0.609633
    outer loop
      vertex -54.7349 -39.6473 65.875
      vertex -48.3145 -34.9092 65.6161
      vertex -54.7479 -39.6288 65.8456
    endloop
  endfacet
  facet normal -0.819209 -0.573493 0.00163463
    outer loop
      vertex -48.8215 -34.1852 65.25
      vertex -48.6359 -34.4502 65.2926
      vertex -49.007 -33.9201 65.2926
    endloop
  endfacet
  facet normal -0.819288 -0.573382 0.000423495
    outer loop
      vertex -49.007 -33.9201 67.7074
      vertex -49.3284 -33.4611 67.3839
      vertex -49.4424 -33.2984 67.125
    endloop
  endfacet
  facet normal 0.218876 -0.312587 -0.924328
    outer loop
      vertex -55.5642 -38.4698 67.6933
      vertex -49.007 -33.9201 67.7074
      vertex -55.5445 -38.4977 67.7074
    endloop
  endfacet
  facet normal 0.219565 -0.313582 -0.923828
    outer loop
      vertex -49.007 -33.9201 67.7074
      vertex -55.5642 -38.4698 67.6933
      vertex -49.1799 -33.6732 67.5825
    endloop
  endfacet
  facet normal -0.819209 -0.573493 -0.00163463
    outer loop
      vertex -48.6359 -34.4502 67.7074
      vertex -48.8215 -34.1852 67.75
      vertex -49.007 -33.9201 67.7074
    endloop
  endfacet
  facet normal 0.0749364 -0.107021 0.991429
    outer loop
      vertex -55.3582 -38.7622 65.25
      vertex -48.8215 -34.1852 65.25
      vertex -55.5234 -38.5277 65.2878
    endloop
  endfacet
  facet normal -0.81927 -0.573409 0
    outer loop
      vertex -48.1289 -35.1742 66.1765
      vertex -48.2005 -35.0719 67.125
      vertex -48.2005 -35.0719 65.875
    endloop
  endfacet
  facet normal -0.81927 -0.573409 0
    outer loop
      vertex -48.2005 -35.0719 67.125
      vertex -48.1289 -35.1742 66.1765
      vertex -48.1289 -35.1742 66.8235
    endloop
  endfacet
  facet normal 0.45514 -0.649991 0.608571
    outer loop
      vertex -55.8672 -38.0396 65.6161
      vertex -49.4424 -33.2984 65.875
      vertex -55.8801 -38.0212 65.6454
    endloop
  endfacet
  facet normal 0.455045 -0.649874 0.608767
    outer loop
      vertex -49.4424 -33.2984 65.875
      vertex -55.8672 -38.0396 65.6161
      vertex -49.3284 -33.4611 65.6161
    endloop
  endfacet
  facet normal 0.568655 -0.812137 -0.130633
    outer loop
      vertex -49.5384 -33.1612 66.5
      vertex -56.0562 -37.7711 66.787
      vertex -56.078 -37.7402 66.5
    endloop
  endfacet
  facet normal -0.819288 -0.573382 -0.000423495
    outer loop
      vertex -48.2005 -35.0719 67.125
      vertex -48.3145 -34.9092 67.3839
      vertex -48.6359 -34.4502 67.7074
    endloop
  endfacet
  facet normal -0.81921 -0.573493 -0.000245898
    outer loop
      vertex -48.2005 -35.0719 67.125
      vertex -48.6359 -34.4502 67.7074
      vertex -49.007 -33.9201 67.7074
    endloop
  endfacet
  facet normal -0.568672 0.812145 -0.130508
    outer loop
      vertex -54.6384 -39.7842 66.5
      vertex -48.1289 -35.1742 66.8235
      vertex -48.1045 -35.2091 66.5
    endloop
  endfacet
  facet normal -0.568797 0.812241 -0.129358
    outer loop
      vertex -48.1289 -35.1742 66.8235
      vertex -54.6384 -39.7842 66.5
      vertex -54.6412 -39.7803 66.5368
    endloop
  endfacet
  facet normal -0.0748802 0.106935 -0.991442
    outer loop
      vertex -55.3371 -38.7922 67.7452
      vertex -48.8215 -34.1852 67.75
      vertex -48.6359 -34.4502 67.7074
    endloop
  endfacet
  facet normal -0.07443 0.106298 -0.991545
    outer loop
      vertex -48.8215 -34.1852 67.75
      vertex -55.3371 -38.7922 67.7452
      vertex -55.3582 -38.7622 67.75
    endloop
  endfacet
  facet normal -0.0749363 0.107021 -0.991429
    outer loop
      vertex -48.6359 -34.4502 67.7074
      vertex -55.1719 -39.0267 67.7074
      vertex -55.3371 -38.7922 67.7452
    endloop
  endfacet
  facet normal 0.074875 -0.106926 0.991444
    outer loop
      vertex -49.007 -33.9201 65.2926
      vertex -55.5234 -38.5277 65.2878
      vertex -48.8215 -34.1852 65.25
    endloop
  endfacet
  facet normal 0.0744304 -0.106298 0.991545
    outer loop
      vertex -55.5234 -38.5277 65.2878
      vertex -49.007 -33.9201 65.2926
      vertex -55.5445 -38.4977 65.2926
    endloop
  endfacet
  facet normal -0.81921 -0.573493 0.000245898
    outer loop
      vertex -48.6359 -34.4502 65.2926
      vertex -48.2005 -35.0719 65.875
      vertex -49.007 -33.9201 65.2926
    endloop
  endfacet
  facet normal -0.568649 0.81212 0.130768
    outer loop
      vertex -54.6412 -39.7803 66.4632
      vertex -48.1289 -35.1742 66.1765
      vertex -54.663 -39.7494 66.1765
    endloop
  endfacet
  facet normal 0.529927 -0.756803 0.382658
    outer loop
      vertex -55.9815 -37.8772 65.875
      vertex -49.514 -33.1961 66.1765
      vertex -56.0534 -37.7751 66.1765
    endloop
  endfacet
  facet normal 0.529932 -0.75681 0.382636
    outer loop
      vertex -49.514 -33.1961 66.1765
      vertex -55.9815 -37.8772 65.875
      vertex -49.4424 -33.2984 65.875
    endloop
  endfacet
  facet normal 0.455111 -0.649955 0.608632
    outer loop
      vertex -55.8801 -38.0212 65.6454
      vertex -49.4424 -33.2984 65.875
      vertex -55.9815 -37.8772 65.875
    endloop
  endfacet
  facet normal 0.568447 -0.811965 0.132589
    outer loop
      vertex -56.0534 -37.7751 66.1765
      vertex -49.5384 -33.1612 66.5
      vertex -56.0562 -37.7711 66.213
    endloop
  endfacet
  facet normal 0.568676 -0.812142 0.130508
    outer loop
      vertex -49.5384 -33.1612 66.5
      vertex -56.0534 -37.7751 66.1765
      vertex -49.514 -33.1961 66.1765
    endloop
  endfacet
  facet normal -0.819133 -0.573604 9.87095e-05
    outer loop
      vertex -49.514 -33.1961 66.1765
      vertex -49.4424 -33.2984 65.875
      vertex -49.5384 -33.1612 66.5
    endloop
  endfacet
  facet normal -0.819059 -0.57371 0.000270318
    outer loop
      vertex -49.1799 -33.6732 65.4175
      vertex -49.007 -33.9201 65.2926
      vertex -49.3284 -33.4611 65.6161
    endloop
  endfacet
  facet normal -0.819288 -0.573382 -0.000423495
    outer loop
      vertex -49.3284 -33.4611 65.6161
      vertex -49.007 -33.9201 65.2926
      vertex -49.4424 -33.2984 65.875
    endloop
  endfacet
  facet normal 0.349211 -0.498735 -0.793294
    outer loop
      vertex -49.1799 -33.6732 67.5825
      vertex -55.7181 -38.2512 67.5825
      vertex -55.8503 -38.0635 67.4063
    endloop
  endfacet
  facet normal -0.819133 -0.573604 -9.87095e-05
    outer loop
      vertex -49.4424 -33.2984 67.125
      vertex -49.514 -33.1961 66.8235
      vertex -49.5384 -33.1612 66.5
    endloop
  endfacet
  facet normal 0.568447 -0.811965 -0.132589
    outer loop
      vertex -49.5384 -33.1612 66.5
      vertex -56.0534 -37.7751 66.8235
      vertex -56.0562 -37.7711 66.787
    endloop
  endfacet
  facet normal 0.568676 -0.812142 -0.130508
    outer loop
      vertex -56.0534 -37.7751 66.8235
      vertex -49.5384 -33.1612 66.5
      vertex -49.514 -33.1961 66.8235
    endloop
  endfacet
  facet normal -0.349224 0.498745 -0.793282
    outer loop
      vertex -48.3145 -34.9092 67.3839
      vertex -54.8493 -39.4849 67.3839
      vertex -54.9814 -39.2973 67.56
    endloop
  endfacet
  facet normal -0.568672 0.812145 0.130508
    outer loop
      vertex -48.1289 -35.1742 66.1765
      vertex -54.6384 -39.7842 66.5
      vertex -48.1045 -35.2091 66.5
    endloop
  endfacet
  facet normal -0.568797 0.812241 0.129358
    outer loop
      vertex -54.6384 -39.7842 66.5
      vertex -48.1289 -35.1742 66.1765
      vertex -54.6412 -39.7803 66.4632
    endloop
  endfacet
  facet normal -0.819563 -0.572989 0
    outer loop
      vertex -48.1289 -35.1742 66.1765
      vertex -48.1045 -35.2091 66.5
      vertex -48.1289 -35.1742 66.8235
    endloop
  endfacet
  facet normal -0.219752 0.313835 -0.923697
    outer loop
      vertex -55.018 -39.2452 67.5967
      vertex -48.463 -34.6971 67.5825
      vertex -54.9983 -39.2732 67.5825
    endloop
  endfacet
  facet normal -0.219572 0.313577 -0.923828
    outer loop
      vertex -48.463 -34.6971 67.5825
      vertex -55.018 -39.2452 67.5967
      vertex -48.6359 -34.4502 67.7074
    endloop
  endfacet
  facet normal -0.219493 0.313472 -0.923882
    outer loop
      vertex -48.6359 -34.4502 67.7074
      vertex -55.018 -39.2452 67.5967
      vertex -55.1719 -39.0267 67.7074
    endloop
  endfacet
  facet normal -0.45511 0.649967 -0.60862
    outer loop
      vertex -48.3145 -34.9092 67.3839
      vertex -54.7479 -39.6288 67.1544
      vertex -54.8493 -39.4849 67.3839
    endloop
  endfacet
  facet normal -0.455044 0.649875 -0.608767
    outer loop
      vertex -54.7349 -39.6473 67.125
      vertex -48.3145 -34.9092 67.3839
      vertex -48.2005 -35.0719 67.125
    endloop
  endfacet
  facet normal -0.454626 0.649356 -0.609633
    outer loop
      vertex -48.3145 -34.9092 67.3839
      vertex -54.7349 -39.6473 67.125
      vertex -54.7479 -39.6288 67.1544
    endloop
  endfacet
  facet normal -0.349224 0.498745 0.793282
    outer loop
      vertex -54.8493 -39.4849 65.6161
      vertex -48.3145 -34.9092 65.6161
      vertex -54.9814 -39.2973 65.44
    endloop
  endfacet
  facet normal -0.45511 0.649967 0.60862
    outer loop
      vertex -54.7479 -39.6288 65.8456
      vertex -48.3145 -34.9092 65.6161
      vertex -54.8493 -39.4849 65.6161
    endloop
  endfacet
  facet normal -0.529925 0.756815 0.382636
    outer loop
      vertex -48.2005 -35.0719 65.875
      vertex -54.663 -39.7494 66.1765
      vertex -48.1289 -35.1742 66.1765
    endloop
  endfacet
  facet normal -0.529919 0.756808 0.382658
    outer loop
      vertex -54.663 -39.7494 66.1765
      vertex -48.2005 -35.0719 65.875
      vertex -54.7349 -39.6473 65.875
    endloop
  endfacet
  facet normal -0.819288 -0.573382 0.000423495
    outer loop
      vertex -48.3145 -34.9092 65.6161
      vertex -48.2005 -35.0719 65.875
      vertex -48.6359 -34.4502 65.2926
    endloop
  endfacet
  facet normal 0.219565 -0.313582 0.923828
    outer loop
      vertex -55.5642 -38.4698 65.3067
      vertex -49.007 -33.9201 65.2926
      vertex -49.1799 -33.6732 65.4175
    endloop
  endfacet
  facet normal 0.218876 -0.312587 0.924328
    outer loop
      vertex -49.007 -33.9201 65.2926
      vertex -55.5642 -38.4698 65.3067
      vertex -55.5445 -38.4977 65.2926
    endloop
  endfacet
  facet normal 0.349211 -0.498735 0.793294
    outer loop
      vertex -55.7181 -38.2512 65.4175
      vertex -49.1799 -33.6732 65.4175
      vertex -55.8503 -38.0635 65.5937
    endloop
  endfacet
  facet normal -0.81915 -0.573579 -6.1101e-06
    outer loop
      vertex -49.007 -33.9201 65.2926
      vertex -48.2005 -35.0719 65.875
      vertex -49.5384 -33.1612 66.5
    endloop
  endfacet
  facet normal -0.819149 -0.57358 0
    outer loop
      vertex -48.2005 -35.0719 65.875
      vertex -48.2005 -35.0719 67.125
      vertex -49.5384 -33.1612 66.5
    endloop
  endfacet
  facet normal 0.455111 -0.649955 -0.608632
    outer loop
      vertex -49.4424 -33.2984 67.125
      vertex -55.8801 -38.0212 67.3546
      vertex -55.9815 -37.8772 67.125
    endloop
  endfacet
  facet normal 0.529927 -0.756803 -0.382658
    outer loop
      vertex -49.514 -33.1961 66.8235
      vertex -55.9815 -37.8772 67.125
      vertex -56.0534 -37.7751 66.8235
    endloop
  endfacet
  facet normal 0.529932 -0.75681 -0.382636
    outer loop
      vertex -55.9815 -37.8772 67.125
      vertex -49.514 -33.1961 66.8235
      vertex -49.4424 -33.2984 67.125
    endloop
  endfacet
  facet normal 0.568655 -0.812137 0.130633
    outer loop
      vertex -56.0562 -37.7711 66.213
      vertex -49.5384 -33.1612 66.5
      vertex -56.078 -37.7402 66.5
    endloop
  endfacet
  facet normal 0.219604 -0.313633 -0.923801
    outer loop
      vertex -49.1799 -33.6732 67.5825
      vertex -55.5642 -38.4698 67.6933
      vertex -55.7181 -38.2512 67.5825
    endloop
  endfacet
  facet normal -0.568649 0.81212 -0.130768
    outer loop
      vertex -48.1289 -35.1742 66.8235
      vertex -54.6412 -39.7803 66.5368
      vertex -54.663 -39.7494 66.8235
    endloop
  endfacet
  facet normal -0.349096 0.498544 -0.793464
    outer loop
      vertex -54.9814 -39.2973 67.56
      vertex -48.463 -34.6971 67.5825
      vertex -48.3145 -34.9092 67.3839
    endloop
  endfacet
  facet normal -0.348332 0.497466 -0.794477
    outer loop
      vertex -48.463 -34.6971 67.5825
      vertex -54.9814 -39.2973 67.56
      vertex -54.9983 -39.2732 67.5825
    endloop
  endfacet
  facet normal -0.819059 -0.57371 0.000270318
    outer loop
      vertex -48.3145 -34.9092 67.3839
      vertex -48.463 -34.6971 67.5825
      vertex -48.6359 -34.4502 67.7074
    endloop
  endfacet
  facet normal -0.219493 0.313472 0.923882
    outer loop
      vertex -55.018 -39.2452 65.4033
      vertex -48.6359 -34.4502 65.2926
      vertex -55.1719 -39.0267 65.2926
    endloop
  endfacet
  facet normal -0.219572 0.313577 0.923828
    outer loop
      vertex -55.018 -39.2452 65.4033
      vertex -48.463 -34.6971 65.4175
      vertex -48.6359 -34.4502 65.2926
    endloop
  endfacet
  facet normal -0.219752 0.313835 0.923697
    outer loop
      vertex -48.463 -34.6971 65.4175
      vertex -55.018 -39.2452 65.4033
      vertex -54.9983 -39.2732 65.4175
    endloop
  endfacet
  facet normal 0.219604 -0.313633 0.923801
    outer loop
      vertex -55.5642 -38.4698 65.3067
      vertex -49.1799 -33.6732 65.4175
      vertex -55.7181 -38.2512 65.4175
    endloop
  endfacet
  facet normal -0.819059 -0.57371 -0.000270318
    outer loop
      vertex -48.463 -34.6971 65.4175
      vertex -48.3145 -34.9092 65.6161
      vertex -48.6359 -34.4502 65.2926
    endloop
  endfacet
  facet normal -0.349096 0.498544 0.793464
    outer loop
      vertex -48.463 -34.6971 65.4175
      vertex -54.9814 -39.2973 65.44
      vertex -48.3145 -34.9092 65.6161
    endloop
  endfacet
  facet normal -0.348332 0.497466 0.794477
    outer loop
      vertex -54.9814 -39.2973 65.44
      vertex -48.463 -34.6971 65.4175
      vertex -54.9983 -39.2732 65.4175
    endloop
  endfacet
  facet normal -0.130052 -0.0113804 -0.991442
    outer loop
      vertex -5.60432 67.3498 67.7122
      vertex -4.87219 59.4014 67.7074
      vertex -5.19448 59.3732 67.75
    endloop
  endfacet
  facet normal -0.129552 -0.0113343 -0.991508
    outer loop
      vertex -4.87219 59.4014 67.7074
      vertex -5.60432 67.3498 67.7122
      vertex -5.56782 67.3525 67.7074
    endloop
  endfacet
  facet normal -0.0871891 0.996192 -0.000177428
    outer loop
      vertex -4.87219 59.4014 67.7074
      vertex -4.31396 59.4502 67.3839
      vertex -5.19448 59.3732 67.75
    endloop
  endfacet
  facet normal -0.790337 -0.069145 -0.608758
    outer loop
      vertex -4.83344 67.4067 67.1546
      vertex -4.31396 59.4502 67.3839
      vertex -5.00893 67.3938 67.3839
    endloop
  endfacet
  facet normal -0.130114 -0.0113836 -0.991434
    outer loop
      vertex -5.60432 67.3498 67.7122
      vertex -5.19448 59.3732 67.75
      vertex -5.8905 67.3287 67.75
    endloop
  endfacet
  facet normal 0.12999 0.0113727 0.99145
    outer loop
      vertex -5.19448 59.3732 65.25
      vertex -5.8905 67.3287 65.25
      vertex -6.17696 67.3076 65.2878
    endloop
  endfacet
  facet normal -0.381288 -0.0333538 0.923854
    outer loop
      vertex -5.53378 67.355 65.3067
      vertex -4.87219 59.4014 65.2926
      vertex -4.57186 59.4277 65.4175
    endloop
  endfacet
  facet normal -0.380388 -0.0332796 0.924228
    outer loop
      vertex -4.87219 59.4014 65.2926
      vertex -5.53378 67.355 65.3067
      vertex -5.56782 67.3525 65.2926
    endloop
  endfacet
  facet normal 0.790294 0.0691424 -0.608814
    outer loop
      vertex -6.79358 67.2538 67.3548
      vertex -6.27289 59.2789 67.125
      vertex -6.96872 67.2322 67.125
    endloop
  endfacet
  facet normal -0.0863136 0.996268 -7.38924e-05
    outer loop
      vertex -3.94924 59.4821 66.5
      vertex -3.99167 59.4784 66.1765
      vertex -4.11607 59.4676 65.875
    endloop
  endfacet
  facet normal -0.987665 -0.0864086 -0.130579
    outer loop
      vertex -3.94924 59.4821 66.5
      vertex -4.64864 67.4203 66.5371
      vertex -4.64377 67.4207 66.5
    endloop
  endfacet
  facet normal -0.987672 -0.0864094 -0.130531
    outer loop
      vertex -4.64864 67.4203 66.5371
      vertex -3.94924 59.4821 66.5
      vertex -3.99167 59.4784 66.8235
    endloop
  endfacet
  facet normal -0.0868951 0.996217 0.000534996
    outer loop
      vertex -4.31396 59.4502 67.3839
      vertex -4.11607 59.4676 67.125
      vertex -5.19448 59.3732 67.75
    endloop
  endfacet
  facet normal -0.0871891 0.996192 0.000177428
    outer loop
      vertex -4.31396 59.4502 65.6161
      vertex -4.87219 59.4014 65.2926
      vertex -5.19448 59.3732 65.25
    endloop
  endfacet
  facet normal 0.381306 0.0333601 -0.923847
    outer loop
      vertex -6.2469 67.3025 67.6934
      vertex -5.8171 59.3187 67.5825
      vertex -6.51387 67.2828 67.5825
    endloop
  endfacet
  facet normal -0.790475 -0.0691576 -0.608578
    outer loop
      vertex -4.11607 59.4676 67.125
      vertex -4.83344 67.4067 67.1546
      vertex -4.8108 67.4084 67.125
    endloop
  endfacet
  facet normal -0.790346 -0.0691453 -0.608747
    outer loop
      vertex -4.83344 67.4067 67.1546
      vertex -4.11607 59.4676 67.125
      vertex -4.31396 59.4502 67.3839
    endloop
  endfacet
  facet normal -0.0876163 0.996154 -0.000920306
    outer loop
      vertex -4.57186 59.4277 67.5825
      vertex -4.31396 59.4502 67.3839
      vertex -4.87219 59.4014 67.7074
    endloop
  endfacet
  facet normal -0.920527 -0.0805513 -0.382286
    outer loop
      vertex -3.99167 59.4784 66.8235
      vertex -4.8108 67.4084 67.125
      vertex -4.79656 67.4094 67.0905
    endloop
  endfacet
  facet normal -0.920383 -0.0805231 -0.382638
    outer loop
      vertex -4.8108 67.4084 67.125
      vertex -3.99167 59.4784 66.8235
      vertex -4.11607 59.4676 67.125
    endloop
  endfacet
  facet normal -0.987665 -0.0864086 0.130579
    outer loop
      vertex -4.64864 67.4203 66.4629
      vertex -3.94924 59.4821 66.5
      vertex -4.64377 67.4207 66.5
    endloop
  endfacet
  facet normal -0.987672 -0.0864094 0.130531
    outer loop
      vertex -3.94924 59.4821 66.5
      vertex -4.64864 67.4203 66.4629
      vertex -3.99167 59.4784 66.1765
    endloop
  endfacet
  facet normal 0.98763 0.0863946 0.130854
    outer loop
      vertex -7.13504 67.2117 66.5
      vertex -6.39729 59.268 66.1765
      vertex -7.13023 67.2123 66.4633
    endloop
  endfacet
  facet normal 0.987671 0.0864116 0.130531
    outer loop
      vertex -6.39729 59.268 66.1765
      vertex -7.13504 67.2117 66.5
      vertex -6.43972 59.2643 66.5
    endloop
  endfacet
  facet normal 0.987676 0.0864119 -0.130493
    outer loop
      vertex -7.09274 67.2169 66.8235
      vertex -6.39729 59.268 66.8235
      vertex -7.13023 67.2123 66.5367
    endloop
  endfacet
  facet normal -0.920527 -0.0805513 0.382286
    outer loop
      vertex -4.8108 67.4084 65.875
      vertex -3.99167 59.4784 66.1765
      vertex -4.79656 67.4094 65.9095
    endloop
  endfacet
  facet normal -0.920383 -0.0805231 0.382638
    outer loop
      vertex -3.99167 59.4784 66.1765
      vertex -4.8108 67.4084 65.875
      vertex -4.11607 59.4676 65.875
    endloop
  endfacet
  facet normal -0.0871727 0.996193 -5.2383e-05
    outer loop
      vertex -4.11607 59.4676 65.875
      vertex -5.19448 59.3732 65.25
      vertex -6.43972 59.2643 66.5
    endloop
  endfacet
  facet normal -0.0874788 0.996166 -8.00903e-05
    outer loop
      vertex -6.27289 59.2789 65.875
      vertex -6.39729 59.268 66.1765
      vertex -6.43972 59.2643 66.5
    endloop
  endfacet
  facet normal 0.606358 0.0530447 -0.79342
    outer loop
      vertex -6.075 59.2962 67.3839
      vertex -6.74264 67.2601 67.4061
      vertex -5.8171 59.3187 67.5825
    endloop
  endfacet
  facet normal 0.605489 0.0529737 -0.794089
    outer loop
      vertex -6.74264 67.2601 67.4061
      vertex -6.075 59.2962 67.3839
      vertex -6.77144 67.2565 67.3839
    endloop
  endfacet
  facet normal 0.606463 0.0530588 -0.793339
    outer loop
      vertex -6.74264 67.2601 67.4061
      vertex -6.51387 67.2828 67.5825
      vertex -5.8171 59.3187 67.5825
    endloop
  endfacet
  facet normal 0.605311 0.064758 -0.79335
    outer loop
      vertex -6.51387 67.2828 67.5825
      vertex -6.74264 67.2601 67.4061
      vertex -6.62596 67.2745 67.4963
    endloop
  endfacet
  facet normal 0.12999 0.0113727 -0.99145
    outer loop
      vertex -5.8905 67.3287 67.75
      vertex -5.19448 59.3732 67.75
      vertex -6.17696 67.3076 67.7122
    endloop
  endfacet
  facet normal -0.920352 -0.0805192 -0.382713
    outer loop
      vertex -4.68625 67.4176 66.8235
      vertex -3.99167 59.4784 66.8235
      vertex -4.79656 67.4094 67.0905
    endloop
  endfacet
  facet normal -0.60642 -0.0530555 -0.793372
    outer loop
      vertex -5.03836 67.3916 67.4065
      vertex -4.57186 59.4277 67.5825
      vertex -5.26714 67.3747 67.5825
    endloop
  endfacet
  facet normal -0.606358 -0.0530529 -0.79342
    outer loop
      vertex -5.03836 67.3916 67.4065
      vertex -4.31396 59.4502 67.3839
      vertex -4.57186 59.4277 67.5825
    endloop
  endfacet
  facet normal -0.605709 -0.0529923 -0.79392
    outer loop
      vertex -4.31396 59.4502 67.3839
      vertex -5.03836 67.3916 67.4065
      vertex -5.00893 67.3938 67.3839
    endloop
  endfacet
  facet normal -0.381288 -0.0333538 -0.923854
    outer loop
      vertex -4.87219 59.4014 67.7074
      vertex -5.53378 67.355 67.6933
      vertex -4.57186 59.4277 67.5825
    endloop
  endfacet
  facet normal -0.380388 -0.0332796 -0.924228
    outer loop
      vertex -5.53378 67.355 67.6933
      vertex -4.87219 59.4014 67.7074
      vertex -5.56782 67.3525 67.7074
    endloop
  endfacet
  facet normal 0.606358 0.0530447 0.79342
    outer loop
      vertex -6.74264 67.2601 65.5939
      vertex -6.075 59.2962 65.6161
      vertex -5.8171 59.3187 65.4175
    endloop
  endfacet
  facet normal 0.605489 0.0529737 0.794089
    outer loop
      vertex -6.075 59.2962 65.6161
      vertex -6.74264 67.2601 65.5939
      vertex -6.77144 67.2565 65.6161
    endloop
  endfacet
  facet normal 0.605311 0.064758 0.79335
    outer loop
      vertex -6.74264 67.2601 65.5939
      vertex -6.51387 67.2828 65.4175
      vertex -6.62596 67.2745 65.5037
    endloop
  endfacet
  facet normal 0.606463 0.0530588 0.793339
    outer loop
      vertex -6.51387 67.2828 65.4175
      vertex -6.74264 67.2601 65.5939
      vertex -5.8171 59.3187 65.4175
    endloop
  endfacet
  facet normal -0.790337 -0.069145 0.608758
    outer loop
      vertex -4.31396 59.4502 65.6161
      vertex -4.83344 67.4067 65.8454
      vertex -5.00893 67.3938 65.6161
    endloop
  endfacet
  facet normal -0.790475 -0.0691576 0.608578
    outer loop
      vertex -4.83344 67.4067 65.8454
      vertex -4.11607 59.4676 65.875
      vertex -4.8108 67.4084 65.875
    endloop
  endfacet
  facet normal -0.790346 -0.0691453 0.608747
    outer loop
      vertex -4.11607 59.4676 65.875
      vertex -4.83344 67.4067 65.8454
      vertex -4.31396 59.4502 65.6161
    endloop
  endfacet
  facet normal -0.0871727 0.996193 5.2383e-05
    outer loop
      vertex -5.19448 59.3732 67.75
      vertex -4.11607 59.4676 67.125
      vertex -6.43972 59.2643 66.5
    endloop
  endfacet
  facet normal 0.987676 0.0864119 0.130493
    outer loop
      vertex -6.39729 59.268 66.1765
      vertex -7.09274 67.2169 66.1765
      vertex -7.13023 67.2123 66.4633
    endloop
  endfacet
  facet normal -0.0866595 0.996238 0.000331664
    outer loop
      vertex -5.8171 59.3187 65.4175
      vertex -6.075 59.2962 65.6161
      vertex -6.27289 59.2789 65.875
    endloop
  endfacet
  facet normal -0.0871329 0.996197 0.000251081
    outer loop
      vertex -5.19448 59.3732 65.25
      vertex -5.51677 59.345 65.2926
      vertex -5.8171 59.3187 65.4175
    endloop
  endfacet
  facet normal -0.0870984 0.9962 -2.2236e-05
    outer loop
      vertex -6.27289 59.2789 67.125
      vertex -5.19448 59.3732 67.75
      vertex -6.43972 59.2643 66.5
    endloop
  endfacet
  facet normal -0.987674 -0.086409 -0.130516
    outer loop
      vertex -4.64864 67.4203 66.5371
      vertex -3.99167 59.4784 66.8235
      vertex -4.68625 67.4176 66.8235
    endloop
  endfacet
  facet normal -0.987674 -0.086409 0.130516
    outer loop
      vertex -3.99167 59.4784 66.1765
      vertex -4.64864 67.4203 66.4629
      vertex -4.68625 67.4176 66.1765
    endloop
  endfacet
  facet normal -0.920352 -0.0805192 0.382713
    outer loop
      vertex -3.99167 59.4784 66.1765
      vertex -4.68625 67.4176 66.1765
      vertex -4.79656 67.4094 65.9095
    endloop
  endfacet
  facet normal -0.605709 -0.0529923 0.79392
    outer loop
      vertex -5.03836 67.3916 65.5935
      vertex -4.31396 59.4502 65.6161
      vertex -5.00893 67.3938 65.6161
    endloop
  endfacet
  facet normal -0.606358 -0.0530529 0.79342
    outer loop
      vertex -4.31396 59.4502 65.6161
      vertex -5.03836 67.3916 65.5935
      vertex -4.57186 59.4277 65.4175
    endloop
  endfacet
  facet normal -0.0876163 0.996154 0.000920306
    outer loop
      vertex -4.31396 59.4502 65.6161
      vertex -4.57186 59.4277 65.4175
      vertex -4.87219 59.4014 65.2926
    endloop
  endfacet
  facet normal -0.0871587 0.996194 0
    outer loop
      vertex -4.11607 59.4676 67.125
      vertex -4.11607 59.4676 65.875
      vertex -6.43972 59.2643 66.5
    endloop
  endfacet
  facet normal -0.0868951 0.996217 -0.000534996
    outer loop
      vertex -4.11607 59.4676 65.875
      vertex -4.31396 59.4502 65.6161
      vertex -5.19448 59.3732 65.25
    endloop
  endfacet
  facet normal 0.98763 0.0863946 -0.130854
    outer loop
      vertex -6.39729 59.268 66.8235
      vertex -7.13504 67.2117 66.5
      vertex -7.13023 67.2123 66.5367
    endloop
  endfacet
  facet normal 0.987671 0.0864116 -0.130531
    outer loop
      vertex -7.13504 67.2117 66.5
      vertex -6.39729 59.268 66.8235
      vertex -6.43972 59.2643 66.5
    endloop
  endfacet
  facet normal 0.920344 0.080521 0.382731
    outer loop
      vertex -6.39729 59.268 66.1765
      vertex -6.98273 67.2305 65.9091
      vertex -7.09274 67.2169 66.1765
    endloop
  endfacet
  facet normal 0.920344 0.080521 -0.382731
    outer loop
      vertex -6.98273 67.2305 67.0909
      vertex -6.39729 59.268 66.8235
      vertex -7.09274 67.2169 66.8235
    endloop
  endfacet
  facet normal 0.130052 0.0113805 0.991442
    outer loop
      vertex -6.17696 67.3076 65.2878
      vertex -5.51677 59.345 65.2926
      vertex -5.19448 59.3732 65.25
    endloop
  endfacet
  facet normal 0.13053 0.01142 0.991379
    outer loop
      vertex -5.51677 59.345 65.2926
      vertex -6.17696 67.3076 65.2878
      vertex -6.21318 67.3049 65.2926
    endloop
  endfacet
  facet normal 0.790835 0.0691895 0.608106
    outer loop
      vertex -6.79358 67.2538 65.6452
      vertex -6.075 59.2962 65.6161
      vertex -6.77144 67.2565 65.6161
    endloop
  endfacet
  facet normal 0.790359 0.0691442 0.60873
    outer loop
      vertex -6.075 59.2962 65.6161
      vertex -6.79358 67.2538 65.6452
      vertex -6.27289 59.2789 65.875
    endloop
  endfacet
  facet normal 0.381209 0.0333519 0.923887
    outer loop
      vertex -6.2469 67.3025 65.3066
      vertex -5.51677 59.345 65.2926
      vertex -6.21318 67.3049 65.2926
    endloop
  endfacet
  facet normal 0.381287 0.0333592 0.923854
    outer loop
      vertex -5.51677 59.345 65.2926
      vertex -6.2469 67.3025 65.3066
      vertex -5.8171 59.3187 65.4175
    endloop
  endfacet
  facet normal 0.381306 0.0333601 0.923847
    outer loop
      vertex -5.8171 59.3187 65.4175
      vertex -6.2469 67.3025 65.3066
      vertex -6.51387 67.2828 65.4175
    endloop
  endfacet
  facet normal -0.0870984 0.9962 2.2236e-05
    outer loop
      vertex -5.19448 59.3732 65.25
      vertex -6.27289 59.2789 65.875
      vertex -6.43972 59.2643 66.5
    endloop
  endfacet
  facet normal -0.0872768 0.996184 -0.000287999
    outer loop
      vertex -5.19448 59.3732 65.25
      vertex -5.8171 59.3187 65.4175
      vertex -6.27289 59.2789 65.875
    endloop
  endfacet
  facet normal -0.381413 -0.0333697 -0.923802
    outer loop
      vertex -5.26714 67.3747 67.5825
      vertex -4.57186 59.4277 67.5825
      vertex -5.53378 67.355 67.6933
    endloop
  endfacet
  facet normal -0.60642 -0.0530555 0.793372
    outer loop
      vertex -4.57186 59.4277 65.4175
      vertex -5.03836 67.3916 65.5935
      vertex -5.26714 67.3747 65.4175
    endloop
  endfacet
  facet normal -0.381413 -0.0333697 0.923802
    outer loop
      vertex -4.57186 59.4277 65.4175
      vertex -5.26714 67.3747 65.4175
      vertex -5.53378 67.355 65.3067
    endloop
  endfacet
  facet normal -0.130114 -0.0113836 0.991434
    outer loop
      vertex -5.19448 59.3732 65.25
      vertex -5.60432 67.3498 65.2878
      vertex -5.8905 67.3287 65.25
    endloop
  endfacet
  facet normal -0.129552 -0.0113343 0.991508
    outer loop
      vertex -5.60432 67.3498 65.2878
      vertex -4.87219 59.4014 65.2926
      vertex -5.56782 67.3525 65.2926
    endloop
  endfacet
  facet normal -0.130052 -0.0113804 0.991442
    outer loop
      vertex -4.87219 59.4014 65.2926
      vertex -5.60432 67.3498 65.2878
      vertex -5.19448 59.3732 65.25
    endloop
  endfacet
  facet normal -0.0863136 0.996268 7.38924e-05
    outer loop
      vertex -3.99167 59.4784 66.8235
      vertex -3.94924 59.4821 66.5
      vertex -4.11607 59.4676 67.125
    endloop
  endfacet
  facet normal -0.0865884 0.996244 0
    outer loop
      vertex -3.94924 59.4821 66.5
      vertex -4.11607 59.4676 65.875
      vertex -4.11607 59.4676 67.125
    endloop
  endfacet
  facet normal -0.0874788 0.996166 8.00903e-05
    outer loop
      vertex -6.39729 59.268 66.8235
      vertex -6.27289 59.2789 67.125
      vertex -6.43972 59.2643 66.5
    endloop
  endfacet
  facet normal -0.0872768 0.996184 0.000287999
    outer loop
      vertex -5.8171 59.3187 67.5825
      vertex -5.19448 59.3732 67.75
      vertex -6.27289 59.2789 67.125
    endloop
  endfacet
  facet normal -0.0866595 0.996238 -0.000331664
    outer loop
      vertex -6.075 59.2962 67.3839
      vertex -5.8171 59.3187 67.5825
      vertex -6.27289 59.2789 67.125
    endloop
  endfacet
  facet normal 0.381287 0.0333592 -0.923854
    outer loop
      vertex -6.2469 67.3025 67.6934
      vertex -5.51677 59.345 67.7074
      vertex -5.8171 59.3187 67.5825
    endloop
  endfacet
  facet normal 0.381209 0.0333519 -0.923887
    outer loop
      vertex -5.51677 59.345 67.7074
      vertex -6.2469 67.3025 67.6934
      vertex -6.21318 67.3049 67.7074
    endloop
  endfacet
  facet normal 0.920553 0.0805387 0.382225
    outer loop
      vertex -6.98273 67.2305 65.9091
      vertex -6.27289 59.2789 65.875
      vertex -6.96872 67.2322 65.875
    endloop
  endfacet
  facet normal 0.920373 0.0805208 0.38266
    outer loop
      vertex -6.27289 59.2789 65.875
      vertex -6.98273 67.2305 65.9091
      vertex -6.39729 59.268 66.1765
    endloop
  endfacet
  facet normal 0.790294 0.0691424 0.608814
    outer loop
      vertex -6.27289 59.2789 65.875
      vertex -6.79358 67.2538 65.6452
      vertex -6.96872 67.2322 65.875
    endloop
  endfacet
  facet normal 0.790835 0.0691895 -0.608106
    outer loop
      vertex -6.075 59.2962 67.3839
      vertex -6.79358 67.2538 67.3548
      vertex -6.77144 67.2565 67.3839
    endloop
  endfacet
  facet normal 0.790359 0.0691442 -0.60873
    outer loop
      vertex -6.79358 67.2538 67.3548
      vertex -6.075 59.2962 67.3839
      vertex -6.27289 59.2789 67.125
    endloop
  endfacet
  facet normal 0.920553 0.0805387 -0.382225
    outer loop
      vertex -6.27289 59.2789 67.125
      vertex -6.98273 67.2305 67.0909
      vertex -6.96872 67.2322 67.125
    endloop
  endfacet
  facet normal 0.920373 0.0805208 -0.38266
    outer loop
      vertex -6.98273 67.2305 67.0909
      vertex -6.27289 59.2789 67.125
      vertex -6.39729 59.268 66.8235
    endloop
  endfacet
  facet normal -0.0871329 0.996197 -0.000251081
    outer loop
      vertex -5.51677 59.345 67.7074
      vertex -5.19448 59.3732 67.75
      vertex -5.8171 59.3187 67.5825
    endloop
  endfacet
  facet normal 0.130052 0.0113805 -0.991442
    outer loop
      vertex -5.51677 59.345 67.7074
      vertex -6.17696 67.3076 67.7122
      vertex -5.19448 59.3732 67.75
    endloop
  endfacet
  facet normal 0.13053 0.01142 -0.991379
    outer loop
      vertex -6.17696 67.3076 67.7122
      vertex -5.51677 59.345 67.7074
      vertex -6.21318 67.3049 67.7074
    endloop
  endfacet
  facet normal -0.870093 0.492888 0
    outer loop
      vertex 49.834 -29.8694 60.88
      vertex 51.2396 -27.3881 69
      vertex 51.2396 -27.3881 60.88
    endloop
  endfacet
  facet normal -0.870093 0.492888 0
    outer loop
      vertex 51.2396 -27.3881 69
      vertex 49.834 -29.8694 60.88
      vertex 49.834 -29.8694 69
    endloop
  endfacet
  facet normal 0.99729 0.0735702 0
    outer loop
      vertex -57.8202 -5.6948 69
      vertex -58.03 -2.85083 60.88
      vertex -58.03 -2.85083 69
    endloop
  endfacet
  facet normal 0.99729 0.0735702 0
    outer loop
      vertex -58.03 -2.85083 60.88
      vertex -57.8202 -5.6948 69
      vertex -57.8202 -5.6948 60.88
    endloop
  endfacet
  facet normal 0.893211 0.449639 0
    outer loop
      vertex -51.2396 -27.3881 69
      vertex -52.5218 -24.841 60.88
      vertex -52.5218 -24.841 69
    endloop
  endfacet
  facet normal 0.893211 0.449639 0
    outer loop
      vertex -52.5218 -24.841 60.88
      vertex -51.2396 -27.3881 69
      vertex -51.2396 -27.3881 60.88
    endloop
  endfacet
  facet normal 0.575802 0.817589 -0
    outer loop
      vertex -32.2786 -48.3084 60.88
      vertex -34.6101 -46.6664 69
      vertex -32.2786 -48.3084 69
    endloop
  endfacet
  facet normal 0.575802 0.817589 0
    outer loop
      vertex -34.6101 -46.6664 69
      vertex -32.2786 -48.3084 60.88
      vertex -34.6101 -46.6664 60.88
    endloop
  endfacet
  facet normal -0.932994 -0.359893 0
    outer loop
      vertex 54.7037 19.5733 60.88
      vertex 53.6774 22.2339 69
      vertex 53.6774 22.2339 60.88
    endloop
  endfacet
  facet normal -0.932994 -0.359893 0
    outer loop
      vertex 53.6774 22.2339 69
      vertex 54.7037 19.5733 60.88
      vertex 54.7037 19.5733 69
    endloop
  endfacet
  facet normal 0.0245469 -0.999699 0
    outer loop
      vertex -2.85083 58.03 60.88
      vertex 0 58.1 69
      vertex -2.85083 58.03 69
    endloop
  endfacet
  facet normal 0.0245469 -0.999699 0
    outer loop
      vertex 0 58.1 69
      vertex -2.85083 58.03 60.88
      vertex 0 58.1 60.88
    endloop
  endfacet
  facet normal -0.844855 0.534995 0
    outer loop
      vertex 48.3084 -32.2786 60.88
      vertex 49.834 -29.8694 69
      vertex 49.834 -29.8694 60.88
    endloop
  endfacet
  facet normal -0.844855 0.534995 0
    outer loop
      vertex 49.834 -29.8694 69
      vertex 48.3084 -32.2786 60.88
      vertex 48.3084 -32.2786 69
    endloop
  endfacet
  facet normal -0.170988 0.985273 0
    outer loop
      vertex 11.3347 -56.9836 60.88
      vertex 8.52504 -57.4712 69
      vertex 11.3347 -56.9836 69
    endloop
  endfacet
  facet normal -0.170988 0.985273 0
    outer loop
      vertex 8.52504 -57.4712 69
      vertex 11.3347 -56.9836 60.88
      vertex 8.52504 -57.4712 60.88
    endloop
  endfacet
  facet normal -0.0735702 0.99729 0
    outer loop
      vertex 5.6948 -57.8202 60.88
      vertex 2.85083 -58.03 69
      vertex 5.6948 -57.8202 69
    endloop
  endfacet
  facet normal -0.0735702 0.99729 0
    outer loop
      vertex 2.85083 -58.03 69
      vertex 5.6948 -57.8202 60.88
      vertex 2.85083 -58.03 60.88
    endloop
  endfacet
  facet normal -0.615246 0.788335 0
    outer loop
      vertex 36.8582 -44.9119 60.88
      vertex 34.6101 -46.6664 69
      vertex 36.8582 -44.9119 69
    endloop
  endfacet
  facet normal -0.615246 0.788335 0
    outer loop
      vertex 34.6101 -46.6664 69
      vertex 36.8582 -44.9119 60.88
      vertex 34.6101 -46.6664 60.88
    endloop
  endfacet
  facet normal -0.449639 0.893211 0
    outer loop
      vertex 27.3881 -51.2396 60.88
      vertex 24.841 -52.5218 69
      vertex 27.3881 -51.2396 69
    endloop
  endfacet
  facet normal -0.449639 0.893211 0
    outer loop
      vertex 24.841 -52.5218 69
      vertex 27.3881 -51.2396 60.88
      vertex 24.841 -52.5218 60.88
    endloop
  endfacet
  facet normal 0.975703 0.219098 0
    outer loop
      vertex -56.3588 -14.1171 69
      vertex -56.9836 -11.3347 60.88
      vertex -56.9836 -11.3347 69
    endloop
  endfacet
  facet normal 0.975703 0.219098 0
    outer loop
      vertex -56.9836 -11.3347 60.88
      vertex -56.3588 -14.1171 69
      vertex -56.3588 -14.1171 60.88
    endloop
  endfacet
  facet normal 0.992483 0.122384 0
    outer loop
      vertex -57.4712 -8.52504 69
      vertex -57.8202 -5.6948 60.88
      vertex -57.8202 -5.6948 69
    endloop
  endfacet
  facet normal 0.992483 0.122384 0
    outer loop
      vertex -57.8202 -5.6948 60.88
      vertex -57.4712 -8.52504 69
      vertex -57.4712 -8.52504 60.88
    endloop
  endfacet
  facet normal 0.757228 0.65315 0
    outer loop
      vertex -43.0493 -39.0176 69
      vertex -44.9119 -36.8582 60.88
      vertex -44.9119 -36.8582 69
    endloop
  endfacet
  facet normal 0.757228 0.65315 0
    outer loop
      vertex -44.9119 -36.8582 60.88
      vertex -43.0493 -39.0176 69
      vertex -43.0493 -39.0176 60.88
    endloop
  endfacet
  facet normal 0.870093 0.492888 0
    outer loop
      vertex -49.834 -29.8694 69
      vertex -51.2396 -27.3881 60.88
      vertex -51.2396 -27.3881 69
    endloop
  endfacet
  facet normal 0.870093 0.492888 0
    outer loop
      vertex -51.2396 -27.3881 60.88
      vertex -49.834 -29.8694 69
      vertex -49.834 -29.8694 60.88
    endloop
  endfacet
  facet normal 0.122384 0.992483 -0
    outer loop
      vertex -5.6948 -57.8202 60.88
      vertex -8.52504 -57.4712 69
      vertex -5.6948 -57.8202 69
    endloop
  endfacet
  facet normal 0.122384 0.992483 0
    outer loop
      vertex -8.52504 -57.4712 69
      vertex -5.6948 -57.8202 60.88
      vertex -8.52504 -57.4712 60.88
    endloop
  endfacet
  facet normal 0.266718 0.963775 -0
    outer loop
      vertex -14.1171 -56.3588 60.88
      vertex -16.8655 -55.5982 69
      vertex -14.1171 -56.3588 69
    endloop
  endfacet
  facet normal 0.266718 0.963775 0
    outer loop
      vertex -16.8655 -55.5982 69
      vertex -14.1171 -56.3588 60.88
      vertex -16.8655 -55.5982 60.88
    endloop
  endfacet
  facet normal 0.170988 0.985273 -0
    outer loop
      vertex -8.52504 -57.4712 60.88
      vertex -11.3347 -56.9836 69
      vertex -8.52504 -57.4712 69
    endloop
  endfacet
  facet normal 0.170988 0.985273 0
    outer loop
      vertex -11.3347 -56.9836 69
      vertex -8.52504 -57.4712 60.88
      vertex -11.3347 -56.9836 60.88
    endloop
  endfacet
  facet normal 0.449639 0.893211 -0
    outer loop
      vertex -24.841 -52.5218 60.88
      vertex -27.3881 -51.2396 69
      vertex -24.841 -52.5218 69
    endloop
  endfacet
  facet normal 0.449639 0.893211 0
    outer loop
      vertex -27.3881 -51.2396 69
      vertex -24.841 -52.5218 60.88
      vertex -27.3881 -51.2396 60.88
    endloop
  endfacet
  facet normal -0.999699 -0.0245469 0
    outer loop
      vertex 58.1 0 60.88
      vertex 58.03 2.85083 69
      vertex 58.03 2.85083 60.88
    endloop
  endfacet
  facet normal -0.999699 -0.0245469 0
    outer loop
      vertex 58.03 2.85083 69
      vertex 58.1 0 60.88
      vertex 58.1 0 69
    endloop
  endfacet
  facet normal -0.689554 -0.724235 0
    outer loop
      vertex 39.0176 43.0493 60.88
      vertex 41.0829 41.0829 69
      vertex 39.0176 43.0493 69
    endloop
  endfacet
  facet normal -0.689554 -0.724235 -0
    outer loop
      vertex 41.0829 41.0829 69
      vertex 39.0176 43.0493 60.88
      vertex 41.0829 41.0829 60.88
    endloop
  endfacet
  facet normal 0.817589 -0.575802 0
    outer loop
      vertex -48.3084 32.2786 69
      vertex -46.6664 34.6101 60.88
      vertex -46.6664 34.6101 69
    endloop
  endfacet
  facet normal 0.817589 -0.575802 0
    outer loop
      vertex -46.6664 34.6101 60.88
      vertex -48.3084 32.2786 69
      vertex -48.3084 32.2786 60.88
    endloop
  endfacet
  facet normal 0.975703 -0.219098 0
    outer loop
      vertex -56.9836 11.3347 69
      vertex -56.3588 14.1171 60.88
      vertex -56.3588 14.1171 69
    endloop
  endfacet
  facet normal 0.975703 -0.219098 0
    outer loop
      vertex -56.3588 14.1171 60.88
      vertex -56.9836 11.3347 69
      vertex -56.9836 11.3347 60.88
    endloop
  endfacet
  facet normal -0.99729 0.0735702 0
    outer loop
      vertex 57.8202 -5.6948 60.88
      vertex 58.03 -2.85083 69
      vertex 58.03 -2.85083 60.88
    endloop
  endfacet
  facet normal -0.99729 0.0735702 0
    outer loop
      vertex 58.03 -2.85083 69
      vertex 57.8202 -5.6948 60.88
      vertex 57.8202 -5.6948 69
    endloop
  endfacet
  facet normal -0.949532 0.31367 0
    outer loop
      vertex 54.7037 -19.5733 60.88
      vertex 55.5982 -16.8655 69
      vertex 55.5982 -16.8655 60.88
    endloop
  endfacet
  facet normal -0.949532 0.31367 0
    outer loop
      vertex 55.5982 -16.8655 69
      vertex 54.7037 -19.5733 60.88
      vertex 54.7037 -19.5733 69
    endloop
  endfacet
  facet normal -0.992483 0.122384 0
    outer loop
      vertex 57.4712 -8.52504 60.88
      vertex 57.8202 -5.6948 69
      vertex 57.8202 -5.6948 60.88
    endloop
  endfacet
  facet normal -0.992483 0.122384 0
    outer loop
      vertex 57.8202 -5.6948 69
      vertex 57.4712 -8.52504 60.88
      vertex 57.4712 -8.52504 69
    endloop
  endfacet
  facet normal -0.985273 0.170988 0
    outer loop
      vertex 56.9836 -11.3347 60.88
      vertex 57.4712 -8.52504 69
      vertex 57.4712 -8.52504 60.88
    endloop
  endfacet
  facet normal -0.985273 0.170988 0
    outer loop
      vertex 57.4712 -8.52504 69
      vertex 56.9836 -11.3347 60.88
      vertex 56.9836 -11.3347 69
    endloop
  endfacet
  facet normal -0.689554 0.724235 0
    outer loop
      vertex 41.0829 -41.0829 60.88
      vertex 39.0176 -43.0493 69
      vertex 41.0829 -41.0829 69
    endloop
  endfacet
  facet normal -0.689554 0.724235 0
    outer loop
      vertex 39.0176 -43.0493 69
      vertex 41.0829 -41.0829 60.88
      vertex 39.0176 -43.0493 60.88
    endloop
  endfacet
  facet normal -0.817589 0.575802 0
    outer loop
      vertex 46.6664 -34.6101 60.88
      vertex 48.3084 -32.2786 69
      vertex 48.3084 -32.2786 60.88
    endloop
  endfacet
  facet normal -0.817589 0.575802 0
    outer loop
      vertex 48.3084 -32.2786 69
      vertex 46.6664 -34.6101 60.88
      vertex 46.6664 -34.6101 69
    endloop
  endfacet
  facet normal -0.788335 0.615246 0
    outer loop
      vertex 44.9119 -36.8582 60.88
      vertex 46.6664 -34.6101 69
      vertex 46.6664 -34.6101 60.88
    endloop
  endfacet
  facet normal -0.788335 0.615246 0
    outer loop
      vertex 46.6664 -34.6101 69
      vertex 44.9119 -36.8582 60.88
      vertex 44.9119 -36.8582 69
    endloop
  endfacet
  facet normal -0.757228 0.65315 0
    outer loop
      vertex 43.0493 -39.0176 60.88
      vertex 44.9119 -36.8582 69
      vertex 44.9119 -36.8582 60.88
    endloop
  endfacet
  facet normal -0.757228 0.65315 0
    outer loop
      vertex 44.9119 -36.8582 69
      vertex 43.0493 -39.0176 60.88
      vertex 43.0493 -39.0176 69
    endloop
  endfacet
  facet normal 0.0245469 0.999699 -0
    outer loop
      vertex 0 -58.1 60.88
      vertex -2.85083 -58.03 69
      vertex 0 -58.1 69
    endloop
  endfacet
  facet normal 0.0245469 0.999699 0
    outer loop
      vertex -2.85083 -58.03 69
      vertex 0 -58.1 60.88
      vertex -2.85083 -58.03 60.88
    endloop
  endfacet
  facet normal -0.266718 0.963775 0
    outer loop
      vertex 16.8655 -55.5982 60.88
      vertex 14.1171 -56.3588 69
      vertex 16.8655 -55.5982 69
    endloop
  endfacet
  facet normal -0.266718 0.963775 0
    outer loop
      vertex 14.1171 -56.3588 69
      vertex 16.8655 -55.5982 60.88
      vertex 14.1171 -56.3588 60.88
    endloop
  endfacet
  facet normal -0.219098 0.975703 0
    outer loop
      vertex 14.1171 -56.3588 60.88
      vertex 11.3347 -56.9836 69
      vertex 14.1171 -56.3588 69
    endloop
  endfacet
  facet normal -0.219098 0.975703 0
    outer loop
      vertex 11.3347 -56.9836 69
      vertex 14.1171 -56.3588 60.88
      vertex 11.3347 -56.9836 60.88
    endloop
  endfacet
  facet normal -0.122384 0.992483 0
    outer loop
      vertex 8.52504 -57.4712 60.88
      vertex 5.6948 -57.8202 69
      vertex 8.52504 -57.4712 69
    endloop
  endfacet
  facet normal -0.122384 0.992483 0
    outer loop
      vertex 5.6948 -57.8202 69
      vertex 8.52504 -57.4712 60.88
      vertex 5.6948 -57.8202 60.88
    endloop
  endfacet
  facet normal -0.359893 0.932994 0
    outer loop
      vertex 22.2339 -53.6774 60.88
      vertex 19.5733 -54.7037 69
      vertex 22.2339 -53.6774 69
    endloop
  endfacet
  facet normal -0.359893 0.932994 0
    outer loop
      vertex 19.5733 -54.7037 69
      vertex 22.2339 -53.6774 60.88
      vertex 19.5733 -54.7037 60.88
    endloop
  endfacet
  facet normal -0.492888 0.870093 0
    outer loop
      vertex 29.8694 -49.834 60.88
      vertex 27.3881 -51.2396 69
      vertex 29.8694 -49.834 69
    endloop
  endfacet
  facet normal -0.492888 0.870093 0
    outer loop
      vertex 27.3881 -51.2396 69
      vertex 29.8694 -49.834 60.88
      vertex 27.3881 -51.2396 60.88
    endloop
  endfacet
  facet normal -0.575802 0.817589 0
    outer loop
      vertex 34.6101 -46.6664 60.88
      vertex 32.2786 -48.3084 69
      vertex 34.6101 -46.6664 69
    endloop
  endfacet
  facet normal -0.575802 0.817589 0
    outer loop
      vertex 32.2786 -48.3084 69
      vertex 34.6101 -46.6664 60.88
      vertex 32.2786 -48.3084 60.88
    endloop
  endfacet
  facet normal -0.65315 0.757228 0
    outer loop
      vertex 39.0176 -43.0493 60.88
      vertex 36.8582 -44.9119 69
      vertex 39.0176 -43.0493 69
    endloop
  endfacet
  facet normal -0.65315 0.757228 0
    outer loop
      vertex 36.8582 -44.9119 69
      vertex 39.0176 -43.0493 60.88
      vertex 36.8582 -44.9119 60.88
    endloop
  endfacet
  facet normal -0.534995 0.844855 0
    outer loop
      vertex 32.2786 -48.3084 60.88
      vertex 29.8694 -49.834 69
      vertex 32.2786 -48.3084 69
    endloop
  endfacet
  facet normal -0.534995 0.844855 0
    outer loop
      vertex 29.8694 -49.834 69
      vertex 32.2786 -48.3084 60.88
      vertex 29.8694 -49.834 60.88
    endloop
  endfacet
  facet normal 0.999699 0.0245469 0
    outer loop
      vertex -58.03 -2.85083 69
      vertex -58.1 0 60.88
      vertex -58.1 0 69
    endloop
  endfacet
  facet normal 0.999699 0.0245469 0
    outer loop
      vertex -58.1 0 60.88
      vertex -58.03 -2.85083 69
      vertex -58.03 -2.85083 60.88
    endloop
  endfacet
  facet normal 0.949532 0.31367 0
    outer loop
      vertex -54.7037 -19.5733 69
      vertex -55.5982 -16.8655 60.88
      vertex -55.5982 -16.8655 69
    endloop
  endfacet
  facet normal 0.949532 0.31367 0
    outer loop
      vertex -55.5982 -16.8655 60.88
      vertex -54.7037 -19.5733 69
      vertex -54.7037 -19.5733 60.88
    endloop
  endfacet
  facet normal 0.963775 0.266718 0
    outer loop
      vertex -55.5982 -16.8655 69
      vertex -56.3588 -14.1171 60.88
      vertex -56.3588 -14.1171 69
    endloop
  endfacet
  facet normal 0.963775 0.266718 0
    outer loop
      vertex -56.3588 -14.1171 60.88
      vertex -55.5982 -16.8655 69
      vertex -55.5982 -16.8655 60.88
    endloop
  endfacet
  facet normal 0.985273 0.170988 0
    outer loop
      vertex -56.9836 -11.3347 69
      vertex -57.4712 -8.52504 60.88
      vertex -57.4712 -8.52504 69
    endloop
  endfacet
  facet normal 0.985273 0.170988 0
    outer loop
      vertex -57.4712 -8.52504 60.88
      vertex -56.9836 -11.3347 69
      vertex -56.9836 -11.3347 60.88
    endloop
  endfacet
  facet normal 0.914216 0.405227 0
    outer loop
      vertex -52.5218 -24.841 69
      vertex -53.6774 -22.2339 60.88
      vertex -53.6774 -22.2339 69
    endloop
  endfacet
  facet normal 0.914216 0.405227 0
    outer loop
      vertex -53.6774 -22.2339 60.88
      vertex -52.5218 -24.841 69
      vertex -52.5218 -24.841 60.88
    endloop
  endfacet
  facet normal 0.844855 0.534995 0
    outer loop
      vertex -48.3084 -32.2786 69
      vertex -49.834 -29.8694 60.88
      vertex -49.834 -29.8694 69
    endloop
  endfacet
  facet normal 0.844855 0.534995 0
    outer loop
      vertex -49.834 -29.8694 60.88
      vertex -48.3084 -32.2786 69
      vertex -48.3084 -32.2786 60.88
    endloop
  endfacet
  facet normal 0.788335 0.615246 0
    outer loop
      vertex -44.9119 -36.8582 69
      vertex -46.6664 -34.6101 60.88
      vertex -46.6664 -34.6101 69
    endloop
  endfacet
  facet normal 0.788335 0.615246 0
    outer loop
      vertex -46.6664 -34.6101 60.88
      vertex -44.9119 -36.8582 69
      vertex -44.9119 -36.8582 60.88
    endloop
  endfacet
  facet normal 0.724235 0.689554 0
    outer loop
      vertex -41.0829 -41.0829 69
      vertex -43.0493 -39.0176 60.88
      vertex -43.0493 -39.0176 69
    endloop
  endfacet
  facet normal 0.724235 0.689554 0
    outer loop
      vertex -43.0493 -39.0176 60.88
      vertex -41.0829 -41.0829 69
      vertex -41.0829 -41.0829 60.88
    endloop
  endfacet
  facet normal 0.817589 0.575802 0
    outer loop
      vertex -46.6664 -34.6101 69
      vertex -48.3084 -32.2786 60.88
      vertex -48.3084 -32.2786 69
    endloop
  endfacet
  facet normal 0.817589 0.575802 0
    outer loop
      vertex -48.3084 -32.2786 60.88
      vertex -46.6664 -34.6101 69
      vertex -46.6664 -34.6101 60.88
    endloop
  endfacet
  facet normal 0.359893 0.932994 -0
    outer loop
      vertex -19.5733 -54.7037 60.88
      vertex -22.2339 -53.6774 69
      vertex -19.5733 -54.7037 69
    endloop
  endfacet
  facet normal 0.359893 0.932994 0
    outer loop
      vertex -22.2339 -53.6774 69
      vertex -19.5733 -54.7037 60.88
      vertex -22.2339 -53.6774 60.88
    endloop
  endfacet
  facet normal 0.219098 0.975703 -0
    outer loop
      vertex -11.3347 -56.9836 60.88
      vertex -14.1171 -56.3588 69
      vertex -11.3347 -56.9836 69
    endloop
  endfacet
  facet normal 0.219098 0.975703 0
    outer loop
      vertex -14.1171 -56.3588 69
      vertex -11.3347 -56.9836 60.88
      vertex -14.1171 -56.3588 60.88
    endloop
  endfacet
  facet normal 0.0735702 0.99729 -0
    outer loop
      vertex -2.85083 -58.03 60.88
      vertex -5.6948 -57.8202 69
      vertex -2.85083 -58.03 69
    endloop
  endfacet
  facet normal 0.0735702 0.99729 0
    outer loop
      vertex -5.6948 -57.8202 69
      vertex -2.85083 -58.03 60.88
      vertex -5.6948 -57.8202 60.88
    endloop
  endfacet
  facet normal 0.492888 0.870093 -0
    outer loop
      vertex -27.3881 -51.2396 60.88
      vertex -29.8694 -49.834 69
      vertex -27.3881 -51.2396 69
    endloop
  endfacet
  facet normal 0.492888 0.870093 0
    outer loop
      vertex -29.8694 -49.834 69
      vertex -27.3881 -51.2396 60.88
      vertex -29.8694 -49.834 60.88
    endloop
  endfacet
  facet normal 0.405227 0.914216 -0
    outer loop
      vertex -22.2339 -53.6774 60.88
      vertex -24.841 -52.5218 69
      vertex -22.2339 -53.6774 69
    endloop
  endfacet
  facet normal 0.405227 0.914216 0
    outer loop
      vertex -24.841 -52.5218 69
      vertex -22.2339 -53.6774 60.88
      vertex -24.841 -52.5218 60.88
    endloop
  endfacet
  facet normal 0.534995 0.844855 -0
    outer loop
      vertex -29.8694 -49.834 60.88
      vertex -32.2786 -48.3084 69
      vertex -29.8694 -49.834 69
    endloop
  endfacet
  facet normal 0.534995 0.844855 0
    outer loop
      vertex -32.2786 -48.3084 69
      vertex -29.8694 -49.834 60.88
      vertex -32.2786 -48.3084 60.88
    endloop
  endfacet
  facet normal 0.615246 0.788335 -0
    outer loop
      vertex -34.6101 -46.6664 60.88
      vertex -36.8582 -44.9119 69
      vertex -34.6101 -46.6664 69
    endloop
  endfacet
  facet normal 0.615246 0.788335 0
    outer loop
      vertex -36.8582 -44.9119 69
      vertex -34.6101 -46.6664 60.88
      vertex -36.8582 -44.9119 60.88
    endloop
  endfacet
  facet normal 0.689554 0.724235 -0
    outer loop
      vertex -39.0176 -43.0493 60.88
      vertex -41.0829 -41.0829 69
      vertex -39.0176 -43.0493 69
    endloop
  endfacet
  facet normal 0.689554 0.724235 0
    outer loop
      vertex -41.0829 -41.0829 69
      vertex -39.0176 -43.0493 60.88
      vertex -41.0829 -41.0829 60.88
    endloop
  endfacet
  facet normal -0.999699 0.0245469 0
    outer loop
      vertex 58.03 -2.85083 60.88
      vertex 58.1 0 69
      vertex 58.1 0 60.88
    endloop
  endfacet
  facet normal -0.999699 0.0245469 0
    outer loop
      vertex 58.1 0 69
      vertex 58.03 -2.85083 60.88
      vertex 58.03 -2.85083 69
    endloop
  endfacet
  facet normal -0.99729 -0.0735702 0
    outer loop
      vertex 58.03 2.85083 60.88
      vertex 57.8202 5.6948 69
      vertex 57.8202 5.6948 60.88
    endloop
  endfacet
  facet normal -0.99729 -0.0735702 0
    outer loop
      vertex 57.8202 5.6948 69
      vertex 58.03 2.85083 60.88
      vertex 58.03 2.85083 69
    endloop
  endfacet
  facet normal -0.975703 -0.219098 0
    outer loop
      vertex 56.9836 11.3347 60.88
      vertex 56.3588 14.1171 69
      vertex 56.3588 14.1171 60.88
    endloop
  endfacet
  facet normal -0.975703 -0.219098 0
    outer loop
      vertex 56.3588 14.1171 69
      vertex 56.9836 11.3347 60.88
      vertex 56.9836 11.3347 69
    endloop
  endfacet
  facet normal -0.0735702 -0.99729 0
    outer loop
      vertex 2.85083 58.03 60.88
      vertex 5.6948 57.8202 69
      vertex 2.85083 58.03 69
    endloop
  endfacet
  facet normal -0.0735702 -0.99729 -0
    outer loop
      vertex 5.6948 57.8202 69
      vertex 2.85083 58.03 60.88
      vertex 5.6948 57.8202 60.88
    endloop
  endfacet
  facet normal -0.122384 -0.992483 0
    outer loop
      vertex 5.6948 57.8202 60.88
      vertex 8.52504 57.4712 69
      vertex 5.6948 57.8202 69
    endloop
  endfacet
  facet normal -0.122384 -0.992483 -0
    outer loop
      vertex 8.52504 57.4712 69
      vertex 5.6948 57.8202 60.88
      vertex 8.52504 57.4712 60.88
    endloop
  endfacet
  facet normal -0.963775 0.266718 0
    outer loop
      vertex 55.5982 -16.8655 60.88
      vertex 56.3588 -14.1171 69
      vertex 56.3588 -14.1171 60.88
    endloop
  endfacet
  facet normal -0.963775 0.266718 0
    outer loop
      vertex 56.3588 -14.1171 69
      vertex 55.5982 -16.8655 60.88
      vertex 55.5982 -16.8655 69
    endloop
  endfacet
  facet normal -0.914216 0.405227 0
    outer loop
      vertex 52.5218 -24.841 60.88
      vertex 53.6774 -22.2339 69
      vertex 53.6774 -22.2339 60.88
    endloop
  endfacet
  facet normal -0.914216 0.405227 0
    outer loop
      vertex 53.6774 -22.2339 69
      vertex 52.5218 -24.841 60.88
      vertex 52.5218 -24.841 69
    endloop
  endfacet
  facet normal -0.932994 0.359893 0
    outer loop
      vertex 53.6774 -22.2339 60.88
      vertex 54.7037 -19.5733 69
      vertex 54.7037 -19.5733 60.88
    endloop
  endfacet
  facet normal -0.932994 0.359893 0
    outer loop
      vertex 54.7037 -19.5733 69
      vertex 53.6774 -22.2339 60.88
      vertex 53.6774 -22.2339 69
    endloop
  endfacet
  facet normal -0.975703 0.219098 0
    outer loop
      vertex 56.3588 -14.1171 60.88
      vertex 56.9836 -11.3347 69
      vertex 56.9836 -11.3347 60.88
    endloop
  endfacet
  facet normal -0.975703 0.219098 0
    outer loop
      vertex 56.9836 -11.3347 69
      vertex 56.3588 -14.1171 60.88
      vertex 56.3588 -14.1171 69
    endloop
  endfacet
  facet normal -0.893211 0.449639 0
    outer loop
      vertex 51.2396 -27.3881 60.88
      vertex 52.5218 -24.841 69
      vertex 52.5218 -24.841 60.88
    endloop
  endfacet
  facet normal -0.893211 0.449639 0
    outer loop
      vertex 52.5218 -24.841 69
      vertex 51.2396 -27.3881 60.88
      vertex 51.2396 -27.3881 69
    endloop
  endfacet
  facet normal -0.724235 0.689554 0
    outer loop
      vertex 41.0829 -41.0829 60.88
      vertex 43.0493 -39.0176 69
      vertex 43.0493 -39.0176 60.88
    endloop
  endfacet
  facet normal -0.724235 0.689554 0
    outer loop
      vertex 43.0493 -39.0176 69
      vertex 41.0829 -41.0829 60.88
      vertex 41.0829 -41.0829 69
    endloop
  endfacet
  facet normal -0.0245469 0.999699 0
    outer loop
      vertex 2.85083 -58.03 60.88
      vertex 0 -58.1 69
      vertex 2.85083 -58.03 69
    endloop
  endfacet
  facet normal -0.0245469 0.999699 0
    outer loop
      vertex 0 -58.1 69
      vertex 2.85083 -58.03 60.88
      vertex 0 -58.1 60.88
    endloop
  endfacet
  facet normal -0.31367 0.949532 0
    outer loop
      vertex 19.5733 -54.7037 60.88
      vertex 16.8655 -55.5982 69
      vertex 19.5733 -54.7037 69
    endloop
  endfacet
  facet normal -0.31367 0.949532 0
    outer loop
      vertex 16.8655 -55.5982 69
      vertex 19.5733 -54.7037 60.88
      vertex 16.8655 -55.5982 60.88
    endloop
  endfacet
  facet normal -0.405227 0.914216 0
    outer loop
      vertex 24.841 -52.5218 60.88
      vertex 22.2339 -53.6774 69
      vertex 24.841 -52.5218 69
    endloop
  endfacet
  facet normal -0.405227 0.914216 0
    outer loop
      vertex 22.2339 -53.6774 69
      vertex 24.841 -52.5218 60.88
      vertex 22.2339 -53.6774 60.88
    endloop
  endfacet
  facet normal -0 0 1
    outer loop
      vertex 43.8671 0.0860574 60.88
      vertex 58.1 0 60.88
      vertex 58.03 2.85083 60.88
    endloop
  endfacet
  facet normal 0 0 1
    outer loop
      vertex 43.8164 2.15256 60.88
      vertex 58.03 2.85083 60.88
      vertex 57.8202 5.6948 60.88
    endloop
  endfacet
  facet normal 0 0 1
    outer loop
      vertex 58.1 0 60.88
      vertex 43.8671 0.0860574 60.88
      vertex 43.8692 0 60.88
    endloop
  endfacet
  facet normal 0 0 1
    outer loop
      vertex 43.6474 4.38537 60.88
      vertex 57.8202 5.6948 60.88
      vertex 57.4712 8.52504 60.88
    endloop
  endfacet
  facet normal 0 0 1
    outer loop
      vertex 43.8671 -0.0860574 60.88
      vertex 58.1 0 60.88
      vertex 43.8692 0 60.88
    endloop
  endfacet
  facet normal 0 0 1
    outer loop
      vertex 43.3944 6.43695 60.88
      vertex 57.4712 8.52504 60.88
      vertex 56.9836 11.3347 60.88
    endloop
  endfacet
  facet normal 0 0 1
    outer loop
      vertex 58.1 0 60.88
      vertex 43.8671 -0.0860574 60.88
      vertex 58.03 -2.85083 60.88
    endloop
  endfacet
  facet normal 0 0 1
    outer loop
      vertex 43.0074 8.64245 60.88
      vertex 56.9836 11.3347 60.88
      vertex 56.3588 14.1171 60.88
    endloop
  endfacet
  facet normal -0 0 1
    outer loop
      vertex 43.8164 -2.15256 60.88
      vertex 58.03 -2.85083 60.88
      vertex 43.8671 -0.0860574 60.88
    endloop
  endfacet
  facet normal 0 0 1
    outer loop
      vertex 42.5545 10.6594 60.88
      vertex 56.3588 14.1171 60.88
      vertex 55.5982 16.8655 60.88
    endloop
  endfacet
  facet normal 0 0 1
    outer loop
      vertex 58.03 -2.85083 60.88
      vertex 43.8164 -2.15256 60.88
      vertex 57.8202 -5.6948 60.88
    endloop
  endfacet
  facet normal 0 0 1
    outer loop
      vertex 41.9532 12.8163 60.88
      vertex 55.5982 16.8655 60.88
      vertex 54.7037 19.5733 60.88
    endloop
  endfacet
  facet normal -0 0 1
    outer loop
      vertex 43.6643 -4.21409 60.88
      vertex 57.8202 -5.6948 60.88
      vertex 43.8164 -2.15256 60.88
    endloop
  endfacet
  facet normal 0 0 1
    outer loop
      vertex 41.3048 14.7791 60.88
      vertex 54.7037 19.5733 60.88
      vertex 53.6774 22.2339 60.88
    endloop
  endfacet
  facet normal -0 0 1
    outer loop
      vertex 43.658 -4.29994 60.88
      vertex 57.8202 -5.6948 60.88
      vertex 43.6643 -4.21409 60.88
    endloop
  endfacet
  facet normal 0 0 1
    outer loop
      vertex 40.495 16.8667 60.88
      vertex 53.6774 22.2339 60.88
      vertex 52.5218 24.841 60.88
    endloop
  endfacet
  facet normal -0 0 1
    outer loop
      vertex 43.6474 -4.38537 60.88
      vertex 57.8202 -5.6948 60.88
      vertex 43.658 -4.29994 60.88
    endloop
  endfacet
  facet normal 0 0 1
    outer loop
      vertex 39.6573 18.7565 60.88
      vertex 52.5218 24.841 60.88
      vertex 51.2396 27.3881 60.88
    endloop
  endfacet
  facet normal 0 0 1
    outer loop
      vertex 57.8202 -5.6948 60.88
      vertex 43.6474 -4.38537 60.88
      vertex 57.4712 -8.52504 60.88
    endloop
  endfacet
  facet normal 0 0 1
    outer loop
      vertex 38.6892 20.6798 60.88
      vertex 51.2396 27.3881 60.88
      vertex 49.834 29.8694 60.88
    endloop
  endfacet
  facet normal -0 0 1
    outer loop
      vertex 43.3944 -6.43695 60.88
      vertex 57.4712 -8.52504 60.88
      vertex 43.6474 -4.38537 60.88
    endloop
  endfacet
  facet normal 0 0 1
    outer loop
      vertex 37.5818 22.626 60.88
      vertex 49.834 29.8694 60.88
      vertex 48.3084 32.2786 60.88
    endloop
  endfacet
  facet normal 0 0 1
    outer loop
      vertex 57.4712 -8.52504 60.88
      vertex 43.3944 -6.43695 60.88
      vertex 56.9836 -11.3347 60.88
    endloop
  endfacet
  facet normal 0 0 1
    outer loop
      vertex 36.4759 24.3724 60.88
      vertex 48.3084 32.2786 60.88
      vertex 46.6664 34.6101 60.88
    endloop
  endfacet
  facet normal -0 0 1
    outer loop
      vertex 43.0263 -8.55846 60.88
      vertex 56.9836 -11.3347 60.88
      vertex 43.041 -8.47365 60.88
    endloop
  endfacet
  facet normal 0 0 1
    outer loop
      vertex 35.2361 26.1329 60.88
      vertex 46.6664 34.6101 60.88
      vertex 44.9119 36.8582 60.88
    endloop
  endfacet
  facet normal -0 0 1
    outer loop
      vertex 43.0074 -8.64245 60.88
      vertex 56.9836 -11.3347 60.88
      vertex 43.0263 -8.55846 60.88
    endloop
  endfacet
  facet normal 0 0 1
    outer loop
      vertex 56.9836 -11.3347 60.88
      vertex 43.0074 -8.64245 60.88
      vertex 56.3588 -14.1171 60.88
    endloop
  endfacet
  facet normal -0 0 1
    outer loop
      vertex 43.041 -8.47365 60.88
      vertex 56.9836 -11.3347 60.88
      vertex 43.3944 -6.43695 60.88
    endloop
  endfacet
  facet normal 0 0 1
    outer loop
      vertex 58.03 2.85083 60.88
      vertex 43.8164 2.15256 60.88
      vertex 43.8671 0.0860574 60.88
    endloop
  endfacet
  facet normal 0 0 1
    outer loop
      vertex 57.8202 5.6948 60.88
      vertex 43.6643 4.21409 60.88
      vertex 43.8164 2.15256 60.88
    endloop
  endfacet
  facet normal 0 0 1
    outer loop
      vertex 57.8202 5.6948 60.88
      vertex 43.658 4.29994 60.88
      vertex 43.6643 4.21409 60.88
    endloop
  endfacet
  facet normal 0 0 1
    outer loop
      vertex 57.8202 5.6948 60.88
      vertex 43.6474 4.38537 60.88
      vertex 43.658 4.29994 60.88
    endloop
  endfacet
  facet normal 0 0 1
    outer loop
      vertex 57.4712 8.52504 60.88
      vertex 43.3944 6.43695 60.88
      vertex 43.6474 4.38537 60.88
    endloop
  endfacet
  facet normal 0 0 1
    outer loop
      vertex 33.8551 27.8955 60.88
      vertex 44.9119 36.8582 60.88
      vertex 43.0493 39.0176 60.88
    endloop
  endfacet
  facet normal 0 0 1
    outer loop
      vertex 56.9836 11.3347 60.88
      vertex 43.041 8.47365 60.88
      vertex 43.3944 6.43695 60.88
    endloop
  endfacet
  facet normal 0 0 1
    outer loop
      vertex 56.9836 11.3347 60.88
      vertex 43.0263 8.55846 60.88
      vertex 43.041 8.47365 60.88
    endloop
  endfacet
  facet normal 0 0 1
    outer loop
      vertex 56.9836 11.3347 60.88
      vertex 43.0074 8.64245 60.88
      vertex 43.0263 8.55846 60.88
    endloop
  endfacet
  facet normal 0 0 1
    outer loop
      vertex 56.3588 14.1171 60.88
      vertex 42.5545 10.6594 60.88
      vertex 43.0074 8.64245 60.88
    endloop
  endfacet
  facet normal 0 0 1
    outer loop
      vertex 55.5982 16.8655 60.88
      vertex 42.0032 12.6516 60.88
      vertex 42.5545 10.6594 60.88
    endloop
  endfacet
  facet normal 0 0 1
    outer loop
      vertex 55.5982 16.8655 60.88
      vertex 41.9802 12.7346 60.88
      vertex 42.0032 12.6516 60.88
    endloop
  endfacet
  facet normal 0 0 1
    outer loop
      vertex 55.5982 16.8655 60.88
      vertex 41.9532 12.8163 60.88
      vertex 41.9802 12.7346 60.88
    endloop
  endfacet
  facet normal 0 0 1
    outer loop
      vertex 54.7037 19.5733 60.88
      vertex 41.3048 14.7791 60.88
      vertex 41.9532 12.8163 60.88
    endloop
  endfacet
  facet normal 0 0 1
    outer loop
      vertex 32.4456 29.5231 60.88
      vertex 43.0493 39.0176 60.88
      vertex 41.0829 41.0829 60.88
    endloop
  endfacet
  facet normal 0 0 1
    outer loop
      vertex 53.6774 22.2339 60.88
      vertex 40.5609 16.7077 60.88
      vertex 41.3048 14.7791 60.88
    endloop
  endfacet
  facet normal 0 0 1
    outer loop
      vertex 53.6774 22.2339 60.88
      vertex 40.5299 16.788 60.88
      vertex 40.5609 16.7077 60.88
    endloop
  endfacet
  facet normal 0 0 1
    outer loop
      vertex 53.6774 22.2339 60.88
      vertex 40.495 16.8667 60.88
      vertex 40.5299 16.788 60.88
    endloop
  endfacet
  facet normal 0 0 1
    outer loop
      vertex 52.5218 24.841 60.88
      vertex 39.6573 18.7565 60.88
      vertex 40.495 16.8667 60.88
    endloop
  endfacet
  facet normal 0 0 1
    outer loop
      vertex 31.0202 31.0202 60.88
      vertex 41.0829 41.0829 60.88
      vertex 39.0176 43.0493 60.88
    endloop
  endfacet
  facet normal 0 0 1
    outer loop
      vertex 51.2396 27.3881 60.88
      vertex 38.7279 20.6029 60.88
      vertex 39.6573 18.7565 60.88
    endloop
  endfacet
  facet normal 0 0 1
    outer loop
      vertex 51.2396 27.3881 60.88
      vertex 38.6892 20.6798 60.88
      vertex 38.7279 20.6029 60.88
    endloop
  endfacet
  facet normal 0 0 1
    outer loop
      vertex 49.834 29.8694 60.88
      vertex 37.6703 22.4784 60.88
      vertex 38.6892 20.6798 60.88
    endloop
  endfacet
  facet normal 0 0 1
    outer loop
      vertex 49.834 29.8694 60.88
      vertex 37.6279 22.5533 60.88
      vertex 37.6703 22.4784 60.88
    endloop
  endfacet
  facet normal 0 0 1
    outer loop
      vertex 49.834 29.8694 60.88
      vertex 37.5818 22.626 60.88
      vertex 37.6279 22.5533 60.88
    endloop
  endfacet
  facet normal 0 0 1
    outer loop
      vertex 29.4608 32.505 60.88
      vertex 39.0176 43.0493 60.88
      vertex 36.8582 44.9119 60.88
    endloop
  endfacet
  facet normal 0 0 1
    outer loop
      vertex 48.3084 32.2786 60.88
      vertex 36.4759 24.3724 60.88
      vertex 37.5818 22.626 60.88
    endloop
  endfacet
  facet normal 0 0 1
    outer loop
      vertex 46.6664 34.6101 60.88
      vertex 35.2857 26.0625 60.88
      vertex 36.4759 24.3724 60.88
    endloop
  endfacet
  facet normal 0 0 1
    outer loop
      vertex 46.6664 34.6101 60.88
      vertex 35.2361 26.1329 60.88
      vertex 35.2857 26.0625 60.88
    endloop
  endfacet
  facet normal 0 0 1
    outer loop
      vertex 27.7625 33.9643 60.88
      vertex 36.8582 44.9119 60.88
      vertex 34.6101 46.6664 60.88
    endloop
  endfacet
  facet normal 0 0 1
    outer loop
      vertex 44.9119 36.8582 60.88
      vertex 33.9643 27.7625 60.88
      vertex 35.2361 26.1329 60.88
    endloop
  endfacet
  facet normal 0 0 1
    outer loop
      vertex 44.9119 36.8582 60.88
      vertex 33.9114 27.8303 60.88
      vertex 33.9643 27.7625 60.88
    endloop
  endfacet
  facet normal 0 0 1
    outer loop
      vertex 44.9119 36.8582 60.88
      vertex 33.8551 27.8955 60.88
      vertex 33.9114 27.8303 60.88
    endloop
  endfacet
  facet normal 0 0 1
    outer loop
      vertex 43.0493 39.0176 60.88
      vertex 32.505 29.4608 60.88
      vertex 33.8551 27.8955 60.88
    endloop
  endfacet
  facet normal 0 0 1
    outer loop
      vertex 43.0493 39.0176 60.88
      vertex 32.4456 29.5231 60.88
      vertex 32.505 29.4608 60.88
    endloop
  endfacet
  facet normal 0 0 1
    outer loop
      vertex 26.0625 35.2857 60.88
      vertex 34.6101 46.6664 60.88
      vertex 32.2786 48.3084 60.88
    endloop
  endfacet
  facet normal 0 0 1
    outer loop
      vertex 41.0829 41.0829 60.88
      vertex 31.0202 31.0202 60.88
      vertex 32.4456 29.5231 60.88
    endloop
  endfacet
  facet normal 0 0 1
    outer loop
      vertex 24.3724 36.4759 60.88
      vertex 32.2786 48.3084 60.88
      vertex 29.8694 49.834 60.88
    endloop
  endfacet
  facet normal 0 0 1
    outer loop
      vertex 39.0176 43.0493 60.88
      vertex 29.5231 32.4456 60.88
      vertex 31.0202 31.0202 60.88
    endloop
  endfacet
  facet normal 0 0 1
    outer loop
      vertex 39.0176 43.0493 60.88
      vertex 29.4608 32.505 60.88
      vertex 29.5231 32.4456 60.88
    endloop
  endfacet
  facet normal 0 0 1
    outer loop
      vertex 36.8582 44.9119 60.88
      vertex 27.8955 33.8551 60.88
      vertex 29.4608 32.505 60.88
    endloop
  endfacet
  facet normal 0 0 1
    outer loop
      vertex 36.8582 44.9119 60.88
      vertex 27.8303 33.9114 60.88
      vertex 27.8955 33.8551 60.88
    endloop
  endfacet
  facet normal 0 0 1
    outer loop
      vertex 36.8582 44.9119 60.88
      vertex 27.7625 33.9643 60.88
      vertex 27.8303 33.9114 60.88
    endloop
  endfacet
  facet normal 0 0 1
    outer loop
      vertex 22.4784 37.6703 60.88
      vertex 29.8694 49.834 60.88
      vertex 27.3881 51.2396 60.88
    endloop
  endfacet
  facet normal 0 0 1
    outer loop
      vertex 34.6101 46.6664 60.88
      vertex 26.1329 35.2361 60.88
      vertex 27.7625 33.9643 60.88
    endloop
  endfacet
  facet normal 0 0 1
    outer loop
      vertex 34.6101 46.6664 60.88
      vertex 26.0625 35.2857 60.88
      vertex 26.1329 35.2361 60.88
    endloop
  endfacet
  facet normal 0 0 1
    outer loop
      vertex 20.6029 38.7279 60.88
      vertex 27.3881 51.2396 60.88
      vertex 24.841 52.5218 60.88
    endloop
  endfacet
  facet normal 0 0 1
    outer loop
      vertex 32.2786 48.3084 60.88
      vertex 24.3724 36.4759 60.88
      vertex 26.0625 35.2857 60.88
    endloop
  endfacet
  facet normal 0 0 1
    outer loop
      vertex 29.8694 49.834 60.88
      vertex 22.626 37.5818 60.88
      vertex 24.3724 36.4759 60.88
    endloop
  endfacet
  facet normal 0 0 1
    outer loop
      vertex 29.8694 49.834 60.88
      vertex 22.5533 37.6279 60.88
      vertex 22.626 37.5818 60.88
    endloop
  endfacet
  facet normal 0 0 1
    outer loop
      vertex 29.8694 49.834 60.88
      vertex 22.4784 37.6703 60.88
      vertex 22.5533 37.6279 60.88
    endloop
  endfacet
  facet normal 0 0 1
    outer loop
      vertex 18.7565 39.6573 60.88
      vertex 24.841 52.5218 60.88
      vertex 22.2339 53.6774 60.88
    endloop
  endfacet
  facet normal 0 0 1
    outer loop
      vertex 27.3881 51.2396 60.88
      vertex 20.6798 38.6892 60.88
      vertex 22.4784 37.6703 60.88
    endloop
  endfacet
  facet normal 0 0 1
    outer loop
      vertex 27.3881 51.2396 60.88
      vertex 20.6029 38.7279 60.88
      vertex 20.6798 38.6892 60.88
    endloop
  endfacet
  facet normal 0 0 1
    outer loop
      vertex 16.7077 40.5609 60.88
      vertex 22.2339 53.6774 60.88
      vertex 19.5733 54.7037 60.88
    endloop
  endfacet
  facet normal 0 0 1
    outer loop
      vertex 24.841 52.5218 60.88
      vertex 18.7565 39.6573 60.88
      vertex 20.6029 38.7279 60.88
    endloop
  endfacet
  facet normal 0 0 1
    outer loop
      vertex 22.2339 53.6774 60.88
      vertex 16.8667 40.495 60.88
      vertex 18.7565 39.6573 60.88
    endloop
  endfacet
  facet normal 0 0 1
    outer loop
      vertex 14.7791 41.3048 60.88
      vertex 19.5733 54.7037 60.88
      vertex 16.8655 55.5982 60.88
    endloop
  endfacet
  facet normal 0 0 1
    outer loop
      vertex 22.2339 53.6774 60.88
      vertex 16.788 40.5299 60.88
      vertex 16.8667 40.495 60.88
    endloop
  endfacet
  facet normal 0 0 1
    outer loop
      vertex 22.2339 53.6774 60.88
      vertex 16.7077 40.5609 60.88
      vertex 16.788 40.5299 60.88
    endloop
  endfacet
  facet normal 0 0 1
    outer loop
      vertex 19.5733 54.7037 60.88
      vertex 14.7791 41.3048 60.88
      vertex 16.7077 40.5609 60.88
    endloop
  endfacet
  facet normal 0 0 1
    outer loop
      vertex 12.6516 42.0032 60.88
      vertex 16.8655 55.5982 60.88
      vertex 14.1171 56.3588 60.88
    endloop
  endfacet
  facet normal 0 0 1
    outer loop
      vertex 16.8655 55.5982 60.88
      vertex 12.8163 41.9532 60.88
      vertex 14.7791 41.3048 60.88
    endloop
  endfacet
  facet normal 0 0 1
    outer loop
      vertex 16.8655 55.5982 60.88
      vertex 12.7346 41.9802 60.88
      vertex 12.8163 41.9532 60.88
    endloop
  endfacet
  facet normal 0 0 1
    outer loop
      vertex 16.8655 55.5982 60.88
      vertex 12.6516 42.0032 60.88
      vertex 12.7346 41.9802 60.88
    endloop
  endfacet
  facet normal 0 0 1
    outer loop
      vertex 10.6594 42.5545 60.88
      vertex 14.1171 56.3588 60.88
      vertex 11.3347 56.9836 60.88
    endloop
  endfacet
  facet normal 0 0 1
    outer loop
      vertex 14.1171 56.3588 60.88
      vertex 10.6594 42.5545 60.88
      vertex 12.6516 42.0032 60.88
    endloop
  endfacet
  facet normal 0 0 1
    outer loop
      vertex 11.3347 56.9836 60.88
      vertex 8.64245 43.0074 60.88
      vertex 10.6594 42.5545 60.88
    endloop
  endfacet
  facet normal 0 0 1
    outer loop
      vertex 11.3347 56.9836 60.88
      vertex 8.55846 43.0263 60.88
      vertex 8.64245 43.0074 60.88
    endloop
  endfacet
  facet normal 0 0 1
    outer loop
      vertex 8.47365 43.041 60.88
      vertex 11.3347 56.9836 60.88
      vertex 8.52504 57.4712 60.88
    endloop
  endfacet
  facet normal 0 0 1
    outer loop
      vertex 11.3347 56.9836 60.88
      vertex 8.47365 43.041 60.88
      vertex 8.55846 43.0263 60.88
    endloop
  endfacet
  facet normal 0 0 1
    outer loop
      vertex 8.52504 57.4712 60.88
      vertex 6.43695 43.3944 60.88
      vertex 8.47365 43.041 60.88
    endloop
  endfacet
  facet normal 0 0 1
    outer loop
      vertex 5.6948 57.8202 60.88
      vertex 6.43695 43.3944 60.88
      vertex 8.52504 57.4712 60.88
    endloop
  endfacet
  facet normal 0 0 1
    outer loop
      vertex 5.6948 57.8202 60.88
      vertex 4.38537 43.6474 60.88
      vertex 6.43695 43.3944 60.88
    endloop
  endfacet
  facet normal 0 0 1
    outer loop
      vertex 5.6948 57.8202 60.88
      vertex 4.29994 43.658 60.88
      vertex 4.38537 43.6474 60.88
    endloop
  endfacet
  facet normal 0 0 1
    outer loop
      vertex 5.6948 57.8202 60.88
      vertex 4.21409 43.6643 60.88
      vertex 4.29994 43.658 60.88
    endloop
  endfacet
  facet normal 0 0 1
    outer loop
      vertex 2.85083 58.03 60.88
      vertex 4.21409 43.6643 60.88
      vertex 5.6948 57.8202 60.88
    endloop
  endfacet
  facet normal 0 0 1
    outer loop
      vertex 2.85083 58.03 60.88
      vertex 2.15256 43.8164 60.88
      vertex 4.21409 43.6643 60.88
    endloop
  endfacet
  facet normal 0 0 1
    outer loop
      vertex 2.85083 58.03 60.88
      vertex 0.0860574 43.8671 60.88
      vertex 2.15256 43.8164 60.88
    endloop
  endfacet
  facet normal 0 0 1
    outer loop
      vertex 0 58.1 60.88
      vertex 0.0860574 43.8671 60.88
      vertex 2.85083 58.03 60.88
    endloop
  endfacet
  facet normal 0 0 1
    outer loop
      vertex 0 58.1 60.88
      vertex 0 43.8692 60.88
      vertex 0.0860574 43.8671 60.88
    endloop
  endfacet
  facet normal 0 0 1
    outer loop
      vertex 0 58.1 60.88
      vertex -0.0860574 43.8671 60.88
      vertex 0 43.8692 60.88
    endloop
  endfacet
  facet normal 0 0 1
    outer loop
      vertex 0 58.1 60.88
      vertex -2.15256 43.8164 60.88
      vertex -0.0860574 43.8671 60.88
    endloop
  endfacet
  facet normal -0 0 1
    outer loop
      vertex -2.85083 58.03 60.88
      vertex -2.15256 43.8164 60.88
      vertex 0 58.1 60.88
    endloop
  endfacet
  facet normal 0 0 1
    outer loop
      vertex -2.85083 58.03 60.88
      vertex -4.21409 43.6643 60.88
      vertex -2.15256 43.8164 60.88
    endloop
  endfacet
  facet normal -0 0 1
    outer loop
      vertex -5.6948 57.8202 60.88
      vertex -4.21409 43.6643 60.88
      vertex -2.85083 58.03 60.88
    endloop
  endfacet
  facet normal 0 0 1
    outer loop
      vertex -4.21409 43.6643 60.88
      vertex -5.6948 57.8202 60.88
      vertex -4.29994 43.658 60.88
    endloop
  endfacet
  facet normal 0 0 1
    outer loop
      vertex -4.29994 43.658 60.88
      vertex -5.6948 57.8202 60.88
      vertex -4.38537 43.6474 60.88
    endloop
  endfacet
  facet normal 0 0 1
    outer loop
      vertex -5.6948 57.8202 60.88
      vertex -6.43695 43.3944 60.88
      vertex -4.38537 43.6474 60.88
    endloop
  endfacet
  facet normal -0 0 1
    outer loop
      vertex -8.52504 57.4712 60.88
      vertex -6.43695 43.3944 60.88
      vertex -5.6948 57.8202 60.88
    endloop
  endfacet
  facet normal 0 0 1
    outer loop
      vertex -6.43695 43.3944 60.88
      vertex -8.52504 57.4712 60.88
      vertex -8.47365 43.041 60.88
    endloop
  endfacet
  facet normal -0 0 1
    outer loop
      vertex -11.3347 56.9836 60.88
      vertex -8.47365 43.041 60.88
      vertex -8.52504 57.4712 60.88
    endloop
  endfacet
  facet normal 0 0 1
    outer loop
      vertex -8.47365 43.041 60.88
      vertex -11.3347 56.9836 60.88
      vertex -8.55846 43.0263 60.88
    endloop
  endfacet
  facet normal 0 0 1
    outer loop
      vertex -8.55846 43.0263 60.88
      vertex -11.3347 56.9836 60.88
      vertex -8.64245 43.0074 60.88
    endloop
  endfacet
  facet normal 0 0 1
    outer loop
      vertex -8.64245 43.0074 60.88
      vertex -11.3347 56.9836 60.88
      vertex -10.6594 42.5545 60.88
    endloop
  endfacet
  facet normal -0 0 1
    outer loop
      vertex -14.1171 56.3588 60.88
      vertex -10.6594 42.5545 60.88
      vertex -11.3347 56.9836 60.88
    endloop
  endfacet
  facet normal 0 0 1
    outer loop
      vertex -10.6594 42.5545 60.88
      vertex -14.1171 56.3588 60.88
      vertex -12.6516 42.0032 60.88
    endloop
  endfacet
  facet normal -0 0 1
    outer loop
      vertex -16.8655 55.5982 60.88
      vertex -12.6516 42.0032 60.88
      vertex -14.1171 56.3588 60.88
    endloop
  endfacet
  facet normal 0 0 1
    outer loop
      vertex -12.6516 42.0032 60.88
      vertex -16.8655 55.5982 60.88
      vertex -12.7346 41.9802 60.88
    endloop
  endfacet
  facet normal 0 0 1
    outer loop
      vertex -12.7346 41.9802 60.88
      vertex -16.8655 55.5982 60.88
      vertex -12.8163 41.9532 60.88
    endloop
  endfacet
  facet normal 0 0 1
    outer loop
      vertex -12.8163 41.9532 60.88
      vertex -16.8655 55.5982 60.88
      vertex -14.7791 41.3048 60.88
    endloop
  endfacet
  facet normal -0 0 1
    outer loop
      vertex -19.5733 54.7037 60.88
      vertex -14.7791 41.3048 60.88
      vertex -16.8655 55.5982 60.88
    endloop
  endfacet
  facet normal 0 0 1
    outer loop
      vertex -14.7791 41.3048 60.88
      vertex -19.5733 54.7037 60.88
      vertex -16.7077 40.5609 60.88
    endloop
  endfacet
  facet normal -0 0 1
    outer loop
      vertex -22.2339 53.6774 60.88
      vertex -16.7077 40.5609 60.88
      vertex -19.5733 54.7037 60.88
    endloop
  endfacet
  facet normal 0 0 1
    outer loop
      vertex -16.7077 40.5609 60.88
      vertex -22.2339 53.6774 60.88
      vertex -16.788 40.5299 60.88
    endloop
  endfacet
  facet normal 0 0 1
    outer loop
      vertex -16.788 40.5299 60.88
      vertex -22.2339 53.6774 60.88
      vertex -16.8667 40.495 60.88
    endloop
  endfacet
  facet normal 0 0 1
    outer loop
      vertex -16.8667 40.495 60.88
      vertex -22.2339 53.6774 60.88
      vertex -18.7565 39.6573 60.88
    endloop
  endfacet
  facet normal -0 0 1
    outer loop
      vertex -24.841 52.5218 60.88
      vertex -18.7565 39.6573 60.88
      vertex -22.2339 53.6774 60.88
    endloop
  endfacet
  facet normal 0 0 1
    outer loop
      vertex -18.7565 39.6573 60.88
      vertex -24.841 52.5218 60.88
      vertex -20.6029 38.7279 60.88
    endloop
  endfacet
  facet normal -0 0 1
    outer loop
      vertex -27.3881 51.2396 60.88
      vertex -20.6029 38.7279 60.88
      vertex -24.841 52.5218 60.88
    endloop
  endfacet
  facet normal 0 0 1
    outer loop
      vertex -20.6029 38.7279 60.88
      vertex -27.3881 51.2396 60.88
      vertex -20.6798 38.6892 60.88
    endloop
  endfacet
  facet normal 0 0 1
    outer loop
      vertex -20.6798 38.6892 60.88
      vertex -27.3881 51.2396 60.88
      vertex -22.4784 37.6703 60.88
    endloop
  endfacet
  facet normal -0 0 1
    outer loop
      vertex -29.8694 49.834 60.88
      vertex -22.4784 37.6703 60.88
      vertex -27.3881 51.2396 60.88
    endloop
  endfacet
  facet normal 0 0 1
    outer loop
      vertex -22.4784 37.6703 60.88
      vertex -29.8694 49.834 60.88
      vertex -22.5533 37.6279 60.88
    endloop
  endfacet
  facet normal 0 0 1
    outer loop
      vertex -22.5533 37.6279 60.88
      vertex -29.8694 49.834 60.88
      vertex -22.626 37.5818 60.88
    endloop
  endfacet
  facet normal 0 0 1
    outer loop
      vertex -22.626 37.5818 60.88
      vertex -29.8694 49.834 60.88
      vertex -24.3724 36.4759 60.88
    endloop
  endfacet
  facet normal -0 0 1
    outer loop
      vertex -32.2786 48.3084 60.88
      vertex -24.3724 36.4759 60.88
      vertex -29.8694 49.834 60.88
    endloop
  endfacet
  facet normal 0 0 1
    outer loop
      vertex -24.3724 36.4759 60.88
      vertex -32.2786 48.3084 60.88
      vertex -26.0625 35.2857 60.88
    endloop
  endfacet
  facet normal -0 0 1
    outer loop
      vertex -34.6101 46.6664 60.88
      vertex -26.0625 35.2857 60.88
      vertex -32.2786 48.3084 60.88
    endloop
  endfacet
  facet normal 0 0 1
    outer loop
      vertex -26.0625 35.2857 60.88
      vertex -34.6101 46.6664 60.88
      vertex -26.1329 35.2361 60.88
    endloop
  endfacet
  facet normal 0 0 1
    outer loop
      vertex -26.1329 35.2361 60.88
      vertex -34.6101 46.6664 60.88
      vertex -27.7625 33.9643 60.88
    endloop
  endfacet
  facet normal -0 0 1
    outer loop
      vertex -36.8582 44.9119 60.88
      vertex -27.7625 33.9643 60.88
      vertex -34.6101 46.6664 60.88
    endloop
  endfacet
  facet normal 0 0 1
    outer loop
      vertex -27.7625 33.9643 60.88
      vertex -36.8582 44.9119 60.88
      vertex -27.8303 33.9114 60.88
    endloop
  endfacet
  facet normal 0 0 1
    outer loop
      vertex -27.8303 33.9114 60.88
      vertex -36.8582 44.9119 60.88
      vertex -27.8955 33.8551 60.88
    endloop
  endfacet
  facet normal 0 0 1
    outer loop
      vertex -27.8955 33.8551 60.88
      vertex -36.8582 44.9119 60.88
      vertex -29.4608 32.505 60.88
    endloop
  endfacet
  facet normal -0 0 1
    outer loop
      vertex -39.0176 43.0493 60.88
      vertex -29.4608 32.505 60.88
      vertex -36.8582 44.9119 60.88
    endloop
  endfacet
  facet normal 0 0 1
    outer loop
      vertex -29.4608 32.505 60.88
      vertex -39.0176 43.0493 60.88
      vertex -29.5231 32.4456 60.88
    endloop
  endfacet
  facet normal 0 0 1
    outer loop
      vertex -29.5231 32.4456 60.88
      vertex -39.0176 43.0493 60.88
      vertex -31.0202 31.0202 60.88
    endloop
  endfacet
  facet normal -0 0 1
    outer loop
      vertex -41.0829 41.0829 60.88
      vertex -31.0202 31.0202 60.88
      vertex -39.0176 43.0493 60.88
    endloop
  endfacet
  facet normal 0 0 1
    outer loop
      vertex -31.0202 31.0202 60.88
      vertex -41.0829 41.0829 60.88
      vertex -32.4456 29.5231 60.88
    endloop
  endfacet
  facet normal -0 0 1
    outer loop
      vertex -43.0493 39.0176 60.88
      vertex -32.4456 29.5231 60.88
      vertex -41.0829 41.0829 60.88
    endloop
  endfacet
  facet normal 0 0 1
    outer loop
      vertex -32.4456 29.5231 60.88
      vertex -43.0493 39.0176 60.88
      vertex -32.505 29.4608 60.88
    endloop
  endfacet
  facet normal 0 0 1
    outer loop
      vertex -32.505 29.4608 60.88
      vertex -43.0493 39.0176 60.88
      vertex -33.8551 27.8955 60.88
    endloop
  endfacet
  facet normal -0 0 1
    outer loop
      vertex -44.9119 36.8582 60.88
      vertex -33.8551 27.8955 60.88
      vertex -43.0493 39.0176 60.88
    endloop
  endfacet
  facet normal 0 0 1
    outer loop
      vertex -33.8551 27.8955 60.88
      vertex -44.9119 36.8582 60.88
      vertex -33.9114 27.8303 60.88
    endloop
  endfacet
  facet normal 0 0 1
    outer loop
      vertex -33.9114 27.8303 60.88
      vertex -44.9119 36.8582 60.88
      vertex -33.9643 27.7625 60.88
    endloop
  endfacet
  facet normal 0 0 1
    outer loop
      vertex -33.9643 27.7625 60.88
      vertex -44.9119 36.8582 60.88
      vertex -35.2361 26.1329 60.88
    endloop
  endfacet
  facet normal -0 0 1
    outer loop
      vertex -46.6664 34.6101 60.88
      vertex -35.2361 26.1329 60.88
      vertex -44.9119 36.8582 60.88
    endloop
  endfacet
  facet normal 0 0 1
    outer loop
      vertex -35.2361 26.1329 60.88
      vertex -46.6664 34.6101 60.88
      vertex -35.2857 26.0625 60.88
    endloop
  endfacet
  facet normal 0 0 1
    outer loop
      vertex -35.2857 26.0625 60.88
      vertex -46.6664 34.6101 60.88
      vertex -36.4759 24.3724 60.88
    endloop
  endfacet
  facet normal -0 0 1
    outer loop
      vertex -48.3084 32.2786 60.88
      vertex -36.4759 24.3724 60.88
      vertex -46.6664 34.6101 60.88
    endloop
  endfacet
  facet normal 0 0 1
    outer loop
      vertex -36.4759 24.3724 60.88
      vertex -48.3084 32.2786 60.88
      vertex -37.5818 22.626 60.88
    endloop
  endfacet
  facet normal -0 0 1
    outer loop
      vertex -49.834 29.8694 60.88
      vertex -37.5818 22.626 60.88
      vertex -48.3084 32.2786 60.88
    endloop
  endfacet
  facet normal 0 0 1
    outer loop
      vertex -37.5818 22.626 60.88
      vertex -49.834 29.8694 60.88
      vertex -37.6279 22.5533 60.88
    endloop
  endfacet
  facet normal 0 0 1
    outer loop
      vertex -37.6279 22.5533 60.88
      vertex -49.834 29.8694 60.88
      vertex -37.6703 22.4784 60.88
    endloop
  endfacet
  facet normal 0 0 1
    outer loop
      vertex -37.6703 22.4784 60.88
      vertex -49.834 29.8694 60.88
      vertex -38.6892 20.6798 60.88
    endloop
  endfacet
  facet normal -0 0 1
    outer loop
      vertex -51.2396 27.3881 60.88
      vertex -38.6892 20.6798 60.88
      vertex -49.834 29.8694 60.88
    endloop
  endfacet
  facet normal 0 0 1
    outer loop
      vertex -38.6892 20.6798 60.88
      vertex -51.2396 27.3881 60.88
      vertex -38.7279 20.6029 60.88
    endloop
  endfacet
  facet normal 0 0 1
    outer loop
      vertex -38.7279 20.6029 60.88
      vertex -51.2396 27.3881 60.88
      vertex -39.6573 18.7565 60.88
    endloop
  endfacet
  facet normal -0 0 1
    outer loop
      vertex -52.5218 24.841 60.88
      vertex -39.6573 18.7565 60.88
      vertex -51.2396 27.3881 60.88
    endloop
  endfacet
  facet normal 0 0 1
    outer loop
      vertex -39.6573 18.7565 60.88
      vertex -52.5218 24.841 60.88
      vertex -40.495 16.8667 60.88
    endloop
  endfacet
  facet normal -0 0 1
    outer loop
      vertex -53.6774 22.2339 60.88
      vertex -40.495 16.8667 60.88
      vertex -52.5218 24.841 60.88
    endloop
  endfacet
  facet normal 0 0 1
    outer loop
      vertex -40.495 16.8667 60.88
      vertex -53.6774 22.2339 60.88
      vertex -40.5299 16.788 60.88
    endloop
  endfacet
  facet normal 0 0 1
    outer loop
      vertex -40.5299 16.788 60.88
      vertex -53.6774 22.2339 60.88
      vertex -40.5609 16.7077 60.88
    endloop
  endfacet
  facet normal 0 0 1
    outer loop
      vertex -40.5609 16.7077 60.88
      vertex -53.6774 22.2339 60.88
      vertex -41.3048 14.7791 60.88
    endloop
  endfacet
  facet normal -0 0 1
    outer loop
      vertex -54.7037 19.5733 60.88
      vertex -41.3048 14.7791 60.88
      vertex -53.6774 22.2339 60.88
    endloop
  endfacet
  facet normal 0 0 1
    outer loop
      vertex -41.3048 14.7791 60.88
      vertex -54.7037 19.5733 60.88
      vertex -41.9532 12.8163 60.88
    endloop
  endfacet
  facet normal -0 0 1
    outer loop
      vertex -55.5982 16.8655 60.88
      vertex -41.9532 12.8163 60.88
      vertex -54.7037 19.5733 60.88
    endloop
  endfacet
  facet normal 0 0 1
    outer loop
      vertex -41.9532 12.8163 60.88
      vertex -55.5982 16.8655 60.88
      vertex -41.9802 12.7346 60.88
    endloop
  endfacet
  facet normal 0 0 1
    outer loop
      vertex -41.9802 12.7346 60.88
      vertex -55.5982 16.8655 60.88
      vertex -42.0032 12.6516 60.88
    endloop
  endfacet
  facet normal 0 0 1
    outer loop
      vertex -42.0032 12.6516 60.88
      vertex -55.5982 16.8655 60.88
      vertex -42.5545 10.6594 60.88
    endloop
  endfacet
  facet normal -0 0 1
    outer loop
      vertex -56.3588 14.1171 60.88
      vertex -42.5545 10.6594 60.88
      vertex -55.5982 16.8655 60.88
    endloop
  endfacet
  facet normal 0 0 1
    outer loop
      vertex -42.5545 10.6594 60.88
      vertex -56.3588 14.1171 60.88
      vertex -43.0074 8.64245 60.88
    endloop
  endfacet
  facet normal -0 0 1
    outer loop
      vertex 42.5545 -10.6594 60.88
      vertex 56.3588 -14.1171 60.88
      vertex 43.0074 -8.64245 60.88
    endloop
  endfacet
  facet normal 0 0 1
    outer loop
      vertex 56.3588 -14.1171 60.88
      vertex 42.5545 -10.6594 60.88
      vertex 55.5982 -16.8655 60.88
    endloop
  endfacet
  facet normal -0 0 1
    outer loop
      vertex 42.0032 -12.6516 60.88
      vertex 55.5982 -16.8655 60.88
      vertex 42.5545 -10.6594 60.88
    endloop
  endfacet
  facet normal -0 0 1
    outer loop
      vertex 41.9802 -12.7346 60.88
      vertex 55.5982 -16.8655 60.88
      vertex 42.0032 -12.6516 60.88
    endloop
  endfacet
  facet normal -0 0 1
    outer loop
      vertex 41.9532 -12.8163 60.88
      vertex 55.5982 -16.8655 60.88
      vertex 41.9802 -12.7346 60.88
    endloop
  endfacet
  facet normal 0 0 1
    outer loop
      vertex 55.5982 -16.8655 60.88
      vertex 41.9532 -12.8163 60.88
      vertex 54.7037 -19.5733 60.88
    endloop
  endfacet
  facet normal -0 0 1
    outer loop
      vertex 41.3048 -14.7791 60.88
      vertex 54.7037 -19.5733 60.88
      vertex 41.9532 -12.8163 60.88
    endloop
  endfacet
  facet normal 0 0 1
    outer loop
      vertex 54.7037 -19.5733 60.88
      vertex 41.3048 -14.7791 60.88
      vertex 53.6774 -22.2339 60.88
    endloop
  endfacet
  facet normal -0 0 1
    outer loop
      vertex 40.5609 -16.7077 60.88
      vertex 53.6774 -22.2339 60.88
      vertex 41.3048 -14.7791 60.88
    endloop
  endfacet
  facet normal -0 0 1
    outer loop
      vertex 40.5299 -16.788 60.88
      vertex 53.6774 -22.2339 60.88
      vertex 40.5609 -16.7077 60.88
    endloop
  endfacet
  facet normal -0 0 1
    outer loop
      vertex 40.495 -16.8667 60.88
      vertex 53.6774 -22.2339 60.88
      vertex 40.5299 -16.788 60.88
    endloop
  endfacet
  facet normal 0 0 1
    outer loop
      vertex 53.6774 -22.2339 60.88
      vertex 40.495 -16.8667 60.88
      vertex 52.5218 -24.841 60.88
    endloop
  endfacet
  facet normal -0 0 1
    outer loop
      vertex 39.6573 -18.7565 60.88
      vertex 52.5218 -24.841 60.88
      vertex 40.495 -16.8667 60.88
    endloop
  endfacet
  facet normal 0 0 1
    outer loop
      vertex 52.5218 -24.841 60.88
      vertex 39.6573 -18.7565 60.88
      vertex 51.2396 -27.3881 60.88
    endloop
  endfacet
  facet normal -0 0 1
    outer loop
      vertex 38.7279 -20.6029 60.88
      vertex 51.2396 -27.3881 60.88
      vertex 39.6573 -18.7565 60.88
    endloop
  endfacet
  facet normal -0 0 1
    outer loop
      vertex 38.6892 -20.6798 60.88
      vertex 51.2396 -27.3881 60.88
      vertex 38.7279 -20.6029 60.88
    endloop
  endfacet
  facet normal 0 0 1
    outer loop
      vertex 51.2396 -27.3881 60.88
      vertex 38.6892 -20.6798 60.88
      vertex 49.834 -29.8694 60.88
    endloop
  endfacet
  facet normal -0 0 1
    outer loop
      vertex 37.6703 -22.4784 60.88
      vertex 49.834 -29.8694 60.88
      vertex 38.6892 -20.6798 60.88
    endloop
  endfacet
  facet normal -0 0 1
    outer loop
      vertex 37.6279 -22.5533 60.88
      vertex 49.834 -29.8694 60.88
      vertex 37.6703 -22.4784 60.88
    endloop
  endfacet
  facet normal -0 0 1
    outer loop
      vertex 37.5818 -22.626 60.88
      vertex 49.834 -29.8694 60.88
      vertex 37.6279 -22.5533 60.88
    endloop
  endfacet
  facet normal 0 0 1
    outer loop
      vertex 49.834 -29.8694 60.88
      vertex 37.5818 -22.626 60.88
      vertex 48.3084 -32.2786 60.88
    endloop
  endfacet
  facet normal -0 0 1
    outer loop
      vertex 36.4759 -24.3724 60.88
      vertex 48.3084 -32.2786 60.88
      vertex 37.5818 -22.626 60.88
    endloop
  endfacet
  facet normal 0 0 1
    outer loop
      vertex 48.3084 -32.2786 60.88
      vertex 36.4759 -24.3724 60.88
      vertex 46.6664 -34.6101 60.88
    endloop
  endfacet
  facet normal -0 0 1
    outer loop
      vertex 35.2857 -26.0625 60.88
      vertex 46.6664 -34.6101 60.88
      vertex 36.4759 -24.3724 60.88
    endloop
  endfacet
  facet normal -0 0 1
    outer loop
      vertex 35.2361 -26.1329 60.88
      vertex 46.6664 -34.6101 60.88
      vertex 35.2857 -26.0625 60.88
    endloop
  endfacet
  facet normal 0 0 1
    outer loop
      vertex 46.6664 -34.6101 60.88
      vertex 35.2361 -26.1329 60.88
      vertex 44.9119 -36.8582 60.88
    endloop
  endfacet
  facet normal -0 0 1
    outer loop
      vertex 33.9643 -27.7625 60.88
      vertex 44.9119 -36.8582 60.88
      vertex 35.2361 -26.1329 60.88
    endloop
  endfacet
  facet normal -0 0 1
    outer loop
      vertex 33.9114 -27.8303 60.88
      vertex 44.9119 -36.8582 60.88
      vertex 33.9643 -27.7625 60.88
    endloop
  endfacet
  facet normal -0 0 1
    outer loop
      vertex 33.8551 -27.8955 60.88
      vertex 44.9119 -36.8582 60.88
      vertex 33.9114 -27.8303 60.88
    endloop
  endfacet
  facet normal 0 0 1
    outer loop
      vertex 44.9119 -36.8582 60.88
      vertex 33.8551 -27.8955 60.88
      vertex 43.0493 -39.0176 60.88
    endloop
  endfacet
  facet normal -0 0 1
    outer loop
      vertex 32.505 -29.4608 60.88
      vertex 43.0493 -39.0176 60.88
      vertex 33.8551 -27.8955 60.88
    endloop
  endfacet
  facet normal -0 0 1
    outer loop
      vertex 32.4456 -29.5231 60.88
      vertex 43.0493 -39.0176 60.88
      vertex 32.505 -29.4608 60.88
    endloop
  endfacet
  facet normal 0 0 1
    outer loop
      vertex 43.0493 -39.0176 60.88
      vertex 32.4456 -29.5231 60.88
      vertex 41.0829 -41.0829 60.88
    endloop
  endfacet
  facet normal -0 0 1
    outer loop
      vertex 31.0202 -31.0202 60.88
      vertex 41.0829 -41.0829 60.88
      vertex 32.4456 -29.5231 60.88
    endloop
  endfacet
  facet normal 0 0 1
    outer loop
      vertex 41.0829 -41.0829 60.88
      vertex 31.0202 -31.0202 60.88
      vertex 39.0176 -43.0493 60.88
    endloop
  endfacet
  facet normal -0 0 1
    outer loop
      vertex 29.5231 -32.4456 60.88
      vertex 39.0176 -43.0493 60.88
      vertex 31.0202 -31.0202 60.88
    endloop
  endfacet
  facet normal -0 0 1
    outer loop
      vertex 29.4608 -32.505 60.88
      vertex 39.0176 -43.0493 60.88
      vertex 29.5231 -32.4456 60.88
    endloop
  endfacet
  facet normal 0 0 1
    outer loop
      vertex 39.0176 -43.0493 60.88
      vertex 29.4608 -32.505 60.88
      vertex 36.8582 -44.9119 60.88
    endloop
  endfacet
  facet normal -0 0 1
    outer loop
      vertex 27.8955 -33.8551 60.88
      vertex 36.8582 -44.9119 60.88
      vertex 29.4608 -32.505 60.88
    endloop
  endfacet
  facet normal -0 0 1
    outer loop
      vertex 27.8303 -33.9114 60.88
      vertex 36.8582 -44.9119 60.88
      vertex 27.8955 -33.8551 60.88
    endloop
  endfacet
  facet normal -0 0 1
    outer loop
      vertex 27.7625 -33.9643 60.88
      vertex 36.8582 -44.9119 60.88
      vertex 27.8303 -33.9114 60.88
    endloop
  endfacet
  facet normal 0 0 1
    outer loop
      vertex 36.8582 -44.9119 60.88
      vertex 27.7625 -33.9643 60.88
      vertex 34.6101 -46.6664 60.88
    endloop
  endfacet
  facet normal -0 0 1
    outer loop
      vertex 26.1329 -35.2361 60.88
      vertex 34.6101 -46.6664 60.88
      vertex 27.7625 -33.9643 60.88
    endloop
  endfacet
  facet normal -0 0 1
    outer loop
      vertex 26.0625 -35.2857 60.88
      vertex 34.6101 -46.6664 60.88
      vertex 26.1329 -35.2361 60.88
    endloop
  endfacet
  facet normal 0 0 1
    outer loop
      vertex 34.6101 -46.6664 60.88
      vertex 26.0625 -35.2857 60.88
      vertex 32.2786 -48.3084 60.88
    endloop
  endfacet
  facet normal -0 0 1
    outer loop
      vertex 24.3724 -36.4759 60.88
      vertex 32.2786 -48.3084 60.88
      vertex 26.0625 -35.2857 60.88
    endloop
  endfacet
  facet normal 0 0 1
    outer loop
      vertex 32.2786 -48.3084 60.88
      vertex 24.3724 -36.4759 60.88
      vertex 29.8694 -49.834 60.88
    endloop
  endfacet
  facet normal -0 0 1
    outer loop
      vertex 22.626 -37.5818 60.88
      vertex 29.8694 -49.834 60.88
      vertex 24.3724 -36.4759 60.88
    endloop
  endfacet
  facet normal -0 0 1
    outer loop
      vertex 22.5533 -37.6279 60.88
      vertex 29.8694 -49.834 60.88
      vertex 22.626 -37.5818 60.88
    endloop
  endfacet
  facet normal -0 0 1
    outer loop
      vertex 22.4784 -37.6703 60.88
      vertex 29.8694 -49.834 60.88
      vertex 22.5533 -37.6279 60.88
    endloop
  endfacet
  facet normal 0 0 1
    outer loop
      vertex 29.8694 -49.834 60.88
      vertex 22.4784 -37.6703 60.88
      vertex 27.3881 -51.2396 60.88
    endloop
  endfacet
  facet normal -0 0 1
    outer loop
      vertex 20.6798 -38.6892 60.88
      vertex 27.3881 -51.2396 60.88
      vertex 22.4784 -37.6703 60.88
    endloop
  endfacet
  facet normal -0 0 1
    outer loop
      vertex 20.6029 -38.7279 60.88
      vertex 27.3881 -51.2396 60.88
      vertex 20.6798 -38.6892 60.88
    endloop
  endfacet
  facet normal 0 0 1
    outer loop
      vertex 27.3881 -51.2396 60.88
      vertex 20.6029 -38.7279 60.88
      vertex 24.841 -52.5218 60.88
    endloop
  endfacet
  facet normal -0 0 1
    outer loop
      vertex 18.7565 -39.6573 60.88
      vertex 24.841 -52.5218 60.88
      vertex 20.6029 -38.7279 60.88
    endloop
  endfacet
  facet normal 0 0 1
    outer loop
      vertex 24.841 -52.5218 60.88
      vertex 18.7565 -39.6573 60.88
      vertex 22.2339 -53.6774 60.88
    endloop
  endfacet
  facet normal -0 0 1
    outer loop
      vertex 16.8667 -40.495 60.88
      vertex 22.2339 -53.6774 60.88
      vertex 18.7565 -39.6573 60.88
    endloop
  endfacet
  facet normal -0 0 1
    outer loop
      vertex 16.788 -40.5299 60.88
      vertex 22.2339 -53.6774 60.88
      vertex 16.8667 -40.495 60.88
    endloop
  endfacet
  facet normal -0 0 1
    outer loop
      vertex 16.7077 -40.5609 60.88
      vertex 22.2339 -53.6774 60.88
      vertex 16.788 -40.5299 60.88
    endloop
  endfacet
  facet normal 0 0 1
    outer loop
      vertex 22.2339 -53.6774 60.88
      vertex 16.7077 -40.5609 60.88
      vertex 19.5733 -54.7037 60.88
    endloop
  endfacet
  facet normal -0 0 1
    outer loop
      vertex 14.7791 -41.3048 60.88
      vertex 19.5733 -54.7037 60.88
      vertex 16.7077 -40.5609 60.88
    endloop
  endfacet
  facet normal 0 0 1
    outer loop
      vertex 19.5733 -54.7037 60.88
      vertex 14.7791 -41.3048 60.88
      vertex 16.8655 -55.5982 60.88
    endloop
  endfacet
  facet normal -0 0 1
    outer loop
      vertex 12.8163 -41.9532 60.88
      vertex 16.8655 -55.5982 60.88
      vertex 14.7791 -41.3048 60.88
    endloop
  endfacet
  facet normal -0 0 1
    outer loop
      vertex 12.7346 -41.9802 60.88
      vertex 16.8655 -55.5982 60.88
      vertex 12.8163 -41.9532 60.88
    endloop
  endfacet
  facet normal -0 0 1
    outer loop
      vertex 12.6516 -42.0032 60.88
      vertex 16.8655 -55.5982 60.88
      vertex 12.7346 -41.9802 60.88
    endloop
  endfacet
  facet normal 0 0 1
    outer loop
      vertex 16.8655 -55.5982 60.88
      vertex 12.6516 -42.0032 60.88
      vertex 14.1171 -56.3588 60.88
    endloop
  endfacet
  facet normal -0 0 1
    outer loop
      vertex 10.6594 -42.5545 60.88
      vertex 14.1171 -56.3588 60.88
      vertex 12.6516 -42.0032 60.88
    endloop
  endfacet
  facet normal 0 0 1
    outer loop
      vertex 14.1171 -56.3588 60.88
      vertex 10.6594 -42.5545 60.88
      vertex 11.3347 -56.9836 60.88
    endloop
  endfacet
  facet normal -0 0 1
    outer loop
      vertex 8.64245 -43.0074 60.88
      vertex 11.3347 -56.9836 60.88
      vertex 10.6594 -42.5545 60.88
    endloop
  endfacet
  facet normal -0 0 1
    outer loop
      vertex 8.55846 -43.0263 60.88
      vertex 11.3347 -56.9836 60.88
      vertex 8.64245 -43.0074 60.88
    endloop
  endfacet
  facet normal -0 0 1
    outer loop
      vertex 8.47365 -43.041 60.88
      vertex 11.3347 -56.9836 60.88
      vertex 8.55846 -43.0263 60.88
    endloop
  endfacet
  facet normal 0 0 1
    outer loop
      vertex 11.3347 -56.9836 60.88
      vertex 8.47365 -43.041 60.88
      vertex 8.52504 -57.4712 60.88
    endloop
  endfacet
  facet normal -0 0 1
    outer loop
      vertex 6.43695 -43.3944 60.88
      vertex 8.52504 -57.4712 60.88
      vertex 8.47365 -43.041 60.88
    endloop
  endfacet
  facet normal 0 0 1
    outer loop
      vertex 6.43695 -43.3944 60.88
      vertex 5.6948 -57.8202 60.88
      vertex 8.52504 -57.4712 60.88
    endloop
  endfacet
  facet normal -0 0 1
    outer loop
      vertex 4.38537 -43.6474 60.88
      vertex 5.6948 -57.8202 60.88
      vertex 6.43695 -43.3944 60.88
    endloop
  endfacet
  facet normal -0 0 1
    outer loop
      vertex 4.29994 -43.658 60.88
      vertex 5.6948 -57.8202 60.88
      vertex 4.38537 -43.6474 60.88
    endloop
  endfacet
  facet normal -0 0 1
    outer loop
      vertex 4.21409 -43.6643 60.88
      vertex 5.6948 -57.8202 60.88
      vertex 4.29994 -43.658 60.88
    endloop
  endfacet
  facet normal 0 0 1
    outer loop
      vertex 4.21409 -43.6643 60.88
      vertex 2.85083 -58.03 60.88
      vertex 5.6948 -57.8202 60.88
    endloop
  endfacet
  facet normal -0 0 1
    outer loop
      vertex 2.15256 -43.8164 60.88
      vertex 2.85083 -58.03 60.88
      vertex 4.21409 -43.6643 60.88
    endloop
  endfacet
  facet normal -0 0 1
    outer loop
      vertex 0.0860574 -43.8671 60.88
      vertex 2.85083 -58.03 60.88
      vertex 2.15256 -43.8164 60.88
    endloop
  endfacet
  facet normal 0 0 1
    outer loop
      vertex 0 -58.1 60.88
      vertex 0.0860574 -43.8671 60.88
      vertex 0 -43.8692 60.88
    endloop
  endfacet
  facet normal 0 0 1
    outer loop
      vertex 0.0860574 -43.8671 60.88
      vertex 0 -58.1 60.88
      vertex 2.85083 -58.03 60.88
    endloop
  endfacet
  facet normal 0 0 1
    outer loop
      vertex -0.0860574 -43.8671 60.88
      vertex 0 -58.1 60.88
      vertex 0 -43.8692 60.88
    endloop
  endfacet
  facet normal 0 0 1
    outer loop
      vertex -2.15256 -43.8164 60.88
      vertex 0 -58.1 60.88
      vertex -0.0860574 -43.8671 60.88
    endloop
  endfacet
  facet normal 0 0 1
    outer loop
      vertex -2.15256 -43.8164 60.88
      vertex -2.85083 -58.03 60.88
      vertex 0 -58.1 60.88
    endloop
  endfacet
  facet normal 0 0 1
    outer loop
      vertex -4.21409 -43.6643 60.88
      vertex -2.85083 -58.03 60.88
      vertex -2.15256 -43.8164 60.88
    endloop
  endfacet
  facet normal 0 0 1
    outer loop
      vertex -5.6948 -57.8202 60.88
      vertex -4.21409 -43.6643 60.88
      vertex -4.29994 -43.658 60.88
    endloop
  endfacet
  facet normal 0 0 1
    outer loop
      vertex -5.6948 -57.8202 60.88
      vertex -4.29994 -43.658 60.88
      vertex -4.38537 -43.6474 60.88
    endloop
  endfacet
  facet normal 0 0 1
    outer loop
      vertex -4.21409 -43.6643 60.88
      vertex -5.6948 -57.8202 60.88
      vertex -2.85083 -58.03 60.88
    endloop
  endfacet
  facet normal 0 0 1
    outer loop
      vertex -6.43695 -43.3944 60.88
      vertex -5.6948 -57.8202 60.88
      vertex -4.38537 -43.6474 60.88
    endloop
  endfacet
  facet normal 0 0 1
    outer loop
      vertex -8.52504 -57.4712 60.88
      vertex -6.43695 -43.3944 60.88
      vertex -8.47365 -43.041 60.88
    endloop
  endfacet
  facet normal 0 0 1
    outer loop
      vertex -6.43695 -43.3944 60.88
      vertex -8.52504 -57.4712 60.88
      vertex -5.6948 -57.8202 60.88
    endloop
  endfacet
  facet normal 0 0 1
    outer loop
      vertex -11.3347 -56.9836 60.88
      vertex -8.47365 -43.041 60.88
      vertex -8.55846 -43.0263 60.88
    endloop
  endfacet
  facet normal 0 0 1
    outer loop
      vertex -11.3347 -56.9836 60.88
      vertex -8.55846 -43.0263 60.88
      vertex -8.64245 -43.0074 60.88
    endloop
  endfacet
  facet normal 0 0 1
    outer loop
      vertex -11.3347 -56.9836 60.88
      vertex -8.64245 -43.0074 60.88
      vertex -10.6594 -42.5545 60.88
    endloop
  endfacet
  facet normal 0 0 1
    outer loop
      vertex -8.47365 -43.041 60.88
      vertex -11.3347 -56.9836 60.88
      vertex -8.52504 -57.4712 60.88
    endloop
  endfacet
  facet normal 0 0 1
    outer loop
      vertex -14.1171 -56.3588 60.88
      vertex -10.6594 -42.5545 60.88
      vertex -12.6516 -42.0032 60.88
    endloop
  endfacet
  facet normal 0 0 1
    outer loop
      vertex -16.8655 -55.5982 60.88
      vertex -12.6516 -42.0032 60.88
      vertex -12.7346 -41.9802 60.88
    endloop
  endfacet
  facet normal 0 0 1
    outer loop
      vertex -16.8655 -55.5982 60.88
      vertex -12.7346 -41.9802 60.88
      vertex -12.8163 -41.9532 60.88
    endloop
  endfacet
  facet normal 0 0 1
    outer loop
      vertex -10.6594 -42.5545 60.88
      vertex -14.1171 -56.3588 60.88
      vertex -11.3347 -56.9836 60.88
    endloop
  endfacet
  facet normal 0 0 1
    outer loop
      vertex -16.8655 -55.5982 60.88
      vertex -12.8163 -41.9532 60.88
      vertex -14.7791 -41.3048 60.88
    endloop
  endfacet
  facet normal 0 0 1
    outer loop
      vertex -19.5733 -54.7037 60.88
      vertex -14.7791 -41.3048 60.88
      vertex -16.7077 -40.5609 60.88
    endloop
  endfacet
  facet normal 0 0 1
    outer loop
      vertex -22.2339 -53.6774 60.88
      vertex -16.7077 -40.5609 60.88
      vertex -16.788 -40.5299 60.88
    endloop
  endfacet
  facet normal 0 0 1
    outer loop
      vertex -12.6516 -42.0032 60.88
      vertex -16.8655 -55.5982 60.88
      vertex -14.1171 -56.3588 60.88
    endloop
  endfacet
  facet normal 0 0 1
    outer loop
      vertex -22.2339 -53.6774 60.88
      vertex -16.788 -40.5299 60.88
      vertex -16.8667 -40.495 60.88
    endloop
  endfacet
  facet normal 0 0 1
    outer loop
      vertex -22.2339 -53.6774 60.88
      vertex -16.8667 -40.495 60.88
      vertex -18.7565 -39.6573 60.88
    endloop
  endfacet
  facet normal 0 0 1
    outer loop
      vertex -14.7791 -41.3048 60.88
      vertex -19.5733 -54.7037 60.88
      vertex -16.8655 -55.5982 60.88
    endloop
  endfacet
  facet normal 0 0 1
    outer loop
      vertex -24.841 -52.5218 60.88
      vertex -18.7565 -39.6573 60.88
      vertex -20.6029 -38.7279 60.88
    endloop
  endfacet
  facet normal 0 0 1
    outer loop
      vertex -27.3881 -51.2396 60.88
      vertex -20.6029 -38.7279 60.88
      vertex -20.6798 -38.6892 60.88
    endloop
  endfacet
  facet normal 0 0 1
    outer loop
      vertex -16.7077 -40.5609 60.88
      vertex -22.2339 -53.6774 60.88
      vertex -19.5733 -54.7037 60.88
    endloop
  endfacet
  facet normal 0 0 1
    outer loop
      vertex -27.3881 -51.2396 60.88
      vertex -20.6798 -38.6892 60.88
      vertex -22.4784 -37.6703 60.88
    endloop
  endfacet
  facet normal 0 0 1
    outer loop
      vertex -29.8694 -49.834 60.88
      vertex -22.4784 -37.6703 60.88
      vertex -22.5533 -37.6279 60.88
    endloop
  endfacet
  facet normal 0 0 1
    outer loop
      vertex -29.8694 -49.834 60.88
      vertex -22.5533 -37.6279 60.88
      vertex -22.626 -37.5818 60.88
    endloop
  endfacet
  facet normal 0 0 1
    outer loop
      vertex -29.8694 -49.834 60.88
      vertex -22.626 -37.5818 60.88
      vertex -24.3724 -36.4759 60.88
    endloop
  endfacet
  facet normal 0 0 1
    outer loop
      vertex -18.7565 -39.6573 60.88
      vertex -24.841 -52.5218 60.88
      vertex -22.2339 -53.6774 60.88
    endloop
  endfacet
  facet normal 0 0 1
    outer loop
      vertex -32.2786 -48.3084 60.88
      vertex -24.3724 -36.4759 60.88
      vertex -26.0625 -35.2857 60.88
    endloop
  endfacet
  facet normal 0 0 1
    outer loop
      vertex -34.6101 -46.6664 60.88
      vertex -26.0625 -35.2857 60.88
      vertex -26.1329 -35.2361 60.88
    endloop
  endfacet
  facet normal 0 0 1
    outer loop
      vertex -20.6029 -38.7279 60.88
      vertex -27.3881 -51.2396 60.88
      vertex -24.841 -52.5218 60.88
    endloop
  endfacet
  facet normal 0 0 1
    outer loop
      vertex -34.6101 -46.6664 60.88
      vertex -26.1329 -35.2361 60.88
      vertex -27.7625 -33.9643 60.88
    endloop
  endfacet
  facet normal 0 0 1
    outer loop
      vertex -36.8582 -44.9119 60.88
      vertex -27.7625 -33.9643 60.88
      vertex -27.8303 -33.9114 60.88
    endloop
  endfacet
  facet normal 0 0 1
    outer loop
      vertex -36.8582 -44.9119 60.88
      vertex -27.8303 -33.9114 60.88
      vertex -27.8955 -33.8551 60.88
    endloop
  endfacet
  facet normal 0 0 1
    outer loop
      vertex -36.8582 -44.9119 60.88
      vertex -27.8955 -33.8551 60.88
      vertex -29.4608 -32.505 60.88
    endloop
  endfacet
  facet normal 0 0 1
    outer loop
      vertex -39.0176 -43.0493 60.88
      vertex -29.4608 -32.505 60.88
      vertex -29.5231 -32.4456 60.88
    endloop
  endfacet
  facet normal 0 0 1
    outer loop
      vertex -22.4784 -37.6703 60.88
      vertex -29.8694 -49.834 60.88
      vertex -27.3881 -51.2396 60.88
    endloop
  endfacet
  facet normal 0 0 1
    outer loop
      vertex -39.0176 -43.0493 60.88
      vertex -29.5231 -32.4456 60.88
      vertex -31.0202 -31.0202 60.88
    endloop
  endfacet
  facet normal 0 0 1
    outer loop
      vertex -24.3724 -36.4759 60.88
      vertex -32.2786 -48.3084 60.88
      vertex -29.8694 -49.834 60.88
    endloop
  endfacet
  facet normal 0 0 1
    outer loop
      vertex -41.0829 -41.0829 60.88
      vertex -31.0202 -31.0202 60.88
      vertex -32.4456 -29.5231 60.88
    endloop
  endfacet
  facet normal 0 0 1
    outer loop
      vertex -43.0493 -39.0176 60.88
      vertex -32.4456 -29.5231 60.88
      vertex -32.505 -29.4608 60.88
    endloop
  endfacet
  facet normal 0 0 1
    outer loop
      vertex -43.0493 -39.0176 60.88
      vertex -32.505 -29.4608 60.88
      vertex -33.8551 -27.8955 60.88
    endloop
  endfacet
  facet normal 0 0 1
    outer loop
      vertex -44.9119 -36.8582 60.88
      vertex -33.8551 -27.8955 60.88
      vertex -33.9114 -27.8303 60.88
    endloop
  endfacet
  facet normal 0 0 1
    outer loop
      vertex -44.9119 -36.8582 60.88
      vertex -33.9114 -27.8303 60.88
      vertex -33.9643 -27.7625 60.88
    endloop
  endfacet
  facet normal 0 0 1
    outer loop
      vertex -26.0625 -35.2857 60.88
      vertex -34.6101 -46.6664 60.88
      vertex -32.2786 -48.3084 60.88
    endloop
  endfacet
  facet normal 0 0 1
    outer loop
      vertex -44.9119 -36.8582 60.88
      vertex -33.9643 -27.7625 60.88
      vertex -35.2361 -26.1329 60.88
    endloop
  endfacet
  facet normal 0 0 1
    outer loop
      vertex -46.6664 -34.6101 60.88
      vertex -35.2361 -26.1329 60.88
      vertex -35.2857 -26.0625 60.88
    endloop
  endfacet
  facet normal 0 0 1
    outer loop
      vertex -46.6664 -34.6101 60.88
      vertex -35.2857 -26.0625 60.88
      vertex -36.4759 -24.3724 60.88
    endloop
  endfacet
  facet normal 0 0 1
    outer loop
      vertex -27.7625 -33.9643 60.88
      vertex -36.8582 -44.9119 60.88
      vertex -34.6101 -46.6664 60.88
    endloop
  endfacet
  facet normal 0 0 1
    outer loop
      vertex -48.3084 -32.2786 60.88
      vertex -36.4759 -24.3724 60.88
      vertex -37.5818 -22.626 60.88
    endloop
  endfacet
  facet normal 0 0 1
    outer loop
      vertex -49.834 -29.8694 60.88
      vertex -37.5818 -22.626 60.88
      vertex -37.6279 -22.5533 60.88
    endloop
  endfacet
  facet normal 0 0 1
    outer loop
      vertex -49.834 -29.8694 60.88
      vertex -37.6279 -22.5533 60.88
      vertex -37.6703 -22.4784 60.88
    endloop
  endfacet
  facet normal 0 0 1
    outer loop
      vertex -49.834 -29.8694 60.88
      vertex -37.6703 -22.4784 60.88
      vertex -38.6892 -20.6798 60.88
    endloop
  endfacet
  facet normal 0 0 1
    outer loop
      vertex -51.2396 -27.3881 60.88
      vertex -38.6892 -20.6798 60.88
      vertex -38.7279 -20.6029 60.88
    endloop
  endfacet
  facet normal 0 0 1
    outer loop
      vertex -29.4608 -32.505 60.88
      vertex -39.0176 -43.0493 60.88
      vertex -36.8582 -44.9119 60.88
    endloop
  endfacet
  facet normal 0 0 1
    outer loop
      vertex -51.2396 -27.3881 60.88
      vertex -38.7279 -20.6029 60.88
      vertex -39.6573 -18.7565 60.88
    endloop
  endfacet
  facet normal 0 0 1
    outer loop
      vertex -52.5218 -24.841 60.88
      vertex -39.6573 -18.7565 60.88
      vertex -40.495 -16.8667 60.88
    endloop
  endfacet
  facet normal 0 0 1
    outer loop
      vertex -53.6774 -22.2339 60.88
      vertex -40.495 -16.8667 60.88
      vertex -40.5299 -16.788 60.88
    endloop
  endfacet
  facet normal 0 0 1
    outer loop
      vertex -53.6774 -22.2339 60.88
      vertex -40.5299 -16.788 60.88
      vertex -40.5609 -16.7077 60.88
    endloop
  endfacet
  facet normal 0 0 1
    outer loop
      vertex -31.0202 -31.0202 60.88
      vertex -41.0829 -41.0829 60.88
      vertex -39.0176 -43.0493 60.88
    endloop
  endfacet
  facet normal 0 0 1
    outer loop
      vertex -53.6774 -22.2339 60.88
      vertex -40.5609 -16.7077 60.88
      vertex -41.3048 -14.7791 60.88
    endloop
  endfacet
  facet normal 0 0 1
    outer loop
      vertex -54.7037 -19.5733 60.88
      vertex -41.3048 -14.7791 60.88
      vertex -41.9532 -12.8163 60.88
    endloop
  endfacet
  facet normal 0 0 1
    outer loop
      vertex -55.5982 -16.8655 60.88
      vertex -41.9532 -12.8163 60.88
      vertex -41.9802 -12.7346 60.88
    endloop
  endfacet
  facet normal 0 0 1
    outer loop
      vertex -55.5982 -16.8655 60.88
      vertex -41.9802 -12.7346 60.88
      vertex -42.0032 -12.6516 60.88
    endloop
  endfacet
  facet normal 0 0 1
    outer loop
      vertex -55.5982 -16.8655 60.88
      vertex -42.0032 -12.6516 60.88
      vertex -42.5545 -10.6594 60.88
    endloop
  endfacet
  facet normal 0 0 1
    outer loop
      vertex -56.3588 -14.1171 60.88
      vertex -42.5545 -10.6594 60.88
      vertex -43.0074 -8.64245 60.88
    endloop
  endfacet
  facet normal 0 0 1
    outer loop
      vertex -56.9836 -11.3347 60.88
      vertex -43.0074 -8.64245 60.88
      vertex -43.0263 -8.55846 60.88
    endloop
  endfacet
  facet normal 0 0 1
    outer loop
      vertex -56.9836 -11.3347 60.88
      vertex -43.0263 -8.55846 60.88
      vertex -43.041 -8.47365 60.88
    endloop
  endfacet
  facet normal 0 0 1
    outer loop
      vertex -32.4456 -29.5231 60.88
      vertex -43.0493 -39.0176 60.88
      vertex -41.0829 -41.0829 60.88
    endloop
  endfacet
  facet normal 0 0 1
    outer loop
      vertex -56.9836 -11.3347 60.88
      vertex -43.041 -8.47365 60.88
      vertex -43.3944 -6.43695 60.88
    endloop
  endfacet
  facet normal 0 0 1
    outer loop
      vertex -57.4712 -8.52504 60.88
      vertex -43.3944 -6.43695 60.88
      vertex -43.6474 -4.38537 60.88
    endloop
  endfacet
  facet normal 0 0 1
    outer loop
      vertex -57.8202 -5.6948 60.88
      vertex -43.6474 -4.38537 60.88
      vertex -43.658 -4.29994 60.88
    endloop
  endfacet
  facet normal 0 0 1
    outer loop
      vertex -57.8202 -5.6948 60.88
      vertex -43.658 -4.29994 60.88
      vertex -43.6643 -4.21409 60.88
    endloop
  endfacet
  facet normal 0 0 1
    outer loop
      vertex -57.8202 -5.6948 60.88
      vertex -43.6643 -4.21409 60.88
      vertex -43.8164 -2.15256 60.88
    endloop
  endfacet
  facet normal 0 0 1
    outer loop
      vertex -58.03 -2.85083 60.88
      vertex -43.8164 -2.15256 60.88
      vertex -43.8671 -0.0860574 60.88
    endloop
  endfacet
  facet normal -0 0 1
    outer loop
      vertex -58.1 0 60.88
      vertex -43.8671 -0.0860574 60.88
      vertex -43.8692 0 60.88
    endloop
  endfacet
  facet normal -0 0 1
    outer loop
      vertex -56.9836 11.3347 60.88
      vertex -43.0074 8.64245 60.88
      vertex -56.3588 14.1171 60.88
    endloop
  endfacet
  facet normal 0 0 1
    outer loop
      vertex -33.8551 -27.8955 60.88
      vertex -44.9119 -36.8582 60.88
      vertex -43.0493 -39.0176 60.88
    endloop
  endfacet
  facet normal 0 0 1
    outer loop
      vertex -43.0074 8.64245 60.88
      vertex -56.9836 11.3347 60.88
      vertex -43.0263 8.55846 60.88
    endloop
  endfacet
  facet normal 0 0 1
    outer loop
      vertex -35.2361 -26.1329 60.88
      vertex -46.6664 -34.6101 60.88
      vertex -44.9119 -36.8582 60.88
    endloop
  endfacet
  facet normal 0 0 1
    outer loop
      vertex -43.0263 8.55846 60.88
      vertex -56.9836 11.3347 60.88
      vertex -43.041 8.47365 60.88
    endloop
  endfacet
  facet normal 0 0 1
    outer loop
      vertex -36.4759 -24.3724 60.88
      vertex -48.3084 -32.2786 60.88
      vertex -46.6664 -34.6101 60.88
    endloop
  endfacet
  facet normal 0 0 1
    outer loop
      vertex -43.041 8.47365 60.88
      vertex -56.9836 11.3347 60.88
      vertex -43.3944 6.43695 60.88
    endloop
  endfacet
  facet normal 0 0 1
    outer loop
      vertex -37.5818 -22.626 60.88
      vertex -49.834 -29.8694 60.88
      vertex -48.3084 -32.2786 60.88
    endloop
  endfacet
  facet normal -0 0 1
    outer loop
      vertex -57.4712 8.52504 60.88
      vertex -43.3944 6.43695 60.88
      vertex -56.9836 11.3347 60.88
    endloop
  endfacet
  facet normal 0 0 1
    outer loop
      vertex -38.6892 -20.6798 60.88
      vertex -51.2396 -27.3881 60.88
      vertex -49.834 -29.8694 60.88
    endloop
  endfacet
  facet normal 0 0 1
    outer loop
      vertex -43.3944 6.43695 60.88
      vertex -57.4712 8.52504 60.88
      vertex -43.6474 4.38537 60.88
    endloop
  endfacet
  facet normal 0 0 1
    outer loop
      vertex -39.6573 -18.7565 60.88
      vertex -52.5218 -24.841 60.88
      vertex -51.2396 -27.3881 60.88
    endloop
  endfacet
  facet normal -0 0 1
    outer loop
      vertex -57.8202 5.6948 60.88
      vertex -43.6474 4.38537 60.88
      vertex -57.4712 8.52504 60.88
    endloop
  endfacet
  facet normal 0 0 1
    outer loop
      vertex -40.495 -16.8667 60.88
      vertex -53.6774 -22.2339 60.88
      vertex -52.5218 -24.841 60.88
    endloop
  endfacet
  facet normal 0 0 1
    outer loop
      vertex -43.6474 4.38537 60.88
      vertex -57.8202 5.6948 60.88
      vertex -43.658 4.29994 60.88
    endloop
  endfacet
  facet normal 0 0 1
    outer loop
      vertex -41.3048 -14.7791 60.88
      vertex -54.7037 -19.5733 60.88
      vertex -53.6774 -22.2339 60.88
    endloop
  endfacet
  facet normal 0 0 1
    outer loop
      vertex -43.658 4.29994 60.88
      vertex -57.8202 5.6948 60.88
      vertex -43.6643 4.21409 60.88
    endloop
  endfacet
  facet normal 0 0 1
    outer loop
      vertex -41.9532 -12.8163 60.88
      vertex -55.5982 -16.8655 60.88
      vertex -54.7037 -19.5733 60.88
    endloop
  endfacet
  facet normal 0 0 1
    outer loop
      vertex -43.6643 4.21409 60.88
      vertex -57.8202 5.6948 60.88
      vertex -43.8164 2.15256 60.88
    endloop
  endfacet
  facet normal 0 0 1
    outer loop
      vertex -42.5545 -10.6594 60.88
      vertex -56.3588 -14.1171 60.88
      vertex -55.5982 -16.8655 60.88
    endloop
  endfacet
  facet normal -0 0 1
    outer loop
      vertex -58.03 2.85083 60.88
      vertex -43.8164 2.15256 60.88
      vertex -57.8202 5.6948 60.88
    endloop
  endfacet
  facet normal 0 0 1
    outer loop
      vertex -43.0074 -8.64245 60.88
      vertex -56.9836 -11.3347 60.88
      vertex -56.3588 -14.1171 60.88
    endloop
  endfacet
  facet normal 0 0 1
    outer loop
      vertex -43.8164 2.15256 60.88
      vertex -58.03 2.85083 60.88
      vertex -43.8671 0.0860574 60.88
    endloop
  endfacet
  facet normal 0 0 1
    outer loop
      vertex -43.3944 -6.43695 60.88
      vertex -57.4712 -8.52504 60.88
      vertex -56.9836 -11.3347 60.88
    endloop
  endfacet
  facet normal 0 0 1
    outer loop
      vertex -58.1 0 60.88
      vertex -43.8671 0.0860574 60.88
      vertex -58.03 2.85083 60.88
    endloop
  endfacet
  facet normal 0 0 1
    outer loop
      vertex -43.6474 -4.38537 60.88
      vertex -57.8202 -5.6948 60.88
      vertex -57.4712 -8.52504 60.88
    endloop
  endfacet
  facet normal 0 0 1
    outer loop
      vertex -43.8671 0.0860574 60.88
      vertex -58.1 0 60.88
      vertex -43.8692 0 60.88
    endloop
  endfacet
  facet normal 0 0 1
    outer loop
      vertex -43.8164 -2.15256 60.88
      vertex -58.03 -2.85083 60.88
      vertex -57.8202 -5.6948 60.88
    endloop
  endfacet
  facet normal 0 0 1
    outer loop
      vertex -43.8671 -0.0860574 60.88
      vertex -58.1 0 60.88
      vertex -58.03 -2.85083 60.88
    endloop
  endfacet
  facet normal 0.932994 0.359893 0
    outer loop
      vertex -53.6774 -22.2339 69
      vertex -54.7037 -19.5733 60.88
      vertex -54.7037 -19.5733 69
    endloop
  endfacet
  facet normal 0.932994 0.359893 0
    outer loop
      vertex -54.7037 -19.5733 60.88
      vertex -53.6774 -22.2339 69
      vertex -53.6774 -22.2339 60.88
    endloop
  endfacet
  facet normal 0.31367 0.949532 -0
    outer loop
      vertex -16.8655 -55.5982 60.88
      vertex -19.5733 -54.7037 69
      vertex -16.8655 -55.5982 69
    endloop
  endfacet
  facet normal 0.31367 0.949532 0
    outer loop
      vertex -19.5733 -54.7037 69
      vertex -16.8655 -55.5982 60.88
      vertex -19.5733 -54.7037 60.88
    endloop
  endfacet
  facet normal 0.65315 0.757228 -0
    outer loop
      vertex -36.8582 -44.9119 60.88
      vertex -39.0176 -43.0493 69
      vertex -36.8582 -44.9119 69
    endloop
  endfacet
  facet normal 0.65315 0.757228 0
    outer loop
      vertex -39.0176 -43.0493 69
      vertex -36.8582 -44.9119 60.88
      vertex -39.0176 -43.0493 60.88
    endloop
  endfacet
  facet normal -0.992483 -0.122384 0
    outer loop
      vertex 57.8202 5.6948 60.88
      vertex 57.4712 8.52504 69
      vertex 57.4712 8.52504 60.88
    endloop
  endfacet
  facet normal -0.992483 -0.122384 0
    outer loop
      vertex 57.4712 8.52504 69
      vertex 57.8202 5.6948 60.88
      vertex 57.8202 5.6948 69
    endloop
  endfacet
  facet normal -0.870093 -0.492888 0
    outer loop
      vertex 51.2396 27.3881 60.88
      vertex 49.834 29.8694 69
      vertex 49.834 29.8694 60.88
    endloop
  endfacet
  facet normal -0.870093 -0.492888 0
    outer loop
      vertex 49.834 29.8694 69
      vertex 51.2396 27.3881 60.88
      vertex 51.2396 27.3881 69
    endloop
  endfacet
  facet normal -0.914216 -0.405227 0
    outer loop
      vertex 53.6774 22.2339 60.88
      vertex 52.5218 24.841 69
      vertex 52.5218 24.841 60.88
    endloop
  endfacet
  facet normal -0.914216 -0.405227 0
    outer loop
      vertex 52.5218 24.841 69
      vertex 53.6774 22.2339 60.88
      vertex 53.6774 22.2339 69
    endloop
  endfacet
  facet normal -0.449639 -0.893211 0
    outer loop
      vertex 24.841 52.5218 60.88
      vertex 27.3881 51.2396 69
      vertex 24.841 52.5218 69
    endloop
  endfacet
  facet normal -0.449639 -0.893211 -0
    outer loop
      vertex 27.3881 51.2396 69
      vertex 24.841 52.5218 60.88
      vertex 27.3881 51.2396 60.88
    endloop
  endfacet
  facet normal -0.757228 -0.65315 0
    outer loop
      vertex 44.9119 36.8582 60.88
      vertex 43.0493 39.0176 69
      vertex 43.0493 39.0176 60.88
    endloop
  endfacet
  facet normal -0.757228 -0.65315 0
    outer loop
      vertex 43.0493 39.0176 69
      vertex 44.9119 36.8582 60.88
      vertex 44.9119 36.8582 69
    endloop
  endfacet
  facet normal -0.788335 -0.615246 0
    outer loop
      vertex 46.6664 34.6101 60.88
      vertex 44.9119 36.8582 69
      vertex 44.9119 36.8582 60.88
    endloop
  endfacet
  facet normal -0.788335 -0.615246 0
    outer loop
      vertex 44.9119 36.8582 69
      vertex 46.6664 34.6101 60.88
      vertex 46.6664 34.6101 69
    endloop
  endfacet
  facet normal 0.534995 -0.844855 0
    outer loop
      vertex -32.2786 48.3084 60.88
      vertex -29.8694 49.834 69
      vertex -32.2786 48.3084 69
    endloop
  endfacet
  facet normal 0.534995 -0.844855 0
    outer loop
      vertex -29.8694 49.834 69
      vertex -32.2786 48.3084 60.88
      vertex -29.8694 49.834 60.88
    endloop
  endfacet
  facet normal 0.999699 -0.0245469 0
    outer loop
      vertex -58.1 0 69
      vertex -58.03 2.85083 60.88
      vertex -58.03 2.85083 69
    endloop
  endfacet
  facet normal 0.999699 -0.0245469 0
    outer loop
      vertex -58.03 2.85083 60.88
      vertex -58.1 0 69
      vertex -58.1 0 60.88
    endloop
  endfacet
  facet normal 0.992483 -0.122384 0
    outer loop
      vertex -57.8202 5.6948 69
      vertex -57.4712 8.52504 60.88
      vertex -57.4712 8.52504 69
    endloop
  endfacet
  facet normal 0.992483 -0.122384 0
    outer loop
      vertex -57.4712 8.52504 60.88
      vertex -57.8202 5.6948 69
      vertex -57.8202 5.6948 60.88
    endloop
  endfacet
  facet normal 0.949532 -0.31367 0
    outer loop
      vertex -55.5982 16.8655 69
      vertex -54.7037 19.5733 60.88
      vertex -54.7037 19.5733 69
    endloop
  endfacet
  facet normal 0.949532 -0.31367 0
    outer loop
      vertex -54.7037 19.5733 60.88
      vertex -55.5982 16.8655 69
      vertex -55.5982 16.8655 60.88
    endloop
  endfacet
  facet normal 0.932994 -0.359893 0
    outer loop
      vertex -54.7037 19.5733 69
      vertex -53.6774 22.2339 60.88
      vertex -53.6774 22.2339 69
    endloop
  endfacet
  facet normal 0.932994 -0.359893 0
    outer loop
      vertex -53.6774 22.2339 60.88
      vertex -54.7037 19.5733 69
      vertex -54.7037 19.5733 60.88
    endloop
  endfacet
  facet normal 0.757228 -0.65315 0
    outer loop
      vertex -44.9119 36.8582 69
      vertex -43.0493 39.0176 60.88
      vertex -43.0493 39.0176 69
    endloop
  endfacet
  facet normal 0.757228 -0.65315 0
    outer loop
      vertex -43.0493 39.0176 60.88
      vertex -44.9119 36.8582 69
      vertex -44.9119 36.8582 60.88
    endloop
  endfacet
  facet normal 0.870093 -0.492888 0
    outer loop
      vertex -51.2396 27.3881 69
      vertex -49.834 29.8694 60.88
      vertex -49.834 29.8694 69
    endloop
  endfacet
  facet normal 0.870093 -0.492888 0
    outer loop
      vertex -49.834 29.8694 60.88
      vertex -51.2396 27.3881 69
      vertex -51.2396 27.3881 60.88
    endloop
  endfacet
  facet normal 0.914216 -0.405227 0
    outer loop
      vertex -53.6774 22.2339 69
      vertex -52.5218 24.841 60.88
      vertex -52.5218 24.841 69
    endloop
  endfacet
  facet normal 0.914216 -0.405227 0
    outer loop
      vertex -52.5218 24.841 60.88
      vertex -53.6774 22.2339 69
      vertex -53.6774 22.2339 60.88
    endloop
  endfacet
  facet normal -0.170988 -0.985273 0
    outer loop
      vertex 8.52504 57.4712 60.88
      vertex 11.3347 56.9836 69
      vertex 8.52504 57.4712 69
    endloop
  endfacet
  facet normal -0.170988 -0.985273 -0
    outer loop
      vertex 11.3347 56.9836 69
      vertex 8.52504 57.4712 60.88
      vertex 11.3347 56.9836 60.88
    endloop
  endfacet
  facet normal -0.219098 -0.975703 0
    outer loop
      vertex 11.3347 56.9836 60.88
      vertex 14.1171 56.3588 69
      vertex 11.3347 56.9836 69
    endloop
  endfacet
  facet normal -0.219098 -0.975703 -0
    outer loop
      vertex 14.1171 56.3588 69
      vertex 11.3347 56.9836 60.88
      vertex 14.1171 56.3588 60.88
    endloop
  endfacet
  facet normal -0.266718 -0.963775 0
    outer loop
      vertex 14.1171 56.3588 60.88
      vertex 16.8655 55.5982 69
      vertex 14.1171 56.3588 69
    endloop
  endfacet
  facet normal -0.266718 -0.963775 -0
    outer loop
      vertex 16.8655 55.5982 69
      vertex 14.1171 56.3588 60.88
      vertex 16.8655 55.5982 60.88
    endloop
  endfacet
  facet normal -0.405227 -0.914216 0
    outer loop
      vertex 22.2339 53.6774 60.88
      vertex 24.841 52.5218 69
      vertex 22.2339 53.6774 69
    endloop
  endfacet
  facet normal -0.405227 -0.914216 -0
    outer loop
      vertex 24.841 52.5218 69
      vertex 22.2339 53.6774 60.88
      vertex 24.841 52.5218 60.88
    endloop
  endfacet
  facet normal -0.31367 -0.949532 0
    outer loop
      vertex 16.8655 55.5982 60.88
      vertex 19.5733 54.7037 69
      vertex 16.8655 55.5982 69
    endloop
  endfacet
  facet normal -0.31367 -0.949532 -0
    outer loop
      vertex 19.5733 54.7037 69
      vertex 16.8655 55.5982 60.88
      vertex 19.5733 54.7037 60.88
    endloop
  endfacet
  facet normal -0.963775 -0.266718 0
    outer loop
      vertex 56.3588 14.1171 60.88
      vertex 55.5982 16.8655 69
      vertex 55.5982 16.8655 60.88
    endloop
  endfacet
  facet normal -0.963775 -0.266718 0
    outer loop
      vertex 55.5982 16.8655 69
      vertex 56.3588 14.1171 60.88
      vertex 56.3588 14.1171 69
    endloop
  endfacet
  facet normal -0.985273 -0.170988 0
    outer loop
      vertex 57.4712 8.52504 60.88
      vertex 56.9836 11.3347 69
      vertex 56.9836 11.3347 60.88
    endloop
  endfacet
  facet normal -0.985273 -0.170988 0
    outer loop
      vertex 56.9836 11.3347 69
      vertex 57.4712 8.52504 60.88
      vertex 57.4712 8.52504 69
    endloop
  endfacet
  facet normal -0.893211 -0.449639 0
    outer loop
      vertex 52.5218 24.841 60.88
      vertex 51.2396 27.3881 69
      vertex 51.2396 27.3881 60.88
    endloop
  endfacet
  facet normal -0.893211 -0.449639 0
    outer loop
      vertex 51.2396 27.3881 69
      vertex 52.5218 24.841 60.88
      vertex 52.5218 24.841 69
    endloop
  endfacet
  facet normal -0.615246 -0.788335 0
    outer loop
      vertex 34.6101 46.6664 60.88
      vertex 36.8582 44.9119 69
      vertex 34.6101 46.6664 69
    endloop
  endfacet
  facet normal -0.615246 -0.788335 -0
    outer loop
      vertex 36.8582 44.9119 69
      vertex 34.6101 46.6664 60.88
      vertex 36.8582 44.9119 60.88
    endloop
  endfacet
  facet normal -0.575802 -0.817589 0
    outer loop
      vertex 32.2786 48.3084 60.88
      vertex 34.6101 46.6664 69
      vertex 32.2786 48.3084 69
    endloop
  endfacet
  facet normal -0.575802 -0.817589 -0
    outer loop
      vertex 34.6101 46.6664 69
      vertex 32.2786 48.3084 60.88
      vertex 34.6101 46.6664 60.88
    endloop
  endfacet
  facet normal -0.844855 -0.534995 0
    outer loop
      vertex 49.834 29.8694 60.88
      vertex 48.3084 32.2786 69
      vertex 48.3084 32.2786 60.88
    endloop
  endfacet
  facet normal -0.844855 -0.534995 0
    outer loop
      vertex 48.3084 32.2786 69
      vertex 49.834 29.8694 60.88
      vertex 49.834 29.8694 69
    endloop
  endfacet
  facet normal 0.689554 -0.724235 0
    outer loop
      vertex -41.0829 41.0829 60.88
      vertex -39.0176 43.0493 69
      vertex -41.0829 41.0829 69
    endloop
  endfacet
  facet normal 0.689554 -0.724235 0
    outer loop
      vertex -39.0176 43.0493 69
      vertex -41.0829 41.0829 60.88
      vertex -39.0176 43.0493 60.88
    endloop
  endfacet
  facet normal -0.0245469 -0.999699 0
    outer loop
      vertex 0 58.1 60.88
      vertex 2.85083 58.03 69
      vertex 0 58.1 69
    endloop
  endfacet
  facet normal -0.0245469 -0.999699 -0
    outer loop
      vertex 2.85083 58.03 69
      vertex 0 58.1 60.88
      vertex 2.85083 58.03 60.88
    endloop
  endfacet
  facet normal 0.359893 -0.932994 0
    outer loop
      vertex -22.2339 53.6774 60.88
      vertex -19.5733 54.7037 69
      vertex -22.2339 53.6774 69
    endloop
  endfacet
  facet normal 0.359893 -0.932994 0
    outer loop
      vertex -19.5733 54.7037 69
      vertex -22.2339 53.6774 60.88
      vertex -19.5733 54.7037 60.88
    endloop
  endfacet
  facet normal 0.31367 -0.949532 0
    outer loop
      vertex -19.5733 54.7037 60.88
      vertex -16.8655 55.5982 69
      vertex -19.5733 54.7037 69
    endloop
  endfacet
  facet normal 0.31367 -0.949532 0
    outer loop
      vertex -16.8655 55.5982 69
      vertex -19.5733 54.7037 60.88
      vertex -16.8655 55.5982 60.88
    endloop
  endfacet
  facet normal 0.122384 -0.992483 0
    outer loop
      vertex -8.52504 57.4712 60.88
      vertex -5.6948 57.8202 69
      vertex -8.52504 57.4712 69
    endloop
  endfacet
  facet normal 0.122384 -0.992483 0
    outer loop
      vertex -5.6948 57.8202 69
      vertex -8.52504 57.4712 60.88
      vertex -5.6948 57.8202 60.88
    endloop
  endfacet
  facet normal 0.615246 -0.788335 0
    outer loop
      vertex -36.8582 44.9119 60.88
      vertex -34.6101 46.6664 69
      vertex -36.8582 44.9119 69
    endloop
  endfacet
  facet normal 0.615246 -0.788335 0
    outer loop
      vertex -34.6101 46.6664 69
      vertex -36.8582 44.9119 60.88
      vertex -34.6101 46.6664 60.88
    endloop
  endfacet
  facet normal 0.449639 -0.893211 0
    outer loop
      vertex -27.3881 51.2396 60.88
      vertex -24.841 52.5218 69
      vertex -27.3881 51.2396 69
    endloop
  endfacet
  facet normal 0.449639 -0.893211 0
    outer loop
      vertex -24.841 52.5218 69
      vertex -27.3881 51.2396 60.88
      vertex -24.841 52.5218 60.88
    endloop
  endfacet
  facet normal 0.405227 -0.914216 0
    outer loop
      vertex -24.841 52.5218 60.88
      vertex -22.2339 53.6774 69
      vertex -24.841 52.5218 69
    endloop
  endfacet
  facet normal 0.405227 -0.914216 0
    outer loop
      vertex -22.2339 53.6774 69
      vertex -24.841 52.5218 60.88
      vertex -22.2339 53.6774 60.88
    endloop
  endfacet
  facet normal 0.99729 -0.0735702 0
    outer loop
      vertex -58.03 2.85083 69
      vertex -57.8202 5.6948 60.88
      vertex -57.8202 5.6948 69
    endloop
  endfacet
  facet normal 0.99729 -0.0735702 0
    outer loop
      vertex -57.8202 5.6948 60.88
      vertex -58.03 2.85083 69
      vertex -58.03 2.85083 60.88
    endloop
  endfacet
  facet normal 0.985273 -0.170988 0
    outer loop
      vertex -57.4712 8.52504 69
      vertex -56.9836 11.3347 60.88
      vertex -56.9836 11.3347 69
    endloop
  endfacet
  facet normal 0.985273 -0.170988 0
    outer loop
      vertex -56.9836 11.3347 60.88
      vertex -57.4712 8.52504 69
      vertex -57.4712 8.52504 60.88
    endloop
  endfacet
  facet normal 0.963775 -0.266718 0
    outer loop
      vertex -56.3588 14.1171 69
      vertex -55.5982 16.8655 60.88
      vertex -55.5982 16.8655 69
    endloop
  endfacet
  facet normal 0.963775 -0.266718 0
    outer loop
      vertex -55.5982 16.8655 60.88
      vertex -56.3588 14.1171 69
      vertex -56.3588 14.1171 60.88
    endloop
  endfacet
  facet normal 0.788335 -0.615246 0
    outer loop
      vertex -46.6664 34.6101 69
      vertex -44.9119 36.8582 60.88
      vertex -44.9119 36.8582 69
    endloop
  endfacet
  facet normal 0.788335 -0.615246 0
    outer loop
      vertex -44.9119 36.8582 60.88
      vertex -46.6664 34.6101 69
      vertex -46.6664 34.6101 60.88
    endloop
  endfacet
  facet normal 0.724235 -0.689554 0
    outer loop
      vertex -43.0493 39.0176 69
      vertex -41.0829 41.0829 60.88
      vertex -41.0829 41.0829 69
    endloop
  endfacet
  facet normal 0.724235 -0.689554 0
    outer loop
      vertex -41.0829 41.0829 60.88
      vertex -43.0493 39.0176 69
      vertex -43.0493 39.0176 60.88
    endloop
  endfacet
  facet normal 0.844855 -0.534995 0
    outer loop
      vertex -49.834 29.8694 69
      vertex -48.3084 32.2786 60.88
      vertex -48.3084 32.2786 69
    endloop
  endfacet
  facet normal 0.844855 -0.534995 0
    outer loop
      vertex -48.3084 32.2786 60.88
      vertex -49.834 29.8694 69
      vertex -49.834 29.8694 60.88
    endloop
  endfacet
  facet normal 0.893211 -0.449639 0
    outer loop
      vertex -52.5218 24.841 69
      vertex -51.2396 27.3881 60.88
      vertex -51.2396 27.3881 69
    endloop
  endfacet
  facet normal 0.893211 -0.449639 0
    outer loop
      vertex -51.2396 27.3881 60.88
      vertex -52.5218 24.841 69
      vertex -52.5218 24.841 60.88
    endloop
  endfacet
  facet normal -0.359893 -0.932994 0
    outer loop
      vertex 19.5733 54.7037 60.88
      vertex 22.2339 53.6774 69
      vertex 19.5733 54.7037 69
    endloop
  endfacet
  facet normal -0.359893 -0.932994 -0
    outer loop
      vertex 22.2339 53.6774 69
      vertex 19.5733 54.7037 60.88
      vertex 22.2339 53.6774 60.88
    endloop
  endfacet
  facet normal -0.949532 -0.31367 0
    outer loop
      vertex 55.5982 16.8655 60.88
      vertex 54.7037 19.5733 69
      vertex 54.7037 19.5733 60.88
    endloop
  endfacet
  facet normal -0.949532 -0.31367 0
    outer loop
      vertex 54.7037 19.5733 69
      vertex 55.5982 16.8655 60.88
      vertex 55.5982 16.8655 69
    endloop
  endfacet
  facet normal -0.492888 -0.870093 0
    outer loop
      vertex 27.3881 51.2396 60.88
      vertex 29.8694 49.834 69
      vertex 27.3881 51.2396 69
    endloop
  endfacet
  facet normal -0.492888 -0.870093 -0
    outer loop
      vertex 29.8694 49.834 69
      vertex 27.3881 51.2396 60.88
      vertex 29.8694 49.834 60.88
    endloop
  endfacet
  facet normal -0.534995 -0.844855 0
    outer loop
      vertex 29.8694 49.834 60.88
      vertex 32.2786 48.3084 69
      vertex 29.8694 49.834 69
    endloop
  endfacet
  facet normal -0.534995 -0.844855 -0
    outer loop
      vertex 32.2786 48.3084 69
      vertex 29.8694 49.834 60.88
      vertex 32.2786 48.3084 60.88
    endloop
  endfacet
  facet normal -0.65315 -0.757228 0
    outer loop
      vertex 36.8582 44.9119 60.88
      vertex 39.0176 43.0493 69
      vertex 36.8582 44.9119 69
    endloop
  endfacet
  facet normal -0.65315 -0.757228 -0
    outer loop
      vertex 39.0176 43.0493 69
      vertex 36.8582 44.9119 60.88
      vertex 39.0176 43.0493 60.88
    endloop
  endfacet
  facet normal -0.724235 -0.689554 0
    outer loop
      vertex 43.0493 39.0176 60.88
      vertex 41.0829 41.0829 69
      vertex 41.0829 41.0829 60.88
    endloop
  endfacet
  facet normal -0.724235 -0.689554 0
    outer loop
      vertex 41.0829 41.0829 69
      vertex 43.0493 39.0176 60.88
      vertex 43.0493 39.0176 69
    endloop
  endfacet
  facet normal -0.817589 -0.575802 0
    outer loop
      vertex 48.3084 32.2786 60.88
      vertex 46.6664 34.6101 69
      vertex 46.6664 34.6101 60.88
    endloop
  endfacet
  facet normal -0.817589 -0.575802 0
    outer loop
      vertex 46.6664 34.6101 69
      vertex 48.3084 32.2786 60.88
      vertex 48.3084 32.2786 69
    endloop
  endfacet
  facet normal 0.170988 -0.985273 0
    outer loop
      vertex -11.3347 56.9836 60.88
      vertex -8.52504 57.4712 69
      vertex -11.3347 56.9836 69
    endloop
  endfacet
  facet normal 0.170988 -0.985273 0
    outer loop
      vertex -8.52504 57.4712 69
      vertex -11.3347 56.9836 60.88
      vertex -8.52504 57.4712 60.88
    endloop
  endfacet
  facet normal 0.266718 -0.963775 0
    outer loop
      vertex -16.8655 55.5982 60.88
      vertex -14.1171 56.3588 69
      vertex -16.8655 55.5982 69
    endloop
  endfacet
  facet normal 0.266718 -0.963775 0
    outer loop
      vertex -14.1171 56.3588 69
      vertex -16.8655 55.5982 60.88
      vertex -14.1171 56.3588 60.88
    endloop
  endfacet
  facet normal 0.0735702 -0.99729 0
    outer loop
      vertex -5.6948 57.8202 60.88
      vertex -2.85083 58.03 69
      vertex -5.6948 57.8202 69
    endloop
  endfacet
  facet normal 0.0735702 -0.99729 0
    outer loop
      vertex -2.85083 58.03 69
      vertex -5.6948 57.8202 60.88
      vertex -2.85083 58.03 60.88
    endloop
  endfacet
  facet normal 0.575802 -0.817589 0
    outer loop
      vertex -34.6101 46.6664 60.88
      vertex -32.2786 48.3084 69
      vertex -34.6101 46.6664 69
    endloop
  endfacet
  facet normal 0.575802 -0.817589 0
    outer loop
      vertex -32.2786 48.3084 69
      vertex -34.6101 46.6664 60.88
      vertex -32.2786 48.3084 60.88
    endloop
  endfacet
  facet normal 0.65315 -0.757228 0
    outer loop
      vertex -39.0176 43.0493 60.88
      vertex -36.8582 44.9119 69
      vertex -39.0176 43.0493 69
    endloop
  endfacet
  facet normal 0.65315 -0.757228 0
    outer loop
      vertex -36.8582 44.9119 69
      vertex -39.0176 43.0493 60.88
      vertex -36.8582 44.9119 60.88
    endloop
  endfacet
  facet normal 0.492888 -0.870093 0
    outer loop
      vertex -29.8694 49.834 60.88
      vertex -27.3881 51.2396 69
      vertex -29.8694 49.834 69
    endloop
  endfacet
  facet normal 0.492888 -0.870093 0
    outer loop
      vertex -27.3881 51.2396 69
      vertex -29.8694 49.834 60.88
      vertex -27.3881 51.2396 60.88
    endloop
  endfacet
  facet normal 0.219098 -0.975703 0
    outer loop
      vertex -14.1171 56.3588 60.88
      vertex -11.3347 56.9836 69
      vertex -14.1171 56.3588 69
    endloop
  endfacet
  facet normal 0.219098 -0.975703 0
    outer loop
      vertex -11.3347 56.9836 69
      vertex -14.1171 56.3588 60.88
      vertex -11.3347 56.9836 60.88
    endloop
  endfacet
  facet normal -0.896368 -0.346045 -0.277086
    outer loop
      vertex 42.1289 17.4504 54.88
      vertex 40.5609 16.7077 60.88
      vertex 40.5299 16.788 60.88
    endloop
  endfacet
  facet normal -0.896464 -0.345801 -0.27708
    outer loop
      vertex 40.5609 16.7077 60.88
      vertex 42.1289 17.4504 54.88
      vertex 42.9344 15.3622 54.88
    endloop
  endfacet
  facet normal -0.960558 0.0234398 -0.277089
    outer loop
      vertex 45.6 0 54.88
      vertex 43.8671 -0.0860574 60.88
      vertex 43.8692 0 60.88
    endloop
  endfacet
  facet normal -0.960556 0.0235686 -0.277087
    outer loop
      vertex 43.8671 -0.0860574 60.88
      vertex 45.6 0 54.88
      vertex 45.5451 -2.23749 54.88
    endloop
  endfacet
  facet normal -0.960556 0.0235665 -0.277086
    outer loop
      vertex 43.8671 -0.0860574 60.88
      vertex 45.5451 -2.23749 54.88
      vertex 43.8164 -2.15256 60.88
    endloop
  endfacet
  facet normal -0.960556 -0.0235665 -0.277086
    outer loop
      vertex 45.5451 2.23749 54.88
      vertex 43.8671 0.0860574 60.88
      vertex 43.8164 2.15256 60.88
    endloop
  endfacet
  facet normal 0.958241 -0.0706991 -0.277086
    outer loop
      vertex -43.6643 4.21409 60.88
      vertex -43.8164 2.15256 60.88
      vertex -45.5451 2.23749 54.88
    endloop
  endfacet
  facet normal 0.070706 0.958241 -0.277084
    outer loop
      vertex -4.46958 -45.3804 54.88
      vertex -4.21409 -43.6643 60.88
      vertex -2.23749 -45.5451 54.88
    endloop
  endfacet
  facet normal 0.0703216 0.958271 -0.277076
    outer loop
      vertex -4.21409 -43.6643 60.88
      vertex -4.46958 -45.3804 54.88
      vertex -4.29994 -43.658 60.88
    endloop
  endfacet
  facet normal -0.0235665 -0.960556 -0.277086
    outer loop
      vertex 2.23749 45.5451 54.88
      vertex 2.15256 43.8164 60.88
      vertex 0.0860574 43.8671 60.88
    endloop
  endfacet
  facet normal -0.695877 -0.66255 -0.277096
    outer loop
      vertex 32.2441 32.2441 54.88
      vertex 32.4456 29.5231 60.88
      vertex 31.0202 31.0202 60.88
    endloop
  endfacet
  facet normal 0.627586 -0.727569 -0.277091
    outer loop
      vertex -28.9283 35.2493 54.88
      vertex -27.8955 33.8551 60.88
      vertex -30.6231 33.7874 54.88
    endloop
  endfacet
  facet normal 0.62797 -0.727241 -0.277081
    outer loop
      vertex -27.8955 33.8551 60.88
      vertex -28.9283 35.2493 54.88
      vertex -27.8303 33.9114 60.88
    endloop
  endfacet
  facet normal -0.958271 -0.0703216 -0.277076
    outer loop
      vertex 45.3804 4.46958 54.88
      vertex 43.6643 4.21409 60.88
      vertex 43.658 4.29994 60.88
    endloop
  endfacet
  facet normal -0.958241 -0.070706 -0.277084
    outer loop
      vertex 43.6643 4.21409 60.88
      vertex 45.3804 4.46958 54.88
      vertex 45.5451 2.23749 54.88
    endloop
  endfacet
  facet normal -0.925949 -0.256588 -0.277093
    outer loop
      vertex 43.6365 13.237 54.88
      vertex 42.0032 12.6516 60.88
      vertex 41.9802 12.7346 60.88
    endloop
  endfacet
  facet normal -0.926045 -0.25625 -0.277086
    outer loop
      vertex 42.0032 12.6516 60.88
      vertex 43.6365 13.237 54.88
      vertex 44.2334 11.0799 54.88
    endloop
  endfacet
  facet normal -0.591156 -0.757468 -0.277086
    outer loop
      vertex 27.1639 36.6263 54.88
      vertex 27.7625 33.9643 60.88
      vertex 26.1329 35.2361 60.88
    endloop
  endfacet
  facet normal -0.070706 -0.958241 -0.277084
    outer loop
      vertex 4.46958 45.3804 54.88
      vertex 4.21409 43.6643 60.88
      vertex 2.23749 45.5451 54.88
    endloop
  endfacet
  facet normal -0.0703216 -0.958271 -0.277076
    outer loop
      vertex 4.21409 43.6643 60.88
      vertex 4.46958 45.3804 54.88
      vertex 4.29994 43.658 60.88
    endloop
  endfacet
  facet normal 0.695415 0.663044 -0.277076
    outer loop
      vertex -32.4456 -29.5231 60.88
      vertex -33.7874 -30.6231 54.88
      vertex -32.505 -29.4608 60.88
    endloop
  endfacet
  facet normal 0.695893 0.662536 -0.27709
    outer loop
      vertex -33.7874 -30.6231 54.88
      vertex -32.4456 -29.5231 60.88
      vertex -32.2441 -32.2441 54.88
    endloop
  endfacet
  facet normal -0.946731 -0.164096 -0.277081
    outer loop
      vertex 44.7238 8.89612 54.88
      vertex 43.041 8.47365 60.88
      vertex 43.0263 8.55846 60.88
    endloop
  endfacet
  facet normal -0.946703 -0.164251 -0.277084
    outer loop
      vertex 43.041 8.47365 60.88
      vertex 44.7238 8.89612 54.88
      vertex 45.1064 6.69091 54.88
    endloop
  endfacet
  facet normal -0.960556 -0.0235686 -0.277087
    outer loop
      vertex 45.6 0 54.88
      vertex 43.8671 0.0860574 60.88
      vertex 45.5451 2.23749 54.88
    endloop
  endfacet
  facet normal -0.960558 -0.0234398 -0.277089
    outer loop
      vertex 43.8671 0.0860574 60.88
      vertex 45.6 0 54.88
      vertex 43.8692 0 60.88
    endloop
  endfacet
  facet normal -0.946701 -0.164268 -0.277078
    outer loop
      vertex 45.1064 6.69091 54.88
      vertex 43.3944 6.43695 60.88
      vertex 43.041 8.47365 60.88
    endloop
  endfacet
  facet normal -0.912344 -0.30141 -0.277092
    outer loop
      vertex 43.6365 13.237 54.88
      vertex 41.9532 12.8163 60.88
      vertex 42.9344 15.3622 54.88
    endloop
  endfacet
  facet normal -0.912315 -0.3015 -0.27709
    outer loop
      vertex 41.9532 12.8163 60.88
      vertex 43.6365 13.237 54.88
      vertex 41.9802 12.7346 60.88
    endloop
  endfacet
  facet normal -0.912353 -0.301391 -0.277085
    outer loop
      vertex 42.9344 15.3622 54.88
      vertex 41.9532 12.8163 60.88
      vertex 41.3048 14.7791 60.88
    endloop
  endfacet
  facet normal -0.164268 -0.946701 -0.277078
    outer loop
      vertex 6.69091 45.1064 54.88
      vertex 8.47365 43.041 60.88
      vertex 6.43695 43.3944 60.88
    endloop
  endfacet
  facet normal -0.389378 -0.878413 -0.277084
    outer loop
      vertex 19.4965 41.2219 54.88
      vertex 18.7565 39.6573 60.88
      vertex 16.8667 40.495 60.88
    endloop
  endfacet
  facet normal 0.553245 -0.785585 -0.277086
    outer loop
      vertex -25.334 37.915 54.88
      vertex -26.1329 35.2361 60.88
      vertex -27.1639 36.6263 54.88
    endloop
  endfacet
  facet normal 0.553413 -0.785489 -0.277021
    outer loop
      vertex -26.1329 35.2361 60.88
      vertex -25.334 37.915 54.88
      vertex -26.0625 35.2857 60.88
    endloop
  endfacet
  facet normal 0.662536 -0.695893 -0.27709
    outer loop
      vertex -30.6231 33.7874 54.88
      vertex -29.5231 32.4456 60.88
      vertex -32.2441 32.2441 54.88
    endloop
  endfacet
  facet normal 0.663044 -0.695415 -0.277076
    outer loop
      vertex -29.5231 32.4456 60.88
      vertex -30.6231 33.7874 54.88
      vertex -29.4608 32.505 60.88
    endloop
  endfacet
  facet normal 0.695893 -0.662536 -0.27709
    outer loop
      vertex -32.4456 29.5231 60.88
      vertex -33.7874 30.6231 54.88
      vertex -32.2441 32.2441 54.88
    endloop
  endfacet
  facet normal 0.695415 -0.663044 -0.277076
    outer loop
      vertex -33.7874 30.6231 54.88
      vertex -32.4456 29.5231 60.88
      vertex -32.505 29.4608 60.88
    endloop
  endfacet
  facet normal 0.912353 -0.301391 -0.277085
    outer loop
      vertex -41.3048 14.7791 60.88
      vertex -41.9532 12.8163 60.88
      vertex -42.9344 15.3622 54.88
    endloop
  endfacet
  facet normal -0.858251 0.432007 -0.277084
    outer loop
      vertex 39.6573 -18.7565 60.88
      vertex 41.2219 -19.4965 54.88
      vertex 38.7279 -20.6029 60.88
    endloop
  endfacet
  facet normal 0.757468 0.591156 -0.277086
    outer loop
      vertex -35.2361 -26.1329 60.88
      vertex -33.9643 -27.7625 60.88
      vertex -36.6263 -27.1639 54.88
    endloop
  endfacet
  facet normal 0.389511 0.878354 -0.277083
    outer loop
      vertex -17.4504 -42.1289 54.88
      vertex -16.8667 -40.495 60.88
      vertex -16.788 -40.5299 60.88
    endloop
  endfacet
  facet normal 0.389384 0.87841 -0.277086
    outer loop
      vertex -16.8667 -40.495 60.88
      vertex -17.4504 -42.1289 54.88
      vertex -19.4965 -41.2219 54.88
    endloop
  endfacet
  facet normal -0.958241 -0.0706991 -0.277086
    outer loop
      vertex 45.5451 2.23749 54.88
      vertex 43.8164 2.15256 60.88
      vertex 43.6643 4.21409 60.88
    endloop
  endfacet
  facet normal -0.953617 -0.117628 -0.277087
    outer loop
      vertex 45.3804 4.46958 54.88
      vertex 43.6474 4.38537 60.88
      vertex 45.1064 6.69091 54.88
    endloop
  endfacet
  facet normal -0.953537 -0.118313 -0.277074
    outer loop
      vertex 43.6474 4.38537 60.88
      vertex 45.3804 4.46958 54.88
      vertex 43.658 4.29994 60.88
    endloop
  endfacet
  facet normal -0.937502 -0.210513 -0.277082
    outer loop
      vertex 44.2334 11.0799 54.88
      vertex 43.0074 8.64245 60.88
      vertex 42.5545 10.6594 60.88
    endloop
  endfacet
  facet normal -0.937497 -0.210529 -0.277087
    outer loop
      vertex 44.7238 8.89612 54.88
      vertex 43.0074 8.64245 60.88
      vertex 44.2334 11.0799 54.88
    endloop
  endfacet
  facet normal -0.937406 -0.210942 -0.277079
    outer loop
      vertex 43.0074 8.64245 60.88
      vertex 44.7238 8.89612 54.88
      vertex 43.0263 8.55846 60.88
    endloop
  endfacet
  facet normal -0.926043 -0.256263 -0.277082
    outer loop
      vertex 44.2334 11.0799 54.88
      vertex 42.5545 10.6594 60.88
      vertex 42.0032 12.6516 60.88
    endloop
  endfacet
  facet normal -0.785585 -0.553245 -0.277086
    outer loop
      vertex 37.915 25.334 54.88
      vertex 35.2361 26.1329 60.88
      vertex 36.6263 27.1639 54.88
    endloop
  endfacet
  facet normal -0.785489 -0.553413 -0.277021
    outer loop
      vertex 35.2361 26.1329 60.88
      vertex 37.915 25.334 54.88
      vertex 35.2857 26.0625 60.88
    endloop
  endfacet
  facet normal -0.836018 -0.473601 -0.277085
    outer loop
      vertex 40.2156 21.4957 54.88
      vertex 38.6892 20.6798 60.88
      vertex 37.6703 22.4784 60.88
    endloop
  endfacet
  facet normal -0.1176 -0.953624 -0.277078
    outer loop
      vertex 6.69091 45.1064 54.88
      vertex 6.43695 43.3944 60.88
      vertex 4.38537 43.6474 60.88
    endloop
  endfacet
  facet normal -0.210513 -0.937502 -0.277082
    outer loop
      vertex 11.0799 44.2334 54.88
      vertex 10.6594 42.5545 60.88
      vertex 8.64245 43.0074 60.88
    endloop
  endfacet
  facet normal -0.164251 -0.946703 -0.277084
    outer loop
      vertex 8.89612 44.7238 54.88
      vertex 8.47365 43.041 60.88
      vertex 6.69091 45.1064 54.88
    endloop
  endfacet
  facet normal -0.164096 -0.946731 -0.277081
    outer loop
      vertex 8.47365 43.041 60.88
      vertex 8.89612 44.7238 54.88
      vertex 8.55846 43.0263 60.88
    endloop
  endfacet
  facet normal -0.432003 -0.858252 -0.277086
    outer loop
      vertex 21.4957 40.2156 54.88
      vertex 20.6029 38.7279 60.88
      vertex 19.4965 41.2219 54.88
    endloop
  endfacet
  facet normal -0.431934 -0.858287 -0.277084
    outer loop
      vertex 20.6029 38.7279 60.88
      vertex 21.4957 40.2156 54.88
      vertex 20.6798 38.6892 60.88
    endloop
  endfacet
  facet normal -0.345801 -0.896464 -0.27708
    outer loop
      vertex 17.4504 42.1289 54.88
      vertex 16.7077 40.5609 60.88
      vertex 15.3622 42.9344 54.88
    endloop
  endfacet
  facet normal -0.346045 -0.896368 -0.277086
    outer loop
      vertex 16.7077 40.5609 60.88
      vertex 17.4504 42.1289 54.88
      vertex 16.788 40.5299 60.88
    endloop
  endfacet
  facet normal -0.66255 -0.695877 -0.277096
    outer loop
      vertex 32.2441 32.2441 54.88
      vertex 31.0202 31.0202 60.88
      vertex 29.5231 32.4456 60.88
    endloop
  endfacet
  facet normal 0.946731 -0.164096 -0.277081
    outer loop
      vertex -43.041 8.47365 60.88
      vertex -44.7238 8.89612 54.88
      vertex -43.0263 8.55846 60.88
    endloop
  endfacet
  facet normal 0.946703 -0.164251 -0.277084
    outer loop
      vertex -44.7238 8.89612 54.88
      vertex -43.041 8.47365 60.88
      vertex -45.1064 6.69091 54.88
    endloop
  endfacet
  facet normal 0.389384 -0.87841 -0.277086
    outer loop
      vertex -17.4504 42.1289 54.88
      vertex -16.8667 40.495 60.88
      vertex -19.4965 41.2219 54.88
    endloop
  endfacet
  facet normal 0.389511 -0.878354 -0.277083
    outer loop
      vertex -16.8667 40.495 60.88
      vertex -17.4504 42.1289 54.88
      vertex -16.788 40.5299 60.88
    endloop
  endfacet
  facet normal 0.431934 -0.858287 -0.277084
    outer loop
      vertex -21.4957 40.2156 54.88
      vertex -20.6029 38.7279 60.88
      vertex -20.6798 38.6892 60.88
    endloop
  endfacet
  facet normal 0.432003 -0.858252 -0.277086
    outer loop
      vertex -20.6029 38.7279 60.88
      vertex -21.4957 40.2156 54.88
      vertex -19.4965 41.2219 54.88
    endloop
  endfacet
  facet normal 0.627562 -0.727593 -0.27708
    outer loop
      vertex -27.8955 33.8551 60.88
      vertex -29.4608 32.505 60.88
      vertex -30.6231 33.7874 54.88
    endloop
  endfacet
  facet normal 0.811773 -0.51405 -0.277088
    outer loop
      vertex -37.5818 22.626 60.88
      vertex -39.1124 23.4431 54.88
      vertex -37.915 25.334 54.88
    endloop
  endfacet
  facet normal 0.811457 -0.514555 -0.277076
    outer loop
      vertex -39.1124 23.4431 54.88
      vertex -37.5818 22.626 60.88
      vertex -37.6279 22.5533 60.88
    endloop
  endfacet
  facet normal 0.757533 -0.591055 -0.277125
    outer loop
      vertex -36.6263 27.1639 54.88
      vertex -33.9114 27.8303 60.88
      vertex -33.9643 27.7625 60.88
    endloop
  endfacet
  facet normal 0.757469 -0.591156 -0.277084
    outer loop
      vertex -33.9114 27.8303 60.88
      vertex -36.6263 27.1639 54.88
      vertex -35.2493 28.9283 54.88
    endloop
  endfacet
  facet normal 0.66255 -0.695877 -0.277096
    outer loop
      vertex -29.5231 32.4456 60.88
      vertex -31.0202 31.0202 60.88
      vertex -32.2441 32.2441 54.88
    endloop
  endfacet
  facet normal -0.946703 0.164251 -0.277084
    outer loop
      vertex 44.7238 -8.89612 54.88
      vertex 43.041 -8.47365 60.88
      vertex 45.1064 -6.69091 54.88
    endloop
  endfacet
  facet normal -0.946731 0.164096 -0.277081
    outer loop
      vertex 43.041 -8.47365 60.88
      vertex 44.7238 -8.89612 54.88
      vertex 43.0263 -8.55846 60.88
    endloop
  endfacet
  facet normal 0.0706991 0.958241 -0.277086
    outer loop
      vertex -2.15256 -43.8164 60.88
      vertex -2.23749 -45.5451 54.88
      vertex -4.21409 -43.6643 60.88
    endloop
  endfacet
  facet normal 0.210942 0.937406 -0.277079
    outer loop
      vertex -8.89612 -44.7238 54.88
      vertex -8.64245 -43.0074 60.88
      vertex -8.55846 -43.0263 60.88
    endloop
  endfacet
  facet normal 0.210529 0.937497 -0.277087
    outer loop
      vertex -8.64245 -43.0074 60.88
      vertex -8.89612 -44.7238 54.88
      vertex -11.0799 -44.2334 54.88
    endloop
  endfacet
  facet normal 0.946731 0.164096 -0.277081
    outer loop
      vertex -44.7238 -8.89612 54.88
      vertex -43.041 -8.47365 60.88
      vertex -43.0263 -8.55846 60.88
    endloop
  endfacet
  facet normal 0.946703 0.164251 -0.277084
    outer loop
      vertex -43.041 -8.47365 60.88
      vertex -44.7238 -8.89612 54.88
      vertex -45.1064 -6.69091 54.88
    endloop
  endfacet
  facet normal 0.811772 0.514051 -0.277089
    outer loop
      vertex -37.5818 -22.626 60.88
      vertex -36.4759 -24.3724 60.88
      vertex -37.915 -25.334 54.88
    endloop
  endfacet
  facet normal 0.785489 0.553413 -0.277021
    outer loop
      vertex -35.2361 -26.1329 60.88
      vertex -37.915 -25.334 54.88
      vertex -35.2857 -26.0625 60.88
    endloop
  endfacet
  facet normal 0.785585 0.553245 -0.277086
    outer loop
      vertex -37.915 -25.334 54.88
      vertex -35.2361 -26.1329 60.88
      vertex -36.6263 -27.1639 54.88
    endloop
  endfacet
  facet normal 0.727593 0.627562 -0.27708
    outer loop
      vertex -32.505 -29.4608 60.88
      vertex -33.7874 -30.6231 54.88
      vertex -33.8551 -27.8955 60.88
    endloop
  endfacet
  facet normal 0.695877 0.66255 -0.277096
    outer loop
      vertex -31.0202 -31.0202 60.88
      vertex -32.2441 -32.2441 54.88
      vertex -32.4456 -29.5231 60.88
    endloop
  endfacet
  facet normal 0.591156 0.757468 -0.277086
    outer loop
      vertex -26.1329 -35.2361 60.88
      vertex -27.1639 -36.6263 54.88
      vertex -27.7625 -33.9643 60.88
    endloop
  endfacet
  facet normal 0.514555 0.811457 -0.277076
    outer loop
      vertex -23.4431 -39.1124 54.88
      vertex -22.626 -37.5818 60.88
      vertex -22.5533 -37.6279 60.88
    endloop
  endfacet
  facet normal 0.51405 0.811773 -0.277088
    outer loop
      vertex -22.626 -37.5818 60.88
      vertex -23.4431 -39.1124 54.88
      vertex -25.334 -37.915 54.88
    endloop
  endfacet
  facet normal 0.627562 0.727593 -0.27708
    outer loop
      vertex -29.4608 -32.505 60.88
      vertex -27.8955 -33.8551 60.88
      vertex -30.6231 -33.7874 54.88
    endloop
  endfacet
  facet normal 0.473603 0.836017 -0.277084
    outer loop
      vertex -23.4431 -39.1124 54.88
      vertex -22.4784 -37.6703 60.88
      vertex -21.4957 -40.2156 54.88
    endloop
  endfacet
  facet normal 0.473344 0.836166 -0.277078
    outer loop
      vertex -22.4784 -37.6703 60.88
      vertex -23.4431 -39.1124 54.88
      vertex -22.5533 -37.6279 60.88
    endloop
  endfacet
  facet normal -0.953624 -0.1176 -0.277078
    outer loop
      vertex 45.1064 6.69091 54.88
      vertex 43.6474 4.38537 60.88
      vertex 43.3944 6.43695 60.88
    endloop
  endfacet
  facet normal -0.896468 -0.345786 -0.277085
    outer loop
      vertex 42.9344 15.3622 54.88
      vertex 41.3048 14.7791 60.88
      vertex 40.5609 16.7077 60.88
    endloop
  endfacet
  facet normal -0.757468 -0.591156 -0.277086
    outer loop
      vertex 36.6263 27.1639 54.88
      vertex 35.2361 26.1329 60.88
      vertex 33.9643 27.7625 60.88
    endloop
  endfacet
  facet normal -0.695893 -0.662536 -0.27709
    outer loop
      vertex 33.7874 30.6231 54.88
      vertex 32.4456 29.5231 60.88
      vertex 32.2441 32.2441 54.88
    endloop
  endfacet
  facet normal -0.695415 -0.663044 -0.277076
    outer loop
      vertex 32.4456 29.5231 60.88
      vertex 33.7874 30.6231 54.88
      vertex 32.505 29.4608 60.88
    endloop
  endfacet
  facet normal -0.811773 -0.51405 -0.277088
    outer loop
      vertex 39.1124 23.4431 54.88
      vertex 37.5818 22.626 60.88
      vertex 37.915 25.334 54.88
    endloop
  endfacet
  facet normal -0.811457 -0.514555 -0.277076
    outer loop
      vertex 37.5818 22.626 60.88
      vertex 39.1124 23.4431 54.88
      vertex 37.6279 22.5533 60.88
    endloop
  endfacet
  facet normal -0.836166 -0.473344 -0.277078
    outer loop
      vertex 39.1124 23.4431 54.88
      vertex 37.6703 22.4784 60.88
      vertex 37.6279 22.5533 60.88
    endloop
  endfacet
  facet normal -0.836017 -0.473603 -0.277084
    outer loop
      vertex 37.6703 22.4784 60.88
      vertex 39.1124 23.4431 54.88
      vertex 40.2156 21.4957 54.88
    endloop
  endfacet
  facet normal -0.87841 -0.389384 -0.277086
    outer loop
      vertex 42.1289 17.4504 54.88
      vertex 40.495 16.8667 60.88
      vertex 41.2219 19.4965 54.88
    endloop
  endfacet
  facet normal -0.878354 -0.389511 -0.277083
    outer loop
      vertex 40.495 16.8667 60.88
      vertex 42.1289 17.4504 54.88
      vertex 40.5299 16.788 60.88
    endloop
  endfacet
  facet normal -0.858287 -0.431934 -0.277084
    outer loop
      vertex 40.2156 21.4957 54.88
      vertex 38.7279 20.6029 60.88
      vertex 38.6892 20.6798 60.88
    endloop
  endfacet
  facet normal -0.858252 -0.432003 -0.277086
    outer loop
      vertex 38.7279 20.6029 60.88
      vertex 40.2156 21.4957 54.88
      vertex 41.2219 19.4965 54.88
    endloop
  endfacet
  facet normal -0.811772 -0.514051 -0.277089
    outer loop
      vertex 37.915 25.334 54.88
      vertex 37.5818 22.626 60.88
      vertex 36.4759 24.3724 60.88
    endloop
  endfacet
  facet normal -0.785594 -0.55323 -0.277089
    outer loop
      vertex 37.915 25.334 54.88
      vertex 36.4759 24.3724 60.88
      vertex 35.2857 26.0625 60.88
    endloop
  endfacet
  facet normal -0.757469 -0.591156 -0.277084
    outer loop
      vertex 36.6263 27.1639 54.88
      vertex 33.9114 27.8303 60.88
      vertex 35.2493 28.9283 54.88
    endloop
  endfacet
  facet normal -0.757533 -0.591055 -0.277125
    outer loop
      vertex 33.9114 27.8303 60.88
      vertex 36.6263 27.1639 54.88
      vertex 33.9643 27.7625 60.88
    endloop
  endfacet
  facet normal -0.0706991 -0.958241 -0.277086
    outer loop
      vertex 2.23749 45.5451 54.88
      vertex 4.21409 43.6643 60.88
      vertex 2.15256 43.8164 60.88
    endloop
  endfacet
  facet normal -0.118313 -0.953537 -0.277074
    outer loop
      vertex 4.46958 45.3804 54.88
      vertex 4.38537 43.6474 60.88
      vertex 4.29994 43.658 60.88
    endloop
  endfacet
  facet normal -0.117628 -0.953617 -0.277087
    outer loop
      vertex 4.38537 43.6474 60.88
      vertex 4.46958 45.3804 54.88
      vertex 6.69091 45.1064 54.88
    endloop
  endfacet
  facet normal -0.210942 -0.937406 -0.277079
    outer loop
      vertex 8.89612 44.7238 54.88
      vertex 8.64245 43.0074 60.88
      vertex 8.55846 43.0263 60.88
    endloop
  endfacet
  facet normal -0.210529 -0.937497 -0.277087
    outer loop
      vertex 8.64245 43.0074 60.88
      vertex 8.89612 44.7238 54.88
      vertex 11.0799 44.2334 54.88
    endloop
  endfacet
  facet normal -0.345786 -0.896468 -0.277085
    outer loop
      vertex 15.3622 42.9344 54.88
      vertex 16.7077 40.5609 60.88
      vertex 14.7791 41.3048 60.88
    endloop
  endfacet
  facet normal -0.25625 -0.926045 -0.277086
    outer loop
      vertex 13.237 43.6365 54.88
      vertex 12.6516 42.0032 60.88
      vertex 11.0799 44.2334 54.88
    endloop
  endfacet
  facet normal -0.256588 -0.925949 -0.277093
    outer loop
      vertex 12.6516 42.0032 60.88
      vertex 13.237 43.6365 54.88
      vertex 12.7346 41.9802 60.88
    endloop
  endfacet
  facet normal -0.301391 -0.912353 -0.277085
    outer loop
      vertex 15.3622 42.9344 54.88
      vertex 14.7791 41.3048 60.88
      vertex 12.8163 41.9532 60.88
    endloop
  endfacet
  facet normal -0.553413 -0.785489 -0.277021
    outer loop
      vertex 25.334 37.915 54.88
      vertex 26.1329 35.2361 60.88
      vertex 26.0625 35.2857 60.88
    endloop
  endfacet
  facet normal -0.553245 -0.785585 -0.277086
    outer loop
      vertex 26.1329 35.2361 60.88
      vertex 25.334 37.915 54.88
      vertex 27.1639 36.6263 54.88
    endloop
  endfacet
  facet normal -0.514555 -0.811457 -0.277076
    outer loop
      vertex 23.4431 39.1124 54.88
      vertex 22.626 37.5818 60.88
      vertex 22.5533 37.6279 60.88
    endloop
  endfacet
  facet normal -0.51405 -0.811773 -0.277088
    outer loop
      vertex 22.626 37.5818 60.88
      vertex 23.4431 39.1124 54.88
      vertex 25.334 37.915 54.88
    endloop
  endfacet
  facet normal -0.473601 -0.836018 -0.277085
    outer loop
      vertex 21.4957 40.2156 54.88
      vertex 22.4784 37.6703 60.88
      vertex 20.6798 38.6892 60.88
    endloop
  endfacet
  facet normal -0.62797 -0.727241 -0.277081
    outer loop
      vertex 28.9283 35.2493 54.88
      vertex 27.8955 33.8551 60.88
      vertex 27.8303 33.9114 60.88
    endloop
  endfacet
  facet normal -0.627586 -0.727569 -0.277091
    outer loop
      vertex 27.8955 33.8551 60.88
      vertex 28.9283 35.2493 54.88
      vertex 30.6231 33.7874 54.88
    endloop
  endfacet
  facet normal -0.591055 -0.757533 -0.277125
    outer loop
      vertex 27.1639 36.6263 54.88
      vertex 27.8303 33.9114 60.88
      vertex 27.7625 33.9643 60.88
    endloop
  endfacet
  facet normal -0.591156 -0.757469 -0.277084
    outer loop
      vertex 27.8303 33.9114 60.88
      vertex 27.1639 36.6263 54.88
      vertex 28.9283 35.2493 54.88
    endloop
  endfacet
  facet normal 0.953617 -0.117628 -0.277087
    outer loop
      vertex -43.6474 4.38537 60.88
      vertex -45.3804 4.46958 54.88
      vertex -45.1064 6.69091 54.88
    endloop
  endfacet
  facet normal 0.953537 -0.118313 -0.277074
    outer loop
      vertex -45.3804 4.46958 54.88
      vertex -43.6474 4.38537 60.88
      vertex -43.658 4.29994 60.88
    endloop
  endfacet
  facet normal 0.958271 -0.0703216 -0.277076
    outer loop
      vertex -43.6643 4.21409 60.88
      vertex -45.3804 4.46958 54.88
      vertex -43.658 4.29994 60.88
    endloop
  endfacet
  facet normal 0.958241 -0.070706 -0.277084
    outer loop
      vertex -45.3804 4.46958 54.88
      vertex -43.6643 4.21409 60.88
      vertex -45.5451 2.23749 54.88
    endloop
  endfacet
  facet normal 0.937502 -0.210513 -0.277082
    outer loop
      vertex -42.5545 10.6594 60.88
      vertex -43.0074 8.64245 60.88
      vertex -44.2334 11.0799 54.88
    endloop
  endfacet
  facet normal 0.937497 -0.210529 -0.277087
    outer loop
      vertex -43.0074 8.64245 60.88
      vertex -44.7238 8.89612 54.88
      vertex -44.2334 11.0799 54.88
    endloop
  endfacet
  facet normal 0.937406 -0.210942 -0.277079
    outer loop
      vertex -44.7238 8.89612 54.88
      vertex -43.0074 8.64245 60.88
      vertex -43.0263 8.55846 60.88
    endloop
  endfacet
  facet normal 0.591156 -0.757469 -0.277084
    outer loop
      vertex -27.1639 36.6263 54.88
      vertex -27.8303 33.9114 60.88
      vertex -28.9283 35.2493 54.88
    endloop
  endfacet
  facet normal 0.591055 -0.757533 -0.277125
    outer loop
      vertex -27.8303 33.9114 60.88
      vertex -27.1639 36.6263 54.88
      vertex -27.7625 33.9643 60.88
    endloop
  endfacet
  facet normal 0.473344 -0.836166 -0.277078
    outer loop
      vertex -23.4431 39.1124 54.88
      vertex -22.4784 37.6703 60.88
      vertex -22.5533 37.6279 60.88
    endloop
  endfacet
  facet normal 0.473603 -0.836017 -0.277084
    outer loop
      vertex -22.4784 37.6703 60.88
      vertex -23.4431 39.1124 54.88
      vertex -21.4957 40.2156 54.88
    endloop
  endfacet
  facet normal 0.591156 -0.757468 -0.277086
    outer loop
      vertex -27.1639 36.6263 54.88
      vertex -26.1329 35.2361 60.88
      vertex -27.7625 33.9643 60.88
    endloop
  endfacet
  facet normal 0.514051 -0.811772 -0.277089
    outer loop
      vertex -22.626 37.5818 60.88
      vertex -24.3724 36.4759 60.88
      vertex -25.334 37.915 54.88
    endloop
  endfacet
  facet normal 0.55323 -0.785594 -0.277089
    outer loop
      vertex -25.334 37.915 54.88
      vertex -24.3724 36.4759 60.88
      vertex -26.0625 35.2857 60.88
    endloop
  endfacet
  facet normal 0.389378 -0.878413 -0.277084
    outer loop
      vertex -16.8667 40.495 60.88
      vertex -18.7565 39.6573 60.88
      vertex -19.4965 41.2219 54.88
    endloop
  endfacet
  facet normal 0.30141 -0.912344 -0.277092
    outer loop
      vertex -13.237 43.6365 54.88
      vertex -12.8163 41.9532 60.88
      vertex -15.3622 42.9344 54.88
    endloop
  endfacet
  facet normal 0.3015 -0.912315 -0.27709
    outer loop
      vertex -12.8163 41.9532 60.88
      vertex -13.237 43.6365 54.88
      vertex -12.7346 41.9802 60.88
    endloop
  endfacet
  facet normal 0.0706991 -0.958241 -0.277086
    outer loop
      vertex -2.23749 45.5451 54.88
      vertex -2.15256 43.8164 60.88
      vertex -4.21409 43.6643 60.88
    endloop
  endfacet
  facet normal 0.0235686 -0.960556 -0.277087
    outer loop
      vertex 0 45.6 54.88
      vertex -0.0860574 43.8671 60.88
      vertex -2.23749 45.5451 54.88
    endloop
  endfacet
  facet normal 0.0234398 -0.960558 -0.277089
    outer loop
      vertex -0.0860574 43.8671 60.88
      vertex 0 45.6 54.88
      vertex 0 43.8692 60.88
    endloop
  endfacet
  facet normal 0.164096 -0.946731 -0.277081
    outer loop
      vertex -8.89612 44.7238 54.88
      vertex -8.47365 43.041 60.88
      vertex -8.55846 43.0263 60.88
    endloop
  endfacet
  facet normal 0.164251 -0.946703 -0.277084
    outer loop
      vertex -8.47365 43.041 60.88
      vertex -8.89612 44.7238 54.88
      vertex -6.69091 45.1064 54.88
    endloop
  endfacet
  facet normal 0.256263 -0.926043 -0.277082
    outer loop
      vertex -11.0799 44.2334 54.88
      vertex -10.6594 42.5545 60.88
      vertex -12.6516 42.0032 60.88
    endloop
  endfacet
  facet normal 0.836166 -0.473344 -0.277078
    outer loop
      vertex -37.6703 22.4784 60.88
      vertex -39.1124 23.4431 54.88
      vertex -37.6279 22.5533 60.88
    endloop
  endfacet
  facet normal 0.836017 -0.473603 -0.277084
    outer loop
      vertex -39.1124 23.4431 54.88
      vertex -37.6703 22.4784 60.88
      vertex -40.2156 21.4957 54.88
    endloop
  endfacet
  facet normal 0.785489 -0.553413 -0.277021
    outer loop
      vertex -37.915 25.334 54.88
      vertex -35.2361 26.1329 60.88
      vertex -35.2857 26.0625 60.88
    endloop
  endfacet
  facet normal 0.785585 -0.553245 -0.277086
    outer loop
      vertex -35.2361 26.1329 60.88
      vertex -37.915 25.334 54.88
      vertex -36.6263 27.1639 54.88
    endloop
  endfacet
  facet normal 0.757468 -0.591156 -0.277086
    outer loop
      vertex -33.9643 27.7625 60.88
      vertex -35.2361 26.1329 60.88
      vertex -36.6263 27.1639 54.88
    endloop
  endfacet
  facet normal 0.727593 -0.627562 -0.27708
    outer loop
      vertex -33.7874 30.6231 54.88
      vertex -32.505 29.4608 60.88
      vertex -33.8551 27.8955 60.88
    endloop
  endfacet
  facet normal 0.695877 -0.66255 -0.277096
    outer loop
      vertex -32.2441 32.2441 54.88
      vertex -31.0202 31.0202 60.88
      vertex -32.4456 29.5231 60.88
    endloop
  endfacet
  facet normal 0.858287 -0.431934 -0.277084
    outer loop
      vertex -38.7279 20.6029 60.88
      vertex -40.2156 21.4957 54.88
      vertex -38.6892 20.6798 60.88
    endloop
  endfacet
  facet normal 0.858252 -0.432003 -0.277086
    outer loop
      vertex -40.2156 21.4957 54.88
      vertex -38.7279 20.6029 60.88
      vertex -41.2219 19.4965 54.88
    endloop
  endfacet
  facet normal 0.836018 -0.473601 -0.277085
    outer loop
      vertex -37.6703 22.4784 60.88
      vertex -38.6892 20.6798 60.88
      vertex -40.2156 21.4957 54.88
    endloop
  endfacet
  facet normal 0.87841 -0.389384 -0.277086
    outer loop
      vertex -40.495 16.8667 60.88
      vertex -42.1289 17.4504 54.88
      vertex -41.2219 19.4965 54.88
    endloop
  endfacet
  facet normal 0.878354 -0.389511 -0.277083
    outer loop
      vertex -42.1289 17.4504 54.88
      vertex -40.495 16.8667 60.88
      vertex -40.5299 16.788 60.88
    endloop
  endfacet
  facet normal 0.896468 -0.345786 -0.277085
    outer loop
      vertex -40.5609 16.7077 60.88
      vertex -41.3048 14.7791 60.88
      vertex -42.9344 15.3622 54.88
    endloop
  endfacet
  facet normal 0.912344 -0.30141 -0.277092
    outer loop
      vertex -41.9532 12.8163 60.88
      vertex -43.6365 13.237 54.88
      vertex -42.9344 15.3622 54.88
    endloop
  endfacet
  facet normal 0.912315 -0.3015 -0.27709
    outer loop
      vertex -43.6365 13.237 54.88
      vertex -41.9532 12.8163 60.88
      vertex -41.9802 12.7346 60.88
    endloop
  endfacet
  facet normal -0.301391 0.912353 -0.277085
    outer loop
      vertex 14.7791 -41.3048 60.88
      vertex 15.3622 -42.9344 54.88
      vertex 12.8163 -41.9532 60.88
    endloop
  endfacet
  facet normal 0.164268 0.946701 -0.277078
    outer loop
      vertex -6.43695 -43.3944 60.88
      vertex -6.69091 -45.1064 54.88
      vertex -8.47365 -43.041 60.88
    endloop
  endfacet
  facet normal 0.118313 0.953537 -0.277074
    outer loop
      vertex -4.46958 -45.3804 54.88
      vertex -4.38537 -43.6474 60.88
      vertex -4.29994 -43.658 60.88
    endloop
  endfacet
  facet normal 0.117628 0.953617 -0.277087
    outer loop
      vertex -4.38537 -43.6474 60.88
      vertex -4.46958 -45.3804 54.88
      vertex -6.69091 -45.1064 54.88
    endloop
  endfacet
  facet normal 0.25625 0.926045 -0.277086
    outer loop
      vertex -13.237 -43.6365 54.88
      vertex -12.6516 -42.0032 60.88
      vertex -11.0799 -44.2334 54.88
    endloop
  endfacet
  facet normal 0.256588 0.925949 -0.277093
    outer loop
      vertex -12.6516 -42.0032 60.88
      vertex -13.237 -43.6365 54.88
      vertex -12.7346 -41.9802 60.88
    endloop
  endfacet
  facet normal 0.210513 0.937502 -0.277082
    outer loop
      vertex -10.6594 -42.5545 60.88
      vertex -8.64245 -43.0074 60.88
      vertex -11.0799 -44.2334 54.88
    endloop
  endfacet
  facet normal 0.164251 0.946703 -0.277084
    outer loop
      vertex -8.89612 -44.7238 54.88
      vertex -8.47365 -43.041 60.88
      vertex -6.69091 -45.1064 54.88
    endloop
  endfacet
  facet normal 0.164096 0.946731 -0.277081
    outer loop
      vertex -8.47365 -43.041 60.88
      vertex -8.89612 -44.7238 54.88
      vertex -8.55846 -43.0263 60.88
    endloop
  endfacet
  facet normal 0.727241 0.62797 -0.277081
    outer loop
      vertex -33.8551 -27.8955 60.88
      vertex -35.2493 -28.9283 54.88
      vertex -33.9114 -27.8303 60.88
    endloop
  endfacet
  facet normal 0.727569 0.627586 -0.277091
    outer loop
      vertex -35.2493 -28.9283 54.88
      vertex -33.8551 -27.8955 60.88
      vertex -33.7874 -30.6231 54.88
    endloop
  endfacet
  facet normal 0.757533 0.591055 -0.277125
    outer loop
      vertex -33.9114 -27.8303 60.88
      vertex -36.6263 -27.1639 54.88
      vertex -33.9643 -27.7625 60.88
    endloop
  endfacet
  facet normal 0.757469 0.591156 -0.277084
    outer loop
      vertex -36.6263 -27.1639 54.88
      vertex -33.9114 -27.8303 60.88
      vertex -35.2493 -28.9283 54.88
    endloop
  endfacet
  facet normal 0.958241 0.0706991 -0.277086
    outer loop
      vertex -43.8164 -2.15256 60.88
      vertex -43.6643 -4.21409 60.88
      vertex -45.5451 -2.23749 54.88
    endloop
  endfacet
  facet normal 0.896468 0.345786 -0.277085
    outer loop
      vertex -41.3048 -14.7791 60.88
      vertex -40.5609 -16.7077 60.88
      vertex -42.9344 -15.3622 54.88
    endloop
  endfacet
  facet normal 0.785594 0.55323 -0.277089
    outer loop
      vertex -36.4759 -24.3724 60.88
      vertex -35.2857 -26.0625 60.88
      vertex -37.915 -25.334 54.88
    endloop
  endfacet
  facet normal 0.878413 0.389378 -0.277084
    outer loop
      vertex -40.495 -16.8667 60.88
      vertex -39.6573 -18.7565 60.88
      vertex -41.2219 -19.4965 54.88
    endloop
  endfacet
  facet normal 0.836018 0.473601 -0.277085
    outer loop
      vertex -38.6892 -20.6798 60.88
      vertex -37.6703 -22.4784 60.88
      vertex -40.2156 -21.4957 54.88
    endloop
  endfacet
  facet normal 0.553413 0.785489 -0.277021
    outer loop
      vertex -25.334 -37.915 54.88
      vertex -26.1329 -35.2361 60.88
      vertex -26.0625 -35.2857 60.88
    endloop
  endfacet
  facet normal 0.553245 0.785585 -0.277086
    outer loop
      vertex -26.1329 -35.2361 60.88
      vertex -25.334 -37.915 54.88
      vertex -27.1639 -36.6263 54.88
    endloop
  endfacet
  facet normal 0.591055 0.757533 -0.277125
    outer loop
      vertex -27.1639 -36.6263 54.88
      vertex -27.8303 -33.9114 60.88
      vertex -27.7625 -33.9643 60.88
    endloop
  endfacet
  facet normal 0.591156 0.757469 -0.277084
    outer loop
      vertex -27.8303 -33.9114 60.88
      vertex -27.1639 -36.6263 54.88
      vertex -28.9283 -35.2493 54.88
    endloop
  endfacet
  facet normal 0.62797 0.727241 -0.277081
    outer loop
      vertex -28.9283 -35.2493 54.88
      vertex -27.8955 -33.8551 60.88
      vertex -27.8303 -33.9114 60.88
    endloop
  endfacet
  facet normal 0.627586 0.727569 -0.277091
    outer loop
      vertex -27.8955 -33.8551 60.88
      vertex -28.9283 -35.2493 54.88
      vertex -30.6231 -33.7874 54.88
    endloop
  endfacet
  facet normal 0.432003 0.858252 -0.277086
    outer loop
      vertex -21.4957 -40.2156 54.88
      vertex -20.6029 -38.7279 60.88
      vertex -19.4965 -41.2219 54.88
    endloop
  endfacet
  facet normal 0.431934 0.858287 -0.277084
    outer loop
      vertex -20.6029 -38.7279 60.88
      vertex -21.4957 -40.2156 54.88
      vertex -20.6798 -38.6892 60.88
    endloop
  endfacet
  facet normal 0.473601 0.836018 -0.277085
    outer loop
      vertex -20.6798 -38.6892 60.88
      vertex -21.4957 -40.2156 54.88
      vertex -22.4784 -37.6703 60.88
    endloop
  endfacet
  facet normal 0.345786 0.896468 -0.277085
    outer loop
      vertex -14.7791 -41.3048 60.88
      vertex -15.3622 -42.9344 54.88
      vertex -16.7077 -40.5609 60.88
    endloop
  endfacet
  facet normal 0.256263 0.926043 -0.277082
    outer loop
      vertex -10.6594 -42.5545 60.88
      vertex -11.0799 -44.2334 54.88
      vertex -12.6516 -42.0032 60.88
    endloop
  endfacet
  facet normal -0.727569 -0.627586 -0.277091
    outer loop
      vertex 35.2493 28.9283 54.88
      vertex 33.8551 27.8955 60.88
      vertex 33.7874 30.6231 54.88
    endloop
  endfacet
  facet normal -0.727241 -0.62797 -0.277081
    outer loop
      vertex 33.8551 27.8955 60.88
      vertex 35.2493 28.9283 54.88
      vertex 33.9114 27.8303 60.88
    endloop
  endfacet
  facet normal -0.727593 -0.627562 -0.27708
    outer loop
      vertex 33.7874 30.6231 54.88
      vertex 33.8551 27.8955 60.88
      vertex 32.505 29.4608 60.88
    endloop
  endfacet
  facet normal -0.878413 -0.389378 -0.277084
    outer loop
      vertex 41.2219 19.4965 54.88
      vertex 40.495 16.8667 60.88
      vertex 39.6573 18.7565 60.88
    endloop
  endfacet
  facet normal -0.858251 -0.432007 -0.277084
    outer loop
      vertex 41.2219 19.4965 54.88
      vertex 39.6573 18.7565 60.88
      vertex 38.7279 20.6029 60.88
    endloop
  endfacet
  facet normal -0.389511 -0.878354 -0.277083
    outer loop
      vertex 17.4504 42.1289 54.88
      vertex 16.8667 40.495 60.88
      vertex 16.788 40.5299 60.88
    endloop
  endfacet
  facet normal -0.389384 -0.87841 -0.277086
    outer loop
      vertex 16.8667 40.495 60.88
      vertex 17.4504 42.1289 54.88
      vertex 19.4965 41.2219 54.88
    endloop
  endfacet
  facet normal -0.3015 -0.912315 -0.27709
    outer loop
      vertex 13.237 43.6365 54.88
      vertex 12.8163 41.9532 60.88
      vertex 12.7346 41.9802 60.88
    endloop
  endfacet
  facet normal -0.30141 -0.912344 -0.277092
    outer loop
      vertex 12.8163 41.9532 60.88
      vertex 13.237 43.6365 54.88
      vertex 15.3622 42.9344 54.88
    endloop
  endfacet
  facet normal -0.55323 -0.785594 -0.277089
    outer loop
      vertex 25.334 37.915 54.88
      vertex 26.0625 35.2857 60.88
      vertex 24.3724 36.4759 60.88
    endloop
  endfacet
  facet normal -0.514051 -0.811772 -0.277089
    outer loop
      vertex 25.334 37.915 54.88
      vertex 24.3724 36.4759 60.88
      vertex 22.626 37.5818 60.88
    endloop
  endfacet
  facet normal -0.473603 -0.836017 -0.277084
    outer loop
      vertex 23.4431 39.1124 54.88
      vertex 22.4784 37.6703 60.88
      vertex 21.4957 40.2156 54.88
    endloop
  endfacet
  facet normal -0.473344 -0.836166 -0.277078
    outer loop
      vertex 22.4784 37.6703 60.88
      vertex 23.4431 39.1124 54.88
      vertex 22.5533 37.6279 60.88
    endloop
  endfacet
  facet normal -0.663044 -0.695415 -0.277076
    outer loop
      vertex 30.6231 33.7874 54.88
      vertex 29.5231 32.4456 60.88
      vertex 29.4608 32.505 60.88
    endloop
  endfacet
  facet normal -0.662536 -0.695893 -0.27709
    outer loop
      vertex 29.5231 32.4456 60.88
      vertex 30.6231 33.7874 54.88
      vertex 32.2441 32.2441 54.88
    endloop
  endfacet
  facet normal -0.627562 -0.727593 -0.27708
    outer loop
      vertex 30.6231 33.7874 54.88
      vertex 29.4608 32.505 60.88
      vertex 27.8955 33.8551 60.88
    endloop
  endfacet
  facet normal 0.946701 -0.164268 -0.277078
    outer loop
      vertex -43.041 8.47365 60.88
      vertex -43.3944 6.43695 60.88
      vertex -45.1064 6.69091 54.88
    endloop
  endfacet
  facet normal 0.953624 -0.1176 -0.277078
    outer loop
      vertex -43.3944 6.43695 60.88
      vertex -43.6474 4.38537 60.88
      vertex -45.1064 6.69091 54.88
    endloop
  endfacet
  facet normal 0.345786 -0.896468 -0.277085
    outer loop
      vertex -15.3622 42.9344 54.88
      vertex -14.7791 41.3048 60.88
      vertex -16.7077 40.5609 60.88
    endloop
  endfacet
  facet normal 0.346045 -0.896368 -0.277086
    outer loop
      vertex -17.4504 42.1289 54.88
      vertex -16.7077 40.5609 60.88
      vertex -16.788 40.5299 60.88
    endloop
  endfacet
  facet normal 0.345801 -0.896464 -0.27708
    outer loop
      vertex -16.7077 40.5609 60.88
      vertex -17.4504 42.1289 54.88
      vertex -15.3622 42.9344 54.88
    endloop
  endfacet
  facet normal 0.51405 -0.811773 -0.277088
    outer loop
      vertex -23.4431 39.1124 54.88
      vertex -22.626 37.5818 60.88
      vertex -25.334 37.915 54.88
    endloop
  endfacet
  facet normal 0.514555 -0.811457 -0.277076
    outer loop
      vertex -22.626 37.5818 60.88
      vertex -23.4431 39.1124 54.88
      vertex -22.5533 37.6279 60.88
    endloop
  endfacet
  facet normal 0.473601 -0.836018 -0.277085
    outer loop
      vertex -21.4957 40.2156 54.88
      vertex -20.6798 38.6892 60.88
      vertex -22.4784 37.6703 60.88
    endloop
  endfacet
  facet normal 0.117628 -0.953617 -0.277087
    outer loop
      vertex -4.46958 45.3804 54.88
      vertex -4.38537 43.6474 60.88
      vertex -6.69091 45.1064 54.88
    endloop
  endfacet
  facet normal 0.118313 -0.953537 -0.277074
    outer loop
      vertex -4.38537 43.6474 60.88
      vertex -4.46958 45.3804 54.88
      vertex -4.29994 43.658 60.88
    endloop
  endfacet
  facet normal 0.0703216 -0.958271 -0.277076
    outer loop
      vertex -4.46958 45.3804 54.88
      vertex -4.21409 43.6643 60.88
      vertex -4.29994 43.658 60.88
    endloop
  endfacet
  facet normal 0.070706 -0.958241 -0.277084
    outer loop
      vertex -4.21409 43.6643 60.88
      vertex -4.46958 45.3804 54.88
      vertex -2.23749 45.5451 54.88
    endloop
  endfacet
  facet normal 0.0235665 -0.960556 -0.277086
    outer loop
      vertex -0.0860574 43.8671 60.88
      vertex -2.15256 43.8164 60.88
      vertex -2.23749 45.5451 54.88
    endloop
  endfacet
  facet normal -0.0234398 -0.960558 -0.277089
    outer loop
      vertex 0 45.6 54.88
      vertex 0.0860574 43.8671 60.88
      vertex 0 43.8692 60.88
    endloop
  endfacet
  facet normal -0.0235686 -0.960556 -0.277087
    outer loop
      vertex 0.0860574 43.8671 60.88
      vertex 0 45.6 54.88
      vertex 2.23749 45.5451 54.88
    endloop
  endfacet
  facet normal 0.1176 -0.953624 -0.277078
    outer loop
      vertex -4.38537 43.6474 60.88
      vertex -6.43695 43.3944 60.88
      vertex -6.69091 45.1064 54.88
    endloop
  endfacet
  facet normal 0.164268 -0.946701 -0.277078
    outer loop
      vertex -6.69091 45.1064 54.88
      vertex -6.43695 43.3944 60.88
      vertex -8.47365 43.041 60.88
    endloop
  endfacet
  facet normal 0.210529 -0.937497 -0.277087
    outer loop
      vertex -8.89612 44.7238 54.88
      vertex -8.64245 43.0074 60.88
      vertex -11.0799 44.2334 54.88
    endloop
  endfacet
  facet normal 0.210942 -0.937406 -0.277079
    outer loop
      vertex -8.64245 43.0074 60.88
      vertex -8.89612 44.7238 54.88
      vertex -8.55846 43.0263 60.88
    endloop
  endfacet
  facet normal 0.210513 -0.937502 -0.277082
    outer loop
      vertex -8.64245 43.0074 60.88
      vertex -10.6594 42.5545 60.88
      vertex -11.0799 44.2334 54.88
    endloop
  endfacet
  facet normal 0.256588 -0.925949 -0.277093
    outer loop
      vertex -13.237 43.6365 54.88
      vertex -12.6516 42.0032 60.88
      vertex -12.7346 41.9802 60.88
    endloop
  endfacet
  facet normal 0.25625 -0.926045 -0.277086
    outer loop
      vertex -12.6516 42.0032 60.88
      vertex -13.237 43.6365 54.88
      vertex -11.0799 44.2334 54.88
    endloop
  endfacet
  facet normal 0.727569 -0.627586 -0.277091
    outer loop
      vertex -33.8551 27.8955 60.88
      vertex -35.2493 28.9283 54.88
      vertex -33.7874 30.6231 54.88
    endloop
  endfacet
  facet normal 0.727241 -0.62797 -0.277081
    outer loop
      vertex -35.2493 28.9283 54.88
      vertex -33.8551 27.8955 60.88
      vertex -33.9114 27.8303 60.88
    endloop
  endfacet
  facet normal 0.858251 -0.432007 -0.277084
    outer loop
      vertex -38.7279 20.6029 60.88
      vertex -39.6573 18.7565 60.88
      vertex -41.2219 19.4965 54.88
    endloop
  endfacet
  facet normal 0.878413 -0.389378 -0.277084
    outer loop
      vertex -39.6573 18.7565 60.88
      vertex -40.495 16.8667 60.88
      vertex -41.2219 19.4965 54.88
    endloop
  endfacet
  facet normal 0.896368 -0.346045 -0.277086
    outer loop
      vertex -40.5609 16.7077 60.88
      vertex -42.1289 17.4504 54.88
      vertex -40.5299 16.788 60.88
    endloop
  endfacet
  facet normal 0.896464 -0.345801 -0.27708
    outer loop
      vertex -42.1289 17.4504 54.88
      vertex -40.5609 16.7077 60.88
      vertex -42.9344 15.3622 54.88
    endloop
  endfacet
  facet normal 0.925949 -0.256588 -0.277093
    outer loop
      vertex -42.0032 12.6516 60.88
      vertex -43.6365 13.237 54.88
      vertex -41.9802 12.7346 60.88
    endloop
  endfacet
  facet normal 0.926045 -0.25625 -0.277086
    outer loop
      vertex -43.6365 13.237 54.88
      vertex -42.0032 12.6516 60.88
      vertex -44.2334 11.0799 54.88
    endloop
  endfacet
  facet normal 0.926043 -0.256263 -0.277082
    outer loop
      vertex -42.0032 12.6516 60.88
      vertex -42.5545 10.6594 60.88
      vertex -44.2334 11.0799 54.88
    endloop
  endfacet
  facet normal -0.627586 0.727569 -0.277091
    outer loop
      vertex 28.9283 -35.2493 54.88
      vertex 27.8955 -33.8551 60.88
      vertex 30.6231 -33.7874 54.88
    endloop
  endfacet
  facet normal -0.62797 0.727241 -0.277081
    outer loop
      vertex 27.8955 -33.8551 60.88
      vertex 28.9283 -35.2493 54.88
      vertex 27.8303 -33.9114 60.88
    endloop
  endfacet
  facet normal -0.627562 0.727593 -0.27708
    outer loop
      vertex 29.4608 -32.505 60.88
      vertex 30.6231 -33.7874 54.88
      vertex 27.8955 -33.8551 60.88
    endloop
  endfacet
  facet normal -0.389384 0.87841 -0.277086
    outer loop
      vertex 17.4504 -42.1289 54.88
      vertex 16.8667 -40.495 60.88
      vertex 19.4965 -41.2219 54.88
    endloop
  endfacet
  facet normal -0.389511 0.878354 -0.277083
    outer loop
      vertex 16.8667 -40.495 60.88
      vertex 17.4504 -42.1289 54.88
      vertex 16.788 -40.5299 60.88
    endloop
  endfacet
  facet normal -0.514051 0.811772 -0.277089
    outer loop
      vertex 24.3724 -36.4759 60.88
      vertex 25.334 -37.915 54.88
      vertex 22.626 -37.5818 60.88
    endloop
  endfacet
  facet normal 0.0235665 0.960556 -0.277086
    outer loop
      vertex -2.15256 -43.8164 60.88
      vertex -0.0860574 -43.8671 60.88
      vertex -2.23749 -45.5451 54.88
    endloop
  endfacet
  facet normal -0.896464 0.345801 -0.27708
    outer loop
      vertex 42.1289 -17.4504 54.88
      vertex 40.5609 -16.7077 60.88
      vertex 42.9344 -15.3622 54.88
    endloop
  endfacet
  facet normal -0.896368 0.346045 -0.277086
    outer loop
      vertex 40.5609 -16.7077 60.88
      vertex 42.1289 -17.4504 54.88
      vertex 40.5299 -16.788 60.88
    endloop
  endfacet
  facet normal -0.896468 0.345786 -0.277085
    outer loop
      vertex 41.3048 -14.7791 60.88
      vertex 42.9344 -15.3622 54.88
      vertex 40.5609 -16.7077 60.88
    endloop
  endfacet
  facet normal -0.858252 0.432003 -0.277086
    outer loop
      vertex 40.2156 -21.4957 54.88
      vertex 38.7279 -20.6029 60.88
      vertex 41.2219 -19.4965 54.88
    endloop
  endfacet
  facet normal -0.858287 0.431934 -0.277084
    outer loop
      vertex 38.7279 -20.6029 60.88
      vertex 40.2156 -21.4957 54.88
      vertex 38.6892 -20.6798 60.88
    endloop
  endfacet
  facet normal -0.785594 0.55323 -0.277089
    outer loop
      vertex 36.4759 -24.3724 60.88
      vertex 37.915 -25.334 54.88
      vertex 35.2857 -26.0625 60.88
    endloop
  endfacet
  facet normal -0.662536 0.695893 -0.27709
    outer loop
      vertex 30.6231 -33.7874 54.88
      vertex 29.5231 -32.4456 60.88
      vertex 32.2441 -32.2441 54.88
    endloop
  endfacet
  facet normal -0.663044 0.695415 -0.277076
    outer loop
      vertex 29.5231 -32.4456 60.88
      vertex 30.6231 -33.7874 54.88
      vertex 29.4608 -32.505 60.88
    endloop
  endfacet
  facet normal 0.1176 0.953624 -0.277078
    outer loop
      vertex -6.43695 -43.3944 60.88
      vertex -4.38537 -43.6474 60.88
      vertex -6.69091 -45.1064 54.88
    endloop
  endfacet
  facet normal 0.912315 0.3015 -0.27709
    outer loop
      vertex -41.9532 -12.8163 60.88
      vertex -43.6365 -13.237 54.88
      vertex -41.9802 -12.7346 60.88
    endloop
  endfacet
  facet normal 0.912344 0.30141 -0.277092
    outer loop
      vertex -43.6365 -13.237 54.88
      vertex -41.9532 -12.8163 60.88
      vertex -42.9344 -15.3622 54.88
    endloop
  endfacet
  facet normal 0.912353 0.301391 -0.277085
    outer loop
      vertex -41.9532 -12.8163 60.88
      vertex -41.3048 -14.7791 60.88
      vertex -42.9344 -15.3622 54.88
    endloop
  endfacet
  facet normal 0.858287 0.431934 -0.277084
    outer loop
      vertex -40.2156 -21.4957 54.88
      vertex -38.7279 -20.6029 60.88
      vertex -38.6892 -20.6798 60.88
    endloop
  endfacet
  facet normal 0.858252 0.432003 -0.277086
    outer loop
      vertex -38.7279 -20.6029 60.88
      vertex -40.2156 -21.4957 54.88
      vertex -41.2219 -19.4965 54.88
    endloop
  endfacet
  facet normal 0.836166 0.473344 -0.277078
    outer loop
      vertex -39.1124 -23.4431 54.88
      vertex -37.6703 -22.4784 60.88
      vertex -37.6279 -22.5533 60.88
    endloop
  endfacet
  facet normal 0.836017 0.473603 -0.277084
    outer loop
      vertex -37.6703 -22.4784 60.88
      vertex -39.1124 -23.4431 54.88
      vertex -40.2156 -21.4957 54.88
    endloop
  endfacet
  facet normal 0.811457 0.514555 -0.277076
    outer loop
      vertex -37.5818 -22.626 60.88
      vertex -39.1124 -23.4431 54.88
      vertex -37.6279 -22.5533 60.88
    endloop
  endfacet
  facet normal 0.811773 0.51405 -0.277088
    outer loop
      vertex -39.1124 -23.4431 54.88
      vertex -37.5818 -22.626 60.88
      vertex -37.915 -25.334 54.88
    endloop
  endfacet
  facet normal 0.896368 0.346045 -0.277086
    outer loop
      vertex -42.1289 -17.4504 54.88
      vertex -40.5609 -16.7077 60.88
      vertex -40.5299 -16.788 60.88
    endloop
  endfacet
  facet normal 0.896464 0.345801 -0.27708
    outer loop
      vertex -40.5609 -16.7077 60.88
      vertex -42.1289 -17.4504 54.88
      vertex -42.9344 -15.3622 54.88
    endloop
  endfacet
  facet normal 0.878354 0.389511 -0.277083
    outer loop
      vertex -40.495 -16.8667 60.88
      vertex -42.1289 -17.4504 54.88
      vertex -40.5299 -16.788 60.88
    endloop
  endfacet
  facet normal 0.87841 0.389384 -0.277086
    outer loop
      vertex -42.1289 -17.4504 54.88
      vertex -40.495 -16.8667 60.88
      vertex -41.2219 -19.4965 54.88
    endloop
  endfacet
  facet normal 0.663044 0.695415 -0.277076
    outer loop
      vertex -30.6231 -33.7874 54.88
      vertex -29.5231 -32.4456 60.88
      vertex -29.4608 -32.505 60.88
    endloop
  endfacet
  facet normal 0.662536 0.695893 -0.27709
    outer loop
      vertex -29.5231 -32.4456 60.88
      vertex -30.6231 -33.7874 54.88
      vertex -32.2441 -32.2441 54.88
    endloop
  endfacet
  facet normal 0.66255 0.695877 -0.277096
    outer loop
      vertex -31.0202 -31.0202 60.88
      vertex -29.5231 -32.4456 60.88
      vertex -32.2441 -32.2441 54.88
    endloop
  endfacet
  facet normal 0.514051 0.811772 -0.277089
    outer loop
      vertex -24.3724 -36.4759 60.88
      vertex -22.626 -37.5818 60.88
      vertex -25.334 -37.915 54.88
    endloop
  endfacet
  facet normal 0.432007 0.858251 -0.277084
    outer loop
      vertex -18.7565 -39.6573 60.88
      vertex -19.4965 -41.2219 54.88
      vertex -20.6029 -38.7279 60.88
    endloop
  endfacet
  facet normal 0.389378 0.878413 -0.277084
    outer loop
      vertex -18.7565 -39.6573 60.88
      vertex -16.8667 -40.495 60.88
      vertex -19.4965 -41.2219 54.88
    endloop
  endfacet
  facet normal 0.345801 0.896464 -0.27708
    outer loop
      vertex -17.4504 -42.1289 54.88
      vertex -16.7077 -40.5609 60.88
      vertex -15.3622 -42.9344 54.88
    endloop
  endfacet
  facet normal 0.346045 0.896368 -0.277086
    outer loop
      vertex -16.7077 -40.5609 60.88
      vertex -17.4504 -42.1289 54.88
      vertex -16.788 -40.5299 60.88
    endloop
  endfacet
  facet normal 0.301391 0.912353 -0.277085
    outer loop
      vertex -14.7791 -41.3048 60.88
      vertex -12.8163 -41.9532 60.88
      vertex -15.3622 -42.9344 54.88
    endloop
  endfacet
  facet normal 0.3015 0.912315 -0.27709
    outer loop
      vertex -13.237 -43.6365 54.88
      vertex -12.8163 -41.9532 60.88
      vertex -12.7346 -41.9802 60.88
    endloop
  endfacet
  facet normal 0.30141 0.912344 -0.277092
    outer loop
      vertex -12.8163 -41.9532 60.88
      vertex -13.237 -43.6365 54.88
      vertex -15.3622 -42.9344 54.88
    endloop
  endfacet
  facet normal -0.432007 -0.858251 -0.277084
    outer loop
      vertex 19.4965 41.2219 54.88
      vertex 20.6029 38.7279 60.88
      vertex 18.7565 39.6573 60.88
    endloop
  endfacet
  facet normal -0.256263 -0.926043 -0.277082
    outer loop
      vertex 11.0799 44.2334 54.88
      vertex 12.6516 42.0032 60.88
      vertex 10.6594 42.5545 60.88
    endloop
  endfacet
  facet normal 0.432007 -0.858251 -0.277084
    outer loop
      vertex -19.4965 41.2219 54.88
      vertex -18.7565 39.6573 60.88
      vertex -20.6029 38.7279 60.88
    endloop
  endfacet
  facet normal 0.301391 -0.912353 -0.277085
    outer loop
      vertex -12.8163 41.9532 60.88
      vertex -14.7791 41.3048 60.88
      vertex -15.3622 42.9344 54.88
    endloop
  endfacet
  facet normal 0.785594 -0.55323 -0.277089
    outer loop
      vertex -35.2857 26.0625 60.88
      vertex -36.4759 24.3724 60.88
      vertex -37.915 25.334 54.88
    endloop
  endfacet
  facet normal 0.811772 -0.514051 -0.277089
    outer loop
      vertex -36.4759 24.3724 60.88
      vertex -37.5818 22.626 60.88
      vertex -37.915 25.334 54.88
    endloop
  endfacet
  facet normal -0.55323 0.785594 -0.277089
    outer loop
      vertex 26.0625 -35.2857 60.88
      vertex 25.334 -37.915 54.88
      vertex 24.3724 -36.4759 60.88
    endloop
  endfacet
  facet normal -0.591156 0.757469 -0.277084
    outer loop
      vertex 27.1639 -36.6263 54.88
      vertex 27.8303 -33.9114 60.88
      vertex 28.9283 -35.2493 54.88
    endloop
  endfacet
  facet normal -0.591055 0.757533 -0.277125
    outer loop
      vertex 27.8303 -33.9114 60.88
      vertex 27.1639 -36.6263 54.88
      vertex 27.7625 -33.9643 60.88
    endloop
  endfacet
  facet normal -0.431934 0.858287 -0.277084
    outer loop
      vertex 21.4957 -40.2156 54.88
      vertex 20.6029 -38.7279 60.88
      vertex 20.6798 -38.6892 60.88
    endloop
  endfacet
  facet normal -0.432003 0.858252 -0.277086
    outer loop
      vertex 20.6029 -38.7279 60.88
      vertex 21.4957 -40.2156 54.88
      vertex 19.4965 -41.2219 54.88
    endloop
  endfacet
  facet normal -0.473344 0.836166 -0.277078
    outer loop
      vertex 23.4431 -39.1124 54.88
      vertex 22.4784 -37.6703 60.88
      vertex 22.5533 -37.6279 60.88
    endloop
  endfacet
  facet normal -0.473603 0.836017 -0.277084
    outer loop
      vertex 22.4784 -37.6703 60.88
      vertex 23.4431 -39.1124 54.88
      vertex 21.4957 -40.2156 54.88
    endloop
  endfacet
  facet normal -0.553245 0.785585 -0.277086
    outer loop
      vertex 25.334 -37.915 54.88
      vertex 26.1329 -35.2361 60.88
      vertex 27.1639 -36.6263 54.88
    endloop
  endfacet
  facet normal -0.553413 0.785489 -0.277021
    outer loop
      vertex 26.1329 -35.2361 60.88
      vertex 25.334 -37.915 54.88
      vertex 26.0625 -35.2857 60.88
    endloop
  endfacet
  facet normal -0.256588 0.925949 -0.277093
    outer loop
      vertex 13.237 -43.6365 54.88
      vertex 12.6516 -42.0032 60.88
      vertex 12.7346 -41.9802 60.88
    endloop
  endfacet
  facet normal -0.25625 0.926045 -0.277086
    outer loop
      vertex 12.6516 -42.0032 60.88
      vertex 13.237 -43.6365 54.88
      vertex 11.0799 -44.2334 54.88
    endloop
  endfacet
  facet normal -0.30141 0.912344 -0.277092
    outer loop
      vertex 13.237 -43.6365 54.88
      vertex 12.8163 -41.9532 60.88
      vertex 15.3622 -42.9344 54.88
    endloop
  endfacet
  facet normal -0.3015 0.912315 -0.27709
    outer loop
      vertex 12.8163 -41.9532 60.88
      vertex 13.237 -43.6365 54.88
      vertex 12.7346 -41.9802 60.88
    endloop
  endfacet
  facet normal -0.1176 0.953624 -0.277078
    outer loop
      vertex 6.43695 -43.3944 60.88
      vertex 6.69091 -45.1064 54.88
      vertex 4.38537 -43.6474 60.88
    endloop
  endfacet
  facet normal -0.210529 0.937497 -0.277087
    outer loop
      vertex 8.89612 -44.7238 54.88
      vertex 8.64245 -43.0074 60.88
      vertex 11.0799 -44.2334 54.88
    endloop
  endfacet
  facet normal -0.210942 0.937406 -0.277079
    outer loop
      vertex 8.64245 -43.0074 60.88
      vertex 8.89612 -44.7238 54.88
      vertex 8.55846 -43.0263 60.88
    endloop
  endfacet
  facet normal -0.0703216 0.958271 -0.277076
    outer loop
      vertex 4.46958 -45.3804 54.88
      vertex 4.21409 -43.6643 60.88
      vertex 4.29994 -43.658 60.88
    endloop
  endfacet
  facet normal -0.070706 0.958241 -0.277084
    outer loop
      vertex 4.21409 -43.6643 60.88
      vertex 4.46958 -45.3804 54.88
      vertex 2.23749 -45.5451 54.88
    endloop
  endfacet
  facet normal -0.926045 0.25625 -0.277086
    outer loop
      vertex 43.6365 -13.237 54.88
      vertex 42.0032 -12.6516 60.88
      vertex 44.2334 -11.0799 54.88
    endloop
  endfacet
  facet normal -0.925949 0.256588 -0.277093
    outer loop
      vertex 42.0032 -12.6516 60.88
      vertex 43.6365 -13.237 54.88
      vertex 41.9802 -12.7346 60.88
    endloop
  endfacet
  facet normal -0.926043 0.256263 -0.277082
    outer loop
      vertex 42.5545 -10.6594 60.88
      vertex 44.2334 -11.0799 54.88
      vertex 42.0032 -12.6516 60.88
    endloop
  endfacet
  facet normal -0.836018 0.473601 -0.277085
    outer loop
      vertex 38.6892 -20.6798 60.88
      vertex 40.2156 -21.4957 54.88
      vertex 37.6703 -22.4784 60.88
    endloop
  endfacet
  facet normal -0.757468 0.591156 -0.277086
    outer loop
      vertex 35.2361 -26.1329 60.88
      vertex 36.6263 -27.1639 54.88
      vertex 33.9643 -27.7625 60.88
    endloop
  endfacet
  facet normal -0.785489 0.553413 -0.277021
    outer loop
      vertex 37.915 -25.334 54.88
      vertex 35.2361 -26.1329 60.88
      vertex 35.2857 -26.0625 60.88
    endloop
  endfacet
  facet normal -0.785585 0.553245 -0.277086
    outer loop
      vertex 35.2361 -26.1329 60.88
      vertex 37.915 -25.334 54.88
      vertex 36.6263 -27.1639 54.88
    endloop
  endfacet
  facet normal -0.811772 0.514051 -0.277089
    outer loop
      vertex 37.5818 -22.626 60.88
      vertex 37.915 -25.334 54.88
      vertex 36.4759 -24.3724 60.88
    endloop
  endfacet
  facet normal -0.757533 0.591055 -0.277125
    outer loop
      vertex 36.6263 -27.1639 54.88
      vertex 33.9114 -27.8303 60.88
      vertex 33.9643 -27.7625 60.88
    endloop
  endfacet
  facet normal -0.757469 0.591156 -0.277084
    outer loop
      vertex 33.9114 -27.8303 60.88
      vertex 36.6263 -27.1639 54.88
      vertex 35.2493 -28.9283 54.88
    endloop
  endfacet
  facet normal -0.727241 0.62797 -0.277081
    outer loop
      vertex 35.2493 -28.9283 54.88
      vertex 33.8551 -27.8955 60.88
      vertex 33.9114 -27.8303 60.88
    endloop
  endfacet
  facet normal -0.727569 0.627586 -0.277091
    outer loop
      vertex 33.8551 -27.8955 60.88
      vertex 35.2493 -28.9283 54.88
      vertex 33.7874 -30.6231 54.88
    endloop
  endfacet
  facet normal -0.695877 0.66255 -0.277096
    outer loop
      vertex 32.4456 -29.5231 60.88
      vertex 32.2441 -32.2441 54.88
      vertex 31.0202 -31.0202 60.88
    endloop
  endfacet
  facet normal 0.937502 0.210513 -0.277082
    outer loop
      vertex -43.0074 -8.64245 60.88
      vertex -42.5545 -10.6594 60.88
      vertex -44.2334 -11.0799 54.88
    endloop
  endfacet
  facet normal 0.925949 0.256588 -0.277093
    outer loop
      vertex -43.6365 -13.237 54.88
      vertex -42.0032 -12.6516 60.88
      vertex -41.9802 -12.7346 60.88
    endloop
  endfacet
  facet normal 0.926045 0.25625 -0.277086
    outer loop
      vertex -42.0032 -12.6516 60.88
      vertex -43.6365 -13.237 54.88
      vertex -44.2334 -11.0799 54.88
    endloop
  endfacet
  facet normal 0.937406 0.210942 -0.277079
    outer loop
      vertex -43.0074 -8.64245 60.88
      vertex -44.7238 -8.89612 54.88
      vertex -43.0263 -8.55846 60.88
    endloop
  endfacet
  facet normal 0.937497 0.210529 -0.277087
    outer loop
      vertex -44.7238 -8.89612 54.88
      vertex -43.0074 -8.64245 60.88
      vertex -44.2334 -11.0799 54.88
    endloop
  endfacet
  facet normal 0.953624 0.1176 -0.277078
    outer loop
      vertex -43.6474 -4.38537 60.88
      vertex -43.3944 -6.43695 60.88
      vertex -45.1064 -6.69091 54.88
    endloop
  endfacet
  facet normal 0.946701 0.164268 -0.277078
    outer loop
      vertex -43.3944 -6.43695 60.88
      vertex -43.041 -8.47365 60.88
      vertex -45.1064 -6.69091 54.88
    endloop
  endfacet
  facet normal 0.953537 0.118313 -0.277074
    outer loop
      vertex -43.6474 -4.38537 60.88
      vertex -45.3804 -4.46958 54.88
      vertex -43.658 -4.29994 60.88
    endloop
  endfacet
  facet normal 0.953617 0.117628 -0.277087
    outer loop
      vertex -45.3804 -4.46958 54.88
      vertex -43.6474 -4.38537 60.88
      vertex -45.1064 -6.69091 54.88
    endloop
  endfacet
  facet normal 0.958271 0.0703216 -0.277076
    outer loop
      vertex -45.3804 -4.46958 54.88
      vertex -43.6643 -4.21409 60.88
      vertex -43.658 -4.29994 60.88
    endloop
  endfacet
  facet normal 0.958241 0.070706 -0.277084
    outer loop
      vertex -43.6643 -4.21409 60.88
      vertex -45.3804 -4.46958 54.88
      vertex -45.5451 -2.23749 54.88
    endloop
  endfacet
  facet normal 0.960556 -0.0235665 -0.277086
    outer loop
      vertex -43.8164 2.15256 60.88
      vertex -43.8671 0.0860574 60.88
      vertex -45.5451 2.23749 54.88
    endloop
  endfacet
  facet normal 0.960558 0.0234398 -0.277089
    outer loop
      vertex -43.8671 -0.0860574 60.88
      vertex -45.6 0 54.88
      vertex -43.8692 0 60.88
    endloop
  endfacet
  facet normal 0.960556 0.0235686 -0.277087
    outer loop
      vertex -45.6 0 54.88
      vertex -43.8671 -0.0860574 60.88
      vertex -45.5451 -2.23749 54.88
    endloop
  endfacet
  facet normal 0.858251 0.432007 -0.277084
    outer loop
      vertex -39.6573 -18.7565 60.88
      vertex -38.7279 -20.6029 60.88
      vertex -41.2219 -19.4965 54.88
    endloop
  endfacet
  facet normal 0.55323 0.785594 -0.277089
    outer loop
      vertex -24.3724 -36.4759 60.88
      vertex -25.334 -37.915 54.88
      vertex -26.0625 -35.2857 60.88
    endloop
  endfacet
  facet normal -0.591156 0.757468 -0.277086
    outer loop
      vertex 27.7625 -33.9643 60.88
      vertex 27.1639 -36.6263 54.88
      vertex 26.1329 -35.2361 60.88
    endloop
  endfacet
  facet normal -0.345786 0.896468 -0.277085
    outer loop
      vertex 16.7077 -40.5609 60.88
      vertex 15.3622 -42.9344 54.88
      vertex 14.7791 -41.3048 60.88
    endloop
  endfacet
  facet normal -0.346045 0.896368 -0.277086
    outer loop
      vertex 17.4504 -42.1289 54.88
      vertex 16.7077 -40.5609 60.88
      vertex 16.788 -40.5299 60.88
    endloop
  endfacet
  facet normal -0.345801 0.896464 -0.27708
    outer loop
      vertex 16.7077 -40.5609 60.88
      vertex 17.4504 -42.1289 54.88
      vertex 15.3622 -42.9344 54.88
    endloop
  endfacet
  facet normal -0.51405 0.811773 -0.277088
    outer loop
      vertex 23.4431 -39.1124 54.88
      vertex 22.626 -37.5818 60.88
      vertex 25.334 -37.915 54.88
    endloop
  endfacet
  facet normal -0.514555 0.811457 -0.277076
    outer loop
      vertex 22.626 -37.5818 60.88
      vertex 23.4431 -39.1124 54.88
      vertex 22.5533 -37.6279 60.88
    endloop
  endfacet
  facet normal -0.473601 0.836018 -0.277085
    outer loop
      vertex 22.4784 -37.6703 60.88
      vertex 21.4957 -40.2156 54.88
      vertex 20.6798 -38.6892 60.88
    endloop
  endfacet
  facet normal -0.164268 0.946701 -0.277078
    outer loop
      vertex 8.47365 -43.041 60.88
      vertex 6.69091 -45.1064 54.88
      vertex 6.43695 -43.3944 60.88
    endloop
  endfacet
  facet normal -0.164096 0.946731 -0.277081
    outer loop
      vertex 8.89612 -44.7238 54.88
      vertex 8.47365 -43.041 60.88
      vertex 8.55846 -43.0263 60.88
    endloop
  endfacet
  facet normal -0.164251 0.946703 -0.277084
    outer loop
      vertex 8.47365 -43.041 60.88
      vertex 8.89612 -44.7238 54.88
      vertex 6.69091 -45.1064 54.88
    endloop
  endfacet
  facet normal 0.0234398 0.960558 -0.277089
    outer loop
      vertex 0 -45.6 54.88
      vertex -0.0860574 -43.8671 60.88
      vertex 0 -43.8692 60.88
    endloop
  endfacet
  facet normal 0.0235686 0.960556 -0.277087
    outer loop
      vertex -0.0860574 -43.8671 60.88
      vertex 0 -45.6 54.88
      vertex -2.23749 -45.5451 54.88
    endloop
  endfacet
  facet normal -0.0235665 0.960556 -0.277086
    outer loop
      vertex 2.15256 -43.8164 60.88
      vertex 2.23749 -45.5451 54.88
      vertex 0.0860574 -43.8671 60.88
    endloop
  endfacet
  facet normal -0.117628 0.953617 -0.277087
    outer loop
      vertex 4.46958 -45.3804 54.88
      vertex 4.38537 -43.6474 60.88
      vertex 6.69091 -45.1064 54.88
    endloop
  endfacet
  facet normal -0.118313 0.953537 -0.277074
    outer loop
      vertex 4.38537 -43.6474 60.88
      vertex 4.46958 -45.3804 54.88
      vertex 4.29994 -43.658 60.88
    endloop
  endfacet
  facet normal -0.958241 0.070706 -0.277084
    outer loop
      vertex 45.3804 -4.46958 54.88
      vertex 43.6643 -4.21409 60.88
      vertex 45.5451 -2.23749 54.88
    endloop
  endfacet
  facet normal -0.958271 0.0703216 -0.277076
    outer loop
      vertex 43.6643 -4.21409 60.88
      vertex 45.3804 -4.46958 54.88
      vertex 43.658 -4.29994 60.88
    endloop
  endfacet
  facet normal -0.958241 0.0706991 -0.277086
    outer loop
      vertex 43.8164 -2.15256 60.88
      vertex 45.5451 -2.23749 54.88
      vertex 43.6643 -4.21409 60.88
    endloop
  endfacet
  facet normal -0.811457 0.514555 -0.277076
    outer loop
      vertex 39.1124 -23.4431 54.88
      vertex 37.5818 -22.626 60.88
      vertex 37.6279 -22.5533 60.88
    endloop
  endfacet
  facet normal -0.811773 0.51405 -0.277088
    outer loop
      vertex 37.5818 -22.626 60.88
      vertex 39.1124 -23.4431 54.88
      vertex 37.915 -25.334 54.88
    endloop
  endfacet
  facet normal -0.836017 0.473603 -0.277084
    outer loop
      vertex 39.1124 -23.4431 54.88
      vertex 37.6703 -22.4784 60.88
      vertex 40.2156 -21.4957 54.88
    endloop
  endfacet
  facet normal -0.836166 0.473344 -0.277078
    outer loop
      vertex 37.6703 -22.4784 60.88
      vertex 39.1124 -23.4431 54.88
      vertex 37.6279 -22.5533 60.88
    endloop
  endfacet
  facet normal -0.727593 0.627562 -0.27708
    outer loop
      vertex 33.8551 -27.8955 60.88
      vertex 33.7874 -30.6231 54.88
      vertex 32.505 -29.4608 60.88
    endloop
  endfacet
  facet normal -0.695415 0.663044 -0.277076
    outer loop
      vertex 33.7874 -30.6231 54.88
      vertex 32.4456 -29.5231 60.88
      vertex 32.505 -29.4608 60.88
    endloop
  endfacet
  facet normal -0.695893 0.662536 -0.27709
    outer loop
      vertex 32.4456 -29.5231 60.88
      vertex 33.7874 -30.6231 54.88
      vertex 32.2441 -32.2441 54.88
    endloop
  endfacet
  facet normal -0.66255 0.695877 -0.277096
    outer loop
      vertex 31.0202 -31.0202 60.88
      vertex 32.2441 -32.2441 54.88
      vertex 29.5231 -32.4456 60.88
    endloop
  endfacet
  facet normal 0.926043 0.256263 -0.277082
    outer loop
      vertex -42.5545 -10.6594 60.88
      vertex -42.0032 -12.6516 60.88
      vertex -44.2334 -11.0799 54.88
    endloop
  endfacet
  facet normal 0.960556 0.0235665 -0.277086
    outer loop
      vertex -43.8671 -0.0860574 60.88
      vertex -43.8164 -2.15256 60.88
      vertex -45.5451 -2.23749 54.88
    endloop
  endfacet
  facet normal 0.960558 -0.0234398 -0.277089
    outer loop
      vertex -45.6 0 54.88
      vertex -43.8671 0.0860574 60.88
      vertex -43.8692 0 60.88
    endloop
  endfacet
  facet normal 0.960556 -0.0235686 -0.277087
    outer loop
      vertex -43.8671 0.0860574 60.88
      vertex -45.6 0 54.88
      vertex -45.5451 2.23749 54.88
    endloop
  endfacet
  facet normal 0 0 1
    outer loop
      vertex 43 0 54.88
      vertex 45.6 0 54.88
      vertex 45.5451 2.23749 54.88
    endloop
  endfacet
  facet normal 0 0 1
    outer loop
      vertex 42.9482 2.10991 54.88
      vertex 45.5451 2.23749 54.88
      vertex 45.3804 4.46958 54.88
    endloop
  endfacet
  facet normal 0 0 1
    outer loop
      vertex 45.6 0 54.88
      vertex 43 0 54.88
      vertex 45.5451 -2.23749 54.88
    endloop
  endfacet
  facet normal 0 0 1
    outer loop
      vertex 42.7929 4.21474 54.88
      vertex 45.3804 4.46958 54.88
      vertex 45.1064 6.69091 54.88
    endloop
  endfacet
  facet normal -0 0 1
    outer loop
      vertex 42.9482 -2.10991 54.88
      vertex 45.5451 -2.23749 54.88
      vertex 43 0 54.88
    endloop
  endfacet
  facet normal 0 0 1
    outer loop
      vertex 42.5346 6.30941 54.88
      vertex 45.1064 6.69091 54.88
      vertex 44.7238 8.89612 54.88
    endloop
  endfacet
  facet normal 0 0 1
    outer loop
      vertex 45.5451 -2.23749 54.88
      vertex 42.9482 -2.10991 54.88
      vertex 45.3804 -4.46958 54.88
    endloop
  endfacet
  facet normal 0 0 1
    outer loop
      vertex 42.1738 8.38888 54.88
      vertex 44.7238 8.89612 54.88
      vertex 44.2334 11.0799 54.88
    endloop
  endfacet
  facet normal -0 0 1
    outer loop
      vertex 42.7929 -4.21474 54.88
      vertex 45.3804 -4.46958 54.88
      vertex 42.9482 -2.10991 54.88
    endloop
  endfacet
  facet normal 0 0 1
    outer loop
      vertex 41.7113 10.4481 54.88
      vertex 44.2334 11.0799 54.88
      vertex 43.6365 13.237 54.88
    endloop
  endfacet
  facet normal 0 0 1
    outer loop
      vertex 45.3804 -4.46958 54.88
      vertex 42.7929 -4.21474 54.88
      vertex 45.1064 -6.69091 54.88
    endloop
  endfacet
  facet normal -0 0 1
    outer loop
      vertex 42.5346 -6.30941 54.88
      vertex 45.1064 -6.69091 54.88
      vertex 42.7929 -4.21474 54.88
    endloop
  endfacet
  facet normal 0 0 1
    outer loop
      vertex 45.5451 2.23749 54.88
      vertex 42.9482 2.10991 54.88
      vertex 43 0 54.88
    endloop
  endfacet
  facet normal 0 0 1
    outer loop
      vertex 41.1484 12.4822 54.88
      vertex 43.6365 13.237 54.88
      vertex 42.9344 15.3622 54.88
    endloop
  endfacet
  facet normal 0 0 1
    outer loop
      vertex 45.3804 4.46958 54.88
      vertex 42.7929 4.21474 54.88
      vertex 42.9482 2.10991 54.88
    endloop
  endfacet
  facet normal 0 0 1
    outer loop
      vertex 45.1064 6.69091 54.88
      vertex 42.5346 6.30941 54.88
      vertex 42.7929 4.21474 54.88
    endloop
  endfacet
  facet normal 0 0 1
    outer loop
      vertex 44.7238 8.89612 54.88
      vertex 42.1738 8.38888 54.88
      vertex 42.5346 6.30941 54.88
    endloop
  endfacet
  facet normal 0 0 1
    outer loop
      vertex 40.4864 14.4863 54.88
      vertex 42.9344 15.3622 54.88
      vertex 42.1289 17.4504 54.88
    endloop
  endfacet
  facet normal 0 0 1
    outer loop
      vertex 44.2334 11.0799 54.88
      vertex 41.7113 10.4481 54.88
      vertex 42.1738 8.38888 54.88
    endloop
  endfacet
  facet normal 0 0 1
    outer loop
      vertex 39.7268 16.4554 54.88
      vertex 42.1289 17.4504 54.88
      vertex 41.2219 19.4965 54.88
    endloop
  endfacet
  facet normal 0 0 1
    outer loop
      vertex 43.6365 13.237 54.88
      vertex 41.1484 12.4822 54.88
      vertex 41.7113 10.4481 54.88
    endloop
  endfacet
  facet normal 0 0 1
    outer loop
      vertex 42.9344 15.3622 54.88
      vertex 40.4864 14.4863 54.88
      vertex 41.1484 12.4822 54.88
    endloop
  endfacet
  facet normal 0 0 1
    outer loop
      vertex 38.8715 18.3849 54.88
      vertex 41.2219 19.4965 54.88
      vertex 40.2156 21.4957 54.88
    endloop
  endfacet
  facet normal 0 0 1
    outer loop
      vertex 42.1289 17.4504 54.88
      vertex 39.7268 16.4554 54.88
      vertex 40.4864 14.4863 54.88
    endloop
  endfacet
  facet normal 0 0 1
    outer loop
      vertex 37.9226 20.2701 54.88
      vertex 40.2156 21.4957 54.88
      vertex 39.1124 23.4431 54.88
    endloop
  endfacet
  facet normal 0 0 1
    outer loop
      vertex 41.2219 19.4965 54.88
      vertex 38.8715 18.3849 54.88
      vertex 39.7268 16.4554 54.88
    endloop
  endfacet
  facet normal 0 0 1
    outer loop
      vertex 40.2156 21.4957 54.88
      vertex 37.9226 20.2701 54.88
      vertex 38.8715 18.3849 54.88
    endloop
  endfacet
  facet normal 0 0 1
    outer loop
      vertex 36.8823 22.1064 54.88
      vertex 39.1124 23.4431 54.88
      vertex 37.915 25.334 54.88
    endloop
  endfacet
  facet normal 0 0 1
    outer loop
      vertex 39.1124 23.4431 54.88
      vertex 36.8823 22.1064 54.88
      vertex 37.9226 20.2701 54.88
    endloop
  endfacet
  facet normal 0 0 1
    outer loop
      vertex 35.7532 23.8895 54.88
      vertex 37.915 25.334 54.88
      vertex 36.6263 27.1639 54.88
    endloop
  endfacet
  facet normal 0 0 1
    outer loop
      vertex 37.915 25.334 54.88
      vertex 35.7532 23.8895 54.88
      vertex 36.8823 22.1064 54.88
    endloop
  endfacet
  facet normal 0 0 1
    outer loop
      vertex 34.5379 25.6151 54.88
      vertex 36.6263 27.1639 54.88
      vertex 35.2493 28.9283 54.88
    endloop
  endfacet
  facet normal 0 0 1
    outer loop
      vertex 36.6263 27.1639 54.88
      vertex 34.5379 25.6151 54.88
      vertex 35.7532 23.8895 54.88
    endloop
  endfacet
  facet normal 0 0 1
    outer loop
      vertex 33.2394 27.2789 54.88
      vertex 35.2493 28.9283 54.88
      vertex 33.7874 30.6231 54.88
    endloop
  endfacet
  facet normal 0 0 1
    outer loop
      vertex 35.2493 28.9283 54.88
      vertex 33.2394 27.2789 54.88
      vertex 34.5379 25.6151 54.88
    endloop
  endfacet
  facet normal 0 0 1
    outer loop
      vertex 31.8609 28.877 54.88
      vertex 33.7874 30.6231 54.88
      vertex 32.2441 32.2441 54.88
    endloop
  endfacet
  facet normal 0 0 1
    outer loop
      vertex 33.7874 30.6231 54.88
      vertex 31.8609 28.877 54.88
      vertex 33.2394 27.2789 54.88
    endloop
  endfacet
  facet normal 0 0 1
    outer loop
      vertex 30.4056 30.4056 54.88
      vertex 32.2441 32.2441 54.88
      vertex 30.6231 33.7874 54.88
    endloop
  endfacet
  facet normal 0 0 1
    outer loop
      vertex 32.2441 32.2441 54.88
      vertex 30.4056 30.4056 54.88
      vertex 31.8609 28.877 54.88
    endloop
  endfacet
  facet normal 0 0 1
    outer loop
      vertex 28.877 31.8609 54.88
      vertex 30.6231 33.7874 54.88
      vertex 28.9283 35.2493 54.88
    endloop
  endfacet
  facet normal 0 0 1
    outer loop
      vertex 30.6231 33.7874 54.88
      vertex 28.877 31.8609 54.88
      vertex 30.4056 30.4056 54.88
    endloop
  endfacet
  facet normal 0 0 1
    outer loop
      vertex 28.9283 35.2493 54.88
      vertex 27.2789 33.2394 54.88
      vertex 28.877 31.8609 54.88
    endloop
  endfacet
  facet normal 0 0 1
    outer loop
      vertex 27.1639 36.6263 54.88
      vertex 27.2789 33.2394 54.88
      vertex 28.9283 35.2493 54.88
    endloop
  endfacet
  facet normal 0 0 1
    outer loop
      vertex 27.1639 36.6263 54.88
      vertex 25.6151 34.5379 54.88
      vertex 27.2789 33.2394 54.88
    endloop
  endfacet
  facet normal 0 0 1
    outer loop
      vertex 25.334 37.915 54.88
      vertex 25.6151 34.5379 54.88
      vertex 27.1639 36.6263 54.88
    endloop
  endfacet
  facet normal 0 0 1
    outer loop
      vertex 25.334 37.915 54.88
      vertex 23.8895 35.7532 54.88
      vertex 25.6151 34.5379 54.88
    endloop
  endfacet
  facet normal 0 0 1
    outer loop
      vertex 23.4431 39.1124 54.88
      vertex 23.8895 35.7532 54.88
      vertex 25.334 37.915 54.88
    endloop
  endfacet
  facet normal 0 0 1
    outer loop
      vertex 23.4431 39.1124 54.88
      vertex 22.1064 36.8823 54.88
      vertex 23.8895 35.7532 54.88
    endloop
  endfacet
  facet normal 0 0 1
    outer loop
      vertex 21.4957 40.2156 54.88
      vertex 22.1064 36.8823 54.88
      vertex 23.4431 39.1124 54.88
    endloop
  endfacet
  facet normal 0 0 1
    outer loop
      vertex 21.4957 40.2156 54.88
      vertex 20.2701 37.9226 54.88
      vertex 22.1064 36.8823 54.88
    endloop
  endfacet
  facet normal 0 0 1
    outer loop
      vertex 19.4965 41.2219 54.88
      vertex 20.2701 37.9226 54.88
      vertex 21.4957 40.2156 54.88
    endloop
  endfacet
  facet normal 0 0 1
    outer loop
      vertex 19.4965 41.2219 54.88
      vertex 18.3849 38.8715 54.88
      vertex 20.2701 37.9226 54.88
    endloop
  endfacet
  facet normal 0 0 1
    outer loop
      vertex 17.4504 42.1289 54.88
      vertex 18.3849 38.8715 54.88
      vertex 19.4965 41.2219 54.88
    endloop
  endfacet
  facet normal 0 0 1
    outer loop
      vertex 17.4504 42.1289 54.88
      vertex 16.4554 39.7268 54.88
      vertex 18.3849 38.8715 54.88
    endloop
  endfacet
  facet normal 0 0 1
    outer loop
      vertex 15.3622 42.9344 54.88
      vertex 16.4554 39.7268 54.88
      vertex 17.4504 42.1289 54.88
    endloop
  endfacet
  facet normal 0 0 1
    outer loop
      vertex 15.3622 42.9344 54.88
      vertex 14.4863 40.4864 54.88
      vertex 16.4554 39.7268 54.88
    endloop
  endfacet
  facet normal 0 0 1
    outer loop
      vertex 13.237 43.6365 54.88
      vertex 14.4863 40.4864 54.88
      vertex 15.3622 42.9344 54.88
    endloop
  endfacet
  facet normal 0 0 1
    outer loop
      vertex 13.237 43.6365 54.88
      vertex 12.4822 41.1484 54.88
      vertex 14.4863 40.4864 54.88
    endloop
  endfacet
  facet normal 0 0 1
    outer loop
      vertex 11.0799 44.2334 54.88
      vertex 12.4822 41.1484 54.88
      vertex 13.237 43.6365 54.88
    endloop
  endfacet
  facet normal 0 0 1
    outer loop
      vertex 11.0799 44.2334 54.88
      vertex 10.4481 41.7113 54.88
      vertex 12.4822 41.1484 54.88
    endloop
  endfacet
  facet normal 0 0 1
    outer loop
      vertex 8.89612 44.7238 54.88
      vertex 10.4481 41.7113 54.88
      vertex 11.0799 44.2334 54.88
    endloop
  endfacet
  facet normal 0 0 1
    outer loop
      vertex 8.89612 44.7238 54.88
      vertex 8.38888 42.1738 54.88
      vertex 10.4481 41.7113 54.88
    endloop
  endfacet
  facet normal 0 0 1
    outer loop
      vertex 6.69091 45.1064 54.88
      vertex 8.38888 42.1738 54.88
      vertex 8.89612 44.7238 54.88
    endloop
  endfacet
  facet normal 0 0 1
    outer loop
      vertex 6.69091 45.1064 54.88
      vertex 6.30941 42.5346 54.88
      vertex 8.38888 42.1738 54.88
    endloop
  endfacet
  facet normal 0 0 1
    outer loop
      vertex 4.46958 45.3804 54.88
      vertex 6.30941 42.5346 54.88
      vertex 6.69091 45.1064 54.88
    endloop
  endfacet
  facet normal 0 0 1
    outer loop
      vertex 4.46958 45.3804 54.88
      vertex 4.21474 42.7929 54.88
      vertex 6.30941 42.5346 54.88
    endloop
  endfacet
  facet normal 0 0 1
    outer loop
      vertex 2.23749 45.5451 54.88
      vertex 4.21474 42.7929 54.88
      vertex 4.46958 45.3804 54.88
    endloop
  endfacet
  facet normal 0 0 1
    outer loop
      vertex 2.23749 45.5451 54.88
      vertex 2.10991 42.9482 54.88
      vertex 4.21474 42.7929 54.88
    endloop
  endfacet
  facet normal 0 0 1
    outer loop
      vertex 0 45.6 54.88
      vertex 2.10991 42.9482 54.88
      vertex 2.23749 45.5451 54.88
    endloop
  endfacet
  facet normal 0 0 1
    outer loop
      vertex 0 45.6 54.88
      vertex 0 43 54.88
      vertex 2.10991 42.9482 54.88
    endloop
  endfacet
  facet normal 0 0 1
    outer loop
      vertex 0 45.6 54.88
      vertex -2.10991 42.9482 54.88
      vertex 0 43 54.88
    endloop
  endfacet
  facet normal -0 0 1
    outer loop
      vertex -2.23749 45.5451 54.88
      vertex -2.10991 42.9482 54.88
      vertex 0 45.6 54.88
    endloop
  endfacet
  facet normal 0 0 1
    outer loop
      vertex -2.23749 45.5451 54.88
      vertex -4.21474 42.7929 54.88
      vertex -2.10991 42.9482 54.88
    endloop
  endfacet
  facet normal -0 0 1
    outer loop
      vertex -4.46958 45.3804 54.88
      vertex -4.21474 42.7929 54.88
      vertex -2.23749 45.5451 54.88
    endloop
  endfacet
  facet normal 0 0 1
    outer loop
      vertex -4.46958 45.3804 54.88
      vertex -6.30941 42.5346 54.88
      vertex -4.21474 42.7929 54.88
    endloop
  endfacet
  facet normal -0 0 1
    outer loop
      vertex -6.69091 45.1064 54.88
      vertex -6.30941 42.5346 54.88
      vertex -4.46958 45.3804 54.88
    endloop
  endfacet
  facet normal 0 0 1
    outer loop
      vertex -6.69091 45.1064 54.88
      vertex -8.38888 42.1738 54.88
      vertex -6.30941 42.5346 54.88
    endloop
  endfacet
  facet normal -0 0 1
    outer loop
      vertex -8.89612 44.7238 54.88
      vertex -8.38888 42.1738 54.88
      vertex -6.69091 45.1064 54.88
    endloop
  endfacet
  facet normal 0 0 1
    outer loop
      vertex -8.89612 44.7238 54.88
      vertex -10.4481 41.7113 54.88
      vertex -8.38888 42.1738 54.88
    endloop
  endfacet
  facet normal -0 0 1
    outer loop
      vertex -11.0799 44.2334 54.88
      vertex -10.4481 41.7113 54.88
      vertex -8.89612 44.7238 54.88
    endloop
  endfacet
  facet normal 0 0 1
    outer loop
      vertex -11.0799 44.2334 54.88
      vertex -12.4822 41.1484 54.88
      vertex -10.4481 41.7113 54.88
    endloop
  endfacet
  facet normal -0 0 1
    outer loop
      vertex -13.237 43.6365 54.88
      vertex -12.4822 41.1484 54.88
      vertex -11.0799 44.2334 54.88
    endloop
  endfacet
  facet normal 0 0 1
    outer loop
      vertex -13.237 43.6365 54.88
      vertex -14.4863 40.4864 54.88
      vertex -12.4822 41.1484 54.88
    endloop
  endfacet
  facet normal -0 0 1
    outer loop
      vertex -15.3622 42.9344 54.88
      vertex -14.4863 40.4864 54.88
      vertex -13.237 43.6365 54.88
    endloop
  endfacet
  facet normal 0 0 1
    outer loop
      vertex -15.3622 42.9344 54.88
      vertex -16.4554 39.7268 54.88
      vertex -14.4863 40.4864 54.88
    endloop
  endfacet
  facet normal -0 0 1
    outer loop
      vertex -17.4504 42.1289 54.88
      vertex -16.4554 39.7268 54.88
      vertex -15.3622 42.9344 54.88
    endloop
  endfacet
  facet normal 0 0 1
    outer loop
      vertex -17.4504 42.1289 54.88
      vertex -18.3849 38.8715 54.88
      vertex -16.4554 39.7268 54.88
    endloop
  endfacet
  facet normal -0 0 1
    outer loop
      vertex -19.4965 41.2219 54.88
      vertex -18.3849 38.8715 54.88
      vertex -17.4504 42.1289 54.88
    endloop
  endfacet
  facet normal 0 0 1
    outer loop
      vertex -19.4965 41.2219 54.88
      vertex -20.2701 37.9226 54.88
      vertex -18.3849 38.8715 54.88
    endloop
  endfacet
  facet normal -0 0 1
    outer loop
      vertex -21.4957 40.2156 54.88
      vertex -20.2701 37.9226 54.88
      vertex -19.4965 41.2219 54.88
    endloop
  endfacet
  facet normal 0 0 1
    outer loop
      vertex -21.4957 40.2156 54.88
      vertex -22.1064 36.8823 54.88
      vertex -20.2701 37.9226 54.88
    endloop
  endfacet
  facet normal -0 0 1
    outer loop
      vertex -23.4431 39.1124 54.88
      vertex -22.1064 36.8823 54.88
      vertex -21.4957 40.2156 54.88
    endloop
  endfacet
  facet normal 0 0 1
    outer loop
      vertex -23.4431 39.1124 54.88
      vertex -23.8895 35.7532 54.88
      vertex -22.1064 36.8823 54.88
    endloop
  endfacet
  facet normal -0 0 1
    outer loop
      vertex -25.334 37.915 54.88
      vertex -23.8895 35.7532 54.88
      vertex -23.4431 39.1124 54.88
    endloop
  endfacet
  facet normal 0 0 1
    outer loop
      vertex -25.334 37.915 54.88
      vertex -25.6151 34.5379 54.88
      vertex -23.8895 35.7532 54.88
    endloop
  endfacet
  facet normal -0 0 1
    outer loop
      vertex -27.1639 36.6263 54.88
      vertex -25.6151 34.5379 54.88
      vertex -25.334 37.915 54.88
    endloop
  endfacet
  facet normal 0 0 1
    outer loop
      vertex -27.1639 36.6263 54.88
      vertex -27.2789 33.2394 54.88
      vertex -25.6151 34.5379 54.88
    endloop
  endfacet
  facet normal -0 0 1
    outer loop
      vertex -28.9283 35.2493 54.88
      vertex -27.2789 33.2394 54.88
      vertex -27.1639 36.6263 54.88
    endloop
  endfacet
  facet normal 0 0 1
    outer loop
      vertex -27.2789 33.2394 54.88
      vertex -28.9283 35.2493 54.88
      vertex -28.877 31.8609 54.88
    endloop
  endfacet
  facet normal -0 0 1
    outer loop
      vertex -30.6231 33.7874 54.88
      vertex -28.877 31.8609 54.88
      vertex -28.9283 35.2493 54.88
    endloop
  endfacet
  facet normal 0 0 1
    outer loop
      vertex -28.877 31.8609 54.88
      vertex -30.6231 33.7874 54.88
      vertex -30.4056 30.4056 54.88
    endloop
  endfacet
  facet normal -0 0 1
    outer loop
      vertex -32.2441 32.2441 54.88
      vertex -30.4056 30.4056 54.88
      vertex -30.6231 33.7874 54.88
    endloop
  endfacet
  facet normal 0 0 1
    outer loop
      vertex -30.4056 30.4056 54.88
      vertex -32.2441 32.2441 54.88
      vertex -31.8609 28.877 54.88
    endloop
  endfacet
  facet normal -0 0 1
    outer loop
      vertex -33.7874 30.6231 54.88
      vertex -31.8609 28.877 54.88
      vertex -32.2441 32.2441 54.88
    endloop
  endfacet
  facet normal 0 0 1
    outer loop
      vertex -31.8609 28.877 54.88
      vertex -33.7874 30.6231 54.88
      vertex -33.2394 27.2789 54.88
    endloop
  endfacet
  facet normal -0 0 1
    outer loop
      vertex -35.2493 28.9283 54.88
      vertex -33.2394 27.2789 54.88
      vertex -33.7874 30.6231 54.88
    endloop
  endfacet
  facet normal 0 0 1
    outer loop
      vertex -33.2394 27.2789 54.88
      vertex -35.2493 28.9283 54.88
      vertex -34.5379 25.6151 54.88
    endloop
  endfacet
  facet normal -0 0 1
    outer loop
      vertex -36.6263 27.1639 54.88
      vertex -34.5379 25.6151 54.88
      vertex -35.2493 28.9283 54.88
    endloop
  endfacet
  facet normal 0 0 1
    outer loop
      vertex -34.5379 25.6151 54.88
      vertex -36.6263 27.1639 54.88
      vertex -35.7532 23.8895 54.88
    endloop
  endfacet
  facet normal -0 0 1
    outer loop
      vertex -37.915 25.334 54.88
      vertex -35.7532 23.8895 54.88
      vertex -36.6263 27.1639 54.88
    endloop
  endfacet
  facet normal 0 0 1
    outer loop
      vertex -35.7532 23.8895 54.88
      vertex -37.915 25.334 54.88
      vertex -36.8823 22.1064 54.88
    endloop
  endfacet
  facet normal -0 0 1
    outer loop
      vertex -39.1124 23.4431 54.88
      vertex -36.8823 22.1064 54.88
      vertex -37.915 25.334 54.88
    endloop
  endfacet
  facet normal 0 0 1
    outer loop
      vertex -36.8823 22.1064 54.88
      vertex -39.1124 23.4431 54.88
      vertex -37.9226 20.2701 54.88
    endloop
  endfacet
  facet normal -0 0 1
    outer loop
      vertex -40.2156 21.4957 54.88
      vertex -37.9226 20.2701 54.88
      vertex -39.1124 23.4431 54.88
    endloop
  endfacet
  facet normal 0 0 1
    outer loop
      vertex -37.9226 20.2701 54.88
      vertex -40.2156 21.4957 54.88
      vertex -38.8715 18.3849 54.88
    endloop
  endfacet
  facet normal -0 0 1
    outer loop
      vertex -41.2219 19.4965 54.88
      vertex -38.8715 18.3849 54.88
      vertex -40.2156 21.4957 54.88
    endloop
  endfacet
  facet normal 0 0 1
    outer loop
      vertex -38.8715 18.3849 54.88
      vertex -41.2219 19.4965 54.88
      vertex -39.7268 16.4554 54.88
    endloop
  endfacet
  facet normal -0 0 1
    outer loop
      vertex -42.1289 17.4504 54.88
      vertex -39.7268 16.4554 54.88
      vertex -41.2219 19.4965 54.88
    endloop
  endfacet
  facet normal 0 0 1
    outer loop
      vertex -39.7268 16.4554 54.88
      vertex -42.1289 17.4504 54.88
      vertex -40.4864 14.4863 54.88
    endloop
  endfacet
  facet normal -0 0 1
    outer loop
      vertex -42.9344 15.3622 54.88
      vertex -40.4864 14.4863 54.88
      vertex -42.1289 17.4504 54.88
    endloop
  endfacet
  facet normal 0 0 1
    outer loop
      vertex -40.4864 14.4863 54.88
      vertex -42.9344 15.3622 54.88
      vertex -41.1484 12.4822 54.88
    endloop
  endfacet
  facet normal -0 0 1
    outer loop
      vertex -43.6365 13.237 54.88
      vertex -41.1484 12.4822 54.88
      vertex -42.9344 15.3622 54.88
    endloop
  endfacet
  facet normal 0 0 1
    outer loop
      vertex -41.1484 12.4822 54.88
      vertex -43.6365 13.237 54.88
      vertex -41.7113 10.4481 54.88
    endloop
  endfacet
  facet normal -0 0 1
    outer loop
      vertex -44.2334 11.0799 54.88
      vertex -41.7113 10.4481 54.88
      vertex -43.6365 13.237 54.88
    endloop
  endfacet
  facet normal 0 0 1
    outer loop
      vertex -41.7113 10.4481 54.88
      vertex -44.2334 11.0799 54.88
      vertex -42.1738 8.38888 54.88
    endloop
  endfacet
  facet normal -0 0 1
    outer loop
      vertex -44.7238 8.89612 54.88
      vertex -42.1738 8.38888 54.88
      vertex -44.2334 11.0799 54.88
    endloop
  endfacet
  facet normal 0 0 1
    outer loop
      vertex -42.1738 8.38888 54.88
      vertex -44.7238 8.89612 54.88
      vertex -42.5346 6.30941 54.88
    endloop
  endfacet
  facet normal -0 0 1
    outer loop
      vertex -45.1064 6.69091 54.88
      vertex -42.5346 6.30941 54.88
      vertex -44.7238 8.89612 54.88
    endloop
  endfacet
  facet normal 0 0 1
    outer loop
      vertex 45.1064 -6.69091 54.88
      vertex 42.5346 -6.30941 54.88
      vertex 44.7238 -8.89612 54.88
    endloop
  endfacet
  facet normal -0 0 1
    outer loop
      vertex 42.1738 -8.38888 54.88
      vertex 44.7238 -8.89612 54.88
      vertex 42.5346 -6.30941 54.88
    endloop
  endfacet
  facet normal 0 0 1
    outer loop
      vertex 44.7238 -8.89612 54.88
      vertex 42.1738 -8.38888 54.88
      vertex 44.2334 -11.0799 54.88
    endloop
  endfacet
  facet normal -0 0 1
    outer loop
      vertex 41.7113 -10.4481 54.88
      vertex 44.2334 -11.0799 54.88
      vertex 42.1738 -8.38888 54.88
    endloop
  endfacet
  facet normal 0 0 1
    outer loop
      vertex 44.2334 -11.0799 54.88
      vertex 41.7113 -10.4481 54.88
      vertex 43.6365 -13.237 54.88
    endloop
  endfacet
  facet normal -0 0 1
    outer loop
      vertex 41.1484 -12.4822 54.88
      vertex 43.6365 -13.237 54.88
      vertex 41.7113 -10.4481 54.88
    endloop
  endfacet
  facet normal 0 0 1
    outer loop
      vertex 43.6365 -13.237 54.88
      vertex 41.1484 -12.4822 54.88
      vertex 42.9344 -15.3622 54.88
    endloop
  endfacet
  facet normal -0 0 1
    outer loop
      vertex 40.4864 -14.4863 54.88
      vertex 42.9344 -15.3622 54.88
      vertex 41.1484 -12.4822 54.88
    endloop
  endfacet
  facet normal 0 0 1
    outer loop
      vertex 42.9344 -15.3622 54.88
      vertex 40.4864 -14.4863 54.88
      vertex 42.1289 -17.4504 54.88
    endloop
  endfacet
  facet normal -0 0 1
    outer loop
      vertex 39.7268 -16.4554 54.88
      vertex 42.1289 -17.4504 54.88
      vertex 40.4864 -14.4863 54.88
    endloop
  endfacet
  facet normal 0 0 1
    outer loop
      vertex 42.1289 -17.4504 54.88
      vertex 39.7268 -16.4554 54.88
      vertex 41.2219 -19.4965 54.88
    endloop
  endfacet
  facet normal -0 0 1
    outer loop
      vertex 38.8715 -18.3849 54.88
      vertex 41.2219 -19.4965 54.88
      vertex 39.7268 -16.4554 54.88
    endloop
  endfacet
  facet normal 0 0 1
    outer loop
      vertex 41.2219 -19.4965 54.88
      vertex 38.8715 -18.3849 54.88
      vertex 40.2156 -21.4957 54.88
    endloop
  endfacet
  facet normal -0 0 1
    outer loop
      vertex 37.9226 -20.2701 54.88
      vertex 40.2156 -21.4957 54.88
      vertex 38.8715 -18.3849 54.88
    endloop
  endfacet
  facet normal 0 0 1
    outer loop
      vertex 40.2156 -21.4957 54.88
      vertex 37.9226 -20.2701 54.88
      vertex 39.1124 -23.4431 54.88
    endloop
  endfacet
  facet normal -0 0 1
    outer loop
      vertex 36.8823 -22.1064 54.88
      vertex 39.1124 -23.4431 54.88
      vertex 37.9226 -20.2701 54.88
    endloop
  endfacet
  facet normal 0 0 1
    outer loop
      vertex 39.1124 -23.4431 54.88
      vertex 36.8823 -22.1064 54.88
      vertex 37.915 -25.334 54.88
    endloop
  endfacet
  facet normal -0 0 1
    outer loop
      vertex 35.7532 -23.8895 54.88
      vertex 37.915 -25.334 54.88
      vertex 36.8823 -22.1064 54.88
    endloop
  endfacet
  facet normal 0 0 1
    outer loop
      vertex 37.915 -25.334 54.88
      vertex 35.7532 -23.8895 54.88
      vertex 36.6263 -27.1639 54.88
    endloop
  endfacet
  facet normal -0 0 1
    outer loop
      vertex 34.5379 -25.6151 54.88
      vertex 36.6263 -27.1639 54.88
      vertex 35.7532 -23.8895 54.88
    endloop
  endfacet
  facet normal 0 0 1
    outer loop
      vertex 36.6263 -27.1639 54.88
      vertex 34.5379 -25.6151 54.88
      vertex 35.2493 -28.9283 54.88
    endloop
  endfacet
  facet normal -0 0 1
    outer loop
      vertex 33.2394 -27.2789 54.88
      vertex 35.2493 -28.9283 54.88
      vertex 34.5379 -25.6151 54.88
    endloop
  endfacet
  facet normal 0 0 1
    outer loop
      vertex 35.2493 -28.9283 54.88
      vertex 33.2394 -27.2789 54.88
      vertex 33.7874 -30.6231 54.88
    endloop
  endfacet
  facet normal -0 0 1
    outer loop
      vertex 31.8609 -28.877 54.88
      vertex 33.7874 -30.6231 54.88
      vertex 33.2394 -27.2789 54.88
    endloop
  endfacet
  facet normal 0 0 1
    outer loop
      vertex 33.7874 -30.6231 54.88
      vertex 31.8609 -28.877 54.88
      vertex 32.2441 -32.2441 54.88
    endloop
  endfacet
  facet normal -0 0 1
    outer loop
      vertex 30.4056 -30.4056 54.88
      vertex 32.2441 -32.2441 54.88
      vertex 31.8609 -28.877 54.88
    endloop
  endfacet
  facet normal 0 0 1
    outer loop
      vertex 32.2441 -32.2441 54.88
      vertex 30.4056 -30.4056 54.88
      vertex 30.6231 -33.7874 54.88
    endloop
  endfacet
  facet normal -0 0 1
    outer loop
      vertex 28.877 -31.8609 54.88
      vertex 30.6231 -33.7874 54.88
      vertex 30.4056 -30.4056 54.88
    endloop
  endfacet
  facet normal 0 0 1
    outer loop
      vertex 30.6231 -33.7874 54.88
      vertex 28.877 -31.8609 54.88
      vertex 28.9283 -35.2493 54.88
    endloop
  endfacet
  facet normal -0 0 1
    outer loop
      vertex 27.2789 -33.2394 54.88
      vertex 28.9283 -35.2493 54.88
      vertex 28.877 -31.8609 54.88
    endloop
  endfacet
  facet normal 0 0 1
    outer loop
      vertex 27.2789 -33.2394 54.88
      vertex 27.1639 -36.6263 54.88
      vertex 28.9283 -35.2493 54.88
    endloop
  endfacet
  facet normal -0 0 1
    outer loop
      vertex 25.6151 -34.5379 54.88
      vertex 27.1639 -36.6263 54.88
      vertex 27.2789 -33.2394 54.88
    endloop
  endfacet
  facet normal 0 0 1
    outer loop
      vertex 25.6151 -34.5379 54.88
      vertex 25.334 -37.915 54.88
      vertex 27.1639 -36.6263 54.88
    endloop
  endfacet
  facet normal -0 0 1
    outer loop
      vertex 23.8895 -35.7532 54.88
      vertex 25.334 -37.915 54.88
      vertex 25.6151 -34.5379 54.88
    endloop
  endfacet
  facet normal 0 0 1
    outer loop
      vertex 23.8895 -35.7532 54.88
      vertex 23.4431 -39.1124 54.88
      vertex 25.334 -37.915 54.88
    endloop
  endfacet
  facet normal -0 0 1
    outer loop
      vertex 22.1064 -36.8823 54.88
      vertex 23.4431 -39.1124 54.88
      vertex 23.8895 -35.7532 54.88
    endloop
  endfacet
  facet normal 0 0 1
    outer loop
      vertex 22.1064 -36.8823 54.88
      vertex 21.4957 -40.2156 54.88
      vertex 23.4431 -39.1124 54.88
    endloop
  endfacet
  facet normal -0 0 1
    outer loop
      vertex 20.2701 -37.9226 54.88
      vertex 21.4957 -40.2156 54.88
      vertex 22.1064 -36.8823 54.88
    endloop
  endfacet
  facet normal 0 0 1
    outer loop
      vertex 20.2701 -37.9226 54.88
      vertex 19.4965 -41.2219 54.88
      vertex 21.4957 -40.2156 54.88
    endloop
  endfacet
  facet normal -0 0 1
    outer loop
      vertex 18.3849 -38.8715 54.88
      vertex 19.4965 -41.2219 54.88
      vertex 20.2701 -37.9226 54.88
    endloop
  endfacet
  facet normal 0 0 1
    outer loop
      vertex 18.3849 -38.8715 54.88
      vertex 17.4504 -42.1289 54.88
      vertex 19.4965 -41.2219 54.88
    endloop
  endfacet
  facet normal -0 0 1
    outer loop
      vertex 16.4554 -39.7268 54.88
      vertex 17.4504 -42.1289 54.88
      vertex 18.3849 -38.8715 54.88
    endloop
  endfacet
  facet normal 0 0 1
    outer loop
      vertex 16.4554 -39.7268 54.88
      vertex 15.3622 -42.9344 54.88
      vertex 17.4504 -42.1289 54.88
    endloop
  endfacet
  facet normal -0 0 1
    outer loop
      vertex 14.4863 -40.4864 54.88
      vertex 15.3622 -42.9344 54.88
      vertex 16.4554 -39.7268 54.88
    endloop
  endfacet
  facet normal 0 0 1
    outer loop
      vertex 14.4863 -40.4864 54.88
      vertex 13.237 -43.6365 54.88
      vertex 15.3622 -42.9344 54.88
    endloop
  endfacet
  facet normal -0 0 1
    outer loop
      vertex 12.4822 -41.1484 54.88
      vertex 13.237 -43.6365 54.88
      vertex 14.4863 -40.4864 54.88
    endloop
  endfacet
  facet normal 0 0 1
    outer loop
      vertex 12.4822 -41.1484 54.88
      vertex 11.0799 -44.2334 54.88
      vertex 13.237 -43.6365 54.88
    endloop
  endfacet
  facet normal -0 0 1
    outer loop
      vertex 10.4481 -41.7113 54.88
      vertex 11.0799 -44.2334 54.88
      vertex 12.4822 -41.1484 54.88
    endloop
  endfacet
  facet normal 0 0 1
    outer loop
      vertex 10.4481 -41.7113 54.88
      vertex 8.89612 -44.7238 54.88
      vertex 11.0799 -44.2334 54.88
    endloop
  endfacet
  facet normal -0 0 1
    outer loop
      vertex 8.38888 -42.1738 54.88
      vertex 8.89612 -44.7238 54.88
      vertex 10.4481 -41.7113 54.88
    endloop
  endfacet
  facet normal 0 0 1
    outer loop
      vertex 8.38888 -42.1738 54.88
      vertex 6.69091 -45.1064 54.88
      vertex 8.89612 -44.7238 54.88
    endloop
  endfacet
  facet normal -0 0 1
    outer loop
      vertex 6.30941 -42.5346 54.88
      vertex 6.69091 -45.1064 54.88
      vertex 8.38888 -42.1738 54.88
    endloop
  endfacet
  facet normal 0 0 1
    outer loop
      vertex 6.30941 -42.5346 54.88
      vertex 4.46958 -45.3804 54.88
      vertex 6.69091 -45.1064 54.88
    endloop
  endfacet
  facet normal -0 0 1
    outer loop
      vertex 4.21474 -42.7929 54.88
      vertex 4.46958 -45.3804 54.88
      vertex 6.30941 -42.5346 54.88
    endloop
  endfacet
  facet normal 0 0 1
    outer loop
      vertex 4.21474 -42.7929 54.88
      vertex 2.23749 -45.5451 54.88
      vertex 4.46958 -45.3804 54.88
    endloop
  endfacet
  facet normal -0 0 1
    outer loop
      vertex 2.10991 -42.9482 54.88
      vertex 2.23749 -45.5451 54.88
      vertex 4.21474 -42.7929 54.88
    endloop
  endfacet
  facet normal -0 0 1
    outer loop
      vertex 0 -43 54.88
      vertex 2.23749 -45.5451 54.88
      vertex 2.10991 -42.9482 54.88
    endloop
  endfacet
  facet normal 0 0 1
    outer loop
      vertex 0 -43 54.88
      vertex 0 -45.6 54.88
      vertex 2.23749 -45.5451 54.88
    endloop
  endfacet
  facet normal 0 0 1
    outer loop
      vertex -2.10991 -42.9482 54.88
      vertex 0 -45.6 54.88
      vertex 0 -43 54.88
    endloop
  endfacet
  facet normal 0 0 1
    outer loop
      vertex -2.10991 -42.9482 54.88
      vertex -2.23749 -45.5451 54.88
      vertex 0 -45.6 54.88
    endloop
  endfacet
  facet normal 0 0 1
    outer loop
      vertex -4.21474 -42.7929 54.88
      vertex -2.23749 -45.5451 54.88
      vertex -2.10991 -42.9482 54.88
    endloop
  endfacet
  facet normal 0 0 1
    outer loop
      vertex -4.21474 -42.7929 54.88
      vertex -4.46958 -45.3804 54.88
      vertex -2.23749 -45.5451 54.88
    endloop
  endfacet
  facet normal 0 0 1
    outer loop
      vertex -6.30941 -42.5346 54.88
      vertex -4.46958 -45.3804 54.88
      vertex -4.21474 -42.7929 54.88
    endloop
  endfacet
  facet normal 0 0 1
    outer loop
      vertex -6.30941 -42.5346 54.88
      vertex -6.69091 -45.1064 54.88
      vertex -4.46958 -45.3804 54.88
    endloop
  endfacet
  facet normal 0 0 1
    outer loop
      vertex -8.38888 -42.1738 54.88
      vertex -6.69091 -45.1064 54.88
      vertex -6.30941 -42.5346 54.88
    endloop
  endfacet
  facet normal 0 0 1
    outer loop
      vertex -8.38888 -42.1738 54.88
      vertex -8.89612 -44.7238 54.88
      vertex -6.69091 -45.1064 54.88
    endloop
  endfacet
  facet normal 0 0 1
    outer loop
      vertex -10.4481 -41.7113 54.88
      vertex -8.89612 -44.7238 54.88
      vertex -8.38888 -42.1738 54.88
    endloop
  endfacet
  facet normal 0 0 1
    outer loop
      vertex -10.4481 -41.7113 54.88
      vertex -11.0799 -44.2334 54.88
      vertex -8.89612 -44.7238 54.88
    endloop
  endfacet
  facet normal 0 0 1
    outer loop
      vertex -12.4822 -41.1484 54.88
      vertex -11.0799 -44.2334 54.88
      vertex -10.4481 -41.7113 54.88
    endloop
  endfacet
  facet normal 0 0 1
    outer loop
      vertex -12.4822 -41.1484 54.88
      vertex -13.237 -43.6365 54.88
      vertex -11.0799 -44.2334 54.88
    endloop
  endfacet
  facet normal 0 0 1
    outer loop
      vertex -14.4863 -40.4864 54.88
      vertex -13.237 -43.6365 54.88
      vertex -12.4822 -41.1484 54.88
    endloop
  endfacet
  facet normal 0 0 1
    outer loop
      vertex -14.4863 -40.4864 54.88
      vertex -15.3622 -42.9344 54.88
      vertex -13.237 -43.6365 54.88
    endloop
  endfacet
  facet normal 0 0 1
    outer loop
      vertex -16.4554 -39.7268 54.88
      vertex -15.3622 -42.9344 54.88
      vertex -14.4863 -40.4864 54.88
    endloop
  endfacet
  facet normal 0 0 1
    outer loop
      vertex -16.4554 -39.7268 54.88
      vertex -17.4504 -42.1289 54.88
      vertex -15.3622 -42.9344 54.88
    endloop
  endfacet
  facet normal 0 0 1
    outer loop
      vertex -18.3849 -38.8715 54.88
      vertex -17.4504 -42.1289 54.88
      vertex -16.4554 -39.7268 54.88
    endloop
  endfacet
  facet normal 0 0 1
    outer loop
      vertex -18.3849 -38.8715 54.88
      vertex -19.4965 -41.2219 54.88
      vertex -17.4504 -42.1289 54.88
    endloop
  endfacet
  facet normal 0 0 1
    outer loop
      vertex -20.2701 -37.9226 54.88
      vertex -19.4965 -41.2219 54.88
      vertex -18.3849 -38.8715 54.88
    endloop
  endfacet
  facet normal 0 0 1
    outer loop
      vertex -20.2701 -37.9226 54.88
      vertex -21.4957 -40.2156 54.88
      vertex -19.4965 -41.2219 54.88
    endloop
  endfacet
  facet normal 0 0 1
    outer loop
      vertex -22.1064 -36.8823 54.88
      vertex -21.4957 -40.2156 54.88
      vertex -20.2701 -37.9226 54.88
    endloop
  endfacet
  facet normal 0 0 1
    outer loop
      vertex -22.1064 -36.8823 54.88
      vertex -23.4431 -39.1124 54.88
      vertex -21.4957 -40.2156 54.88
    endloop
  endfacet
  facet normal 0 0 1
    outer loop
      vertex -23.8895 -35.7532 54.88
      vertex -23.4431 -39.1124 54.88
      vertex -22.1064 -36.8823 54.88
    endloop
  endfacet
  facet normal 0 0 1
    outer loop
      vertex -23.8895 -35.7532 54.88
      vertex -25.334 -37.915 54.88
      vertex -23.4431 -39.1124 54.88
    endloop
  endfacet
  facet normal 0 0 1
    outer loop
      vertex -25.6151 -34.5379 54.88
      vertex -25.334 -37.915 54.88
      vertex -23.8895 -35.7532 54.88
    endloop
  endfacet
  facet normal 0 0 1
    outer loop
      vertex -25.6151 -34.5379 54.88
      vertex -27.1639 -36.6263 54.88
      vertex -25.334 -37.915 54.88
    endloop
  endfacet
  facet normal 0 0 1
    outer loop
      vertex -27.2789 -33.2394 54.88
      vertex -27.1639 -36.6263 54.88
      vertex -25.6151 -34.5379 54.88
    endloop
  endfacet
  facet normal 0 0 1
    outer loop
      vertex -28.9283 -35.2493 54.88
      vertex -27.2789 -33.2394 54.88
      vertex -28.877 -31.8609 54.88
    endloop
  endfacet
  facet normal 0 0 1
    outer loop
      vertex -27.2789 -33.2394 54.88
      vertex -28.9283 -35.2493 54.88
      vertex -27.1639 -36.6263 54.88
    endloop
  endfacet
  facet normal 0 0 1
    outer loop
      vertex -30.6231 -33.7874 54.88
      vertex -28.877 -31.8609 54.88
      vertex -30.4056 -30.4056 54.88
    endloop
  endfacet
  facet normal 0 0 1
    outer loop
      vertex -28.877 -31.8609 54.88
      vertex -30.6231 -33.7874 54.88
      vertex -28.9283 -35.2493 54.88
    endloop
  endfacet
  facet normal 0 0 1
    outer loop
      vertex -32.2441 -32.2441 54.88
      vertex -30.4056 -30.4056 54.88
      vertex -31.8609 -28.877 54.88
    endloop
  endfacet
  facet normal 0 0 1
    outer loop
      vertex -30.4056 -30.4056 54.88
      vertex -32.2441 -32.2441 54.88
      vertex -30.6231 -33.7874 54.88
    endloop
  endfacet
  facet normal 0 0 1
    outer loop
      vertex -33.7874 -30.6231 54.88
      vertex -31.8609 -28.877 54.88
      vertex -33.2394 -27.2789 54.88
    endloop
  endfacet
  facet normal 0 0 1
    outer loop
      vertex -31.8609 -28.877 54.88
      vertex -33.7874 -30.6231 54.88
      vertex -32.2441 -32.2441 54.88
    endloop
  endfacet
  facet normal 0 0 1
    outer loop
      vertex -35.2493 -28.9283 54.88
      vertex -33.2394 -27.2789 54.88
      vertex -34.5379 -25.6151 54.88
    endloop
  endfacet
  facet normal 0 0 1
    outer loop
      vertex -33.2394 -27.2789 54.88
      vertex -35.2493 -28.9283 54.88
      vertex -33.7874 -30.6231 54.88
    endloop
  endfacet
  facet normal 0 0 1
    outer loop
      vertex -36.6263 -27.1639 54.88
      vertex -34.5379 -25.6151 54.88
      vertex -35.7532 -23.8895 54.88
    endloop
  endfacet
  facet normal 0 0 1
    outer loop
      vertex -34.5379 -25.6151 54.88
      vertex -36.6263 -27.1639 54.88
      vertex -35.2493 -28.9283 54.88
    endloop
  endfacet
  facet normal 0 0 1
    outer loop
      vertex -37.915 -25.334 54.88
      vertex -35.7532 -23.8895 54.88
      vertex -36.8823 -22.1064 54.88
    endloop
  endfacet
  facet normal 0 0 1
    outer loop
      vertex -35.7532 -23.8895 54.88
      vertex -37.915 -25.334 54.88
      vertex -36.6263 -27.1639 54.88
    endloop
  endfacet
  facet normal 0 0 1
    outer loop
      vertex -39.1124 -23.4431 54.88
      vertex -36.8823 -22.1064 54.88
      vertex -37.9226 -20.2701 54.88
    endloop
  endfacet
  facet normal 0 0 1
    outer loop
      vertex -40.2156 -21.4957 54.88
      vertex -37.9226 -20.2701 54.88
      vertex -38.8715 -18.3849 54.88
    endloop
  endfacet
  facet normal 0 0 1
    outer loop
      vertex -36.8823 -22.1064 54.88
      vertex -39.1124 -23.4431 54.88
      vertex -37.915 -25.334 54.88
    endloop
  endfacet
  facet normal 0 0 1
    outer loop
      vertex -41.2219 -19.4965 54.88
      vertex -38.8715 -18.3849 54.88
      vertex -39.7268 -16.4554 54.88
    endloop
  endfacet
  facet normal 0 0 1
    outer loop
      vertex -37.9226 -20.2701 54.88
      vertex -40.2156 -21.4957 54.88
      vertex -39.1124 -23.4431 54.88
    endloop
  endfacet
  facet normal 0 0 1
    outer loop
      vertex -42.1289 -17.4504 54.88
      vertex -39.7268 -16.4554 54.88
      vertex -40.4864 -14.4863 54.88
    endloop
  endfacet
  facet normal 0 0 1
    outer loop
      vertex -42.9344 -15.3622 54.88
      vertex -40.4864 -14.4863 54.88
      vertex -41.1484 -12.4822 54.88
    endloop
  endfacet
  facet normal 0 0 1
    outer loop
      vertex -38.8715 -18.3849 54.88
      vertex -41.2219 -19.4965 54.88
      vertex -40.2156 -21.4957 54.88
    endloop
  endfacet
  facet normal 0 0 1
    outer loop
      vertex -43.6365 -13.237 54.88
      vertex -41.1484 -12.4822 54.88
      vertex -41.7113 -10.4481 54.88
    endloop
  endfacet
  facet normal 0 0 1
    outer loop
      vertex -39.7268 -16.4554 54.88
      vertex -42.1289 -17.4504 54.88
      vertex -41.2219 -19.4965 54.88
    endloop
  endfacet
  facet normal 0 0 1
    outer loop
      vertex -44.2334 -11.0799 54.88
      vertex -41.7113 -10.4481 54.88
      vertex -42.1738 -8.38888 54.88
    endloop
  endfacet
  facet normal 0 0 1
    outer loop
      vertex -44.7238 -8.89612 54.88
      vertex -42.1738 -8.38888 54.88
      vertex -42.5346 -6.30941 54.88
    endloop
  endfacet
  facet normal 0 0 1
    outer loop
      vertex -45.1064 -6.69091 54.88
      vertex -42.5346 -6.30941 54.88
      vertex -42.7929 -4.21474 54.88
    endloop
  endfacet
  facet normal 0 0 1
    outer loop
      vertex -40.4864 -14.4863 54.88
      vertex -42.9344 -15.3622 54.88
      vertex -42.1289 -17.4504 54.88
    endloop
  endfacet
  facet normal 0 0 1
    outer loop
      vertex -45.3804 -4.46958 54.88
      vertex -42.7929 -4.21474 54.88
      vertex -42.9482 -2.10991 54.88
    endloop
  endfacet
  facet normal 0 0 1
    outer loop
      vertex -45.5451 -2.23749 54.88
      vertex -42.9482 -2.10991 54.88
      vertex -43 0 54.88
    endloop
  endfacet
  facet normal 0 0 1
    outer loop
      vertex -42.5346 6.30941 54.88
      vertex -45.1064 6.69091 54.88
      vertex -42.7929 4.21474 54.88
    endloop
  endfacet
  facet normal 0 0 1
    outer loop
      vertex -41.1484 -12.4822 54.88
      vertex -43.6365 -13.237 54.88
      vertex -42.9344 -15.3622 54.88
    endloop
  endfacet
  facet normal -0 0 1
    outer loop
      vertex -45.3804 4.46958 54.88
      vertex -42.7929 4.21474 54.88
      vertex -45.1064 6.69091 54.88
    endloop
  endfacet
  facet normal 0 0 1
    outer loop
      vertex -41.7113 -10.4481 54.88
      vertex -44.2334 -11.0799 54.88
      vertex -43.6365 -13.237 54.88
    endloop
  endfacet
  facet normal 0 0 1
    outer loop
      vertex -42.7929 4.21474 54.88
      vertex -45.3804 4.46958 54.88
      vertex -42.9482 2.10991 54.88
    endloop
  endfacet
  facet normal 0 0 1
    outer loop
      vertex -42.1738 -8.38888 54.88
      vertex -44.7238 -8.89612 54.88
      vertex -44.2334 -11.0799 54.88
    endloop
  endfacet
  facet normal -0 0 1
    outer loop
      vertex -45.5451 2.23749 54.88
      vertex -42.9482 2.10991 54.88
      vertex -45.3804 4.46958 54.88
    endloop
  endfacet
  facet normal 0 0 1
    outer loop
      vertex -42.5346 -6.30941 54.88
      vertex -45.1064 -6.69091 54.88
      vertex -44.7238 -8.89612 54.88
    endloop
  endfacet
  facet normal 0 0 1
    outer loop
      vertex -42.9482 2.10991 54.88
      vertex -45.5451 2.23749 54.88
      vertex -43 0 54.88
    endloop
  endfacet
  facet normal 0 0 1
    outer loop
      vertex -42.7929 -4.21474 54.88
      vertex -45.3804 -4.46958 54.88
      vertex -45.1064 -6.69091 54.88
    endloop
  endfacet
  facet normal 0 0 1
    outer loop
      vertex -45.6 0 54.88
      vertex -43 0 54.88
      vertex -45.5451 2.23749 54.88
    endloop
  endfacet
  facet normal 0 0 1
    outer loop
      vertex -42.9482 -2.10991 54.88
      vertex -45.5451 -2.23749 54.88
      vertex -45.3804 -4.46958 54.88
    endloop
  endfacet
  facet normal 0 0 1
    outer loop
      vertex -43 0 54.88
      vertex -45.6 0 54.88
      vertex -45.5451 -2.23749 54.88
    endloop
  endfacet
  facet normal -0.389378 0.878413 -0.277084
    outer loop
      vertex 18.7565 -39.6573 60.88
      vertex 19.4965 -41.2219 54.88
      vertex 16.8667 -40.495 60.88
    endloop
  endfacet
  facet normal -0.432007 0.858251 -0.277084
    outer loop
      vertex 20.6029 -38.7279 60.88
      vertex 19.4965 -41.2219 54.88
      vertex 18.7565 -39.6573 60.88
    endloop
  endfacet
  facet normal -0.210513 0.937502 -0.277082
    outer loop
      vertex 10.6594 -42.5545 60.88
      vertex 11.0799 -44.2334 54.88
      vertex 8.64245 -43.0074 60.88
    endloop
  endfacet
  facet normal -0.256263 0.926043 -0.277082
    outer loop
      vertex 12.6516 -42.0032 60.88
      vertex 11.0799 -44.2334 54.88
      vertex 10.6594 -42.5545 60.88
    endloop
  endfacet
  facet normal -0.0235686 0.960556 -0.277087
    outer loop
      vertex 0 -45.6 54.88
      vertex 0.0860574 -43.8671 60.88
      vertex 2.23749 -45.5451 54.88
    endloop
  endfacet
  facet normal -0.0234398 0.960558 -0.277089
    outer loop
      vertex 0.0860574 -43.8671 60.88
      vertex 0 -45.6 54.88
      vertex 0 -43.8692 60.88
    endloop
  endfacet
  facet normal -0.0706991 0.958241 -0.277086
    outer loop
      vertex 4.21409 -43.6643 60.88
      vertex 2.23749 -45.5451 54.88
      vertex 2.15256 -43.8164 60.88
    endloop
  endfacet
  facet normal -0.937502 0.210513 -0.277082
    outer loop
      vertex 43.0074 -8.64245 60.88
      vertex 44.2334 -11.0799 54.88
      vertex 42.5545 -10.6594 60.88
    endloop
  endfacet
  facet normal -0.937406 0.210942 -0.277079
    outer loop
      vertex 44.7238 -8.89612 54.88
      vertex 43.0074 -8.64245 60.88
      vertex 43.0263 -8.55846 60.88
    endloop
  endfacet
  facet normal -0.937497 0.210529 -0.277087
    outer loop
      vertex 43.0074 -8.64245 60.88
      vertex 44.7238 -8.89612 54.88
      vertex 44.2334 -11.0799 54.88
    endloop
  endfacet
  facet normal -0.946701 0.164268 -0.277078
    outer loop
      vertex 43.3944 -6.43695 60.88
      vertex 45.1064 -6.69091 54.88
      vertex 43.041 -8.47365 60.88
    endloop
  endfacet
  facet normal -0.953537 0.118313 -0.277074
    outer loop
      vertex 45.3804 -4.46958 54.88
      vertex 43.6474 -4.38537 60.88
      vertex 43.658 -4.29994 60.88
    endloop
  endfacet
  facet normal -0.953617 0.117628 -0.277087
    outer loop
      vertex 43.6474 -4.38537 60.88
      vertex 45.3804 -4.46958 54.88
      vertex 45.1064 -6.69091 54.88
    endloop
  endfacet
  facet normal -0.878413 0.389378 -0.277084
    outer loop
      vertex 40.495 -16.8667 60.88
      vertex 41.2219 -19.4965 54.88
      vertex 39.6573 -18.7565 60.88
    endloop
  endfacet
  facet normal -0.878354 0.389511 -0.277083
    outer loop
      vertex 42.1289 -17.4504 54.88
      vertex 40.495 -16.8667 60.88
      vertex 40.5299 -16.788 60.88
    endloop
  endfacet
  facet normal -0.87841 0.389384 -0.277086
    outer loop
      vertex 40.495 -16.8667 60.88
      vertex 42.1289 -17.4504 54.88
      vertex 41.2219 -19.4965 54.88
    endloop
  endfacet
  facet normal -0.912353 0.301391 -0.277085
    outer loop
      vertex 41.9532 -12.8163 60.88
      vertex 42.9344 -15.3622 54.88
      vertex 41.3048 -14.7791 60.88
    endloop
  endfacet
  facet normal -0.912315 0.3015 -0.27709
    outer loop
      vertex 43.6365 -13.237 54.88
      vertex 41.9532 -12.8163 60.88
      vertex 41.9802 -12.7346 60.88
    endloop
  endfacet
  facet normal -0.912344 0.30141 -0.277092
    outer loop
      vertex 41.9532 -12.8163 60.88
      vertex 43.6365 -13.237 54.88
      vertex 42.9344 -15.3622 54.88
    endloop
  endfacet
  facet normal -0.953624 0.1176 -0.277078
    outer loop
      vertex 43.6474 -4.38537 60.88
      vertex 45.1064 -6.69091 54.88
      vertex 43.3944 -6.43695 60.88
    endloop
  endfacet
  facet normal -0.992483 0.122386 0
    outer loop
      vertex 42.5346 -6.30941 53.62
      vertex 42.7929 -4.21474 54.88
      vertex 42.7929 -4.21474 53.62
    endloop
  endfacet
  facet normal -0.992483 0.122386 0
    outer loop
      vertex 42.7929 -4.21474 54.88
      vertex 42.5346 -6.30941 53.62
      vertex 42.5346 -6.30941 54.88
    endloop
  endfacet
  facet normal -0.999699 0.0245434 0
    outer loop
      vertex 42.9482 -2.10991 53.62
      vertex 43 0 54.88
      vertex 43 0 53.62
    endloop
  endfacet
  facet normal -0.999699 0.0245434 0
    outer loop
      vertex 43 0 54.88
      vertex 42.9482 -2.10991 53.62
      vertex 42.9482 -2.10991 54.88
    endloop
  endfacet
  facet normal 0.999699 0.0245434 0
    outer loop
      vertex -42.9482 -2.10991 54.88
      vertex -43 0 53.62
      vertex -43 0 54.88
    endloop
  endfacet
  facet normal 0.999699 0.0245434 0
    outer loop
      vertex -43 0 53.62
      vertex -42.9482 -2.10991 54.88
      vertex -42.9482 -2.10991 53.62
    endloop
  endfacet
  facet normal -0.0245434 0.999699 0
    outer loop
      vertex 2.10991 -42.9482 53.62
      vertex 0 -43 54.88
      vertex 2.10991 -42.9482 54.88
    endloop
  endfacet
  facet normal -0.0245434 0.999699 0
    outer loop
      vertex 0 -43 54.88
      vertex 2.10991 -42.9482 53.62
      vertex 0 -43 53.62
    endloop
  endfacet
  facet normal -0.724258 0.689529 0
    outer loop
      vertex 30.4056 -30.4056 53.62
      vertex 31.8609 -28.877 54.88
      vertex 31.8609 -28.877 53.62
    endloop
  endfacet
  facet normal -0.724258 0.689529 0
    outer loop
      vertex 31.8609 -28.877 54.88
      vertex 30.4056 -30.4056 53.62
      vertex 30.4056 -30.4056 54.88
    endloop
  endfacet
  facet normal 0.689529 0.724258 -0
    outer loop
      vertex -28.877 -31.8609 53.62
      vertex -30.4056 -30.4056 54.88
      vertex -28.877 -31.8609 54.88
    endloop
  endfacet
  facet normal 0.689529 0.724258 0
    outer loop
      vertex -30.4056 -30.4056 54.88
      vertex -28.877 -31.8609 53.62
      vertex -30.4056 -30.4056 53.62
    endloop
  endfacet
  facet normal 0.359909 0.932987 -0
    outer loop
      vertex -14.4863 -40.4864 53.62
      vertex -16.4554 -39.7268 54.88
      vertex -14.4863 -40.4864 54.88
    endloop
  endfacet
  facet normal 0.359909 0.932987 0
    outer loop
      vertex -16.4554 -39.7268 54.88
      vertex -14.4863 -40.4864 53.62
      vertex -16.4554 -39.7268 53.62
    endloop
  endfacet
  facet normal -0.914208 0.405246 0
    outer loop
      vertex 38.8715 -18.3849 53.62
      vertex 39.7268 -16.4554 54.88
      vertex 39.7268 -16.4554 53.62
    endloop
  endfacet
  facet normal -0.914208 0.405246 0
    outer loop
      vertex 39.7268 -16.4554 54.88
      vertex 38.8715 -18.3849 53.62
      vertex 38.8715 -18.3849 54.88
    endloop
  endfacet
  facet normal -0.405246 0.914208 0
    outer loop
      vertex 18.3849 -38.8715 53.62
      vertex 16.4554 -39.7268 54.88
      vertex 18.3849 -38.8715 54.88
    endloop
  endfacet
  facet normal -0.405246 0.914208 0
    outer loop
      vertex 16.4554 -39.7268 54.88
      vertex 18.3849 -38.8715 53.62
      vertex 16.4554 -39.7268 53.62
    endloop
  endfacet
  facet normal -0.575807 0.817586 0
    outer loop
      vertex 25.6151 -34.5379 53.62
      vertex 23.8895 -35.7532 54.88
      vertex 25.6151 -34.5379 54.88
    endloop
  endfacet
  facet normal -0.575807 0.817586 0
    outer loop
      vertex 23.8895 -35.7532 54.88
      vertex 25.6151 -34.5379 53.62
      vertex 23.8895 -35.7532 53.62
    endloop
  endfacet
  facet normal 0.914208 0.405246 0
    outer loop
      vertex -38.8715 -18.3849 54.88
      vertex -39.7268 -16.4554 53.62
      vertex -39.7268 -16.4554 54.88
    endloop
  endfacet
  facet normal 0.914208 0.405246 0
    outer loop
      vertex -39.7268 -16.4554 53.62
      vertex -38.8715 -18.3849 54.88
      vertex -38.8715 -18.3849 53.62
    endloop
  endfacet
  facet normal 0.757216 0.653165 0
    outer loop
      vertex -31.8609 -28.877 54.88
      vertex -33.2394 -27.2789 53.62
      vertex -33.2394 -27.2789 54.88
    endloop
  endfacet
  facet normal 0.757216 0.653165 0
    outer loop
      vertex -33.2394 -27.2789 53.62
      vertex -31.8609 -28.877 54.88
      vertex -31.8609 -28.877 53.62
    endloop
  endfacet
  facet normal 0.170952 0.985279 -0
    outer loop
      vertex -6.30941 -42.5346 53.62
      vertex -8.38888 -42.1738 54.88
      vertex -6.30941 -42.5346 54.88
    endloop
  endfacet
  facet normal 0.170952 0.985279 0
    outer loop
      vertex -8.38888 -42.1738 54.88
      vertex -6.30941 -42.5346 53.62
      vertex -8.38888 -42.1738 53.62
    endloop
  endfacet
  facet normal 0.757216 -0.653165 0
    outer loop
      vertex -33.2394 27.2789 54.88
      vertex -31.8609 28.877 53.62
      vertex -31.8609 28.877 54.88
    endloop
  endfacet
  facet normal 0.757216 -0.653165 0
    outer loop
      vertex -31.8609 28.877 53.62
      vertex -33.2394 27.2789 54.88
      vertex -33.2394 27.2789 53.62
    endloop
  endfacet
  facet normal 0.949537 -0.313654 0
    outer loop
      vertex -41.1484 12.4822 54.88
      vertex -40.4864 14.4863 53.62
      vertex -40.4864 14.4863 54.88
    endloop
  endfacet
  facet normal 0.949537 -0.313654 0
    outer loop
      vertex -40.4864 14.4863 53.62
      vertex -41.1484 12.4822 54.88
      vertex -41.1484 12.4822 53.62
    endloop
  endfacet
  facet normal -0.985279 0.170952 0
    outer loop
      vertex 42.1738 -8.38888 53.62
      vertex 42.5346 -6.30941 54.88
      vertex 42.5346 -6.30941 53.62
    endloop
  endfacet
  facet normal -0.985279 0.170952 0
    outer loop
      vertex 42.5346 -6.30941 54.88
      vertex 42.1738 -8.38888 53.62
      vertex 42.1738 -8.38888 54.88
    endloop
  endfacet
  facet normal -0.817586 0.575807 0
    outer loop
      vertex 34.5379 -25.6151 53.62
      vertex 35.7532 -23.8895 54.88
      vertex 35.7532 -23.8895 53.62
    endloop
  endfacet
  facet normal -0.817586 0.575807 0
    outer loop
      vertex 35.7532 -23.8895 54.88
      vertex 34.5379 -25.6151 53.62
      vertex 34.5379 -25.6151 54.88
    endloop
  endfacet
  facet normal -0.757216 0.653165 0
    outer loop
      vertex 31.8609 -28.877 53.62
      vertex 33.2394 -27.2789 54.88
      vertex 33.2394 -27.2789 53.62
    endloop
  endfacet
  facet normal -0.757216 0.653165 0
    outer loop
      vertex 33.2394 -27.2789 54.88
      vertex 31.8609 -28.877 53.62
      vertex 31.8609 -28.877 54.88
    endloop
  endfacet
  facet normal -0.266708 0.963777 0
    outer loop
      vertex 12.4822 -41.1484 53.62
      vertex 10.4481 -41.7113 54.88
      vertex 12.4822 -41.1484 54.88
    endloop
  endfacet
  facet normal -0.266708 0.963777 0
    outer loop
      vertex 10.4481 -41.7113 54.88
      vertex 12.4822 -41.1484 53.62
      vertex 10.4481 -41.7113 53.62
    endloop
  endfacet
  facet normal -0.313654 0.949537 0
    outer loop
      vertex 14.4863 -40.4864 53.62
      vertex 12.4822 -41.1484 54.88
      vertex 14.4863 -40.4864 54.88
    endloop
  endfacet
  facet normal -0.313654 0.949537 0
    outer loop
      vertex 12.4822 -41.1484 54.88
      vertex 14.4863 -40.4864 53.62
      vertex 12.4822 -41.1484 53.62
    endloop
  endfacet
  facet normal 0.963777 0.266708 0
    outer loop
      vertex -41.1484 -12.4822 54.88
      vertex -41.7113 -10.4481 53.62
      vertex -41.7113 -10.4481 54.88
    endloop
  endfacet
  facet normal 0.963777 0.266708 0
    outer loop
      vertex -41.7113 -10.4481 53.62
      vertex -41.1484 -12.4822 54.88
      vertex -41.1484 -12.4822 53.62
    endloop
  endfacet
  facet normal 0.788333 0.615249 0
    outer loop
      vertex -33.2394 -27.2789 54.88
      vertex -34.5379 -25.6151 53.62
      vertex -34.5379 -25.6151 54.88
    endloop
  endfacet
  facet normal 0.788333 0.615249 0
    outer loop
      vertex -34.5379 -25.6151 53.62
      vertex -33.2394 -27.2789 54.88
      vertex -33.2394 -27.2789 53.62
    endloop
  endfacet
  facet normal 0.949537 0.313654 0
    outer loop
      vertex -40.4864 -14.4863 54.88
      vertex -41.1484 -12.4822 53.62
      vertex -41.1484 -12.4822 54.88
    endloop
  endfacet
  facet normal 0.949537 0.313654 0
    outer loop
      vertex -41.1484 -12.4822 53.62
      vertex -40.4864 -14.4863 54.88
      vertex -40.4864 -14.4863 53.62
    endloop
  endfacet
  facet normal 0.492916 0.870077 -0
    outer loop
      vertex -20.2701 -37.9226 53.62
      vertex -22.1064 -36.8823 54.88
      vertex -20.2701 -37.9226 54.88
    endloop
  endfacet
  facet normal 0.492916 0.870077 0
    outer loop
      vertex -22.1064 -36.8823 54.88
      vertex -20.2701 -37.9226 53.62
      vertex -22.1064 -36.8823 53.62
    endloop
  endfacet
  facet normal 0.4496 0.89323 -0
    outer loop
      vertex -18.3849 -38.8715 53.62
      vertex -20.2701 -37.9226 54.88
      vertex -18.3849 -38.8715 54.88
    endloop
  endfacet
  facet normal 0.4496 0.89323 0
    outer loop
      vertex -20.2701 -37.9226 54.88
      vertex -18.3849 -38.8715 53.62
      vertex -20.2701 -37.9226 53.62
    endloop
  endfacet
  facet normal -0.122386 -0.992483 0
    outer loop
      vertex 4.21474 42.7929 53.62
      vertex 6.30941 42.5346 54.88
      vertex 4.21474 42.7929 54.88
    endloop
  endfacet
  facet normal -0.122386 -0.992483 -0
    outer loop
      vertex 6.30941 42.5346 54.88
      vertex 4.21474 42.7929 53.62
      vertex 6.30941 42.5346 53.62
    endloop
  endfacet
  facet normal -0.359909 -0.932987 0
    outer loop
      vertex 14.4863 40.4864 53.62
      vertex 16.4554 39.7268 54.88
      vertex 14.4863 40.4864 54.88
    endloop
  endfacet
  facet normal -0.359909 -0.932987 -0
    outer loop
      vertex 16.4554 39.7268 54.88
      vertex 14.4863 40.4864 53.62
      vertex 16.4554 39.7268 53.62
    endloop
  endfacet
  facet normal -0.689529 -0.724258 0
    outer loop
      vertex 28.877 31.8609 53.62
      vertex 30.4056 30.4056 54.88
      vertex 28.877 31.8609 54.88
    endloop
  endfacet
  facet normal -0.689529 -0.724258 -0
    outer loop
      vertex 30.4056 30.4056 54.88
      vertex 28.877 31.8609 53.62
      vertex 30.4056 30.4056 53.62
    endloop
  endfacet
  facet normal -0.534986 -0.844861 0
    outer loop
      vertex 22.1064 36.8823 53.62
      vertex 23.8895 35.7532 54.88
      vertex 22.1064 36.8823 54.88
    endloop
  endfacet
  facet normal -0.534986 -0.844861 -0
    outer loop
      vertex 23.8895 35.7532 54.88
      vertex 22.1064 36.8823 53.62
      vertex 23.8895 35.7532 53.62
    endloop
  endfacet
  facet normal -0.788333 -0.615249 0
    outer loop
      vertex 34.5379 25.6151 53.62
      vertex 33.2394 27.2789 54.88
      vertex 33.2394 27.2789 53.62
    endloop
  endfacet
  facet normal -0.788333 -0.615249 0
    outer loop
      vertex 33.2394 27.2789 54.88
      vertex 34.5379 25.6151 53.62
      vertex 34.5379 25.6151 54.88
    endloop
  endfacet
  facet normal -0.914208 -0.405246 0
    outer loop
      vertex 39.7268 16.4554 53.62
      vertex 38.8715 18.3849 54.88
      vertex 38.8715 18.3849 53.62
    endloop
  endfacet
  facet normal -0.914208 -0.405246 0
    outer loop
      vertex 38.8715 18.3849 54.88
      vertex 39.7268 16.4554 53.62
      vertex 39.7268 16.4554 54.88
    endloop
  endfacet
  facet normal 0.266708 -0.963777 0
    outer loop
      vertex -12.4822 41.1484 53.62
      vertex -10.4481 41.7113 54.88
      vertex -12.4822 41.1484 54.88
    endloop
  endfacet
  facet normal 0.266708 -0.963777 0
    outer loop
      vertex -10.4481 41.7113 54.88
      vertex -12.4822 41.1484 53.62
      vertex -10.4481 41.7113 53.62
    endloop
  endfacet
  facet normal 0.615249 -0.788333 0
    outer loop
      vertex -27.2789 33.2394 53.62
      vertex -25.6151 34.5379 54.88
      vertex -27.2789 33.2394 54.88
    endloop
  endfacet
  facet normal 0.615249 -0.788333 0
    outer loop
      vertex -25.6151 34.5379 54.88
      vertex -27.2789 33.2394 53.62
      vertex -25.6151 34.5379 53.62
    endloop
  endfacet
  facet normal 0.405246 -0.914208 0
    outer loop
      vertex -18.3849 38.8715 53.62
      vertex -16.4554 39.7268 54.88
      vertex -18.3849 38.8715 54.88
    endloop
  endfacet
  facet normal 0.405246 -0.914208 0
    outer loop
      vertex -16.4554 39.7268 54.88
      vertex -18.3849 38.8715 53.62
      vertex -16.4554 39.7268 53.62
    endloop
  endfacet
  facet normal 0.0245434 -0.999699 0
    outer loop
      vertex -2.10991 42.9482 53.62
      vertex 0 43 54.88
      vertex -2.10991 42.9482 54.88
    endloop
  endfacet
  facet normal 0.0245434 -0.999699 0
    outer loop
      vertex 0 43 54.88
      vertex -2.10991 42.9482 53.62
      vertex 0 43 53.62
    endloop
  endfacet
  facet normal -0.975693 0.21914 0
    outer loop
      vertex 41.7113 -10.4481 53.62
      vertex 42.1738 -8.38888 54.88
      vertex 42.1738 -8.38888 53.62
    endloop
  endfacet
  facet normal -0.975693 0.21914 0
    outer loop
      vertex 42.1738 -8.38888 54.88
      vertex 41.7113 -10.4481 53.62
      vertex 41.7113 -10.4481 54.88
    endloop
  endfacet
  facet normal -0.963777 0.266708 0
    outer loop
      vertex 41.1484 -12.4822 53.62
      vertex 41.7113 -10.4481 54.88
      vertex 41.7113 -10.4481 53.62
    endloop
  endfacet
  facet normal -0.963777 0.266708 0
    outer loop
      vertex 41.7113 -10.4481 54.88
      vertex 41.1484 -12.4822 53.62
      vertex 41.1484 -12.4822 54.88
    endloop
  endfacet
  facet normal -0.949537 0.313654 0
    outer loop
      vertex 40.4864 -14.4863 53.62
      vertex 41.1484 -12.4822 54.88
      vertex 41.1484 -12.4822 53.62
    endloop
  endfacet
  facet normal -0.949537 0.313654 0
    outer loop
      vertex 41.1484 -12.4822 54.88
      vertex 40.4864 -14.4863 53.62
      vertex 40.4864 -14.4863 54.88
    endloop
  endfacet
  facet normal -0.89323 0.4496 0
    outer loop
      vertex 37.9226 -20.2701 53.62
      vertex 38.8715 -18.3849 54.88
      vertex 38.8715 -18.3849 53.62
    endloop
  endfacet
  facet normal -0.89323 0.4496 0
    outer loop
      vertex 38.8715 -18.3849 54.88
      vertex 37.9226 -20.2701 53.62
      vertex 37.9226 -20.2701 54.88
    endloop
  endfacet
  facet normal -0.870077 0.492916 0
    outer loop
      vertex 36.8823 -22.1064 53.62
      vertex 37.9226 -20.2701 54.88
      vertex 37.9226 -20.2701 53.62
    endloop
  endfacet
  facet normal -0.870077 0.492916 0
    outer loop
      vertex 37.9226 -20.2701 54.88
      vertex 36.8823 -22.1064 53.62
      vertex 36.8823 -22.1064 54.88
    endloop
  endfacet
  facet normal -0.21914 0.975693 0
    outer loop
      vertex 10.4481 -41.7113 53.62
      vertex 8.38888 -42.1738 54.88
      vertex 10.4481 -41.7113 54.88
    endloop
  endfacet
  facet normal -0.21914 0.975693 0
    outer loop
      vertex 8.38888 -42.1738 54.88
      vertex 10.4481 -41.7113 53.62
      vertex 8.38888 -42.1738 53.62
    endloop
  endfacet
  facet normal -0.122386 0.992483 0
    outer loop
      vertex 6.30941 -42.5346 53.62
      vertex 4.21474 -42.7929 54.88
      vertex 6.30941 -42.5346 54.88
    endloop
  endfacet
  facet normal -0.122386 0.992483 0
    outer loop
      vertex 4.21474 -42.7929 54.88
      vertex 6.30941 -42.5346 53.62
      vertex 4.21474 -42.7929 53.62
    endloop
  endfacet
  facet normal -0.492916 0.870077 0
    outer loop
      vertex 22.1064 -36.8823 53.62
      vertex 20.2701 -37.9226 54.88
      vertex 22.1064 -36.8823 54.88
    endloop
  endfacet
  facet normal -0.492916 0.870077 0
    outer loop
      vertex 20.2701 -37.9226 54.88
      vertex 22.1064 -36.8823 53.62
      vertex 20.2701 -37.9226 53.62
    endloop
  endfacet
  facet normal -0.689529 0.724258 0
    outer loop
      vertex 30.4056 -30.4056 53.62
      vertex 28.877 -31.8609 54.88
      vertex 30.4056 -30.4056 54.88
    endloop
  endfacet
  facet normal -0.689529 0.724258 0
    outer loop
      vertex 28.877 -31.8609 54.88
      vertex 30.4056 -30.4056 53.62
      vertex 28.877 -31.8609 53.62
    endloop
  endfacet
  facet normal -0.653165 0.757216 0
    outer loop
      vertex 28.877 -31.8609 53.62
      vertex 27.2789 -33.2394 54.88
      vertex 28.877 -31.8609 54.88
    endloop
  endfacet
  facet normal -0.653165 0.757216 0
    outer loop
      vertex 27.2789 -33.2394 54.88
      vertex 28.877 -31.8609 53.62
      vertex 27.2789 -33.2394 53.62
    endloop
  endfacet
  facet normal 0.817586 0.575807 0
    outer loop
      vertex -34.5379 -25.6151 54.88
      vertex -35.7532 -23.8895 53.62
      vertex -35.7532 -23.8895 54.88
    endloop
  endfacet
  facet normal 0.817586 0.575807 0
    outer loop
      vertex -35.7532 -23.8895 53.62
      vertex -34.5379 -25.6151 54.88
      vertex -34.5379 -25.6151 53.62
    endloop
  endfacet
  facet normal 0.844861 0.534986 0
    outer loop
      vertex -35.7532 -23.8895 54.88
      vertex -36.8823 -22.1064 53.62
      vertex -36.8823 -22.1064 54.88
    endloop
  endfacet
  facet normal 0.844861 0.534986 0
    outer loop
      vertex -36.8823 -22.1064 53.62
      vertex -35.7532 -23.8895 54.88
      vertex -35.7532 -23.8895 53.62
    endloop
  endfacet
  facet normal 0.89323 0.4496 0
    outer loop
      vertex -37.9226 -20.2701 54.88
      vertex -38.8715 -18.3849 53.62
      vertex -38.8715 -18.3849 54.88
    endloop
  endfacet
  facet normal 0.89323 0.4496 0
    outer loop
      vertex -38.8715 -18.3849 53.62
      vertex -37.9226 -20.2701 54.88
      vertex -37.9226 -20.2701 53.62
    endloop
  endfacet
  facet normal 0.870077 0.492916 0
    outer loop
      vertex -36.8823 -22.1064 54.88
      vertex -37.9226 -20.2701 53.62
      vertex -37.9226 -20.2701 54.88
    endloop
  endfacet
  facet normal 0.870077 0.492916 0
    outer loop
      vertex -37.9226 -20.2701 53.62
      vertex -36.8823 -22.1064 54.88
      vertex -36.8823 -22.1064 53.62
    endloop
  endfacet
  facet normal 0.932987 0.359909 0
    outer loop
      vertex -39.7268 -16.4554 54.88
      vertex -40.4864 -14.4863 53.62
      vertex -40.4864 -14.4863 54.88
    endloop
  endfacet
  facet normal 0.932987 0.359909 0
    outer loop
      vertex -40.4864 -14.4863 53.62
      vertex -39.7268 -16.4554 54.88
      vertex -39.7268 -16.4554 53.62
    endloop
  endfacet
  facet normal 0.975693 0.21914 0
    outer loop
      vertex -41.7113 -10.4481 54.88
      vertex -42.1738 -8.38888 53.62
      vertex -42.1738 -8.38888 54.88
    endloop
  endfacet
  facet normal 0.975693 0.21914 0
    outer loop
      vertex -42.1738 -8.38888 53.62
      vertex -41.7113 -10.4481 54.88
      vertex -41.7113 -10.4481 53.62
    endloop
  endfacet
  facet normal 0.985279 0.170952 0
    outer loop
      vertex -42.1738 -8.38888 54.88
      vertex -42.5346 -6.30941 53.62
      vertex -42.5346 -6.30941 54.88
    endloop
  endfacet
  facet normal 0.985279 0.170952 0
    outer loop
      vertex -42.5346 -6.30941 53.62
      vertex -42.1738 -8.38888 54.88
      vertex -42.1738 -8.38888 53.62
    endloop
  endfacet
  facet normal 0.992483 0.122386 0
    outer loop
      vertex -42.5346 -6.30941 54.88
      vertex -42.7929 -4.21474 53.62
      vertex -42.7929 -4.21474 54.88
    endloop
  endfacet
  facet normal 0.992483 0.122386 0
    outer loop
      vertex -42.7929 -4.21474 53.62
      vertex -42.5346 -6.30941 54.88
      vertex -42.5346 -6.30941 53.62
    endloop
  endfacet
  facet normal 0.997289 0.0735827 0
    outer loop
      vertex -42.7929 -4.21474 54.88
      vertex -42.9482 -2.10991 53.62
      vertex -42.9482 -2.10991 54.88
    endloop
  endfacet
  facet normal 0.997289 0.0735827 0
    outer loop
      vertex -42.9482 -2.10991 53.62
      vertex -42.7929 -4.21474 54.88
      vertex -42.7929 -4.21474 53.62
    endloop
  endfacet
  facet normal 0.405246 0.914208 -0
    outer loop
      vertex -16.4554 -39.7268 53.62
      vertex -18.3849 -38.8715 54.88
      vertex -16.4554 -39.7268 54.88
    endloop
  endfacet
  facet normal 0.405246 0.914208 0
    outer loop
      vertex -18.3849 -38.8715 54.88
      vertex -16.4554 -39.7268 53.62
      vertex -18.3849 -38.8715 53.62
    endloop
  endfacet
  facet normal 0.534986 0.844861 -0
    outer loop
      vertex -22.1064 -36.8823 53.62
      vertex -23.8895 -35.7532 54.88
      vertex -22.1064 -36.8823 54.88
    endloop
  endfacet
  facet normal 0.534986 0.844861 0
    outer loop
      vertex -23.8895 -35.7532 54.88
      vertex -22.1064 -36.8823 53.62
      vertex -23.8895 -35.7532 53.62
    endloop
  endfacet
  facet normal 0.615249 0.788333 -0
    outer loop
      vertex -25.6151 -34.5379 53.62
      vertex -27.2789 -33.2394 54.88
      vertex -25.6151 -34.5379 54.88
    endloop
  endfacet
  facet normal 0.615249 0.788333 0
    outer loop
      vertex -27.2789 -33.2394 54.88
      vertex -25.6151 -34.5379 53.62
      vertex -27.2789 -33.2394 53.62
    endloop
  endfacet
  facet normal 0.21914 0.975693 -0
    outer loop
      vertex -8.38888 -42.1738 53.62
      vertex -10.4481 -41.7113 54.88
      vertex -8.38888 -42.1738 54.88
    endloop
  endfacet
  facet normal 0.21914 0.975693 0
    outer loop
      vertex -10.4481 -41.7113 54.88
      vertex -8.38888 -42.1738 53.62
      vertex -10.4481 -41.7113 53.62
    endloop
  endfacet
  facet normal 0.266708 0.963777 -0
    outer loop
      vertex -10.4481 -41.7113 53.62
      vertex -12.4822 -41.1484 54.88
      vertex -10.4481 -41.7113 54.88
    endloop
  endfacet
  facet normal 0.266708 0.963777 0
    outer loop
      vertex -12.4822 -41.1484 54.88
      vertex -10.4481 -41.7113 53.62
      vertex -12.4822 -41.1484 53.62
    endloop
  endfacet
  facet normal 0.0245434 0.999699 -0
    outer loop
      vertex 0 -43 53.62
      vertex -2.10991 -42.9482 54.88
      vertex 0 -43 54.88
    endloop
  endfacet
  facet normal 0.0245434 0.999699 0
    outer loop
      vertex -2.10991 -42.9482 54.88
      vertex 0 -43 53.62
      vertex -2.10991 -42.9482 53.62
    endloop
  endfacet
  facet normal 0.0735827 0.997289 -0
    outer loop
      vertex -2.10991 -42.9482 53.62
      vertex -4.21474 -42.7929 54.88
      vertex -2.10991 -42.9482 54.88
    endloop
  endfacet
  facet normal 0.0735827 0.997289 0
    outer loop
      vertex -4.21474 -42.7929 54.88
      vertex -2.10991 -42.9482 53.62
      vertex -4.21474 -42.7929 53.62
    endloop
  endfacet
  facet normal -0.999699 -0.0245434 0
    outer loop
      vertex 43 0 53.62
      vertex 42.9482 2.10991 54.88
      vertex 42.9482 2.10991 53.62
    endloop
  endfacet
  facet normal -0.999699 -0.0245434 0
    outer loop
      vertex 42.9482 2.10991 54.88
      vertex 43 0 53.62
      vertex 43 0 54.88
    endloop
  endfacet
  facet normal -0.0245434 -0.999699 0
    outer loop
      vertex 0 43 53.62
      vertex 2.10991 42.9482 54.88
      vertex 0 43 54.88
    endloop
  endfacet
  facet normal -0.0245434 -0.999699 -0
    outer loop
      vertex 2.10991 42.9482 54.88
      vertex 0 43 53.62
      vertex 2.10991 42.9482 53.62
    endloop
  endfacet
  facet normal -0.0735827 -0.997289 0
    outer loop
      vertex 2.10991 42.9482 53.62
      vertex 4.21474 42.7929 54.88
      vertex 2.10991 42.9482 54.88
    endloop
  endfacet
  facet normal -0.0735827 -0.997289 -0
    outer loop
      vertex 4.21474 42.7929 54.88
      vertex 2.10991 42.9482 53.62
      vertex 4.21474 42.7929 53.62
    endloop
  endfacet
  facet normal -0.21914 -0.975693 0
    outer loop
      vertex 8.38888 42.1738 53.62
      vertex 10.4481 41.7113 54.88
      vertex 8.38888 42.1738 54.88
    endloop
  endfacet
  facet normal -0.21914 -0.975693 -0
    outer loop
      vertex 10.4481 41.7113 54.88
      vertex 8.38888 42.1738 53.62
      vertex 10.4481 41.7113 53.62
    endloop
  endfacet
  facet normal -0.313654 -0.949537 0
    outer loop
      vertex 12.4822 41.1484 53.62
      vertex 14.4863 40.4864 54.88
      vertex 12.4822 41.1484 54.88
    endloop
  endfacet
  facet normal -0.313654 -0.949537 -0
    outer loop
      vertex 14.4863 40.4864 54.88
      vertex 12.4822 41.1484 53.62
      vertex 14.4863 40.4864 53.62
    endloop
  endfacet
  facet normal -0.266708 -0.963777 0
    outer loop
      vertex 10.4481 41.7113 53.62
      vertex 12.4822 41.1484 54.88
      vertex 10.4481 41.7113 54.88
    endloop
  endfacet
  facet normal -0.266708 -0.963777 -0
    outer loop
      vertex 12.4822 41.1484 54.88
      vertex 10.4481 41.7113 53.62
      vertex 12.4822 41.1484 53.62
    endloop
  endfacet
  facet normal -0.615249 -0.788333 0
    outer loop
      vertex 25.6151 34.5379 53.62
      vertex 27.2789 33.2394 54.88
      vertex 25.6151 34.5379 54.88
    endloop
  endfacet
  facet normal -0.615249 -0.788333 -0
    outer loop
      vertex 27.2789 33.2394 54.88
      vertex 25.6151 34.5379 53.62
      vertex 27.2789 33.2394 53.62
    endloop
  endfacet
  facet normal -0.575807 -0.817586 0
    outer loop
      vertex 23.8895 35.7532 53.62
      vertex 25.6151 34.5379 54.88
      vertex 23.8895 35.7532 54.88
    endloop
  endfacet
  facet normal -0.575807 -0.817586 -0
    outer loop
      vertex 25.6151 34.5379 54.88
      vertex 23.8895 35.7532 53.62
      vertex 25.6151 34.5379 53.62
    endloop
  endfacet
  facet normal -0.653165 -0.757216 0
    outer loop
      vertex 27.2789 33.2394 53.62
      vertex 28.877 31.8609 54.88
      vertex 27.2789 33.2394 54.88
    endloop
  endfacet
  facet normal -0.653165 -0.757216 -0
    outer loop
      vertex 28.877 31.8609 54.88
      vertex 27.2789 33.2394 53.62
      vertex 28.877 31.8609 53.62
    endloop
  endfacet
  facet normal -0.405246 -0.914208 0
    outer loop
      vertex 16.4554 39.7268 53.62
      vertex 18.3849 38.8715 54.88
      vertex 16.4554 39.7268 54.88
    endloop
  endfacet
  facet normal -0.405246 -0.914208 -0
    outer loop
      vertex 18.3849 38.8715 54.88
      vertex 16.4554 39.7268 53.62
      vertex 18.3849 38.8715 53.62
    endloop
  endfacet
  facet normal -0.492916 -0.870077 0
    outer loop
      vertex 20.2701 37.9226 53.62
      vertex 22.1064 36.8823 54.88
      vertex 20.2701 37.9226 54.88
    endloop
  endfacet
  facet normal -0.492916 -0.870077 -0
    outer loop
      vertex 22.1064 36.8823 54.88
      vertex 20.2701 37.9226 53.62
      vertex 22.1064 36.8823 53.62
    endloop
  endfacet
  facet normal -0.4496 -0.89323 0
    outer loop
      vertex 18.3849 38.8715 53.62
      vertex 20.2701 37.9226 54.88
      vertex 18.3849 38.8715 54.88
    endloop
  endfacet
  facet normal -0.4496 -0.89323 -0
    outer loop
      vertex 20.2701 37.9226 54.88
      vertex 18.3849 38.8715 53.62
      vertex 20.2701 37.9226 53.62
    endloop
  endfacet
  facet normal -0.724258 -0.689529 0
    outer loop
      vertex 31.8609 28.877 53.62
      vertex 30.4056 30.4056 54.88
      vertex 30.4056 30.4056 53.62
    endloop
  endfacet
  facet normal -0.724258 -0.689529 0
    outer loop
      vertex 30.4056 30.4056 54.88
      vertex 31.8609 28.877 53.62
      vertex 31.8609 28.877 54.88
    endloop
  endfacet
  facet normal -0.757216 -0.653165 0
    outer loop
      vertex 33.2394 27.2789 53.62
      vertex 31.8609 28.877 54.88
      vertex 31.8609 28.877 53.62
    endloop
  endfacet
  facet normal -0.757216 -0.653165 0
    outer loop
      vertex 31.8609 28.877 54.88
      vertex 33.2394 27.2789 53.62
      vertex 33.2394 27.2789 54.88
    endloop
  endfacet
  facet normal -0.844861 -0.534986 0
    outer loop
      vertex 36.8823 22.1064 53.62
      vertex 35.7532 23.8895 54.88
      vertex 35.7532 23.8895 53.62
    endloop
  endfacet
  facet normal -0.844861 -0.534986 0
    outer loop
      vertex 35.7532 23.8895 54.88
      vertex 36.8823 22.1064 53.62
      vertex 36.8823 22.1064 54.88
    endloop
  endfacet
  facet normal -0.89323 -0.4496 0
    outer loop
      vertex 38.8715 18.3849 53.62
      vertex 37.9226 20.2701 54.88
      vertex 37.9226 20.2701 53.62
    endloop
  endfacet
  facet normal -0.89323 -0.4496 0
    outer loop
      vertex 37.9226 20.2701 54.88
      vertex 38.8715 18.3849 53.62
      vertex 38.8715 18.3849 54.88
    endloop
  endfacet
  facet normal -0.949537 -0.313654 0
    outer loop
      vertex 41.1484 12.4822 53.62
      vertex 40.4864 14.4863 54.88
      vertex 40.4864 14.4863 53.62
    endloop
  endfacet
  facet normal -0.949537 -0.313654 0
    outer loop
      vertex 40.4864 14.4863 54.88
      vertex 41.1484 12.4822 53.62
      vertex 41.1484 12.4822 54.88
    endloop
  endfacet
  facet normal -0.932987 -0.359909 0
    outer loop
      vertex 40.4864 14.4863 53.62
      vertex 39.7268 16.4554 54.88
      vertex 39.7268 16.4554 53.62
    endloop
  endfacet
  facet normal -0.932987 -0.359909 0
    outer loop
      vertex 39.7268 16.4554 54.88
      vertex 40.4864 14.4863 53.62
      vertex 40.4864 14.4863 54.88
    endloop
  endfacet
  facet normal 0.122386 -0.992483 0
    outer loop
      vertex -6.30941 42.5346 53.62
      vertex -4.21474 42.7929 54.88
      vertex -6.30941 42.5346 54.88
    endloop
  endfacet
  facet normal 0.122386 -0.992483 0
    outer loop
      vertex -4.21474 42.7929 54.88
      vertex -6.30941 42.5346 53.62
      vertex -4.21474 42.7929 53.62
    endloop
  endfacet
  facet normal 0.689529 -0.724258 0
    outer loop
      vertex -30.4056 30.4056 53.62
      vertex -28.877 31.8609 54.88
      vertex -30.4056 30.4056 54.88
    endloop
  endfacet
  facet normal 0.689529 -0.724258 0
    outer loop
      vertex -28.877 31.8609 54.88
      vertex -30.4056 30.4056 53.62
      vertex -28.877 31.8609 53.62
    endloop
  endfacet
  facet normal 0.653165 -0.757216 0
    outer loop
      vertex -28.877 31.8609 53.62
      vertex -27.2789 33.2394 54.88
      vertex -28.877 31.8609 54.88
    endloop
  endfacet
  facet normal 0.653165 -0.757216 0
    outer loop
      vertex -27.2789 33.2394 54.88
      vertex -28.877 31.8609 53.62
      vertex -27.2789 33.2394 53.62
    endloop
  endfacet
  facet normal 0.534986 -0.844861 0
    outer loop
      vertex -23.8895 35.7532 53.62
      vertex -22.1064 36.8823 54.88
      vertex -23.8895 35.7532 54.88
    endloop
  endfacet
  facet normal 0.534986 -0.844861 0
    outer loop
      vertex -22.1064 36.8823 54.88
      vertex -23.8895 35.7532 53.62
      vertex -22.1064 36.8823 53.62
    endloop
  endfacet
  facet normal 0.4496 -0.89323 0
    outer loop
      vertex -20.2701 37.9226 53.62
      vertex -18.3849 38.8715 54.88
      vertex -20.2701 37.9226 54.88
    endloop
  endfacet
  facet normal 0.4496 -0.89323 0
    outer loop
      vertex -18.3849 38.8715 54.88
      vertex -20.2701 37.9226 53.62
      vertex -18.3849 38.8715 53.62
    endloop
  endfacet
  facet normal 0.492916 -0.870077 0
    outer loop
      vertex -22.1064 36.8823 53.62
      vertex -20.2701 37.9226 54.88
      vertex -22.1064 36.8823 54.88
    endloop
  endfacet
  facet normal 0.492916 -0.870077 0
    outer loop
      vertex -20.2701 37.9226 54.88
      vertex -22.1064 36.8823 53.62
      vertex -20.2701 37.9226 53.62
    endloop
  endfacet
  facet normal 0.359909 -0.932987 0
    outer loop
      vertex -16.4554 39.7268 53.62
      vertex -14.4863 40.4864 54.88
      vertex -16.4554 39.7268 54.88
    endloop
  endfacet
  facet normal 0.359909 -0.932987 0
    outer loop
      vertex -14.4863 40.4864 54.88
      vertex -16.4554 39.7268 53.62
      vertex -14.4863 40.4864 53.62
    endloop
  endfacet
  facet normal 0.313654 -0.949537 0
    outer loop
      vertex -14.4863 40.4864 53.62
      vertex -12.4822 41.1484 54.88
      vertex -14.4863 40.4864 54.88
    endloop
  endfacet
  facet normal 0.313654 -0.949537 0
    outer loop
      vertex -12.4822 41.1484 54.88
      vertex -14.4863 40.4864 53.62
      vertex -12.4822 41.1484 53.62
    endloop
  endfacet
  facet normal 0.170952 -0.985279 0
    outer loop
      vertex -8.38888 42.1738 53.62
      vertex -6.30941 42.5346 54.88
      vertex -8.38888 42.1738 54.88
    endloop
  endfacet
  facet normal 0.170952 -0.985279 0
    outer loop
      vertex -6.30941 42.5346 54.88
      vertex -8.38888 42.1738 53.62
      vertex -6.30941 42.5346 53.62
    endloop
  endfacet
  facet normal 0.0735827 -0.997289 0
    outer loop
      vertex -4.21474 42.7929 53.62
      vertex -2.10991 42.9482 54.88
      vertex -4.21474 42.7929 54.88
    endloop
  endfacet
  facet normal 0.0735827 -0.997289 0
    outer loop
      vertex -2.10991 42.9482 54.88
      vertex -4.21474 42.7929 53.62
      vertex -2.10991 42.9482 53.62
    endloop
  endfacet
  facet normal 0.724258 -0.689529 0
    outer loop
      vertex -31.8609 28.877 54.88
      vertex -30.4056 30.4056 53.62
      vertex -30.4056 30.4056 54.88
    endloop
  endfacet
  facet normal 0.724258 -0.689529 0
    outer loop
      vertex -30.4056 30.4056 53.62
      vertex -31.8609 28.877 54.88
      vertex -31.8609 28.877 53.62
    endloop
  endfacet
  facet normal 0.914208 -0.405246 0
    outer loop
      vertex -39.7268 16.4554 54.88
      vertex -38.8715 18.3849 53.62
      vertex -38.8715 18.3849 54.88
    endloop
  endfacet
  facet normal 0.914208 -0.405246 0
    outer loop
      vertex -38.8715 18.3849 53.62
      vertex -39.7268 16.4554 54.88
      vertex -39.7268 16.4554 53.62
    endloop
  endfacet
  facet normal 0.89323 -0.4496 0
    outer loop
      vertex -38.8715 18.3849 54.88
      vertex -37.9226 20.2701 53.62
      vertex -37.9226 20.2701 54.88
    endloop
  endfacet
  facet normal 0.89323 -0.4496 0
    outer loop
      vertex -37.9226 20.2701 53.62
      vertex -38.8715 18.3849 54.88
      vertex -38.8715 18.3849 53.62
    endloop
  endfacet
  facet normal 0.870077 -0.492916 0
    outer loop
      vertex -37.9226 20.2701 54.88
      vertex -36.8823 22.1064 53.62
      vertex -36.8823 22.1064 54.88
    endloop
  endfacet
  facet normal 0.870077 -0.492916 0
    outer loop
      vertex -36.8823 22.1064 53.62
      vertex -37.9226 20.2701 54.88
      vertex -37.9226 20.2701 53.62
    endloop
  endfacet
  facet normal 0.817586 -0.575807 0
    outer loop
      vertex -35.7532 23.8895 54.88
      vertex -34.5379 25.6151 53.62
      vertex -34.5379 25.6151 54.88
    endloop
  endfacet
  facet normal 0.817586 -0.575807 0
    outer loop
      vertex -34.5379 25.6151 53.62
      vertex -35.7532 23.8895 54.88
      vertex -35.7532 23.8895 53.62
    endloop
  endfacet
  facet normal 0.932987 -0.359909 0
    outer loop
      vertex -40.4864 14.4863 54.88
      vertex -39.7268 16.4554 53.62
      vertex -39.7268 16.4554 54.88
    endloop
  endfacet
  facet normal 0.932987 -0.359909 0
    outer loop
      vertex -39.7268 16.4554 53.62
      vertex -40.4864 14.4863 54.88
      vertex -40.4864 14.4863 53.62
    endloop
  endfacet
  facet normal 0.975693 -0.21914 0
    outer loop
      vertex -42.1738 8.38888 54.88
      vertex -41.7113 10.4481 53.62
      vertex -41.7113 10.4481 54.88
    endloop
  endfacet
  facet normal 0.975693 -0.21914 0
    outer loop
      vertex -41.7113 10.4481 53.62
      vertex -42.1738 8.38888 54.88
      vertex -42.1738 8.38888 53.62
    endloop
  endfacet
  facet normal 0.992483 -0.122386 0
    outer loop
      vertex -42.7929 4.21474 54.88
      vertex -42.5346 6.30941 53.62
      vertex -42.5346 6.30941 54.88
    endloop
  endfacet
  facet normal 0.992483 -0.122386 0
    outer loop
      vertex -42.5346 6.30941 53.62
      vertex -42.7929 4.21474 54.88
      vertex -42.7929 4.21474 53.62
    endloop
  endfacet
  facet normal 0.999699 -0.0245434 0
    outer loop
      vertex -43 0 54.88
      vertex -42.9482 2.10991 53.62
      vertex -42.9482 2.10991 54.88
    endloop
  endfacet
  facet normal 0.999699 -0.0245434 0
    outer loop
      vertex -42.9482 2.10991 53.62
      vertex -43 0 54.88
      vertex -43 0 53.62
    endloop
  endfacet
  facet normal 0.985279 -0.170952 0
    outer loop
      vertex -42.5346 6.30941 54.88
      vertex -42.1738 8.38888 53.62
      vertex -42.1738 8.38888 54.88
    endloop
  endfacet
  facet normal 0.985279 -0.170952 0
    outer loop
      vertex -42.1738 8.38888 53.62
      vertex -42.5346 6.30941 54.88
      vertex -42.5346 6.30941 53.62
    endloop
  endfacet
  facet normal -0.997289 0.0735827 0
    outer loop
      vertex 42.7929 -4.21474 53.62
      vertex 42.9482 -2.10991 54.88
      vertex 42.9482 -2.10991 53.62
    endloop
  endfacet
  facet normal -0.997289 0.0735827 0
    outer loop
      vertex 42.9482 -2.10991 54.88
      vertex 42.7929 -4.21474 53.62
      vertex 42.7929 -4.21474 54.88
    endloop
  endfacet
  facet normal -0.932987 0.359909 0
    outer loop
      vertex 39.7268 -16.4554 53.62
      vertex 40.4864 -14.4863 54.88
      vertex 40.4864 -14.4863 53.62
    endloop
  endfacet
  facet normal -0.932987 0.359909 0
    outer loop
      vertex 40.4864 -14.4863 54.88
      vertex 39.7268 -16.4554 53.62
      vertex 39.7268 -16.4554 54.88
    endloop
  endfacet
  facet normal -0.788333 0.615249 0
    outer loop
      vertex 33.2394 -27.2789 53.62
      vertex 34.5379 -25.6151 54.88
      vertex 34.5379 -25.6151 53.62
    endloop
  endfacet
  facet normal -0.788333 0.615249 0
    outer loop
      vertex 34.5379 -25.6151 54.88
      vertex 33.2394 -27.2789 53.62
      vertex 33.2394 -27.2789 54.88
    endloop
  endfacet
  facet normal -0.844861 0.534986 0
    outer loop
      vertex 35.7532 -23.8895 53.62
      vertex 36.8823 -22.1064 54.88
      vertex 36.8823 -22.1064 53.62
    endloop
  endfacet
  facet normal -0.844861 0.534986 0
    outer loop
      vertex 36.8823 -22.1064 54.88
      vertex 35.7532 -23.8895 53.62
      vertex 35.7532 -23.8895 54.88
    endloop
  endfacet
  facet normal -0.359909 0.932987 0
    outer loop
      vertex 16.4554 -39.7268 53.62
      vertex 14.4863 -40.4864 54.88
      vertex 16.4554 -39.7268 54.88
    endloop
  endfacet
  facet normal -0.359909 0.932987 0
    outer loop
      vertex 14.4863 -40.4864 54.88
      vertex 16.4554 -39.7268 53.62
      vertex 14.4863 -40.4864 53.62
    endloop
  endfacet
  facet normal -0.0735827 0.997289 0
    outer loop
      vertex 4.21474 -42.7929 53.62
      vertex 2.10991 -42.9482 54.88
      vertex 4.21474 -42.7929 54.88
    endloop
  endfacet
  facet normal -0.0735827 0.997289 0
    outer loop
      vertex 2.10991 -42.9482 54.88
      vertex 4.21474 -42.7929 53.62
      vertex 2.10991 -42.9482 53.62
    endloop
  endfacet
  facet normal -0.170952 0.985279 0
    outer loop
      vertex 8.38888 -42.1738 53.62
      vertex 6.30941 -42.5346 54.88
      vertex 8.38888 -42.1738 54.88
    endloop
  endfacet
  facet normal -0.170952 0.985279 0
    outer loop
      vertex 6.30941 -42.5346 54.88
      vertex 8.38888 -42.1738 53.62
      vertex 6.30941 -42.5346 53.62
    endloop
  endfacet
  facet normal -0.4496 0.89323 0
    outer loop
      vertex 20.2701 -37.9226 53.62
      vertex 18.3849 -38.8715 54.88
      vertex 20.2701 -37.9226 54.88
    endloop
  endfacet
  facet normal -0.4496 0.89323 0
    outer loop
      vertex 18.3849 -38.8715 54.88
      vertex 20.2701 -37.9226 53.62
      vertex 18.3849 -38.8715 53.62
    endloop
  endfacet
  facet normal -0.534986 0.844861 0
    outer loop
      vertex 23.8895 -35.7532 53.62
      vertex 22.1064 -36.8823 54.88
      vertex 23.8895 -35.7532 54.88
    endloop
  endfacet
  facet normal -0.534986 0.844861 0
    outer loop
      vertex 22.1064 -36.8823 54.88
      vertex 23.8895 -35.7532 53.62
      vertex 22.1064 -36.8823 53.62
    endloop
  endfacet
  facet normal -0.615249 0.788333 0
    outer loop
      vertex 27.2789 -33.2394 53.62
      vertex 25.6151 -34.5379 54.88
      vertex 27.2789 -33.2394 54.88
    endloop
  endfacet
  facet normal -0.615249 0.788333 0
    outer loop
      vertex 25.6151 -34.5379 54.88
      vertex 27.2789 -33.2394 53.62
      vertex 25.6151 -34.5379 53.62
    endloop
  endfacet
  facet normal 0.724258 0.689529 0
    outer loop
      vertex -30.4056 -30.4056 54.88
      vertex -31.8609 -28.877 53.62
      vertex -31.8609 -28.877 54.88
    endloop
  endfacet
  facet normal 0.724258 0.689529 0
    outer loop
      vertex -31.8609 -28.877 53.62
      vertex -30.4056 -30.4056 54.88
      vertex -30.4056 -30.4056 53.62
    endloop
  endfacet
  facet normal 0.653165 0.757216 -0
    outer loop
      vertex -27.2789 -33.2394 53.62
      vertex -28.877 -31.8609 54.88
      vertex -27.2789 -33.2394 54.88
    endloop
  endfacet
  facet normal 0.653165 0.757216 0
    outer loop
      vertex -28.877 -31.8609 54.88
      vertex -27.2789 -33.2394 53.62
      vertex -28.877 -31.8609 53.62
    endloop
  endfacet
  facet normal 0.575807 0.817586 -0
    outer loop
      vertex -23.8895 -35.7532 53.62
      vertex -25.6151 -34.5379 54.88
      vertex -23.8895 -35.7532 54.88
    endloop
  endfacet
  facet normal 0.575807 0.817586 0
    outer loop
      vertex -25.6151 -34.5379 54.88
      vertex -23.8895 -35.7532 53.62
      vertex -25.6151 -34.5379 53.62
    endloop
  endfacet
  facet normal 0.313654 0.949537 -0
    outer loop
      vertex -12.4822 -41.1484 53.62
      vertex -14.4863 -40.4864 54.88
      vertex -12.4822 -41.1484 54.88
    endloop
  endfacet
  facet normal 0.313654 0.949537 0
    outer loop
      vertex -14.4863 -40.4864 54.88
      vertex -12.4822 -41.1484 53.62
      vertex -14.4863 -40.4864 53.62
    endloop
  endfacet
  facet normal 0.122386 0.992483 -0
    outer loop
      vertex -4.21474 -42.7929 53.62
      vertex -6.30941 -42.5346 54.88
      vertex -4.21474 -42.7929 54.88
    endloop
  endfacet
  facet normal 0.122386 0.992483 0
    outer loop
      vertex -6.30941 -42.5346 54.88
      vertex -4.21474 -42.7929 53.62
      vertex -6.30941 -42.5346 53.62
    endloop
  endfacet
  facet normal -0.975693 -0.21914 0
    outer loop
      vertex 42.1738 8.38888 53.62
      vertex 41.7113 10.4481 54.88
      vertex 41.7113 10.4481 53.62
    endloop
  endfacet
  facet normal -0.975693 -0.21914 0
    outer loop
      vertex 41.7113 10.4481 54.88
      vertex 42.1738 8.38888 53.62
      vertex 42.1738 8.38888 54.88
    endloop
  endfacet
  facet normal -0.170952 -0.985279 0
    outer loop
      vertex 6.30941 42.5346 53.62
      vertex 8.38888 42.1738 54.88
      vertex 6.30941 42.5346 54.88
    endloop
  endfacet
  facet normal -0.170952 -0.985279 -0
    outer loop
      vertex 8.38888 42.1738 54.88
      vertex 6.30941 42.5346 53.62
      vertex 8.38888 42.1738 53.62
    endloop
  endfacet
  facet normal -0.817586 -0.575807 0
    outer loop
      vertex 35.7532 23.8895 53.62
      vertex 34.5379 25.6151 54.88
      vertex 34.5379 25.6151 53.62
    endloop
  endfacet
  facet normal -0.817586 -0.575807 0
    outer loop
      vertex 34.5379 25.6151 54.88
      vertex 35.7532 23.8895 53.62
      vertex 35.7532 23.8895 54.88
    endloop
  endfacet
  facet normal -0.870077 -0.492916 0
    outer loop
      vertex 37.9226 20.2701 53.62
      vertex 36.8823 22.1064 54.88
      vertex 36.8823 22.1064 53.62
    endloop
  endfacet
  facet normal -0.870077 -0.492916 0
    outer loop
      vertex 36.8823 22.1064 54.88
      vertex 37.9226 20.2701 53.62
      vertex 37.9226 20.2701 54.88
    endloop
  endfacet
  facet normal 0.575807 -0.817586 0
    outer loop
      vertex -25.6151 34.5379 53.62
      vertex -23.8895 35.7532 54.88
      vertex -25.6151 34.5379 54.88
    endloop
  endfacet
  facet normal 0.575807 -0.817586 0
    outer loop
      vertex -23.8895 35.7532 54.88
      vertex -25.6151 34.5379 53.62
      vertex -23.8895 35.7532 53.62
    endloop
  endfacet
  facet normal 0.21914 -0.975693 0
    outer loop
      vertex -10.4481 41.7113 53.62
      vertex -8.38888 42.1738 54.88
      vertex -10.4481 41.7113 54.88
    endloop
  endfacet
  facet normal 0.21914 -0.975693 0
    outer loop
      vertex -8.38888 42.1738 54.88
      vertex -10.4481 41.7113 53.62
      vertex -8.38888 42.1738 53.62
    endloop
  endfacet
  facet normal 0.844861 -0.534986 0
    outer loop
      vertex -36.8823 22.1064 54.88
      vertex -35.7532 23.8895 53.62
      vertex -35.7532 23.8895 54.88
    endloop
  endfacet
  facet normal 0.844861 -0.534986 0
    outer loop
      vertex -35.7532 23.8895 53.62
      vertex -36.8823 22.1064 54.88
      vertex -36.8823 22.1064 53.62
    endloop
  endfacet
  facet normal 0.788333 -0.615249 0
    outer loop
      vertex -34.5379 25.6151 54.88
      vertex -33.2394 27.2789 53.62
      vertex -33.2394 27.2789 54.88
    endloop
  endfacet
  facet normal 0.788333 -0.615249 0
    outer loop
      vertex -33.2394 27.2789 53.62
      vertex -34.5379 25.6151 54.88
      vertex -34.5379 25.6151 53.62
    endloop
  endfacet
  facet normal 0.963777 -0.266708 0
    outer loop
      vertex -41.7113 10.4481 54.88
      vertex -41.1484 12.4822 53.62
      vertex -41.1484 12.4822 54.88
    endloop
  endfacet
  facet normal 0.963777 -0.266708 0
    outer loop
      vertex -41.1484 12.4822 53.62
      vertex -41.7113 10.4481 54.88
      vertex -41.7113 10.4481 53.62
    endloop
  endfacet
  facet normal 0.997289 -0.0735827 0
    outer loop
      vertex -42.9482 2.10991 54.88
      vertex -42.7929 4.21474 53.62
      vertex -42.7929 4.21474 54.88
    endloop
  endfacet
  facet normal 0.997289 -0.0735827 0
    outer loop
      vertex -42.7929 4.21474 53.62
      vertex -42.9482 2.10991 54.88
      vertex -42.9482 2.10991 53.62
    endloop
  endfacet
  facet normal -0.963777 -0.266708 0
    outer loop
      vertex 41.7113 10.4481 53.62
      vertex 41.1484 12.4822 54.88
      vertex 41.1484 12.4822 53.62
    endloop
  endfacet
  facet normal -0.963777 -0.266708 0
    outer loop
      vertex 41.1484 12.4822 54.88
      vertex 41.7113 10.4481 53.62
      vertex 41.7113 10.4481 54.88
    endloop
  endfacet
  facet normal -0.985279 -0.170952 0
    outer loop
      vertex 42.5346 6.30941 53.62
      vertex 42.1738 8.38888 54.88
      vertex 42.1738 8.38888 53.62
    endloop
  endfacet
  facet normal -0.985279 -0.170952 0
    outer loop
      vertex 42.1738 8.38888 54.88
      vertex 42.5346 6.30941 53.62
      vertex 42.5346 6.30941 54.88
    endloop
  endfacet
  facet normal -0.992483 -0.122386 0
    outer loop
      vertex 42.7929 4.21474 53.62
      vertex 42.5346 6.30941 54.88
      vertex 42.5346 6.30941 53.62
    endloop
  endfacet
  facet normal -0.992483 -0.122386 0
    outer loop
      vertex 42.5346 6.30941 54.88
      vertex 42.7929 4.21474 53.62
      vertex 42.7929 4.21474 54.88
    endloop
  endfacet
  facet normal -0.997289 -0.0735827 0
    outer loop
      vertex 42.9482 2.10991 53.62
      vertex 42.7929 4.21474 54.88
      vertex 42.7929 4.21474 53.62
    endloop
  endfacet
  facet normal -0.997289 -0.0735827 0
    outer loop
      vertex 42.7929 4.21474 54.88
      vertex 42.9482 2.10991 53.62
      vertex 42.9482 2.10991 54.88
    endloop
  endfacet
  facet normal -0.893227 0.449607 0
    outer loop
      vertex 40.2156 -21.4957 0
      vertex 41.2219 -19.4965 53.62
      vertex 41.2219 -19.4965 0
    endloop
  endfacet
  facet normal -0.893227 0.449607 0
    outer loop
      vertex 41.2219 -19.4965 53.62
      vertex 40.2156 -21.4957 0
      vertex 40.2156 -21.4957 53.62
    endloop
  endfacet
  facet normal -0.359892 0.932994 0
    outer loop
      vertex 17.4504 -42.1289 0
      vertex 15.3622 -42.9344 53.62
      vertex 17.4504 -42.1289 53.62
    endloop
  endfacet
  facet normal -0.359892 0.932994 0
    outer loop
      vertex 15.3622 -42.9344 53.62
      vertex 17.4504 -42.1289 0
      vertex 15.3622 -42.9344 0
    endloop
  endfacet
  facet normal 0.359892 0.932994 -0
    outer loop
      vertex -15.3622 -42.9344 0
      vertex -17.4504 -42.1289 53.62
      vertex -15.3622 -42.9344 53.62
    endloop
  endfacet
  facet normal 0.359892 0.932994 0
    outer loop
      vertex -17.4504 -42.1289 53.62
      vertex -15.3622 -42.9344 0
      vertex -17.4504 -42.1289 0
    endloop
  endfacet
  facet normal 0.914205 0.405251 0
    outer loop
      vertex -41.2219 -19.4965 53.62
      vertex -42.1289 -17.4504 0
      vertex -42.1289 -17.4504 53.62
    endloop
  endfacet
  facet normal 0.914205 0.405251 0
    outer loop
      vertex -42.1289 -17.4504 0
      vertex -41.2219 -19.4965 53.62
      vertex -41.2219 -19.4965 0
    endloop
  endfacet
  facet normal -0.999699 -0.024529 0
    outer loop
      vertex 45.6 0 0
      vertex 45.5451 2.23749 53.62
      vertex 45.5451 2.23749 0
    endloop
  endfacet
  facet normal -0.999699 -0.024529 0
    outer loop
      vertex 45.5451 2.23749 53.62
      vertex 45.6 0 0
      vertex 45.6 0 53.62
    endloop
  endfacet
  facet normal -0.963782 0.266692 0
    outer loop
      vertex 43.6365 -13.237 0
      vertex 44.2334 -11.0799 53.62
      vertex 44.2334 -11.0799 0
    endloop
  endfacet
  facet normal -0.963782 0.266692 0
    outer loop
      vertex 44.2334 -11.0799 53.62
      vertex 43.6365 -13.237 0
      vertex 43.6365 -13.237 53.62
    endloop
  endfacet
  facet normal -0.534998 0.844853 0
    outer loop
      vertex 25.334 -37.915 0
      vertex 23.4431 -39.1124 53.62
      vertex 25.334 -37.915 53.62
    endloop
  endfacet
  facet normal -0.534998 0.844853 0
    outer loop
      vertex 23.4431 -39.1124 53.62
      vertex 25.334 -37.915 0
      vertex 23.4431 -39.1124 0
    endloop
  endfacet
  facet normal 0.724252 0.689536 0
    outer loop
      vertex -32.2441 -32.2441 53.62
      vertex -33.7874 -30.6231 0
      vertex -33.7874 -30.6231 53.62
    endloop
  endfacet
  facet normal 0.724252 0.689536 0
    outer loop
      vertex -33.7874 -30.6231 0
      vertex -32.2441 -32.2441 53.62
      vertex -32.2441 -32.2441 0
    endloop
  endfacet
  facet normal 0.219108 0.975701 -0
    outer loop
      vertex -8.89612 -44.7238 0
      vertex -11.0799 -44.2334 53.62
      vertex -8.89612 -44.7238 53.62
    endloop
  endfacet
  facet normal 0.219108 0.975701 0
    outer loop
      vertex -11.0799 -44.2334 53.62
      vertex -8.89612 -44.7238 0
      vertex -11.0799 -44.2334 0
    endloop
  endfacet
  facet normal 0.689536 -0.724252 0
    outer loop
      vertex -32.2441 32.2441 0
      vertex -30.6231 33.7874 53.62
      vertex -32.2441 32.2441 53.62
    endloop
  endfacet
  facet normal 0.689536 -0.724252 0
    outer loop
      vertex -30.6231 33.7874 53.62
      vertex -32.2441 32.2441 0
      vertex -30.6231 33.7874 0
    endloop
  endfacet
  facet normal -0.122422 -0.992478 0
    outer loop
      vertex 4.46958 45.3804 0
      vertex 6.69091 45.1064 53.62
      vertex 4.46958 45.3804 53.62
    endloop
  endfacet
  facet normal -0.122422 -0.992478 -0
    outer loop
      vertex 6.69091 45.1064 53.62
      vertex 4.46958 45.3804 0
      vertex 6.69091 45.1064 0
    endloop
  endfacet
  facet normal -0.817598 0.57579 0
    outer loop
      vertex 36.6263 -27.1639 0
      vertex 37.915 -25.334 53.62
      vertex 37.915 -25.334 0
    endloop
  endfacet
  facet normal -0.817598 0.57579 0
    outer loop
      vertex 37.915 -25.334 53.62
      vertex 36.6263 -27.1639 0
      vertex 36.6263 -27.1639 53.62
    endloop
  endfacet
  facet normal -0.724252 0.689536 0
    outer loop
      vertex 32.2441 -32.2441 0
      vertex 33.7874 -30.6231 53.62
      vertex 33.7874 -30.6231 0
    endloop
  endfacet
  facet normal -0.724252 0.689536 0
    outer loop
      vertex 33.7874 -30.6231 53.62
      vertex 32.2441 -32.2441 0
      vertex 32.2441 -32.2441 53.62
    endloop
  endfacet
  facet normal 0.024529 0.999699 -0
    outer loop
      vertex 0 -45.6 0
      vertex -2.23749 -45.5451 53.62
      vertex 0 -45.6 53.62
    endloop
  endfacet
  facet normal 0.024529 0.999699 0
    outer loop
      vertex -2.23749 -45.5451 53.62
      vertex 0 -45.6 0
      vertex -2.23749 -45.5451 0
    endloop
  endfacet
  facet normal -0.170944 0.985281 0
    outer loop
      vertex 8.89612 -44.7238 0
      vertex 6.69091 -45.1064 53.62
      vertex 8.89612 -44.7238 53.62
    endloop
  endfacet
  facet normal -0.170944 0.985281 0
    outer loop
      vertex 6.69091 -45.1064 53.62
      vertex 8.89612 -44.7238 0
      vertex 6.69091 -45.1064 0
    endloop
  endfacet
  facet normal 0.999699 0.024529 0
    outer loop
      vertex -45.5451 -2.23749 53.62
      vertex -45.6 0 0
      vertex -45.6 0 53.62
    endloop
  endfacet
  facet normal 0.999699 0.024529 0
    outer loop
      vertex -45.6 0 0
      vertex -45.5451 -2.23749 53.62
      vertex -45.5451 -2.23749 0
    endloop
  endfacet
  facet normal 0.975701 0.219108 0
    outer loop
      vertex -44.2334 -11.0799 53.62
      vertex -44.7238 -8.89612 0
      vertex -44.7238 -8.89612 53.62
    endloop
  endfacet
  facet normal 0.975701 0.219108 0
    outer loop
      vertex -44.7238 -8.89612 0
      vertex -44.2334 -11.0799 53.62
      vertex -44.2334 -11.0799 0
    endloop
  endfacet
  facet normal 0.817598 0.57579 0
    outer loop
      vertex -36.6263 -27.1639 53.62
      vertex -37.915 -25.334 0
      vertex -37.915 -25.334 53.62
    endloop
  endfacet
  facet normal 0.817598 0.57579 0
    outer loop
      vertex -37.915 -25.334 0
      vertex -36.6263 -27.1639 53.62
      vertex -36.6263 -27.1639 0
    endloop
  endfacet
  facet normal 0.534998 0.844853 -0
    outer loop
      vertex -23.4431 -39.1124 0
      vertex -25.334 -37.915 53.62
      vertex -23.4431 -39.1124 53.62
    endloop
  endfacet
  facet normal 0.534998 0.844853 0
    outer loop
      vertex -25.334 -37.915 53.62
      vertex -23.4431 -39.1124 0
      vertex -25.334 -37.915 0
    endloop
  endfacet
  facet normal 0.449607 0.893227 -0
    outer loop
      vertex -19.4965 -41.2219 0
      vertex -21.4957 -40.2156 53.62
      vertex -19.4965 -41.2219 53.62
    endloop
  endfacet
  facet normal 0.449607 0.893227 0
    outer loop
      vertex -21.4957 -40.2156 53.62
      vertex -19.4965 -41.2219 0
      vertex -21.4957 -40.2156 0
    endloop
  endfacet
  facet normal -0.999699 0.024529 0
    outer loop
      vertex 45.5451 -2.23749 0
      vertex 45.6 0 53.62
      vertex 45.6 0 0
    endloop
  endfacet
  facet normal -0.999699 0.024529 0
    outer loop
      vertex 45.6 0 53.62
      vertex 45.5451 -2.23749 0
      vertex 45.5451 -2.23749 53.62
    endloop
  endfacet
  facet normal -0.949524 -0.313693 0
    outer loop
      vertex 43.6365 13.237 0
      vertex 42.9344 15.3622 53.62
      vertex 42.9344 15.3622 0
    endloop
  endfacet
  facet normal -0.949524 -0.313693 0
    outer loop
      vertex 42.9344 15.3622 53.62
      vertex 43.6365 13.237 0
      vertex 43.6365 13.237 53.62
    endloop
  endfacet
  facet normal 0.975701 -0.219108 0
    outer loop
      vertex -44.7238 8.89612 53.62
      vertex -44.2334 11.0799 0
      vertex -44.2334 11.0799 53.62
    endloop
  endfacet
  facet normal 0.975701 -0.219108 0
    outer loop
      vertex -44.2334 11.0799 0
      vertex -44.7238 8.89612 53.62
      vertex -44.7238 8.89612 0
    endloop
  endfacet
  facet normal -0.0735873 -0.997289 0
    outer loop
      vertex 2.23749 45.5451 0
      vertex 4.46958 45.3804 53.62
      vertex 2.23749 45.5451 53.62
    endloop
  endfacet
  facet normal -0.0735873 -0.997289 -0
    outer loop
      vertex 4.46958 45.3804 53.62
      vertex 2.23749 45.5451 0
      vertex 4.46958 45.3804 0
    endloop
  endfacet
  facet normal -0.997289 0.0735873 0
    outer loop
      vertex 45.3804 -4.46958 0
      vertex 45.5451 -2.23749 53.62
      vertex 45.5451 -2.23749 0
    endloop
  endfacet
  facet normal -0.997289 0.0735873 0
    outer loop
      vertex 45.5451 -2.23749 53.62
      vertex 45.3804 -4.46958 0
      vertex 45.3804 -4.46958 53.62
    endloop
  endfacet
  facet normal -0.914205 0.405251 0
    outer loop
      vertex 41.2219 -19.4965 0
      vertex 42.1289 -17.4504 53.62
      vertex 42.1289 -17.4504 0
    endloop
  endfacet
  facet normal -0.914205 0.405251 0
    outer loop
      vertex 42.1289 -17.4504 53.62
      vertex 41.2219 -19.4965 0
      vertex 41.2219 -19.4965 53.62
    endloop
  endfacet
  facet normal -0.870085 0.492902 0
    outer loop
      vertex 39.1124 -23.4431 0
      vertex 40.2156 -21.4957 53.62
      vertex 40.2156 -21.4957 0
    endloop
  endfacet
  facet normal -0.870085 0.492902 0
    outer loop
      vertex 40.2156 -21.4957 53.62
      vertex 39.1124 -23.4431 0
      vertex 39.1124 -23.4431 53.62
    endloop
  endfacet
  facet normal -0.689536 0.724252 0
    outer loop
      vertex 32.2441 -32.2441 0
      vertex 30.6231 -33.7874 53.62
      vertex 32.2441 -32.2441 53.62
    endloop
  endfacet
  facet normal -0.689536 0.724252 0
    outer loop
      vertex 30.6231 -33.7874 53.62
      vertex 32.2441 -32.2441 0
      vertex 30.6231 -33.7874 0
    endloop
  endfacet
  facet normal -0.844853 0.534998 0
    outer loop
      vertex 37.915 -25.334 0
      vertex 39.1124 -23.4431 53.62
      vertex 39.1124 -23.4431 0
    endloop
  endfacet
  facet normal -0.844853 0.534998 0
    outer loop
      vertex 39.1124 -23.4431 53.62
      vertex 37.915 -25.334 0
      vertex 37.915 -25.334 53.62
    endloop
  endfacet
  facet normal -0.788336 0.615245 0
    outer loop
      vertex 35.2493 -28.9283 0
      vertex 36.6263 -27.1639 53.62
      vertex 36.6263 -27.1639 0
    endloop
  endfacet
  facet normal -0.788336 0.615245 0
    outer loop
      vertex 36.6263 -27.1639 53.62
      vertex 35.2493 -28.9283 0
      vertex 35.2493 -28.9283 53.62
    endloop
  endfacet
  facet normal -0.757219 0.653161 0
    outer loop
      vertex 33.7874 -30.6231 0
      vertex 35.2493 -28.9283 53.62
      vertex 35.2493 -28.9283 0
    endloop
  endfacet
  facet normal -0.757219 0.653161 0
    outer loop
      vertex 35.2493 -28.9283 53.62
      vertex 33.7874 -30.6231 0
      vertex 33.7874 -30.6231 53.62
    endloop
  endfacet
  facet normal -0.0735873 0.997289 0
    outer loop
      vertex 4.46958 -45.3804 0
      vertex 2.23749 -45.5451 53.62
      vertex 4.46958 -45.3804 53.62
    endloop
  endfacet
  facet normal -0.0735873 0.997289 0
    outer loop
      vertex 2.23749 -45.5451 53.62
      vertex 4.46958 -45.3804 0
      vertex 2.23749 -45.5451 0
    endloop
  endfacet
  facet normal -0.266692 0.963782 0
    outer loop
      vertex 13.237 -43.6365 0
      vertex 11.0799 -44.2334 53.62
      vertex 13.237 -43.6365 53.62
    endloop
  endfacet
  facet normal -0.266692 0.963782 0
    outer loop
      vertex 11.0799 -44.2334 53.62
      vertex 13.237 -43.6365 0
      vertex 11.0799 -44.2334 0
    endloop
  endfacet
  facet normal -0.313693 0.949524 0
    outer loop
      vertex 15.3622 -42.9344 0
      vertex 13.237 -43.6365 53.62
      vertex 15.3622 -42.9344 53.62
    endloop
  endfacet
  facet normal -0.313693 0.949524 0
    outer loop
      vertex 13.237 -43.6365 53.62
      vertex 15.3622 -42.9344 0
      vertex 13.237 -43.6365 0
    endloop
  endfacet
  facet normal -0.122422 0.992478 0
    outer loop
      vertex 6.69091 -45.1064 0
      vertex 4.46958 -45.3804 53.62
      vertex 6.69091 -45.1064 53.62
    endloop
  endfacet
  facet normal -0.122422 0.992478 0
    outer loop
      vertex 4.46958 -45.3804 53.62
      vertex 6.69091 -45.1064 0
      vertex 4.46958 -45.3804 0
    endloop
  endfacet
  facet normal -0.024529 0.999699 0
    outer loop
      vertex 2.23749 -45.5451 0
      vertex 0 -45.6 53.62
      vertex 2.23749 -45.5451 53.62
    endloop
  endfacet
  facet normal -0.024529 0.999699 0
    outer loop
      vertex 0 -45.6 53.62
      vertex 2.23749 -45.5451 0
      vertex 0 -45.6 0
    endloop
  endfacet
  facet normal -0.219108 0.975701 0
    outer loop
      vertex 11.0799 -44.2334 0
      vertex 8.89612 -44.7238 53.62
      vertex 11.0799 -44.2334 53.62
    endloop
  endfacet
  facet normal -0.219108 0.975701 0
    outer loop
      vertex 8.89612 -44.7238 53.62
      vertex 11.0799 -44.2334 0
      vertex 8.89612 -44.7238 0
    endloop
  endfacet
  facet normal -0.449607 0.893227 0
    outer loop
      vertex 21.4957 -40.2156 0
      vertex 19.4965 -41.2219 53.62
      vertex 21.4957 -40.2156 53.62
    endloop
  endfacet
  facet normal -0.449607 0.893227 0
    outer loop
      vertex 19.4965 -41.2219 53.62
      vertex 21.4957 -40.2156 0
      vertex 19.4965 -41.2219 0
    endloop
  endfacet
  facet normal -0.492902 0.870085 0
    outer loop
      vertex 23.4431 -39.1124 0
      vertex 21.4957 -40.2156 53.62
      vertex 23.4431 -39.1124 53.62
    endloop
  endfacet
  facet normal -0.492902 0.870085 0
    outer loop
      vertex 21.4957 -40.2156 53.62
      vertex 23.4431 -39.1124 0
      vertex 21.4957 -40.2156 0
    endloop
  endfacet
  facet normal -0.405251 0.914205 0
    outer loop
      vertex 19.4965 -41.2219 0
      vertex 17.4504 -42.1289 53.62
      vertex 19.4965 -41.2219 53.62
    endloop
  endfacet
  facet normal -0.405251 0.914205 0
    outer loop
      vertex 17.4504 -42.1289 53.62
      vertex 19.4965 -41.2219 0
      vertex 17.4504 -42.1289 0
    endloop
  endfacet
  facet normal -0.653161 0.757219 0
    outer loop
      vertex 30.6231 -33.7874 0
      vertex 28.9283 -35.2493 53.62
      vertex 30.6231 -33.7874 53.62
    endloop
  endfacet
  facet normal -0.653161 0.757219 0
    outer loop
      vertex 28.9283 -35.2493 53.62
      vertex 30.6231 -33.7874 0
      vertex 28.9283 -35.2493 0
    endloop
  endfacet
  facet normal -0.57579 0.817598 0
    outer loop
      vertex 27.1639 -36.6263 0
      vertex 25.334 -37.915 53.62
      vertex 27.1639 -36.6263 53.62
    endloop
  endfacet
  facet normal -0.57579 0.817598 0
    outer loop
      vertex 25.334 -37.915 53.62
      vertex 27.1639 -36.6263 0
      vertex 25.334 -37.915 0
    endloop
  endfacet
  facet normal -0.615245 0.788336 0
    outer loop
      vertex 28.9283 -35.2493 0
      vertex 27.1639 -36.6263 53.62
      vertex 28.9283 -35.2493 53.62
    endloop
  endfacet
  facet normal -0.615245 0.788336 0
    outer loop
      vertex 27.1639 -36.6263 53.62
      vertex 28.9283 -35.2493 0
      vertex 27.1639 -36.6263 0
    endloop
  endfacet
  facet normal 0.949524 0.313693 0
    outer loop
      vertex -42.9344 -15.3622 53.62
      vertex -43.6365 -13.237 0
      vertex -43.6365 -13.237 53.62
    endloop
  endfacet
  facet normal 0.949524 0.313693 0
    outer loop
      vertex -43.6365 -13.237 0
      vertex -42.9344 -15.3622 53.62
      vertex -42.9344 -15.3622 0
    endloop
  endfacet
  facet normal 0.932994 0.359892 0
    outer loop
      vertex -42.1289 -17.4504 53.62
      vertex -42.9344 -15.3622 0
      vertex -42.9344 -15.3622 53.62
    endloop
  endfacet
  facet normal 0.932994 0.359892 0
    outer loop
      vertex -42.9344 -15.3622 0
      vertex -42.1289 -17.4504 53.62
      vertex -42.1289 -17.4504 0
    endloop
  endfacet
  facet normal 0.992478 0.122422 0
    outer loop
      vertex -45.1064 -6.69091 53.62
      vertex -45.3804 -4.46958 0
      vertex -45.3804 -4.46958 53.62
    endloop
  endfacet
  facet normal 0.992478 0.122422 0
    outer loop
      vertex -45.3804 -4.46958 0
      vertex -45.1064 -6.69091 53.62
      vertex -45.1064 -6.69091 0
    endloop
  endfacet
  facet normal 0.963782 0.266692 0
    outer loop
      vertex -43.6365 -13.237 53.62
      vertex -44.2334 -11.0799 0
      vertex -44.2334 -11.0799 53.62
    endloop
  endfacet
  facet normal 0.963782 0.266692 0
    outer loop
      vertex -44.2334 -11.0799 0
      vertex -43.6365 -13.237 53.62
      vertex -43.6365 -13.237 0
    endloop
  endfacet
  facet normal 0.870085 0.492902 0
    outer loop
      vertex -39.1124 -23.4431 53.62
      vertex -40.2156 -21.4957 0
      vertex -40.2156 -21.4957 53.62
    endloop
  endfacet
  facet normal 0.870085 0.492902 0
    outer loop
      vertex -40.2156 -21.4957 0
      vertex -39.1124 -23.4431 53.62
      vertex -39.1124 -23.4431 0
    endloop
  endfacet
  facet normal 0.893227 0.449607 0
    outer loop
      vertex -40.2156 -21.4957 53.62
      vertex -41.2219 -19.4965 0
      vertex -41.2219 -19.4965 53.62
    endloop
  endfacet
  facet normal 0.893227 0.449607 0
    outer loop
      vertex -41.2219 -19.4965 0
      vertex -40.2156 -21.4957 53.62
      vertex -40.2156 -21.4957 0
    endloop
  endfacet
  facet normal 0.757219 0.653161 0
    outer loop
      vertex -33.7874 -30.6231 53.62
      vertex -35.2493 -28.9283 0
      vertex -35.2493 -28.9283 53.62
    endloop
  endfacet
  facet normal 0.757219 0.653161 0
    outer loop
      vertex -35.2493 -28.9283 0
      vertex -33.7874 -30.6231 53.62
      vertex -33.7874 -30.6231 0
    endloop
  endfacet
  facet normal 0.266692 0.963782 -0
    outer loop
      vertex -11.0799 -44.2334 0
      vertex -13.237 -43.6365 53.62
      vertex -11.0799 -44.2334 53.62
    endloop
  endfacet
  facet normal 0.266692 0.963782 0
    outer loop
      vertex -13.237 -43.6365 53.62
      vertex -11.0799 -44.2334 0
      vertex -13.237 -43.6365 0
    endloop
  endfacet
  facet normal 0.313693 0.949524 -0
    outer loop
      vertex -13.237 -43.6365 0
      vertex -15.3622 -42.9344 53.62
      vertex -13.237 -43.6365 53.62
    endloop
  endfacet
  facet normal 0.313693 0.949524 0
    outer loop
      vertex -15.3622 -42.9344 53.62
      vertex -13.237 -43.6365 0
      vertex -15.3622 -42.9344 0
    endloop
  endfacet
  facet normal 0.0735873 0.997289 -0
    outer loop
      vertex -2.23749 -45.5451 0
      vertex -4.46958 -45.3804 53.62
      vertex -2.23749 -45.5451 53.62
    endloop
  endfacet
  facet normal 0.0735873 0.997289 0
    outer loop
      vertex -4.46958 -45.3804 53.62
      vertex -2.23749 -45.5451 0
      vertex -4.46958 -45.3804 0
    endloop
  endfacet
  facet normal 0.122422 0.992478 -0
    outer loop
      vertex -4.46958 -45.3804 0
      vertex -6.69091 -45.1064 53.62
      vertex -4.46958 -45.3804 53.62
    endloop
  endfacet
  facet normal 0.122422 0.992478 0
    outer loop
      vertex -6.69091 -45.1064 53.62
      vertex -4.46958 -45.3804 0
      vertex -6.69091 -45.1064 0
    endloop
  endfacet
  facet normal 0.405251 0.914205 -0
    outer loop
      vertex -17.4504 -42.1289 0
      vertex -19.4965 -41.2219 53.62
      vertex -17.4504 -42.1289 53.62
    endloop
  endfacet
  facet normal 0.405251 0.914205 0
    outer loop
      vertex -19.4965 -41.2219 53.62
      vertex -17.4504 -42.1289 0
      vertex -19.4965 -41.2219 0
    endloop
  endfacet
  facet normal 0.615245 0.788336 -0
    outer loop
      vertex -27.1639 -36.6263 0
      vertex -28.9283 -35.2493 53.62
      vertex -27.1639 -36.6263 53.62
    endloop
  endfacet
  facet normal 0.615245 0.788336 0
    outer loop
      vertex -28.9283 -35.2493 53.62
      vertex -27.1639 -36.6263 0
      vertex -28.9283 -35.2493 0
    endloop
  endfacet
  facet normal 0.653161 0.757219 -0
    outer loop
      vertex -28.9283 -35.2493 0
      vertex -30.6231 -33.7874 53.62
      vertex -28.9283 -35.2493 53.62
    endloop
  endfacet
  facet normal 0.653161 0.757219 0
    outer loop
      vertex -30.6231 -33.7874 53.62
      vertex -28.9283 -35.2493 0
      vertex -30.6231 -33.7874 0
    endloop
  endfacet
  facet normal 0.57579 0.817598 -0
    outer loop
      vertex -25.334 -37.915 0
      vertex -27.1639 -36.6263 53.62
      vertex -25.334 -37.915 53.62
    endloop
  endfacet
  facet normal 0.57579 0.817598 0
    outer loop
      vertex -27.1639 -36.6263 53.62
      vertex -25.334 -37.915 0
      vertex -27.1639 -36.6263 0
    endloop
  endfacet
  facet normal 0.689536 0.724252 -0
    outer loop
      vertex -30.6231 -33.7874 0
      vertex -32.2441 -32.2441 53.62
      vertex -30.6231 -33.7874 53.62
    endloop
  endfacet
  facet normal 0.689536 0.724252 0
    outer loop
      vertex -32.2441 -32.2441 53.62
      vertex -30.6231 -33.7874 0
      vertex -32.2441 -32.2441 0
    endloop
  endfacet
  facet normal -0.992478 -0.122422 0
    outer loop
      vertex 45.3804 4.46958 0
      vertex 45.1064 6.69091 53.62
      vertex 45.1064 6.69091 0
    endloop
  endfacet
  facet normal -0.992478 -0.122422 0
    outer loop
      vertex 45.1064 6.69091 53.62
      vertex 45.3804 4.46958 0
      vertex 45.3804 4.46958 53.62
    endloop
  endfacet
  facet normal -0.932994 -0.359892 0
    outer loop
      vertex 42.9344 15.3622 0
      vertex 42.1289 17.4504 53.62
      vertex 42.1289 17.4504 0
    endloop
  endfacet
  facet normal -0.932994 -0.359892 0
    outer loop
      vertex 42.1289 17.4504 53.62
      vertex 42.9344 15.3622 0
      vertex 42.9344 15.3622 53.62
    endloop
  endfacet
  facet normal -0.724252 -0.689536 0
    outer loop
      vertex 33.7874 30.6231 0
      vertex 32.2441 32.2441 53.62
      vertex 32.2441 32.2441 0
    endloop
  endfacet
  facet normal -0.724252 -0.689536 0
    outer loop
      vertex 32.2441 32.2441 53.62
      vertex 33.7874 30.6231 0
      vertex 33.7874 30.6231 53.62
    endloop
  endfacet
  facet normal 0.992478 -0.122422 0
    outer loop
      vertex -45.3804 4.46958 53.62
      vertex -45.1064 6.69091 0
      vertex -45.1064 6.69091 53.62
    endloop
  endfacet
  facet normal 0.992478 -0.122422 0
    outer loop
      vertex -45.1064 6.69091 0
      vertex -45.3804 4.46958 53.62
      vertex -45.3804 4.46958 0
    endloop
  endfacet
  facet normal 0.757219 -0.653161 0
    outer loop
      vertex -35.2493 28.9283 53.62
      vertex -33.7874 30.6231 0
      vertex -33.7874 30.6231 53.62
    endloop
  endfacet
  facet normal 0.757219 -0.653161 0
    outer loop
      vertex -33.7874 30.6231 0
      vertex -35.2493 28.9283 53.62
      vertex -35.2493 28.9283 0
    endloop
  endfacet
  facet normal -0.266692 -0.963782 0
    outer loop
      vertex 11.0799 44.2334 0
      vertex 13.237 43.6365 53.62
      vertex 11.0799 44.2334 53.62
    endloop
  endfacet
  facet normal -0.266692 -0.963782 -0
    outer loop
      vertex 13.237 43.6365 53.62
      vertex 11.0799 44.2334 0
      vertex 13.237 43.6365 0
    endloop
  endfacet
  facet normal -0.359892 -0.932994 0
    outer loop
      vertex 15.3622 42.9344 0
      vertex 17.4504 42.1289 53.62
      vertex 15.3622 42.9344 53.62
    endloop
  endfacet
  facet normal -0.359892 -0.932994 -0
    outer loop
      vertex 17.4504 42.1289 53.62
      vertex 15.3622 42.9344 0
      vertex 17.4504 42.1289 0
    endloop
  endfacet
  facet normal -0.405251 -0.914205 0
    outer loop
      vertex 17.4504 42.1289 0
      vertex 19.4965 41.2219 53.62
      vertex 17.4504 42.1289 53.62
    endloop
  endfacet
  facet normal -0.405251 -0.914205 -0
    outer loop
      vertex 19.4965 41.2219 53.62
      vertex 17.4504 42.1289 0
      vertex 19.4965 41.2219 0
    endloop
  endfacet
  facet normal -0.985281 0.170944 0
    outer loop
      vertex 44.7238 -8.89612 0
      vertex 45.1064 -6.69091 53.62
      vertex 45.1064 -6.69091 0
    endloop
  endfacet
  facet normal -0.985281 0.170944 0
    outer loop
      vertex 45.1064 -6.69091 53.62
      vertex 44.7238 -8.89612 0
      vertex 44.7238 -8.89612 53.62
    endloop
  endfacet
  facet normal -0.975701 0.219108 0
    outer loop
      vertex 44.2334 -11.0799 0
      vertex 44.7238 -8.89612 53.62
      vertex 44.7238 -8.89612 0
    endloop
  endfacet
  facet normal -0.975701 0.219108 0
    outer loop
      vertex 44.7238 -8.89612 53.62
      vertex 44.2334 -11.0799 0
      vertex 44.2334 -11.0799 53.62
    endloop
  endfacet
  facet normal -0.949524 0.313693 0
    outer loop
      vertex 42.9344 -15.3622 0
      vertex 43.6365 -13.237 53.62
      vertex 43.6365 -13.237 0
    endloop
  endfacet
  facet normal -0.949524 0.313693 0
    outer loop
      vertex 43.6365 -13.237 53.62
      vertex 42.9344 -15.3622 0
      vertex 42.9344 -15.3622 53.62
    endloop
  endfacet
  facet normal -0.932994 0.359892 0
    outer loop
      vertex 42.1289 -17.4504 0
      vertex 42.9344 -15.3622 53.62
      vertex 42.9344 -15.3622 0
    endloop
  endfacet
  facet normal -0.932994 0.359892 0
    outer loop
      vertex 42.9344 -15.3622 53.62
      vertex 42.1289 -17.4504 0
      vertex 42.1289 -17.4504 53.62
    endloop
  endfacet
  facet normal 0.997289 0.0735873 0
    outer loop
      vertex -45.3804 -4.46958 53.62
      vertex -45.5451 -2.23749 0
      vertex -45.5451 -2.23749 53.62
    endloop
  endfacet
  facet normal 0.997289 0.0735873 0
    outer loop
      vertex -45.5451 -2.23749 0
      vertex -45.3804 -4.46958 53.62
      vertex -45.3804 -4.46958 0
    endloop
  endfacet
  facet normal 0.985281 0.170944 0
    outer loop
      vertex -44.7238 -8.89612 53.62
      vertex -45.1064 -6.69091 0
      vertex -45.1064 -6.69091 53.62
    endloop
  endfacet
  facet normal 0.985281 0.170944 0
    outer loop
      vertex -45.1064 -6.69091 0
      vertex -44.7238 -8.89612 53.62
      vertex -44.7238 -8.89612 0
    endloop
  endfacet
  facet normal 0.844853 0.534998 0
    outer loop
      vertex -37.915 -25.334 53.62
      vertex -39.1124 -23.4431 0
      vertex -39.1124 -23.4431 53.62
    endloop
  endfacet
  facet normal 0.844853 0.534998 0
    outer loop
      vertex -39.1124 -23.4431 0
      vertex -37.915 -25.334 53.62
      vertex -37.915 -25.334 0
    endloop
  endfacet
  facet normal 0.788336 0.615245 0
    outer loop
      vertex -35.2493 -28.9283 53.62
      vertex -36.6263 -27.1639 0
      vertex -36.6263 -27.1639 53.62
    endloop
  endfacet
  facet normal 0.788336 0.615245 0
    outer loop
      vertex -36.6263 -27.1639 0
      vertex -35.2493 -28.9283 53.62
      vertex -35.2493 -28.9283 0
    endloop
  endfacet
  facet normal 0.170944 0.985281 -0
    outer loop
      vertex -6.69091 -45.1064 0
      vertex -8.89612 -44.7238 53.62
      vertex -6.69091 -45.1064 53.62
    endloop
  endfacet
  facet normal 0.170944 0.985281 0
    outer loop
      vertex -8.89612 -44.7238 53.62
      vertex -6.69091 -45.1064 0
      vertex -8.89612 -44.7238 0
    endloop
  endfacet
  facet normal 0.492902 0.870085 -0
    outer loop
      vertex -21.4957 -40.2156 0
      vertex -23.4431 -39.1124 53.62
      vertex -21.4957 -40.2156 53.62
    endloop
  endfacet
  facet normal 0.492902 0.870085 0
    outer loop
      vertex -23.4431 -39.1124 53.62
      vertex -21.4957 -40.2156 0
      vertex -23.4431 -39.1124 0
    endloop
  endfacet
  facet normal -0.975701 -0.219108 0
    outer loop
      vertex 44.7238 8.89612 0
      vertex 44.2334 11.0799 53.62
      vertex 44.2334 11.0799 0
    endloop
  endfacet
  facet normal -0.975701 -0.219108 0
    outer loop
      vertex 44.2334 11.0799 53.62
      vertex 44.7238 8.89612 0
      vertex 44.7238 8.89612 53.62
    endloop
  endfacet
  facet normal -0.963782 -0.266692 0
    outer loop
      vertex 44.2334 11.0799 0
      vertex 43.6365 13.237 53.62
      vertex 43.6365 13.237 0
    endloop
  endfacet
  facet normal -0.963782 -0.266692 0
    outer loop
      vertex 43.6365 13.237 53.62
      vertex 44.2334 11.0799 0
      vertex 44.2334 11.0799 53.62
    endloop
  endfacet
  facet normal -0.870085 -0.492902 0
    outer loop
      vertex 40.2156 21.4957 0
      vertex 39.1124 23.4431 53.62
      vertex 39.1124 23.4431 0
    endloop
  endfacet
  facet normal -0.870085 -0.492902 0
    outer loop
      vertex 39.1124 23.4431 53.62
      vertex 40.2156 21.4957 0
      vertex 40.2156 21.4957 53.62
    endloop
  endfacet
  facet normal -0.689536 -0.724252 0
    outer loop
      vertex 30.6231 33.7874 0
      vertex 32.2441 32.2441 53.62
      vertex 30.6231 33.7874 53.62
    endloop
  endfacet
  facet normal -0.689536 -0.724252 -0
    outer loop
      vertex 32.2441 32.2441 53.62
      vertex 30.6231 33.7874 0
      vertex 32.2441 32.2441 0
    endloop
  endfacet
  facet normal -0.024529 -0.999699 0
    outer loop
      vertex 0 45.6 0
      vertex 2.23749 45.5451 53.62
      vertex 0 45.6 53.62
    endloop
  endfacet
  facet normal -0.024529 -0.999699 -0
    outer loop
      vertex 2.23749 45.5451 53.62
      vertex 0 45.6 0
      vertex 2.23749 45.5451 0
    endloop
  endfacet
  facet normal 0.313693 -0.949524 0
    outer loop
      vertex -15.3622 42.9344 0
      vertex -13.237 43.6365 53.62
      vertex -15.3622 42.9344 53.62
    endloop
  endfacet
  facet normal 0.313693 -0.949524 0
    outer loop
      vertex -13.237 43.6365 53.62
      vertex -15.3622 42.9344 0
      vertex -13.237 43.6365 0
    endloop
  endfacet
  facet normal 0 0 -1
    outer loop
      vertex 43 0 53.62
      vertex 45.6 0 53.62
      vertex 45.5451 -2.23749 53.62
    endloop
  endfacet
  facet normal 0 0 -1
    outer loop
      vertex 42.9482 -2.10991 53.62
      vertex 45.5451 -2.23749 53.62
      vertex 45.3804 -4.46958 53.62
    endloop
  endfacet
  facet normal 0 0 -1
    outer loop
      vertex 45.6 0 53.62
      vertex 43 0 53.62
      vertex 45.5451 2.23749 53.62
    endloop
  endfacet
  facet normal 0 0 -1
    outer loop
      vertex 42.7929 -4.21474 53.62
      vertex 45.3804 -4.46958 53.62
      vertex 45.1064 -6.69091 53.62
    endloop
  endfacet
  facet normal 0 0 -1
    outer loop
      vertex 42.9482 2.10991 53.62
      vertex 45.5451 2.23749 53.62
      vertex 43 0 53.62
    endloop
  endfacet
  facet normal 0 0 -1
    outer loop
      vertex 42.5346 -6.30941 53.62
      vertex 45.1064 -6.69091 53.62
      vertex 44.7238 -8.89612 53.62
    endloop
  endfacet
  facet normal -0 0 -1
    outer loop
      vertex 45.5451 2.23749 53.62
      vertex 42.9482 2.10991 53.62
      vertex 45.3804 4.46958 53.62
    endloop
  endfacet
  facet normal 0 0 -1
    outer loop
      vertex 42.1738 -8.38888 53.62
      vertex 44.7238 -8.89612 53.62
      vertex 44.2334 -11.0799 53.62
    endloop
  endfacet
  facet normal 0 0 -1
    outer loop
      vertex 42.7929 4.21474 53.62
      vertex 45.3804 4.46958 53.62
      vertex 42.9482 2.10991 53.62
    endloop
  endfacet
  facet normal 0 0 -1
    outer loop
      vertex 41.7113 -10.4481 53.62
      vertex 44.2334 -11.0799 53.62
      vertex 43.6365 -13.237 53.62
    endloop
  endfacet
  facet normal -0 0 -1
    outer loop
      vertex 45.3804 4.46958 53.62
      vertex 42.7929 4.21474 53.62
      vertex 45.1064 6.69091 53.62
    endloop
  endfacet
  facet normal 0 0 -1
    outer loop
      vertex 42.5346 6.30941 53.62
      vertex 45.1064 6.69091 53.62
      vertex 42.7929 4.21474 53.62
    endloop
  endfacet
  facet normal 0 0 -1
    outer loop
      vertex 45.5451 -2.23749 53.62
      vertex 42.9482 -2.10991 53.62
      vertex 43 0 53.62
    endloop
  endfacet
  facet normal 0 0 -1
    outer loop
      vertex 41.1484 -12.4822 53.62
      vertex 43.6365 -13.237 53.62
      vertex 42.9344 -15.3622 53.62
    endloop
  endfacet
  facet normal 0 0 -1
    outer loop
      vertex 45.3804 -4.46958 53.62
      vertex 42.7929 -4.21474 53.62
      vertex 42.9482 -2.10991 53.62
    endloop
  endfacet
  facet normal 0 0 -1
    outer loop
      vertex 45.1064 -6.69091 53.62
      vertex 42.5346 -6.30941 53.62
      vertex 42.7929 -4.21474 53.62
    endloop
  endfacet
  facet normal 0 0 -1
    outer loop
      vertex 44.7238 -8.89612 53.62
      vertex 42.1738 -8.38888 53.62
      vertex 42.5346 -6.30941 53.62
    endloop
  endfacet
  facet normal 0 0 -1
    outer loop
      vertex 40.4864 -14.4863 53.62
      vertex 42.9344 -15.3622 53.62
      vertex 42.1289 -17.4504 53.62
    endloop
  endfacet
  facet normal 0 0 -1
    outer loop
      vertex 44.2334 -11.0799 53.62
      vertex 41.7113 -10.4481 53.62
      vertex 42.1738 -8.38888 53.62
    endloop
  endfacet
  facet normal 0 0 -1
    outer loop
      vertex 39.7268 -16.4554 53.62
      vertex 42.1289 -17.4504 53.62
      vertex 41.2219 -19.4965 53.62
    endloop
  endfacet
  facet normal 0 0 -1
    outer loop
      vertex 43.6365 -13.237 53.62
      vertex 41.1484 -12.4822 53.62
      vertex 41.7113 -10.4481 53.62
    endloop
  endfacet
  facet normal 0 0 -1
    outer loop
      vertex 42.9344 -15.3622 53.62
      vertex 40.4864 -14.4863 53.62
      vertex 41.1484 -12.4822 53.62
    endloop
  endfacet
  facet normal 0 0 -1
    outer loop
      vertex 38.8715 -18.3849 53.62
      vertex 41.2219 -19.4965 53.62
      vertex 40.2156 -21.4957 53.62
    endloop
  endfacet
  facet normal 0 0 -1
    outer loop
      vertex 42.1289 -17.4504 53.62
      vertex 39.7268 -16.4554 53.62
      vertex 40.4864 -14.4863 53.62
    endloop
  endfacet
  facet normal 0 0 -1
    outer loop
      vertex 37.9226 -20.2701 53.62
      vertex 40.2156 -21.4957 53.62
      vertex 39.1124 -23.4431 53.62
    endloop
  endfacet
  facet normal 0 0 -1
    outer loop
      vertex 41.2219 -19.4965 53.62
      vertex 38.8715 -18.3849 53.62
      vertex 39.7268 -16.4554 53.62
    endloop
  endfacet
  facet normal 0 0 -1
    outer loop
      vertex 40.2156 -21.4957 53.62
      vertex 37.9226 -20.2701 53.62
      vertex 38.8715 -18.3849 53.62
    endloop
  endfacet
  facet normal 0 0 -1
    outer loop
      vertex 36.8823 -22.1064 53.62
      vertex 39.1124 -23.4431 53.62
      vertex 37.915 -25.334 53.62
    endloop
  endfacet
  facet normal 0 0 -1
    outer loop
      vertex 39.1124 -23.4431 53.62
      vertex 36.8823 -22.1064 53.62
      vertex 37.9226 -20.2701 53.62
    endloop
  endfacet
  facet normal 0 0 -1
    outer loop
      vertex 35.7532 -23.8895 53.62
      vertex 37.915 -25.334 53.62
      vertex 36.6263 -27.1639 53.62
    endloop
  endfacet
  facet normal 0 0 -1
    outer loop
      vertex 37.915 -25.334 53.62
      vertex 35.7532 -23.8895 53.62
      vertex 36.8823 -22.1064 53.62
    endloop
  endfacet
  facet normal 0 0 -1
    outer loop
      vertex 34.5379 -25.6151 53.62
      vertex 36.6263 -27.1639 53.62
      vertex 35.2493 -28.9283 53.62
    endloop
  endfacet
  facet normal 0 0 -1
    outer loop
      vertex 36.6263 -27.1639 53.62
      vertex 34.5379 -25.6151 53.62
      vertex 35.7532 -23.8895 53.62
    endloop
  endfacet
  facet normal 0 0 -1
    outer loop
      vertex 33.2394 -27.2789 53.62
      vertex 35.2493 -28.9283 53.62
      vertex 33.7874 -30.6231 53.62
    endloop
  endfacet
  facet normal 0 0 -1
    outer loop
      vertex 35.2493 -28.9283 53.62
      vertex 33.2394 -27.2789 53.62
      vertex 34.5379 -25.6151 53.62
    endloop
  endfacet
  facet normal 0 0 -1
    outer loop
      vertex 31.8609 -28.877 53.62
      vertex 33.7874 -30.6231 53.62
      vertex 32.2441 -32.2441 53.62
    endloop
  endfacet
  facet normal 0 0 -1
    outer loop
      vertex 33.7874 -30.6231 53.62
      vertex 31.8609 -28.877 53.62
      vertex 33.2394 -27.2789 53.62
    endloop
  endfacet
  facet normal 0 0 -1
    outer loop
      vertex 30.4056 -30.4056 53.62
      vertex 32.2441 -32.2441 53.62
      vertex 30.6231 -33.7874 53.62
    endloop
  endfacet
  facet normal 0 0 -1
    outer loop
      vertex 32.2441 -32.2441 53.62
      vertex 30.4056 -30.4056 53.62
      vertex 31.8609 -28.877 53.62
    endloop
  endfacet
  facet normal 0 0 -1
    outer loop
      vertex 28.877 -31.8609 53.62
      vertex 30.6231 -33.7874 53.62
      vertex 28.9283 -35.2493 53.62
    endloop
  endfacet
  facet normal 0 0 -1
    outer loop
      vertex 30.6231 -33.7874 53.62
      vertex 28.877 -31.8609 53.62
      vertex 30.4056 -30.4056 53.62
    endloop
  endfacet
  facet normal 0 0 -1
    outer loop
      vertex 28.9283 -35.2493 53.62
      vertex 27.2789 -33.2394 53.62
      vertex 28.877 -31.8609 53.62
    endloop
  endfacet
  facet normal 0 0 -1
    outer loop
      vertex 27.1639 -36.6263 53.62
      vertex 27.2789 -33.2394 53.62
      vertex 28.9283 -35.2493 53.62
    endloop
  endfacet
  facet normal 0 0 -1
    outer loop
      vertex 27.1639 -36.6263 53.62
      vertex 25.6151 -34.5379 53.62
      vertex 27.2789 -33.2394 53.62
    endloop
  endfacet
  facet normal 0 0 -1
    outer loop
      vertex 25.334 -37.915 53.62
      vertex 25.6151 -34.5379 53.62
      vertex 27.1639 -36.6263 53.62
    endloop
  endfacet
  facet normal 0 0 -1
    outer loop
      vertex 25.334 -37.915 53.62
      vertex 23.8895 -35.7532 53.62
      vertex 25.6151 -34.5379 53.62
    endloop
  endfacet
  facet normal 0 0 -1
    outer loop
      vertex 23.4431 -39.1124 53.62
      vertex 23.8895 -35.7532 53.62
      vertex 25.334 -37.915 53.62
    endloop
  endfacet
  facet normal 0 0 -1
    outer loop
      vertex 23.4431 -39.1124 53.62
      vertex 22.1064 -36.8823 53.62
      vertex 23.8895 -35.7532 53.62
    endloop
  endfacet
  facet normal 0 0 -1
    outer loop
      vertex 21.4957 -40.2156 53.62
      vertex 22.1064 -36.8823 53.62
      vertex 23.4431 -39.1124 53.62
    endloop
  endfacet
  facet normal 0 0 -1
    outer loop
      vertex 21.4957 -40.2156 53.62
      vertex 20.2701 -37.9226 53.62
      vertex 22.1064 -36.8823 53.62
    endloop
  endfacet
  facet normal 0 0 -1
    outer loop
      vertex 19.4965 -41.2219 53.62
      vertex 20.2701 -37.9226 53.62
      vertex 21.4957 -40.2156 53.62
    endloop
  endfacet
  facet normal 0 0 -1
    outer loop
      vertex 19.4965 -41.2219 53.62
      vertex 18.3849 -38.8715 53.62
      vertex 20.2701 -37.9226 53.62
    endloop
  endfacet
  facet normal 0 0 -1
    outer loop
      vertex 17.4504 -42.1289 53.62
      vertex 18.3849 -38.8715 53.62
      vertex 19.4965 -41.2219 53.62
    endloop
  endfacet
  facet normal 0 0 -1
    outer loop
      vertex 17.4504 -42.1289 53.62
      vertex 16.4554 -39.7268 53.62
      vertex 18.3849 -38.8715 53.62
    endloop
  endfacet
  facet normal 0 0 -1
    outer loop
      vertex 15.3622 -42.9344 53.62
      vertex 16.4554 -39.7268 53.62
      vertex 17.4504 -42.1289 53.62
    endloop
  endfacet
  facet normal 0 0 -1
    outer loop
      vertex 15.3622 -42.9344 53.62
      vertex 14.4863 -40.4864 53.62
      vertex 16.4554 -39.7268 53.62
    endloop
  endfacet
  facet normal 0 0 -1
    outer loop
      vertex 13.237 -43.6365 53.62
      vertex 14.4863 -40.4864 53.62
      vertex 15.3622 -42.9344 53.62
    endloop
  endfacet
  facet normal 0 0 -1
    outer loop
      vertex 13.237 -43.6365 53.62
      vertex 12.4822 -41.1484 53.62
      vertex 14.4863 -40.4864 53.62
    endloop
  endfacet
  facet normal 0 0 -1
    outer loop
      vertex 11.0799 -44.2334 53.62
      vertex 12.4822 -41.1484 53.62
      vertex 13.237 -43.6365 53.62
    endloop
  endfacet
  facet normal 0 0 -1
    outer loop
      vertex 11.0799 -44.2334 53.62
      vertex 10.4481 -41.7113 53.62
      vertex 12.4822 -41.1484 53.62
    endloop
  endfacet
  facet normal 0 0 -1
    outer loop
      vertex 8.89612 -44.7238 53.62
      vertex 10.4481 -41.7113 53.62
      vertex 11.0799 -44.2334 53.62
    endloop
  endfacet
  facet normal 0 0 -1
    outer loop
      vertex 8.89612 -44.7238 53.62
      vertex 8.38888 -42.1738 53.62
      vertex 10.4481 -41.7113 53.62
    endloop
  endfacet
  facet normal 0 0 -1
    outer loop
      vertex 6.69091 -45.1064 53.62
      vertex 8.38888 -42.1738 53.62
      vertex 8.89612 -44.7238 53.62
    endloop
  endfacet
  facet normal 0 0 -1
    outer loop
      vertex 6.69091 -45.1064 53.62
      vertex 6.30941 -42.5346 53.62
      vertex 8.38888 -42.1738 53.62
    endloop
  endfacet
  facet normal 0 0 -1
    outer loop
      vertex 4.46958 -45.3804 53.62
      vertex 6.30941 -42.5346 53.62
      vertex 6.69091 -45.1064 53.62
    endloop
  endfacet
  facet normal 0 0 -1
    outer loop
      vertex 4.46958 -45.3804 53.62
      vertex 4.21474 -42.7929 53.62
      vertex 6.30941 -42.5346 53.62
    endloop
  endfacet
  facet normal 0 0 -1
    outer loop
      vertex 2.23749 -45.5451 53.62
      vertex 4.21474 -42.7929 53.62
      vertex 4.46958 -45.3804 53.62
    endloop
  endfacet
  facet normal 0 0 -1
    outer loop
      vertex 2.23749 -45.5451 53.62
      vertex 2.10991 -42.9482 53.62
      vertex 4.21474 -42.7929 53.62
    endloop
  endfacet
  facet normal 0 0 -1
    outer loop
      vertex 0 -45.6 53.62
      vertex 2.10991 -42.9482 53.62
      vertex 2.23749 -45.5451 53.62
    endloop
  endfacet
  facet normal 0 0 -1
    outer loop
      vertex 0 -45.6 53.62
      vertex 0 -43 53.62
      vertex 2.10991 -42.9482 53.62
    endloop
  endfacet
  facet normal 0 0 -1
    outer loop
      vertex 0 -45.6 53.62
      vertex -2.10991 -42.9482 53.62
      vertex 0 -43 53.62
    endloop
  endfacet
  facet normal 0 0 -1
    outer loop
      vertex -2.23749 -45.5451 53.62
      vertex -2.10991 -42.9482 53.62
      vertex 0 -45.6 53.62
    endloop
  endfacet
  facet normal 0 0 -1
    outer loop
      vertex -2.23749 -45.5451 53.62
      vertex -4.21474 -42.7929 53.62
      vertex -2.10991 -42.9482 53.62
    endloop
  endfacet
  facet normal 0 0 -1
    outer loop
      vertex -4.46958 -45.3804 53.62
      vertex -4.21474 -42.7929 53.62
      vertex -2.23749 -45.5451 53.62
    endloop
  endfacet
  facet normal 0 0 -1
    outer loop
      vertex -4.46958 -45.3804 53.62
      vertex -6.30941 -42.5346 53.62
      vertex -4.21474 -42.7929 53.62
    endloop
  endfacet
  facet normal 0 0 -1
    outer loop
      vertex -6.69091 -45.1064 53.62
      vertex -6.30941 -42.5346 53.62
      vertex -4.46958 -45.3804 53.62
    endloop
  endfacet
  facet normal 0 0 -1
    outer loop
      vertex -6.69091 -45.1064 53.62
      vertex -8.38888 -42.1738 53.62
      vertex -6.30941 -42.5346 53.62
    endloop
  endfacet
  facet normal 0 0 -1
    outer loop
      vertex -8.89612 -44.7238 53.62
      vertex -8.38888 -42.1738 53.62
      vertex -6.69091 -45.1064 53.62
    endloop
  endfacet
  facet normal 0 0 -1
    outer loop
      vertex -8.89612 -44.7238 53.62
      vertex -10.4481 -41.7113 53.62
      vertex -8.38888 -42.1738 53.62
    endloop
  endfacet
  facet normal 0 0 -1
    outer loop
      vertex -11.0799 -44.2334 53.62
      vertex -10.4481 -41.7113 53.62
      vertex -8.89612 -44.7238 53.62
    endloop
  endfacet
  facet normal 0 0 -1
    outer loop
      vertex -11.0799 -44.2334 53.62
      vertex -12.4822 -41.1484 53.62
      vertex -10.4481 -41.7113 53.62
    endloop
  endfacet
  facet normal 0 0 -1
    outer loop
      vertex -13.237 -43.6365 53.62
      vertex -12.4822 -41.1484 53.62
      vertex -11.0799 -44.2334 53.62
    endloop
  endfacet
  facet normal 0 0 -1
    outer loop
      vertex -13.237 -43.6365 53.62
      vertex -14.4863 -40.4864 53.62
      vertex -12.4822 -41.1484 53.62
    endloop
  endfacet
  facet normal 0 0 -1
    outer loop
      vertex -15.3622 -42.9344 53.62
      vertex -14.4863 -40.4864 53.62
      vertex -13.237 -43.6365 53.62
    endloop
  endfacet
  facet normal 0 0 -1
    outer loop
      vertex -15.3622 -42.9344 53.62
      vertex -16.4554 -39.7268 53.62
      vertex -14.4863 -40.4864 53.62
    endloop
  endfacet
  facet normal 0 0 -1
    outer loop
      vertex -17.4504 -42.1289 53.62
      vertex -16.4554 -39.7268 53.62
      vertex -15.3622 -42.9344 53.62
    endloop
  endfacet
  facet normal 0 0 -1
    outer loop
      vertex -17.4504 -42.1289 53.62
      vertex -18.3849 -38.8715 53.62
      vertex -16.4554 -39.7268 53.62
    endloop
  endfacet
  facet normal 0 0 -1
    outer loop
      vertex -19.4965 -41.2219 53.62
      vertex -18.3849 -38.8715 53.62
      vertex -17.4504 -42.1289 53.62
    endloop
  endfacet
  facet normal 0 0 -1
    outer loop
      vertex -19.4965 -41.2219 53.62
      vertex -20.2701 -37.9226 53.62
      vertex -18.3849 -38.8715 53.62
    endloop
  endfacet
  facet normal 0 0 -1
    outer loop
      vertex -21.4957 -40.2156 53.62
      vertex -20.2701 -37.9226 53.62
      vertex -19.4965 -41.2219 53.62
    endloop
  endfacet
  facet normal 0 0 -1
    outer loop
      vertex -21.4957 -40.2156 53.62
      vertex -22.1064 -36.8823 53.62
      vertex -20.2701 -37.9226 53.62
    endloop
  endfacet
  facet normal 0 0 -1
    outer loop
      vertex -23.4431 -39.1124 53.62
      vertex -22.1064 -36.8823 53.62
      vertex -21.4957 -40.2156 53.62
    endloop
  endfacet
  facet normal 0 0 -1
    outer loop
      vertex -23.4431 -39.1124 53.62
      vertex -23.8895 -35.7532 53.62
      vertex -22.1064 -36.8823 53.62
    endloop
  endfacet
  facet normal 0 0 -1
    outer loop
      vertex -25.334 -37.915 53.62
      vertex -23.8895 -35.7532 53.62
      vertex -23.4431 -39.1124 53.62
    endloop
  endfacet
  facet normal 0 0 -1
    outer loop
      vertex -25.334 -37.915 53.62
      vertex -25.6151 -34.5379 53.62
      vertex -23.8895 -35.7532 53.62
    endloop
  endfacet
  facet normal 0 0 -1
    outer loop
      vertex -27.1639 -36.6263 53.62
      vertex -25.6151 -34.5379 53.62
      vertex -25.334 -37.915 53.62
    endloop
  endfacet
  facet normal 0 0 -1
    outer loop
      vertex -27.1639 -36.6263 53.62
      vertex -27.2789 -33.2394 53.62
      vertex -25.6151 -34.5379 53.62
    endloop
  endfacet
  facet normal 0 0 -1
    outer loop
      vertex -28.9283 -35.2493 53.62
      vertex -27.2789 -33.2394 53.62
      vertex -27.1639 -36.6263 53.62
    endloop
  endfacet
  facet normal -0 0 -1
    outer loop
      vertex -27.2789 -33.2394 53.62
      vertex -28.9283 -35.2493 53.62
      vertex -28.877 -31.8609 53.62
    endloop
  endfacet
  facet normal 0 0 -1
    outer loop
      vertex -30.6231 -33.7874 53.62
      vertex -28.877 -31.8609 53.62
      vertex -28.9283 -35.2493 53.62
    endloop
  endfacet
  facet normal -0 0 -1
    outer loop
      vertex -28.877 -31.8609 53.62
      vertex -30.6231 -33.7874 53.62
      vertex -30.4056 -30.4056 53.62
    endloop
  endfacet
  facet normal 0 0 -1
    outer loop
      vertex -32.2441 -32.2441 53.62
      vertex -30.4056 -30.4056 53.62
      vertex -30.6231 -33.7874 53.62
    endloop
  endfacet
  facet normal -0 0 -1
    outer loop
      vertex -30.4056 -30.4056 53.62
      vertex -32.2441 -32.2441 53.62
      vertex -31.8609 -28.877 53.62
    endloop
  endfacet
  facet normal 0 0 -1
    outer loop
      vertex -33.7874 -30.6231 53.62
      vertex -31.8609 -28.877 53.62
      vertex -32.2441 -32.2441 53.62
    endloop
  endfacet
  facet normal -0 0 -1
    outer loop
      vertex -31.8609 -28.877 53.62
      vertex -33.7874 -30.6231 53.62
      vertex -33.2394 -27.2789 53.62
    endloop
  endfacet
  facet normal 0 0 -1
    outer loop
      vertex -35.2493 -28.9283 53.62
      vertex -33.2394 -27.2789 53.62
      vertex -33.7874 -30.6231 53.62
    endloop
  endfacet
  facet normal -0 0 -1
    outer loop
      vertex -33.2394 -27.2789 53.62
      vertex -35.2493 -28.9283 53.62
      vertex -34.5379 -25.6151 53.62
    endloop
  endfacet
  facet normal 0 0 -1
    outer loop
      vertex -36.6263 -27.1639 53.62
      vertex -34.5379 -25.6151 53.62
      vertex -35.2493 -28.9283 53.62
    endloop
  endfacet
  facet normal -0 0 -1
    outer loop
      vertex -34.5379 -25.6151 53.62
      vertex -36.6263 -27.1639 53.62
      vertex -35.7532 -23.8895 53.62
    endloop
  endfacet
  facet normal 0 0 -1
    outer loop
      vertex -37.915 -25.334 53.62
      vertex -35.7532 -23.8895 53.62
      vertex -36.6263 -27.1639 53.62
    endloop
  endfacet
  facet normal -0 0 -1
    outer loop
      vertex -35.7532 -23.8895 53.62
      vertex -37.915 -25.334 53.62
      vertex -36.8823 -22.1064 53.62
    endloop
  endfacet
  facet normal 0 0 -1
    outer loop
      vertex -39.1124 -23.4431 53.62
      vertex -36.8823 -22.1064 53.62
      vertex -37.915 -25.334 53.62
    endloop
  endfacet
  facet normal -0 0 -1
    outer loop
      vertex -36.8823 -22.1064 53.62
      vertex -39.1124 -23.4431 53.62
      vertex -37.9226 -20.2701 53.62
    endloop
  endfacet
  facet normal 0 0 -1
    outer loop
      vertex -40.2156 -21.4957 53.62
      vertex -37.9226 -20.2701 53.62
      vertex -39.1124 -23.4431 53.62
    endloop
  endfacet
  facet normal -0 0 -1
    outer loop
      vertex -37.9226 -20.2701 53.62
      vertex -40.2156 -21.4957 53.62
      vertex -38.8715 -18.3849 53.62
    endloop
  endfacet
  facet normal 0 0 -1
    outer loop
      vertex -41.2219 -19.4965 53.62
      vertex -38.8715 -18.3849 53.62
      vertex -40.2156 -21.4957 53.62
    endloop
  endfacet
  facet normal -0 0 -1
    outer loop
      vertex -38.8715 -18.3849 53.62
      vertex -41.2219 -19.4965 53.62
      vertex -39.7268 -16.4554 53.62
    endloop
  endfacet
  facet normal 0 0 -1
    outer loop
      vertex -42.1289 -17.4504 53.62
      vertex -39.7268 -16.4554 53.62
      vertex -41.2219 -19.4965 53.62
    endloop
  endfacet
  facet normal -0 0 -1
    outer loop
      vertex -39.7268 -16.4554 53.62
      vertex -42.1289 -17.4504 53.62
      vertex -40.4864 -14.4863 53.62
    endloop
  endfacet
  facet normal 0 0 -1
    outer loop
      vertex -42.9344 -15.3622 53.62
      vertex -40.4864 -14.4863 53.62
      vertex -42.1289 -17.4504 53.62
    endloop
  endfacet
  facet normal -0 0 -1
    outer loop
      vertex -40.4864 -14.4863 53.62
      vertex -42.9344 -15.3622 53.62
      vertex -41.1484 -12.4822 53.62
    endloop
  endfacet
  facet normal 0 0 -1
    outer loop
      vertex -43.6365 -13.237 53.62
      vertex -41.1484 -12.4822 53.62
      vertex -42.9344 -15.3622 53.62
    endloop
  endfacet
  facet normal -0 0 -1
    outer loop
      vertex -41.1484 -12.4822 53.62
      vertex -43.6365 -13.237 53.62
      vertex -41.7113 -10.4481 53.62
    endloop
  endfacet
  facet normal 0 0 -1
    outer loop
      vertex -44.2334 -11.0799 53.62
      vertex -41.7113 -10.4481 53.62
      vertex -43.6365 -13.237 53.62
    endloop
  endfacet
  facet normal -0 0 -1
    outer loop
      vertex -41.7113 -10.4481 53.62
      vertex -44.2334 -11.0799 53.62
      vertex -42.1738 -8.38888 53.62
    endloop
  endfacet
  facet normal 0 0 -1
    outer loop
      vertex -44.7238 -8.89612 53.62
      vertex -42.1738 -8.38888 53.62
      vertex -44.2334 -11.0799 53.62
    endloop
  endfacet
  facet normal -0 0 -1
    outer loop
      vertex -42.1738 -8.38888 53.62
      vertex -44.7238 -8.89612 53.62
      vertex -42.5346 -6.30941 53.62
    endloop
  endfacet
  facet normal 0 0 -1
    outer loop
      vertex -45.1064 -6.69091 53.62
      vertex -42.5346 -6.30941 53.62
      vertex -44.7238 -8.89612 53.62
    endloop
  endfacet
  facet normal -0 0 -1
    outer loop
      vertex 45.1064 6.69091 53.62
      vertex 42.5346 6.30941 53.62
      vertex 44.7238 8.89612 53.62
    endloop
  endfacet
  facet normal 0 0 -1
    outer loop
      vertex 42.1738 8.38888 53.62
      vertex 44.7238 8.89612 53.62
      vertex 42.5346 6.30941 53.62
    endloop
  endfacet
  facet normal -0 0 -1
    outer loop
      vertex 44.7238 8.89612 53.62
      vertex 42.1738 8.38888 53.62
      vertex 44.2334 11.0799 53.62
    endloop
  endfacet
  facet normal 0 0 -1
    outer loop
      vertex 41.7113 10.4481 53.62
      vertex 44.2334 11.0799 53.62
      vertex 42.1738 8.38888 53.62
    endloop
  endfacet
  facet normal -0 0 -1
    outer loop
      vertex 44.2334 11.0799 53.62
      vertex 41.7113 10.4481 53.62
      vertex 43.6365 13.237 53.62
    endloop
  endfacet
  facet normal 0 0 -1
    outer loop
      vertex 41.1484 12.4822 53.62
      vertex 43.6365 13.237 53.62
      vertex 41.7113 10.4481 53.62
    endloop
  endfacet
  facet normal -0 0 -1
    outer loop
      vertex 43.6365 13.237 53.62
      vertex 41.1484 12.4822 53.62
      vertex 42.9344 15.3622 53.62
    endloop
  endfacet
  facet normal 0 0 -1
    outer loop
      vertex 40.4864 14.4863 53.62
      vertex 42.9344 15.3622 53.62
      vertex 41.1484 12.4822 53.62
    endloop
  endfacet
  facet normal -0 0 -1
    outer loop
      vertex 42.9344 15.3622 53.62
      vertex 40.4864 14.4863 53.62
      vertex 42.1289 17.4504 53.62
    endloop
  endfacet
  facet normal 0 0 -1
    outer loop
      vertex 39.7268 16.4554 53.62
      vertex 42.1289 17.4504 53.62
      vertex 40.4864 14.4863 53.62
    endloop
  endfacet
  facet normal -0 0 -1
    outer loop
      vertex 42.1289 17.4504 53.62
      vertex 39.7268 16.4554 53.62
      vertex 41.2219 19.4965 53.62
    endloop
  endfacet
  facet normal 0 0 -1
    outer loop
      vertex 38.8715 18.3849 53.62
      vertex 41.2219 19.4965 53.62
      vertex 39.7268 16.4554 53.62
    endloop
  endfacet
  facet normal -0 0 -1
    outer loop
      vertex 41.2219 19.4965 53.62
      vertex 38.8715 18.3849 53.62
      vertex 40.2156 21.4957 53.62
    endloop
  endfacet
  facet normal 0 0 -1
    outer loop
      vertex 37.9226 20.2701 53.62
      vertex 40.2156 21.4957 53.62
      vertex 38.8715 18.3849 53.62
    endloop
  endfacet
  facet normal -0 0 -1
    outer loop
      vertex 40.2156 21.4957 53.62
      vertex 37.9226 20.2701 53.62
      vertex 39.1124 23.4431 53.62
    endloop
  endfacet
  facet normal 0 0 -1
    outer loop
      vertex 36.8823 22.1064 53.62
      vertex 39.1124 23.4431 53.62
      vertex 37.9226 20.2701 53.62
    endloop
  endfacet
  facet normal -0 0 -1
    outer loop
      vertex 39.1124 23.4431 53.62
      vertex 36.8823 22.1064 53.62
      vertex 37.915 25.334 53.62
    endloop
  endfacet
  facet normal 0 0 -1
    outer loop
      vertex 35.7532 23.8895 53.62
      vertex 37.915 25.334 53.62
      vertex 36.8823 22.1064 53.62
    endloop
  endfacet
  facet normal -0 0 -1
    outer loop
      vertex 37.915 25.334 53.62
      vertex 35.7532 23.8895 53.62
      vertex 36.6263 27.1639 53.62
    endloop
  endfacet
  facet normal 0 0 -1
    outer loop
      vertex 34.5379 25.6151 53.62
      vertex 36.6263 27.1639 53.62
      vertex 35.7532 23.8895 53.62
    endloop
  endfacet
  facet normal -0 0 -1
    outer loop
      vertex 36.6263 27.1639 53.62
      vertex 34.5379 25.6151 53.62
      vertex 35.2493 28.9283 53.62
    endloop
  endfacet
  facet normal 0 0 -1
    outer loop
      vertex 33.2394 27.2789 53.62
      vertex 35.2493 28.9283 53.62
      vertex 34.5379 25.6151 53.62
    endloop
  endfacet
  facet normal -0 0 -1
    outer loop
      vertex 35.2493 28.9283 53.62
      vertex 33.2394 27.2789 53.62
      vertex 33.7874 30.6231 53.62
    endloop
  endfacet
  facet normal 0 0 -1
    outer loop
      vertex 31.8609 28.877 53.62
      vertex 33.7874 30.6231 53.62
      vertex 33.2394 27.2789 53.62
    endloop
  endfacet
  facet normal -0 0 -1
    outer loop
      vertex 33.7874 30.6231 53.62
      vertex 31.8609 28.877 53.62
      vertex 32.2441 32.2441 53.62
    endloop
  endfacet
  facet normal 0 0 -1
    outer loop
      vertex 30.4056 30.4056 53.62
      vertex 32.2441 32.2441 53.62
      vertex 31.8609 28.877 53.62
    endloop
  endfacet
  facet normal -0 0 -1
    outer loop
      vertex 32.2441 32.2441 53.62
      vertex 30.4056 30.4056 53.62
      vertex 30.6231 33.7874 53.62
    endloop
  endfacet
  facet normal 0 0 -1
    outer loop
      vertex 28.877 31.8609 53.62
      vertex 30.6231 33.7874 53.62
      vertex 30.4056 30.4056 53.62
    endloop
  endfacet
  facet normal -0 0 -1
    outer loop
      vertex 30.6231 33.7874 53.62
      vertex 28.877 31.8609 53.62
      vertex 28.9283 35.2493 53.62
    endloop
  endfacet
  facet normal 0 0 -1
    outer loop
      vertex 27.2789 33.2394 53.62
      vertex 28.9283 35.2493 53.62
      vertex 28.877 31.8609 53.62
    endloop
  endfacet
  facet normal 0 0 -1
    outer loop
      vertex 27.2789 33.2394 53.62
      vertex 27.1639 36.6263 53.62
      vertex 28.9283 35.2493 53.62
    endloop
  endfacet
  facet normal 0 0 -1
    outer loop
      vertex 25.6151 34.5379 53.62
      vertex 27.1639 36.6263 53.62
      vertex 27.2789 33.2394 53.62
    endloop
  endfacet
  facet normal 0 0 -1
    outer loop
      vertex 25.6151 34.5379 53.62
      vertex 25.334 37.915 53.62
      vertex 27.1639 36.6263 53.62
    endloop
  endfacet
  facet normal 0 0 -1
    outer loop
      vertex 23.8895 35.7532 53.62
      vertex 25.334 37.915 53.62
      vertex 25.6151 34.5379 53.62
    endloop
  endfacet
  facet normal 0 0 -1
    outer loop
      vertex 23.8895 35.7532 53.62
      vertex 23.4431 39.1124 53.62
      vertex 25.334 37.915 53.62
    endloop
  endfacet
  facet normal 0 0 -1
    outer loop
      vertex 22.1064 36.8823 53.62
      vertex 23.4431 39.1124 53.62
      vertex 23.8895 35.7532 53.62
    endloop
  endfacet
  facet normal 0 0 -1
    outer loop
      vertex 22.1064 36.8823 53.62
      vertex 21.4957 40.2156 53.62
      vertex 23.4431 39.1124 53.62
    endloop
  endfacet
  facet normal 0 0 -1
    outer loop
      vertex 20.2701 37.9226 53.62
      vertex 21.4957 40.2156 53.62
      vertex 22.1064 36.8823 53.62
    endloop
  endfacet
  facet normal 0 0 -1
    outer loop
      vertex 20.2701 37.9226 53.62
      vertex 19.4965 41.2219 53.62
      vertex 21.4957 40.2156 53.62
    endloop
  endfacet
  facet normal 0 0 -1
    outer loop
      vertex 18.3849 38.8715 53.62
      vertex 19.4965 41.2219 53.62
      vertex 20.2701 37.9226 53.62
    endloop
  endfacet
  facet normal 0 0 -1
    outer loop
      vertex 18.3849 38.8715 53.62
      vertex 17.4504 42.1289 53.62
      vertex 19.4965 41.2219 53.62
    endloop
  endfacet
  facet normal 0 0 -1
    outer loop
      vertex 16.4554 39.7268 53.62
      vertex 17.4504 42.1289 53.62
      vertex 18.3849 38.8715 53.62
    endloop
  endfacet
  facet normal 0 0 -1
    outer loop
      vertex 16.4554 39.7268 53.62
      vertex 15.3622 42.9344 53.62
      vertex 17.4504 42.1289 53.62
    endloop
  endfacet
  facet normal 0 0 -1
    outer loop
      vertex 14.4863 40.4864 53.62
      vertex 15.3622 42.9344 53.62
      vertex 16.4554 39.7268 53.62
    endloop
  endfacet
  facet normal 0 0 -1
    outer loop
      vertex 14.4863 40.4864 53.62
      vertex 13.237 43.6365 53.62
      vertex 15.3622 42.9344 53.62
    endloop
  endfacet
  facet normal 0 0 -1
    outer loop
      vertex 12.4822 41.1484 53.62
      vertex 13.237 43.6365 53.62
      vertex 14.4863 40.4864 53.62
    endloop
  endfacet
  facet normal 0 0 -1
    outer loop
      vertex 12.4822 41.1484 53.62
      vertex 11.0799 44.2334 53.62
      vertex 13.237 43.6365 53.62
    endloop
  endfacet
  facet normal 0 0 -1
    outer loop
      vertex 10.4481 41.7113 53.62
      vertex 11.0799 44.2334 53.62
      vertex 12.4822 41.1484 53.62
    endloop
  endfacet
  facet normal 0 0 -1
    outer loop
      vertex 10.4481 41.7113 53.62
      vertex 8.89612 44.7238 53.62
      vertex 11.0799 44.2334 53.62
    endloop
  endfacet
  facet normal 0 0 -1
    outer loop
      vertex 8.38888 42.1738 53.62
      vertex 8.89612 44.7238 53.62
      vertex 10.4481 41.7113 53.62
    endloop
  endfacet
  facet normal 0 0 -1
    outer loop
      vertex 8.38888 42.1738 53.62
      vertex 6.69091 45.1064 53.62
      vertex 8.89612 44.7238 53.62
    endloop
  endfacet
  facet normal 0 0 -1
    outer loop
      vertex 6.30941 42.5346 53.62
      vertex 6.69091 45.1064 53.62
      vertex 8.38888 42.1738 53.62
    endloop
  endfacet
  facet normal 0 0 -1
    outer loop
      vertex 6.30941 42.5346 53.62
      vertex 4.46958 45.3804 53.62
      vertex 6.69091 45.1064 53.62
    endloop
  endfacet
  facet normal 0 0 -1
    outer loop
      vertex 4.21474 42.7929 53.62
      vertex 4.46958 45.3804 53.62
      vertex 6.30941 42.5346 53.62
    endloop
  endfacet
  facet normal 0 0 -1
    outer loop
      vertex 4.21474 42.7929 53.62
      vertex 2.23749 45.5451 53.62
      vertex 4.46958 45.3804 53.62
    endloop
  endfacet
  facet normal 0 0 -1
    outer loop
      vertex 2.10991 42.9482 53.62
      vertex 2.23749 45.5451 53.62
      vertex 4.21474 42.7929 53.62
    endloop
  endfacet
  facet normal 0 0 -1
    outer loop
      vertex 0 43 53.62
      vertex 2.23749 45.5451 53.62
      vertex 2.10991 42.9482 53.62
    endloop
  endfacet
  facet normal 0 0 -1
    outer loop
      vertex 0 43 53.62
      vertex 0 45.6 53.62
      vertex 2.23749 45.5451 53.62
    endloop
  endfacet
  facet normal 0 0 -1
    outer loop
      vertex -2.10991 42.9482 53.62
      vertex 0 45.6 53.62
      vertex 0 43 53.62
    endloop
  endfacet
  facet normal 0 0 -1
    outer loop
      vertex -2.10991 42.9482 53.62
      vertex -2.23749 45.5451 53.62
      vertex 0 45.6 53.62
    endloop
  endfacet
  facet normal 0 0 -1
    outer loop
      vertex -4.21474 42.7929 53.62
      vertex -2.23749 45.5451 53.62
      vertex -2.10991 42.9482 53.62
    endloop
  endfacet
  facet normal 0 0 -1
    outer loop
      vertex -4.21474 42.7929 53.62
      vertex -4.46958 45.3804 53.62
      vertex -2.23749 45.5451 53.62
    endloop
  endfacet
  facet normal 0 0 -1
    outer loop
      vertex -6.30941 42.5346 53.62
      vertex -4.46958 45.3804 53.62
      vertex -4.21474 42.7929 53.62
    endloop
  endfacet
  facet normal 0 0 -1
    outer loop
      vertex -6.30941 42.5346 53.62
      vertex -6.69091 45.1064 53.62
      vertex -4.46958 45.3804 53.62
    endloop
  endfacet
  facet normal 0 0 -1
    outer loop
      vertex -8.38888 42.1738 53.62
      vertex -6.69091 45.1064 53.62
      vertex -6.30941 42.5346 53.62
    endloop
  endfacet
  facet normal 0 0 -1
    outer loop
      vertex -8.38888 42.1738 53.62
      vertex -8.89612 44.7238 53.62
      vertex -6.69091 45.1064 53.62
    endloop
  endfacet
  facet normal 0 0 -1
    outer loop
      vertex -10.4481 41.7113 53.62
      vertex -8.89612 44.7238 53.62
      vertex -8.38888 42.1738 53.62
    endloop
  endfacet
  facet normal 0 0 -1
    outer loop
      vertex -10.4481 41.7113 53.62
      vertex -11.0799 44.2334 53.62
      vertex -8.89612 44.7238 53.62
    endloop
  endfacet
  facet normal 0 0 -1
    outer loop
      vertex -12.4822 41.1484 53.62
      vertex -11.0799 44.2334 53.62
      vertex -10.4481 41.7113 53.62
    endloop
  endfacet
  facet normal 0 0 -1
    outer loop
      vertex -12.4822 41.1484 53.62
      vertex -13.237 43.6365 53.62
      vertex -11.0799 44.2334 53.62
    endloop
  endfacet
  facet normal 0 0 -1
    outer loop
      vertex -14.4863 40.4864 53.62
      vertex -13.237 43.6365 53.62
      vertex -12.4822 41.1484 53.62
    endloop
  endfacet
  facet normal 0 0 -1
    outer loop
      vertex -14.4863 40.4864 53.62
      vertex -15.3622 42.9344 53.62
      vertex -13.237 43.6365 53.62
    endloop
  endfacet
  facet normal 0 0 -1
    outer loop
      vertex -16.4554 39.7268 53.62
      vertex -15.3622 42.9344 53.62
      vertex -14.4863 40.4864 53.62
    endloop
  endfacet
  facet normal 0 0 -1
    outer loop
      vertex -16.4554 39.7268 53.62
      vertex -17.4504 42.1289 53.62
      vertex -15.3622 42.9344 53.62
    endloop
  endfacet
  facet normal 0 0 -1
    outer loop
      vertex -18.3849 38.8715 53.62
      vertex -17.4504 42.1289 53.62
      vertex -16.4554 39.7268 53.62
    endloop
  endfacet
  facet normal 0 0 -1
    outer loop
      vertex -18.3849 38.8715 53.62
      vertex -19.4965 41.2219 53.62
      vertex -17.4504 42.1289 53.62
    endloop
  endfacet
  facet normal 0 0 -1
    outer loop
      vertex -20.2701 37.9226 53.62
      vertex -19.4965 41.2219 53.62
      vertex -18.3849 38.8715 53.62
    endloop
  endfacet
  facet normal 0 0 -1
    outer loop
      vertex -20.2701 37.9226 53.62
      vertex -21.4957 40.2156 53.62
      vertex -19.4965 41.2219 53.62
    endloop
  endfacet
  facet normal 0 0 -1
    outer loop
      vertex -22.1064 36.8823 53.62
      vertex -21.4957 40.2156 53.62
      vertex -20.2701 37.9226 53.62
    endloop
  endfacet
  facet normal 0 0 -1
    outer loop
      vertex -22.1064 36.8823 53.62
      vertex -23.4431 39.1124 53.62
      vertex -21.4957 40.2156 53.62
    endloop
  endfacet
  facet normal 0 0 -1
    outer loop
      vertex -23.8895 35.7532 53.62
      vertex -23.4431 39.1124 53.62
      vertex -22.1064 36.8823 53.62
    endloop
  endfacet
  facet normal 0 0 -1
    outer loop
      vertex -23.8895 35.7532 53.62
      vertex -25.334 37.915 53.62
      vertex -23.4431 39.1124 53.62
    endloop
  endfacet
  facet normal 0 0 -1
    outer loop
      vertex -25.6151 34.5379 53.62
      vertex -25.334 37.915 53.62
      vertex -23.8895 35.7532 53.62
    endloop
  endfacet
  facet normal 0 0 -1
    outer loop
      vertex -25.6151 34.5379 53.62
      vertex -27.1639 36.6263 53.62
      vertex -25.334 37.915 53.62
    endloop
  endfacet
  facet normal 0 0 -1
    outer loop
      vertex -27.2789 33.2394 53.62
      vertex -27.1639 36.6263 53.62
      vertex -25.6151 34.5379 53.62
    endloop
  endfacet
  facet normal 0 0 -1
    outer loop
      vertex -28.9283 35.2493 53.62
      vertex -27.2789 33.2394 53.62
      vertex -28.877 31.8609 53.62
    endloop
  endfacet
  facet normal 0 0 -1
    outer loop
      vertex -27.2789 33.2394 53.62
      vertex -28.9283 35.2493 53.62
      vertex -27.1639 36.6263 53.62
    endloop
  endfacet
  facet normal 0 0 -1
    outer loop
      vertex -30.6231 33.7874 53.62
      vertex -28.877 31.8609 53.62
      vertex -30.4056 30.4056 53.62
    endloop
  endfacet
  facet normal 0 0 -1
    outer loop
      vertex -28.877 31.8609 53.62
      vertex -30.6231 33.7874 53.62
      vertex -28.9283 35.2493 53.62
    endloop
  endfacet
  facet normal 0 0 -1
    outer loop
      vertex -32.2441 32.2441 53.62
      vertex -30.4056 30.4056 53.62
      vertex -31.8609 28.877 53.62
    endloop
  endfacet
  facet normal 0 0 -1
    outer loop
      vertex -30.4056 30.4056 53.62
      vertex -32.2441 32.2441 53.62
      vertex -30.6231 33.7874 53.62
    endloop
  endfacet
  facet normal 0 0 -1
    outer loop
      vertex -33.7874 30.6231 53.62
      vertex -31.8609 28.877 53.62
      vertex -33.2394 27.2789 53.62
    endloop
  endfacet
  facet normal 0 0 -1
    outer loop
      vertex -31.8609 28.877 53.62
      vertex -33.7874 30.6231 53.62
      vertex -32.2441 32.2441 53.62
    endloop
  endfacet
  facet normal 0 0 -1
    outer loop
      vertex -35.2493 28.9283 53.62
      vertex -33.2394 27.2789 53.62
      vertex -34.5379 25.6151 53.62
    endloop
  endfacet
  facet normal 0 0 -1
    outer loop
      vertex -33.2394 27.2789 53.62
      vertex -35.2493 28.9283 53.62
      vertex -33.7874 30.6231 53.62
    endloop
  endfacet
  facet normal 0 0 -1
    outer loop
      vertex -36.6263 27.1639 53.62
      vertex -34.5379 25.6151 53.62
      vertex -35.7532 23.8895 53.62
    endloop
  endfacet
  facet normal 0 0 -1
    outer loop
      vertex -34.5379 25.6151 53.62
      vertex -36.6263 27.1639 53.62
      vertex -35.2493 28.9283 53.62
    endloop
  endfacet
  facet normal 0 0 -1
    outer loop
      vertex -37.915 25.334 53.62
      vertex -35.7532 23.8895 53.62
      vertex -36.8823 22.1064 53.62
    endloop
  endfacet
  facet normal 0 0 -1
    outer loop
      vertex -35.7532 23.8895 53.62
      vertex -37.915 25.334 53.62
      vertex -36.6263 27.1639 53.62
    endloop
  endfacet
  facet normal 0 0 -1
    outer loop
      vertex -39.1124 23.4431 53.62
      vertex -36.8823 22.1064 53.62
      vertex -37.9226 20.2701 53.62
    endloop
  endfacet
  facet normal 0 0 -1
    outer loop
      vertex -40.2156 21.4957 53.62
      vertex -37.9226 20.2701 53.62
      vertex -38.8715 18.3849 53.62
    endloop
  endfacet
  facet normal 0 0 -1
    outer loop
      vertex -36.8823 22.1064 53.62
      vertex -39.1124 23.4431 53.62
      vertex -37.915 25.334 53.62
    endloop
  endfacet
  facet normal 0 0 -1
    outer loop
      vertex -41.2219 19.4965 53.62
      vertex -38.8715 18.3849 53.62
      vertex -39.7268 16.4554 53.62
    endloop
  endfacet
  facet normal 0 0 -1
    outer loop
      vertex -37.9226 20.2701 53.62
      vertex -40.2156 21.4957 53.62
      vertex -39.1124 23.4431 53.62
    endloop
  endfacet
  facet normal 0 0 -1
    outer loop
      vertex -42.1289 17.4504 53.62
      vertex -39.7268 16.4554 53.62
      vertex -40.4864 14.4863 53.62
    endloop
  endfacet
  facet normal 0 0 -1
    outer loop
      vertex -42.9344 15.3622 53.62
      vertex -40.4864 14.4863 53.62
      vertex -41.1484 12.4822 53.62
    endloop
  endfacet
  facet normal 0 0 -1
    outer loop
      vertex -38.8715 18.3849 53.62
      vertex -41.2219 19.4965 53.62
      vertex -40.2156 21.4957 53.62
    endloop
  endfacet
  facet normal 0 0 -1
    outer loop
      vertex -43.6365 13.237 53.62
      vertex -41.1484 12.4822 53.62
      vertex -41.7113 10.4481 53.62
    endloop
  endfacet
  facet normal 0 0 -1
    outer loop
      vertex -39.7268 16.4554 53.62
      vertex -42.1289 17.4504 53.62
      vertex -41.2219 19.4965 53.62
    endloop
  endfacet
  facet normal 0 0 -1
    outer loop
      vertex -44.2334 11.0799 53.62
      vertex -41.7113 10.4481 53.62
      vertex -42.1738 8.38888 53.62
    endloop
  endfacet
  facet normal 0 0 -1
    outer loop
      vertex -44.7238 8.89612 53.62
      vertex -42.1738 8.38888 53.62
      vertex -42.5346 6.30941 53.62
    endloop
  endfacet
  facet normal 0 0 -1
    outer loop
      vertex -45.1064 6.69091 53.62
      vertex -42.5346 6.30941 53.62
      vertex -42.7929 4.21474 53.62
    endloop
  endfacet
  facet normal 0 0 -1
    outer loop
      vertex -40.4864 14.4863 53.62
      vertex -42.9344 15.3622 53.62
      vertex -42.1289 17.4504 53.62
    endloop
  endfacet
  facet normal 0 0 -1
    outer loop
      vertex -45.3804 4.46958 53.62
      vertex -42.7929 4.21474 53.62
      vertex -42.9482 2.10991 53.62
    endloop
  endfacet
  facet normal 0 0 -1
    outer loop
      vertex -45.5451 2.23749 53.62
      vertex -42.9482 2.10991 53.62
      vertex -43 0 53.62
    endloop
  endfacet
  facet normal -0 0 -1
    outer loop
      vertex -42.5346 -6.30941 53.62
      vertex -45.1064 -6.69091 53.62
      vertex -42.7929 -4.21474 53.62
    endloop
  endfacet
  facet normal 0 0 -1
    outer loop
      vertex -41.1484 12.4822 53.62
      vertex -43.6365 13.237 53.62
      vertex -42.9344 15.3622 53.62
    endloop
  endfacet
  facet normal 0 0 -1
    outer loop
      vertex -45.3804 -4.46958 53.62
      vertex -42.7929 -4.21474 53.62
      vertex -45.1064 -6.69091 53.62
    endloop
  endfacet
  facet normal 0 0 -1
    outer loop
      vertex -41.7113 10.4481 53.62
      vertex -44.2334 11.0799 53.62
      vertex -43.6365 13.237 53.62
    endloop
  endfacet
  facet normal -0 0 -1
    outer loop
      vertex -42.7929 -4.21474 53.62
      vertex -45.3804 -4.46958 53.62
      vertex -42.9482 -2.10991 53.62
    endloop
  endfacet
  facet normal 0 0 -1
    outer loop
      vertex -42.1738 8.38888 53.62
      vertex -44.7238 8.89612 53.62
      vertex -44.2334 11.0799 53.62
    endloop
  endfacet
  facet normal 0 0 -1
    outer loop
      vertex -45.5451 -2.23749 53.62
      vertex -42.9482 -2.10991 53.62
      vertex -45.3804 -4.46958 53.62
    endloop
  endfacet
  facet normal 0 0 -1
    outer loop
      vertex -42.5346 6.30941 53.62
      vertex -45.1064 6.69091 53.62
      vertex -44.7238 8.89612 53.62
    endloop
  endfacet
  facet normal -0 0 -1
    outer loop
      vertex -42.9482 -2.10991 53.62
      vertex -45.5451 -2.23749 53.62
      vertex -43 0 53.62
    endloop
  endfacet
  facet normal 0 0 -1
    outer loop
      vertex -42.7929 4.21474 53.62
      vertex -45.3804 4.46958 53.62
      vertex -45.1064 6.69091 53.62
    endloop
  endfacet
  facet normal 0 0 -1
    outer loop
      vertex -45.6 0 53.62
      vertex -43 0 53.62
      vertex -45.5451 -2.23749 53.62
    endloop
  endfacet
  facet normal 0 0 -1
    outer loop
      vertex -42.9482 2.10991 53.62
      vertex -45.5451 2.23749 53.62
      vertex -45.3804 4.46958 53.62
    endloop
  endfacet
  facet normal 0 0 -1
    outer loop
      vertex -43 0 53.62
      vertex -45.6 0 53.62
      vertex -45.5451 2.23749 53.62
    endloop
  endfacet
  facet normal 0.985281 -0.170944 0
    outer loop
      vertex -45.1064 6.69091 53.62
      vertex -44.7238 8.89612 0
      vertex -44.7238 8.89612 53.62
    endloop
  endfacet
  facet normal 0.985281 -0.170944 0
    outer loop
      vertex -44.7238 8.89612 0
      vertex -45.1064 6.69091 53.62
      vertex -45.1064 6.69091 0
    endloop
  endfacet
  facet normal 0.932994 -0.359892 0
    outer loop
      vertex -42.9344 15.3622 53.62
      vertex -42.1289 17.4504 0
      vertex -42.1289 17.4504 53.62
    endloop
  endfacet
  facet normal 0.932994 -0.359892 0
    outer loop
      vertex -42.1289 17.4504 0
      vertex -42.9344 15.3622 53.62
      vertex -42.9344 15.3622 0
    endloop
  endfacet
  facet normal 0.949524 -0.313693 0
    outer loop
      vertex -43.6365 13.237 53.62
      vertex -42.9344 15.3622 0
      vertex -42.9344 15.3622 53.62
    endloop
  endfacet
  facet normal 0.949524 -0.313693 0
    outer loop
      vertex -42.9344 15.3622 0
      vertex -43.6365 13.237 53.62
      vertex -43.6365 13.237 0
    endloop
  endfacet
  facet normal 0.844853 -0.534998 0
    outer loop
      vertex -39.1124 23.4431 53.62
      vertex -37.915 25.334 0
      vertex -37.915 25.334 53.62
    endloop
  endfacet
  facet normal 0.844853 -0.534998 0
    outer loop
      vertex -37.915 25.334 0
      vertex -39.1124 23.4431 53.62
      vertex -39.1124 23.4431 0
    endloop
  endfacet
  facet normal 0.870085 -0.492902 0
    outer loop
      vertex -40.2156 21.4957 53.62
      vertex -39.1124 23.4431 0
      vertex -39.1124 23.4431 53.62
    endloop
  endfacet
  facet normal 0.870085 -0.492902 0
    outer loop
      vertex -39.1124 23.4431 0
      vertex -40.2156 21.4957 53.62
      vertex -40.2156 21.4957 0
    endloop
  endfacet
  facet normal 0.724252 -0.689536 0
    outer loop
      vertex -33.7874 30.6231 53.62
      vertex -32.2441 32.2441 0
      vertex -32.2441 32.2441 53.62
    endloop
  endfacet
  facet normal 0.724252 -0.689536 0
    outer loop
      vertex -32.2441 32.2441 0
      vertex -33.7874 30.6231 53.62
      vertex -33.7874 30.6231 0
    endloop
  endfacet
  facet normal -0.313693 -0.949524 0
    outer loop
      vertex 13.237 43.6365 0
      vertex 15.3622 42.9344 53.62
      vertex 13.237 43.6365 53.62
    endloop
  endfacet
  facet normal -0.313693 -0.949524 -0
    outer loop
      vertex 15.3622 42.9344 53.62
      vertex 13.237 43.6365 0
      vertex 15.3622 42.9344 0
    endloop
  endfacet
  facet normal -0.992478 0.122422 0
    outer loop
      vertex 45.1064 -6.69091 0
      vertex 45.3804 -4.46958 53.62
      vertex 45.3804 -4.46958 0
    endloop
  endfacet
  facet normal -0.992478 0.122422 0
    outer loop
      vertex 45.3804 -4.46958 53.62
      vertex 45.1064 -6.69091 0
      vertex 45.1064 -6.69091 53.62
    endloop
  endfacet
  facet normal -0.997289 -0.0735873 0
    outer loop
      vertex 45.5451 2.23749 0
      vertex 45.3804 4.46958 53.62
      vertex 45.3804 4.46958 0
    endloop
  endfacet
  facet normal -0.997289 -0.0735873 0
    outer loop
      vertex 45.3804 4.46958 53.62
      vertex 45.5451 2.23749 0
      vertex 45.5451 2.23749 53.62
    endloop
  endfacet
  facet normal -0.985281 -0.170944 0
    outer loop
      vertex 45.1064 6.69091 0
      vertex 44.7238 8.89612 53.62
      vertex 44.7238 8.89612 0
    endloop
  endfacet
  facet normal -0.985281 -0.170944 0
    outer loop
      vertex 44.7238 8.89612 53.62
      vertex 45.1064 6.69091 0
      vertex 45.1064 6.69091 53.62
    endloop
  endfacet
  facet normal -0.757219 -0.653161 0
    outer loop
      vertex 35.2493 28.9283 0
      vertex 33.7874 30.6231 53.62
      vertex 33.7874 30.6231 0
    endloop
  endfacet
  facet normal -0.757219 -0.653161 0
    outer loop
      vertex 33.7874 30.6231 53.62
      vertex 35.2493 28.9283 0
      vertex 35.2493 28.9283 53.62
    endloop
  endfacet
  facet normal -0.844853 -0.534998 0
    outer loop
      vertex 39.1124 23.4431 0
      vertex 37.915 25.334 53.62
      vertex 37.915 25.334 0
    endloop
  endfacet
  facet normal -0.844853 -0.534998 0
    outer loop
      vertex 37.915 25.334 53.62
      vertex 39.1124 23.4431 0
      vertex 39.1124 23.4431 53.62
    endloop
  endfacet
  facet normal -0.788336 -0.615245 0
    outer loop
      vertex 36.6263 27.1639 0
      vertex 35.2493 28.9283 53.62
      vertex 35.2493 28.9283 0
    endloop
  endfacet
  facet normal -0.788336 -0.615245 0
    outer loop
      vertex 35.2493 28.9283 53.62
      vertex 36.6263 27.1639 0
      vertex 36.6263 27.1639 53.62
    endloop
  endfacet
  facet normal 0.615245 -0.788336 0
    outer loop
      vertex -28.9283 35.2493 0
      vertex -27.1639 36.6263 53.62
      vertex -28.9283 35.2493 53.62
    endloop
  endfacet
  facet normal 0.615245 -0.788336 0
    outer loop
      vertex -27.1639 36.6263 53.62
      vertex -28.9283 35.2493 0
      vertex -27.1639 36.6263 0
    endloop
  endfacet
  facet normal 0.534998 -0.844853 0
    outer loop
      vertex -25.334 37.915 0
      vertex -23.4431 39.1124 53.62
      vertex -25.334 37.915 53.62
    endloop
  endfacet
  facet normal 0.534998 -0.844853 0
    outer loop
      vertex -23.4431 39.1124 53.62
      vertex -25.334 37.915 0
      vertex -23.4431 39.1124 0
    endloop
  endfacet
  facet normal 0.122422 -0.992478 0
    outer loop
      vertex -6.69091 45.1064 0
      vertex -4.46958 45.3804 53.62
      vertex -6.69091 45.1064 53.62
    endloop
  endfacet
  facet normal 0.122422 -0.992478 0
    outer loop
      vertex -4.46958 45.3804 53.62
      vertex -6.69091 45.1064 0
      vertex -4.46958 45.3804 0
    endloop
  endfacet
  facet normal 0.219108 -0.975701 0
    outer loop
      vertex -11.0799 44.2334 0
      vertex -8.89612 44.7238 53.62
      vertex -11.0799 44.2334 53.62
    endloop
  endfacet
  facet normal 0.219108 -0.975701 0
    outer loop
      vertex -8.89612 44.7238 53.62
      vertex -11.0799 44.2334 0
      vertex -8.89612 44.7238 0
    endloop
  endfacet
  facet normal 0.997289 -0.0735873 0
    outer loop
      vertex -45.5451 2.23749 53.62
      vertex -45.3804 4.46958 0
      vertex -45.3804 4.46958 53.62
    endloop
  endfacet
  facet normal 0.997289 -0.0735873 0
    outer loop
      vertex -45.3804 4.46958 0
      vertex -45.5451 2.23749 53.62
      vertex -45.5451 2.23749 0
    endloop
  endfacet
  facet normal 0.999699 -0.024529 0
    outer loop
      vertex -45.6 0 53.62
      vertex -45.5451 2.23749 0
      vertex -45.5451 2.23749 53.62
    endloop
  endfacet
  facet normal 0.999699 -0.024529 0
    outer loop
      vertex -45.5451 2.23749 0
      vertex -45.6 0 53.62
      vertex -45.6 0 0
    endloop
  endfacet
  facet normal 0.963782 -0.266692 0
    outer loop
      vertex -44.2334 11.0799 53.62
      vertex -43.6365 13.237 0
      vertex -43.6365 13.237 53.62
    endloop
  endfacet
  facet normal 0.963782 -0.266692 0
    outer loop
      vertex -43.6365 13.237 0
      vertex -44.2334 11.0799 53.62
      vertex -44.2334 11.0799 0
    endloop
  endfacet
  facet normal 0.893227 -0.449607 0
    outer loop
      vertex -41.2219 19.4965 53.62
      vertex -40.2156 21.4957 0
      vertex -40.2156 21.4957 53.62
    endloop
  endfacet
  facet normal 0.893227 -0.449607 0
    outer loop
      vertex -40.2156 21.4957 0
      vertex -41.2219 19.4965 53.62
      vertex -41.2219 19.4965 0
    endloop
  endfacet
  facet normal 0.914205 -0.405251 0
    outer loop
      vertex -42.1289 17.4504 53.62
      vertex -41.2219 19.4965 0
      vertex -41.2219 19.4965 53.62
    endloop
  endfacet
  facet normal 0.914205 -0.405251 0
    outer loop
      vertex -41.2219 19.4965 0
      vertex -42.1289 17.4504 53.62
      vertex -42.1289 17.4504 0
    endloop
  endfacet
  facet normal 0.788336 -0.615245 0
    outer loop
      vertex -36.6263 27.1639 53.62
      vertex -35.2493 28.9283 0
      vertex -35.2493 28.9283 53.62
    endloop
  endfacet
  facet normal 0.788336 -0.615245 0
    outer loop
      vertex -35.2493 28.9283 0
      vertex -36.6263 27.1639 53.62
      vertex -36.6263 27.1639 0
    endloop
  endfacet
  facet normal 0.817598 -0.57579 0
    outer loop
      vertex -37.915 25.334 53.62
      vertex -36.6263 27.1639 0
      vertex -36.6263 27.1639 53.62
    endloop
  endfacet
  facet normal 0.817598 -0.57579 0
    outer loop
      vertex -36.6263 27.1639 0
      vertex -37.915 25.334 53.62
      vertex -37.915 25.334 0
    endloop
  endfacet
  facet normal -0.219108 -0.975701 0
    outer loop
      vertex 8.89612 44.7238 0
      vertex 11.0799 44.2334 53.62
      vertex 8.89612 44.7238 53.62
    endloop
  endfacet
  facet normal -0.219108 -0.975701 -0
    outer loop
      vertex 11.0799 44.2334 53.62
      vertex 8.89612 44.7238 0
      vertex 11.0799 44.2334 0
    endloop
  endfacet
  facet normal -0.170944 -0.985281 0
    outer loop
      vertex 6.69091 45.1064 0
      vertex 8.89612 44.7238 53.62
      vertex 6.69091 45.1064 53.62
    endloop
  endfacet
  facet normal -0.170944 -0.985281 -0
    outer loop
      vertex 8.89612 44.7238 53.62
      vertex 6.69091 45.1064 0
      vertex 8.89612 44.7238 0
    endloop
  endfacet
  facet normal -0.914205 -0.405251 0
    outer loop
      vertex 42.1289 17.4504 0
      vertex 41.2219 19.4965 53.62
      vertex 41.2219 19.4965 0
    endloop
  endfacet
  facet normal -0.914205 -0.405251 0
    outer loop
      vertex 41.2219 19.4965 53.62
      vertex 42.1289 17.4504 0
      vertex 42.1289 17.4504 53.62
    endloop
  endfacet
  facet normal -0.893227 -0.449607 0
    outer loop
      vertex 41.2219 19.4965 0
      vertex 40.2156 21.4957 53.62
      vertex 40.2156 21.4957 0
    endloop
  endfacet
  facet normal -0.893227 -0.449607 0
    outer loop
      vertex 40.2156 21.4957 53.62
      vertex 41.2219 19.4965 0
      vertex 41.2219 19.4965 53.62
    endloop
  endfacet
  facet normal -0.57579 -0.817598 0
    outer loop
      vertex 25.334 37.915 0
      vertex 27.1639 36.6263 53.62
      vertex 25.334 37.915 53.62
    endloop
  endfacet
  facet normal -0.57579 -0.817598 -0
    outer loop
      vertex 27.1639 36.6263 53.62
      vertex 25.334 37.915 0
      vertex 27.1639 36.6263 0
    endloop
  endfacet
  facet normal -0.534998 -0.844853 0
    outer loop
      vertex 23.4431 39.1124 0
      vertex 25.334 37.915 53.62
      vertex 23.4431 39.1124 53.62
    endloop
  endfacet
  facet normal -0.534998 -0.844853 -0
    outer loop
      vertex 25.334 37.915 53.62
      vertex 23.4431 39.1124 0
      vertex 25.334 37.915 0
    endloop
  endfacet
  facet normal -0.492902 -0.870085 0
    outer loop
      vertex 21.4957 40.2156 0
      vertex 23.4431 39.1124 53.62
      vertex 21.4957 40.2156 53.62
    endloop
  endfacet
  facet normal -0.492902 -0.870085 -0
    outer loop
      vertex 23.4431 39.1124 53.62
      vertex 21.4957 40.2156 0
      vertex 23.4431 39.1124 0
    endloop
  endfacet
  facet normal -0.449607 -0.893227 0
    outer loop
      vertex 19.4965 41.2219 0
      vertex 21.4957 40.2156 53.62
      vertex 19.4965 41.2219 53.62
    endloop
  endfacet
  facet normal -0.449607 -0.893227 -0
    outer loop
      vertex 21.4957 40.2156 53.62
      vertex 19.4965 41.2219 0
      vertex 21.4957 40.2156 0
    endloop
  endfacet
  facet normal -0.615245 -0.788336 0
    outer loop
      vertex 27.1639 36.6263 0
      vertex 28.9283 35.2493 53.62
      vertex 27.1639 36.6263 53.62
    endloop
  endfacet
  facet normal -0.615245 -0.788336 -0
    outer loop
      vertex 28.9283 35.2493 53.62
      vertex 27.1639 36.6263 0
      vertex 28.9283 35.2493 0
    endloop
  endfacet
  facet normal -0.653161 -0.757219 0
    outer loop
      vertex 28.9283 35.2493 0
      vertex 30.6231 33.7874 53.62
      vertex 28.9283 35.2493 53.62
    endloop
  endfacet
  facet normal -0.653161 -0.757219 -0
    outer loop
      vertex 30.6231 33.7874 53.62
      vertex 28.9283 35.2493 0
      vertex 30.6231 33.7874 0
    endloop
  endfacet
  facet normal -0.817598 -0.57579 0
    outer loop
      vertex 37.915 25.334 0
      vertex 36.6263 27.1639 53.62
      vertex 36.6263 27.1639 0
    endloop
  endfacet
  facet normal -0.817598 -0.57579 0
    outer loop
      vertex 36.6263 27.1639 53.62
      vertex 37.915 25.334 0
      vertex 37.915 25.334 53.62
    endloop
  endfacet
  facet normal 0.653161 -0.757219 0
    outer loop
      vertex -30.6231 33.7874 0
      vertex -28.9283 35.2493 53.62
      vertex -30.6231 33.7874 53.62
    endloop
  endfacet
  facet normal 0.653161 -0.757219 0
    outer loop
      vertex -28.9283 35.2493 53.62
      vertex -30.6231 33.7874 0
      vertex -28.9283 35.2493 0
    endloop
  endfacet
  facet normal 0.57579 -0.817598 0
    outer loop
      vertex -27.1639 36.6263 0
      vertex -25.334 37.915 53.62
      vertex -27.1639 36.6263 53.62
    endloop
  endfacet
  facet normal 0.57579 -0.817598 0
    outer loop
      vertex -25.334 37.915 53.62
      vertex -27.1639 36.6263 0
      vertex -25.334 37.915 0
    endloop
  endfacet
  facet normal 0.405251 -0.914205 0
    outer loop
      vertex -19.4965 41.2219 0
      vertex -17.4504 42.1289 53.62
      vertex -19.4965 41.2219 53.62
    endloop
  endfacet
  facet normal 0.405251 -0.914205 0
    outer loop
      vertex -17.4504 42.1289 53.62
      vertex -19.4965 41.2219 0
      vertex -17.4504 42.1289 0
    endloop
  endfacet
  facet normal 0.449607 -0.893227 0
    outer loop
      vertex -21.4957 40.2156 0
      vertex -19.4965 41.2219 53.62
      vertex -21.4957 40.2156 53.62
    endloop
  endfacet
  facet normal 0.449607 -0.893227 0
    outer loop
      vertex -19.4965 41.2219 53.62
      vertex -21.4957 40.2156 0
      vertex -19.4965 41.2219 0
    endloop
  endfacet
  facet normal 0.359892 -0.932994 0
    outer loop
      vertex -17.4504 42.1289 0
      vertex -15.3622 42.9344 53.62
      vertex -17.4504 42.1289 53.62
    endloop
  endfacet
  facet normal 0.359892 -0.932994 0
    outer loop
      vertex -15.3622 42.9344 53.62
      vertex -17.4504 42.1289 0
      vertex -15.3622 42.9344 0
    endloop
  endfacet
  facet normal 0.492902 -0.870085 0
    outer loop
      vertex -23.4431 39.1124 0
      vertex -21.4957 40.2156 53.62
      vertex -23.4431 39.1124 53.62
    endloop
  endfacet
  facet normal 0.492902 -0.870085 0
    outer loop
      vertex -21.4957 40.2156 53.62
      vertex -23.4431 39.1124 0
      vertex -21.4957 40.2156 0
    endloop
  endfacet
  facet normal 0.0735873 -0.997289 0
    outer loop
      vertex -4.46958 45.3804 0
      vertex -2.23749 45.5451 53.62
      vertex -4.46958 45.3804 53.62
    endloop
  endfacet
  facet normal 0.0735873 -0.997289 0
    outer loop
      vertex -2.23749 45.5451 53.62
      vertex -4.46958 45.3804 0
      vertex -2.23749 45.5451 0
    endloop
  endfacet
  facet normal 0.024529 -0.999699 0
    outer loop
      vertex -2.23749 45.5451 0
      vertex 0 45.6 53.62
      vertex -2.23749 45.5451 53.62
    endloop
  endfacet
  facet normal 0.024529 -0.999699 0
    outer loop
      vertex 0 45.6 53.62
      vertex -2.23749 45.5451 0
      vertex 0 45.6 0
    endloop
  endfacet
  facet normal 0.266692 -0.963782 0
    outer loop
      vertex -13.237 43.6365 0
      vertex -11.0799 44.2334 53.62
      vertex -13.237 43.6365 53.62
    endloop
  endfacet
  facet normal 0.266692 -0.963782 0
    outer loop
      vertex -11.0799 44.2334 53.62
      vertex -13.237 43.6365 0
      vertex -11.0799 44.2334 0
    endloop
  endfacet
  facet normal 0.170944 -0.985281 0
    outer loop
      vertex -8.89612 44.7238 0
      vertex -6.69091 45.1064 53.62
      vertex -8.89612 44.7238 53.62
    endloop
  endfacet
  facet normal 0.170944 -0.985281 0
    outer loop
      vertex -6.69091 45.1064 53.62
      vertex -8.89612 44.7238 0
      vertex -6.69091 45.1064 0
    endloop
  endfacet
endsolid OpenSCAD_Model
