solid OpenSCAD_Model
  facet normal 0.999699 0.0245406 0
    outer loop
      vertex 66.5 0 4
      vertex 66.4199 3.263 0
      vertex 66.4199 3.263 4
    endloop
  endfacet
  facet normal 0.999699 0.0245406 0
    outer loop
      vertex 66.4199 3.263 0
      vertex 66.5 0 4
      vertex 66.5 0 0
    endloop
  endfacet
  facet normal -0.999699 0.0245406 0
    outer loop
      vertex -66.5 0 0
      vertex -66.4199 3.263 4
      vertex -66.4199 3.263 0
    endloop
  endfacet
  facet normal -0.999699 0.0245406 0
    outer loop
      vertex -66.4199 3.263 4
      vertex -66.5 0 0
      vertex -66.5 0 4
    endloop
  endfacet
  facet normal 0.0245406 0.999699 -0
    outer loop
      vertex 3.263 66.4199 0
      vertex 0 66.5 4
      vertex 3.263 66.4199 4
    endloop
  endfacet
  facet normal 0.0245406 0.999699 0
    outer loop
      vertex 0 66.5 4
      vertex 3.263 66.4199 0
      vertex 0 66.5 0
    endloop
  endfacet
  facet normal 0.689573 0.724216 0
    outer loop
      vertex 46.9348 47.1062 3.23404
      vertex 47.0226 47.0226 4
      vertex 47.0226 47.0226 3.25
    endloop
  endfacet
  facet normal 0.689607 0.724184 -7.37676e-06
    outer loop
      vertex 46.7882 47.2458 3.20741
      vertex 47.0226 47.0226 4
      vertex 46.9348 47.1062 3.23404
    endloop
  endfacet
  facet normal 0.689365 0.724414 0.000128754
    outer loop
      vertex 46.6515 47.3759 3.12923
      vertex 47.0226 47.0226 4
      vertex 46.7882 47.2458 3.20741
    endloop
  endfacet
  facet normal 0.689639 0.724153 -9.37968e-05
    outer loop
      vertex 46.5698 47.4537 3.08253
      vertex 47.0226 47.0226 4
      vertex 46.6515 47.3759 3.12923
    endloop
  endfacet
  facet normal 0.689553 0.724235 -1.32471e-05
    outer loop
      vertex 47.0226 47.0226 4
      vertex 46.5698 47.4537 3.08253
      vertex 44.6587 49.2733 4
    endloop
  endfacet
  facet normal 0.689605 0.724185 0.000193574
    outer loop
      vertex 46.3823 47.6323 2.88388
      vertex 44.6587 49.2733 4
      vertex 46.5698 47.4537 3.08253
    endloop
  endfacet
  facet normal 0.689459 0.724325 -0.000238017
    outer loop
      vertex 46.292 47.7182 2.72155
      vertex 44.6587 49.2733 4
      vertex 46.3823 47.6323 2.88388
    endloop
  endfacet
  facet normal 0.689495 0.724291 -0.000151163
    outer loop
      vertex 46.2383 47.7693 2.625
      vertex 44.6587 49.2733 4
      vertex 46.292 47.7182 2.72155
    endloop
  endfacet
  facet normal 0.689594 0.724197 6.58768e-05
    outer loop
      vertex 46.2046 47.8014 2.51264
      vertex 44.6587 49.2733 4
      vertex 46.2383 47.7693 2.625
    endloop
  endfacet
  facet normal 0.689582 0.724208 4.20459e-05
    outer loop
      vertex 46.1479 47.8554 2.32352
      vertex 44.6587 49.2733 4
      vertex 46.2046 47.8014 2.51264
    endloop
  endfacet
  facet normal 0.689421 0.72436 -0.000229252
    outer loop
      vertex 46.1285 47.8738 2.1205
      vertex 44.6587 49.2733 4
      vertex 46.1479 47.8554 2.32352
    endloop
  endfacet
  facet normal 0.689755 0.724043 0.000267975
    outer loop
      vertex 46.117 47.8848 2
      vertex 44.6587 49.2733 4
      vertex 46.1285 47.8738 2.1205
    endloop
  endfacet
  facet normal 0.689755 0.724043 -0.000267975
    outer loop
      vertex 44.6587 49.2733 0
      vertex 46.117 47.8848 2
      vertex 46.1285 47.8738 1.8795
    endloop
  endfacet
  facet normal 0.689421 0.72436 0.000229252
    outer loop
      vertex 44.6587 49.2733 0
      vertex 46.1285 47.8738 1.8795
      vertex 46.1479 47.8554 1.67648
    endloop
  endfacet
  facet normal 0.689582 0.724208 -4.20459e-05
    outer loop
      vertex 44.6587 49.2733 0
      vertex 46.1479 47.8554 1.67648
      vertex 46.2046 47.8014 1.48736
    endloop
  endfacet
  facet normal 0.689594 0.724197 -6.58768e-05
    outer loop
      vertex 44.6587 49.2733 0
      vertex 46.2046 47.8014 1.48736
      vertex 46.2383 47.7693 1.375
    endloop
  endfacet
  facet normal 0.689495 0.724291 0.000151163
    outer loop
      vertex 44.6587 49.2733 0
      vertex 46.2383 47.7693 1.375
      vertex 46.292 47.7182 1.27845
    endloop
  endfacet
  facet normal 0.689459 0.724325 0.000238017
    outer loop
      vertex 44.6587 49.2733 0
      vertex 46.292 47.7182 1.27845
      vertex 46.3823 47.6323 1.11612
    endloop
  endfacet
  facet normal 0.689365 0.724414 -0.000128753
    outer loop
      vertex 47.0226 47.0226 0
      vertex 46.6515 47.3759 0.87077
      vertex 46.7882 47.2458 0.792592
    endloop
  endfacet
  facet normal 0.689573 0.724216 -0
    outer loop
      vertex 47.0226 47.0226 0
      vertex 46.9348 47.1062 0.765961
      vertex 47.0226 47.0226 0.75
    endloop
  endfacet
  facet normal 0.689607 0.724184 7.37675e-06
    outer loop
      vertex 46.9348 47.1062 0.765961
      vertex 47.0226 47.0226 0
      vertex 46.7882 47.2458 0.792592
    endloop
  endfacet
  facet normal 0.689639 0.724153 9.37955e-05
    outer loop
      vertex 46.6515 47.3759 0.87077
      vertex 47.0226 47.0226 0
      vertex 46.5698 47.4537 0.917468
    endloop
  endfacet
  facet normal 0.689553 0.724235 1.32471e-05
    outer loop
      vertex 44.6587 49.2733 0
      vertex 46.5698 47.4537 0.917468
      vertex 47.0226 47.0226 0
    endloop
  endfacet
  facet normal 0.689605 0.724185 -0.000193573
    outer loop
      vertex 46.5698 47.4537 0.917468
      vertex 44.6587 49.2733 0
      vertex 46.3823 47.6323 1.11612
    endloop
  endfacet
  facet normal 0.689562 0.724227 0
    outer loop
      vertex 46.117 47.8848 2
      vertex 44.6587 49.2733 0
      vertex 44.6587 49.2733 4
    endloop
  endfacet
  facet normal -0.689553 0.724235 -1.32471e-05
    outer loop
      vertex -46.5698 47.4537 3.08253
      vertex -47.0226 47.0226 4
      vertex -44.6587 49.2733 4
    endloop
  endfacet
  facet normal -0.689573 0.724216 0
    outer loop
      vertex -47.0226 47.0226 4
      vertex -46.9348 47.1062 3.23404
      vertex -47.0226 47.0226 3.25
    endloop
  endfacet
  facet normal -0.689607 0.724184 -7.37676e-06
    outer loop
      vertex -47.0226 47.0226 4
      vertex -46.7882 47.2458 3.20741
      vertex -46.9348 47.1062 3.23404
    endloop
  endfacet
  facet normal -0.689365 0.724414 0.000128754
    outer loop
      vertex -47.0226 47.0226 4
      vertex -46.6515 47.3759 3.12923
      vertex -46.7882 47.2458 3.20741
    endloop
  endfacet
  facet normal -0.689639 0.724153 -9.37968e-05
    outer loop
      vertex -47.0226 47.0226 4
      vertex -46.5698 47.4537 3.08253
      vertex -46.6515 47.3759 3.12923
    endloop
  endfacet
  facet normal -0.689605 0.724185 0.000193574
    outer loop
      vertex -44.6587 49.2733 4
      vertex -46.3823 47.6323 2.88388
      vertex -46.5698 47.4537 3.08253
    endloop
  endfacet
  facet normal -0.689459 0.724325 -0.000238017
    outer loop
      vertex -44.6587 49.2733 4
      vertex -46.292 47.7182 2.72155
      vertex -46.3823 47.6323 2.88388
    endloop
  endfacet
  facet normal -0.689495 0.724291 -0.000151163
    outer loop
      vertex -44.6587 49.2733 4
      vertex -46.2383 47.7693 2.625
      vertex -46.292 47.7182 2.72155
    endloop
  endfacet
  facet normal -0.689594 0.724197 6.58768e-05
    outer loop
      vertex -44.6587 49.2733 4
      vertex -46.2046 47.8014 2.51264
      vertex -46.2383 47.7693 2.625
    endloop
  endfacet
  facet normal -0.689582 0.724208 4.20459e-05
    outer loop
      vertex -44.6587 49.2733 4
      vertex -46.1479 47.8554 2.32352
      vertex -46.2046 47.8014 2.51264
    endloop
  endfacet
  facet normal -0.689421 0.72436 -0.000229252
    outer loop
      vertex -44.6587 49.2733 4
      vertex -46.1285 47.8738 2.1205
      vertex -46.1479 47.8554 2.32352
    endloop
  endfacet
  facet normal -0.689755 0.724043 0.000267975
    outer loop
      vertex -44.6587 49.2733 4
      vertex -46.117 47.8848 2
      vertex -46.1285 47.8738 2.1205
    endloop
  endfacet
  facet normal -0.689562 0.724227 0
    outer loop
      vertex -44.6587 49.2733 0
      vertex -46.117 47.8848 2
      vertex -44.6587 49.2733 4
    endloop
  endfacet
  facet normal -0.689755 0.724043 -0.000267975
    outer loop
      vertex -46.117 47.8848 2
      vertex -44.6587 49.2733 0
      vertex -46.1285 47.8738 1.8795
    endloop
  endfacet
  facet normal -0.689421 0.72436 0.000229252
    outer loop
      vertex -46.1285 47.8738 1.8795
      vertex -44.6587 49.2733 0
      vertex -46.1479 47.8554 1.67648
    endloop
  endfacet
  facet normal -0.689582 0.724208 -4.20459e-05
    outer loop
      vertex -46.1479 47.8554 1.67648
      vertex -44.6587 49.2733 0
      vertex -46.2046 47.8014 1.48736
    endloop
  endfacet
  facet normal -0.689594 0.724197 -6.58768e-05
    outer loop
      vertex -46.2046 47.8014 1.48736
      vertex -44.6587 49.2733 0
      vertex -46.2383 47.7693 1.375
    endloop
  endfacet
  facet normal -0.689495 0.724291 0.000151163
    outer loop
      vertex -46.2383 47.7693 1.375
      vertex -44.6587 49.2733 0
      vertex -46.292 47.7182 1.27845
    endloop
  endfacet
  facet normal -0.689639 0.724153 9.37955e-05
    outer loop
      vertex -47.0226 47.0226 0
      vertex -46.6515 47.3759 0.87077
      vertex -46.5698 47.4537 0.917468
    endloop
  endfacet
  facet normal -0.689607 0.724184 7.37675e-06
    outer loop
      vertex -47.0226 47.0226 0
      vertex -46.9348 47.1062 0.765961
      vertex -46.7882 47.2458 0.792592
    endloop
  endfacet
  facet normal -0.689459 0.724325 0.000238017
    outer loop
      vertex -46.292 47.7182 1.27845
      vertex -44.6587 49.2733 0
      vertex -46.3823 47.6323 1.11612
    endloop
  endfacet
  facet normal -0.689605 0.724185 -0.000193573
    outer loop
      vertex -44.6587 49.2733 0
      vertex -46.5698 47.4537 0.917468
      vertex -46.3823 47.6323 1.11612
    endloop
  endfacet
  facet normal -0.689553 0.724235 1.32471e-05
    outer loop
      vertex -47.0226 47.0226 0
      vertex -46.5698 47.4537 0.917468
      vertex -44.6587 49.2733 0
    endloop
  endfacet
  facet normal -0.689365 0.724414 -0.000128753
    outer loop
      vertex -46.6515 47.3759 0.87077
      vertex -47.0226 47.0226 0
      vertex -46.7882 47.2458 0.792592
    endloop
  endfacet
  facet normal -0.689573 0.724216 0
    outer loop
      vertex -46.9348 47.1062 0.765961
      vertex -47.0226 47.0226 0
      vertex -47.0226 47.0226 0.75
    endloop
  endfacet
  facet normal -0.359905 0.932989 0
    outer loop
      vertex -22.4032 62.6127 0
      vertex -25.4484 61.438 4
      vertex -22.4032 62.6127 4
    endloop
  endfacet
  facet normal -0.359905 0.932989 0
    outer loop
      vertex -25.4484 61.438 4
      vertex -22.4032 62.6127 0
      vertex -25.4484 61.438 0
    endloop
  endfacet
  facet normal 0.914212 0.405237 0
    outer loop
      vertex 61.438 25.4484 4
      vertex 60.1153 28.4324 0
      vertex 60.1153 28.4324 4
    endloop
  endfacet
  facet normal 0.914212 0.405237 0
    outer loop
      vertex 60.1153 28.4324 0
      vertex 61.438 25.4484 4
      vertex 61.438 25.4484 0
    endloop
  endfacet
  facet normal 0.405237 0.914212 -0
    outer loop
      vertex 28.4324 60.1153 0
      vertex 25.4484 61.438 4
      vertex 28.4324 60.1153 4
    endloop
  endfacet
  facet normal 0.405237 0.914212 0
    outer loop
      vertex 25.4484 61.438 4
      vertex 28.4324 60.1153 0
      vertex 25.4484 61.438 0
    endloop
  endfacet
  facet normal 0.5758 0.817591 -0
    outer loop
      vertex 39.614 53.4133 0
      vertex 36.9454 55.2927 4
      vertex 39.614 53.4133 4
    endloop
  endfacet
  facet normal 0.5758 0.817591 0
    outer loop
      vertex 36.9454 55.2927 4
      vertex 39.614 53.4133 0
      vertex 36.9454 55.2927 0
    endloop
  endfacet
  facet normal -0.914212 0.405237 0
    outer loop
      vertex -61.438 25.4484 0
      vertex -60.1153 28.4324 4
      vertex -60.1153 28.4324 0
    endloop
  endfacet
  facet normal -0.914212 0.405237 0
    outer loop
      vertex -60.1153 28.4324 4
      vertex -61.438 25.4484 0
      vertex -61.438 25.4484 4
    endloop
  endfacet
  facet normal -0.170957 0.985278 0
    outer loop
      vertex -9.75758 65.7802 0
      vertex -12.9735 65.2222 4
      vertex -9.75758 65.7802 4
    endloop
  endfacet
  facet normal -0.170957 0.985278 0
    outer loop
      vertex -12.9735 65.2222 4
      vertex -9.75758 65.7802 0
      vertex -12.9735 65.2222 0
    endloop
  endfacet
  facet normal 0.975705 0.219087 0
    outer loop
      vertex 65.2222 12.9735 4
      vertex 64.5071 16.1582 0
      vertex 64.5071 16.1582 4
    endloop
  endfacet
  facet normal 0.975705 0.219087 0
    outer loop
      vertex 64.5071 16.1582 0
      vertex 65.2222 12.9735 4
      vertex 65.2222 12.9735 0
    endloop
  endfacet
  facet normal 0.817591 0.5758 0
    outer loop
      vertex 55.2927 36.9454 4
      vertex 53.4133 39.614 0
      vertex 53.4133 39.614 4
    endloop
  endfacet
  facet normal 0.817591 0.5758 0
    outer loop
      vertex 53.4133 39.614 0
      vertex 55.2927 36.9454 4
      vertex 55.2927 36.9454 0
    endloop
  endfacet
  facet normal 0.870085 0.492902 0
    outer loop
      vertex 58.6478 31.3479 4
      vertex 57.039 34.1878 0
      vertex 57.039 34.1878 4
    endloop
  endfacet
  facet normal 0.870085 0.492902 0
    outer loop
      vertex 57.039 34.1878 0
      vertex 58.6478 31.3479 4
      vertex 58.6478 31.3479 0
    endloop
  endfacet
  facet normal 0.219087 0.975705 -0
    outer loop
      vertex 16.1582 64.5071 0
      vertex 12.9735 65.2222 4
      vertex 16.1582 64.5071 4
    endloop
  endfacet
  facet normal 0.219087 0.975705 0
    outer loop
      vertex 12.9735 65.2222 4
      vertex 16.1582 64.5071 0
      vertex 12.9735 65.2222 0
    endloop
  endfacet
  facet normal 0.615223 0.788353 -0
    outer loop
      vertex 42.1872 51.4052 0
      vertex 39.614 53.4133 4
      vertex 42.1872 51.4052 4
    endloop
  endfacet
  facet normal 0.615223 0.788353 0
    outer loop
      vertex 39.614 53.4133 4
      vertex 42.1872 51.4052 0
      vertex 39.614 53.4133 0
    endloop
  endfacet
  facet normal -0.975705 0.219087 0
    outer loop
      vertex -65.2222 12.9735 0
      vertex -64.5071 16.1582 4
      vertex -64.5071 16.1582 0
    endloop
  endfacet
  facet normal -0.975705 0.219087 0
    outer loop
      vertex -64.5071 16.1582 4
      vertex -65.2222 12.9735 0
      vertex -65.2222 12.9735 4
    endloop
  endfacet
  facet normal -0.817591 0.5758 0
    outer loop
      vertex -55.2927 36.9454 0
      vertex -53.4133 39.614 4
      vertex -53.4133 39.614 0
    endloop
  endfacet
  facet normal -0.817591 0.5758 0
    outer loop
      vertex -53.4133 39.614 4
      vertex -55.2927 36.9454 0
      vertex -55.2927 36.9454 4
    endloop
  endfacet
  facet normal -0.535013 0.844844 0
    outer loop
      vertex -34.1878 57.039 0
      vertex -36.9454 55.2927 4
      vertex -34.1878 57.039 4
    endloop
  endfacet
  facet normal -0.535013 0.844844 0
    outer loop
      vertex -36.9454 55.2927 4
      vertex -34.1878 57.039 0
      vertex -36.9454 55.2927 0
    endloop
  endfacet
  facet normal -0.0735604 0.997291 0
    outer loop
      vertex -3.263 66.4199 0
      vertex -6.51814 66.1798 4
      vertex -3.263 66.4199 4
    endloop
  endfacet
  facet normal -0.0735604 0.997291 0
    outer loop
      vertex -6.51814 66.1798 4
      vertex -3.263 66.4199 0
      vertex -6.51814 66.1798 0
    endloop
  endfacet
  facet normal 0 0 -1
    outer loop
      vertex 47 0 0
      vertex 66.5 0 0
      vertex 66.4199 -3.263 0
    endloop
  endfacet
  facet normal 0 0 -1
    outer loop
      vertex 46.9434 -2.30618 0
      vertex 66.4199 -3.263 0
      vertex 66.1798 -6.51814 0
    endloop
  endfacet
  facet normal 0 0 -1
    outer loop
      vertex 66.5 0 0
      vertex 47 0 0
      vertex 66.4199 3.263 0
    endloop
  endfacet
  facet normal 0 0 -1
    outer loop
      vertex 46.7737 -4.6068 0
      vertex 66.1798 -6.51814 0
      vertex 65.7802 -9.75758 0
    endloop
  endfacet
  facet normal 0 0 -1
    outer loop
      vertex 46.9434 2.30618 0
      vertex 66.4199 3.263 0
      vertex 47 0 0
    endloop
  endfacet
  facet normal 0 0 -1
    outer loop
      vertex 46.4913 -6.89633 0
      vertex 65.7802 -9.75758 0
      vertex 65.2222 -12.9735 0
    endloop
  endfacet
  facet normal -0 0 -1
    outer loop
      vertex 66.4199 3.263 0
      vertex 46.9434 2.30618 0
      vertex 66.1798 6.51814 0
    endloop
  endfacet
  facet normal 0 0 -1
    outer loop
      vertex 46.0969 -9.16924 0
      vertex 65.2222 -12.9735 0
      vertex 64.5071 -16.1582 0
    endloop
  endfacet
  facet normal 0 0 -1
    outer loop
      vertex 46.7737 4.6068 0
      vertex 66.1798 6.51814 0
      vertex 46.9434 2.30618 0
    endloop
  endfacet
  facet normal 0 0 -1
    outer loop
      vertex 45.5915 -11.4201 0
      vertex 64.5071 -16.1582 0
      vertex 63.6365 -19.3039 0
    endloop
  endfacet
  facet normal -0 0 -1
    outer loop
      vertex 66.1798 6.51814 0
      vertex 46.7737 4.6068 0
      vertex 65.7802 9.75758 0
    endloop
  endfacet
  facet normal 0 0 -1
    outer loop
      vertex 44.9762 -13.6434 0
      vertex 63.6365 -19.3039 0
      vertex 62.6127 -22.4032 0
    endloop
  endfacet
  facet normal 0 0 -1
    outer loop
      vertex 46.4913 6.89633 0
      vertex 65.7802 9.75758 0
      vertex 46.7737 4.6068 0
    endloop
  endfacet
  facet normal 0 0 -1
    outer loop
      vertex 44.2526 -15.8338 0
      vertex 62.6127 -22.4032 0
      vertex 61.438 -25.4484 0
    endloop
  endfacet
  facet normal -0 0 -1
    outer loop
      vertex 65.7802 9.75758 0
      vertex 46.4913 6.89633 0
      vertex 65.2222 12.9735 0
    endloop
  endfacet
  facet normal 0 0 -1
    outer loop
      vertex 43.4223 -17.9861 0
      vertex 61.438 -25.4484 0
      vertex 60.1153 -28.4324 0
    endloop
  endfacet
  facet normal 0 0 -1
    outer loop
      vertex 46.0969 9.16924 0
      vertex 65.2222 12.9735 0
      vertex 46.4913 6.89633 0
    endloop
  endfacet
  facet normal 0 0 -1
    outer loop
      vertex 42.4875 -20.0951 0
      vertex 60.1153 -28.4324 0
      vertex 58.6478 -31.3479 0
    endloop
  endfacet
  facet normal -0 0 -1
    outer loop
      vertex 65.2222 12.9735 0
      vertex 46.0969 9.16924 0
      vertex 64.5071 16.1582 0
    endloop
  endfacet
  facet normal 0 0 -1
    outer loop
      vertex 41.4503 -22.1556 0
      vertex 58.6478 -31.3479 0
      vertex 57.039 -34.1878 0
    endloop
  endfacet
  facet normal 0 0 -1
    outer loop
      vertex 45.5915 11.4201 0
      vertex 64.5071 16.1582 0
      vertex 46.0969 9.16924 0
    endloop
  endfacet
  facet normal 0 0 -1
    outer loop
      vertex 40.3132 -24.1628 0
      vertex 57.039 -34.1878 0
      vertex 55.2927 -36.9454 0
    endloop
  endfacet
  facet normal -0 0 -1
    outer loop
      vertex 64.5071 16.1582 0
      vertex 45.5915 11.4201 0
      vertex 63.6365 19.3039 0
    endloop
  endfacet
  facet normal 0 0 -1
    outer loop
      vertex 39.0791 -26.1118 0
      vertex 55.2927 -36.9454 0
      vertex 53.4133 -39.614 0
    endloop
  endfacet
  facet normal 0 0 -1
    outer loop
      vertex 44.9762 13.6434 0
      vertex 63.6365 19.3039 0
      vertex 45.5915 11.4201 0
    endloop
  endfacet
  facet normal 0 0 -1
    outer loop
      vertex 37.7508 -27.9979 0
      vertex 53.4133 -39.614 0
      vertex 51.4052 -42.1872 0
    endloop
  endfacet
  facet normal -0 0 -1
    outer loop
      vertex 63.6365 19.3039 0
      vertex 44.9762 13.6434 0
      vertex 62.6127 22.4032 0
    endloop
  endfacet
  facet normal 0 0 -1
    outer loop
      vertex 36.3315 -29.8165 0
      vertex 51.4052 -42.1872 0
      vertex 49.2733 -44.6587 0
    endloop
  endfacet
  facet normal 0 0 -1
    outer loop
      vertex 44.2526 15.8338 0
      vertex 62.6127 22.4032 0
      vertex 44.9762 13.6434 0
    endloop
  endfacet
  facet normal 0 0 -1
    outer loop
      vertex 34.8247 -31.5633 0
      vertex 49.2733 -44.6587 0
      vertex 47.0226 -47.0226 0
    endloop
  endfacet
  facet normal -0 0 -1
    outer loop
      vertex 62.6127 22.4032 0
      vertex 44.2526 15.8338 0
      vertex 61.438 25.4484 0
    endloop
  endfacet
  facet normal 0 0 -1
    outer loop
      vertex 43.4223 17.9861 0
      vertex 61.438 25.4484 0
      vertex 44.2526 15.8338 0
    endloop
  endfacet
  facet normal 0 0 -1
    outer loop
      vertex 66.4199 -3.263 0
      vertex 46.9434 -2.30618 0
      vertex 47 0 0
    endloop
  endfacet
  facet normal 0 0 -1
    outer loop
      vertex 66.1798 -6.51814 0
      vertex 46.7737 -4.6068 0
      vertex 46.9434 -2.30618 0
    endloop
  endfacet
  facet normal 0 0 -1
    outer loop
      vertex 65.7802 -9.75758 0
      vertex 46.4913 -6.89633 0
      vertex 46.7737 -4.6068 0
    endloop
  endfacet
  facet normal 0 0 -1
    outer loop
      vertex 65.2222 -12.9735 0
      vertex 46.0969 -9.16924 0
      vertex 46.4913 -6.89633 0
    endloop
  endfacet
  facet normal 0 0 -1
    outer loop
      vertex 64.5071 -16.1582 0
      vertex 45.5915 -11.4201 0
      vertex 46.0969 -9.16924 0
    endloop
  endfacet
  facet normal 0 0 -1
    outer loop
      vertex 63.6365 -19.3039 0
      vertex 44.9762 -13.6434 0
      vertex 45.5915 -11.4201 0
    endloop
  endfacet
  facet normal 0 0 -1
    outer loop
      vertex 33.234 -33.234 0
      vertex 47.0226 -47.0226 0
      vertex 44.6587 -49.2733 0
    endloop
  endfacet
  facet normal 0 0 -1
    outer loop
      vertex 62.6127 -22.4032 0
      vertex 44.2526 -15.8338 0
      vertex 44.9762 -13.6434 0
    endloop
  endfacet
  facet normal 0 0 -1
    outer loop
      vertex 61.438 -25.4484 0
      vertex 43.4223 -17.9861 0
      vertex 44.2526 -15.8338 0
    endloop
  endfacet
  facet normal 0 0 -1
    outer loop
      vertex 60.1153 -28.4324 0
      vertex 42.4875 -20.0951 0
      vertex 43.4223 -17.9861 0
    endloop
  endfacet
  facet normal 0 0 -1
    outer loop
      vertex 31.5633 -34.8247 0
      vertex 44.6587 -49.2733 0
      vertex 42.1872 -51.4052 0
    endloop
  endfacet
  facet normal 0 0 -1
    outer loop
      vertex 58.6478 -31.3479 0
      vertex 41.4503 -22.1556 0
      vertex 42.4875 -20.0951 0
    endloop
  endfacet
  facet normal 0 0 -1
    outer loop
      vertex 57.039 -34.1878 0
      vertex 40.3132 -24.1628 0
      vertex 41.4503 -22.1556 0
    endloop
  endfacet
  facet normal 0 0 -1
    outer loop
      vertex 29.8165 -36.3315 0
      vertex 42.1872 -51.4052 0
      vertex 39.614 -53.4133 0
    endloop
  endfacet
  facet normal 0 0 -1
    outer loop
      vertex 55.2927 -36.9454 0
      vertex 39.0791 -26.1118 0
      vertex 40.3132 -24.1628 0
    endloop
  endfacet
  facet normal 0 0 -1
    outer loop
      vertex 53.4133 -39.614 0
      vertex 37.7508 -27.9979 0
      vertex 39.0791 -26.1118 0
    endloop
  endfacet
  facet normal 0 0 -1
    outer loop
      vertex 27.9979 -37.7508 0
      vertex 39.614 -53.4133 0
      vertex 36.9454 -55.2927 0
    endloop
  endfacet
  facet normal 0 0 -1
    outer loop
      vertex 51.4052 -42.1872 0
      vertex 36.3315 -29.8165 0
      vertex 37.7508 -27.9979 0
    endloop
  endfacet
  facet normal 0 0 -1
    outer loop
      vertex 49.2733 -44.6587 0
      vertex 34.8247 -31.5633 0
      vertex 36.3315 -29.8165 0
    endloop
  endfacet
  facet normal 0 0 -1
    outer loop
      vertex 26.1118 -39.0791 0
      vertex 36.9454 -55.2927 0
      vertex 34.1878 -57.039 0
    endloop
  endfacet
  facet normal 0 0 -1
    outer loop
      vertex 47.0226 -47.0226 0
      vertex 33.234 -33.234 0
      vertex 34.8247 -31.5633 0
    endloop
  endfacet
  facet normal 0 0 -1
    outer loop
      vertex 44.6587 -49.2733 0
      vertex 31.5633 -34.8247 0
      vertex 33.234 -33.234 0
    endloop
  endfacet
  facet normal 0 0 -1
    outer loop
      vertex 24.1628 -40.3132 0
      vertex 34.1878 -57.039 0
      vertex 31.3479 -58.6478 0
    endloop
  endfacet
  facet normal 0 0 -1
    outer loop
      vertex 42.1872 -51.4052 0
      vertex 29.8165 -36.3315 0
      vertex 31.5633 -34.8247 0
    endloop
  endfacet
  facet normal 0 0 -1
    outer loop
      vertex 22.1556 -41.4503 0
      vertex 31.3479 -58.6478 0
      vertex 28.4324 -60.1153 0
    endloop
  endfacet
  facet normal 0 0 -1
    outer loop
      vertex 39.614 -53.4133 0
      vertex 27.9979 -37.7508 0
      vertex 29.8165 -36.3315 0
    endloop
  endfacet
  facet normal 0 0 -1
    outer loop
      vertex 36.9454 -55.2927 0
      vertex 26.1118 -39.0791 0
      vertex 27.9979 -37.7508 0
    endloop
  endfacet
  facet normal 0 0 -1
    outer loop
      vertex 20.0951 -42.4875 0
      vertex 28.4324 -60.1153 0
      vertex 25.4484 -61.438 0
    endloop
  endfacet
  facet normal 0 0 -1
    outer loop
      vertex 34.1878 -57.039 0
      vertex 24.1628 -40.3132 0
      vertex 26.1118 -39.0791 0
    endloop
  endfacet
  facet normal 0 0 -1
    outer loop
      vertex 17.9861 -43.4223 0
      vertex 25.4484 -61.438 0
      vertex 22.4032 -62.6127 0
    endloop
  endfacet
  facet normal 0 0 -1
    outer loop
      vertex 31.3479 -58.6478 0
      vertex 22.1556 -41.4503 0
      vertex 24.1628 -40.3132 0
    endloop
  endfacet
  facet normal 0 0 -1
    outer loop
      vertex 28.4324 -60.1153 0
      vertex 20.0951 -42.4875 0
      vertex 22.1556 -41.4503 0
    endloop
  endfacet
  facet normal 0 0 -1
    outer loop
      vertex 15.8338 -44.2526 0
      vertex 22.4032 -62.6127 0
      vertex 19.3039 -63.6365 0
    endloop
  endfacet
  facet normal 0 0 -1
    outer loop
      vertex 25.4484 -61.438 0
      vertex 17.9861 -43.4223 0
      vertex 20.0951 -42.4875 0
    endloop
  endfacet
  facet normal 0 0 -1
    outer loop
      vertex 13.6434 -44.9762 0
      vertex 19.3039 -63.6365 0
      vertex 16.1582 -64.5071 0
    endloop
  endfacet
  facet normal 0 0 -1
    outer loop
      vertex 22.4032 -62.6127 0
      vertex 15.8338 -44.2526 0
      vertex 17.9861 -43.4223 0
    endloop
  endfacet
  facet normal 0 0 -1
    outer loop
      vertex 19.3039 -63.6365 0
      vertex 13.6434 -44.9762 0
      vertex 15.8338 -44.2526 0
    endloop
  endfacet
  facet normal 0 0 -1
    outer loop
      vertex 11.4201 -45.5915 0
      vertex 16.1582 -64.5071 0
      vertex 12.9735 -65.2222 0
    endloop
  endfacet
  facet normal 0 0 -1
    outer loop
      vertex 16.1582 -64.5071 0
      vertex 11.4201 -45.5915 0
      vertex 13.6434 -44.9762 0
    endloop
  endfacet
  facet normal 0 0 -1
    outer loop
      vertex 9.16924 -46.0969 0
      vertex 12.9735 -65.2222 0
      vertex 9.75758 -65.7802 0
    endloop
  endfacet
  facet normal 0 0 -1
    outer loop
      vertex 12.9735 -65.2222 0
      vertex 9.16924 -46.0969 0
      vertex 11.4201 -45.5915 0
    endloop
  endfacet
  facet normal 0 0 -1
    outer loop
      vertex 9.75758 -65.7802 0
      vertex 6.89633 -46.4913 0
      vertex 9.16924 -46.0969 0
    endloop
  endfacet
  facet normal 0 0 -1
    outer loop
      vertex 6.51814 -66.1798 0
      vertex 6.89633 -46.4913 0
      vertex 9.75758 -65.7802 0
    endloop
  endfacet
  facet normal 0 0 -1
    outer loop
      vertex 6.51814 -66.1798 0
      vertex 4.6068 -46.7737 0
      vertex 6.89633 -46.4913 0
    endloop
  endfacet
  facet normal 0 0 -1
    outer loop
      vertex 3.263 -66.4199 0
      vertex 4.6068 -46.7737 0
      vertex 6.51814 -66.1798 0
    endloop
  endfacet
  facet normal 0 0 -1
    outer loop
      vertex 3.263 -66.4199 0
      vertex 2.30618 -46.9434 0
      vertex 4.6068 -46.7737 0
    endloop
  endfacet
  facet normal 0 0 -1
    outer loop
      vertex 0 -66.5 0
      vertex 2.30618 -46.9434 0
      vertex 3.263 -66.4199 0
    endloop
  endfacet
  facet normal 0 0 -1
    outer loop
      vertex 0 -66.5 0
      vertex 0 -47 0
      vertex 2.30618 -46.9434 0
    endloop
  endfacet
  facet normal 0 0 -1
    outer loop
      vertex 0 -66.5 0
      vertex -2.30618 -46.9434 0
      vertex 0 -47 0
    endloop
  endfacet
  facet normal 0 0 -1
    outer loop
      vertex -3.263 -66.4199 0
      vertex -2.30618 -46.9434 0
      vertex 0 -66.5 0
    endloop
  endfacet
  facet normal 0 0 -1
    outer loop
      vertex -3.263 -66.4199 0
      vertex -4.6068 -46.7737 0
      vertex -2.30618 -46.9434 0
    endloop
  endfacet
  facet normal 0 0 -1
    outer loop
      vertex -6.51814 -66.1798 0
      vertex -4.6068 -46.7737 0
      vertex -3.263 -66.4199 0
    endloop
  endfacet
  facet normal 0 0 -1
    outer loop
      vertex -6.51814 -66.1798 0
      vertex -6.89633 -46.4913 0
      vertex -4.6068 -46.7737 0
    endloop
  endfacet
  facet normal 0 0 -1
    outer loop
      vertex -9.75758 -65.7802 0
      vertex -6.89633 -46.4913 0
      vertex -6.51814 -66.1798 0
    endloop
  endfacet
  facet normal -0 0 -1
    outer loop
      vertex -6.89633 -46.4913 0
      vertex -9.75758 -65.7802 0
      vertex -9.16924 -46.0969 0
    endloop
  endfacet
  facet normal 0 0 -1
    outer loop
      vertex -12.9735 -65.2222 0
      vertex -9.16924 -46.0969 0
      vertex -9.75758 -65.7802 0
    endloop
  endfacet
  facet normal -0 0 -1
    outer loop
      vertex -9.16924 -46.0969 0
      vertex -12.9735 -65.2222 0
      vertex -11.4201 -45.5915 0
    endloop
  endfacet
  facet normal 0 0 -1
    outer loop
      vertex -16.1582 -64.5071 0
      vertex -11.4201 -45.5915 0
      vertex -12.9735 -65.2222 0
    endloop
  endfacet
  facet normal -0 0 -1
    outer loop
      vertex -11.4201 -45.5915 0
      vertex -16.1582 -64.5071 0
      vertex -13.6434 -44.9762 0
    endloop
  endfacet
  facet normal 0 0 -1
    outer loop
      vertex -19.3039 -63.6365 0
      vertex -13.6434 -44.9762 0
      vertex -16.1582 -64.5071 0
    endloop
  endfacet
  facet normal -0 0 -1
    outer loop
      vertex -13.6434 -44.9762 0
      vertex -19.3039 -63.6365 0
      vertex -15.8338 -44.2526 0
    endloop
  endfacet
  facet normal 0 0 -1
    outer loop
      vertex -22.4032 -62.6127 0
      vertex -15.8338 -44.2526 0
      vertex -19.3039 -63.6365 0
    endloop
  endfacet
  facet normal -0 0 -1
    outer loop
      vertex -15.8338 -44.2526 0
      vertex -22.4032 -62.6127 0
      vertex -17.9861 -43.4223 0
    endloop
  endfacet
  facet normal 0 0 -1
    outer loop
      vertex -25.4484 -61.438 0
      vertex -17.9861 -43.4223 0
      vertex -22.4032 -62.6127 0
    endloop
  endfacet
  facet normal -0 0 -1
    outer loop
      vertex -17.9861 -43.4223 0
      vertex -25.4484 -61.438 0
      vertex -20.0951 -42.4875 0
    endloop
  endfacet
  facet normal 0 0 -1
    outer loop
      vertex -28.4324 -60.1153 0
      vertex -20.0951 -42.4875 0
      vertex -25.4484 -61.438 0
    endloop
  endfacet
  facet normal -0 0 -1
    outer loop
      vertex -20.0951 -42.4875 0
      vertex -28.4324 -60.1153 0
      vertex -22.1556 -41.4503 0
    endloop
  endfacet
  facet normal 0 0 -1
    outer loop
      vertex -31.3479 -58.6478 0
      vertex -22.1556 -41.4503 0
      vertex -28.4324 -60.1153 0
    endloop
  endfacet
  facet normal -0 0 -1
    outer loop
      vertex -22.1556 -41.4503 0
      vertex -31.3479 -58.6478 0
      vertex -24.1628 -40.3132 0
    endloop
  endfacet
  facet normal 0 0 -1
    outer loop
      vertex -34.1878 -57.039 0
      vertex -24.1628 -40.3132 0
      vertex -31.3479 -58.6478 0
    endloop
  endfacet
  facet normal -0 0 -1
    outer loop
      vertex -24.1628 -40.3132 0
      vertex -34.1878 -57.039 0
      vertex -26.1118 -39.0791 0
    endloop
  endfacet
  facet normal 0 0 -1
    outer loop
      vertex -36.9454 -55.2927 0
      vertex -26.1118 -39.0791 0
      vertex -34.1878 -57.039 0
    endloop
  endfacet
  facet normal -0 0 -1
    outer loop
      vertex -26.1118 -39.0791 0
      vertex -36.9454 -55.2927 0
      vertex -27.9979 -37.7508 0
    endloop
  endfacet
  facet normal 0 0 -1
    outer loop
      vertex -39.614 -53.4133 0
      vertex -27.9979 -37.7508 0
      vertex -36.9454 -55.2927 0
    endloop
  endfacet
  facet normal -0 0 -1
    outer loop
      vertex -27.9979 -37.7508 0
      vertex -39.614 -53.4133 0
      vertex -29.8165 -36.3315 0
    endloop
  endfacet
  facet normal 0 0 -1
    outer loop
      vertex -42.1872 -51.4052 0
      vertex -29.8165 -36.3315 0
      vertex -39.614 -53.4133 0
    endloop
  endfacet
  facet normal -0 0 -1
    outer loop
      vertex -29.8165 -36.3315 0
      vertex -42.1872 -51.4052 0
      vertex -31.5633 -34.8247 0
    endloop
  endfacet
  facet normal 0 0 -1
    outer loop
      vertex -44.6587 -49.2733 0
      vertex -31.5633 -34.8247 0
      vertex -42.1872 -51.4052 0
    endloop
  endfacet
  facet normal -0 0 -1
    outer loop
      vertex -31.5633 -34.8247 0
      vertex -44.6587 -49.2733 0
      vertex -33.234 -33.234 0
    endloop
  endfacet
  facet normal 0 0 -1
    outer loop
      vertex -47.0226 -47.0226 0
      vertex -33.234 -33.234 0
      vertex -44.6587 -49.2733 0
    endloop
  endfacet
  facet normal -0 0 -1
    outer loop
      vertex -33.234 -33.234 0
      vertex -47.0226 -47.0226 0
      vertex -34.8247 -31.5633 0
    endloop
  endfacet
  facet normal 0 0 -1
    outer loop
      vertex -49.2733 -44.6587 0
      vertex -34.8247 -31.5633 0
      vertex -47.0226 -47.0226 0
    endloop
  endfacet
  facet normal -0 0 -1
    outer loop
      vertex -34.8247 -31.5633 0
      vertex -49.2733 -44.6587 0
      vertex -36.3315 -29.8165 0
    endloop
  endfacet
  facet normal 0 0 -1
    outer loop
      vertex -51.4052 -42.1872 0
      vertex -36.3315 -29.8165 0
      vertex -49.2733 -44.6587 0
    endloop
  endfacet
  facet normal -0 0 -1
    outer loop
      vertex -36.3315 -29.8165 0
      vertex -51.4052 -42.1872 0
      vertex -37.7508 -27.9979 0
    endloop
  endfacet
  facet normal 0 0 -1
    outer loop
      vertex -53.4133 -39.614 0
      vertex -37.7508 -27.9979 0
      vertex -51.4052 -42.1872 0
    endloop
  endfacet
  facet normal -0 0 -1
    outer loop
      vertex -37.7508 -27.9979 0
      vertex -53.4133 -39.614 0
      vertex -39.0791 -26.1118 0
    endloop
  endfacet
  facet normal 0 0 -1
    outer loop
      vertex -55.2927 -36.9454 0
      vertex -39.0791 -26.1118 0
      vertex -53.4133 -39.614 0
    endloop
  endfacet
  facet normal -0 0 -1
    outer loop
      vertex -39.0791 -26.1118 0
      vertex -55.2927 -36.9454 0
      vertex -40.3132 -24.1628 0
    endloop
  endfacet
  facet normal 0 0 -1
    outer loop
      vertex -57.039 -34.1878 0
      vertex -40.3132 -24.1628 0
      vertex -55.2927 -36.9454 0
    endloop
  endfacet
  facet normal -0 0 -1
    outer loop
      vertex -40.3132 -24.1628 0
      vertex -57.039 -34.1878 0
      vertex -41.4503 -22.1556 0
    endloop
  endfacet
  facet normal 0 0 -1
    outer loop
      vertex -58.6478 -31.3479 0
      vertex -41.4503 -22.1556 0
      vertex -57.039 -34.1878 0
    endloop
  endfacet
  facet normal -0 0 -1
    outer loop
      vertex -41.4503 -22.1556 0
      vertex -58.6478 -31.3479 0
      vertex -42.4875 -20.0951 0
    endloop
  endfacet
  facet normal 0 0 -1
    outer loop
      vertex -60.1153 -28.4324 0
      vertex -42.4875 -20.0951 0
      vertex -58.6478 -31.3479 0
    endloop
  endfacet
  facet normal 0 0 -1
    outer loop
      vertex -61.438 -25.4484 0
      vertex -43.4223 -17.9861 0
      vertex -60.1153 -28.4324 0
    endloop
  endfacet
  facet normal -0 0 -1
    outer loop
      vertex -42.4875 -20.0951 0
      vertex -60.1153 -28.4324 0
      vertex -43.4223 -17.9861 0
    endloop
  endfacet
  facet normal -0 0 -1
    outer loop
      vertex 61.438 25.4484 0
      vertex 43.4223 17.9861 0
      vertex 60.1153 28.4324 0
    endloop
  endfacet
  facet normal 0 0 -1
    outer loop
      vertex 42.4875 20.0951 0
      vertex 60.1153 28.4324 0
      vertex 43.4223 17.9861 0
    endloop
  endfacet
  facet normal -0 0 -1
    outer loop
      vertex 60.1153 28.4324 0
      vertex 42.4875 20.0951 0
      vertex 58.6478 31.3479 0
    endloop
  endfacet
  facet normal 0 0 -1
    outer loop
      vertex 41.4503 22.1556 0
      vertex 58.6478 31.3479 0
      vertex 42.4875 20.0951 0
    endloop
  endfacet
  facet normal -0 0 -1
    outer loop
      vertex 58.6478 31.3479 0
      vertex 41.4503 22.1556 0
      vertex 57.039 34.1878 0
    endloop
  endfacet
  facet normal 0 0 -1
    outer loop
      vertex 40.3132 24.1628 0
      vertex 57.039 34.1878 0
      vertex 41.4503 22.1556 0
    endloop
  endfacet
  facet normal -0 0 -1
    outer loop
      vertex 57.039 34.1878 0
      vertex 40.3132 24.1628 0
      vertex 55.2927 36.9454 0
    endloop
  endfacet
  facet normal 0 0 -1
    outer loop
      vertex 39.0791 26.1118 0
      vertex 55.2927 36.9454 0
      vertex 40.3132 24.1628 0
    endloop
  endfacet
  facet normal -0 0 -1
    outer loop
      vertex 55.2927 36.9454 0
      vertex 39.0791 26.1118 0
      vertex 53.4133 39.614 0
    endloop
  endfacet
  facet normal 0 0 -1
    outer loop
      vertex 37.7508 27.9979 0
      vertex 53.4133 39.614 0
      vertex 39.0791 26.1118 0
    endloop
  endfacet
  facet normal -0 0 -1
    outer loop
      vertex 53.4133 39.614 0
      vertex 37.7508 27.9979 0
      vertex 51.4052 42.1872 0
    endloop
  endfacet
  facet normal 0 0 -1
    outer loop
      vertex 36.3315 29.8165 0
      vertex 51.4052 42.1872 0
      vertex 37.7508 27.9979 0
    endloop
  endfacet
  facet normal -0 0 -1
    outer loop
      vertex 51.4052 42.1872 0
      vertex 36.3315 29.8165 0
      vertex 49.2733 44.6587 0
    endloop
  endfacet
  facet normal 0 0 -1
    outer loop
      vertex 34.8247 31.5633 0
      vertex 49.2733 44.6587 0
      vertex 36.3315 29.8165 0
    endloop
  endfacet
  facet normal -0 0 -1
    outer loop
      vertex 49.2733 44.6587 0
      vertex 34.8247 31.5633 0
      vertex 47.0226 47.0226 0
    endloop
  endfacet
  facet normal 0 0 -1
    outer loop
      vertex 33.234 33.234 0
      vertex 47.0226 47.0226 0
      vertex 34.8247 31.5633 0
    endloop
  endfacet
  facet normal -0 0 -1
    outer loop
      vertex 47.0226 47.0226 0
      vertex 33.234 33.234 0
      vertex 44.6587 49.2733 0
    endloop
  endfacet
  facet normal 0 0 -1
    outer loop
      vertex 31.5633 34.8247 0
      vertex 44.6587 49.2733 0
      vertex 33.234 33.234 0
    endloop
  endfacet
  facet normal -0 0 -1
    outer loop
      vertex 44.6587 49.2733 0
      vertex 31.5633 34.8247 0
      vertex 42.1872 51.4052 0
    endloop
  endfacet
  facet normal 0 0 -1
    outer loop
      vertex 29.8165 36.3315 0
      vertex 42.1872 51.4052 0
      vertex 31.5633 34.8247 0
    endloop
  endfacet
  facet normal -0 0 -1
    outer loop
      vertex 42.1872 51.4052 0
      vertex 29.8165 36.3315 0
      vertex 39.614 53.4133 0
    endloop
  endfacet
  facet normal 0 0 -1
    outer loop
      vertex 27.9979 37.7508 0
      vertex 39.614 53.4133 0
      vertex 29.8165 36.3315 0
    endloop
  endfacet
  facet normal -0 0 -1
    outer loop
      vertex 39.614 53.4133 0
      vertex 27.9979 37.7508 0
      vertex 36.9454 55.2927 0
    endloop
  endfacet
  facet normal 0 0 -1
    outer loop
      vertex 26.1118 39.0791 0
      vertex 36.9454 55.2927 0
      vertex 27.9979 37.7508 0
    endloop
  endfacet
  facet normal -0 0 -1
    outer loop
      vertex 36.9454 55.2927 0
      vertex 26.1118 39.0791 0
      vertex 34.1878 57.039 0
    endloop
  endfacet
  facet normal 0 0 -1
    outer loop
      vertex 24.1628 40.3132 0
      vertex 34.1878 57.039 0
      vertex 26.1118 39.0791 0
    endloop
  endfacet
  facet normal -0 0 -1
    outer loop
      vertex 34.1878 57.039 0
      vertex 24.1628 40.3132 0
      vertex 31.3479 58.6478 0
    endloop
  endfacet
  facet normal 0 0 -1
    outer loop
      vertex 22.1556 41.4503 0
      vertex 31.3479 58.6478 0
      vertex 24.1628 40.3132 0
    endloop
  endfacet
  facet normal -0 0 -1
    outer loop
      vertex 31.3479 58.6478 0
      vertex 22.1556 41.4503 0
      vertex 28.4324 60.1153 0
    endloop
  endfacet
  facet normal 0 0 -1
    outer loop
      vertex 20.0951 42.4875 0
      vertex 28.4324 60.1153 0
      vertex 22.1556 41.4503 0
    endloop
  endfacet
  facet normal -0 0 -1
    outer loop
      vertex 28.4324 60.1153 0
      vertex 20.0951 42.4875 0
      vertex 25.4484 61.438 0
    endloop
  endfacet
  facet normal 0 0 -1
    outer loop
      vertex 17.9861 43.4223 0
      vertex 25.4484 61.438 0
      vertex 20.0951 42.4875 0
    endloop
  endfacet
  facet normal -0 0 -1
    outer loop
      vertex 25.4484 61.438 0
      vertex 17.9861 43.4223 0
      vertex 22.4032 62.6127 0
    endloop
  endfacet
  facet normal 0 0 -1
    outer loop
      vertex 15.8338 44.2526 0
      vertex 22.4032 62.6127 0
      vertex 17.9861 43.4223 0
    endloop
  endfacet
  facet normal -0 0 -1
    outer loop
      vertex 22.4032 62.6127 0
      vertex 15.8338 44.2526 0
      vertex 19.3039 63.6365 0
    endloop
  endfacet
  facet normal 0 0 -1
    outer loop
      vertex 13.6434 44.9762 0
      vertex 19.3039 63.6365 0
      vertex 15.8338 44.2526 0
    endloop
  endfacet
  facet normal -0 0 -1
    outer loop
      vertex 19.3039 63.6365 0
      vertex 13.6434 44.9762 0
      vertex 16.1582 64.5071 0
    endloop
  endfacet
  facet normal 0 0 -1
    outer loop
      vertex 11.4201 45.5915 0
      vertex 16.1582 64.5071 0
      vertex 13.6434 44.9762 0
    endloop
  endfacet
  facet normal -0 0 -1
    outer loop
      vertex 16.1582 64.5071 0
      vertex 11.4201 45.5915 0
      vertex 12.9735 65.2222 0
    endloop
  endfacet
  facet normal 0 0 -1
    outer loop
      vertex 9.16924 46.0969 0
      vertex 12.9735 65.2222 0
      vertex 11.4201 45.5915 0
    endloop
  endfacet
  facet normal -0 0 -1
    outer loop
      vertex 12.9735 65.2222 0
      vertex 9.16924 46.0969 0
      vertex 9.75758 65.7802 0
    endloop
  endfacet
  facet normal 0 0 -1
    outer loop
      vertex 6.89633 46.4913 0
      vertex 9.75758 65.7802 0
      vertex 9.16924 46.0969 0
    endloop
  endfacet
  facet normal 0 0 -1
    outer loop
      vertex 6.89633 46.4913 0
      vertex 6.51814 66.1798 0
      vertex 9.75758 65.7802 0
    endloop
  endfacet
  facet normal 0 0 -1
    outer loop
      vertex 4.6068 46.7737 0
      vertex 6.51814 66.1798 0
      vertex 6.89633 46.4913 0
    endloop
  endfacet
  facet normal 0 0 -1
    outer loop
      vertex 4.6068 46.7737 0
      vertex 3.263 66.4199 0
      vertex 6.51814 66.1798 0
    endloop
  endfacet
  facet normal 0 0 -1
    outer loop
      vertex 2.30618 46.9434 0
      vertex 3.263 66.4199 0
      vertex 4.6068 46.7737 0
    endloop
  endfacet
  facet normal 0 0 -1
    outer loop
      vertex 0 47 0
      vertex 3.263 66.4199 0
      vertex 2.30618 46.9434 0
    endloop
  endfacet
  facet normal 0 0 -1
    outer loop
      vertex 0 47 0
      vertex 0 66.5 0
      vertex 3.263 66.4199 0
    endloop
  endfacet
  facet normal 0 0 -1
    outer loop
      vertex -2.30618 46.9434 0
      vertex 0 66.5 0
      vertex 0 47 0
    endloop
  endfacet
  facet normal 0 0 -1
    outer loop
      vertex -2.30618 46.9434 0
      vertex -3.263 66.4199 0
      vertex 0 66.5 0
    endloop
  endfacet
  facet normal 0 0 -1
    outer loop
      vertex -4.6068 46.7737 0
      vertex -3.263 66.4199 0
      vertex -2.30618 46.9434 0
    endloop
  endfacet
  facet normal 0 0 -1
    outer loop
      vertex -4.6068 46.7737 0
      vertex -6.51814 66.1798 0
      vertex -3.263 66.4199 0
    endloop
  endfacet
  facet normal 0 0 -1
    outer loop
      vertex -6.89633 46.4913 0
      vertex -6.51814 66.1798 0
      vertex -4.6068 46.7737 0
    endloop
  endfacet
  facet normal 0 0 -1
    outer loop
      vertex -9.75758 65.7802 0
      vertex -6.89633 46.4913 0
      vertex -9.16924 46.0969 0
    endloop
  endfacet
  facet normal 0 0 -1
    outer loop
      vertex -6.89633 46.4913 0
      vertex -9.75758 65.7802 0
      vertex -6.51814 66.1798 0
    endloop
  endfacet
  facet normal 0 0 -1
    outer loop
      vertex -12.9735 65.2222 0
      vertex -9.16924 46.0969 0
      vertex -11.4201 45.5915 0
    endloop
  endfacet
  facet normal 0 0 -1
    outer loop
      vertex -9.16924 46.0969 0
      vertex -12.9735 65.2222 0
      vertex -9.75758 65.7802 0
    endloop
  endfacet
  facet normal 0 0 -1
    outer loop
      vertex -16.1582 64.5071 0
      vertex -11.4201 45.5915 0
      vertex -13.6434 44.9762 0
    endloop
  endfacet
  facet normal 0 0 -1
    outer loop
      vertex -19.3039 63.6365 0
      vertex -13.6434 44.9762 0
      vertex -15.8338 44.2526 0
    endloop
  endfacet
  facet normal 0 0 -1
    outer loop
      vertex -11.4201 45.5915 0
      vertex -16.1582 64.5071 0
      vertex -12.9735 65.2222 0
    endloop
  endfacet
  facet normal 0 0 -1
    outer loop
      vertex -22.4032 62.6127 0
      vertex -15.8338 44.2526 0
      vertex -17.9861 43.4223 0
    endloop
  endfacet
  facet normal 0 0 -1
    outer loop
      vertex -13.6434 44.9762 0
      vertex -19.3039 63.6365 0
      vertex -16.1582 64.5071 0
    endloop
  endfacet
  facet normal 0 0 -1
    outer loop
      vertex -25.4484 61.438 0
      vertex -17.9861 43.4223 0
      vertex -20.0951 42.4875 0
    endloop
  endfacet
  facet normal 0 0 -1
    outer loop
      vertex -28.4324 60.1153 0
      vertex -20.0951 42.4875 0
      vertex -22.1556 41.4503 0
    endloop
  endfacet
  facet normal 0 0 -1
    outer loop
      vertex -15.8338 44.2526 0
      vertex -22.4032 62.6127 0
      vertex -19.3039 63.6365 0
    endloop
  endfacet
  facet normal 0 0 -1
    outer loop
      vertex -31.3479 58.6478 0
      vertex -22.1556 41.4503 0
      vertex -24.1628 40.3132 0
    endloop
  endfacet
  facet normal 0 0 -1
    outer loop
      vertex -17.9861 43.4223 0
      vertex -25.4484 61.438 0
      vertex -22.4032 62.6127 0
    endloop
  endfacet
  facet normal 0 0 -1
    outer loop
      vertex -34.1878 57.039 0
      vertex -24.1628 40.3132 0
      vertex -26.1118 39.0791 0
    endloop
  endfacet
  facet normal 0 0 -1
    outer loop
      vertex -36.9454 55.2927 0
      vertex -26.1118 39.0791 0
      vertex -27.9979 37.7508 0
    endloop
  endfacet
  facet normal 0 0 -1
    outer loop
      vertex -20.0951 42.4875 0
      vertex -28.4324 60.1153 0
      vertex -25.4484 61.438 0
    endloop
  endfacet
  facet normal 0 0 -1
    outer loop
      vertex -39.614 53.4133 0
      vertex -27.9979 37.7508 0
      vertex -29.8165 36.3315 0
    endloop
  endfacet
  facet normal 0 0 -1
    outer loop
      vertex -22.1556 41.4503 0
      vertex -31.3479 58.6478 0
      vertex -28.4324 60.1153 0
    endloop
  endfacet
  facet normal 0 0 -1
    outer loop
      vertex -42.1872 51.4052 0
      vertex -29.8165 36.3315 0
      vertex -31.5633 34.8247 0
    endloop
  endfacet
  facet normal 0 0 -1
    outer loop
      vertex -44.6587 49.2733 0
      vertex -31.5633 34.8247 0
      vertex -33.234 33.234 0
    endloop
  endfacet
  facet normal 0 0 -1
    outer loop
      vertex -24.1628 40.3132 0
      vertex -34.1878 57.039 0
      vertex -31.3479 58.6478 0
    endloop
  endfacet
  facet normal 0 0 -1
    outer loop
      vertex -47.0226 47.0226 0
      vertex -33.234 33.234 0
      vertex -34.8247 31.5633 0
    endloop
  endfacet
  facet normal 0 0 -1
    outer loop
      vertex -49.2733 44.6587 0
      vertex -34.8247 31.5633 0
      vertex -36.3315 29.8165 0
    endloop
  endfacet
  facet normal 0 0 -1
    outer loop
      vertex -26.1118 39.0791 0
      vertex -36.9454 55.2927 0
      vertex -34.1878 57.039 0
    endloop
  endfacet
  facet normal 0 0 -1
    outer loop
      vertex -51.4052 42.1872 0
      vertex -36.3315 29.8165 0
      vertex -37.7508 27.9979 0
    endloop
  endfacet
  facet normal 0 0 -1
    outer loop
      vertex -53.4133 39.614 0
      vertex -37.7508 27.9979 0
      vertex -39.0791 26.1118 0
    endloop
  endfacet
  facet normal 0 0 -1
    outer loop
      vertex -27.9979 37.7508 0
      vertex -39.614 53.4133 0
      vertex -36.9454 55.2927 0
    endloop
  endfacet
  facet normal 0 0 -1
    outer loop
      vertex -55.2927 36.9454 0
      vertex -39.0791 26.1118 0
      vertex -40.3132 24.1628 0
    endloop
  endfacet
  facet normal 0 0 -1
    outer loop
      vertex -57.039 34.1878 0
      vertex -40.3132 24.1628 0
      vertex -41.4503 22.1556 0
    endloop
  endfacet
  facet normal 0 0 -1
    outer loop
      vertex -29.8165 36.3315 0
      vertex -42.1872 51.4052 0
      vertex -39.614 53.4133 0
    endloop
  endfacet
  facet normal 0 0 -1
    outer loop
      vertex -58.6478 31.3479 0
      vertex -41.4503 22.1556 0
      vertex -42.4875 20.0951 0
    endloop
  endfacet
  facet normal 0 0 -1
    outer loop
      vertex -60.1153 28.4324 0
      vertex -42.4875 20.0951 0
      vertex -43.4223 17.9861 0
    endloop
  endfacet
  facet normal 0 0 -1
    outer loop
      vertex -61.438 25.4484 0
      vertex -43.4223 17.9861 0
      vertex -44.2526 15.8338 0
    endloop
  endfacet
  facet normal 0 0 -1
    outer loop
      vertex -31.5633 34.8247 0
      vertex -44.6587 49.2733 0
      vertex -42.1872 51.4052 0
    endloop
  endfacet
  facet normal 0 0 -1
    outer loop
      vertex -62.6127 22.4032 0
      vertex -44.2526 15.8338 0
      vertex -44.9762 13.6434 0
    endloop
  endfacet
  facet normal 0 0 -1
    outer loop
      vertex -63.6365 19.3039 0
      vertex -44.9762 13.6434 0
      vertex -45.5915 11.4201 0
    endloop
  endfacet
  facet normal 0 0 -1
    outer loop
      vertex -64.5071 16.1582 0
      vertex -45.5915 11.4201 0
      vertex -46.0969 9.16924 0
    endloop
  endfacet
  facet normal 0 0 -1
    outer loop
      vertex -65.2222 12.9735 0
      vertex -46.0969 9.16924 0
      vertex -46.4913 6.89633 0
    endloop
  endfacet
  facet normal 0 0 -1
    outer loop
      vertex -65.7802 9.75758 0
      vertex -46.4913 6.89633 0
      vertex -46.7737 4.6068 0
    endloop
  endfacet
  facet normal 0 0 -1
    outer loop
      vertex -66.1798 6.51814 0
      vertex -46.7737 4.6068 0
      vertex -46.9434 2.30618 0
    endloop
  endfacet
  facet normal 0 0 -1
    outer loop
      vertex -33.234 33.234 0
      vertex -47.0226 47.0226 0
      vertex -44.6587 49.2733 0
    endloop
  endfacet
  facet normal 0 0 -1
    outer loop
      vertex -66.4199 3.263 0
      vertex -46.9434 2.30618 0
      vertex -47 0 0
    endloop
  endfacet
  facet normal -0 0 -1
    outer loop
      vertex -43.4223 -17.9861 0
      vertex -61.438 -25.4484 0
      vertex -44.2526 -15.8338 0
    endloop
  endfacet
  facet normal 0 0 -1
    outer loop
      vertex -62.6127 -22.4032 0
      vertex -44.2526 -15.8338 0
      vertex -61.438 -25.4484 0
    endloop
  endfacet
  facet normal 0 0 -1
    outer loop
      vertex -34.8247 31.5633 0
      vertex -49.2733 44.6587 0
      vertex -47.0226 47.0226 0
    endloop
  endfacet
  facet normal -0 0 -1
    outer loop
      vertex -44.2526 -15.8338 0
      vertex -62.6127 -22.4032 0
      vertex -44.9762 -13.6434 0
    endloop
  endfacet
  facet normal 0 0 -1
    outer loop
      vertex -36.3315 29.8165 0
      vertex -51.4052 42.1872 0
      vertex -49.2733 44.6587 0
    endloop
  endfacet
  facet normal 0 0 -1
    outer loop
      vertex -63.6365 -19.3039 0
      vertex -44.9762 -13.6434 0
      vertex -62.6127 -22.4032 0
    endloop
  endfacet
  facet normal 0 0 -1
    outer loop
      vertex -37.7508 27.9979 0
      vertex -53.4133 39.614 0
      vertex -51.4052 42.1872 0
    endloop
  endfacet
  facet normal -0 0 -1
    outer loop
      vertex -44.9762 -13.6434 0
      vertex -63.6365 -19.3039 0
      vertex -45.5915 -11.4201 0
    endloop
  endfacet
  facet normal 0 0 -1
    outer loop
      vertex -39.0791 26.1118 0
      vertex -55.2927 36.9454 0
      vertex -53.4133 39.614 0
    endloop
  endfacet
  facet normal 0 0 -1
    outer loop
      vertex -64.5071 -16.1582 0
      vertex -45.5915 -11.4201 0
      vertex -63.6365 -19.3039 0
    endloop
  endfacet
  facet normal 0 0 -1
    outer loop
      vertex -40.3132 24.1628 0
      vertex -57.039 34.1878 0
      vertex -55.2927 36.9454 0
    endloop
  endfacet
  facet normal -0 0 -1
    outer loop
      vertex -45.5915 -11.4201 0
      vertex -64.5071 -16.1582 0
      vertex -46.0969 -9.16924 0
    endloop
  endfacet
  facet normal 0 0 -1
    outer loop
      vertex -41.4503 22.1556 0
      vertex -58.6478 31.3479 0
      vertex -57.039 34.1878 0
    endloop
  endfacet
  facet normal 0 0 -1
    outer loop
      vertex -65.2222 -12.9735 0
      vertex -46.0969 -9.16924 0
      vertex -64.5071 -16.1582 0
    endloop
  endfacet
  facet normal 0 0 -1
    outer loop
      vertex -42.4875 20.0951 0
      vertex -60.1153 28.4324 0
      vertex -58.6478 31.3479 0
    endloop
  endfacet
  facet normal -0 0 -1
    outer loop
      vertex -46.0969 -9.16924 0
      vertex -65.2222 -12.9735 0
      vertex -46.4913 -6.89633 0
    endloop
  endfacet
  facet normal 0 0 -1
    outer loop
      vertex -43.4223 17.9861 0
      vertex -61.438 25.4484 0
      vertex -60.1153 28.4324 0
    endloop
  endfacet
  facet normal 0 0 -1
    outer loop
      vertex -65.7802 -9.75758 0
      vertex -46.4913 -6.89633 0
      vertex -65.2222 -12.9735 0
    endloop
  endfacet
  facet normal 0 0 -1
    outer loop
      vertex -44.2526 15.8338 0
      vertex -62.6127 22.4032 0
      vertex -61.438 25.4484 0
    endloop
  endfacet
  facet normal -0 0 -1
    outer loop
      vertex -46.4913 -6.89633 0
      vertex -65.7802 -9.75758 0
      vertex -46.7737 -4.6068 0
    endloop
  endfacet
  facet normal 0 0 -1
    outer loop
      vertex -44.9762 13.6434 0
      vertex -63.6365 19.3039 0
      vertex -62.6127 22.4032 0
    endloop
  endfacet
  facet normal 0 0 -1
    outer loop
      vertex -66.1798 -6.51814 0
      vertex -46.7737 -4.6068 0
      vertex -65.7802 -9.75758 0
    endloop
  endfacet
  facet normal 0 0 -1
    outer loop
      vertex -45.5915 11.4201 0
      vertex -64.5071 16.1582 0
      vertex -63.6365 19.3039 0
    endloop
  endfacet
  facet normal -0 0 -1
    outer loop
      vertex -46.7737 -4.6068 0
      vertex -66.1798 -6.51814 0
      vertex -46.9434 -2.30618 0
    endloop
  endfacet
  facet normal 0 0 -1
    outer loop
      vertex -46.0969 9.16924 0
      vertex -65.2222 12.9735 0
      vertex -64.5071 16.1582 0
    endloop
  endfacet
  facet normal 0 0 -1
    outer loop
      vertex -66.4199 -3.263 0
      vertex -46.9434 -2.30618 0
      vertex -66.1798 -6.51814 0
    endloop
  endfacet
  facet normal 0 0 -1
    outer loop
      vertex -46.4913 6.89633 0
      vertex -65.7802 9.75758 0
      vertex -65.2222 12.9735 0
    endloop
  endfacet
  facet normal -0 0 -1
    outer loop
      vertex -46.9434 -2.30618 0
      vertex -66.4199 -3.263 0
      vertex -47 0 0
    endloop
  endfacet
  facet normal 0 0 -1
    outer loop
      vertex -46.7737 4.6068 0
      vertex -66.1798 6.51814 0
      vertex -65.7802 9.75758 0
    endloop
  endfacet
  facet normal 0 0 -1
    outer loop
      vertex -66.5 0 0
      vertex -47 0 0
      vertex -66.4199 -3.263 0
    endloop
  endfacet
  facet normal 0 0 -1
    outer loop
      vertex -46.9434 2.30618 0
      vertex -66.4199 3.263 0
      vertex -66.1798 6.51814 0
    endloop
  endfacet
  facet normal 0 0 -1
    outer loop
      vertex -47 0 0
      vertex -66.5 0 0
      vertex -66.4199 3.263 0
    endloop
  endfacet
  facet normal 0.992478 0.122427 0
    outer loop
      vertex 66.1798 6.51814 4
      vertex 65.7802 9.75758 0
      vertex 65.7802 9.75758 4
    endloop
  endfacet
  facet normal 0.992478 0.122427 0
    outer loop
      vertex 65.7802 9.75758 0
      vertex 66.1798 6.51814 4
      vertex 66.1798 6.51814 0
    endloop
  endfacet
  facet normal 0.997291 0.0735604 0
    outer loop
      vertex 66.4199 3.263 4
      vertex 66.1798 6.51814 0
      vertex 66.1798 6.51814 4
    endloop
  endfacet
  facet normal 0.997291 0.0735604 0
    outer loop
      vertex 66.1798 6.51814 0
      vertex 66.4199 3.263 4
      vertex 66.4199 3.263 0
    endloop
  endfacet
  facet normal 0.985278 0.170957 0
    outer loop
      vertex 65.7802 9.75758 4
      vertex 65.2222 12.9735 0
      vertex 65.2222 12.9735 4
    endloop
  endfacet
  facet normal 0.985278 0.170957 0
    outer loop
      vertex 65.2222 12.9735 0
      vertex 65.7802 9.75758 4
      vertex 65.7802 9.75758 0
    endloop
  endfacet
  facet normal 0.949535 0.313662 0
    outer loop
      vertex 63.6365 19.3039 4
      vertex 62.6127 22.4032 0
      vertex 62.6127 22.4032 4
    endloop
  endfacet
  facet normal 0.949535 0.313662 0
    outer loop
      vertex 62.6127 22.4032 0
      vertex 63.6365 19.3039 4
      vertex 63.6365 19.3039 0
    endloop
  endfacet
  facet normal 0.932989 0.359905 0
    outer loop
      vertex 62.6127 22.4032 4
      vertex 61.438 25.4484 0
      vertex 61.438 25.4484 4
    endloop
  endfacet
  facet normal 0.932989 0.359905 0
    outer loop
      vertex 61.438 25.4484 0
      vertex 62.6127 22.4032 4
      vertex 62.6127 22.4032 0
    endloop
  endfacet
  facet normal 0.963771 0.266732 0
    outer loop
      vertex 64.5071 16.1582 4
      vertex 63.6365 19.3039 0
      vertex 63.6365 19.3039 4
    endloop
  endfacet
  facet normal 0.963771 0.266732 0
    outer loop
      vertex 63.6365 19.3039 0
      vertex 64.5071 16.1582 4
      vertex 64.5071 16.1582 0
    endloop
  endfacet
  facet normal 0.757213 0.653167 0
    outer loop
      vertex 51.4052 42.1872 4
      vertex 49.2733 44.6587 0
      vertex 49.2733 44.6587 4
    endloop
  endfacet
  facet normal 0.757213 0.653167 0
    outer loop
      vertex 49.2733 44.6587 0
      vertex 51.4052 42.1872 4
      vertex 51.4052 42.1872 0
    endloop
  endfacet
  facet normal 0.788353 0.615223 0
    outer loop
      vertex 53.4133 39.614 4
      vertex 51.4052 42.1872 0
      vertex 51.4052 42.1872 4
    endloop
  endfacet
  facet normal 0.788353 0.615223 0
    outer loop
      vertex 51.4052 42.1872 0
      vertex 53.4133 39.614 4
      vertex 53.4133 39.614 0
    endloop
  endfacet
  facet normal 0.724216 0.689573 0
    outer loop
      vertex 47.0226 47.0226 4
      vertex 47.1062 46.9348 3.23404
      vertex 47.0226 47.0226 3.25
    endloop
  endfacet
  facet normal 0.724184 0.689607 -7.37676e-06
    outer loop
      vertex 47.0226 47.0226 4
      vertex 47.2458 46.7882 3.20741
      vertex 47.1062 46.9348 3.23404
    endloop
  endfacet
  facet normal 0.724414 0.689365 0.000128754
    outer loop
      vertex 47.0226 47.0226 4
      vertex 47.3759 46.6515 3.12923
      vertex 47.2458 46.7882 3.20741
    endloop
  endfacet
  facet normal 0.724153 0.689639 -9.37968e-05
    outer loop
      vertex 47.0226 47.0226 4
      vertex 47.4537 46.5698 3.08253
      vertex 47.3759 46.6515 3.12923
    endloop
  endfacet
  facet normal 0.724235 0.689553 -1.32471e-05
    outer loop
      vertex 49.2733 44.6587 4
      vertex 47.4537 46.5698 3.08253
      vertex 47.0226 47.0226 4
    endloop
  endfacet
  facet normal 0.724325 0.689459 -0.000238017
    outer loop
      vertex 49.2733 44.6587 4
      vertex 47.7182 46.292 2.72155
      vertex 47.6323 46.3823 2.88388
    endloop
  endfacet
  facet normal 0.724197 0.689594 6.58768e-05
    outer loop
      vertex 49.2733 44.6587 4
      vertex 47.8014 46.2046 2.51264
      vertex 47.7693 46.2383 2.625
    endloop
  endfacet
  facet normal 0.72436 0.689421 -0.000229252
    outer loop
      vertex 49.2733 44.6587 4
      vertex 47.8738 46.1285 2.1205
      vertex 47.8554 46.1479 2.32352
    endloop
  endfacet
  facet normal 0.724043 0.689755 0.000267975
    outer loop
      vertex 47.8738 46.1285 2.1205
      vertex 49.2733 44.6587 4
      vertex 47.8848 46.117 2
    endloop
  endfacet
  facet normal 0.724208 0.689582 4.20459e-05
    outer loop
      vertex 47.8014 46.2046 2.51264
      vertex 49.2733 44.6587 4
      vertex 47.8554 46.1479 2.32352
    endloop
  endfacet
  facet normal 0.724291 0.689495 -0.000151163
    outer loop
      vertex 47.7182 46.292 2.72155
      vertex 49.2733 44.6587 4
      vertex 47.7693 46.2383 2.625
    endloop
  endfacet
  facet normal 0.724185 0.689605 0.000193574
    outer loop
      vertex 47.4537 46.5698 3.08253
      vertex 49.2733 44.6587 4
      vertex 47.6323 46.3823 2.88388
    endloop
  endfacet
  facet normal 0.724216 0.689573 0
    outer loop
      vertex 47.1062 46.9348 0.765961
      vertex 47.0226 47.0226 0
      vertex 47.0226 47.0226 0.75
    endloop
  endfacet
  facet normal 0.724184 0.689607 7.37675e-06
    outer loop
      vertex 47.2458 46.7882 0.792592
      vertex 47.0226 47.0226 0
      vertex 47.1062 46.9348 0.765961
    endloop
  endfacet
  facet normal 0.724414 0.689365 -0.000128753
    outer loop
      vertex 47.3759 46.6515 0.87077
      vertex 47.0226 47.0226 0
      vertex 47.2458 46.7882 0.792592
    endloop
  endfacet
  facet normal 0.724153 0.689639 9.37955e-05
    outer loop
      vertex 47.4537 46.5698 0.917468
      vertex 47.0226 47.0226 0
      vertex 47.3759 46.6515 0.87077
    endloop
  endfacet
  facet normal 0.724185 0.689605 -0.000193573
    outer loop
      vertex 49.2733 44.6587 0
      vertex 47.4537 46.5698 0.917468
      vertex 47.6323 46.3823 1.11612
    endloop
  endfacet
  facet normal 0.724291 0.689495 0.000151163
    outer loop
      vertex 49.2733 44.6587 0
      vertex 47.7182 46.292 1.27845
      vertex 47.7693 46.2383 1.375
    endloop
  endfacet
  facet normal 0.724208 0.689582 -4.20459e-05
    outer loop
      vertex 49.2733 44.6587 0
      vertex 47.8014 46.2046 1.48736
      vertex 47.8554 46.1479 1.67648
    endloop
  endfacet
  facet normal 0.724043 0.689755 -0.000267975
    outer loop
      vertex 49.2733 44.6587 0
      vertex 47.8738 46.1285 1.8795
      vertex 47.8848 46.117 2
    endloop
  endfacet
  facet normal 0.724227 0.689562 -0
    outer loop
      vertex 49.2733 44.6587 0
      vertex 47.8848 46.117 2
      vertex 49.2733 44.6587 4
    endloop
  endfacet
  facet normal 0.72436 0.689421 0.000229252
    outer loop
      vertex 47.8738 46.1285 1.8795
      vertex 49.2733 44.6587 0
      vertex 47.8554 46.1479 1.67648
    endloop
  endfacet
  facet normal 0.724197 0.689594 -6.58768e-05
    outer loop
      vertex 47.8014 46.2046 1.48736
      vertex 49.2733 44.6587 0
      vertex 47.7693 46.2383 1.375
    endloop
  endfacet
  facet normal 0.724325 0.689459 0.000238017
    outer loop
      vertex 47.7182 46.292 1.27845
      vertex 49.2733 44.6587 0
      vertex 47.6323 46.3823 1.11612
    endloop
  endfacet
  facet normal 0.724235 0.689553 1.32471e-05
    outer loop
      vertex 47.4537 46.5698 0.917468
      vertex 49.2733 44.6587 0
      vertex 47.0226 47.0226 0
    endloop
  endfacet
  facet normal 0.844844 0.535013 0
    outer loop
      vertex 57.039 34.1878 4
      vertex 55.2927 36.9454 0
      vertex 55.2927 36.9454 4
    endloop
  endfacet
  facet normal 0.844844 0.535013 0
    outer loop
      vertex 55.2927 36.9454 0
      vertex 57.039 34.1878 4
      vertex 57.039 34.1878 0
    endloop
  endfacet
  facet normal 0.893229 0.449602 0
    outer loop
      vertex 60.1153 28.4324 4
      vertex 58.6478 31.3479 0
      vertex 58.6478 31.3479 4
    endloop
  endfacet
  facet normal 0.893229 0.449602 0
    outer loop
      vertex 58.6478 31.3479 0
      vertex 60.1153 28.4324 4
      vertex 60.1153 28.4324 0
    endloop
  endfacet
  facet normal 0.122427 0.992478 -0
    outer loop
      vertex 9.75758 65.7802 0
      vertex 6.51814 66.1798 4
      vertex 9.75758 65.7802 4
    endloop
  endfacet
  facet normal 0.122427 0.992478 0
    outer loop
      vertex 6.51814 66.1798 4
      vertex 9.75758 65.7802 0
      vertex 6.51814 66.1798 0
    endloop
  endfacet
  facet normal 0.313662 0.949535 -0
    outer loop
      vertex 22.4032 62.6127 0
      vertex 19.3039 63.6365 4
      vertex 22.4032 62.6127 4
    endloop
  endfacet
  facet normal 0.313662 0.949535 0
    outer loop
      vertex 19.3039 63.6365 4
      vertex 22.4032 62.6127 0
      vertex 19.3039 63.6365 0
    endloop
  endfacet
  facet normal 0.359905 0.932989 -0
    outer loop
      vertex 25.4484 61.438 0
      vertex 22.4032 62.6127 4
      vertex 25.4484 61.438 4
    endloop
  endfacet
  facet normal 0.359905 0.932989 0
    outer loop
      vertex 22.4032 62.6127 4
      vertex 25.4484 61.438 0
      vertex 22.4032 62.6127 0
    endloop
  endfacet
  facet normal 0.266732 0.963771 -0
    outer loop
      vertex 19.3039 63.6365 0
      vertex 16.1582 64.5071 4
      vertex 19.3039 63.6365 4
    endloop
  endfacet
  facet normal 0.266732 0.963771 0
    outer loop
      vertex 16.1582 64.5071 4
      vertex 19.3039 63.6365 0
      vertex 16.1582 64.5071 0
    endloop
  endfacet
  facet normal 0.170957 0.985278 -0
    outer loop
      vertex 12.9735 65.2222 0
      vertex 9.75758 65.7802 4
      vertex 12.9735 65.2222 4
    endloop
  endfacet
  facet normal 0.170957 0.985278 0
    outer loop
      vertex 9.75758 65.7802 4
      vertex 12.9735 65.2222 0
      vertex 9.75758 65.7802 0
    endloop
  endfacet
  facet normal 0.0735604 0.997291 -0
    outer loop
      vertex 6.51814 66.1798 0
      vertex 3.263 66.4199 4
      vertex 6.51814 66.1798 4
    endloop
  endfacet
  facet normal 0.0735604 0.997291 0
    outer loop
      vertex 3.263 66.4199 4
      vertex 6.51814 66.1798 0
      vertex 3.263 66.4199 0
    endloop
  endfacet
  facet normal 0.492902 0.870085 -0
    outer loop
      vertex 34.1878 57.039 0
      vertex 31.3479 58.6478 4
      vertex 34.1878 57.039 4
    endloop
  endfacet
  facet normal 0.492902 0.870085 0
    outer loop
      vertex 31.3479 58.6478 4
      vertex 34.1878 57.039 0
      vertex 31.3479 58.6478 0
    endloop
  endfacet
  facet normal 0.535013 0.844844 -0
    outer loop
      vertex 36.9454 55.2927 0
      vertex 34.1878 57.039 4
      vertex 36.9454 55.2927 4
    endloop
  endfacet
  facet normal 0.535013 0.844844 0
    outer loop
      vertex 34.1878 57.039 4
      vertex 36.9454 55.2927 0
      vertex 34.1878 57.039 0
    endloop
  endfacet
  facet normal 0.449602 0.893229 -0
    outer loop
      vertex 31.3479 58.6478 0
      vertex 28.4324 60.1153 4
      vertex 31.3479 58.6478 4
    endloop
  endfacet
  facet normal 0.449602 0.893229 0
    outer loop
      vertex 28.4324 60.1153 4
      vertex 31.3479 58.6478 0
      vertex 28.4324 60.1153 0
    endloop
  endfacet
  facet normal 0.653167 0.757213 -0
    outer loop
      vertex 44.6587 49.2733 0
      vertex 42.1872 51.4052 4
      vertex 44.6587 49.2733 4
    endloop
  endfacet
  facet normal 0.653167 0.757213 0
    outer loop
      vertex 42.1872 51.4052 4
      vertex 44.6587 49.2733 0
      vertex 42.1872 51.4052 0
    endloop
  endfacet
  facet normal -0.992478 0.122427 0
    outer loop
      vertex -66.1798 6.51814 0
      vertex -65.7802 9.75758 4
      vertex -65.7802 9.75758 0
    endloop
  endfacet
  facet normal -0.992478 0.122427 0
    outer loop
      vertex -65.7802 9.75758 4
      vertex -66.1798 6.51814 0
      vertex -66.1798 6.51814 4
    endloop
  endfacet
  facet normal -0.757213 0.653167 0
    outer loop
      vertex -51.4052 42.1872 0
      vertex -49.2733 44.6587 4
      vertex -49.2733 44.6587 0
    endloop
  endfacet
  facet normal -0.757213 0.653167 0
    outer loop
      vertex -49.2733 44.6587 4
      vertex -51.4052 42.1872 0
      vertex -51.4052 42.1872 4
    endloop
  endfacet
  facet normal -0.724216 0.689573 0
    outer loop
      vertex -47.0226 47.0226 0
      vertex -47.1062 46.9348 0.765961
      vertex -47.0226 47.0226 0.75
    endloop
  endfacet
  facet normal -0.724184 0.689607 7.37675e-06
    outer loop
      vertex -47.0226 47.0226 0
      vertex -47.2458 46.7882 0.792592
      vertex -47.1062 46.9348 0.765961
    endloop
  endfacet
  facet normal -0.724414 0.689365 -0.000128753
    outer loop
      vertex -47.0226 47.0226 0
      vertex -47.3759 46.6515 0.87077
      vertex -47.2458 46.7882 0.792592
    endloop
  endfacet
  facet normal -0.724153 0.689639 9.37955e-05
    outer loop
      vertex -47.0226 47.0226 0
      vertex -47.4537 46.5698 0.917468
      vertex -47.3759 46.6515 0.87077
    endloop
  endfacet
  facet normal -0.724235 0.689553 1.32471e-05
    outer loop
      vertex -49.2733 44.6587 0
      vertex -47.4537 46.5698 0.917468
      vertex -47.0226 47.0226 0
    endloop
  endfacet
  facet normal -0.724325 0.689459 0.000238017
    outer loop
      vertex -49.2733 44.6587 0
      vertex -47.7182 46.292 1.27845
      vertex -47.6323 46.3823 1.11612
    endloop
  endfacet
  facet normal -0.724197 0.689594 -6.58768e-05
    outer loop
      vertex -49.2733 44.6587 0
      vertex -47.8014 46.2046 1.48736
      vertex -47.7693 46.2383 1.375
    endloop
  endfacet
  facet normal -0.72436 0.689421 0.000229252
    outer loop
      vertex -49.2733 44.6587 0
      vertex -47.8738 46.1285 1.8795
      vertex -47.8554 46.1479 1.67648
    endloop
  endfacet
  facet normal -0.724043 0.689755 -0.000267975
    outer loop
      vertex -47.8738 46.1285 1.8795
      vertex -49.2733 44.6587 0
      vertex -47.8848 46.117 2
    endloop
  endfacet
  facet normal -0.724208 0.689582 -4.20459e-05
    outer loop
      vertex -47.8014 46.2046 1.48736
      vertex -49.2733 44.6587 0
      vertex -47.8554 46.1479 1.67648
    endloop
  endfacet
  facet normal -0.724291 0.689495 0.000151163
    outer loop
      vertex -47.7182 46.292 1.27845
      vertex -49.2733 44.6587 0
      vertex -47.7693 46.2383 1.375
    endloop
  endfacet
  facet normal -0.724185 0.689605 -0.000193573
    outer loop
      vertex -47.4537 46.5698 0.917468
      vertex -49.2733 44.6587 0
      vertex -47.6323 46.3823 1.11612
    endloop
  endfacet
  facet normal -0.724216 0.689573 0
    outer loop
      vertex -47.1062 46.9348 3.23404
      vertex -47.0226 47.0226 4
      vertex -47.0226 47.0226 3.25
    endloop
  endfacet
  facet normal -0.724184 0.689607 -7.37676e-06
    outer loop
      vertex -47.2458 46.7882 3.20741
      vertex -47.0226 47.0226 4
      vertex -47.1062 46.9348 3.23404
    endloop
  endfacet
  facet normal -0.724414 0.689365 0.000128754
    outer loop
      vertex -47.3759 46.6515 3.12923
      vertex -47.0226 47.0226 4
      vertex -47.2458 46.7882 3.20741
    endloop
  endfacet
  facet normal -0.724153 0.689639 -9.37968e-05
    outer loop
      vertex -47.4537 46.5698 3.08253
      vertex -47.0226 47.0226 4
      vertex -47.3759 46.6515 3.12923
    endloop
  endfacet
  facet normal -0.724185 0.689605 0.000193574
    outer loop
      vertex -49.2733 44.6587 4
      vertex -47.4537 46.5698 3.08253
      vertex -47.6323 46.3823 2.88388
    endloop
  endfacet
  facet normal -0.724291 0.689495 -0.000151163
    outer loop
      vertex -49.2733 44.6587 4
      vertex -47.7182 46.292 2.72155
      vertex -47.7693 46.2383 2.625
    endloop
  endfacet
  facet normal -0.724208 0.689582 4.20459e-05
    outer loop
      vertex -49.2733 44.6587 4
      vertex -47.8014 46.2046 2.51264
      vertex -47.8554 46.1479 2.32352
    endloop
  endfacet
  facet normal -0.724043 0.689755 0.000267975
    outer loop
      vertex -49.2733 44.6587 4
      vertex -47.8738 46.1285 2.1205
      vertex -47.8848 46.117 2
    endloop
  endfacet
  facet normal -0.724227 0.689562 0
    outer loop
      vertex -49.2733 44.6587 4
      vertex -47.8848 46.117 2
      vertex -49.2733 44.6587 0
    endloop
  endfacet
  facet normal -0.72436 0.689421 -0.000229252
    outer loop
      vertex -47.8738 46.1285 2.1205
      vertex -49.2733 44.6587 4
      vertex -47.8554 46.1479 2.32352
    endloop
  endfacet
  facet normal -0.724197 0.689594 6.58768e-05
    outer loop
      vertex -47.8014 46.2046 2.51264
      vertex -49.2733 44.6587 4
      vertex -47.7693 46.2383 2.625
    endloop
  endfacet
  facet normal -0.724325 0.689459 -0.000238017
    outer loop
      vertex -47.7182 46.292 2.72155
      vertex -49.2733 44.6587 4
      vertex -47.6323 46.3823 2.88388
    endloop
  endfacet
  facet normal -0.724235 0.689553 -1.32471e-05
    outer loop
      vertex -47.4537 46.5698 3.08253
      vertex -49.2733 44.6587 4
      vertex -47.0226 47.0226 4
    endloop
  endfacet
  facet normal -0.788353 0.615223 0
    outer loop
      vertex -53.4133 39.614 0
      vertex -51.4052 42.1872 4
      vertex -51.4052 42.1872 0
    endloop
  endfacet
  facet normal -0.788353 0.615223 0
    outer loop
      vertex -51.4052 42.1872 4
      vertex -53.4133 39.614 0
      vertex -53.4133 39.614 4
    endloop
  endfacet
  facet normal -0.870085 0.492902 0
    outer loop
      vertex -58.6478 31.3479 0
      vertex -57.039 34.1878 4
      vertex -57.039 34.1878 0
    endloop
  endfacet
  facet normal -0.870085 0.492902 0
    outer loop
      vertex -57.039 34.1878 4
      vertex -58.6478 31.3479 0
      vertex -58.6478 31.3479 4
    endloop
  endfacet
  facet normal -0.893229 0.449602 0
    outer loop
      vertex -60.1153 28.4324 0
      vertex -58.6478 31.3479 4
      vertex -58.6478 31.3479 0
    endloop
  endfacet
  facet normal -0.893229 0.449602 0
    outer loop
      vertex -58.6478 31.3479 4
      vertex -60.1153 28.4324 0
      vertex -60.1153 28.4324 4
    endloop
  endfacet
  facet normal -0.844844 0.535013 0
    outer loop
      vertex -57.039 34.1878 0
      vertex -55.2927 36.9454 4
      vertex -55.2927 36.9454 0
    endloop
  endfacet
  facet normal -0.844844 0.535013 0
    outer loop
      vertex -55.2927 36.9454 4
      vertex -57.039 34.1878 0
      vertex -57.039 34.1878 4
    endloop
  endfacet
  facet normal -0.949535 0.313662 0
    outer loop
      vertex -63.6365 19.3039 0
      vertex -62.6127 22.4032 4
      vertex -62.6127 22.4032 0
    endloop
  endfacet
  facet normal -0.949535 0.313662 0
    outer loop
      vertex -62.6127 22.4032 4
      vertex -63.6365 19.3039 0
      vertex -63.6365 19.3039 4
    endloop
  endfacet
  facet normal -0.932989 0.359905 0
    outer loop
      vertex -62.6127 22.4032 0
      vertex -61.438 25.4484 4
      vertex -61.438 25.4484 0
    endloop
  endfacet
  facet normal -0.932989 0.359905 0
    outer loop
      vertex -61.438 25.4484 4
      vertex -62.6127 22.4032 0
      vertex -62.6127 22.4032 4
    endloop
  endfacet
  facet normal -0.963771 0.266732 0
    outer loop
      vertex -64.5071 16.1582 0
      vertex -63.6365 19.3039 4
      vertex -63.6365 19.3039 0
    endloop
  endfacet
  facet normal -0.963771 0.266732 0
    outer loop
      vertex -63.6365 19.3039 4
      vertex -64.5071 16.1582 0
      vertex -64.5071 16.1582 4
    endloop
  endfacet
  facet normal -0.985278 0.170957 0
    outer loop
      vertex -65.7802 9.75758 0
      vertex -65.2222 12.9735 4
      vertex -65.2222 12.9735 0
    endloop
  endfacet
  facet normal -0.985278 0.170957 0
    outer loop
      vertex -65.2222 12.9735 4
      vertex -65.7802 9.75758 0
      vertex -65.7802 9.75758 4
    endloop
  endfacet
  facet normal -0.997291 0.0735604 0
    outer loop
      vertex -66.4199 3.263 0
      vertex -66.1798 6.51814 4
      vertex -66.1798 6.51814 0
    endloop
  endfacet
  facet normal -0.997291 0.0735604 0
    outer loop
      vertex -66.1798 6.51814 4
      vertex -66.4199 3.263 0
      vertex -66.4199 3.263 4
    endloop
  endfacet
  facet normal 0 0 1
    outer loop
      vertex 47 0 4
      vertex 66.5 0 4
      vertex 66.4199 3.263 4
    endloop
  endfacet
  facet normal 0 0 1
    outer loop
      vertex 46.9434 2.30618 4
      vertex 66.4199 3.263 4
      vertex 66.1798 6.51814 4
    endloop
  endfacet
  facet normal 0 0 1
    outer loop
      vertex 66.5 0 4
      vertex 47 0 4
      vertex 66.4199 -3.263 4
    endloop
  endfacet
  facet normal 0 0 1
    outer loop
      vertex 46.7737 4.6068 4
      vertex 66.1798 6.51814 4
      vertex 65.7802 9.75758 4
    endloop
  endfacet
  facet normal -0 0 1
    outer loop
      vertex 46.9434 -2.30618 4
      vertex 66.4199 -3.263 4
      vertex 47 0 4
    endloop
  endfacet
  facet normal 0 0 1
    outer loop
      vertex 46.4913 6.89633 4
      vertex 65.7802 9.75758 4
      vertex 65.2222 12.9735 4
    endloop
  endfacet
  facet normal 0 0 1
    outer loop
      vertex 66.4199 -3.263 4
      vertex 46.9434 -2.30618 4
      vertex 66.1798 -6.51814 4
    endloop
  endfacet
  facet normal 0 0 1
    outer loop
      vertex 46.0969 9.16924 4
      vertex 65.2222 12.9735 4
      vertex 64.5071 16.1582 4
    endloop
  endfacet
  facet normal -0 0 1
    outer loop
      vertex 46.7737 -4.6068 4
      vertex 66.1798 -6.51814 4
      vertex 46.9434 -2.30618 4
    endloop
  endfacet
  facet normal 0 0 1
    outer loop
      vertex 45.5915 11.4201 4
      vertex 64.5071 16.1582 4
      vertex 63.6365 19.3039 4
    endloop
  endfacet
  facet normal 0 0 1
    outer loop
      vertex 66.1798 -6.51814 4
      vertex 46.7737 -4.6068 4
      vertex 65.7802 -9.75758 4
    endloop
  endfacet
  facet normal 0 0 1
    outer loop
      vertex 44.9762 13.6434 4
      vertex 63.6365 19.3039 4
      vertex 62.6127 22.4032 4
    endloop
  endfacet
  facet normal -0 0 1
    outer loop
      vertex 46.4913 -6.89633 4
      vertex 65.7802 -9.75758 4
      vertex 46.7737 -4.6068 4
    endloop
  endfacet
  facet normal 0 0 1
    outer loop
      vertex 44.2526 15.8338 4
      vertex 62.6127 22.4032 4
      vertex 61.438 25.4484 4
    endloop
  endfacet
  facet normal 0 0 1
    outer loop
      vertex 65.7802 -9.75758 4
      vertex 46.4913 -6.89633 4
      vertex 65.2222 -12.9735 4
    endloop
  endfacet
  facet normal 0 0 1
    outer loop
      vertex 43.4223 17.9861 4
      vertex 61.438 25.4484 4
      vertex 60.1153 28.4324 4
    endloop
  endfacet
  facet normal -0 0 1
    outer loop
      vertex 46.0969 -9.16924 4
      vertex 65.2222 -12.9735 4
      vertex 46.4913 -6.89633 4
    endloop
  endfacet
  facet normal 0 0 1
    outer loop
      vertex 42.4875 20.0951 4
      vertex 60.1153 28.4324 4
      vertex 58.6478 31.3479 4
    endloop
  endfacet
  facet normal 0 0 1
    outer loop
      vertex 65.2222 -12.9735 4
      vertex 46.0969 -9.16924 4
      vertex 64.5071 -16.1582 4
    endloop
  endfacet
  facet normal 0 0 1
    outer loop
      vertex 41.4503 22.1556 4
      vertex 58.6478 31.3479 4
      vertex 57.039 34.1878 4
    endloop
  endfacet
  facet normal -0 0 1
    outer loop
      vertex 45.5915 -11.4201 4
      vertex 64.5071 -16.1582 4
      vertex 46.0969 -9.16924 4
    endloop
  endfacet
  facet normal 0 0 1
    outer loop
      vertex 40.3132 24.1628 4
      vertex 57.039 34.1878 4
      vertex 55.2927 36.9454 4
    endloop
  endfacet
  facet normal 0 0 1
    outer loop
      vertex 64.5071 -16.1582 4
      vertex 45.5915 -11.4201 4
      vertex 63.6365 -19.3039 4
    endloop
  endfacet
  facet normal 0 0 1
    outer loop
      vertex 39.0791 26.1118 4
      vertex 55.2927 36.9454 4
      vertex 53.4133 39.614 4
    endloop
  endfacet
  facet normal -0 0 1
    outer loop
      vertex 44.9762 -13.6434 4
      vertex 63.6365 -19.3039 4
      vertex 45.5915 -11.4201 4
    endloop
  endfacet
  facet normal 0 0 1
    outer loop
      vertex 37.7508 27.9979 4
      vertex 53.4133 39.614 4
      vertex 51.4052 42.1872 4
    endloop
  endfacet
  facet normal 0 0 1
    outer loop
      vertex 63.6365 -19.3039 4
      vertex 44.9762 -13.6434 4
      vertex 62.6127 -22.4032 4
    endloop
  endfacet
  facet normal 0 0 1
    outer loop
      vertex 36.3315 29.8165 4
      vertex 51.4052 42.1872 4
      vertex 49.2733 44.6587 4
    endloop
  endfacet
  facet normal -0 0 1
    outer loop
      vertex 44.2526 -15.8338 4
      vertex 62.6127 -22.4032 4
      vertex 44.9762 -13.6434 4
    endloop
  endfacet
  facet normal 0 0 1
    outer loop
      vertex 34.8247 31.5633 4
      vertex 49.2733 44.6587 4
      vertex 47.0226 47.0226 4
    endloop
  endfacet
  facet normal 0 0 1
    outer loop
      vertex 62.6127 -22.4032 4
      vertex 44.2526 -15.8338 4
      vertex 61.438 -25.4484 4
    endloop
  endfacet
  facet normal -0 0 1
    outer loop
      vertex 43.4223 -17.9861 4
      vertex 61.438 -25.4484 4
      vertex 44.2526 -15.8338 4
    endloop
  endfacet
  facet normal 0 0 1
    outer loop
      vertex 66.4199 3.263 4
      vertex 46.9434 2.30618 4
      vertex 47 0 4
    endloop
  endfacet
  facet normal 0 0 1
    outer loop
      vertex 66.1798 6.51814 4
      vertex 46.7737 4.6068 4
      vertex 46.9434 2.30618 4
    endloop
  endfacet
  facet normal 0 0 1
    outer loop
      vertex 65.7802 9.75758 4
      vertex 46.4913 6.89633 4
      vertex 46.7737 4.6068 4
    endloop
  endfacet
  facet normal 0 0 1
    outer loop
      vertex 65.2222 12.9735 4
      vertex 46.0969 9.16924 4
      vertex 46.4913 6.89633 4
    endloop
  endfacet
  facet normal 0 0 1
    outer loop
      vertex 64.5071 16.1582 4
      vertex 45.5915 11.4201 4
      vertex 46.0969 9.16924 4
    endloop
  endfacet
  facet normal 0 0 1
    outer loop
      vertex 63.6365 19.3039 4
      vertex 44.9762 13.6434 4
      vertex 45.5915 11.4201 4
    endloop
  endfacet
  facet normal 0 0 1
    outer loop
      vertex 33.234 33.234 4
      vertex 47.0226 47.0226 4
      vertex 44.6587 49.2733 4
    endloop
  endfacet
  facet normal 0 0 1
    outer loop
      vertex 62.6127 22.4032 4
      vertex 44.2526 15.8338 4
      vertex 44.9762 13.6434 4
    endloop
  endfacet
  facet normal 0 0 1
    outer loop
      vertex 61.438 25.4484 4
      vertex 43.4223 17.9861 4
      vertex 44.2526 15.8338 4
    endloop
  endfacet
  facet normal 0 0 1
    outer loop
      vertex 60.1153 28.4324 4
      vertex 42.4875 20.0951 4
      vertex 43.4223 17.9861 4
    endloop
  endfacet
  facet normal 0 0 1
    outer loop
      vertex 31.5633 34.8247 4
      vertex 44.6587 49.2733 4
      vertex 42.1872 51.4052 4
    endloop
  endfacet
  facet normal 0 0 1
    outer loop
      vertex 58.6478 31.3479 4
      vertex 41.4503 22.1556 4
      vertex 42.4875 20.0951 4
    endloop
  endfacet
  facet normal 0 0 1
    outer loop
      vertex 57.039 34.1878 4
      vertex 40.3132 24.1628 4
      vertex 41.4503 22.1556 4
    endloop
  endfacet
  facet normal 0 0 1
    outer loop
      vertex 29.8165 36.3315 4
      vertex 42.1872 51.4052 4
      vertex 39.614 53.4133 4
    endloop
  endfacet
  facet normal 0 0 1
    outer loop
      vertex 55.2927 36.9454 4
      vertex 39.0791 26.1118 4
      vertex 40.3132 24.1628 4
    endloop
  endfacet
  facet normal 0 0 1
    outer loop
      vertex 53.4133 39.614 4
      vertex 37.7508 27.9979 4
      vertex 39.0791 26.1118 4
    endloop
  endfacet
  facet normal 0 0 1
    outer loop
      vertex 27.9979 37.7508 4
      vertex 39.614 53.4133 4
      vertex 36.9454 55.2927 4
    endloop
  endfacet
  facet normal 0 0 1
    outer loop
      vertex 51.4052 42.1872 4
      vertex 36.3315 29.8165 4
      vertex 37.7508 27.9979 4
    endloop
  endfacet
  facet normal 0 0 1
    outer loop
      vertex 49.2733 44.6587 4
      vertex 34.8247 31.5633 4
      vertex 36.3315 29.8165 4
    endloop
  endfacet
  facet normal 0 0 1
    outer loop
      vertex 26.1118 39.0791 4
      vertex 36.9454 55.2927 4
      vertex 34.1878 57.039 4
    endloop
  endfacet
  facet normal 0 0 1
    outer loop
      vertex 47.0226 47.0226 4
      vertex 33.234 33.234 4
      vertex 34.8247 31.5633 4
    endloop
  endfacet
  facet normal 0 0 1
    outer loop
      vertex 44.6587 49.2733 4
      vertex 31.5633 34.8247 4
      vertex 33.234 33.234 4
    endloop
  endfacet
  facet normal 0 0 1
    outer loop
      vertex 24.1628 40.3132 4
      vertex 34.1878 57.039 4
      vertex 31.3479 58.6478 4
    endloop
  endfacet
  facet normal 0 0 1
    outer loop
      vertex 42.1872 51.4052 4
      vertex 29.8165 36.3315 4
      vertex 31.5633 34.8247 4
    endloop
  endfacet
  facet normal 0 0 1
    outer loop
      vertex 22.1556 41.4503 4
      vertex 31.3479 58.6478 4
      vertex 28.4324 60.1153 4
    endloop
  endfacet
  facet normal 0 0 1
    outer loop
      vertex 39.614 53.4133 4
      vertex 27.9979 37.7508 4
      vertex 29.8165 36.3315 4
    endloop
  endfacet
  facet normal 0 0 1
    outer loop
      vertex 36.9454 55.2927 4
      vertex 26.1118 39.0791 4
      vertex 27.9979 37.7508 4
    endloop
  endfacet
  facet normal 0 0 1
    outer loop
      vertex 20.0951 42.4875 4
      vertex 28.4324 60.1153 4
      vertex 25.4484 61.438 4
    endloop
  endfacet
  facet normal 0 0 1
    outer loop
      vertex 34.1878 57.039 4
      vertex 24.1628 40.3132 4
      vertex 26.1118 39.0791 4
    endloop
  endfacet
  facet normal 0 0 1
    outer loop
      vertex 17.9861 43.4223 4
      vertex 25.4484 61.438 4
      vertex 22.4032 62.6127 4
    endloop
  endfacet
  facet normal 0 0 1
    outer loop
      vertex 31.3479 58.6478 4
      vertex 22.1556 41.4503 4
      vertex 24.1628 40.3132 4
    endloop
  endfacet
  facet normal 0 0 1
    outer loop
      vertex 28.4324 60.1153 4
      vertex 20.0951 42.4875 4
      vertex 22.1556 41.4503 4
    endloop
  endfacet
  facet normal 0 0 1
    outer loop
      vertex 15.8338 44.2526 4
      vertex 22.4032 62.6127 4
      vertex 19.3039 63.6365 4
    endloop
  endfacet
  facet normal 0 0 1
    outer loop
      vertex 25.4484 61.438 4
      vertex 17.9861 43.4223 4
      vertex 20.0951 42.4875 4
    endloop
  endfacet
  facet normal 0 0 1
    outer loop
      vertex 13.6434 44.9762 4
      vertex 19.3039 63.6365 4
      vertex 16.1582 64.5071 4
    endloop
  endfacet
  facet normal 0 0 1
    outer loop
      vertex 22.4032 62.6127 4
      vertex 15.8338 44.2526 4
      vertex 17.9861 43.4223 4
    endloop
  endfacet
  facet normal 0 0 1
    outer loop
      vertex 19.3039 63.6365 4
      vertex 13.6434 44.9762 4
      vertex 15.8338 44.2526 4
    endloop
  endfacet
  facet normal 0 0 1
    outer loop
      vertex 11.4201 45.5915 4
      vertex 16.1582 64.5071 4
      vertex 12.9735 65.2222 4
    endloop
  endfacet
  facet normal 0 0 1
    outer loop
      vertex 16.1582 64.5071 4
      vertex 11.4201 45.5915 4
      vertex 13.6434 44.9762 4
    endloop
  endfacet
  facet normal 0 0 1
    outer loop
      vertex 9.16924 46.0969 4
      vertex 12.9735 65.2222 4
      vertex 9.75758 65.7802 4
    endloop
  endfacet
  facet normal 0 0 1
    outer loop
      vertex 12.9735 65.2222 4
      vertex 9.16924 46.0969 4
      vertex 11.4201 45.5915 4
    endloop
  endfacet
  facet normal 0 0 1
    outer loop
      vertex 9.75758 65.7802 4
      vertex 6.89633 46.4913 4
      vertex 9.16924 46.0969 4
    endloop
  endfacet
  facet normal 0 0 1
    outer loop
      vertex 6.51814 66.1798 4
      vertex 6.89633 46.4913 4
      vertex 9.75758 65.7802 4
    endloop
  endfacet
  facet normal 0 0 1
    outer loop
      vertex 6.51814 66.1798 4
      vertex 4.6068 46.7737 4
      vertex 6.89633 46.4913 4
    endloop
  endfacet
  facet normal 0 0 1
    outer loop
      vertex 3.263 66.4199 4
      vertex 4.6068 46.7737 4
      vertex 6.51814 66.1798 4
    endloop
  endfacet
  facet normal 0 0 1
    outer loop
      vertex 3.263 66.4199 4
      vertex 2.30618 46.9434 4
      vertex 4.6068 46.7737 4
    endloop
  endfacet
  facet normal 0 0 1
    outer loop
      vertex 0 66.5 4
      vertex 2.30618 46.9434 4
      vertex 3.263 66.4199 4
    endloop
  endfacet
  facet normal 0 0 1
    outer loop
      vertex 0 66.5 4
      vertex 0 47 4
      vertex 2.30618 46.9434 4
    endloop
  endfacet
  facet normal 0 0 1
    outer loop
      vertex 0 66.5 4
      vertex -2.30618 46.9434 4
      vertex 0 47 4
    endloop
  endfacet
  facet normal -0 0 1
    outer loop
      vertex -3.263 66.4199 4
      vertex -2.30618 46.9434 4
      vertex 0 66.5 4
    endloop
  endfacet
  facet normal 0 0 1
    outer loop
      vertex -3.263 66.4199 4
      vertex -4.6068 46.7737 4
      vertex -2.30618 46.9434 4
    endloop
  endfacet
  facet normal -0 0 1
    outer loop
      vertex -6.51814 66.1798 4
      vertex -4.6068 46.7737 4
      vertex -3.263 66.4199 4
    endloop
  endfacet
  facet normal 0 0 1
    outer loop
      vertex -6.51814 66.1798 4
      vertex -6.89633 46.4913 4
      vertex -4.6068 46.7737 4
    endloop
  endfacet
  facet normal -0 0 1
    outer loop
      vertex -9.75758 65.7802 4
      vertex -6.89633 46.4913 4
      vertex -6.51814 66.1798 4
    endloop
  endfacet
  facet normal 0 0 1
    outer loop
      vertex -6.89633 46.4913 4
      vertex -9.75758 65.7802 4
      vertex -9.16924 46.0969 4
    endloop
  endfacet
  facet normal -0 0 1
    outer loop
      vertex -12.9735 65.2222 4
      vertex -9.16924 46.0969 4
      vertex -9.75758 65.7802 4
    endloop
  endfacet
  facet normal 0 0 1
    outer loop
      vertex -9.16924 46.0969 4
      vertex -12.9735 65.2222 4
      vertex -11.4201 45.5915 4
    endloop
  endfacet
  facet normal -0 0 1
    outer loop
      vertex -16.1582 64.5071 4
      vertex -11.4201 45.5915 4
      vertex -12.9735 65.2222 4
    endloop
  endfacet
  facet normal 0 0 1
    outer loop
      vertex -11.4201 45.5915 4
      vertex -16.1582 64.5071 4
      vertex -13.6434 44.9762 4
    endloop
  endfacet
  facet normal -0 0 1
    outer loop
      vertex -19.3039 63.6365 4
      vertex -13.6434 44.9762 4
      vertex -16.1582 64.5071 4
    endloop
  endfacet
  facet normal 0 0 1
    outer loop
      vertex -13.6434 44.9762 4
      vertex -19.3039 63.6365 4
      vertex -15.8338 44.2526 4
    endloop
  endfacet
  facet normal -0 0 1
    outer loop
      vertex -22.4032 62.6127 4
      vertex -15.8338 44.2526 4
      vertex -19.3039 63.6365 4
    endloop
  endfacet
  facet normal 0 0 1
    outer loop
      vertex -15.8338 44.2526 4
      vertex -22.4032 62.6127 4
      vertex -17.9861 43.4223 4
    endloop
  endfacet
  facet normal -0 0 1
    outer loop
      vertex -25.4484 61.438 4
      vertex -17.9861 43.4223 4
      vertex -22.4032 62.6127 4
    endloop
  endfacet
  facet normal 0 0 1
    outer loop
      vertex -17.9861 43.4223 4
      vertex -25.4484 61.438 4
      vertex -20.0951 42.4875 4
    endloop
  endfacet
  facet normal -0 0 1
    outer loop
      vertex -28.4324 60.1153 4
      vertex -20.0951 42.4875 4
      vertex -25.4484 61.438 4
    endloop
  endfacet
  facet normal 0 0 1
    outer loop
      vertex -20.0951 42.4875 4
      vertex -28.4324 60.1153 4
      vertex -22.1556 41.4503 4
    endloop
  endfacet
  facet normal -0 0 1
    outer loop
      vertex -31.3479 58.6478 4
      vertex -22.1556 41.4503 4
      vertex -28.4324 60.1153 4
    endloop
  endfacet
  facet normal 0 0 1
    outer loop
      vertex -22.1556 41.4503 4
      vertex -31.3479 58.6478 4
      vertex -24.1628 40.3132 4
    endloop
  endfacet
  facet normal -0 0 1
    outer loop
      vertex -34.1878 57.039 4
      vertex -24.1628 40.3132 4
      vertex -31.3479 58.6478 4
    endloop
  endfacet
  facet normal 0 0 1
    outer loop
      vertex -24.1628 40.3132 4
      vertex -34.1878 57.039 4
      vertex -26.1118 39.0791 4
    endloop
  endfacet
  facet normal -0 0 1
    outer loop
      vertex -36.9454 55.2927 4
      vertex -26.1118 39.0791 4
      vertex -34.1878 57.039 4
    endloop
  endfacet
  facet normal 0 0 1
    outer loop
      vertex -26.1118 39.0791 4
      vertex -36.9454 55.2927 4
      vertex -27.9979 37.7508 4
    endloop
  endfacet
  facet normal -0 0 1
    outer loop
      vertex -39.614 53.4133 4
      vertex -27.9979 37.7508 4
      vertex -36.9454 55.2927 4
    endloop
  endfacet
  facet normal 0 0 1
    outer loop
      vertex -27.9979 37.7508 4
      vertex -39.614 53.4133 4
      vertex -29.8165 36.3315 4
    endloop
  endfacet
  facet normal -0 0 1
    outer loop
      vertex -42.1872 51.4052 4
      vertex -29.8165 36.3315 4
      vertex -39.614 53.4133 4
    endloop
  endfacet
  facet normal 0 0 1
    outer loop
      vertex -29.8165 36.3315 4
      vertex -42.1872 51.4052 4
      vertex -31.5633 34.8247 4
    endloop
  endfacet
  facet normal -0 0 1
    outer loop
      vertex -44.6587 49.2733 4
      vertex -31.5633 34.8247 4
      vertex -42.1872 51.4052 4
    endloop
  endfacet
  facet normal 0 0 1
    outer loop
      vertex -31.5633 34.8247 4
      vertex -44.6587 49.2733 4
      vertex -33.234 33.234 4
    endloop
  endfacet
  facet normal -0 0 1
    outer loop
      vertex -47.0226 47.0226 4
      vertex -33.234 33.234 4
      vertex -44.6587 49.2733 4
    endloop
  endfacet
  facet normal 0 0 1
    outer loop
      vertex -33.234 33.234 4
      vertex -47.0226 47.0226 4
      vertex -34.8247 31.5633 4
    endloop
  endfacet
  facet normal -0 0 1
    outer loop
      vertex -49.2733 44.6587 4
      vertex -34.8247 31.5633 4
      vertex -47.0226 47.0226 4
    endloop
  endfacet
  facet normal 0 0 1
    outer loop
      vertex -34.8247 31.5633 4
      vertex -49.2733 44.6587 4
      vertex -36.3315 29.8165 4
    endloop
  endfacet
  facet normal -0 0 1
    outer loop
      vertex -51.4052 42.1872 4
      vertex -36.3315 29.8165 4
      vertex -49.2733 44.6587 4
    endloop
  endfacet
  facet normal 0 0 1
    outer loop
      vertex -36.3315 29.8165 4
      vertex -51.4052 42.1872 4
      vertex -37.7508 27.9979 4
    endloop
  endfacet
  facet normal -0 0 1
    outer loop
      vertex -53.4133 39.614 4
      vertex -37.7508 27.9979 4
      vertex -51.4052 42.1872 4
    endloop
  endfacet
  facet normal 0 0 1
    outer loop
      vertex -37.7508 27.9979 4
      vertex -53.4133 39.614 4
      vertex -39.0791 26.1118 4
    endloop
  endfacet
  facet normal -0 0 1
    outer loop
      vertex -55.2927 36.9454 4
      vertex -39.0791 26.1118 4
      vertex -53.4133 39.614 4
    endloop
  endfacet
  facet normal 0 0 1
    outer loop
      vertex -39.0791 26.1118 4
      vertex -55.2927 36.9454 4
      vertex -40.3132 24.1628 4
    endloop
  endfacet
  facet normal -0 0 1
    outer loop
      vertex -57.039 34.1878 4
      vertex -40.3132 24.1628 4
      vertex -55.2927 36.9454 4
    endloop
  endfacet
  facet normal 0 0 1
    outer loop
      vertex -40.3132 24.1628 4
      vertex -57.039 34.1878 4
      vertex -41.4503 22.1556 4
    endloop
  endfacet
  facet normal -0 0 1
    outer loop
      vertex -58.6478 31.3479 4
      vertex -41.4503 22.1556 4
      vertex -57.039 34.1878 4
    endloop
  endfacet
  facet normal 0 0 1
    outer loop
      vertex -41.4503 22.1556 4
      vertex -58.6478 31.3479 4
      vertex -42.4875 20.0951 4
    endloop
  endfacet
  facet normal -0 0 1
    outer loop
      vertex -60.1153 28.4324 4
      vertex -42.4875 20.0951 4
      vertex -58.6478 31.3479 4
    endloop
  endfacet
  facet normal -0 0 1
    outer loop
      vertex -61.438 25.4484 4
      vertex -43.4223 17.9861 4
      vertex -60.1153 28.4324 4
    endloop
  endfacet
  facet normal 0 0 1
    outer loop
      vertex -42.4875 20.0951 4
      vertex -60.1153 28.4324 4
      vertex -43.4223 17.9861 4
    endloop
  endfacet
  facet normal 0 0 1
    outer loop
      vertex 61.438 -25.4484 4
      vertex 43.4223 -17.9861 4
      vertex 60.1153 -28.4324 4
    endloop
  endfacet
  facet normal -0 0 1
    outer loop
      vertex 42.4875 -20.0951 4
      vertex 60.1153 -28.4324 4
      vertex 43.4223 -17.9861 4
    endloop
  endfacet
  facet normal 0 0 1
    outer loop
      vertex 60.1153 -28.4324 4
      vertex 42.4875 -20.0951 4
      vertex 58.6478 -31.3479 4
    endloop
  endfacet
  facet normal -0 0 1
    outer loop
      vertex 41.4503 -22.1556 4
      vertex 58.6478 -31.3479 4
      vertex 42.4875 -20.0951 4
    endloop
  endfacet
  facet normal 0 0 1
    outer loop
      vertex 58.6478 -31.3479 4
      vertex 41.4503 -22.1556 4
      vertex 57.039 -34.1878 4
    endloop
  endfacet
  facet normal -0 0 1
    outer loop
      vertex 40.3132 -24.1628 4
      vertex 57.039 -34.1878 4
      vertex 41.4503 -22.1556 4
    endloop
  endfacet
  facet normal 0 0 1
    outer loop
      vertex 57.039 -34.1878 4
      vertex 40.3132 -24.1628 4
      vertex 55.2927 -36.9454 4
    endloop
  endfacet
  facet normal -0 0 1
    outer loop
      vertex 39.0791 -26.1118 4
      vertex 55.2927 -36.9454 4
      vertex 40.3132 -24.1628 4
    endloop
  endfacet
  facet normal 0 0 1
    outer loop
      vertex 55.2927 -36.9454 4
      vertex 39.0791 -26.1118 4
      vertex 53.4133 -39.614 4
    endloop
  endfacet
  facet normal -0 0 1
    outer loop
      vertex 37.7508 -27.9979 4
      vertex 53.4133 -39.614 4
      vertex 39.0791 -26.1118 4
    endloop
  endfacet
  facet normal 0 0 1
    outer loop
      vertex 53.4133 -39.614 4
      vertex 37.7508 -27.9979 4
      vertex 51.4052 -42.1872 4
    endloop
  endfacet
  facet normal -0 0 1
    outer loop
      vertex 36.3315 -29.8165 4
      vertex 51.4052 -42.1872 4
      vertex 37.7508 -27.9979 4
    endloop
  endfacet
  facet normal 0 0 1
    outer loop
      vertex 51.4052 -42.1872 4
      vertex 36.3315 -29.8165 4
      vertex 49.2733 -44.6587 4
    endloop
  endfacet
  facet normal -0 0 1
    outer loop
      vertex 34.8247 -31.5633 4
      vertex 49.2733 -44.6587 4
      vertex 36.3315 -29.8165 4
    endloop
  endfacet
  facet normal 0 0 1
    outer loop
      vertex 49.2733 -44.6587 4
      vertex 34.8247 -31.5633 4
      vertex 47.0226 -47.0226 4
    endloop
  endfacet
  facet normal -0 0 1
    outer loop
      vertex 33.234 -33.234 4
      vertex 47.0226 -47.0226 4
      vertex 34.8247 -31.5633 4
    endloop
  endfacet
  facet normal 0 0 1
    outer loop
      vertex 47.0226 -47.0226 4
      vertex 33.234 -33.234 4
      vertex 44.6587 -49.2733 4
    endloop
  endfacet
  facet normal -0 0 1
    outer loop
      vertex 31.5633 -34.8247 4
      vertex 44.6587 -49.2733 4
      vertex 33.234 -33.234 4
    endloop
  endfacet
  facet normal 0 0 1
    outer loop
      vertex 44.6587 -49.2733 4
      vertex 31.5633 -34.8247 4
      vertex 42.1872 -51.4052 4
    endloop
  endfacet
  facet normal -0 0 1
    outer loop
      vertex 29.8165 -36.3315 4
      vertex 42.1872 -51.4052 4
      vertex 31.5633 -34.8247 4
    endloop
  endfacet
  facet normal 0 0 1
    outer loop
      vertex 42.1872 -51.4052 4
      vertex 29.8165 -36.3315 4
      vertex 39.614 -53.4133 4
    endloop
  endfacet
  facet normal -0 0 1
    outer loop
      vertex 27.9979 -37.7508 4
      vertex 39.614 -53.4133 4
      vertex 29.8165 -36.3315 4
    endloop
  endfacet
  facet normal 0 0 1
    outer loop
      vertex 39.614 -53.4133 4
      vertex 27.9979 -37.7508 4
      vertex 36.9454 -55.2927 4
    endloop
  endfacet
  facet normal -0 0 1
    outer loop
      vertex 26.1118 -39.0791 4
      vertex 36.9454 -55.2927 4
      vertex 27.9979 -37.7508 4
    endloop
  endfacet
  facet normal 0 0 1
    outer loop
      vertex 36.9454 -55.2927 4
      vertex 26.1118 -39.0791 4
      vertex 34.1878 -57.039 4
    endloop
  endfacet
  facet normal -0 0 1
    outer loop
      vertex 24.1628 -40.3132 4
      vertex 34.1878 -57.039 4
      vertex 26.1118 -39.0791 4
    endloop
  endfacet
  facet normal 0 0 1
    outer loop
      vertex 34.1878 -57.039 4
      vertex 24.1628 -40.3132 4
      vertex 31.3479 -58.6478 4
    endloop
  endfacet
  facet normal -0 0 1
    outer loop
      vertex 22.1556 -41.4503 4
      vertex 31.3479 -58.6478 4
      vertex 24.1628 -40.3132 4
    endloop
  endfacet
  facet normal 0 0 1
    outer loop
      vertex 31.3479 -58.6478 4
      vertex 22.1556 -41.4503 4
      vertex 28.4324 -60.1153 4
    endloop
  endfacet
  facet normal -0 0 1
    outer loop
      vertex 20.0951 -42.4875 4
      vertex 28.4324 -60.1153 4
      vertex 22.1556 -41.4503 4
    endloop
  endfacet
  facet normal 0 0 1
    outer loop
      vertex 28.4324 -60.1153 4
      vertex 20.0951 -42.4875 4
      vertex 25.4484 -61.438 4
    endloop
  endfacet
  facet normal -0 0 1
    outer loop
      vertex 17.9861 -43.4223 4
      vertex 25.4484 -61.438 4
      vertex 20.0951 -42.4875 4
    endloop
  endfacet
  facet normal 0 0 1
    outer loop
      vertex 25.4484 -61.438 4
      vertex 17.9861 -43.4223 4
      vertex 22.4032 -62.6127 4
    endloop
  endfacet
  facet normal -0 0 1
    outer loop
      vertex 15.8338 -44.2526 4
      vertex 22.4032 -62.6127 4
      vertex 17.9861 -43.4223 4
    endloop
  endfacet
  facet normal 0 0 1
    outer loop
      vertex 22.4032 -62.6127 4
      vertex 15.8338 -44.2526 4
      vertex 19.3039 -63.6365 4
    endloop
  endfacet
  facet normal -0 0 1
    outer loop
      vertex 13.6434 -44.9762 4
      vertex 19.3039 -63.6365 4
      vertex 15.8338 -44.2526 4
    endloop
  endfacet
  facet normal 0 0 1
    outer loop
      vertex 19.3039 -63.6365 4
      vertex 13.6434 -44.9762 4
      vertex 16.1582 -64.5071 4
    endloop
  endfacet
  facet normal -0 0 1
    outer loop
      vertex 11.4201 -45.5915 4
      vertex 16.1582 -64.5071 4
      vertex 13.6434 -44.9762 4
    endloop
  endfacet
  facet normal 0 0 1
    outer loop
      vertex 16.1582 -64.5071 4
      vertex 11.4201 -45.5915 4
      vertex 12.9735 -65.2222 4
    endloop
  endfacet
  facet normal -0 0 1
    outer loop
      vertex 9.16924 -46.0969 4
      vertex 12.9735 -65.2222 4
      vertex 11.4201 -45.5915 4
    endloop
  endfacet
  facet normal 0 0 1
    outer loop
      vertex 12.9735 -65.2222 4
      vertex 9.16924 -46.0969 4
      vertex 9.75758 -65.7802 4
    endloop
  endfacet
  facet normal -0 0 1
    outer loop
      vertex 6.89633 -46.4913 4
      vertex 9.75758 -65.7802 4
      vertex 9.16924 -46.0969 4
    endloop
  endfacet
  facet normal 0 0 1
    outer loop
      vertex 6.89633 -46.4913 4
      vertex 6.51814 -66.1798 4
      vertex 9.75758 -65.7802 4
    endloop
  endfacet
  facet normal -0 0 1
    outer loop
      vertex 4.6068 -46.7737 4
      vertex 6.51814 -66.1798 4
      vertex 6.89633 -46.4913 4
    endloop
  endfacet
  facet normal 0 0 1
    outer loop
      vertex 4.6068 -46.7737 4
      vertex 3.263 -66.4199 4
      vertex 6.51814 -66.1798 4
    endloop
  endfacet
  facet normal -0 0 1
    outer loop
      vertex 2.30618 -46.9434 4
      vertex 3.263 -66.4199 4
      vertex 4.6068 -46.7737 4
    endloop
  endfacet
  facet normal -0 0 1
    outer loop
      vertex 0 -47 4
      vertex 3.263 -66.4199 4
      vertex 2.30618 -46.9434 4
    endloop
  endfacet
  facet normal 0 0 1
    outer loop
      vertex 0 -47 4
      vertex 0 -66.5 4
      vertex 3.263 -66.4199 4
    endloop
  endfacet
  facet normal 0 0 1
    outer loop
      vertex -2.30618 -46.9434 4
      vertex 0 -66.5 4
      vertex 0 -47 4
    endloop
  endfacet
  facet normal 0 0 1
    outer loop
      vertex -2.30618 -46.9434 4
      vertex -3.263 -66.4199 4
      vertex 0 -66.5 4
    endloop
  endfacet
  facet normal 0 0 1
    outer loop
      vertex -4.6068 -46.7737 4
      vertex -3.263 -66.4199 4
      vertex -2.30618 -46.9434 4
    endloop
  endfacet
  facet normal 0 0 1
    outer loop
      vertex -4.6068 -46.7737 4
      vertex -6.51814 -66.1798 4
      vertex -3.263 -66.4199 4
    endloop
  endfacet
  facet normal 0 0 1
    outer loop
      vertex -6.89633 -46.4913 4
      vertex -6.51814 -66.1798 4
      vertex -4.6068 -46.7737 4
    endloop
  endfacet
  facet normal 0 0 1
    outer loop
      vertex -9.75758 -65.7802 4
      vertex -6.89633 -46.4913 4
      vertex -9.16924 -46.0969 4
    endloop
  endfacet
  facet normal 0 0 1
    outer loop
      vertex -6.89633 -46.4913 4
      vertex -9.75758 -65.7802 4
      vertex -6.51814 -66.1798 4
    endloop
  endfacet
  facet normal 0 0 1
    outer loop
      vertex -12.9735 -65.2222 4
      vertex -9.16924 -46.0969 4
      vertex -11.4201 -45.5915 4
    endloop
  endfacet
  facet normal 0 0 1
    outer loop
      vertex -9.16924 -46.0969 4
      vertex -12.9735 -65.2222 4
      vertex -9.75758 -65.7802 4
    endloop
  endfacet
  facet normal 0 0 1
    outer loop
      vertex -16.1582 -64.5071 4
      vertex -11.4201 -45.5915 4
      vertex -13.6434 -44.9762 4
    endloop
  endfacet
  facet normal 0 0 1
    outer loop
      vertex -19.3039 -63.6365 4
      vertex -13.6434 -44.9762 4
      vertex -15.8338 -44.2526 4
    endloop
  endfacet
  facet normal 0 0 1
    outer loop
      vertex -11.4201 -45.5915 4
      vertex -16.1582 -64.5071 4
      vertex -12.9735 -65.2222 4
    endloop
  endfacet
  facet normal 0 0 1
    outer loop
      vertex -22.4032 -62.6127 4
      vertex -15.8338 -44.2526 4
      vertex -17.9861 -43.4223 4
    endloop
  endfacet
  facet normal 0 0 1
    outer loop
      vertex -13.6434 -44.9762 4
      vertex -19.3039 -63.6365 4
      vertex -16.1582 -64.5071 4
    endloop
  endfacet
  facet normal 0 0 1
    outer loop
      vertex -25.4484 -61.438 4
      vertex -17.9861 -43.4223 4
      vertex -20.0951 -42.4875 4
    endloop
  endfacet
  facet normal 0 0 1
    outer loop
      vertex -28.4324 -60.1153 4
      vertex -20.0951 -42.4875 4
      vertex -22.1556 -41.4503 4
    endloop
  endfacet
  facet normal 0 0 1
    outer loop
      vertex -15.8338 -44.2526 4
      vertex -22.4032 -62.6127 4
      vertex -19.3039 -63.6365 4
    endloop
  endfacet
  facet normal 0 0 1
    outer loop
      vertex -31.3479 -58.6478 4
      vertex -22.1556 -41.4503 4
      vertex -24.1628 -40.3132 4
    endloop
  endfacet
  facet normal 0 0 1
    outer loop
      vertex -17.9861 -43.4223 4
      vertex -25.4484 -61.438 4
      vertex -22.4032 -62.6127 4
    endloop
  endfacet
  facet normal 0 0 1
    outer loop
      vertex -34.1878 -57.039 4
      vertex -24.1628 -40.3132 4
      vertex -26.1118 -39.0791 4
    endloop
  endfacet
  facet normal 0 0 1
    outer loop
      vertex -36.9454 -55.2927 4
      vertex -26.1118 -39.0791 4
      vertex -27.9979 -37.7508 4
    endloop
  endfacet
  facet normal 0 0 1
    outer loop
      vertex -20.0951 -42.4875 4
      vertex -28.4324 -60.1153 4
      vertex -25.4484 -61.438 4
    endloop
  endfacet
  facet normal 0 0 1
    outer loop
      vertex -39.614 -53.4133 4
      vertex -27.9979 -37.7508 4
      vertex -29.8165 -36.3315 4
    endloop
  endfacet
  facet normal 0 0 1
    outer loop
      vertex -22.1556 -41.4503 4
      vertex -31.3479 -58.6478 4
      vertex -28.4324 -60.1153 4
    endloop
  endfacet
  facet normal 0 0 1
    outer loop
      vertex -42.1872 -51.4052 4
      vertex -29.8165 -36.3315 4
      vertex -31.5633 -34.8247 4
    endloop
  endfacet
  facet normal 0 0 1
    outer loop
      vertex -44.6587 -49.2733 4
      vertex -31.5633 -34.8247 4
      vertex -33.234 -33.234 4
    endloop
  endfacet
  facet normal 0 0 1
    outer loop
      vertex -24.1628 -40.3132 4
      vertex -34.1878 -57.039 4
      vertex -31.3479 -58.6478 4
    endloop
  endfacet
  facet normal 0 0 1
    outer loop
      vertex -47.0226 -47.0226 4
      vertex -33.234 -33.234 4
      vertex -34.8247 -31.5633 4
    endloop
  endfacet
  facet normal 0 0 1
    outer loop
      vertex -49.2733 -44.6587 4
      vertex -34.8247 -31.5633 4
      vertex -36.3315 -29.8165 4
    endloop
  endfacet
  facet normal 0 0 1
    outer loop
      vertex -26.1118 -39.0791 4
      vertex -36.9454 -55.2927 4
      vertex -34.1878 -57.039 4
    endloop
  endfacet
  facet normal 0 0 1
    outer loop
      vertex -51.4052 -42.1872 4
      vertex -36.3315 -29.8165 4
      vertex -37.7508 -27.9979 4
    endloop
  endfacet
  facet normal 0 0 1
    outer loop
      vertex -53.4133 -39.614 4
      vertex -37.7508 -27.9979 4
      vertex -39.0791 -26.1118 4
    endloop
  endfacet
  facet normal 0 0 1
    outer loop
      vertex -27.9979 -37.7508 4
      vertex -39.614 -53.4133 4
      vertex -36.9454 -55.2927 4
    endloop
  endfacet
  facet normal 0 0 1
    outer loop
      vertex -55.2927 -36.9454 4
      vertex -39.0791 -26.1118 4
      vertex -40.3132 -24.1628 4
    endloop
  endfacet
  facet normal 0 0 1
    outer loop
      vertex -57.039 -34.1878 4
      vertex -40.3132 -24.1628 4
      vertex -41.4503 -22.1556 4
    endloop
  endfacet
  facet normal 0 0 1
    outer loop
      vertex -29.8165 -36.3315 4
      vertex -42.1872 -51.4052 4
      vertex -39.614 -53.4133 4
    endloop
  endfacet
  facet normal 0 0 1
    outer loop
      vertex -58.6478 -31.3479 4
      vertex -41.4503 -22.1556 4
      vertex -42.4875 -20.0951 4
    endloop
  endfacet
  facet normal 0 0 1
    outer loop
      vertex -60.1153 -28.4324 4
      vertex -42.4875 -20.0951 4
      vertex -43.4223 -17.9861 4
    endloop
  endfacet
  facet normal 0 0 1
    outer loop
      vertex -61.438 -25.4484 4
      vertex -43.4223 -17.9861 4
      vertex -44.2526 -15.8338 4
    endloop
  endfacet
  facet normal 0 0 1
    outer loop
      vertex -31.5633 -34.8247 4
      vertex -44.6587 -49.2733 4
      vertex -42.1872 -51.4052 4
    endloop
  endfacet
  facet normal 0 0 1
    outer loop
      vertex -62.6127 -22.4032 4
      vertex -44.2526 -15.8338 4
      vertex -44.9762 -13.6434 4
    endloop
  endfacet
  facet normal 0 0 1
    outer loop
      vertex -63.6365 -19.3039 4
      vertex -44.9762 -13.6434 4
      vertex -45.5915 -11.4201 4
    endloop
  endfacet
  facet normal 0 0 1
    outer loop
      vertex -64.5071 -16.1582 4
      vertex -45.5915 -11.4201 4
      vertex -46.0969 -9.16924 4
    endloop
  endfacet
  facet normal 0 0 1
    outer loop
      vertex -65.2222 -12.9735 4
      vertex -46.0969 -9.16924 4
      vertex -46.4913 -6.89633 4
    endloop
  endfacet
  facet normal 0 0 1
    outer loop
      vertex -65.7802 -9.75758 4
      vertex -46.4913 -6.89633 4
      vertex -46.7737 -4.6068 4
    endloop
  endfacet
  facet normal 0 0 1
    outer loop
      vertex -66.1798 -6.51814 4
      vertex -46.7737 -4.6068 4
      vertex -46.9434 -2.30618 4
    endloop
  endfacet
  facet normal 0 0 1
    outer loop
      vertex -33.234 -33.234 4
      vertex -47.0226 -47.0226 4
      vertex -44.6587 -49.2733 4
    endloop
  endfacet
  facet normal 0 0 1
    outer loop
      vertex -66.4199 -3.263 4
      vertex -46.9434 -2.30618 4
      vertex -47 0 4
    endloop
  endfacet
  facet normal 0 0 1
    outer loop
      vertex -43.4223 17.9861 4
      vertex -61.438 25.4484 4
      vertex -44.2526 15.8338 4
    endloop
  endfacet
  facet normal -0 0 1
    outer loop
      vertex -62.6127 22.4032 4
      vertex -44.2526 15.8338 4
      vertex -61.438 25.4484 4
    endloop
  endfacet
  facet normal 0 0 1
    outer loop
      vertex -34.8247 -31.5633 4
      vertex -49.2733 -44.6587 4
      vertex -47.0226 -47.0226 4
    endloop
  endfacet
  facet normal 0 0 1
    outer loop
      vertex -44.2526 15.8338 4
      vertex -62.6127 22.4032 4
      vertex -44.9762 13.6434 4
    endloop
  endfacet
  facet normal 0 0 1
    outer loop
      vertex -36.3315 -29.8165 4
      vertex -51.4052 -42.1872 4
      vertex -49.2733 -44.6587 4
    endloop
  endfacet
  facet normal -0 0 1
    outer loop
      vertex -63.6365 19.3039 4
      vertex -44.9762 13.6434 4
      vertex -62.6127 22.4032 4
    endloop
  endfacet
  facet normal 0 0 1
    outer loop
      vertex -37.7508 -27.9979 4
      vertex -53.4133 -39.614 4
      vertex -51.4052 -42.1872 4
    endloop
  endfacet
  facet normal 0 0 1
    outer loop
      vertex -44.9762 13.6434 4
      vertex -63.6365 19.3039 4
      vertex -45.5915 11.4201 4
    endloop
  endfacet
  facet normal 0 0 1
    outer loop
      vertex -39.0791 -26.1118 4
      vertex -55.2927 -36.9454 4
      vertex -53.4133 -39.614 4
    endloop
  endfacet
  facet normal -0 0 1
    outer loop
      vertex -64.5071 16.1582 4
      vertex -45.5915 11.4201 4
      vertex -63.6365 19.3039 4
    endloop
  endfacet
  facet normal 0 0 1
    outer loop
      vertex -40.3132 -24.1628 4
      vertex -57.039 -34.1878 4
      vertex -55.2927 -36.9454 4
    endloop
  endfacet
  facet normal 0 0 1
    outer loop
      vertex -45.5915 11.4201 4
      vertex -64.5071 16.1582 4
      vertex -46.0969 9.16924 4
    endloop
  endfacet
  facet normal 0 0 1
    outer loop
      vertex -41.4503 -22.1556 4
      vertex -58.6478 -31.3479 4
      vertex -57.039 -34.1878 4
    endloop
  endfacet
  facet normal -0 0 1
    outer loop
      vertex -65.2222 12.9735 4
      vertex -46.0969 9.16924 4
      vertex -64.5071 16.1582 4
    endloop
  endfacet
  facet normal 0 0 1
    outer loop
      vertex -42.4875 -20.0951 4
      vertex -60.1153 -28.4324 4
      vertex -58.6478 -31.3479 4
    endloop
  endfacet
  facet normal 0 0 1
    outer loop
      vertex -46.0969 9.16924 4
      vertex -65.2222 12.9735 4
      vertex -46.4913 6.89633 4
    endloop
  endfacet
  facet normal 0 0 1
    outer loop
      vertex -43.4223 -17.9861 4
      vertex -61.438 -25.4484 4
      vertex -60.1153 -28.4324 4
    endloop
  endfacet
  facet normal -0 0 1
    outer loop
      vertex -65.7802 9.75758 4
      vertex -46.4913 6.89633 4
      vertex -65.2222 12.9735 4
    endloop
  endfacet
  facet normal 0 0 1
    outer loop
      vertex -44.2526 -15.8338 4
      vertex -62.6127 -22.4032 4
      vertex -61.438 -25.4484 4
    endloop
  endfacet
  facet normal 0 0 1
    outer loop
      vertex -46.4913 6.89633 4
      vertex -65.7802 9.75758 4
      vertex -46.7737 4.6068 4
    endloop
  endfacet
  facet normal 0 0 1
    outer loop
      vertex -44.9762 -13.6434 4
      vertex -63.6365 -19.3039 4
      vertex -62.6127 -22.4032 4
    endloop
  endfacet
  facet normal -0 0 1
    outer loop
      vertex -66.1798 6.51814 4
      vertex -46.7737 4.6068 4
      vertex -65.7802 9.75758 4
    endloop
  endfacet
  facet normal 0 0 1
    outer loop
      vertex -45.5915 -11.4201 4
      vertex -64.5071 -16.1582 4
      vertex -63.6365 -19.3039 4
    endloop
  endfacet
  facet normal 0 0 1
    outer loop
      vertex -46.7737 4.6068 4
      vertex -66.1798 6.51814 4
      vertex -46.9434 2.30618 4
    endloop
  endfacet
  facet normal 0 0 1
    outer loop
      vertex -46.0969 -9.16924 4
      vertex -65.2222 -12.9735 4
      vertex -64.5071 -16.1582 4
    endloop
  endfacet
  facet normal -0 0 1
    outer loop
      vertex -66.4199 3.263 4
      vertex -46.9434 2.30618 4
      vertex -66.1798 6.51814 4
    endloop
  endfacet
  facet normal 0 0 1
    outer loop
      vertex -46.4913 -6.89633 4
      vertex -65.7802 -9.75758 4
      vertex -65.2222 -12.9735 4
    endloop
  endfacet
  facet normal 0 0 1
    outer loop
      vertex -46.9434 2.30618 4
      vertex -66.4199 3.263 4
      vertex -47 0 4
    endloop
  endfacet
  facet normal 0 0 1
    outer loop
      vertex -46.7737 -4.6068 4
      vertex -66.1798 -6.51814 4
      vertex -65.7802 -9.75758 4
    endloop
  endfacet
  facet normal 0 0 1
    outer loop
      vertex -66.5 0 4
      vertex -47 0 4
      vertex -66.4199 3.263 4
    endloop
  endfacet
  facet normal 0 0 1
    outer loop
      vertex -46.9434 -2.30618 4
      vertex -66.4199 -3.263 4
      vertex -66.1798 -6.51814 4
    endloop
  endfacet
  facet normal 0 0 1
    outer loop
      vertex -47 0 4
      vertex -66.5 0 4
      vertex -66.4199 -3.263 4
    endloop
  endfacet
  facet normal -0.615223 0.788353 0
    outer loop
      vertex -39.614 53.4133 0
      vertex -42.1872 51.4052 4
      vertex -39.614 53.4133 4
    endloop
  endfacet
  facet normal -0.615223 0.788353 0
    outer loop
      vertex -42.1872 51.4052 4
      vertex -39.614 53.4133 0
      vertex -42.1872 51.4052 0
    endloop
  endfacet
  facet normal -0.449602 0.893229 0
    outer loop
      vertex -28.4324 60.1153 0
      vertex -31.3479 58.6478 4
      vertex -28.4324 60.1153 4
    endloop
  endfacet
  facet normal -0.449602 0.893229 0
    outer loop
      vertex -31.3479 58.6478 4
      vertex -28.4324 60.1153 0
      vertex -31.3479 58.6478 0
    endloop
  endfacet
  facet normal -0.405237 0.914212 0
    outer loop
      vertex -25.4484 61.438 0
      vertex -28.4324 60.1153 4
      vertex -25.4484 61.438 4
    endloop
  endfacet
  facet normal -0.405237 0.914212 0
    outer loop
      vertex -28.4324 60.1153 4
      vertex -25.4484 61.438 0
      vertex -28.4324 60.1153 0
    endloop
  endfacet
  facet normal -0.492902 0.870085 0
    outer loop
      vertex -31.3479 58.6478 0
      vertex -34.1878 57.039 4
      vertex -31.3479 58.6478 4
    endloop
  endfacet
  facet normal -0.492902 0.870085 0
    outer loop
      vertex -34.1878 57.039 4
      vertex -31.3479 58.6478 0
      vertex -34.1878 57.039 0
    endloop
  endfacet
  facet normal -0.5758 0.817591 0
    outer loop
      vertex -36.9454 55.2927 0
      vertex -39.614 53.4133 4
      vertex -36.9454 55.2927 4
    endloop
  endfacet
  facet normal -0.5758 0.817591 0
    outer loop
      vertex -39.614 53.4133 4
      vertex -36.9454 55.2927 0
      vertex -39.614 53.4133 0
    endloop
  endfacet
  facet normal -0.653167 0.757213 0
    outer loop
      vertex -42.1872 51.4052 0
      vertex -44.6587 49.2733 4
      vertex -42.1872 51.4052 4
    endloop
  endfacet
  facet normal -0.653167 0.757213 0
    outer loop
      vertex -44.6587 49.2733 4
      vertex -42.1872 51.4052 0
      vertex -44.6587 49.2733 0
    endloop
  endfacet
  facet normal -0.266732 0.963771 0
    outer loop
      vertex -16.1582 64.5071 0
      vertex -19.3039 63.6365 4
      vertex -16.1582 64.5071 4
    endloop
  endfacet
  facet normal -0.266732 0.963771 0
    outer loop
      vertex -19.3039 63.6365 4
      vertex -16.1582 64.5071 0
      vertex -19.3039 63.6365 0
    endloop
  endfacet
  facet normal -0.219087 0.975705 0
    outer loop
      vertex -12.9735 65.2222 0
      vertex -16.1582 64.5071 4
      vertex -12.9735 65.2222 4
    endloop
  endfacet
  facet normal -0.219087 0.975705 0
    outer loop
      vertex -16.1582 64.5071 4
      vertex -12.9735 65.2222 0
      vertex -16.1582 64.5071 0
    endloop
  endfacet
  facet normal -0.313662 0.949535 0
    outer loop
      vertex -19.3039 63.6365 0
      vertex -22.4032 62.6127 4
      vertex -19.3039 63.6365 4
    endloop
  endfacet
  facet normal -0.313662 0.949535 0
    outer loop
      vertex -22.4032 62.6127 4
      vertex -19.3039 63.6365 0
      vertex -22.4032 62.6127 0
    endloop
  endfacet
  facet normal -0.122427 0.992478 0
    outer loop
      vertex -6.51814 66.1798 0
      vertex -9.75758 65.7802 4
      vertex -6.51814 66.1798 4
    endloop
  endfacet
  facet normal -0.122427 0.992478 0
    outer loop
      vertex -9.75758 65.7802 4
      vertex -6.51814 66.1798 0
      vertex -9.75758 65.7802 0
    endloop
  endfacet
  facet normal -0.0245406 0.999699 0
    outer loop
      vertex 0 66.5 0
      vertex -3.263 66.4199 4
      vertex 0 66.5 4
    endloop
  endfacet
  facet normal -0.0245406 0.999699 0
    outer loop
      vertex -3.263 66.4199 4
      vertex 0 66.5 0
      vertex -3.263 66.4199 0
    endloop
  endfacet
  facet normal 0.999699 -0.0245406 0
    outer loop
      vertex 66.4199 -3.263 4
      vertex 66.5 0 0
      vertex 66.5 0 4
    endloop
  endfacet
  facet normal 0.999699 -0.0245406 0
    outer loop
      vertex 66.5 0 0
      vertex 66.4199 -3.263 4
      vertex 66.4199 -3.263 0
    endloop
  endfacet
  facet normal 0.0244113 -0.999702 0
    outer loop
      vertex 0.323524 -66.4921 3.20741
      vertex 0 -66.5 4
      vertex 0 -66.5 3.25
    endloop
  endfacet
  facet normal 0.0245644 -0.999698 6.25221e-05
    outer loop
      vertex 0.625 -66.4847 3.08253
      vertex 0 -66.5 4
      vertex 0.323524 -66.4921 3.20741
    endloop
  endfacet
  facet normal 0.0245406 -0.999699 4.62832e-05
    outer loop
      vertex 0 -66.5 4
      vertex 0.625 -66.4847 3.08253
      vertex 3.263 -66.4199 4
    endloop
  endfacet
  facet normal 0.0246057 -0.999697 -0.000141223
    outer loop
      vertex 0.883883 -66.4783 2.88388
      vertex 3.263 -66.4199 4
      vertex 0.625 -66.4847 3.08253
    endloop
  endfacet
  facet normal 0.0245713 -0.999698 -6.76577e-05
    outer loop
      vertex 1.08253 -66.4734 2.625
      vertex 3.263 -66.4199 4
      vertex 0.883883 -66.4783 2.88388
    endloop
  endfacet
  facet normal 0.0244225 -0.999702 0.000168414
    outer loop
      vertex 1.20741 -66.4704 2.32352
      vertex 3.263 -66.4199 4
      vertex 1.08253 -66.4734 2.625
    endloop
  endfacet
  facet normal 0.0246818 -0.999695 -0.000149805
    outer loop
      vertex 1.25 -66.4693 2
      vertex 3.263 -66.4199 4
      vertex 1.20741 -66.4704 2.32352
    endloop
  endfacet
  facet normal 0.0246818 -0.999695 0.000149805
    outer loop
      vertex 3.263 -66.4199 0
      vertex 1.25 -66.4693 2
      vertex 1.20741 -66.4704 1.67648
    endloop
  endfacet
  facet normal 0.0244225 -0.999702 -0.000168414
    outer loop
      vertex 3.263 -66.4199 0
      vertex 1.20741 -66.4704 1.67648
      vertex 1.08253 -66.4734 1.375
    endloop
  endfacet
  facet normal 0.0245713 -0.999698 6.76577e-05
    outer loop
      vertex 3.263 -66.4199 0
      vertex 1.08253 -66.4734 1.375
      vertex 0.883883 -66.4783 1.11612
    endloop
  endfacet
  facet normal 0.0244113 -0.999702 0
    outer loop
      vertex 0 -66.5 0
      vertex 0.323524 -66.4921 0.792592
      vertex 0 -66.5 0.75
    endloop
  endfacet
  facet normal 0.0245644 -0.999698 -6.25215e-05
    outer loop
      vertex 0 -66.5 0
      vertex 0.625 -66.4847 0.917468
      vertex 0.323524 -66.4921 0.792592
    endloop
  endfacet
  facet normal 0.0245406 -0.999699 -4.62833e-05
    outer loop
      vertex 3.263 -66.4199 0
      vertex 0.625 -66.4847 0.917468
      vertex 0 -66.5 0
    endloop
  endfacet
  facet normal 0.0246057 -0.999697 0.000141222
    outer loop
      vertex 0.625 -66.4847 0.917468
      vertex 3.263 -66.4199 0
      vertex 0.883883 -66.4783 1.11612
    endloop
  endfacet
  facet normal 0.0245331 -0.999699 0
    outer loop
      vertex 1.25 -66.4693 2
      vertex 3.263 -66.4199 0
      vertex 3.263 -66.4199 4
    endloop
  endfacet
  facet normal 0.122427 -0.992478 0
    outer loop
      vertex 6.51814 -66.1798 0
      vertex 9.75758 -65.7802 4
      vertex 6.51814 -66.1798 4
    endloop
  endfacet
  facet normal 0.122427 -0.992478 0
    outer loop
      vertex 9.75758 -65.7802 4
      vertex 6.51814 -66.1798 0
      vertex 9.75758 -65.7802 0
    endloop
  endfacet
  facet normal 0.359905 -0.932989 0
    outer loop
      vertex 22.4032 -62.6127 0
      vertex 25.4484 -61.438 4
      vertex 22.4032 -62.6127 4
    endloop
  endfacet
  facet normal 0.359905 -0.932989 0
    outer loop
      vertex 25.4484 -61.438 4
      vertex 22.4032 -62.6127 0
      vertex 25.4484 -61.438 0
    endloop
  endfacet
  facet normal 0.266732 -0.963771 0
    outer loop
      vertex 16.1582 -64.5071 0
      vertex 19.3039 -63.6365 4
      vertex 16.1582 -64.5071 4
    endloop
  endfacet
  facet normal 0.266732 -0.963771 0
    outer loop
      vertex 19.3039 -63.6365 4
      vertex 16.1582 -64.5071 0
      vertex 19.3039 -63.6365 0
    endloop
  endfacet
  facet normal 0.615223 -0.788353 0
    outer loop
      vertex 39.614 -53.4133 0
      vertex 42.1872 -51.4052 4
      vertex 39.614 -53.4133 4
    endloop
  endfacet
  facet normal 0.615223 -0.788353 0
    outer loop
      vertex 42.1872 -51.4052 4
      vertex 39.614 -53.4133 0
      vertex 42.1872 -51.4052 0
    endloop
  endfacet
  facet normal 0.689553 -0.724235 0
    outer loop
      vertex 44.6587 -49.2733 0
      vertex 47.0226 -47.0226 4
      vertex 44.6587 -49.2733 4
    endloop
  endfacet
  facet normal 0.689553 -0.724235 0
    outer loop
      vertex 47.0226 -47.0226 4
      vertex 44.6587 -49.2733 0
      vertex 47.0226 -47.0226 0
    endloop
  endfacet
  facet normal 0.535013 -0.844844 0
    outer loop
      vertex 34.1878 -57.039 0
      vertex 36.9454 -55.2927 4
      vertex 34.1878 -57.039 4
    endloop
  endfacet
  facet normal 0.535013 -0.844844 0
    outer loop
      vertex 36.9454 -55.2927 4
      vertex 34.1878 -57.039 0
      vertex 36.9454 -55.2927 0
    endloop
  endfacet
  facet normal 0.449602 -0.893229 0
    outer loop
      vertex 28.4324 -60.1153 0
      vertex 31.3479 -58.6478 4
      vertex 28.4324 -60.1153 4
    endloop
  endfacet
  facet normal 0.449602 -0.893229 0
    outer loop
      vertex 31.3479 -58.6478 4
      vertex 28.4324 -60.1153 0
      vertex 31.3479 -58.6478 0
    endloop
  endfacet
  facet normal 0.757213 -0.653167 0
    outer loop
      vertex 49.2733 -44.6587 4
      vertex 51.4052 -42.1872 0
      vertex 51.4052 -42.1872 4
    endloop
  endfacet
  facet normal 0.757213 -0.653167 0
    outer loop
      vertex 51.4052 -42.1872 0
      vertex 49.2733 -44.6587 4
      vertex 49.2733 -44.6587 0
    endloop
  endfacet
  facet normal 0.817591 -0.5758 0
    outer loop
      vertex 53.4133 -39.614 4
      vertex 55.2927 -36.9454 0
      vertex 55.2927 -36.9454 4
    endloop
  endfacet
  facet normal 0.817591 -0.5758 0
    outer loop
      vertex 55.2927 -36.9454 0
      vertex 53.4133 -39.614 4
      vertex 53.4133 -39.614 0
    endloop
  endfacet
  facet normal 0.914212 -0.405237 0
    outer loop
      vertex 60.1153 -28.4324 4
      vertex 61.438 -25.4484 0
      vertex 61.438 -25.4484 4
    endloop
  endfacet
  facet normal 0.914212 -0.405237 0
    outer loop
      vertex 61.438 -25.4484 0
      vertex 60.1153 -28.4324 4
      vertex 60.1153 -28.4324 0
    endloop
  endfacet
  facet normal 0.870085 -0.492902 0
    outer loop
      vertex 57.039 -34.1878 4
      vertex 58.6478 -31.3479 0
      vertex 58.6478 -31.3479 4
    endloop
  endfacet
  facet normal 0.870085 -0.492902 0
    outer loop
      vertex 58.6478 -31.3479 0
      vertex 57.039 -34.1878 4
      vertex 57.039 -34.1878 0
    endloop
  endfacet
  facet normal 0.949535 -0.313662 0
    outer loop
      vertex 62.6127 -22.4032 4
      vertex 63.6365 -19.3039 0
      vertex 63.6365 -19.3039 4
    endloop
  endfacet
  facet normal 0.949535 -0.313662 0
    outer loop
      vertex 63.6365 -19.3039 0
      vertex 62.6127 -22.4032 4
      vertex 62.6127 -22.4032 0
    endloop
  endfacet
  facet normal 0.975705 -0.219087 0
    outer loop
      vertex 64.5071 -16.1582 4
      vertex 65.2222 -12.9735 0
      vertex 65.2222 -12.9735 4
    endloop
  endfacet
  facet normal 0.975705 -0.219087 0
    outer loop
      vertex 65.2222 -12.9735 0
      vertex 64.5071 -16.1582 4
      vertex 64.5071 -16.1582 0
    endloop
  endfacet
  facet normal -0.689553 -0.724235 0
    outer loop
      vertex -47.0226 -47.0226 0
      vertex -44.6587 -49.2733 4
      vertex -47.0226 -47.0226 4
    endloop
  endfacet
  facet normal -0.689553 -0.724235 -0
    outer loop
      vertex -44.6587 -49.2733 4
      vertex -47.0226 -47.0226 0
      vertex -44.6587 -49.2733 0
    endloop
  endfacet
  facet normal -0.615223 -0.788353 0
    outer loop
      vertex -42.1872 -51.4052 0
      vertex -39.614 -53.4133 4
      vertex -42.1872 -51.4052 4
    endloop
  endfacet
  facet normal -0.615223 -0.788353 -0
    outer loop
      vertex -39.614 -53.4133 4
      vertex -42.1872 -51.4052 0
      vertex -39.614 -53.4133 0
    endloop
  endfacet
  facet normal -0.449602 -0.893229 0
    outer loop
      vertex -31.3479 -58.6478 0
      vertex -28.4324 -60.1153 4
      vertex -31.3479 -58.6478 4
    endloop
  endfacet
  facet normal -0.449602 -0.893229 -0
    outer loop
      vertex -28.4324 -60.1153 4
      vertex -31.3479 -58.6478 0
      vertex -28.4324 -60.1153 0
    endloop
  endfacet
  facet normal -0.535013 -0.844844 0
    outer loop
      vertex -36.9454 -55.2927 0
      vertex -34.1878 -57.039 4
      vertex -36.9454 -55.2927 4
    endloop
  endfacet
  facet normal -0.535013 -0.844844 -0
    outer loop
      vertex -34.1878 -57.039 4
      vertex -36.9454 -55.2927 0
      vertex -34.1878 -57.039 0
    endloop
  endfacet
  facet normal -0.359905 -0.932989 0
    outer loop
      vertex -25.4484 -61.438 0
      vertex -22.4032 -62.6127 4
      vertex -25.4484 -61.438 4
    endloop
  endfacet
  facet normal -0.359905 -0.932989 -0
    outer loop
      vertex -22.4032 -62.6127 4
      vertex -25.4484 -61.438 0
      vertex -22.4032 -62.6127 0
    endloop
  endfacet
  facet normal -0.266732 -0.963771 0
    outer loop
      vertex -19.3039 -63.6365 0
      vertex -16.1582 -64.5071 4
      vertex -19.3039 -63.6365 4
    endloop
  endfacet
  facet normal -0.266732 -0.963771 -0
    outer loop
      vertex -16.1582 -64.5071 4
      vertex -19.3039 -63.6365 0
      vertex -16.1582 -64.5071 0
    endloop
  endfacet
  facet normal -0.170957 -0.985278 0
    outer loop
      vertex -12.9735 -65.2222 0
      vertex -9.75758 -65.7802 4
      vertex -12.9735 -65.2222 4
    endloop
  endfacet
  facet normal -0.170957 -0.985278 -0
    outer loop
      vertex -9.75758 -65.7802 4
      vertex -12.9735 -65.2222 0
      vertex -9.75758 -65.7802 0
    endloop
  endfacet
  facet normal -0.0735604 -0.997291 0
    outer loop
      vertex -6.51814 -66.1798 0
      vertex -3.263 -66.4199 4
      vertex -6.51814 -66.1798 4
    endloop
  endfacet
  facet normal -0.0735604 -0.997291 -0
    outer loop
      vertex -3.263 -66.4199 4
      vertex -6.51814 -66.1798 0
      vertex -3.263 -66.4199 0
    endloop
  endfacet
  facet normal -0.914212 -0.405237 0
    outer loop
      vertex -60.1153 -28.4324 0
      vertex -61.438 -25.4484 4
      vertex -61.438 -25.4484 0
    endloop
  endfacet
  facet normal -0.914212 -0.405237 0
    outer loop
      vertex -61.438 -25.4484 4
      vertex -60.1153 -28.4324 0
      vertex -60.1153 -28.4324 4
    endloop
  endfacet
  facet normal -0.870085 -0.492902 0
    outer loop
      vertex -57.039 -34.1878 0
      vertex -58.6478 -31.3479 4
      vertex -58.6478 -31.3479 0
    endloop
  endfacet
  facet normal -0.870085 -0.492902 0
    outer loop
      vertex -58.6478 -31.3479 4
      vertex -57.039 -34.1878 0
      vertex -57.039 -34.1878 4
    endloop
  endfacet
  facet normal -0.817591 -0.5758 0
    outer loop
      vertex -53.4133 -39.614 0
      vertex -55.2927 -36.9454 4
      vertex -55.2927 -36.9454 0
    endloop
  endfacet
  facet normal -0.817591 -0.5758 0
    outer loop
      vertex -55.2927 -36.9454 4
      vertex -53.4133 -39.614 0
      vertex -53.4133 -39.614 4
    endloop
  endfacet
  facet normal -0.757213 -0.653167 0
    outer loop
      vertex -49.2733 -44.6587 0
      vertex -51.4052 -42.1872 4
      vertex -51.4052 -42.1872 0
    endloop
  endfacet
  facet normal -0.757213 -0.653167 0
    outer loop
      vertex -51.4052 -42.1872 4
      vertex -49.2733 -44.6587 0
      vertex -49.2733 -44.6587 4
    endloop
  endfacet
  facet normal -0.975705 -0.219087 0
    outer loop
      vertex -64.5071 -16.1582 0
      vertex -65.2222 -12.9735 4
      vertex -65.2222 -12.9735 0
    endloop
  endfacet
  facet normal -0.975705 -0.219087 0
    outer loop
      vertex -65.2222 -12.9735 4
      vertex -64.5071 -16.1582 0
      vertex -64.5071 -16.1582 4
    endloop
  endfacet
  facet normal -0.949535 -0.313662 0
    outer loop
      vertex -62.6127 -22.4032 0
      vertex -63.6365 -19.3039 4
      vertex -63.6365 -19.3039 0
    endloop
  endfacet
  facet normal -0.949535 -0.313662 0
    outer loop
      vertex -63.6365 -19.3039 4
      vertex -62.6127 -22.4032 0
      vertex -62.6127 -22.4032 4
    endloop
  endfacet
  facet normal -0.992478 -0.122427 0
    outer loop
      vertex -65.7802 -9.75758 0
      vertex -66.1798 -6.51814 4
      vertex -66.1798 -6.51814 0
    endloop
  endfacet
  facet normal -0.992478 -0.122427 0
    outer loop
      vertex -66.1798 -6.51814 4
      vertex -65.7802 -9.75758 0
      vertex -65.7802 -9.75758 4
    endloop
  endfacet
  facet normal -0.999699 -0.0245406 0
    outer loop
      vertex -66.4199 -3.263 0
      vertex -66.5 0 4
      vertex -66.5 0 0
    endloop
  endfacet
  facet normal -0.999699 -0.0245406 0
    outer loop
      vertex -66.5 0 4
      vertex -66.4199 -3.263 0
      vertex -66.4199 -3.263 4
    endloop
  endfacet
  facet normal 0.0735604 -0.997291 0
    outer loop
      vertex 3.263 -66.4199 0
      vertex 6.51814 -66.1798 4
      vertex 3.263 -66.4199 4
    endloop
  endfacet
  facet normal 0.0735604 -0.997291 0
    outer loop
      vertex 6.51814 -66.1798 4
      vertex 3.263 -66.4199 0
      vertex 6.51814 -66.1798 0
    endloop
  endfacet
  facet normal 0.170957 -0.985278 0
    outer loop
      vertex 9.75758 -65.7802 0
      vertex 12.9735 -65.2222 4
      vertex 9.75758 -65.7802 4
    endloop
  endfacet
  facet normal 0.170957 -0.985278 0
    outer loop
      vertex 12.9735 -65.2222 4
      vertex 9.75758 -65.7802 0
      vertex 12.9735 -65.2222 0
    endloop
  endfacet
  facet normal 0.405237 -0.914212 0
    outer loop
      vertex 25.4484 -61.438 0
      vertex 28.4324 -60.1153 4
      vertex 25.4484 -61.438 4
    endloop
  endfacet
  facet normal 0.405237 -0.914212 0
    outer loop
      vertex 28.4324 -60.1153 4
      vertex 25.4484 -61.438 0
      vertex 28.4324 -60.1153 0
    endloop
  endfacet
  facet normal 0.313662 -0.949535 0
    outer loop
      vertex 19.3039 -63.6365 0
      vertex 22.4032 -62.6127 4
      vertex 19.3039 -63.6365 4
    endloop
  endfacet
  facet normal 0.313662 -0.949535 0
    outer loop
      vertex 22.4032 -62.6127 4
      vertex 19.3039 -63.6365 0
      vertex 22.4032 -62.6127 0
    endloop
  endfacet
  facet normal 0.653167 -0.757213 0
    outer loop
      vertex 42.1872 -51.4052 0
      vertex 44.6587 -49.2733 4
      vertex 42.1872 -51.4052 4
    endloop
  endfacet
  facet normal 0.653167 -0.757213 0
    outer loop
      vertex 44.6587 -49.2733 4
      vertex 42.1872 -51.4052 0
      vertex 44.6587 -49.2733 0
    endloop
  endfacet
  facet normal 0.724235 -0.689553 0
    outer loop
      vertex 47.0226 -47.0226 4
      vertex 49.2733 -44.6587 0
      vertex 49.2733 -44.6587 4
    endloop
  endfacet
  facet normal 0.724235 -0.689553 0
    outer loop
      vertex 49.2733 -44.6587 0
      vertex 47.0226 -47.0226 4
      vertex 47.0226 -47.0226 0
    endloop
  endfacet
  facet normal 0.5758 -0.817591 0
    outer loop
      vertex 36.9454 -55.2927 0
      vertex 39.614 -53.4133 4
      vertex 36.9454 -55.2927 4
    endloop
  endfacet
  facet normal 0.5758 -0.817591 0
    outer loop
      vertex 39.614 -53.4133 4
      vertex 36.9454 -55.2927 0
      vertex 39.614 -53.4133 0
    endloop
  endfacet
  facet normal 0.492902 -0.870085 0
    outer loop
      vertex 31.3479 -58.6478 0
      vertex 34.1878 -57.039 4
      vertex 31.3479 -58.6478 4
    endloop
  endfacet
  facet normal 0.492902 -0.870085 0
    outer loop
      vertex 34.1878 -57.039 4
      vertex 31.3479 -58.6478 0
      vertex 34.1878 -57.039 0
    endloop
  endfacet
  facet normal 0.788353 -0.615223 0
    outer loop
      vertex 51.4052 -42.1872 4
      vertex 53.4133 -39.614 0
      vertex 53.4133 -39.614 4
    endloop
  endfacet
  facet normal 0.788353 -0.615223 0
    outer loop
      vertex 53.4133 -39.614 0
      vertex 51.4052 -42.1872 4
      vertex 51.4052 -42.1872 0
    endloop
  endfacet
  facet normal 0.844844 -0.535013 0
    outer loop
      vertex 55.2927 -36.9454 4
      vertex 57.039 -34.1878 0
      vertex 57.039 -34.1878 4
    endloop
  endfacet
  facet normal 0.844844 -0.535013 0
    outer loop
      vertex 57.039 -34.1878 0
      vertex 55.2927 -36.9454 4
      vertex 55.2927 -36.9454 0
    endloop
  endfacet
  facet normal 0.932989 -0.359905 0
    outer loop
      vertex 61.438 -25.4484 4
      vertex 62.6127 -22.4032 0
      vertex 62.6127 -22.4032 4
    endloop
  endfacet
  facet normal 0.932989 -0.359905 0
    outer loop
      vertex 62.6127 -22.4032 0
      vertex 61.438 -25.4484 4
      vertex 61.438 -25.4484 0
    endloop
  endfacet
  facet normal 0.893229 -0.449602 0
    outer loop
      vertex 58.6478 -31.3479 4
      vertex 60.1153 -28.4324 0
      vertex 60.1153 -28.4324 4
    endloop
  endfacet
  facet normal 0.893229 -0.449602 0
    outer loop
      vertex 60.1153 -28.4324 0
      vertex 58.6478 -31.3479 4
      vertex 58.6478 -31.3479 0
    endloop
  endfacet
  facet normal 0.963771 -0.266732 0
    outer loop
      vertex 63.6365 -19.3039 4
      vertex 64.5071 -16.1582 0
      vertex 64.5071 -16.1582 4
    endloop
  endfacet
  facet normal 0.963771 -0.266732 0
    outer loop
      vertex 64.5071 -16.1582 0
      vertex 63.6365 -19.3039 4
      vertex 63.6365 -19.3039 0
    endloop
  endfacet
  facet normal 0.985278 -0.170957 0
    outer loop
      vertex 65.2222 -12.9735 4
      vertex 65.7802 -9.75758 0
      vertex 65.7802 -9.75758 4
    endloop
  endfacet
  facet normal 0.985278 -0.170957 0
    outer loop
      vertex 65.7802 -9.75758 0
      vertex 65.2222 -12.9735 4
      vertex 65.2222 -12.9735 0
    endloop
  endfacet
  facet normal 0.997291 -0.0735604 0
    outer loop
      vertex 66.1798 -6.51814 4
      vertex 66.4199 -3.263 0
      vertex 66.4199 -3.263 4
    endloop
  endfacet
  facet normal 0.997291 -0.0735604 0
    outer loop
      vertex 66.4199 -3.263 0
      vertex 66.1798 -6.51814 4
      vertex 66.1798 -6.51814 0
    endloop
  endfacet
  facet normal 0.992478 -0.122427 0
    outer loop
      vertex 65.7802 -9.75758 4
      vertex 66.1798 -6.51814 0
      vertex 66.1798 -6.51814 4
    endloop
  endfacet
  facet normal 0.992478 -0.122427 0
    outer loop
      vertex 66.1798 -6.51814 0
      vertex 65.7802 -9.75758 4
      vertex 65.7802 -9.75758 0
    endloop
  endfacet
  facet normal -0.653167 -0.757213 0
    outer loop
      vertex -44.6587 -49.2733 0
      vertex -42.1872 -51.4052 4
      vertex -44.6587 -49.2733 4
    endloop
  endfacet
  facet normal -0.653167 -0.757213 -0
    outer loop
      vertex -42.1872 -51.4052 4
      vertex -44.6587 -49.2733 0
      vertex -42.1872 -51.4052 0
    endloop
  endfacet
  facet normal -0.5758 -0.817591 0
    outer loop
      vertex -39.614 -53.4133 0
      vertex -36.9454 -55.2927 4
      vertex -39.614 -53.4133 4
    endloop
  endfacet
  facet normal -0.5758 -0.817591 -0
    outer loop
      vertex -36.9454 -55.2927 4
      vertex -39.614 -53.4133 0
      vertex -36.9454 -55.2927 0
    endloop
  endfacet
  facet normal -0.405237 -0.914212 0
    outer loop
      vertex -28.4324 -60.1153 0
      vertex -25.4484 -61.438 4
      vertex -28.4324 -60.1153 4
    endloop
  endfacet
  facet normal -0.405237 -0.914212 -0
    outer loop
      vertex -25.4484 -61.438 4
      vertex -28.4324 -60.1153 0
      vertex -25.4484 -61.438 0
    endloop
  endfacet
  facet normal -0.492902 -0.870085 0
    outer loop
      vertex -34.1878 -57.039 0
      vertex -31.3479 -58.6478 4
      vertex -34.1878 -57.039 4
    endloop
  endfacet
  facet normal -0.492902 -0.870085 -0
    outer loop
      vertex -31.3479 -58.6478 4
      vertex -34.1878 -57.039 0
      vertex -31.3479 -58.6478 0
    endloop
  endfacet
  facet normal -0.313662 -0.949535 0
    outer loop
      vertex -22.4032 -62.6127 0
      vertex -19.3039 -63.6365 4
      vertex -22.4032 -62.6127 4
    endloop
  endfacet
  facet normal -0.313662 -0.949535 -0
    outer loop
      vertex -19.3039 -63.6365 4
      vertex -22.4032 -62.6127 0
      vertex -19.3039 -63.6365 0
    endloop
  endfacet
  facet normal -0.219087 -0.975705 0
    outer loop
      vertex -16.1582 -64.5071 0
      vertex -12.9735 -65.2222 4
      vertex -16.1582 -64.5071 4
    endloop
  endfacet
  facet normal -0.219087 -0.975705 -0
    outer loop
      vertex -12.9735 -65.2222 4
      vertex -16.1582 -64.5071 0
      vertex -12.9735 -65.2222 0
    endloop
  endfacet
  facet normal -0.122427 -0.992478 0
    outer loop
      vertex -9.75758 -65.7802 0
      vertex -6.51814 -66.1798 4
      vertex -9.75758 -65.7802 4
    endloop
  endfacet
  facet normal -0.122427 -0.992478 -0
    outer loop
      vertex -6.51814 -66.1798 4
      vertex -9.75758 -65.7802 0
      vertex -6.51814 -66.1798 0
    endloop
  endfacet
  facet normal -0.0245406 -0.999699 4.62832e-05
    outer loop
      vertex -0.625 -66.4847 3.08253
      vertex 0 -66.5 4
      vertex -3.263 -66.4199 4
    endloop
  endfacet
  facet normal -0.0244113 -0.999702 -0
    outer loop
      vertex 0 -66.5 4
      vertex -0.323524 -66.4921 3.20741
      vertex 0 -66.5 3.25
    endloop
  endfacet
  facet normal -0.0245644 -0.999698 6.25221e-05
    outer loop
      vertex 0 -66.5 4
      vertex -0.625 -66.4847 3.08253
      vertex -0.323524 -66.4921 3.20741
    endloop
  endfacet
  facet normal -0.0246057 -0.999697 -0.000141223
    outer loop
      vertex -3.263 -66.4199 4
      vertex -0.883883 -66.4783 2.88388
      vertex -0.625 -66.4847 3.08253
    endloop
  endfacet
  facet normal -0.0245713 -0.999698 -6.76577e-05
    outer loop
      vertex -3.263 -66.4199 4
      vertex -1.08253 -66.4734 2.625
      vertex -0.883883 -66.4783 2.88388
    endloop
  endfacet
  facet normal -0.0244225 -0.999702 0.000168414
    outer loop
      vertex -3.263 -66.4199 4
      vertex -1.20741 -66.4704 2.32352
      vertex -1.08253 -66.4734 2.625
    endloop
  endfacet
  facet normal -0.0246818 -0.999695 -0.000149805
    outer loop
      vertex -3.263 -66.4199 4
      vertex -1.25 -66.4693 2
      vertex -1.20741 -66.4704 2.32352
    endloop
  endfacet
  facet normal -0.0245331 -0.999699 0
    outer loop
      vertex -3.263 -66.4199 0
      vertex -1.25 -66.4693 2
      vertex -3.263 -66.4199 4
    endloop
  endfacet
  facet normal -0.0246818 -0.999695 0.000149805
    outer loop
      vertex -1.25 -66.4693 2
      vertex -3.263 -66.4199 0
      vertex -1.20741 -66.4704 1.67648
    endloop
  endfacet
  facet normal -0.0244225 -0.999702 -0.000168414
    outer loop
      vertex -1.20741 -66.4704 1.67648
      vertex -3.263 -66.4199 0
      vertex -1.08253 -66.4734 1.375
    endloop
  endfacet
  facet normal -0.0245713 -0.999698 6.76577e-05
    outer loop
      vertex -1.08253 -66.4734 1.375
      vertex -3.263 -66.4199 0
      vertex -0.883883 -66.4783 1.11612
    endloop
  endfacet
  facet normal -0.0246057 -0.999697 0.000141222
    outer loop
      vertex -3.263 -66.4199 0
      vertex -0.625 -66.4847 0.917468
      vertex -0.883883 -66.4783 1.11612
    endloop
  endfacet
  facet normal -0.0245406 -0.999699 -4.62833e-05
    outer loop
      vertex 0 -66.5 0
      vertex -0.625 -66.4847 0.917468
      vertex -3.263 -66.4199 0
    endloop
  endfacet
  facet normal -0.0245644 -0.999698 -6.25215e-05
    outer loop
      vertex -0.625 -66.4847 0.917468
      vertex 0 -66.5 0
      vertex -0.323524 -66.4921 0.792592
    endloop
  endfacet
  facet normal -0.0244113 -0.999702 0
    outer loop
      vertex -0.323524 -66.4921 0.792592
      vertex 0 -66.5 0
      vertex 0 -66.5 0.75
    endloop
  endfacet
  facet normal -0.893229 -0.449602 0
    outer loop
      vertex -58.6478 -31.3479 0
      vertex -60.1153 -28.4324 4
      vertex -60.1153 -28.4324 0
    endloop
  endfacet
  facet normal -0.893229 -0.449602 0
    outer loop
      vertex -60.1153 -28.4324 4
      vertex -58.6478 -31.3479 0
      vertex -58.6478 -31.3479 4
    endloop
  endfacet
  facet normal -0.844844 -0.535013 0
    outer loop
      vertex -55.2927 -36.9454 0
      vertex -57.039 -34.1878 4
      vertex -57.039 -34.1878 0
    endloop
  endfacet
  facet normal -0.844844 -0.535013 0
    outer loop
      vertex -57.039 -34.1878 4
      vertex -55.2927 -36.9454 0
      vertex -55.2927 -36.9454 4
    endloop
  endfacet
  facet normal -0.788353 -0.615223 0
    outer loop
      vertex -51.4052 -42.1872 0
      vertex -53.4133 -39.614 4
      vertex -53.4133 -39.614 0
    endloop
  endfacet
  facet normal -0.788353 -0.615223 0
    outer loop
      vertex -53.4133 -39.614 4
      vertex -51.4052 -42.1872 0
      vertex -51.4052 -42.1872 4
    endloop
  endfacet
  facet normal -0.724235 -0.689553 0
    outer loop
      vertex -47.0226 -47.0226 0
      vertex -49.2733 -44.6587 4
      vertex -49.2733 -44.6587 0
    endloop
  endfacet
  facet normal -0.724235 -0.689553 0
    outer loop
      vertex -49.2733 -44.6587 4
      vertex -47.0226 -47.0226 0
      vertex -47.0226 -47.0226 4
    endloop
  endfacet
  facet normal -0.963771 -0.266732 0
    outer loop
      vertex -63.6365 -19.3039 0
      vertex -64.5071 -16.1582 4
      vertex -64.5071 -16.1582 0
    endloop
  endfacet
  facet normal -0.963771 -0.266732 0
    outer loop
      vertex -64.5071 -16.1582 4
      vertex -63.6365 -19.3039 0
      vertex -63.6365 -19.3039 4
    endloop
  endfacet
  facet normal -0.932989 -0.359905 0
    outer loop
      vertex -61.438 -25.4484 0
      vertex -62.6127 -22.4032 4
      vertex -62.6127 -22.4032 0
    endloop
  endfacet
  facet normal -0.932989 -0.359905 0
    outer loop
      vertex -62.6127 -22.4032 4
      vertex -61.438 -25.4484 0
      vertex -61.438 -25.4484 4
    endloop
  endfacet
  facet normal -0.985278 -0.170957 0
    outer loop
      vertex -65.2222 -12.9735 0
      vertex -65.7802 -9.75758 4
      vertex -65.7802 -9.75758 0
    endloop
  endfacet
  facet normal -0.985278 -0.170957 0
    outer loop
      vertex -65.7802 -9.75758 4
      vertex -65.2222 -12.9735 0
      vertex -65.2222 -12.9735 4
    endloop
  endfacet
  facet normal -0.997291 -0.0735604 0
    outer loop
      vertex -66.1798 -6.51814 0
      vertex -66.4199 -3.263 4
      vertex -66.4199 -3.263 0
    endloop
  endfacet
  facet normal -0.997291 -0.0735604 0
    outer loop
      vertex -66.4199 -3.263 4
      vertex -66.1798 -6.51814 0
      vertex -66.1798 -6.51814 4
    endloop
  endfacet
  facet normal 0.219087 -0.975705 0
    outer loop
      vertex 12.9735 -65.2222 0
      vertex 16.1582 -64.5071 4
      vertex 12.9735 -65.2222 4
    endloop
  endfacet
  facet normal 0.219087 -0.975705 0
    outer loop
      vertex 16.1582 -64.5071 4
      vertex 12.9735 -65.2222 0
      vertex 16.1582 -64.5071 0
    endloop
  endfacet
  facet normal -0.689554 -0.724234 0
    outer loop
      vertex 31.5633 34.8247 0
      vertex 33.234 33.234 4
      vertex 31.5633 34.8247 4
    endloop
  endfacet
  facet normal -0.689554 -0.724234 -0
    outer loop
      vertex 33.234 33.234 4
      vertex 31.5633 34.8247 0
      vertex 33.234 33.234 0
    endloop
  endfacet
  facet normal 0.35992 -0.932983 0
    outer loop
      vertex -17.9861 43.4223 0
      vertex -15.8338 44.2526 4
      vertex -17.9861 43.4223 4
    endloop
  endfacet
  facet normal 0.35992 -0.932983 0
    outer loop
      vertex -15.8338 44.2526 4
      vertex -17.9861 43.4223 0
      vertex -15.8338 44.2526 0
    endloop
  endfacet
  facet normal 0.914219 -0.405221 0
    outer loop
      vertex -43.4223 17.9861 4
      vertex -42.4875 20.0951 0
      vertex -42.4875 20.0951 4
    endloop
  endfacet
  facet normal 0.914219 -0.405221 0
    outer loop
      vertex -42.4875 20.0951 0
      vertex -43.4223 17.9861 4
      vertex -43.4223 17.9861 0
    endloop
  endfacet
  facet normal -0.914219 -0.405221 0
    outer loop
      vertex 43.4223 17.9861 0
      vertex 42.4875 20.0951 4
      vertex 42.4875 20.0951 0
    endloop
  endfacet
  facet normal -0.914219 -0.405221 0
    outer loop
      vertex 42.4875 20.0951 4
      vertex 43.4223 17.9861 0
      vertex 43.4223 17.9861 4
    endloop
  endfacet
  facet normal -0.405221 -0.914219 0
    outer loop
      vertex 17.9861 43.4223 0
      vertex 20.0951 42.4875 4
      vertex 17.9861 43.4223 4
    endloop
  endfacet
  facet normal -0.405221 -0.914219 -0
    outer loop
      vertex 20.0951 42.4875 4
      vertex 17.9861 43.4223 0
      vertex 20.0951 42.4875 0
    endloop
  endfacet
  facet normal 0.724234 -0.689554 0
    outer loop
      vertex -34.8247 31.5633 4
      vertex -33.234 33.234 0
      vertex -33.234 33.234 4
    endloop
  endfacet
  facet normal 0.724234 -0.689554 0
    outer loop
      vertex -33.234 33.234 0
      vertex -34.8247 31.5633 4
      vertex -34.8247 31.5633 0
    endloop
  endfacet
  facet normal 0.170967 -0.985277 0
    outer loop
      vertex -9.16924 46.0969 0
      vertex -6.89633 46.4913 4
      vertex -9.16924 46.0969 4
    endloop
  endfacet
  facet normal 0.170967 -0.985277 0
    outer loop
      vertex -6.89633 46.4913 4
      vertex -9.16924 46.0969 0
      vertex -6.89633 46.4913 0
    endloop
  endfacet
  facet normal -0.999699 0.0245354 0
    outer loop
      vertex 46.9434 -2.30618 0
      vertex 47 0 4
      vertex 47 0 0
    endloop
  endfacet
  facet normal -0.999699 0.0245354 0
    outer loop
      vertex 47 0 4
      vertex 46.9434 -2.30618 0
      vertex 46.9434 -2.30618 4
    endloop
  endfacet
  facet normal -0.724234 0.689554 0
    outer loop
      vertex 33.234 -33.234 0
      vertex 34.8247 -31.5633 4
      vertex 34.8247 -31.5633 0
    endloop
  endfacet
  facet normal -0.724234 0.689554 0
    outer loop
      vertex 34.8247 -31.5633 4
      vertex 33.234 -33.234 0
      vertex 33.234 -33.234 4
    endloop
  endfacet
  facet normal 0.689554 0.724234 -0
    outer loop
      vertex -31.5633 -34.8247 0
      vertex -33.234 -33.234 4
      vertex -31.5633 -34.8247 4
    endloop
  endfacet
  facet normal 0.689554 0.724234 0
    outer loop
      vertex -33.234 -33.234 4
      vertex -31.5633 -34.8247 0
      vertex -33.234 -33.234 0
    endloop
  endfacet
  facet normal 0.94953 0.313678 0
    outer loop
      vertex -44.2526 -15.8338 4
      vertex -44.9762 -13.6434 0
      vertex -44.9762 -13.6434 4
    endloop
  endfacet
  facet normal 0.94953 0.313678 0
    outer loop
      vertex -44.9762 -13.6434 0
      vertex -44.2526 -15.8338 4
      vertex -44.2526 -15.8338 0
    endloop
  endfacet
  facet normal -0.992479 -0.122416 0
    outer loop
      vertex 46.7737 4.6068 0
      vertex 46.4913 6.89633 4
      vertex 46.4913 6.89633 0
    endloop
  endfacet
  facet normal -0.992479 -0.122416 0
    outer loop
      vertex 46.4913 6.89633 4
      vertex 46.7737 4.6068 0
      vertex 46.7737 4.6068 4
    endloop
  endfacet
  facet normal -0.975707 -0.219082 0
    outer loop
      vertex 46.0969 9.16924 0
      vertex 45.5915 11.4201 4
      vertex 45.5915 11.4201 0
    endloop
  endfacet
  facet normal -0.975707 -0.219082 0
    outer loop
      vertex 45.5915 11.4201 4
      vertex 46.0969 9.16924 0
      vertex 46.0969 9.16924 4
    endloop
  endfacet
  facet normal -0.963773 -0.266725 0
    outer loop
      vertex 45.5915 11.4201 0
      vertex 44.9762 13.6434 4
      vertex 44.9762 13.6434 0
    endloop
  endfacet
  facet normal -0.963773 -0.266725 0
    outer loop
      vertex 44.9762 13.6434 4
      vertex 45.5915 11.4201 0
      vertex 45.5915 11.4201 4
    endloop
  endfacet
  facet normal -0.844871 -0.53497 0
    outer loop
      vertex 40.3132 24.1628 0
      vertex 39.0791 26.1118 4
      vertex 39.0791 26.1118 0
    endloop
  endfacet
  facet normal -0.844871 -0.53497 0
    outer loop
      vertex 39.0791 26.1118 4
      vertex 40.3132 24.1628 0
      vertex 40.3132 24.1628 4
    endloop
  endfacet
  facet normal -0.575796 -0.817593 0
    outer loop
      vertex 26.1118 39.0791 0
      vertex 27.9979 37.7508 4
      vertex 26.1118 39.0791 4
    endloop
  endfacet
  facet normal -0.575796 -0.817593 -0
    outer loop
      vertex 27.9979 37.7508 4
      vertex 26.1118 39.0791 0
      vertex 27.9979 37.7508 0
    endloop
  endfacet
  facet normal -0.0245354 -0.999699 0
    outer loop
      vertex 0 47 0
      vertex 2.30618 46.9434 4
      vertex 0 47 4
    endloop
  endfacet
  facet normal -0.0245354 -0.999699 -0
    outer loop
      vertex 2.30618 46.9434 4
      vertex 0 47 0
      vertex 2.30618 46.9434 0
    endloop
  endfacet
  facet normal -0.219082 -0.975707 0
    outer loop
      vertex 9.16924 46.0969 0
      vertex 11.4201 45.5915 4
      vertex 9.16924 46.0969 4
    endloop
  endfacet
  facet normal -0.219082 -0.975707 -0
    outer loop
      vertex 11.4201 45.5915 4
      vertex 9.16924 46.0969 0
      vertex 11.4201 45.5915 0
    endloop
  endfacet
  facet normal 0.999699 -0.0245354 0
    outer loop
      vertex -47 0 4
      vertex -46.9434 2.30618 0
      vertex -46.9434 2.30618 4
    endloop
  endfacet
  facet normal 0.999699 -0.0245354 0
    outer loop
      vertex -46.9434 2.30618 0
      vertex -47 0 4
      vertex -47 0 0
    endloop
  endfacet
  facet normal 0.975707 -0.219082 0
    outer loop
      vertex -46.0969 9.16924 4
      vertex -45.5915 11.4201 0
      vertex -45.5915 11.4201 4
    endloop
  endfacet
  facet normal 0.975707 -0.219082 0
    outer loop
      vertex -45.5915 11.4201 0
      vertex -46.0969 9.16924 4
      vertex -46.0969 9.16924 0
    endloop
  endfacet
  facet normal 0.817593 -0.575796 0
    outer loop
      vertex -39.0791 26.1118 4
      vertex -37.7508 27.9979 0
      vertex -37.7508 27.9979 4
    endloop
  endfacet
  facet normal 0.817593 -0.575796 0
    outer loop
      vertex -37.7508 27.9979 0
      vertex -39.0791 26.1118 4
      vertex -39.0791 26.1118 0
    endloop
  endfacet
  facet normal 0.53497 -0.844871 0
    outer loop
      vertex -26.1118 39.0791 0
      vertex -24.1628 40.3132 4
      vertex -26.1118 39.0791 4
    endloop
  endfacet
  facet normal 0.53497 -0.844871 0
    outer loop
      vertex -24.1628 40.3132 4
      vertex -26.1118 39.0791 0
      vertex -24.1628 40.3132 0
    endloop
  endfacet
  facet normal 0.449622 -0.893219 0
    outer loop
      vertex -22.1556 41.4503 0
      vertex -20.0951 42.4875 4
      vertex -22.1556 41.4503 4
    endloop
  endfacet
  facet normal 0.449622 -0.893219 0
    outer loop
      vertex -20.0951 42.4875 4
      vertex -22.1556 41.4503 0
      vertex -20.0951 42.4875 0
    endloop
  endfacet
  facet normal -0.999699 -0.0245354 0
    outer loop
      vertex 47 0 0
      vertex 46.9434 2.30618 4
      vertex 46.9434 2.30618 0
    endloop
  endfacet
  facet normal -0.999699 -0.0245354 0
    outer loop
      vertex 46.9434 2.30618 4
      vertex 47 0 0
      vertex 47 0 4
    endloop
  endfacet
  facet normal 0.0245354 0.999699 -0
    outer loop
      vertex 0 -47 0
      vertex -2.30618 -46.9434 4
      vertex 0 -47 4
    endloop
  endfacet
  facet normal 0.0245354 0.999699 0
    outer loop
      vertex -2.30618 -46.9434 4
      vertex 0 -47 0
      vertex -2.30618 -46.9434 0
    endloop
  endfacet
  facet normal 0.405221 0.914219 -0
    outer loop
      vertex -17.9861 -43.4223 0
      vertex -20.0951 -42.4875 4
      vertex -17.9861 -43.4223 4
    endloop
  endfacet
  facet normal 0.405221 0.914219 0
    outer loop
      vertex -20.0951 -42.4875 4
      vertex -17.9861 -43.4223 0
      vertex -20.0951 -42.4875 0
    endloop
  endfacet
  facet normal 0.893219 0.449622 0
    outer loop
      vertex -41.4503 -22.1556 4
      vertex -42.4875 -20.0951 0
      vertex -42.4875 -20.0951 4
    endloop
  endfacet
  facet normal 0.893219 0.449622 0
    outer loop
      vertex -42.4875 -20.0951 0
      vertex -41.4503 -22.1556 4
      vertex -41.4503 -22.1556 0
    endloop
  endfacet
  facet normal 0.817593 0.575796 0
    outer loop
      vertex -37.7508 -27.9979 4
      vertex -39.0791 -26.1118 0
      vertex -39.0791 -26.1118 4
    endloop
  endfacet
  facet normal 0.817593 0.575796 0
    outer loop
      vertex -39.0791 -26.1118 0
      vertex -37.7508 -27.9979 4
      vertex -37.7508 -27.9979 0
    endloop
  endfacet
  facet normal -0.997291 -0.0735629 0
    outer loop
      vertex 46.9434 2.30618 0
      vertex 46.7737 4.6068 4
      vertex 46.7737 4.6068 0
    endloop
  endfacet
  facet normal -0.997291 -0.0735629 0
    outer loop
      vertex 46.7737 4.6068 4
      vertex 46.9434 2.30618 0
      vertex 46.9434 2.30618 4
    endloop
  endfacet
  facet normal -0.985277 -0.170967 0
    outer loop
      vertex 46.4913 6.89633 0
      vertex 46.0969 9.16924 4
      vertex 46.0969 9.16924 0
    endloop
  endfacet
  facet normal -0.985277 -0.170967 0
    outer loop
      vertex 46.0969 9.16924 4
      vertex 46.4913 6.89633 0
      vertex 46.4913 6.89633 4
    endloop
  endfacet
  facet normal -0.932983 -0.35992 0
    outer loop
      vertex 44.2526 15.8338 0
      vertex 43.4223 17.9861 4
      vertex 43.4223 17.9861 0
    endloop
  endfacet
  facet normal -0.932983 -0.35992 0
    outer loop
      vertex 43.4223 17.9861 4
      vertex 44.2526 15.8338 0
      vertex 44.2526 15.8338 4
    endloop
  endfacet
  facet normal -0.94953 -0.313678 0
    outer loop
      vertex 44.9762 13.6434 0
      vertex 44.2526 15.8338 4
      vertex 44.2526 15.8338 0
    endloop
  endfacet
  facet normal -0.94953 -0.313678 0
    outer loop
      vertex 44.2526 15.8338 4
      vertex 44.9762 13.6434 0
      vertex 44.9762 13.6434 4
    endloop
  endfacet
  facet normal -0.893219 -0.449622 0
    outer loop
      vertex 42.4875 20.0951 0
      vertex 41.4503 22.1556 4
      vertex 41.4503 22.1556 0
    endloop
  endfacet
  facet normal -0.893219 -0.449622 0
    outer loop
      vertex 41.4503 22.1556 4
      vertex 42.4875 20.0951 0
      vertex 42.4875 20.0951 4
    endloop
  endfacet
  facet normal -0.87008 -0.49291 0
    outer loop
      vertex 41.4503 22.1556 0
      vertex 40.3132 24.1628 4
      vertex 40.3132 24.1628 0
    endloop
  endfacet
  facet normal -0.87008 -0.49291 0
    outer loop
      vertex 40.3132 24.1628 4
      vertex 41.4503 22.1556 0
      vertex 41.4503 22.1556 4
    endloop
  endfacet
  facet normal -0.788336 -0.615245 0
    outer loop
      vertex 37.7508 27.9979 0
      vertex 36.3315 29.8165 4
      vertex 36.3315 29.8165 0
    endloop
  endfacet
  facet normal -0.788336 -0.615245 0
    outer loop
      vertex 36.3315 29.8165 4
      vertex 37.7508 27.9979 0
      vertex 37.7508 27.9979 4
    endloop
  endfacet
  facet normal -0.757209 -0.653173 0
    outer loop
      vertex 36.3315 29.8165 0
      vertex 34.8247 31.5633 4
      vertex 34.8247 31.5633 0
    endloop
  endfacet
  facet normal -0.757209 -0.653173 0
    outer loop
      vertex 34.8247 31.5633 4
      vertex 36.3315 29.8165 0
      vertex 36.3315 29.8165 4
    endloop
  endfacet
  facet normal -0.817593 -0.575796 0
    outer loop
      vertex 39.0791 26.1118 0
      vertex 37.7508 27.9979 4
      vertex 37.7508 27.9979 0
    endloop
  endfacet
  facet normal -0.817593 -0.575796 0
    outer loop
      vertex 37.7508 27.9979 4
      vertex 39.0791 26.1118 0
      vertex 39.0791 26.1118 4
    endloop
  endfacet
  facet normal -0.724234 -0.689554 0
    outer loop
      vertex 34.8247 31.5633 0
      vertex 33.234 33.234 4
      vertex 33.234 33.234 0
    endloop
  endfacet
  facet normal -0.724234 -0.689554 0
    outer loop
      vertex 33.234 33.234 4
      vertex 34.8247 31.5633 0
      vertex 34.8247 31.5633 4
    endloop
  endfacet
  facet normal -0.653173 -0.757209 0
    outer loop
      vertex 29.8165 36.3315 0
      vertex 31.5633 34.8247 4
      vertex 29.8165 36.3315 4
    endloop
  endfacet
  facet normal -0.653173 -0.757209 -0
    outer loop
      vertex 31.5633 34.8247 4
      vertex 29.8165 36.3315 0
      vertex 31.5633 34.8247 0
    endloop
  endfacet
  facet normal -0.615245 -0.788336 0
    outer loop
      vertex 27.9979 37.7508 0
      vertex 29.8165 36.3315 4
      vertex 27.9979 37.7508 4
    endloop
  endfacet
  facet normal -0.615245 -0.788336 -0
    outer loop
      vertex 29.8165 36.3315 4
      vertex 27.9979 37.7508 0
      vertex 29.8165 36.3315 0
    endloop
  endfacet
  facet normal -0.49291 -0.87008 0
    outer loop
      vertex 22.1556 41.4503 0
      vertex 24.1628 40.3132 4
      vertex 22.1556 41.4503 4
    endloop
  endfacet
  facet normal -0.49291 -0.87008 -0
    outer loop
      vertex 24.1628 40.3132 4
      vertex 22.1556 41.4503 0
      vertex 24.1628 40.3132 0
    endloop
  endfacet
  facet normal -0.449622 -0.893219 0
    outer loop
      vertex 20.0951 42.4875 0
      vertex 22.1556 41.4503 4
      vertex 20.0951 42.4875 4
    endloop
  endfacet
  facet normal -0.449622 -0.893219 -0
    outer loop
      vertex 22.1556 41.4503 4
      vertex 20.0951 42.4875 0
      vertex 22.1556 41.4503 0
    endloop
  endfacet
  facet normal -0.53497 -0.844871 0
    outer loop
      vertex 24.1628 40.3132 0
      vertex 26.1118 39.0791 4
      vertex 24.1628 40.3132 4
    endloop
  endfacet
  facet normal -0.53497 -0.844871 -0
    outer loop
      vertex 26.1118 39.0791 4
      vertex 24.1628 40.3132 0
      vertex 26.1118 39.0791 0
    endloop
  endfacet
  facet normal -0.313678 -0.94953 0
    outer loop
      vertex 13.6434 44.9762 0
      vertex 15.8338 44.2526 4
      vertex 13.6434 44.9762 4
    endloop
  endfacet
  facet normal -0.313678 -0.94953 -0
    outer loop
      vertex 15.8338 44.2526 4
      vertex 13.6434 44.9762 0
      vertex 15.8338 44.2526 0
    endloop
  endfacet
  facet normal -0.35992 -0.932983 0
    outer loop
      vertex 15.8338 44.2526 0
      vertex 17.9861 43.4223 4
      vertex 15.8338 44.2526 4
    endloop
  endfacet
  facet normal -0.35992 -0.932983 -0
    outer loop
      vertex 17.9861 43.4223 4
      vertex 15.8338 44.2526 0
      vertex 17.9861 43.4223 0
    endloop
  endfacet
  facet normal -0.122416 -0.992479 0
    outer loop
      vertex 4.6068 46.7737 0
      vertex 6.89633 46.4913 4
      vertex 4.6068 46.7737 4
    endloop
  endfacet
  facet normal -0.122416 -0.992479 -0
    outer loop
      vertex 6.89633 46.4913 4
      vertex 4.6068 46.7737 0
      vertex 6.89633 46.4913 0
    endloop
  endfacet
  facet normal -0.266725 -0.963773 0
    outer loop
      vertex 11.4201 45.5915 0
      vertex 13.6434 44.9762 4
      vertex 11.4201 45.5915 4
    endloop
  endfacet
  facet normal -0.266725 -0.963773 -0
    outer loop
      vertex 13.6434 44.9762 4
      vertex 11.4201 45.5915 0
      vertex 13.6434 44.9762 0
    endloop
  endfacet
  facet normal 0.94953 -0.313678 0
    outer loop
      vertex -44.9762 13.6434 4
      vertex -44.2526 15.8338 0
      vertex -44.2526 15.8338 4
    endloop
  endfacet
  facet normal 0.94953 -0.313678 0
    outer loop
      vertex -44.2526 15.8338 0
      vertex -44.9762 13.6434 4
      vertex -44.9762 13.6434 0
    endloop
  endfacet
  facet normal 0.932983 -0.35992 0
    outer loop
      vertex -44.2526 15.8338 4
      vertex -43.4223 17.9861 0
      vertex -43.4223 17.9861 4
    endloop
  endfacet
  facet normal 0.932983 -0.35992 0
    outer loop
      vertex -43.4223 17.9861 0
      vertex -44.2526 15.8338 4
      vertex -44.2526 15.8338 0
    endloop
  endfacet
  facet normal 0.992479 -0.122416 0
    outer loop
      vertex -46.7737 4.6068 4
      vertex -46.4913 6.89633 0
      vertex -46.4913 6.89633 4
    endloop
  endfacet
  facet normal 0.992479 -0.122416 0
    outer loop
      vertex -46.4913 6.89633 0
      vertex -46.7737 4.6068 4
      vertex -46.7737 4.6068 0
    endloop
  endfacet
  facet normal 0.997291 -0.0735629 0
    outer loop
      vertex -46.9434 2.30618 4
      vertex -46.7737 4.6068 0
      vertex -46.7737 4.6068 4
    endloop
  endfacet
  facet normal 0.997291 -0.0735629 0
    outer loop
      vertex -46.7737 4.6068 0
      vertex -46.9434 2.30618 4
      vertex -46.9434 2.30618 0
    endloop
  endfacet
  facet normal 0.963773 -0.266725 0
    outer loop
      vertex -45.5915 11.4201 4
      vertex -44.9762 13.6434 0
      vertex -44.9762 13.6434 4
    endloop
  endfacet
  facet normal 0.963773 -0.266725 0
    outer loop
      vertex -44.9762 13.6434 0
      vertex -45.5915 11.4201 4
      vertex -45.5915 11.4201 0
    endloop
  endfacet
  facet normal 0.87008 -0.49291 0
    outer loop
      vertex -41.4503 22.1556 4
      vertex -40.3132 24.1628 0
      vertex -40.3132 24.1628 4
    endloop
  endfacet
  facet normal 0.87008 -0.49291 0
    outer loop
      vertex -40.3132 24.1628 0
      vertex -41.4503 22.1556 4
      vertex -41.4503 22.1556 0
    endloop
  endfacet
  facet normal 0.844871 -0.53497 0
    outer loop
      vertex -40.3132 24.1628 4
      vertex -39.0791 26.1118 0
      vertex -39.0791 26.1118 4
    endloop
  endfacet
  facet normal 0.844871 -0.53497 0
    outer loop
      vertex -39.0791 26.1118 0
      vertex -40.3132 24.1628 4
      vertex -40.3132 24.1628 0
    endloop
  endfacet
  facet normal 0.893219 -0.449622 0
    outer loop
      vertex -42.4875 20.0951 4
      vertex -41.4503 22.1556 0
      vertex -41.4503 22.1556 4
    endloop
  endfacet
  facet normal 0.893219 -0.449622 0
    outer loop
      vertex -41.4503 22.1556 0
      vertex -42.4875 20.0951 4
      vertex -42.4875 20.0951 0
    endloop
  endfacet
  facet normal 0.757209 -0.653173 0
    outer loop
      vertex -36.3315 29.8165 4
      vertex -34.8247 31.5633 0
      vertex -34.8247 31.5633 4
    endloop
  endfacet
  facet normal 0.757209 -0.653173 0
    outer loop
      vertex -34.8247 31.5633 0
      vertex -36.3315 29.8165 4
      vertex -36.3315 29.8165 0
    endloop
  endfacet
  facet normal 0.788336 -0.615245 0
    outer loop
      vertex -37.7508 27.9979 4
      vertex -36.3315 29.8165 0
      vertex -36.3315 29.8165 4
    endloop
  endfacet
  facet normal 0.788336 -0.615245 0
    outer loop
      vertex -36.3315 29.8165 0
      vertex -37.7508 27.9979 4
      vertex -37.7508 27.9979 0
    endloop
  endfacet
  facet normal 0.266725 -0.963773 0
    outer loop
      vertex -13.6434 44.9762 0
      vertex -11.4201 45.5915 4
      vertex -13.6434 44.9762 4
    endloop
  endfacet
  facet normal 0.266725 -0.963773 0
    outer loop
      vertex -11.4201 45.5915 4
      vertex -13.6434 44.9762 0
      vertex -11.4201 45.5915 0
    endloop
  endfacet
  facet normal 0.313678 -0.94953 0
    outer loop
      vertex -15.8338 44.2526 0
      vertex -13.6434 44.9762 4
      vertex -15.8338 44.2526 4
    endloop
  endfacet
  facet normal 0.313678 -0.94953 0
    outer loop
      vertex -13.6434 44.9762 4
      vertex -15.8338 44.2526 0
      vertex -13.6434 44.9762 0
    endloop
  endfacet
  facet normal 0.0245354 -0.999699 0
    outer loop
      vertex -2.30618 46.9434 0
      vertex 0 47 4
      vertex -2.30618 46.9434 4
    endloop
  endfacet
  facet normal 0.0245354 -0.999699 0
    outer loop
      vertex 0 47 4
      vertex -2.30618 46.9434 0
      vertex 0 47 0
    endloop
  endfacet
  facet normal 0.122416 -0.992479 0
    outer loop
      vertex -6.89633 46.4913 0
      vertex -4.6068 46.7737 4
      vertex -6.89633 46.4913 4
    endloop
  endfacet
  facet normal 0.122416 -0.992479 0
    outer loop
      vertex -4.6068 46.7737 4
      vertex -6.89633 46.4913 0
      vertex -4.6068 46.7737 0
    endloop
  endfacet
  facet normal 0.0735629 -0.997291 0
    outer loop
      vertex -4.6068 46.7737 0
      vertex -2.30618 46.9434 4
      vertex -4.6068 46.7737 4
    endloop
  endfacet
  facet normal 0.0735629 -0.997291 0
    outer loop
      vertex -2.30618 46.9434 4
      vertex -4.6068 46.7737 0
      vertex -2.30618 46.9434 0
    endloop
  endfacet
  facet normal 0.49291 -0.87008 0
    outer loop
      vertex -24.1628 40.3132 0
      vertex -22.1556 41.4503 4
      vertex -24.1628 40.3132 4
    endloop
  endfacet
  facet normal 0.49291 -0.87008 0
    outer loop
      vertex -22.1556 41.4503 4
      vertex -24.1628 40.3132 0
      vertex -22.1556 41.4503 0
    endloop
  endfacet
  facet normal 0.405221 -0.914219 0
    outer loop
      vertex -20.0951 42.4875 0
      vertex -17.9861 43.4223 4
      vertex -20.0951 42.4875 4
    endloop
  endfacet
  facet normal 0.405221 -0.914219 0
    outer loop
      vertex -17.9861 43.4223 4
      vertex -20.0951 42.4875 0
      vertex -17.9861 43.4223 0
    endloop
  endfacet
  facet normal 0.615245 -0.788336 0
    outer loop
      vertex -29.8165 36.3315 0
      vertex -27.9979 37.7508 4
      vertex -29.8165 36.3315 4
    endloop
  endfacet
  facet normal 0.615245 -0.788336 0
    outer loop
      vertex -27.9979 37.7508 4
      vertex -29.8165 36.3315 0
      vertex -27.9979 37.7508 0
    endloop
  endfacet
  facet normal 0.653173 -0.757209 0
    outer loop
      vertex -31.5633 34.8247 0
      vertex -29.8165 36.3315 4
      vertex -31.5633 34.8247 4
    endloop
  endfacet
  facet normal 0.653173 -0.757209 0
    outer loop
      vertex -29.8165 36.3315 4
      vertex -31.5633 34.8247 0
      vertex -29.8165 36.3315 0
    endloop
  endfacet
  facet normal 0.575796 -0.817593 0
    outer loop
      vertex -27.9979 37.7508 0
      vertex -26.1118 39.0791 4
      vertex -27.9979 37.7508 4
    endloop
  endfacet
  facet normal 0.575796 -0.817593 0
    outer loop
      vertex -26.1118 39.0791 4
      vertex -27.9979 37.7508 0
      vertex -26.1118 39.0791 0
    endloop
  endfacet
  facet normal 0.689554 -0.724234 0
    outer loop
      vertex -33.234 33.234 0
      vertex -31.5633 34.8247 4
      vertex -33.234 33.234 4
    endloop
  endfacet
  facet normal 0.689554 -0.724234 0
    outer loop
      vertex -31.5633 34.8247 4
      vertex -33.234 33.234 0
      vertex -31.5633 34.8247 0
    endloop
  endfacet
  facet normal -0.997291 0.0735629 0
    outer loop
      vertex 46.7737 -4.6068 0
      vertex 46.9434 -2.30618 4
      vertex 46.9434 -2.30618 0
    endloop
  endfacet
  facet normal -0.997291 0.0735629 0
    outer loop
      vertex 46.9434 -2.30618 4
      vertex 46.7737 -4.6068 0
      vertex 46.7737 -4.6068 4
    endloop
  endfacet
  facet normal -0.0245354 0.999699 0
    outer loop
      vertex 2.30618 -46.9434 0
      vertex 0 -47 4
      vertex 2.30618 -46.9434 4
    endloop
  endfacet
  facet normal -0.0245354 0.999699 0
    outer loop
      vertex 0 -47 4
      vertex 2.30618 -46.9434 0
      vertex 0 -47 0
    endloop
  endfacet
  facet normal -0.0735629 0.997291 0
    outer loop
      vertex 4.6068 -46.7737 0
      vertex 2.30618 -46.9434 4
      vertex 4.6068 -46.7737 4
    endloop
  endfacet
  facet normal -0.0735629 0.997291 0
    outer loop
      vertex 2.30618 -46.9434 4
      vertex 4.6068 -46.7737 0
      vertex 2.30618 -46.9434 0
    endloop
  endfacet
  facet normal -0.122416 0.992479 0
    outer loop
      vertex 6.89633 -46.4913 0
      vertex 4.6068 -46.7737 4
      vertex 6.89633 -46.4913 4
    endloop
  endfacet
  facet normal -0.122416 0.992479 0
    outer loop
      vertex 4.6068 -46.7737 4
      vertex 6.89633 -46.4913 0
      vertex 4.6068 -46.7737 0
    endloop
  endfacet
  facet normal -0.266725 0.963773 0
    outer loop
      vertex 13.6434 -44.9762 0
      vertex 11.4201 -45.5915 4
      vertex 13.6434 -44.9762 4
    endloop
  endfacet
  facet normal -0.266725 0.963773 0
    outer loop
      vertex 11.4201 -45.5915 4
      vertex 13.6434 -44.9762 0
      vertex 11.4201 -45.5915 0
    endloop
  endfacet
  facet normal -0.313678 0.94953 0
    outer loop
      vertex 15.8338 -44.2526 0
      vertex 13.6434 -44.9762 4
      vertex 15.8338 -44.2526 4
    endloop
  endfacet
  facet normal -0.313678 0.94953 0
    outer loop
      vertex 13.6434 -44.9762 4
      vertex 15.8338 -44.2526 0
      vertex 13.6434 -44.9762 0
    endloop
  endfacet
  facet normal -0.219082 0.975707 0
    outer loop
      vertex 11.4201 -45.5915 0
      vertex 9.16924 -46.0969 4
      vertex 11.4201 -45.5915 4
    endloop
  endfacet
  facet normal -0.219082 0.975707 0
    outer loop
      vertex 9.16924 -46.0969 4
      vertex 11.4201 -45.5915 0
      vertex 9.16924 -46.0969 0
    endloop
  endfacet
  facet normal -0.615245 0.788336 0
    outer loop
      vertex 29.8165 -36.3315 0
      vertex 27.9979 -37.7508 4
      vertex 29.8165 -36.3315 4
    endloop
  endfacet
  facet normal -0.615245 0.788336 0
    outer loop
      vertex 27.9979 -37.7508 4
      vertex 29.8165 -36.3315 0
      vertex 27.9979 -37.7508 0
    endloop
  endfacet
  facet normal -0.575796 0.817593 0
    outer loop
      vertex 27.9979 -37.7508 0
      vertex 26.1118 -39.0791 4
      vertex 27.9979 -37.7508 4
    endloop
  endfacet
  facet normal -0.575796 0.817593 0
    outer loop
      vertex 26.1118 -39.0791 4
      vertex 27.9979 -37.7508 0
      vertex 26.1118 -39.0791 0
    endloop
  endfacet
  facet normal -0.653173 0.757209 0
    outer loop
      vertex 31.5633 -34.8247 0
      vertex 29.8165 -36.3315 4
      vertex 31.5633 -34.8247 4
    endloop
  endfacet
  facet normal -0.653173 0.757209 0
    outer loop
      vertex 29.8165 -36.3315 4
      vertex 31.5633 -34.8247 0
      vertex 29.8165 -36.3315 0
    endloop
  endfacet
  facet normal -0.49291 0.87008 0
    outer loop
      vertex 24.1628 -40.3132 0
      vertex 22.1556 -41.4503 4
      vertex 24.1628 -40.3132 4
    endloop
  endfacet
  facet normal -0.49291 0.87008 0
    outer loop
      vertex 22.1556 -41.4503 4
      vertex 24.1628 -40.3132 0
      vertex 22.1556 -41.4503 0
    endloop
  endfacet
  facet normal -0.53497 0.844871 0
    outer loop
      vertex 26.1118 -39.0791 0
      vertex 24.1628 -40.3132 4
      vertex 26.1118 -39.0791 4
    endloop
  endfacet
  facet normal -0.53497 0.844871 0
    outer loop
      vertex 24.1628 -40.3132 4
      vertex 26.1118 -39.0791 0
      vertex 24.1628 -40.3132 0
    endloop
  endfacet
  facet normal -0.405221 0.914219 0
    outer loop
      vertex 20.0951 -42.4875 0
      vertex 17.9861 -43.4223 4
      vertex 20.0951 -42.4875 4
    endloop
  endfacet
  facet normal -0.405221 0.914219 0
    outer loop
      vertex 17.9861 -43.4223 4
      vertex 20.0951 -42.4875 0
      vertex 17.9861 -43.4223 0
    endloop
  endfacet
  facet normal -0.87008 0.49291 0
    outer loop
      vertex 40.3132 -24.1628 0
      vertex 41.4503 -22.1556 4
      vertex 41.4503 -22.1556 0
    endloop
  endfacet
  facet normal -0.87008 0.49291 0
    outer loop
      vertex 41.4503 -22.1556 4
      vertex 40.3132 -24.1628 0
      vertex 40.3132 -24.1628 4
    endloop
  endfacet
  facet normal -0.844871 0.53497 0
    outer loop
      vertex 39.0791 -26.1118 0
      vertex 40.3132 -24.1628 4
      vertex 40.3132 -24.1628 0
    endloop
  endfacet
  facet normal -0.844871 0.53497 0
    outer loop
      vertex 40.3132 -24.1628 4
      vertex 39.0791 -26.1118 0
      vertex 39.0791 -26.1118 4
    endloop
  endfacet
  facet normal -0.893219 0.449622 0
    outer loop
      vertex 41.4503 -22.1556 0
      vertex 42.4875 -20.0951 4
      vertex 42.4875 -20.0951 0
    endloop
  endfacet
  facet normal -0.893219 0.449622 0
    outer loop
      vertex 42.4875 -20.0951 4
      vertex 41.4503 -22.1556 0
      vertex 41.4503 -22.1556 4
    endloop
  endfacet
  facet normal -0.788336 0.615245 0
    outer loop
      vertex 36.3315 -29.8165 0
      vertex 37.7508 -27.9979 4
      vertex 37.7508 -27.9979 0
    endloop
  endfacet
  facet normal -0.788336 0.615245 0
    outer loop
      vertex 37.7508 -27.9979 4
      vertex 36.3315 -29.8165 0
      vertex 36.3315 -29.8165 4
    endloop
  endfacet
  facet normal -0.817593 0.575796 0
    outer loop
      vertex 37.7508 -27.9979 0
      vertex 39.0791 -26.1118 4
      vertex 39.0791 -26.1118 0
    endloop
  endfacet
  facet normal -0.817593 0.575796 0
    outer loop
      vertex 39.0791 -26.1118 4
      vertex 37.7508 -27.9979 0
      vertex 37.7508 -27.9979 4
    endloop
  endfacet
  facet normal 0.122416 0.992479 -0
    outer loop
      vertex -4.6068 -46.7737 0
      vertex -6.89633 -46.4913 4
      vertex -4.6068 -46.7737 4
    endloop
  endfacet
  facet normal 0.122416 0.992479 0
    outer loop
      vertex -6.89633 -46.4913 4
      vertex -4.6068 -46.7737 0
      vertex -6.89633 -46.4913 0
    endloop
  endfacet
  facet normal 0.35992 0.932983 -0
    outer loop
      vertex -15.8338 -44.2526 0
      vertex -17.9861 -43.4223 4
      vertex -15.8338 -44.2526 4
    endloop
  endfacet
  facet normal 0.35992 0.932983 0
    outer loop
      vertex -17.9861 -43.4223 4
      vertex -15.8338 -44.2526 0
      vertex -17.9861 -43.4223 0
    endloop
  endfacet
  facet normal 0.170967 0.985277 -0
    outer loop
      vertex -6.89633 -46.4913 0
      vertex -9.16924 -46.0969 4
      vertex -6.89633 -46.4913 4
    endloop
  endfacet
  facet normal 0.170967 0.985277 0
    outer loop
      vertex -9.16924 -46.0969 4
      vertex -6.89633 -46.4913 0
      vertex -9.16924 -46.0969 0
    endloop
  endfacet
  facet normal 0.0735629 0.997291 -0
    outer loop
      vertex -2.30618 -46.9434 0
      vertex -4.6068 -46.7737 4
      vertex -2.30618 -46.9434 4
    endloop
  endfacet
  facet normal 0.0735629 0.997291 0
    outer loop
      vertex -4.6068 -46.7737 4
      vertex -2.30618 -46.9434 0
      vertex -4.6068 -46.7737 0
    endloop
  endfacet
  facet normal 0.313678 0.94953 -0
    outer loop
      vertex -13.6434 -44.9762 0
      vertex -15.8338 -44.2526 4
      vertex -13.6434 -44.9762 4
    endloop
  endfacet
  facet normal 0.313678 0.94953 0
    outer loop
      vertex -15.8338 -44.2526 4
      vertex -13.6434 -44.9762 0
      vertex -15.8338 -44.2526 0
    endloop
  endfacet
  facet normal 0.266725 0.963773 -0
    outer loop
      vertex -11.4201 -45.5915 0
      vertex -13.6434 -44.9762 4
      vertex -11.4201 -45.5915 4
    endloop
  endfacet
  facet normal 0.266725 0.963773 0
    outer loop
      vertex -13.6434 -44.9762 4
      vertex -11.4201 -45.5915 0
      vertex -13.6434 -44.9762 0
    endloop
  endfacet
  facet normal 0.49291 0.87008 -0
    outer loop
      vertex -22.1556 -41.4503 0
      vertex -24.1628 -40.3132 4
      vertex -22.1556 -41.4503 4
    endloop
  endfacet
  facet normal 0.49291 0.87008 0
    outer loop
      vertex -24.1628 -40.3132 4
      vertex -22.1556 -41.4503 0
      vertex -24.1628 -40.3132 0
    endloop
  endfacet
  facet normal 0.53497 0.844871 -0
    outer loop
      vertex -24.1628 -40.3132 0
      vertex -26.1118 -39.0791 4
      vertex -24.1628 -40.3132 4
    endloop
  endfacet
  facet normal 0.53497 0.844871 0
    outer loop
      vertex -26.1118 -39.0791 4
      vertex -24.1628 -40.3132 0
      vertex -26.1118 -39.0791 0
    endloop
  endfacet
  facet normal 0.449622 0.893219 -0
    outer loop
      vertex -20.0951 -42.4875 0
      vertex -22.1556 -41.4503 4
      vertex -20.0951 -42.4875 4
    endloop
  endfacet
  facet normal 0.449622 0.893219 0
    outer loop
      vertex -22.1556 -41.4503 4
      vertex -20.0951 -42.4875 0
      vertex -22.1556 -41.4503 0
    endloop
  endfacet
  facet normal 0.615245 0.788336 -0
    outer loop
      vertex -27.9979 -37.7508 0
      vertex -29.8165 -36.3315 4
      vertex -27.9979 -37.7508 4
    endloop
  endfacet
  facet normal 0.615245 0.788336 0
    outer loop
      vertex -29.8165 -36.3315 4
      vertex -27.9979 -37.7508 0
      vertex -29.8165 -36.3315 0
    endloop
  endfacet
  facet normal 0.575796 0.817593 -0
    outer loop
      vertex -26.1118 -39.0791 0
      vertex -27.9979 -37.7508 4
      vertex -26.1118 -39.0791 4
    endloop
  endfacet
  facet normal 0.575796 0.817593 0
    outer loop
      vertex -27.9979 -37.7508 4
      vertex -26.1118 -39.0791 0
      vertex -27.9979 -37.7508 0
    endloop
  endfacet
  facet normal 0.932983 0.35992 0
    outer loop
      vertex -43.4223 -17.9861 4
      vertex -44.2526 -15.8338 0
      vertex -44.2526 -15.8338 4
    endloop
  endfacet
  facet normal 0.932983 0.35992 0
    outer loop
      vertex -44.2526 -15.8338 0
      vertex -43.4223 -17.9861 4
      vertex -43.4223 -17.9861 0
    endloop
  endfacet
  facet normal 0.975707 0.219082 0
    outer loop
      vertex -45.5915 -11.4201 4
      vertex -46.0969 -9.16924 0
      vertex -46.0969 -9.16924 4
    endloop
  endfacet
  facet normal 0.975707 0.219082 0
    outer loop
      vertex -46.0969 -9.16924 0
      vertex -45.5915 -11.4201 4
      vertex -45.5915 -11.4201 0
    endloop
  endfacet
  facet normal 0.992479 0.122416 0
    outer loop
      vertex -46.4913 -6.89633 4
      vertex -46.7737 -4.6068 0
      vertex -46.7737 -4.6068 4
    endloop
  endfacet
  facet normal 0.992479 0.122416 0
    outer loop
      vertex -46.7737 -4.6068 0
      vertex -46.4913 -6.89633 4
      vertex -46.4913 -6.89633 0
    endloop
  endfacet
  facet normal 0.999699 0.0245354 0
    outer loop
      vertex -46.9434 -2.30618 4
      vertex -47 0 0
      vertex -47 0 4
    endloop
  endfacet
  facet normal 0.999699 0.0245354 0
    outer loop
      vertex -47 0 0
      vertex -46.9434 -2.30618 4
      vertex -46.9434 -2.30618 0
    endloop
  endfacet
  facet normal 0.985277 0.170967 0
    outer loop
      vertex -46.0969 -9.16924 4
      vertex -46.4913 -6.89633 0
      vertex -46.4913 -6.89633 4
    endloop
  endfacet
  facet normal 0.985277 0.170967 0
    outer loop
      vertex -46.4913 -6.89633 0
      vertex -46.0969 -9.16924 4
      vertex -46.0969 -9.16924 0
    endloop
  endfacet
  facet normal 0.87008 0.49291 0
    outer loop
      vertex -40.3132 -24.1628 4
      vertex -41.4503 -22.1556 0
      vertex -41.4503 -22.1556 4
    endloop
  endfacet
  facet normal 0.87008 0.49291 0
    outer loop
      vertex -41.4503 -22.1556 0
      vertex -40.3132 -24.1628 4
      vertex -40.3132 -24.1628 0
    endloop
  endfacet
  facet normal 0.914219 0.405221 0
    outer loop
      vertex -42.4875 -20.0951 4
      vertex -43.4223 -17.9861 0
      vertex -43.4223 -17.9861 4
    endloop
  endfacet
  facet normal 0.914219 0.405221 0
    outer loop
      vertex -43.4223 -17.9861 0
      vertex -42.4875 -20.0951 4
      vertex -42.4875 -20.0951 0
    endloop
  endfacet
  facet normal 0.757209 0.653173 0
    outer loop
      vertex -34.8247 -31.5633 4
      vertex -36.3315 -29.8165 0
      vertex -36.3315 -29.8165 4
    endloop
  endfacet
  facet normal 0.757209 0.653173 0
    outer loop
      vertex -36.3315 -29.8165 0
      vertex -34.8247 -31.5633 4
      vertex -34.8247 -31.5633 0
    endloop
  endfacet
  facet normal 0.724234 0.689554 0
    outer loop
      vertex -33.234 -33.234 4
      vertex -34.8247 -31.5633 0
      vertex -34.8247 -31.5633 4
    endloop
  endfacet
  facet normal 0.724234 0.689554 0
    outer loop
      vertex -34.8247 -31.5633 0
      vertex -33.234 -33.234 4
      vertex -33.234 -33.234 0
    endloop
  endfacet
  facet normal -0.0735629 -0.997291 0
    outer loop
      vertex 2.30618 46.9434 0
      vertex 4.6068 46.7737 4
      vertex 2.30618 46.9434 4
    endloop
  endfacet
  facet normal -0.0735629 -0.997291 -0
    outer loop
      vertex 4.6068 46.7737 4
      vertex 2.30618 46.9434 0
      vertex 4.6068 46.7737 0
    endloop
  endfacet
  facet normal -0.170967 -0.985277 0
    outer loop
      vertex 6.89633 46.4913 0
      vertex 9.16924 46.0969 4
      vertex 6.89633 46.4913 4
    endloop
  endfacet
  facet normal -0.170967 -0.985277 -0
    outer loop
      vertex 9.16924 46.0969 4
      vertex 6.89633 46.4913 0
      vertex 9.16924 46.0969 0
    endloop
  endfacet
  facet normal 0.985277 -0.170967 0
    outer loop
      vertex -46.4913 6.89633 4
      vertex -46.0969 9.16924 0
      vertex -46.0969 9.16924 4
    endloop
  endfacet
  facet normal 0.985277 -0.170967 0
    outer loop
      vertex -46.0969 9.16924 0
      vertex -46.4913 6.89633 4
      vertex -46.4913 6.89633 0
    endloop
  endfacet
  facet normal 0.219082 -0.975707 0
    outer loop
      vertex -11.4201 45.5915 0
      vertex -9.16924 46.0969 4
      vertex -11.4201 45.5915 4
    endloop
  endfacet
  facet normal 0.219082 -0.975707 0
    outer loop
      vertex -9.16924 46.0969 4
      vertex -11.4201 45.5915 0
      vertex -9.16924 46.0969 0
    endloop
  endfacet
  facet normal -0.985277 0.170967 0
    outer loop
      vertex 46.0969 -9.16924 0
      vertex 46.4913 -6.89633 4
      vertex 46.4913 -6.89633 0
    endloop
  endfacet
  facet normal -0.985277 0.170967 0
    outer loop
      vertex 46.4913 -6.89633 4
      vertex 46.0969 -9.16924 0
      vertex 46.0969 -9.16924 4
    endloop
  endfacet
  facet normal -0.932983 0.35992 0
    outer loop
      vertex 43.4223 -17.9861 0
      vertex 44.2526 -15.8338 4
      vertex 44.2526 -15.8338 0
    endloop
  endfacet
  facet normal -0.932983 0.35992 0
    outer loop
      vertex 44.2526 -15.8338 4
      vertex 43.4223 -17.9861 0
      vertex 43.4223 -17.9861 4
    endloop
  endfacet
  facet normal -0.170967 0.985277 0
    outer loop
      vertex 9.16924 -46.0969 0
      vertex 6.89633 -46.4913 4
      vertex 9.16924 -46.0969 4
    endloop
  endfacet
  facet normal -0.170967 0.985277 0
    outer loop
      vertex 6.89633 -46.4913 4
      vertex 9.16924 -46.0969 0
      vertex 6.89633 -46.4913 0
    endloop
  endfacet
  facet normal -0.35992 0.932983 0
    outer loop
      vertex 17.9861 -43.4223 0
      vertex 15.8338 -44.2526 4
      vertex 17.9861 -43.4223 4
    endloop
  endfacet
  facet normal -0.35992 0.932983 0
    outer loop
      vertex 15.8338 -44.2526 4
      vertex 17.9861 -43.4223 0
      vertex 15.8338 -44.2526 0
    endloop
  endfacet
  facet normal -0.689554 0.724234 0
    outer loop
      vertex 33.234 -33.234 0
      vertex 31.5633 -34.8247 4
      vertex 33.234 -33.234 4
    endloop
  endfacet
  facet normal -0.689554 0.724234 0
    outer loop
      vertex 31.5633 -34.8247 4
      vertex 33.234 -33.234 0
      vertex 31.5633 -34.8247 0
    endloop
  endfacet
  facet normal -0.449622 0.893219 0
    outer loop
      vertex 22.1556 -41.4503 0
      vertex 20.0951 -42.4875 4
      vertex 22.1556 -41.4503 4
    endloop
  endfacet
  facet normal -0.449622 0.893219 0
    outer loop
      vertex 20.0951 -42.4875 4
      vertex 22.1556 -41.4503 0
      vertex 20.0951 -42.4875 0
    endloop
  endfacet
  facet normal -0.914219 0.405221 0
    outer loop
      vertex 42.4875 -20.0951 0
      vertex 43.4223 -17.9861 4
      vertex 43.4223 -17.9861 0
    endloop
  endfacet
  facet normal -0.914219 0.405221 0
    outer loop
      vertex 43.4223 -17.9861 4
      vertex 42.4875 -20.0951 0
      vertex 42.4875 -20.0951 4
    endloop
  endfacet
  facet normal -0.757209 0.653173 0
    outer loop
      vertex 34.8247 -31.5633 0
      vertex 36.3315 -29.8165 4
      vertex 36.3315 -29.8165 0
    endloop
  endfacet
  facet normal -0.757209 0.653173 0
    outer loop
      vertex 36.3315 -29.8165 4
      vertex 34.8247 -31.5633 0
      vertex 34.8247 -31.5633 4
    endloop
  endfacet
  facet normal 0.219082 0.975707 -0
    outer loop
      vertex -9.16924 -46.0969 0
      vertex -11.4201 -45.5915 4
      vertex -9.16924 -46.0969 4
    endloop
  endfacet
  facet normal 0.219082 0.975707 0
    outer loop
      vertex -11.4201 -45.5915 4
      vertex -9.16924 -46.0969 0
      vertex -11.4201 -45.5915 0
    endloop
  endfacet
  facet normal 0.653173 0.757209 -0
    outer loop
      vertex -29.8165 -36.3315 0
      vertex -31.5633 -34.8247 4
      vertex -29.8165 -36.3315 4
    endloop
  endfacet
  facet normal 0.653173 0.757209 0
    outer loop
      vertex -31.5633 -34.8247 4
      vertex -29.8165 -36.3315 0
      vertex -31.5633 -34.8247 0
    endloop
  endfacet
  facet normal 0.963773 0.266725 0
    outer loop
      vertex -44.9762 -13.6434 4
      vertex -45.5915 -11.4201 0
      vertex -45.5915 -11.4201 4
    endloop
  endfacet
  facet normal 0.963773 0.266725 0
    outer loop
      vertex -45.5915 -11.4201 0
      vertex -44.9762 -13.6434 4
      vertex -44.9762 -13.6434 0
    endloop
  endfacet
  facet normal 0.997291 0.0735629 0
    outer loop
      vertex -46.7737 -4.6068 4
      vertex -46.9434 -2.30618 0
      vertex -46.9434 -2.30618 4
    endloop
  endfacet
  facet normal 0.997291 0.0735629 0
    outer loop
      vertex -46.9434 -2.30618 0
      vertex -46.7737 -4.6068 4
      vertex -46.7737 -4.6068 0
    endloop
  endfacet
  facet normal 0.844871 0.53497 0
    outer loop
      vertex -39.0791 -26.1118 4
      vertex -40.3132 -24.1628 0
      vertex -40.3132 -24.1628 4
    endloop
  endfacet
  facet normal 0.844871 0.53497 0
    outer loop
      vertex -40.3132 -24.1628 0
      vertex -39.0791 -26.1118 4
      vertex -39.0791 -26.1118 0
    endloop
  endfacet
  facet normal 0.788336 0.615245 0
    outer loop
      vertex -36.3315 -29.8165 4
      vertex -37.7508 -27.9979 0
      vertex -37.7508 -27.9979 4
    endloop
  endfacet
  facet normal 0.788336 0.615245 0
    outer loop
      vertex -37.7508 -27.9979 0
      vertex -36.3315 -29.8165 4
      vertex -36.3315 -29.8165 0
    endloop
  endfacet
  facet normal -0.963773 0.266725 0
    outer loop
      vertex 44.9762 -13.6434 0
      vertex 45.5915 -11.4201 4
      vertex 45.5915 -11.4201 0
    endloop
  endfacet
  facet normal -0.963773 0.266725 0
    outer loop
      vertex 45.5915 -11.4201 4
      vertex 44.9762 -13.6434 0
      vertex 44.9762 -13.6434 4
    endloop
  endfacet
  facet normal -0.975707 0.219082 0
    outer loop
      vertex 45.5915 -11.4201 0
      vertex 46.0969 -9.16924 4
      vertex 46.0969 -9.16924 0
    endloop
  endfacet
  facet normal -0.975707 0.219082 0
    outer loop
      vertex 46.0969 -9.16924 4
      vertex 45.5915 -11.4201 0
      vertex 45.5915 -11.4201 4
    endloop
  endfacet
  facet normal -0.992479 0.122416 0
    outer loop
      vertex 46.4913 -6.89633 0
      vertex 46.7737 -4.6068 4
      vertex 46.7737 -4.6068 0
    endloop
  endfacet
  facet normal -0.992479 0.122416 0
    outer loop
      vertex 46.7737 -4.6068 4
      vertex 46.4913 -6.89633 0
      vertex 46.4913 -6.89633 4
    endloop
  endfacet
  facet normal -0.94953 0.313678 0
    outer loop
      vertex 44.2526 -15.8338 0
      vertex 44.9762 -13.6434 4
      vertex 44.9762 -13.6434 0
    endloop
  endfacet
  facet normal -0.94953 0.313678 0
    outer loop
      vertex 44.9762 -13.6434 4
      vertex 44.2526 -15.8338 0
      vertex 44.2526 -15.8338 4
    endloop
  endfacet
  facet normal 0.0922531 -0.0922569 0.991452
    outer loop
      vertex 46.7882 47.2458 0.792592
      vertex 43.8406 43.8406 0.75
      vertex 46.9348 47.1062 0.765961
    endloop
  endfacet
  facet normal 0.0923022 -0.0922993 0.991444
    outer loop
      vertex 43.8406 43.8406 0.75
      vertex 46.7882 47.2458 0.792592
      vertex 43.6119 44.0694 0.792592
    endloop
  endfacet
  facet normal 0.707333 0.70688 0.000773707
    outer loop
      vertex 43.8406 43.8406 0.75
      vertex 43.6119 44.0694 0.792592
      vertex 43.3987 44.2826 0.917468
    endloop
  endfacet
  facet normal -0.560922 0.56094 -0.608862
    outer loop
      vertex 47.7182 46.292 2.72155
      vertex 47.7693 46.2383 2.625
      vertex 44.6061 43.0752 2.625
    endloop
  endfacet
  facet normal 0.0923242 -0.0923242 0.99144
    outer loop
      vertex 47.0226 47.0226 0.75
      vertex 46.9348 47.1062 0.765961
      vertex 43.8406 43.8406 0.75
    endloop
  endfacet
  facet normal 0.270709 -0.2707 -0.923817
    outer loop
      vertex 43.6119 44.0694 3.20741
      vertex 46.6515 47.3759 3.12923
      vertex 46.7882 47.2458 3.20741
    endloop
  endfacet
  facet normal 0.270578 -0.270582 -0.92389
    outer loop
      vertex 46.6515 47.3759 3.12923
      vertex 43.6119 44.0694 3.20741
      vertex 43.3987 44.2826 3.08253
    endloop
  endfacet
  facet normal 0.56094 -0.560922 0.608862
    outer loop
      vertex 46.292 47.7182 1.27845
      vertex 46.2383 47.7693 1.375
      vertex 43.0752 44.6061 1.375
    endloop
  endfacet
  facet normal 0.707107 0.707107 0
    outer loop
      vertex 43.0752 44.6061 2.625
      vertex 43.3987 44.2826 3.08253
      vertex 42.9869 44.6944 2.32352
    endloop
  endfacet
  facet normal -0.270694 0.270703 0.923821
    outer loop
      vertex 44.0694 43.6119 0.792592
      vertex 47.3759 46.6515 0.87077
      vertex 47.2458 46.7882 0.792592
    endloop
  endfacet
  facet normal -0.270575 0.270571 0.923894
    outer loop
      vertex 47.3759 46.6515 0.87077
      vertex 44.0694 43.6119 0.792592
      vertex 44.2826 43.3987 0.917468
    endloop
  endfacet
  facet normal -0.430477 0.430477 0.793335
    outer loop
      vertex 44.2826 43.3987 0.917468
      vertex 47.6323 46.3823 1.11612
      vertex 47.4537 46.5698 0.917468
    endloop
  endfacet
  facet normal -0.430477 0.430477 0.793335
    outer loop
      vertex 47.6323 46.3823 1.11612
      vertex 44.2826 43.3987 0.917468
      vertex 44.4656 43.2156 1.11612
    endloop
  endfacet
  facet normal 0.701023 -0.701023 0.130896
    outer loop
      vertex 46.1285 47.8738 1.8795
      vertex 46.117 47.8848 2
      vertex 42.9567 44.7245 2
    endloop
  endfacet
  facet normal 0.270703 -0.270694 0.923821
    outer loop
      vertex 46.6515 47.3759 0.87077
      vertex 43.6119 44.0694 0.792592
      vertex 46.7882 47.2458 0.792592
    endloop
  endfacet
  facet normal 0.270571 -0.270575 0.923894
    outer loop
      vertex 43.6119 44.0694 0.792592
      vertex 46.6515 47.3759 0.87077
      vertex 43.3987 44.2826 0.917468
    endloop
  endfacet
  facet normal 0.653319 -0.653299 -0.382589
    outer loop
      vertex 46.2046 47.8014 2.51264
      vertex 46.2383 47.7693 2.625
      vertex 43.0752 44.6061 2.625
    endloop
  endfacet
  facet normal 0.707107 0.707107 -0.000422234
    outer loop
      vertex 44.2826 43.3987 0.917468
      vertex 43.8406 43.8406 0.75
      vertex 43.3987 44.2826 0.917468
    endloop
  endfacet
  facet normal 0.707107 0.707107 0
    outer loop
      vertex 43.3987 44.2826 0.917468
      vertex 43.0752 44.6061 1.375
      vertex 42.9869 44.6944 1.67648
    endloop
  endfacet
  facet normal 0.430477 -0.430477 0.793335
    outer loop
      vertex 46.3823 47.6323 1.11612
      vertex 43.3987 44.2826 0.917468
      vertex 46.5698 47.4537 0.917468
    endloop
  endfacet
  facet normal 0.430477 -0.430477 0.793335
    outer loop
      vertex 43.3987 44.2826 0.917468
      vertex 46.3823 47.6323 1.11612
      vertex 43.2156 44.4656 1.11612
    endloop
  endfacet
  facet normal 0.653354 -0.653354 -0.382436
    outer loop
      vertex 46.2046 47.8014 2.51264
      vertex 42.9869 44.6944 2.32352
      vertex 46.1479 47.8554 2.32352
    endloop
  endfacet
  facet normal 0.653292 -0.653275 -0.382678
    outer loop
      vertex 42.9869 44.6944 2.32352
      vertex 46.2046 47.8014 2.51264
      vertex 43.0752 44.6061 2.625
    endloop
  endfacet
  facet normal 0.70688 0.707333 0.000773707
    outer loop
      vertex 44.2826 43.3987 0.917468
      vertex 44.0694 43.6119 0.792592
      vertex 43.8406 43.8406 0.75
    endloop
  endfacet
  facet normal 0.0922498 -0.0922534 -0.991453
    outer loop
      vertex 43.8406 43.8406 3.25
      vertex 46.7882 47.2458 3.20741
      vertex 46.9348 47.1062 3.23404
    endloop
  endfacet
  facet normal 0.0922979 -0.092295 -0.991445
    outer loop
      vertex 46.7882 47.2458 3.20741
      vertex 43.8406 43.8406 3.25
      vertex 43.6119 44.0694 3.20741
    endloop
  endfacet
  facet normal 0.0923185 -0.0923185 -0.991441
    outer loop
      vertex 46.9348 47.1062 3.23404
      vertex 47.0226 47.0226 3.25
      vertex 43.8406 43.8406 3.25
    endloop
  endfacet
  facet normal -0.430474 0.430474 -0.793338
    outer loop
      vertex 44.2826 43.3987 3.08253
      vertex 47.6323 46.3823 2.88388
      vertex 44.4656 43.2156 2.88388
    endloop
  endfacet
  facet normal -0.430474 0.430474 -0.793338
    outer loop
      vertex 47.6323 46.3823 2.88388
      vertex 44.2826 43.3987 3.08253
      vertex 47.4537 46.5698 3.08253
    endloop
  endfacet
  facet normal 0.70688 0.707333 -0.000773654
    outer loop
      vertex 44.0694 43.6119 3.20741
      vertex 44.2826 43.3987 3.08253
      vertex 43.8406 43.8406 3.25
    endloop
  endfacet
  facet normal -0.701023 0.701023 0.130896
    outer loop
      vertex 47.8848 46.117 2
      vertex 47.8738 46.1285 1.8795
      vertex 44.7245 42.9567 2
    endloop
  endfacet
  facet normal 0.707027 0.707187 0
    outer loop
      vertex 43.3987 44.2826 3.08253
      vertex 43.3987 44.2826 0.917468
      vertex 42.9567 44.7245 2
    endloop
  endfacet
  facet normal 0.70735 0.706864 0.000263896
    outer loop
      vertex 43.3987 44.2826 0.917468
      vertex 42.9869 44.6944 1.67648
      vertex 42.9567 44.7245 2
    endloop
  endfacet
  facet normal 0.70105 -0.701064 0.130529
    outer loop
      vertex 42.9567 44.7245 2
      vertex 46.1479 47.8554 1.67648
      vertex 46.1285 47.8738 1.8795
    endloop
  endfacet
  facet normal 0.701044 -0.701044 0.130666
    outer loop
      vertex 46.1479 47.8554 1.67648
      vertex 42.9567 44.7245 2
      vertex 42.9869 44.6944 1.67648
    endloop
  endfacet
  facet normal 0.653354 -0.653354 0.382436
    outer loop
      vertex 42.9869 44.6944 1.67648
      vertex 46.2046 47.8014 1.48736
      vertex 46.1479 47.8554 1.67648
    endloop
  endfacet
  facet normal 0.653292 -0.653275 0.382678
    outer loop
      vertex 46.2046 47.8014 1.48736
      vertex 42.9869 44.6944 1.67648
      vertex 43.0752 44.6061 1.375
    endloop
  endfacet
  facet normal 0.707187 0.707027 0
    outer loop
      vertex 44.2826 43.3987 3.08253
      vertex 44.7245 42.9567 2
      vertex 44.2826 43.3987 0.917468
    endloop
  endfacet
  facet normal 0.560932 -0.560932 -0.60886
    outer loop
      vertex 43.2156 44.4656 2.88388
      vertex 46.292 47.7182 2.72155
      vertex 46.3823 47.6323 2.88388
    endloop
  endfacet
  facet normal 0.561011 -0.561 -0.608724
    outer loop
      vertex 46.292 47.7182 2.72155
      vertex 43.2156 44.4656 2.88388
      vertex 43.0752 44.6061 2.625
    endloop
  endfacet
  facet normal 0.70105 -0.701064 -0.130529
    outer loop
      vertex 46.1479 47.8554 2.32352
      vertex 42.9567 44.7245 2
      vertex 46.1285 47.8738 2.1205
    endloop
  endfacet
  facet normal 0.701044 -0.701044 -0.130666
    outer loop
      vertex 42.9567 44.7245 2
      vertex 46.1479 47.8554 2.32352
      vertex 42.9869 44.6944 2.32352
    endloop
  endfacet
  facet normal 0.430474 -0.430474 -0.793338
    outer loop
      vertex 43.3987 44.2826 3.08253
      vertex 46.3823 47.6323 2.88388
      vertex 46.5698 47.4537 3.08253
    endloop
  endfacet
  facet normal 0.430474 -0.430474 -0.793338
    outer loop
      vertex 46.3823 47.6323 2.88388
      vertex 43.3987 44.2826 3.08253
      vertex 43.2156 44.4656 2.88388
    endloop
  endfacet
  facet normal -0.0923185 0.0923185 -0.991441
    outer loop
      vertex 47.0226 47.0226 3.25
      vertex 47.1062 46.9348 3.23404
      vertex 43.8406 43.8406 3.25
    endloop
  endfacet
  facet normal -0.0922535 0.0922564 0.991452
    outer loop
      vertex 47.1062 46.9348 0.765961
      vertex 44.0694 43.6119 0.792592
      vertex 47.2458 46.7882 0.792592
    endloop
  endfacet
  facet normal -0.0923014 0.0923001 0.991444
    outer loop
      vertex 44.0694 43.6119 0.792592
      vertex 47.1062 46.9348 0.765961
      vertex 43.8406 43.8406 0.75
    endloop
  endfacet
  facet normal -0.0923242 0.0923242 0.99144
    outer loop
      vertex 47.1062 46.9348 0.765961
      vertex 47.0226 47.0226 0.75
      vertex 43.8406 43.8406 0.75
    endloop
  endfacet
  facet normal 0.706864 0.70735 0.000263896
    outer loop
      vertex 44.7245 42.9567 2
      vertex 44.6944 42.9869 1.67648
      vertex 44.2826 43.3987 0.917468
    endloop
  endfacet
  facet normal 0.707936 0.706276 -0.00117383
    outer loop
      vertex 44.6061 43.0752 1.375
      vertex 44.4656 43.2156 1.11612
      vertex 44.2826 43.3987 0.917468
    endloop
  endfacet
  facet normal -0.653299 0.653319 0.382589
    outer loop
      vertex 47.8014 46.2046 1.48736
      vertex 47.7693 46.2383 1.375
      vertex 44.6061 43.0752 1.375
    endloop
  endfacet
  facet normal 0.270507 -0.270507 0.923933
    outer loop
      vertex 46.6515 47.3759 0.87077
      vertex 46.5698 47.4537 0.917468
      vertex 43.3987 44.2826 0.917468
    endloop
  endfacet
  facet normal 0.706276 0.707936 -0.00117383
    outer loop
      vertex 43.3987 44.2826 0.917468
      vertex 43.2156 44.4656 1.11612
      vertex 43.0752 44.6061 1.375
    endloop
  endfacet
  facet normal 0.560932 -0.560932 0.60886
    outer loop
      vertex 46.292 47.7182 1.27845
      vertex 43.2156 44.4656 1.11612
      vertex 46.3823 47.6323 1.11612
    endloop
  endfacet
  facet normal 0.561011 -0.561 0.608724
    outer loop
      vertex 43.2156 44.4656 1.11612
      vertex 46.292 47.7182 1.27845
      vertex 43.0752 44.6061 1.375
    endloop
  endfacet
  facet normal 0.653319 -0.653299 0.382589
    outer loop
      vertex 46.2383 47.7693 1.375
      vertex 46.2046 47.8014 1.48736
      vertex 43.0752 44.6061 1.375
    endloop
  endfacet
  facet normal 0.56094 -0.560922 -0.608862
    outer loop
      vertex 46.2383 47.7693 2.625
      vertex 46.292 47.7182 2.72155
      vertex 43.0752 44.6061 2.625
    endloop
  endfacet
  facet normal 0.706276 0.707936 0.00117382
    outer loop
      vertex 43.2156 44.4656 2.88388
      vertex 43.3987 44.2826 3.08253
      vertex 43.0752 44.6061 2.625
    endloop
  endfacet
  facet normal 0.270517 -0.270517 -0.923927
    outer loop
      vertex 46.5698 47.4537 3.08253
      vertex 46.6515 47.3759 3.12923
      vertex 43.3987 44.2826 3.08253
    endloop
  endfacet
  facet normal 0.707107 0.707107 0
    outer loop
      vertex 44.2826 43.3987 3.08253
      vertex 43.3987 44.2826 0.917468
      vertex 43.3987 44.2826 3.08253
    endloop
  endfacet
  facet normal 0.707107 0.707107 0
    outer loop
      vertex 43.3987 44.2826 0.917468
      vertex 44.2826 43.3987 3.08253
      vertex 44.2826 43.3987 0.917468
    endloop
  endfacet
  facet normal 0.70735 0.706864 -0.000263896
    outer loop
      vertex 42.9869 44.6944 2.32352
      vertex 43.3987 44.2826 3.08253
      vertex 42.9567 44.7245 2
    endloop
  endfacet
  facet normal -0.0922501 0.092253 -0.991453
    outer loop
      vertex 44.0694 43.6119 3.20741
      vertex 47.1062 46.9348 3.23404
      vertex 47.2458 46.7882 3.20741
    endloop
  endfacet
  facet normal -0.0922971 0.0922959 -0.991445
    outer loop
      vertex 47.1062 46.9348 3.23404
      vertex 44.0694 43.6119 3.20741
      vertex 43.8406 43.8406 3.25
    endloop
  endfacet
  facet normal -0.561 0.561011 -0.608724
    outer loop
      vertex 44.4656 43.2156 2.88388
      vertex 47.7182 46.292 2.72155
      vertex 44.6061 43.0752 2.625
    endloop
  endfacet
  facet normal -0.560932 0.560932 -0.60886
    outer loop
      vertex 47.7182 46.292 2.72155
      vertex 44.4656 43.2156 2.88388
      vertex 47.6323 46.3823 2.88388
    endloop
  endfacet
  facet normal -0.270507 0.270507 0.923933
    outer loop
      vertex 47.4537 46.5698 0.917468
      vertex 47.3759 46.6515 0.87077
      vertex 44.2826 43.3987 0.917468
    endloop
  endfacet
  facet normal -0.560932 0.560932 0.60886
    outer loop
      vertex 44.4656 43.2156 1.11612
      vertex 47.7182 46.292 1.27845
      vertex 47.6323 46.3823 1.11612
    endloop
  endfacet
  facet normal -0.561 0.561011 0.608724
    outer loop
      vertex 47.7182 46.292 1.27845
      vertex 44.4656 43.2156 1.11612
      vertex 44.6061 43.0752 1.375
    endloop
  endfacet
  facet normal -0.65334 0.653367 -0.382436
    outer loop
      vertex 47.8554 46.1479 2.32352
      vertex 44.6061 43.0752 2.625
      vertex 47.8014 46.2046 2.51264
    endloop
  endfacet
  facet normal -0.653283 0.653283 -0.382678
    outer loop
      vertex 44.6061 43.0752 2.625
      vertex 47.8554 46.1479 2.32352
      vertex 44.6944 42.9869 2.32352
    endloop
  endfacet
  facet normal -0.653299 0.653319 -0.382589
    outer loop
      vertex 47.7693 46.2383 2.625
      vertex 47.8014 46.2046 2.51264
      vertex 44.6061 43.0752 2.625
    endloop
  endfacet
  facet normal -0.701023 0.701023 -0.130896
    outer loop
      vertex 47.8738 46.1285 2.1205
      vertex 47.8848 46.117 2
      vertex 44.7245 42.9567 2
    endloop
  endfacet
  facet normal -0.701057 0.701057 0.130529
    outer loop
      vertex 44.6944 42.9869 1.67648
      vertex 47.8738 46.1285 1.8795
      vertex 47.8554 46.1479 1.67648
    endloop
  endfacet
  facet normal -0.701049 0.70104 0.130666
    outer loop
      vertex 47.8738 46.1285 1.8795
      vertex 44.6944 42.9869 1.67648
      vertex 44.7245 42.9567 2
    endloop
  endfacet
  facet normal 0.701023 -0.701023 -0.130896
    outer loop
      vertex 46.117 47.8848 2
      vertex 46.1285 47.8738 2.1205
      vertex 42.9567 44.7245 2
    endloop
  endfacet
  facet normal -0.270582 0.270578 -0.92389
    outer loop
      vertex 44.0694 43.6119 3.20741
      vertex 47.3759 46.6515 3.12923
      vertex 44.2826 43.3987 3.08253
    endloop
  endfacet
  facet normal -0.2707 0.270709 -0.923817
    outer loop
      vertex 47.3759 46.6515 3.12923
      vertex 44.0694 43.6119 3.20741
      vertex 47.2458 46.7882 3.20741
    endloop
  endfacet
  facet normal -0.270517 0.270517 -0.923927
    outer loop
      vertex 47.3759 46.6515 3.12923
      vertex 47.4537 46.5698 3.08253
      vertex 44.2826 43.3987 3.08253
    endloop
  endfacet
  facet normal 0.707333 0.70688 -0.000773654
    outer loop
      vertex 43.6119 44.0694 3.20741
      vertex 43.8406 43.8406 3.25
      vertex 43.3987 44.2826 3.08253
    endloop
  endfacet
  facet normal -0.65334 0.653367 0.382436
    outer loop
      vertex 44.6061 43.0752 1.375
      vertex 47.8554 46.1479 1.67648
      vertex 47.8014 46.2046 1.48736
    endloop
  endfacet
  facet normal -0.653283 0.653283 0.382678
    outer loop
      vertex 47.8554 46.1479 1.67648
      vertex 44.6061 43.0752 1.375
      vertex 44.6944 42.9869 1.67648
    endloop
  endfacet
  facet normal 0.707107 0.707107 0
    outer loop
      vertex 44.6944 42.9869 1.67648
      vertex 44.6061 43.0752 1.375
      vertex 44.2826 43.3987 0.917468
    endloop
  endfacet
  facet normal -0.701057 0.701057 -0.130529
    outer loop
      vertex 47.8738 46.1285 2.1205
      vertex 44.6944 42.9869 2.32352
      vertex 47.8554 46.1479 2.32352
    endloop
  endfacet
  facet normal -0.701049 0.70104 -0.130666
    outer loop
      vertex 44.6944 42.9869 2.32352
      vertex 47.8738 46.1285 2.1205
      vertex 44.7245 42.9567 2
    endloop
  endfacet
  facet normal 0.707107 0.707107 0
    outer loop
      vertex 44.6061 43.0752 2.625
      vertex 44.6944 42.9869 2.32352
      vertex 44.2826 43.3987 3.08253
    endloop
  endfacet
  facet normal 0.707936 0.706276 0.00117382
    outer loop
      vertex 44.4656 43.2156 2.88388
      vertex 44.6061 43.0752 2.625
      vertex 44.2826 43.3987 3.08253
    endloop
  endfacet
  facet normal 0.706864 0.70735 -0.000263896
    outer loop
      vertex 44.6944 42.9869 2.32352
      vertex 44.7245 42.9567 2
      vertex 44.2826 43.3987 3.08253
    endloop
  endfacet
  facet normal -0.560922 0.56094 0.608862
    outer loop
      vertex 47.7693 46.2383 1.375
      vertex 47.7182 46.292 1.27845
      vertex 44.6061 43.0752 1.375
    endloop
  endfacet
  facet normal 0.707107 0.707107 0.000422229
    outer loop
      vertex 43.8406 43.8406 3.25
      vertex 44.2826 43.3987 3.08253
      vertex 43.3987 44.2826 3.08253
    endloop
  endfacet
  facet normal 0.0923014 0.0923001 0.991444
    outer loop
      vertex -47.1062 46.9348 0.765961
      vertex -44.0694 43.6119 0.792592
      vertex -43.8406 43.8406 0.75
    endloop
  endfacet
  facet normal 0.0922535 0.0922564 0.991452
    outer loop
      vertex -44.0694 43.6119 0.792592
      vertex -47.1062 46.9348 0.765961
      vertex -47.2458 46.7882 0.792592
    endloop
  endfacet
  facet normal -0.70688 0.707333 0.000773707
    outer loop
      vertex -43.8406 43.8406 0.75
      vertex -44.0694 43.6119 0.792592
      vertex -44.2826 43.3987 0.917468
    endloop
  endfacet
  facet normal -0.56094 -0.560922 -0.608862
    outer loop
      vertex -46.2383 47.7693 2.625
      vertex -43.0752 44.6061 2.625
      vertex -46.292 47.7182 2.72155
    endloop
  endfacet
  facet normal 0.0923242 0.0923242 0.99144
    outer loop
      vertex -43.8406 43.8406 0.75
      vertex -47.0226 47.0226 0.75
      vertex -47.1062 46.9348 0.765961
    endloop
  endfacet
  facet normal 0.270582 0.270578 -0.92389
    outer loop
      vertex -47.3759 46.6515 3.12923
      vertex -44.0694 43.6119 3.20741
      vertex -44.2826 43.3987 3.08253
    endloop
  endfacet
  facet normal 0.2707 0.270709 -0.923817
    outer loop
      vertex -44.0694 43.6119 3.20741
      vertex -47.3759 46.6515 3.12923
      vertex -47.2458 46.7882 3.20741
    endloop
  endfacet
  facet normal 0.560922 0.56094 0.608862
    outer loop
      vertex -44.6061 43.0752 1.375
      vertex -47.7182 46.292 1.27845
      vertex -47.7693 46.2383 1.375
    endloop
  endfacet
  facet normal -0.707107 0.707107 0
    outer loop
      vertex -44.6061 43.0752 2.625
      vertex -44.2826 43.3987 3.08253
      vertex -44.6944 42.9869 2.32352
    endloop
  endfacet
  facet normal -0.270571 -0.270575 0.923894
    outer loop
      vertex -46.6515 47.3759 0.87077
      vertex -43.6119 44.0694 0.792592
      vertex -43.3987 44.2826 0.917468
    endloop
  endfacet
  facet normal -0.270703 -0.270694 0.923821
    outer loop
      vertex -43.6119 44.0694 0.792592
      vertex -46.6515 47.3759 0.87077
      vertex -46.7882 47.2458 0.792592
    endloop
  endfacet
  facet normal 0.701023 0.701023 0.130896
    outer loop
      vertex -44.7245 42.9567 2
      vertex -47.8738 46.1285 1.8795
      vertex -47.8848 46.117 2
    endloop
  endfacet
  facet normal 0.270694 0.270703 0.923821
    outer loop
      vertex -47.3759 46.6515 0.87077
      vertex -44.0694 43.6119 0.792592
      vertex -47.2458 46.7882 0.792592
    endloop
  endfacet
  facet normal 0.270575 0.270571 0.923894
    outer loop
      vertex -44.0694 43.6119 0.792592
      vertex -47.3759 46.6515 0.87077
      vertex -44.2826 43.3987 0.917468
    endloop
  endfacet
  facet normal 0.653299 0.653319 -0.382589
    outer loop
      vertex -47.7693 46.2383 2.625
      vertex -44.6061 43.0752 2.625
      vertex -47.8014 46.2046 2.51264
    endloop
  endfacet
  facet normal -0.707107 0.707107 -0.000422234
    outer loop
      vertex -43.3987 44.2826 0.917468
      vertex -43.8406 43.8406 0.75
      vertex -44.2826 43.3987 0.917468
    endloop
  endfacet
  facet normal -0.707107 0.707107 0
    outer loop
      vertex -44.2826 43.3987 0.917468
      vertex -44.6061 43.0752 1.375
      vertex -44.6944 42.9869 1.67648
    endloop
  endfacet
  facet normal 0.430477 0.430477 0.793335
    outer loop
      vertex -47.6323 46.3823 1.11612
      vertex -44.2826 43.3987 0.917468
      vertex -47.4537 46.5698 0.917468
    endloop
  endfacet
  facet normal 0.430477 0.430477 0.793335
    outer loop
      vertex -44.2826 43.3987 0.917468
      vertex -47.6323 46.3823 1.11612
      vertex -44.4656 43.2156 1.11612
    endloop
  endfacet
  facet normal 0.65334 0.653367 -0.382436
    outer loop
      vertex -44.6061 43.0752 2.625
      vertex -47.8554 46.1479 2.32352
      vertex -47.8014 46.2046 2.51264
    endloop
  endfacet
  facet normal 0.653283 0.653283 -0.382678
    outer loop
      vertex -47.8554 46.1479 2.32352
      vertex -44.6061 43.0752 2.625
      vertex -44.6944 42.9869 2.32352
    endloop
  endfacet
  facet normal -0.707333 0.70688 0.000773707
    outer loop
      vertex -43.3987 44.2826 0.917468
      vertex -43.6119 44.0694 0.792592
      vertex -43.8406 43.8406 0.75
    endloop
  endfacet
  facet normal 0.0922971 0.0922959 -0.991445
    outer loop
      vertex -44.0694 43.6119 3.20741
      vertex -47.1062 46.9348 3.23404
      vertex -43.8406 43.8406 3.25
    endloop
  endfacet
  facet normal 0.0922501 0.092253 -0.991453
    outer loop
      vertex -47.1062 46.9348 3.23404
      vertex -44.0694 43.6119 3.20741
      vertex -47.2458 46.7882 3.20741
    endloop
  endfacet
  facet normal 0.0923185 0.0923185 -0.991441
    outer loop
      vertex -47.0226 47.0226 3.25
      vertex -43.8406 43.8406 3.25
      vertex -47.1062 46.9348 3.23404
    endloop
  endfacet
  facet normal -0.270517 -0.270517 -0.923927
    outer loop
      vertex -46.5698 47.4537 3.08253
      vertex -43.3987 44.2826 3.08253
      vertex -46.6515 47.3759 3.12923
    endloop
  endfacet
  facet normal -0.707107 0.707107 0.000422229
    outer loop
      vertex -43.8406 43.8406 3.25
      vertex -43.3987 44.2826 3.08253
      vertex -44.2826 43.3987 3.08253
    endloop
  endfacet
  facet normal -0.701023 -0.701023 0.130896
    outer loop
      vertex -42.9567 44.7245 2
      vertex -46.117 47.8848 2
      vertex -46.1285 47.8738 1.8795
    endloop
  endfacet
  facet normal -0.707187 0.707027 0
    outer loop
      vertex -44.2826 43.3987 3.08253
      vertex -44.2826 43.3987 0.917468
      vertex -44.7245 42.9567 2
    endloop
  endfacet
  facet normal -0.430477 -0.430477 0.793335
    outer loop
      vertex -46.3823 47.6323 1.11612
      vertex -43.3987 44.2826 0.917468
      vertex -43.2156 44.4656 1.11612
    endloop
  endfacet
  facet normal -0.430477 -0.430477 0.793335
    outer loop
      vertex -43.3987 44.2826 0.917468
      vertex -46.3823 47.6323 1.11612
      vertex -46.5698 47.4537 0.917468
    endloop
  endfacet
  facet normal -0.706864 0.70735 0.000263896
    outer loop
      vertex -44.2826 43.3987 0.917468
      vertex -44.6944 42.9869 1.67648
      vertex -44.7245 42.9567 2
    endloop
  endfacet
  facet normal 0.701057 0.701057 0.130529
    outer loop
      vertex -47.8738 46.1285 1.8795
      vertex -44.6944 42.9869 1.67648
      vertex -47.8554 46.1479 1.67648
    endloop
  endfacet
  facet normal 0.701049 0.70104 0.130666
    outer loop
      vertex -44.6944 42.9869 1.67648
      vertex -47.8738 46.1285 1.8795
      vertex -44.7245 42.9567 2
    endloop
  endfacet
  facet normal 0.653354 0.653354 0.382436
    outer loop
      vertex -44.6944 42.9869 1.67648
      vertex -47.8014 46.2046 1.48736
      vertex -47.8554 46.1479 1.67648
    endloop
  endfacet
  facet normal 0.653275 0.653292 0.382678
    outer loop
      vertex -47.8014 46.2046 1.48736
      vertex -44.6944 42.9869 1.67648
      vertex -44.6061 43.0752 1.375
    endloop
  endfacet
  facet normal -0.70735 0.706864 -0.000263896
    outer loop
      vertex -42.9869 44.6944 2.32352
      vertex -42.9567 44.7245 2
      vertex -43.3987 44.2826 3.08253
    endloop
  endfacet
  facet normal 0.561 0.561011 -0.608724
    outer loop
      vertex -47.7182 46.292 2.72155
      vertex -44.4656 43.2156 2.88388
      vertex -44.6061 43.0752 2.625
    endloop
  endfacet
  facet normal 0.560932 0.560932 -0.60886
    outer loop
      vertex -44.4656 43.2156 2.88388
      vertex -47.7182 46.292 2.72155
      vertex -47.6323 46.3823 2.88388
    endloop
  endfacet
  facet normal 0.701057 0.701057 -0.130529
    outer loop
      vertex -44.6944 42.9869 2.32352
      vertex -47.8738 46.1285 2.1205
      vertex -47.8554 46.1479 2.32352
    endloop
  endfacet
  facet normal 0.701049 0.70104 -0.130666
    outer loop
      vertex -47.8738 46.1285 2.1205
      vertex -44.6944 42.9869 2.32352
      vertex -44.7245 42.9567 2
    endloop
  endfacet
  facet normal 0.430474 0.430474 -0.793338
    outer loop
      vertex -47.6323 46.3823 2.88388
      vertex -44.2826 43.3987 3.08253
      vertex -44.4656 43.2156 2.88388
    endloop
  endfacet
  facet normal 0.430474 0.430474 -0.793338
    outer loop
      vertex -44.2826 43.3987 3.08253
      vertex -47.6323 46.3823 2.88388
      vertex -47.4537 46.5698 3.08253
    endloop
  endfacet
  facet normal -0.0923185 -0.0923185 -0.991441
    outer loop
      vertex -46.9348 47.1062 3.23404
      vertex -43.8406 43.8406 3.25
      vertex -47.0226 47.0226 3.25
    endloop
  endfacet
  facet normal -0.0923022 -0.0922993 0.991444
    outer loop
      vertex -46.7882 47.2458 0.792592
      vertex -43.8406 43.8406 0.75
      vertex -43.6119 44.0694 0.792592
    endloop
  endfacet
  facet normal -0.0922531 -0.0922569 0.991452
    outer loop
      vertex -43.8406 43.8406 0.75
      vertex -46.7882 47.2458 0.792592
      vertex -46.9348 47.1062 0.765961
    endloop
  endfacet
  facet normal -0.0923242 -0.0923242 0.99144
    outer loop
      vertex -43.8406 43.8406 0.75
      vertex -46.9348 47.1062 0.765961
      vertex -47.0226 47.0226 0.75
    endloop
  endfacet
  facet normal -0.70735 0.706864 0.000263896
    outer loop
      vertex -42.9567 44.7245 2
      vertex -42.9869 44.6944 1.67648
      vertex -43.3987 44.2826 0.917468
    endloop
  endfacet
  facet normal -0.706276 0.707936 -0.00117383
    outer loop
      vertex -43.0752 44.6061 1.375
      vertex -43.2156 44.4656 1.11612
      vertex -43.3987 44.2826 0.917468
    endloop
  endfacet
  facet normal -0.653319 -0.653299 0.382589
    outer loop
      vertex -43.0752 44.6061 1.375
      vertex -46.2046 47.8014 1.48736
      vertex -46.2383 47.7693 1.375
    endloop
  endfacet
  facet normal 0.270507 0.270507 0.923933
    outer loop
      vertex -44.2826 43.3987 0.917468
      vertex -47.3759 46.6515 0.87077
      vertex -47.4537 46.5698 0.917468
    endloop
  endfacet
  facet normal -0.707936 0.706276 -0.00117383
    outer loop
      vertex -44.2826 43.3987 0.917468
      vertex -44.4656 43.2156 1.11612
      vertex -44.6061 43.0752 1.375
    endloop
  endfacet
  facet normal 0.560932 0.560932 0.60886
    outer loop
      vertex -47.7182 46.292 1.27845
      vertex -44.4656 43.2156 1.11612
      vertex -47.6323 46.3823 1.11612
    endloop
  endfacet
  facet normal 0.561 0.561011 0.608724
    outer loop
      vertex -44.4656 43.2156 1.11612
      vertex -47.7182 46.292 1.27845
      vertex -44.6061 43.0752 1.375
    endloop
  endfacet
  facet normal 0.653299 0.653319 0.382589
    outer loop
      vertex -44.6061 43.0752 1.375
      vertex -47.7693 46.2383 1.375
      vertex -47.8014 46.2046 1.48736
    endloop
  endfacet
  facet normal 0.560922 0.56094 -0.608862
    outer loop
      vertex -47.7182 46.292 2.72155
      vertex -44.6061 43.0752 2.625
      vertex -47.7693 46.2383 2.625
    endloop
  endfacet
  facet normal -0.707936 0.706276 0.00117382
    outer loop
      vertex -44.4656 43.2156 2.88388
      vertex -44.2826 43.3987 3.08253
      vertex -44.6061 43.0752 2.625
    endloop
  endfacet
  facet normal 0.270517 0.270517 -0.923927
    outer loop
      vertex -47.3759 46.6515 3.12923
      vertex -44.2826 43.3987 3.08253
      vertex -47.4537 46.5698 3.08253
    endloop
  endfacet
  facet normal -0.707107 0.707107 0
    outer loop
      vertex -44.2826 43.3987 0.917468
      vertex -43.3987 44.2826 3.08253
      vertex -43.3987 44.2826 0.917468
    endloop
  endfacet
  facet normal -0.707107 0.707107 0
    outer loop
      vertex -43.3987 44.2826 3.08253
      vertex -44.2826 43.3987 0.917468
      vertex -44.2826 43.3987 3.08253
    endloop
  endfacet
  facet normal -0.706864 0.70735 -0.000263896
    outer loop
      vertex -44.6944 42.9869 2.32352
      vertex -44.2826 43.3987 3.08253
      vertex -44.7245 42.9567 2
    endloop
  endfacet
  facet normal -0.0922979 -0.092295 -0.991445
    outer loop
      vertex -43.8406 43.8406 3.25
      vertex -46.7882 47.2458 3.20741
      vertex -43.6119 44.0694 3.20741
    endloop
  endfacet
  facet normal -0.0922498 -0.0922534 -0.991453
    outer loop
      vertex -46.7882 47.2458 3.20741
      vertex -43.8406 43.8406 3.25
      vertex -46.9348 47.1062 3.23404
    endloop
  endfacet
  facet normal -0.561011 -0.561 -0.608724
    outer loop
      vertex -43.2156 44.4656 2.88388
      vertex -46.292 47.7182 2.72155
      vertex -43.0752 44.6061 2.625
    endloop
  endfacet
  facet normal -0.560932 -0.560932 -0.60886
    outer loop
      vertex -46.292 47.7182 2.72155
      vertex -43.2156 44.4656 2.88388
      vertex -46.3823 47.6323 2.88388
    endloop
  endfacet
  facet normal -0.270507 -0.270507 0.923933
    outer loop
      vertex -43.3987 44.2826 0.917468
      vertex -46.5698 47.4537 0.917468
      vertex -46.6515 47.3759 0.87077
    endloop
  endfacet
  facet normal -0.561011 -0.561 0.608724
    outer loop
      vertex -46.292 47.7182 1.27845
      vertex -43.2156 44.4656 1.11612
      vertex -43.0752 44.6061 1.375
    endloop
  endfacet
  facet normal -0.560932 -0.560932 0.60886
    outer loop
      vertex -43.2156 44.4656 1.11612
      vertex -46.292 47.7182 1.27845
      vertex -46.3823 47.6323 1.11612
    endloop
  endfacet
  facet normal -0.653354 -0.653354 -0.382436
    outer loop
      vertex -42.9869 44.6944 2.32352
      vertex -46.2046 47.8014 2.51264
      vertex -46.1479 47.8554 2.32352
    endloop
  endfacet
  facet normal -0.653292 -0.653275 -0.382678
    outer loop
      vertex -46.2046 47.8014 2.51264
      vertex -42.9869 44.6944 2.32352
      vertex -43.0752 44.6061 2.625
    endloop
  endfacet
  facet normal -0.653319 -0.653299 -0.382589
    outer loop
      vertex -46.2046 47.8014 2.51264
      vertex -43.0752 44.6061 2.625
      vertex -46.2383 47.7693 2.625
    endloop
  endfacet
  facet normal -0.701023 -0.701023 -0.130896
    outer loop
      vertex -46.117 47.8848 2
      vertex -42.9567 44.7245 2
      vertex -46.1285 47.8738 2.1205
    endloop
  endfacet
  facet normal -0.701057 -0.701057 0.130529
    outer loop
      vertex -42.9869 44.6944 1.67648
      vertex -46.1285 47.8738 1.8795
      vertex -46.1479 47.8554 1.67648
    endloop
  endfacet
  facet normal -0.70104 -0.701049 0.130666
    outer loop
      vertex -46.1285 47.8738 1.8795
      vertex -42.9869 44.6944 1.67648
      vertex -42.9567 44.7245 2
    endloop
  endfacet
  facet normal 0.701023 0.701023 -0.130896
    outer loop
      vertex -47.8738 46.1285 2.1205
      vertex -44.7245 42.9567 2
      vertex -47.8848 46.117 2
    endloop
  endfacet
  facet normal -0.707333 0.70688 -0.000773654
    outer loop
      vertex -43.6119 44.0694 3.20741
      vertex -43.3987 44.2826 3.08253
      vertex -43.8406 43.8406 3.25
    endloop
  endfacet
  facet normal -0.430474 -0.430474 -0.793338
    outer loop
      vertex -43.3987 44.2826 3.08253
      vertex -46.3823 47.6323 2.88388
      vertex -43.2156 44.4656 2.88388
    endloop
  endfacet
  facet normal -0.430474 -0.430474 -0.793338
    outer loop
      vertex -46.3823 47.6323 2.88388
      vertex -43.3987 44.2826 3.08253
      vertex -46.5698 47.4537 3.08253
    endloop
  endfacet
  facet normal -0.270578 -0.270582 -0.92389
    outer loop
      vertex -43.6119 44.0694 3.20741
      vertex -46.6515 47.3759 3.12923
      vertex -43.3987 44.2826 3.08253
    endloop
  endfacet
  facet normal -0.270709 -0.2707 -0.923817
    outer loop
      vertex -46.6515 47.3759 3.12923
      vertex -43.6119 44.0694 3.20741
      vertex -46.7882 47.2458 3.20741
    endloop
  endfacet
  facet normal -0.70688 0.707333 -0.000773654
    outer loop
      vertex -44.0694 43.6119 3.20741
      vertex -43.8406 43.8406 3.25
      vertex -44.2826 43.3987 3.08253
    endloop
  endfacet
  facet normal -0.653354 -0.653354 0.382436
    outer loop
      vertex -46.2046 47.8014 1.48736
      vertex -42.9869 44.6944 1.67648
      vertex -46.1479 47.8554 1.67648
    endloop
  endfacet
  facet normal -0.653292 -0.653275 0.382678
    outer loop
      vertex -42.9869 44.6944 1.67648
      vertex -46.2046 47.8014 1.48736
      vertex -43.0752 44.6061 1.375
    endloop
  endfacet
  facet normal -0.707107 0.707107 0
    outer loop
      vertex -42.9869 44.6944 1.67648
      vertex -43.0752 44.6061 1.375
      vertex -43.3987 44.2826 0.917468
    endloop
  endfacet
  facet normal -0.70105 -0.701064 -0.130529
    outer loop
      vertex -42.9567 44.7245 2
      vertex -46.1479 47.8554 2.32352
      vertex -46.1285 47.8738 2.1205
    endloop
  endfacet
  facet normal -0.701044 -0.701044 -0.130666
    outer loop
      vertex -46.1479 47.8554 2.32352
      vertex -42.9567 44.7245 2
      vertex -42.9869 44.6944 2.32352
    endloop
  endfacet
  facet normal -0.706276 0.707936 0.00117382
    outer loop
      vertex -43.2156 44.4656 2.88388
      vertex -43.0752 44.6061 2.625
      vertex -43.3987 44.2826 3.08253
    endloop
  endfacet
  facet normal -0.707107 0.707107 0
    outer loop
      vertex -43.0752 44.6061 2.625
      vertex -42.9869 44.6944 2.32352
      vertex -43.3987 44.2826 3.08253
    endloop
  endfacet
  facet normal -0.56094 -0.560922 0.608862
    outer loop
      vertex -43.0752 44.6061 1.375
      vertex -46.2383 47.7693 1.375
      vertex -46.292 47.7182 1.27845
    endloop
  endfacet
  facet normal -0.707027 0.707187 0
    outer loop
      vertex -43.3987 44.2826 3.08253
      vertex -42.9567 44.7245 2
      vertex -43.3987 44.2826 0.917468
    endloop
  endfacet
  facet normal -0.130524 0 0.991445
    outer loop
      vertex 0 -62 0.75
      vertex 0.323524 -66.4921 0.792592
      vertex 0.323524 -62 0.792592
    endloop
  endfacet
  facet normal -0.130524 0 0.991445
    outer loop
      vertex 0.323524 -66.4921 0.792592
      vertex 0 -62 0.75
      vertex 0 -66.5 0.75
    endloop
  endfacet
  facet normal -0.382685 0 0.923879
    outer loop
      vertex 0.323524 -62 0.792592
      vertex 0.625 -66.4847 0.917468
      vertex 0.625 -62 0.917468
    endloop
  endfacet
  facet normal -0.382685 0 0.923879
    outer loop
      vertex 0.625 -66.4847 0.917468
      vertex 0.323524 -62 0.792592
      vertex 0.323524 -66.4921 0.792592
    endloop
  endfacet
  facet normal -0.130518 -0 -0.991446
    outer loop
      vertex 0 -62 3.25
      vertex 0.323524 -66.4921 3.20741
      vertex 0 -66.5 3.25
    endloop
  endfacet
  facet normal -0.130518 0 -0.991446
    outer loop
      vertex 0.323524 -66.4921 3.20741
      vertex 0 -62 3.25
      vertex 0.323524 -62 3.20741
    endloop
  endfacet
  facet normal 0 -1 0
    outer loop
      vertex -0.323524 -62 3.20741
      vertex 0.323524 -62 3.20741
      vertex 0 -62 3.25
    endloop
  endfacet
  facet normal 0 -1 0
    outer loop
      vertex -0.625 -62 3.08253
      vertex 0.323524 -62 3.20741
      vertex -0.323524 -62 3.20741
    endloop
  endfacet
  facet normal 0 -1 0
    outer loop
      vertex -0.625 -62 3.08253
      vertex 0.625 -62 3.08253
      vertex 0.323524 -62 3.20741
    endloop
  endfacet
  facet normal 0 -1 0
    outer loop
      vertex -0.883883 -62 2.88388
      vertex 0.625 -62 3.08253
      vertex -0.625 -62 3.08253
    endloop
  endfacet
  facet normal 0 -1 0
    outer loop
      vertex -0.883883 -62 2.88388
      vertex 0.883883 -62 2.88388
      vertex 0.625 -62 3.08253
    endloop
  endfacet
  facet normal 0 -1 0
    outer loop
      vertex -1.08253 -62 2.625
      vertex 0.883883 -62 2.88388
      vertex -0.883883 -62 2.88388
    endloop
  endfacet
  facet normal 0 -1 0
    outer loop
      vertex -1.08253 -62 2.625
      vertex 1.08253 -62 2.625
      vertex 0.883883 -62 2.88388
    endloop
  endfacet
  facet normal 0 -1 0
    outer loop
      vertex -1.20741 -62 2.32352
      vertex 1.08253 -62 2.625
      vertex -1.08253 -62 2.625
    endloop
  endfacet
  facet normal 0 -1 0
    outer loop
      vertex -1.20741 -62 2.32352
      vertex 1.20741 -62 2.32352
      vertex 1.08253 -62 2.625
    endloop
  endfacet
  facet normal 0 -1 0
    outer loop
      vertex -1.25 -62 2
      vertex 1.20741 -62 2.32352
      vertex -1.20741 -62 2.32352
    endloop
  endfacet
  facet normal 0 -1 0
    outer loop
      vertex -1.25 -62 2
      vertex 1.25 -62 2
      vertex 1.20741 -62 2.32352
    endloop
  endfacet
  facet normal 0 -1 0
    outer loop
      vertex -1.20741 -62 1.67648
      vertex 1.25 -62 2
      vertex -1.25 -62 2
    endloop
  endfacet
  facet normal 0 -1 0
    outer loop
      vertex -1.20741 -62 1.67648
      vertex 1.20741 -62 1.67648
      vertex 1.25 -62 2
    endloop
  endfacet
  facet normal 0 -1 0
    outer loop
      vertex -1.08253 -62 1.375
      vertex 1.20741 -62 1.67648
      vertex -1.20741 -62 1.67648
    endloop
  endfacet
  facet normal 0 -1 0
    outer loop
      vertex -1.08253 -62 1.375
      vertex 1.08253 -62 1.375
      vertex 1.20741 -62 1.67648
    endloop
  endfacet
  facet normal 0 -1 0
    outer loop
      vertex -0.883883 -62 1.11612
      vertex 1.08253 -62 1.375
      vertex -1.08253 -62 1.375
    endloop
  endfacet
  facet normal 0 -1 0
    outer loop
      vertex -0.883883 -62 1.11612
      vertex 0.883883 -62 1.11612
      vertex 1.08253 -62 1.375
    endloop
  endfacet
  facet normal 0 -1 0
    outer loop
      vertex -0.625 -62 0.917468
      vertex 0.883883 -62 1.11612
      vertex -0.883883 -62 1.11612
    endloop
  endfacet
  facet normal 0 -1 0
    outer loop
      vertex -0.625 -62 0.917468
      vertex 0.625 -62 0.917468
      vertex 0.883883 -62 1.11612
    endloop
  endfacet
  facet normal 0 -1 0
    outer loop
      vertex -0.323524 -62 0.792592
      vertex 0.625 -62 0.917468
      vertex -0.625 -62 0.917468
    endloop
  endfacet
  facet normal 0 -1 0
    outer loop
      vertex -0.323524 -62 0.792592
      vertex 0.323524 -62 0.792592
      vertex 0.625 -62 0.917468
    endloop
  endfacet
  facet normal -0 -1 0
    outer loop
      vertex 0.323524 -62 0.792592
      vertex -0.323524 -62 0.792592
      vertex 0 -62 0.75
    endloop
  endfacet
  facet normal -0.991446 0 -0.13052
    outer loop
      vertex 1.25 -66.4693 2
      vertex 1.20741 -62 2.32352
      vertex 1.25 -62 2
    endloop
  endfacet
  facet normal -0.991446 -0 -0.13052
    outer loop
      vertex 1.20741 -62 2.32352
      vertex 1.25 -66.4693 2
      vertex 1.20741 -66.4704 2.32352
    endloop
  endfacet
  facet normal 0.991446 -0 0.13052
    outer loop
      vertex -1.25 -66.4693 2
      vertex -1.20741 -62 1.67648
      vertex -1.25 -62 2
    endloop
  endfacet
  facet normal 0.991446 0 0.13052
    outer loop
      vertex -1.20741 -62 1.67648
      vertex -1.25 -66.4693 2
      vertex -1.20741 -66.4704 1.67648
    endloop
  endfacet
  facet normal 0.130518 0 -0.991446
    outer loop
      vertex -0.323524 -66.4921 3.20741
      vertex 0 -62 3.25
      vertex 0 -66.5 3.25
    endloop
  endfacet
  facet normal 0.130518 0 -0.991446
    outer loop
      vertex 0 -62 3.25
      vertex -0.323524 -66.4921 3.20741
      vertex -0.323524 -62 3.20741
    endloop
  endfacet
  facet normal -0.608769 0 0.793347
    outer loop
      vertex 0.625 -62 0.917468
      vertex 0.883883 -66.4783 1.11612
      vertex 0.883883 -62 1.11612
    endloop
  endfacet
  facet normal -0.608769 0 0.793347
    outer loop
      vertex 0.883883 -66.4783 1.11612
      vertex 0.625 -62 0.917468
      vertex 0.625 -66.4847 0.917468
    endloop
  endfacet
  facet normal -0.991446 0 0.13052
    outer loop
      vertex 1.20741 -62 1.67648
      vertex 1.25 -66.4693 2
      vertex 1.25 -62 2
    endloop
  endfacet
  facet normal -0.991446 0 0.13052
    outer loop
      vertex 1.25 -66.4693 2
      vertex 1.20741 -62 1.67648
      vertex 1.20741 -66.4704 1.67648
    endloop
  endfacet
  facet normal -0.793351 0 0.608764
    outer loop
      vertex 0.883883 -62 1.11612
      vertex 1.08253 -66.4734 1.375
      vertex 1.08253 -62 1.375
    endloop
  endfacet
  facet normal -0.793351 0 0.608764
    outer loop
      vertex 1.08253 -66.4734 1.375
      vertex 0.883883 -62 1.11612
      vertex 0.883883 -66.4783 1.11612
    endloop
  endfacet
  facet normal -0.608765 -0 -0.79335
    outer loop
      vertex 0.625 -62 3.08253
      vertex 0.883883 -66.4783 2.88388
      vertex 0.625 -66.4847 3.08253
    endloop
  endfacet
  facet normal -0.608765 0 -0.79335
    outer loop
      vertex 0.883883 -66.4783 2.88388
      vertex 0.625 -62 3.08253
      vertex 0.883883 -62 2.88388
    endloop
  endfacet
  facet normal -0.382695 -0 -0.923875
    outer loop
      vertex 0.323524 -62 3.20741
      vertex 0.625 -66.4847 3.08253
      vertex 0.323524 -66.4921 3.20741
    endloop
  endfacet
  facet normal -0.382695 0 -0.923875
    outer loop
      vertex 0.625 -66.4847 3.08253
      vertex 0.323524 -62 3.20741
      vertex 0.625 -62 3.08253
    endloop
  endfacet
  facet normal 0.608769 -0 0.793347
    outer loop
      vertex -0.883883 -66.4783 1.11612
      vertex -0.625 -62 0.917468
      vertex -0.883883 -62 1.11612
    endloop
  endfacet
  facet normal 0.608769 0 0.793347
    outer loop
      vertex -0.625 -62 0.917468
      vertex -0.883883 -66.4783 1.11612
      vertex -0.625 -66.4847 0.917468
    endloop
  endfacet
  facet normal 0.130524 -0 0.991445
    outer loop
      vertex -0.323524 -66.4921 0.792592
      vertex 0 -62 0.75
      vertex -0.323524 -62 0.792592
    endloop
  endfacet
  facet normal 0.130524 0 0.991445
    outer loop
      vertex 0 -62 0.75
      vertex -0.323524 -66.4921 0.792592
      vertex 0 -66.5 0.75
    endloop
  endfacet
  facet normal 0.793351 0 -0.608764
    outer loop
      vertex -0.883883 -62 2.88388
      vertex -1.08253 -66.4734 2.625
      vertex -1.08253 -62 2.625
    endloop
  endfacet
  facet normal 0.793351 0 -0.608764
    outer loop
      vertex -1.08253 -66.4734 2.625
      vertex -0.883883 -62 2.88388
      vertex -0.883883 -66.4783 2.88388
    endloop
  endfacet
  facet normal 0.923876 0 -0.382691
    outer loop
      vertex -1.08253 -62 2.625
      vertex -1.20741 -66.4704 2.32352
      vertex -1.20741 -62 2.32352
    endloop
  endfacet
  facet normal 0.923876 0 -0.382691
    outer loop
      vertex -1.20741 -66.4704 2.32352
      vertex -1.08253 -62 2.625
      vertex -1.08253 -66.4734 2.625
    endloop
  endfacet
  facet normal 0.991446 0 -0.13052
    outer loop
      vertex -1.20741 -62 2.32352
      vertex -1.25 -66.4693 2
      vertex -1.25 -62 2
    endloop
  endfacet
  facet normal 0.991446 0 -0.13052
    outer loop
      vertex -1.25 -66.4693 2
      vertex -1.20741 -62 2.32352
      vertex -1.20741 -66.4704 2.32352
    endloop
  endfacet
  facet normal -0.923876 0 0.382691
    outer loop
      vertex 1.08253 -62 1.375
      vertex 1.20741 -66.4704 1.67648
      vertex 1.20741 -62 1.67648
    endloop
  endfacet
  facet normal -0.923876 0 0.382691
    outer loop
      vertex 1.20741 -66.4704 1.67648
      vertex 1.08253 -62 1.375
      vertex 1.08253 -66.4734 1.375
    endloop
  endfacet
  facet normal -0.923876 0 -0.382691
    outer loop
      vertex 1.20741 -66.4704 2.32352
      vertex 1.08253 -62 2.625
      vertex 1.20741 -62 2.32352
    endloop
  endfacet
  facet normal -0.923876 -0 -0.382691
    outer loop
      vertex 1.08253 -62 2.625
      vertex 1.20741 -66.4704 2.32352
      vertex 1.08253 -66.4734 2.625
    endloop
  endfacet
  facet normal -0.793351 0 -0.608764
    outer loop
      vertex 1.08253 -66.4734 2.625
      vertex 0.883883 -62 2.88388
      vertex 1.08253 -62 2.625
    endloop
  endfacet
  facet normal -0.793351 -0 -0.608764
    outer loop
      vertex 0.883883 -62 2.88388
      vertex 1.08253 -66.4734 2.625
      vertex 0.883883 -66.4783 2.88388
    endloop
  endfacet
  facet normal 0.923876 -0 0.382691
    outer loop
      vertex -1.20741 -66.4704 1.67648
      vertex -1.08253 -62 1.375
      vertex -1.20741 -62 1.67648
    endloop
  endfacet
  facet normal 0.923876 0 0.382691
    outer loop
      vertex -1.08253 -62 1.375
      vertex -1.20741 -66.4704 1.67648
      vertex -1.08253 -66.4734 1.375
    endloop
  endfacet
  facet normal 0.793351 -0 0.608764
    outer loop
      vertex -1.08253 -66.4734 1.375
      vertex -0.883883 -62 1.11612
      vertex -1.08253 -62 1.375
    endloop
  endfacet
  facet normal 0.793351 0 0.608764
    outer loop
      vertex -0.883883 -62 1.11612
      vertex -1.08253 -66.4734 1.375
      vertex -0.883883 -66.4783 1.11612
    endloop
  endfacet
  facet normal 0.382685 -0 0.923879
    outer loop
      vertex -0.625 -66.4847 0.917468
      vertex -0.323524 -62 0.792592
      vertex -0.625 -62 0.917468
    endloop
  endfacet
  facet normal 0.382685 0 0.923879
    outer loop
      vertex -0.323524 -62 0.792592
      vertex -0.625 -66.4847 0.917468
      vertex -0.323524 -66.4921 0.792592
    endloop
  endfacet
  facet normal 0.382695 0 -0.923875
    outer loop
      vertex -0.625 -66.4847 3.08253
      vertex -0.323524 -62 3.20741
      vertex -0.323524 -66.4921 3.20741
    endloop
  endfacet
  facet normal 0.382695 0 -0.923875
    outer loop
      vertex -0.323524 -62 3.20741
      vertex -0.625 -66.4847 3.08253
      vertex -0.625 -62 3.08253
    endloop
  endfacet
  facet normal 0.608765 0 -0.79335
    outer loop
      vertex -0.883883 -66.4783 2.88388
      vertex -0.625 -62 3.08253
      vertex -0.625 -66.4847 3.08253
    endloop
  endfacet
  facet normal 0.608765 0 -0.79335
    outer loop
      vertex -0.625 -62 3.08253
      vertex -0.883883 -66.4783 2.88388
      vertex -0.883883 -62 2.88388
    endloop
  endfacet
endsolid OpenSCAD_Model
