solid OpenSCAD_Model
  facet normal 0.999699 -0.0245444 0
    outer loop
      vertex 59.5282 -2.92443 59
      vertex 59.6 0 54.1
      vertex 59.6 0 59
    endloop
  endfacet
  facet normal 0.999699 -0.0245444 0
    outer loop
      vertex 59.6 0 54.1
      vertex 59.5282 -2.92443 59
      vertex 59.5282 -2.92443 54.1
    endloop
  endfacet
  facet normal -0.999699 -0.0245444 0
    outer loop
      vertex -59.5282 -2.92443 54.1
      vertex -59.6 0 56
      vertex -59.6 0 54.1
    endloop
  endfacet
  facet normal -0.999699 -0.0245444 0
    outer loop
      vertex -59.6 0 56
      vertex -59.5282 -2.92443 54.1
      vertex -59.5282 -2.92443 56
    endloop
  endfacet
  facet normal -0.0245444 -0.999699 0
    outer loop
      vertex -2.92443 -59.5282 54.1
      vertex 0 -59.6 59
      vertex -2.92443 -59.5282 59
    endloop
  endfacet
  facet normal -0.0245444 -0.999699 -0
    outer loop
      vertex 0 -59.6 59
      vertex -2.92443 -59.5282 54.1
      vertex 0 -59.6 54.1
    endloop
  endfacet
  facet normal 0.0245444 0.999699 -0
    outer loop
      vertex 2.92443 59.5282 54.1
      vertex 0 59.6 59
      vertex 2.92443 59.5282 59
    endloop
  endfacet
  facet normal 0.0245444 0.999699 0
    outer loop
      vertex 0 59.6 59
      vertex 2.92443 59.5282 54.1
      vertex 0 59.6 54.1
    endloop
  endfacet
  facet normal 0.689528 -0.724259 0
    outer loop
      vertex 40.0249 -44.1607 54.1
      vertex 42.1436 -42.1436 59
      vertex 40.0249 -44.1607 59
    endloop
  endfacet
  facet normal 0.689528 -0.724259 0
    outer loop
      vertex 42.1436 -42.1436 59
      vertex 40.0249 -44.1607 54.1
      vertex 42.1436 -42.1436 54.1
    endloop
  endfacet
  facet normal -0.724259 -0.689528 0
    outer loop
      vertex -42.1436 -42.1436 54.1
      vertex -44.1607 -40.0249 59
      vertex -44.1607 -40.0249 54.1
    endloop
  endfacet
  facet normal -0.724259 -0.689528 0
    outer loop
      vertex -44.1607 -40.0249 59
      vertex -42.1436 -42.1436 54.1
      vertex -42.1436 -42.1436 59
    endloop
  endfacet
  facet normal -0.405218 -0.91422 0
    outer loop
      vertex -25.4823 -53.8778 54.1
      vertex -22.8079 -55.0632 59
      vertex -25.4823 -53.8778 59
    endloop
  endfacet
  facet normal -0.405218 -0.91422 -0
    outer loop
      vertex -22.8079 -55.0632 59
      vertex -25.4823 -53.8778 54.1
      vertex -22.8079 -55.0632 54.1
    endloop
  endfacet
  facet normal 0.91422 -0.405218 0
    outer loop
      vertex 53.8778 -25.4823 59
      vertex 55.0632 -22.8079 54.1
      vertex 55.0632 -22.8079 59
    endloop
  endfacet
  facet normal 0.91422 -0.405218 0
    outer loop
      vertex 55.0632 -22.8079 54.1
      vertex 53.8778 -25.4823 59
      vertex 53.8778 -25.4823 54.1
    endloop
  endfacet
  facet normal 0.359893 -0.932994 0
    outer loop
      vertex 20.0786 -56.116 54.1
      vertex 22.8079 -55.0632 59
      vertex 20.0786 -56.116 59
    endloop
  endfacet
  facet normal 0.359893 -0.932994 0
    outer loop
      vertex 22.8079 -55.0632 59
      vertex 20.0786 -56.116 54.1
      vertex 22.8079 -55.0632 54.1
    endloop
  endfacet
  facet normal 0.534983 -0.844863 0
    outer loop
      vertex 30.6405 -51.1206 54.1
      vertex 33.112 -49.5556 59
      vertex 30.6405 -51.1206 59
    endloop
  endfacet
  facet normal 0.534983 -0.844863 0
    outer loop
      vertex 33.112 -49.5556 59
      vertex 30.6405 -51.1206 54.1
      vertex 33.112 -49.5556 54.1
    endloop
  endfacet
  facet normal -0.91422 -0.405218 0
    outer loop
      vertex -53.8778 -25.4823 54.1
      vertex -55.0632 -22.8079 59
      vertex -55.0632 -22.8079 54.1
    endloop
  endfacet
  facet normal -0.91422 -0.405218 0
    outer loop
      vertex -55.0632 -22.8079 59
      vertex -53.8778 -25.4823 54.1
      vertex -53.8778 -25.4823 59
    endloop
  endfacet
  facet normal -0.219091 -0.975704 0
    outer loop
      vertex -14.4816 -57.8139 54.1
      vertex -11.6274 -58.4548 59
      vertex -14.4816 -57.8139 59
    endloop
  endfacet
  facet normal -0.219091 -0.975704 -0
    outer loop
      vertex -11.6274 -58.4548 59
      vertex -14.4816 -57.8139 54.1
      vertex -11.6274 -58.4548 54.1
    endloop
  endfacet
  facet normal 0.313683 0.949528 -0
    outer loop
      vertex 20.0786 56.116 54.1
      vertex 17.301 57.0336 59
      vertex 20.0786 56.116 59
    endloop
  endfacet
  facet normal 0.313683 0.949528 0
    outer loop
      vertex 17.301 57.0336 59
      vertex 20.0786 56.116 54.1
      vertex 17.301 57.0336 54.1
    endloop
  endfacet
  facet normal 0.219091 0.975704 -0
    outer loop
      vertex 14.4816 57.8139 54.1
      vertex 11.6274 58.4548 59
      vertex 14.4816 57.8139 59
    endloop
  endfacet
  facet normal 0.219091 0.975704 0
    outer loop
      vertex 11.6274 58.4548 59
      vertex 14.4816 57.8139 54.1
      vertex 11.6274 58.4548 54.1
    endloop
  endfacet
  facet normal 0.975704 -0.219091 0
    outer loop
      vertex 57.8139 -14.4816 59
      vertex 58.4548 -11.6274 54.1
      vertex 58.4548 -11.6274 59
    endloop
  endfacet
  facet normal 0.975704 -0.219091 0
    outer loop
      vertex 58.4548 -11.6274 54.1
      vertex 57.8139 -14.4816 59
      vertex 57.8139 -14.4816 54.1
    endloop
  endfacet
  facet normal 0.817354 -0.576135 0
    outer loop
      vertex 49.5556 -33.112 59
      vertex 49.5267 -33.153 56.5
      vertex 49.5556 -33.112 54.1
    endloop
  endfacet
  facet normal 0.817146 -0.576431 7.2516e-06
    outer loop
      vertex 49.5556 -33.112 59
      vertex 49.5049 -33.1839 56.7871
      vertex 49.5267 -33.153 56.5
    endloop
  endfacet
  facet normal 0.821043 -0.570867 -0.000262793
    outer loop
      vertex 49.5556 -33.112 59
      vertex 49.5022 -33.1878 56.8235
      vertex 49.5049 -33.1839 56.7871
    endloop
  endfacet
  facet normal 0.817554 -0.575853 -3.55369e-06
    outer loop
      vertex 49.5556 -33.112 59
      vertex 49.4941 -33.1993 56.8575
      vertex 49.5022 -33.1878 56.8235
    endloop
  endfacet
  facet normal 0.817606 -0.575778 -8.12105e-06
    outer loop
      vertex 49.5556 -33.112 59
      vertex 49.4303 -33.2899 57.125
      vertex 49.4941 -33.1993 56.8575
    endloop
  endfacet
  facet normal 0.817531 -0.575885 7.08953e-06
    outer loop
      vertex 49.5556 -33.112 59
      vertex 49.3159 -33.4523 57.3839
      vertex 49.4303 -33.2899 57.125
    endloop
  endfacet
  facet normal 0.817516 -0.575905 1.35629e-05
    outer loop
      vertex 49.5556 -33.112 59
      vertex 49.1836 -33.6401 57.5601
      vertex 49.3159 -33.4523 57.3839
    endloop
  endfacet
  facet normal 0.817959 -0.575277 -0.000331124
    outer loop
      vertex 49.5556 -33.112 59
      vertex 49.1668 -33.664 57.5825
      vertex 49.1836 -33.6401 57.5601
    endloop
  endfacet
  facet normal 0.817587 -0.575805 -2.34513e-05
    outer loop
      vertex 49.5556 -33.112 59
      vertex 48.9932 -33.9105 57.7074
      vertex 49.1668 -33.664 57.5825
    endloop
  endfacet
  facet normal 0.818262 -0.574845 -0.000910302
    outer loop
      vertex 49.5556 -33.112 59
      vertex 48.9722 -33.9404 57.7122
      vertex 48.9932 -33.9105 57.7074
    endloop
  endfacet
  facet normal 0.817473 -0.575967 0.000168873
    outer loop
      vertex 49.5556 -33.112 59
      vertex 48.8069 -34.175 57.75
      vertex 48.9722 -33.9404 57.7122
    endloop
  endfacet
  facet normal 0.817589 -0.575802 -4.06357e-05
    outer loop
      vertex 47.8712 -35.5037 59
      vertex 48.8069 -34.175 57.75
      vertex 49.5556 -33.112 59
    endloop
  endfacet
  facet normal 0.818225 -0.574897 0.00139753
    outer loop
      vertex 48.8069 -34.175 57.75
      vertex 47.8712 -35.5037 59
      vertex 48.7859 -34.2049 57.7452
    endloop
  endfacet
  facet normal 0.817619 -0.575759 6.39392e-05
    outer loop
      vertex 48.7859 -34.2049 57.7452
      vertex 47.8712 -35.5037 59
      vertex 48.6207 -34.4395 57.7074
    endloop
  endfacet
  facet normal 0.817091 -0.576508 -0.00085903
    outer loop
      vertex 48.6207 -34.4395 57.7074
      vertex 47.8712 -35.5037 59
      vertex 48.601 -34.4674 57.6933
    endloop
  endfacet
  facet normal 0.81748 -0.575957 -0.000121848
    outer loop
      vertex 47.8712 -35.5037 59
      vertex 48.3149 -34.8736 57.4064
      vertex 48.4471 -34.686 57.5825
    endloop
  endfacet
  facet normal 0.81706 -0.576552 -0.000449803
    outer loop
      vertex 47.8712 -35.5037 59
      vertex 48.285 -34.916 57.3545
      vertex 48.298 -34.8976 57.3839
    endloop
  endfacet
  facet normal 0.817955 -0.575282 9.2724e-05
    outer loop
      vertex 47.8712 -35.5037 59
      vertex 48.09 -35.193 56.5367
      vertex 48.1117 -35.1621 56.8235
    endloop
  endfacet
  facet normal 0.818361 -0.574704 0.000201742
    outer loop
      vertex 48.09 -35.193 56.5367
      vertex 47.8712 -35.5037 59
      vertex 48.0872 -35.197 56.5
    endloop
  endfacet
  facet normal 0.81745 -0.575999 -7.55586e-05
    outer loop
      vertex 48.1836 -35.0601 57.125
      vertex 47.8712 -35.5037 59
      vertex 48.1117 -35.1621 56.8235
    endloop
  endfacet
  facet normal 0.817757 -0.575563 7.86995e-05
    outer loop
      vertex 48.285 -34.916 57.3545
      vertex 47.8712 -35.5037 59
      vertex 48.1836 -35.0601 57.125
    endloop
  endfacet
  facet normal 0.817627 -0.575748 1.71562e-06
    outer loop
      vertex 48.3149 -34.8736 57.4064
      vertex 47.8712 -35.5037 59
      vertex 48.298 -34.8976 57.3839
    endloop
  endfacet
  facet normal 0.817659 -0.575702 9.74127e-05
    outer loop
      vertex 48.601 -34.4674 57.6933
      vertex 47.8712 -35.5037 59
      vertex 48.4471 -34.686 57.5825
    endloop
  endfacet
  facet normal 0.817147 -0.576429 -7.51237e-06
    outer loop
      vertex 49.5049 -33.1839 56.2129
      vertex 49.5556 -33.112 54.1
      vertex 49.5267 -33.153 56.5
    endloop
  endfacet
  facet normal 0.821001 -0.570926 0.000272219
    outer loop
      vertex 49.5022 -33.1878 56.1765
      vertex 49.5556 -33.112 54.1
      vertex 49.5049 -33.1839 56.2129
    endloop
  endfacet
  facet normal 0.817553 -0.575853 3.70815e-06
    outer loop
      vertex 49.4941 -33.1993 56.1425
      vertex 49.5556 -33.112 54.1
      vertex 49.5022 -33.1878 56.1765
    endloop
  endfacet
  facet normal 0.817606 -0.575778 8.47409e-06
    outer loop
      vertex 49.4303 -33.2899 55.875
      vertex 49.5556 -33.112 54.1
      vertex 49.4941 -33.1993 56.1425
    endloop
  endfacet
  facet normal 0.817531 -0.575884 -7.43392e-06
    outer loop
      vertex 49.3159 -33.4523 55.6161
      vertex 49.5556 -33.112 54.1
      vertex 49.4303 -33.2899 55.875
    endloop
  endfacet
  facet normal 0.817517 -0.575905 -1.43019e-05
    outer loop
      vertex 49.1836 -33.6401 55.4399
      vertex 49.5556 -33.112 54.1
      vertex 49.3159 -33.4523 55.6161
    endloop
  endfacet
  facet normal 0.817951 -0.575288 0.000349167
    outer loop
      vertex 49.1668 -33.664 55.4175
      vertex 49.5556 -33.112 54.1
      vertex 49.1836 -33.6401 55.4399
    endloop
  endfacet
  facet normal 0.817586 -0.575806 2.49195e-05
    outer loop
      vertex 48.9932 -33.9105 55.2926
      vertex 49.5556 -33.112 54.1
      vertex 49.1668 -33.664 55.4175
    endloop
  endfacet
  facet normal 0.818257 -0.574852 0.000979217
    outer loop
      vertex 48.9722 -33.9404 55.2878
      vertex 49.5556 -33.112 54.1
      vertex 48.9932 -33.9105 55.2926
    endloop
  endfacet
  facet normal 0.817474 -0.575966 -0.000181654
    outer loop
      vertex 48.8069 -34.175 55.25
      vertex 49.5556 -33.112 54.1
      vertex 48.9722 -33.9404 55.2878
    endloop
  endfacet
  facet normal 0.818217 -0.574908 -0.00150003
    outer loop
      vertex 47.8712 -35.5037 54.1
      vertex 48.8069 -34.175 55.25
      vertex 48.7859 -34.2049 55.2548
    endloop
  endfacet
  facet normal 0.817619 -0.57576 -6.86266e-05
    outer loop
      vertex 47.8712 -35.5037 54.1
      vertex 48.7859 -34.2049 55.2548
      vertex 48.6207 -34.4395 55.2926
    endloop
  endfacet
  facet normal 0.817103 -0.576491 0.000908686
    outer loop
      vertex 47.8712 -35.5037 54.1
      vertex 48.6207 -34.4395 55.2926
      vertex 48.601 -34.4674 55.3067
    endloop
  endfacet
  facet normal 0.817658 -0.575704 -0.000103037
    outer loop
      vertex 47.8712 -35.5037 54.1
      vertex 48.601 -34.4674 55.3067
      vertex 48.4471 -34.686 55.4175
    endloop
  endfacet
  facet normal 0.817627 -0.575748 -1.79793e-06
    outer loop
      vertex 47.8712 -35.5037 54.1
      vertex 48.3149 -34.8736 55.5936
      vertex 48.298 -34.8976 55.6161
    endloop
  endfacet
  facet normal 0.817755 -0.575567 -8.18707e-05
    outer loop
      vertex 47.8712 -35.5037 54.1
      vertex 48.285 -34.916 55.6455
      vertex 48.1836 -35.0601 55.875
    endloop
  endfacet
  facet normal 0.818345 -0.574728 -0.000205607
    outer loop
      vertex 47.8712 -35.5037 54.1
      vertex 48.09 -35.193 56.4633
      vertex 48.0872 -35.197 56.5
    endloop
  endfacet
  facet normal 0.817588 -0.575804 0
    outer loop
      vertex 47.8712 -35.5037 54.1
      vertex 48.0872 -35.197 56.5
      vertex 47.8712 -35.5037 59
    endloop
  endfacet
  facet normal 0.817589 -0.575802 4.41692e-05
    outer loop
      vertex 48.8069 -34.175 55.25
      vertex 47.8712 -35.5037 54.1
      vertex 49.5556 -33.112 54.1
    endloop
  endfacet
  facet normal 0.817483 -0.575953 0.000127693
    outer loop
      vertex 48.3149 -34.8736 55.5936
      vertex 47.8712 -35.5037 54.1
      vertex 48.4471 -34.686 55.4175
    endloop
  endfacet
  facet normal 0.817074 -0.576533 0.000467915
    outer loop
      vertex 48.285 -34.916 55.6455
      vertex 47.8712 -35.5037 54.1
      vertex 48.298 -34.8976 55.6161
    endloop
  endfacet
  facet normal 0.817454 -0.575994 7.80072e-05
    outer loop
      vertex 48.1117 -35.1621 56.1765
      vertex 47.8712 -35.5037 54.1
      vertex 48.1836 -35.0601 55.875
    endloop
  endfacet
  facet normal 0.817947 -0.575293 -9.44903e-05
    outer loop
      vertex 48.09 -35.193 56.4633
      vertex 47.8712 -35.5037 54.1
      vertex 48.1117 -35.1621 56.1765
    endloop
  endfacet
  facet normal 0.870086 -0.4929 0
    outer loop
      vertex 51.1206 -30.6405 59
      vertex 52.5625 -28.0952 54.1
      vertex 52.5625 -28.0952 59
    endloop
  endfacet
  facet normal 0.870086 -0.4929 0
    outer loop
      vertex 52.5625 -28.0952 54.1
      vertex 51.1206 -30.6405 59
      vertex 51.1206 -30.6405 54.1
    endloop
  endfacet
  facet normal 0.170955 -0.985279 0
    outer loop
      vertex 8.74514 -58.9549 54.1
      vertex 11.6274 -58.4548 59
      vertex 8.74514 -58.9549 59
    endloop
  endfacet
  facet normal 0.170955 -0.985279 0
    outer loop
      vertex 11.6274 -58.4548 59
      vertex 8.74514 -58.9549 54.1
      vertex 11.6274 -58.4548 54.1
    endloop
  endfacet
  facet normal 0.615253 -0.78833 0
    outer loop
      vertex 35.5037 -47.8712 54.1
      vertex 37.8098 -46.0714 59
      vertex 35.5037 -47.8712 59
    endloop
  endfacet
  facet normal 0.615253 -0.78833 0
    outer loop
      vertex 37.8098 -46.0714 59
      vertex 35.5037 -47.8712 54.1
      vertex 37.8098 -46.0714 54.1
    endloop
  endfacet
  facet normal -0.975701 -0.219107 0
    outer loop
      vertex -58.4548 -11.6274 54.1
      vertex -57.922 -14 56
      vertex -58.4548 -11.6274 56
    endloop
  endfacet
  facet normal -0.975704 -0.219091 2.13062e-05
    outer loop
      vertex -57.8139 -14.4816 54.1
      vertex -57.922 -14 56
      vertex -58.4548 -11.6274 54.1
    endloop
  endfacet
  facet normal -0.975722 -0.219011 -0
    outer loop
      vertex -57.8139 -14.4816 59
      vertex -57.922 -14 56
      vertex -57.8139 -14.4816 54.1
    endloop
  endfacet
  facet normal -0.975722 -0.219011 0
    outer loop
      vertex -57.922 -14 56
      vertex -57.8139 -14.4816 59
      vertex -57.922 -14 59
    endloop
  endfacet
  facet normal -0.817354 -0.576135 0
    outer loop
      vertex -49.5556 -33.112 54.1
      vertex -49.5267 -33.153 56.5
      vertex -49.5556 -33.112 59
    endloop
  endfacet
  facet normal -0.817147 -0.576429 -7.51237e-06
    outer loop
      vertex -49.5556 -33.112 54.1
      vertex -49.5049 -33.1839 56.2129
      vertex -49.5267 -33.153 56.5
    endloop
  endfacet
  facet normal -0.821001 -0.570926 0.000272219
    outer loop
      vertex -49.5556 -33.112 54.1
      vertex -49.5022 -33.1878 56.1765
      vertex -49.5049 -33.1839 56.2129
    endloop
  endfacet
  facet normal -0.817553 -0.575853 3.70815e-06
    outer loop
      vertex -49.5556 -33.112 54.1
      vertex -49.4941 -33.1993 56.1425
      vertex -49.5022 -33.1878 56.1765
    endloop
  endfacet
  facet normal -0.817606 -0.575778 8.47409e-06
    outer loop
      vertex -49.5556 -33.112 54.1
      vertex -49.4303 -33.2899 55.875
      vertex -49.4941 -33.1993 56.1425
    endloop
  endfacet
  facet normal -0.817531 -0.575884 -7.43392e-06
    outer loop
      vertex -49.5556 -33.112 54.1
      vertex -49.3159 -33.4523 55.6161
      vertex -49.4303 -33.2899 55.875
    endloop
  endfacet
  facet normal -0.817517 -0.575905 -1.43019e-05
    outer loop
      vertex -49.5556 -33.112 54.1
      vertex -49.1836 -33.6401 55.4399
      vertex -49.3159 -33.4523 55.6161
    endloop
  endfacet
  facet normal -0.817951 -0.575288 0.000349167
    outer loop
      vertex -49.5556 -33.112 54.1
      vertex -49.1668 -33.664 55.4175
      vertex -49.1836 -33.6401 55.4399
    endloop
  endfacet
  facet normal -0.817586 -0.575806 2.49195e-05
    outer loop
      vertex -49.5556 -33.112 54.1
      vertex -48.9932 -33.9105 55.2926
      vertex -49.1668 -33.664 55.4175
    endloop
  endfacet
  facet normal -0.818257 -0.574852 0.000979217
    outer loop
      vertex -49.5556 -33.112 54.1
      vertex -48.9722 -33.9404 55.2878
      vertex -48.9932 -33.9105 55.2926
    endloop
  endfacet
  facet normal -0.817474 -0.575966 -0.000181654
    outer loop
      vertex -49.5556 -33.112 54.1
      vertex -48.8069 -34.175 55.25
      vertex -48.9722 -33.9404 55.2878
    endloop
  endfacet
  facet normal -0.817589 -0.575802 4.41692e-05
    outer loop
      vertex -47.8712 -35.5037 54.1
      vertex -48.8069 -34.175 55.25
      vertex -49.5556 -33.112 54.1
    endloop
  endfacet
  facet normal -0.818217 -0.574908 -0.00150003
    outer loop
      vertex -48.8069 -34.175 55.25
      vertex -47.8712 -35.5037 54.1
      vertex -48.7859 -34.2049 55.2548
    endloop
  endfacet
  facet normal -0.817619 -0.57576 -6.86266e-05
    outer loop
      vertex -48.7859 -34.2049 55.2548
      vertex -47.8712 -35.5037 54.1
      vertex -48.6207 -34.4395 55.2926
    endloop
  endfacet
  facet normal -0.817103 -0.576491 0.000908686
    outer loop
      vertex -48.6207 -34.4395 55.2926
      vertex -47.8712 -35.5037 54.1
      vertex -48.601 -34.4674 55.3067
    endloop
  endfacet
  facet normal -0.817483 -0.575953 0.000127693
    outer loop
      vertex -47.8712 -35.5037 54.1
      vertex -48.3149 -34.8736 55.5936
      vertex -48.4471 -34.686 55.4175
    endloop
  endfacet
  facet normal -0.817074 -0.576533 0.000467915
    outer loop
      vertex -47.8712 -35.5037 54.1
      vertex -48.285 -34.916 55.6455
      vertex -48.298 -34.8976 55.6161
    endloop
  endfacet
  facet normal -0.817947 -0.575293 -9.44903e-05
    outer loop
      vertex -47.8712 -35.5037 54.1
      vertex -48.09 -35.193 56.4633
      vertex -48.1117 -35.1621 56.1765
    endloop
  endfacet
  facet normal -0.818345 -0.574728 -0.000205607
    outer loop
      vertex -48.09 -35.193 56.4633
      vertex -47.8712 -35.5037 54.1
      vertex -48.0872 -35.197 56.5
    endloop
  endfacet
  facet normal -0.817454 -0.575994 7.80072e-05
    outer loop
      vertex -48.1836 -35.0601 55.875
      vertex -47.8712 -35.5037 54.1
      vertex -48.1117 -35.1621 56.1765
    endloop
  endfacet
  facet normal -0.817755 -0.575567 -8.18707e-05
    outer loop
      vertex -48.285 -34.916 55.6455
      vertex -47.8712 -35.5037 54.1
      vertex -48.1836 -35.0601 55.875
    endloop
  endfacet
  facet normal -0.817627 -0.575748 -1.79793e-06
    outer loop
      vertex -48.3149 -34.8736 55.5936
      vertex -47.8712 -35.5037 54.1
      vertex -48.298 -34.8976 55.6161
    endloop
  endfacet
  facet normal -0.817658 -0.575704 -0.000103037
    outer loop
      vertex -48.601 -34.4674 55.3067
      vertex -47.8712 -35.5037 54.1
      vertex -48.4471 -34.686 55.4175
    endloop
  endfacet
  facet normal -0.817146 -0.576431 7.2516e-06
    outer loop
      vertex -49.5049 -33.1839 56.7871
      vertex -49.5556 -33.112 59
      vertex -49.5267 -33.153 56.5
    endloop
  endfacet
  facet normal -0.821043 -0.570867 -0.000262793
    outer loop
      vertex -49.5022 -33.1878 56.8235
      vertex -49.5556 -33.112 59
      vertex -49.5049 -33.1839 56.7871
    endloop
  endfacet
  facet normal -0.817554 -0.575853 -3.55369e-06
    outer loop
      vertex -49.4941 -33.1993 56.8575
      vertex -49.5556 -33.112 59
      vertex -49.5022 -33.1878 56.8235
    endloop
  endfacet
  facet normal -0.817606 -0.575778 -8.12105e-06
    outer loop
      vertex -49.4303 -33.2899 57.125
      vertex -49.5556 -33.112 59
      vertex -49.4941 -33.1993 56.8575
    endloop
  endfacet
  facet normal -0.817531 -0.575885 7.08953e-06
    outer loop
      vertex -49.3159 -33.4523 57.3839
      vertex -49.5556 -33.112 59
      vertex -49.4303 -33.2899 57.125
    endloop
  endfacet
  facet normal -0.817516 -0.575905 1.35629e-05
    outer loop
      vertex -49.1836 -33.6401 57.5601
      vertex -49.5556 -33.112 59
      vertex -49.3159 -33.4523 57.3839
    endloop
  endfacet
  facet normal -0.817959 -0.575277 -0.000331124
    outer loop
      vertex -49.1668 -33.664 57.5825
      vertex -49.5556 -33.112 59
      vertex -49.1836 -33.6401 57.5601
    endloop
  endfacet
  facet normal -0.817587 -0.575805 -2.34513e-05
    outer loop
      vertex -48.9932 -33.9105 57.7074
      vertex -49.5556 -33.112 59
      vertex -49.1668 -33.664 57.5825
    endloop
  endfacet
  facet normal -0.818262 -0.574845 -0.000910302
    outer loop
      vertex -48.9722 -33.9404 57.7122
      vertex -49.5556 -33.112 59
      vertex -48.9932 -33.9105 57.7074
    endloop
  endfacet
  facet normal -0.817473 -0.575967 0.000168873
    outer loop
      vertex -48.8069 -34.175 57.75
      vertex -49.5556 -33.112 59
      vertex -48.9722 -33.9404 57.7122
    endloop
  endfacet
  facet normal -0.818225 -0.574897 0.00139753
    outer loop
      vertex -47.8712 -35.5037 59
      vertex -48.8069 -34.175 57.75
      vertex -48.7859 -34.2049 57.7452
    endloop
  endfacet
  facet normal -0.817619 -0.575759 6.39392e-05
    outer loop
      vertex -47.8712 -35.5037 59
      vertex -48.7859 -34.2049 57.7452
      vertex -48.6207 -34.4395 57.7074
    endloop
  endfacet
  facet normal -0.817091 -0.576508 -0.00085903
    outer loop
      vertex -47.8712 -35.5037 59
      vertex -48.6207 -34.4395 57.7074
      vertex -48.601 -34.4674 57.6933
    endloop
  endfacet
  facet normal -0.817659 -0.575702 9.74127e-05
    outer loop
      vertex -47.8712 -35.5037 59
      vertex -48.601 -34.4674 57.6933
      vertex -48.4471 -34.686 57.5825
    endloop
  endfacet
  facet normal -0.817627 -0.575748 1.71562e-06
    outer loop
      vertex -47.8712 -35.5037 59
      vertex -48.3149 -34.8736 57.4064
      vertex -48.298 -34.8976 57.3839
    endloop
  endfacet
  facet normal -0.817757 -0.575563 7.86995e-05
    outer loop
      vertex -47.8712 -35.5037 59
      vertex -48.285 -34.916 57.3545
      vertex -48.1836 -35.0601 57.125
    endloop
  endfacet
  facet normal -0.818361 -0.574704 0.000201742
    outer loop
      vertex -47.8712 -35.5037 59
      vertex -48.09 -35.193 56.5367
      vertex -48.0872 -35.197 56.5
    endloop
  endfacet
  facet normal -0.817588 -0.575804 -0
    outer loop
      vertex -47.8712 -35.5037 59
      vertex -48.0872 -35.197 56.5
      vertex -47.8712 -35.5037 54.1
    endloop
  endfacet
  facet normal -0.817589 -0.575802 -4.06357e-05
    outer loop
      vertex -48.8069 -34.175 57.75
      vertex -47.8712 -35.5037 59
      vertex -49.5556 -33.112 59
    endloop
  endfacet
  facet normal -0.81748 -0.575957 -0.000121848
    outer loop
      vertex -48.3149 -34.8736 57.4064
      vertex -47.8712 -35.5037 59
      vertex -48.4471 -34.686 57.5825
    endloop
  endfacet
  facet normal -0.81706 -0.576552 -0.000449803
    outer loop
      vertex -48.285 -34.916 57.3545
      vertex -47.8712 -35.5037 59
      vertex -48.298 -34.8976 57.3839
    endloop
  endfacet
  facet normal -0.81745 -0.575999 -7.55586e-05
    outer loop
      vertex -48.1117 -35.1621 56.8235
      vertex -47.8712 -35.5037 59
      vertex -48.1836 -35.0601 57.125
    endloop
  endfacet
  facet normal -0.817955 -0.575282 9.2724e-05
    outer loop
      vertex -48.09 -35.193 56.5367
      vertex -47.8712 -35.5037 59
      vertex -48.1117 -35.1621 56.8235
    endloop
  endfacet
  facet normal -0.757219 -0.653161 0
    outer loop
      vertex -44.1607 -40.0249 54.1
      vertex -46.0714 -37.8098 59
      vertex -46.0714 -37.8098 54.1
    endloop
  endfacet
  facet normal -0.757219 -0.653161 0
    outer loop
      vertex -46.0714 -37.8098 59
      vertex -44.1607 -40.0249 54.1
      vertex -44.1607 -40.0249 59
    endloop
  endfacet
  facet normal -0.575802 -0.817589 0
    outer loop
      vertex -35.5037 -47.8712 54.1
      vertex -33.112 -49.5556 59
      vertex -35.5037 -47.8712 59
    endloop
  endfacet
  facet normal -0.575802 -0.817589 -0
    outer loop
      vertex -33.112 -49.5556 59
      vertex -35.5037 -47.8712 54.1
      vertex -33.112 -49.5556 54.1
    endloop
  endfacet
  facet normal -0.122414 -0.992479 0
    outer loop
      vertex -8.74514 -58.9549 54.1
      vertex -5.84182 -59.313 59
      vertex -8.74514 -58.9549 59
    endloop
  endfacet
  facet normal -0.122414 -0.992479 -0
    outer loop
      vertex -5.84182 -59.313 59
      vertex -8.74514 -58.9549 54.1
      vertex -5.84182 -59.313 54.1
    endloop
  endfacet
  facet normal 0.99729 0.0735647 0
    outer loop
      vertex 59.5282 2.92443 59
      vertex 59.313 5.84182 54.1
      vertex 59.313 5.84182 59
    endloop
  endfacet
  facet normal 0.99729 0.0735647 0
    outer loop
      vertex 59.313 5.84182 54.1
      vertex 59.5282 2.92443 59
      vertex 59.5282 2.92443 54.1
    endloop
  endfacet
  facet normal 0.724259 0.689528 0
    outer loop
      vertex 44.1607 40.0249 59
      vertex 42.1436 42.1436 54.1
      vertex 42.1436 42.1436 59
    endloop
  endfacet
  facet normal 0.724259 0.689528 0
    outer loop
      vertex 42.1436 42.1436 54.1
      vertex 44.1607 40.0249 59
      vertex 44.1607 40.0249 54.1
    endloop
  endfacet
  facet normal 0.992479 -0.122414 0
    outer loop
      vertex 58.9549 -8.74514 59
      vertex 59.313 -5.84182 54.1
      vertex 59.313 -5.84182 59
    endloop
  endfacet
  facet normal 0.992479 -0.122414 0
    outer loop
      vertex 59.313 -5.84182 54.1
      vertex 58.9549 -8.74514 59
      vertex 58.9549 -8.74514 54.1
    endloop
  endfacet
  facet normal 0.99729 -0.0735647 0
    outer loop
      vertex 59.313 -5.84182 59
      vertex 59.5282 -2.92443 54.1
      vertex 59.5282 -2.92443 59
    endloop
  endfacet
  facet normal 0.99729 -0.0735647 0
    outer loop
      vertex 59.5282 -2.92443 54.1
      vertex 59.313 -5.84182 59
      vertex 59.313 -5.84182 54.1
    endloop
  endfacet
  facet normal 0.985279 -0.170955 0
    outer loop
      vertex 58.4548 -11.6274 59
      vertex 58.9549 -8.74514 54.1
      vertex 58.9549 -8.74514 59
    endloop
  endfacet
  facet normal 0.985279 -0.170955 0
    outer loop
      vertex 58.9549 -8.74514 54.1
      vertex 58.4548 -11.6274 59
      vertex 58.4548 -11.6274 54.1
    endloop
  endfacet
  facet normal 0.949528 -0.313683 0
    outer loop
      vertex 56.116 -20.0786 59
      vertex 57.0336 -17.301 54.1
      vertex 57.0336 -17.301 59
    endloop
  endfacet
  facet normal 0.949528 -0.313683 0
    outer loop
      vertex 57.0336 -17.301 54.1
      vertex 56.116 -20.0786 59
      vertex 56.116 -20.0786 54.1
    endloop
  endfacet
  facet normal 0.932994 -0.359893 0
    outer loop
      vertex 55.0632 -22.8079 59
      vertex 56.116 -20.0786 54.1
      vertex 56.116 -20.0786 59
    endloop
  endfacet
  facet normal 0.932994 -0.359893 0
    outer loop
      vertex 56.116 -20.0786 54.1
      vertex 55.0632 -22.8079 59
      vertex 55.0632 -22.8079 54.1
    endloop
  endfacet
  facet normal 0.96377 -0.266734 0
    outer loop
      vertex 57.0336 -17.301 59
      vertex 57.8139 -14.4816 54.1
      vertex 57.8139 -14.4816 59
    endloop
  endfacet
  facet normal 0.96377 -0.266734 0
    outer loop
      vertex 57.8139 -14.4816 54.1
      vertex 57.0336 -17.301 59
      vertex 57.0336 -17.301 54.1
    endloop
  endfacet
  facet normal 0.757219 -0.653161 0
    outer loop
      vertex 44.1607 -40.0249 59
      vertex 46.0714 -37.8098 54.1
      vertex 46.0714 -37.8098 59
    endloop
  endfacet
  facet normal 0.757219 -0.653161 0
    outer loop
      vertex 46.0714 -37.8098 54.1
      vertex 44.1607 -40.0249 59
      vertex 44.1607 -40.0249 54.1
    endloop
  endfacet
  facet normal 0.78833 -0.615253 0
    outer loop
      vertex 46.0714 -37.8098 59
      vertex 47.8712 -35.5037 54.1
      vertex 47.8712 -35.5037 59
    endloop
  endfacet
  facet normal 0.78833 -0.615253 0
    outer loop
      vertex 47.8712 -35.5037 54.1
      vertex 46.0714 -37.8098 59
      vertex 46.0714 -37.8098 54.1
    endloop
  endfacet
  facet normal 0.724259 -0.689528 0
    outer loop
      vertex 42.1436 -42.1436 59
      vertex 44.1607 -40.0249 54.1
      vertex 44.1607 -40.0249 59
    endloop
  endfacet
  facet normal 0.724259 -0.689528 0
    outer loop
      vertex 44.1607 -40.0249 54.1
      vertex 42.1436 -42.1436 59
      vertex 42.1436 -42.1436 54.1
    endloop
  endfacet
  facet normal 0.844863 -0.534983 0
    outer loop
      vertex 49.5556 -33.112 59
      vertex 51.1206 -30.6405 54.1
      vertex 51.1206 -30.6405 59
    endloop
  endfacet
  facet normal 0.844863 -0.534983 0
    outer loop
      vertex 51.1206 -30.6405 54.1
      vertex 49.5556 -33.112 59
      vertex 49.5556 -33.112 54.1
    endloop
  endfacet
  facet normal 0.893214 -0.449632 0
    outer loop
      vertex 52.5625 -28.0952 59
      vertex 53.8778 -25.4823 54.1
      vertex 53.8778 -25.4823 59
    endloop
  endfacet
  facet normal 0.893214 -0.449632 0
    outer loop
      vertex 53.8778 -25.4823 54.1
      vertex 52.5625 -28.0952 59
      vertex 52.5625 -28.0952 54.1
    endloop
  endfacet
  facet normal 0.0735647 -0.99729 0
    outer loop
      vertex 2.92443 -59.5282 54.1
      vertex 5.84182 -59.313 59
      vertex 2.92443 -59.5282 59
    endloop
  endfacet
  facet normal 0.0735647 -0.99729 0
    outer loop
      vertex 5.84182 -59.313 59
      vertex 2.92443 -59.5282 54.1
      vertex 5.84182 -59.313 54.1
    endloop
  endfacet
  facet normal 0.266734 -0.96377 0
    outer loop
      vertex 14.4816 -57.8139 54.1
      vertex 17.301 -57.0336 59
      vertex 14.4816 -57.8139 59
    endloop
  endfacet
  facet normal 0.266734 -0.96377 0
    outer loop
      vertex 17.301 -57.0336 59
      vertex 14.4816 -57.8139 54.1
      vertex 17.301 -57.0336 54.1
    endloop
  endfacet
  facet normal 0.313683 -0.949528 0
    outer loop
      vertex 17.301 -57.0336 54.1
      vertex 20.0786 -56.116 59
      vertex 17.301 -57.0336 59
    endloop
  endfacet
  facet normal 0.313683 -0.949528 0
    outer loop
      vertex 20.0786 -56.116 59
      vertex 17.301 -57.0336 54.1
      vertex 20.0786 -56.116 54.1
    endloop
  endfacet
  facet normal 0.219091 -0.975704 0
    outer loop
      vertex 11.6274 -58.4548 54.1
      vertex 14.4816 -57.8139 59
      vertex 11.6274 -58.4548 59
    endloop
  endfacet
  facet normal 0.219091 -0.975704 0
    outer loop
      vertex 14.4816 -57.8139 59
      vertex 11.6274 -58.4548 54.1
      vertex 14.4816 -57.8139 54.1
    endloop
  endfacet
  facet normal 0.122414 -0.992479 0
    outer loop
      vertex 5.84182 -59.313 54.1
      vertex 8.74514 -58.9549 59
      vertex 5.84182 -59.313 59
    endloop
  endfacet
  facet normal 0.122414 -0.992479 0
    outer loop
      vertex 8.74514 -58.9549 59
      vertex 5.84182 -59.313 54.1
      vertex 8.74514 -58.9549 54.1
    endloop
  endfacet
  facet normal 0.0245444 -0.999699 0
    outer loop
      vertex 0 -59.6 54.1
      vertex 2.92443 -59.5282 59
      vertex 0 -59.6 59
    endloop
  endfacet
  facet normal 0.0245444 -0.999699 0
    outer loop
      vertex 2.92443 -59.5282 59
      vertex 0 -59.6 54.1
      vertex 2.92443 -59.5282 54.1
    endloop
  endfacet
  facet normal 0.449632 -0.893214 0
    outer loop
      vertex 25.4823 -53.8778 54.1
      vertex 28.0952 -52.5625 59
      vertex 25.4823 -53.8778 59
    endloop
  endfacet
  facet normal 0.449632 -0.893214 0
    outer loop
      vertex 28.0952 -52.5625 59
      vertex 25.4823 -53.8778 54.1
      vertex 28.0952 -52.5625 54.1
    endloop
  endfacet
  facet normal 0.4929 -0.870086 0
    outer loop
      vertex 28.0952 -52.5625 54.1
      vertex 30.6405 -51.1206 59
      vertex 28.0952 -52.5625 59
    endloop
  endfacet
  facet normal 0.4929 -0.870086 0
    outer loop
      vertex 30.6405 -51.1206 59
      vertex 28.0952 -52.5625 54.1
      vertex 30.6405 -51.1206 54.1
    endloop
  endfacet
  facet normal 0.405218 -0.91422 0
    outer loop
      vertex 22.8079 -55.0632 54.1
      vertex 25.4823 -53.8778 59
      vertex 22.8079 -55.0632 59
    endloop
  endfacet
  facet normal 0.405218 -0.91422 0
    outer loop
      vertex 25.4823 -53.8778 59
      vertex 22.8079 -55.0632 54.1
      vertex 25.4823 -53.8778 54.1
    endloop
  endfacet
  facet normal 0.575802 -0.817589 0
    outer loop
      vertex 33.112 -49.5556 54.1
      vertex 35.5037 -47.8712 59
      vertex 33.112 -49.5556 59
    endloop
  endfacet
  facet normal 0.575802 -0.817589 0
    outer loop
      vertex 35.5037 -47.8712 59
      vertex 33.112 -49.5556 54.1
      vertex 35.5037 -47.8712 54.1
    endloop
  endfacet
  facet normal 0.653161 -0.757219 0
    outer loop
      vertex 37.8098 -46.0714 54.1
      vertex 40.0249 -44.1607 59
      vertex 37.8098 -46.0714 59
    endloop
  endfacet
  facet normal 0.653161 -0.757219 0
    outer loop
      vertex 40.0249 -44.1607 59
      vertex 37.8098 -46.0714 54.1
      vertex 40.0249 -44.1607 54.1
    endloop
  endfacet
  facet normal -0.992479 -0.122414 0
    outer loop
      vertex -58.9549 -8.74514 54.1
      vertex -59.313 -5.84182 56
      vertex -59.313 -5.84182 54.1
    endloop
  endfacet
  facet normal -0.992479 -0.122414 0
    outer loop
      vertex -59.313 -5.84182 56
      vertex -58.9549 -8.74514 54.1
      vertex -58.9549 -8.74514 56
    endloop
  endfacet
  facet normal -0.78833 -0.615253 0
    outer loop
      vertex -46.0714 -37.8098 54.1
      vertex -47.8712 -35.5037 59
      vertex -47.8712 -35.5037 54.1
    endloop
  endfacet
  facet normal -0.78833 -0.615253 0
    outer loop
      vertex -47.8712 -35.5037 59
      vertex -46.0714 -37.8098 54.1
      vertex -46.0714 -37.8098 59
    endloop
  endfacet
  facet normal -0.870086 -0.4929 0
    outer loop
      vertex -51.1206 -30.6405 54.1
      vertex -52.5625 -28.0952 59
      vertex -52.5625 -28.0952 54.1
    endloop
  endfacet
  facet normal -0.870086 -0.4929 0
    outer loop
      vertex -52.5625 -28.0952 59
      vertex -51.1206 -30.6405 54.1
      vertex -51.1206 -30.6405 59
    endloop
  endfacet
  facet normal -0.893214 -0.449632 0
    outer loop
      vertex -52.5625 -28.0952 54.1
      vertex -53.8778 -25.4823 59
      vertex -53.8778 -25.4823 54.1
    endloop
  endfacet
  facet normal -0.893214 -0.449632 0
    outer loop
      vertex -53.8778 -25.4823 59
      vertex -52.5625 -28.0952 54.1
      vertex -52.5625 -28.0952 59
    endloop
  endfacet
  facet normal -0.844863 -0.534983 0
    outer loop
      vertex -49.5556 -33.112 54.1
      vertex -51.1206 -30.6405 59
      vertex -51.1206 -30.6405 54.1
    endloop
  endfacet
  facet normal -0.844863 -0.534983 0
    outer loop
      vertex -51.1206 -30.6405 59
      vertex -49.5556 -33.112 54.1
      vertex -49.5556 -33.112 59
    endloop
  endfacet
  facet normal -0.949528 -0.313683 0
    outer loop
      vertex -56.116 -20.0786 54.1
      vertex -57.0336 -17.301 59
      vertex -57.0336 -17.301 54.1
    endloop
  endfacet
  facet normal -0.949528 -0.313683 0
    outer loop
      vertex -57.0336 -17.301 59
      vertex -56.116 -20.0786 54.1
      vertex -56.116 -20.0786 59
    endloop
  endfacet
  facet normal -0.932994 -0.359893 0
    outer loop
      vertex -55.0632 -22.8079 54.1
      vertex -56.116 -20.0786 59
      vertex -56.116 -20.0786 54.1
    endloop
  endfacet
  facet normal -0.932994 -0.359893 0
    outer loop
      vertex -56.116 -20.0786 59
      vertex -55.0632 -22.8079 54.1
      vertex -55.0632 -22.8079 59
    endloop
  endfacet
  facet normal -0.96377 -0.266734 0
    outer loop
      vertex -57.0336 -17.301 54.1
      vertex -57.8139 -14.4816 59
      vertex -57.8139 -14.4816 54.1
    endloop
  endfacet
  facet normal -0.96377 -0.266734 0
    outer loop
      vertex -57.8139 -14.4816 59
      vertex -57.0336 -17.301 54.1
      vertex -57.0336 -17.301 59
    endloop
  endfacet
  facet normal -0.985279 -0.170955 0
    outer loop
      vertex -58.4548 -11.6274 54.1
      vertex -58.9549 -8.74514 56
      vertex -58.9549 -8.74514 54.1
    endloop
  endfacet
  facet normal -0.985279 -0.170955 0
    outer loop
      vertex -58.9549 -8.74514 56
      vertex -58.4548 -11.6274 54.1
      vertex -58.4548 -11.6274 56
    endloop
  endfacet
  facet normal -0.99729 -0.0735647 0
    outer loop
      vertex -59.313 -5.84182 54.1
      vertex -59.5282 -2.92443 56
      vertex -59.5282 -2.92443 54.1
    endloop
  endfacet
  facet normal -0.99729 -0.0735647 0
    outer loop
      vertex -59.5282 -2.92443 56
      vertex -59.313 -5.84182 54.1
      vertex -59.313 -5.84182 56
    endloop
  endfacet
  facet normal -0.653161 -0.757219 0
    outer loop
      vertex -40.0249 -44.1607 54.1
      vertex -37.8098 -46.0714 59
      vertex -40.0249 -44.1607 59
    endloop
  endfacet
  facet normal -0.653161 -0.757219 -0
    outer loop
      vertex -37.8098 -46.0714 59
      vertex -40.0249 -44.1607 54.1
      vertex -37.8098 -46.0714 54.1
    endloop
  endfacet
  facet normal -0.4929 -0.870086 0
    outer loop
      vertex -30.6405 -51.1206 54.1
      vertex -28.0952 -52.5625 59
      vertex -30.6405 -51.1206 59
    endloop
  endfacet
  facet normal -0.4929 -0.870086 -0
    outer loop
      vertex -28.0952 -52.5625 59
      vertex -30.6405 -51.1206 54.1
      vertex -28.0952 -52.5625 54.1
    endloop
  endfacet
  facet normal -0.449632 -0.893214 0
    outer loop
      vertex -28.0952 -52.5625 54.1
      vertex -25.4823 -53.8778 59
      vertex -28.0952 -52.5625 59
    endloop
  endfacet
  facet normal -0.449632 -0.893214 -0
    outer loop
      vertex -25.4823 -53.8778 59
      vertex -28.0952 -52.5625 54.1
      vertex -25.4823 -53.8778 54.1
    endloop
  endfacet
  facet normal -0.534983 -0.844863 0
    outer loop
      vertex -33.112 -49.5556 54.1
      vertex -30.6405 -51.1206 59
      vertex -33.112 -49.5556 59
    endloop
  endfacet
  facet normal -0.534983 -0.844863 -0
    outer loop
      vertex -30.6405 -51.1206 59
      vertex -33.112 -49.5556 54.1
      vertex -30.6405 -51.1206 54.1
    endloop
  endfacet
  facet normal -0.615253 -0.78833 0
    outer loop
      vertex -37.8098 -46.0714 54.1
      vertex -35.5037 -47.8712 59
      vertex -37.8098 -46.0714 59
    endloop
  endfacet
  facet normal -0.615253 -0.78833 -0
    outer loop
      vertex -35.5037 -47.8712 59
      vertex -37.8098 -46.0714 54.1
      vertex -35.5037 -47.8712 54.1
    endloop
  endfacet
  facet normal -0.689528 -0.724259 0
    outer loop
      vertex -42.1436 -42.1436 54.1
      vertex -40.0249 -44.1607 59
      vertex -42.1436 -42.1436 59
    endloop
  endfacet
  facet normal -0.689528 -0.724259 -0
    outer loop
      vertex -40.0249 -44.1607 59
      vertex -42.1436 -42.1436 54.1
      vertex -40.0249 -44.1607 54.1
    endloop
  endfacet
  facet normal -0.313683 -0.949528 0
    outer loop
      vertex -20.0786 -56.116 54.1
      vertex -17.301 -57.0336 59
      vertex -20.0786 -56.116 59
    endloop
  endfacet
  facet normal -0.313683 -0.949528 -0
    outer loop
      vertex -17.301 -57.0336 59
      vertex -20.0786 -56.116 54.1
      vertex -17.301 -57.0336 54.1
    endloop
  endfacet
  facet normal -0.266734 -0.96377 0
    outer loop
      vertex -17.301 -57.0336 54.1
      vertex -14.4816 -57.8139 59
      vertex -17.301 -57.0336 59
    endloop
  endfacet
  facet normal -0.266734 -0.96377 -0
    outer loop
      vertex -14.4816 -57.8139 59
      vertex -17.301 -57.0336 54.1
      vertex -14.4816 -57.8139 54.1
    endloop
  endfacet
  facet normal -0.359893 -0.932994 0
    outer loop
      vertex -22.8079 -55.0632 54.1
      vertex -20.0786 -56.116 59
      vertex -22.8079 -55.0632 59
    endloop
  endfacet
  facet normal -0.359893 -0.932994 -0
    outer loop
      vertex -20.0786 -56.116 59
      vertex -22.8079 -55.0632 54.1
      vertex -20.0786 -56.116 54.1
    endloop
  endfacet
  facet normal -0.170955 -0.985279 0
    outer loop
      vertex -11.6274 -58.4548 54.1
      vertex -8.74514 -58.9549 59
      vertex -11.6274 -58.4548 59
    endloop
  endfacet
  facet normal -0.170955 -0.985279 -0
    outer loop
      vertex -8.74514 -58.9549 59
      vertex -11.6274 -58.4548 54.1
      vertex -8.74514 -58.9549 54.1
    endloop
  endfacet
  facet normal -0.0735647 -0.99729 0
    outer loop
      vertex -5.84182 -59.313 54.1
      vertex -2.92443 -59.5282 59
      vertex -5.84182 -59.313 59
    endloop
  endfacet
  facet normal -0.0735647 -0.99729 -0
    outer loop
      vertex -2.92443 -59.5282 59
      vertex -5.84182 -59.313 54.1
      vertex -2.92443 -59.5282 54.1
    endloop
  endfacet
  facet normal 0.999699 0.0245444 0
    outer loop
      vertex 59.6 0 59
      vertex 59.5282 2.92443 54.1
      vertex 59.5282 2.92443 59
    endloop
  endfacet
  facet normal 0.999699 0.0245444 0
    outer loop
      vertex 59.5282 2.92443 54.1
      vertex 59.6 0 59
      vertex 59.6 0 54.1
    endloop
  endfacet
  facet normal 0.932994 0.359893 0
    outer loop
      vertex 56.116 20.0786 59
      vertex 55.0632 22.8079 54.1
      vertex 55.0632 22.8079 59
    endloop
  endfacet
  facet normal 0.932994 0.359893 0
    outer loop
      vertex 55.0632 22.8079 54.1
      vertex 56.116 20.0786 59
      vertex 56.116 20.0786 54.1
    endloop
  endfacet
  facet normal 0.757219 0.653161 0
    outer loop
      vertex 46.0714 37.8098 59
      vertex 44.1607 40.0249 54.1
      vertex 44.1607 40.0249 59
    endloop
  endfacet
  facet normal 0.757219 0.653161 0
    outer loop
      vertex 44.1607 40.0249 54.1
      vertex 46.0714 37.8098 59
      vertex 46.0714 37.8098 54.1
    endloop
  endfacet
  facet normal 0.449632 0.893214 -0
    outer loop
      vertex 28.0952 52.5625 54.1
      vertex 25.4823 53.8778 59
      vertex 28.0952 52.5625 59
    endloop
  endfacet
  facet normal 0.449632 0.893214 0
    outer loop
      vertex 25.4823 53.8778 59
      vertex 28.0952 52.5625 54.1
      vertex 25.4823 53.8778 54.1
    endloop
  endfacet
  facet normal -0.975722 0.219011 0
    outer loop
      vertex -57.8139 14.4816 54.1
      vertex -57.922 14 56
      vertex -57.8139 14.4816 59
    endloop
  endfacet
  facet normal -0.975704 0.219091 2.13062e-05
    outer loop
      vertex -58.4548 11.6274 54.1
      vertex -57.922 14 56
      vertex -57.8139 14.4816 54.1
    endloop
  endfacet
  facet normal -0.975701 0.219107 0
    outer loop
      vertex -57.922 14 56
      vertex -58.4548 11.6274 54.1
      vertex -58.4548 11.6274 56
    endloop
  endfacet
  facet normal -0.975722 0.219011 0
    outer loop
      vertex -57.8139 14.4816 59
      vertex -57.922 14 56
      vertex -57.922 14 59
    endloop
  endfacet
  facet normal 0 0 1
    outer loop
      vertex 58.1 0 59
      vertex 59.6 0 59
      vertex 59.5282 2.92443 59
    endloop
  endfacet
  facet normal 0 0 1
    outer loop
      vertex 58.03 2.85083 59
      vertex 59.5282 2.92443 59
      vertex 59.313 5.84182 59
    endloop
  endfacet
  facet normal 0 0 1
    outer loop
      vertex 59.6 0 59
      vertex 58.1 0 59
      vertex 59.5282 -2.92443 59
    endloop
  endfacet
  facet normal 0 0 1
    outer loop
      vertex 57.8202 5.6948 59
      vertex 59.313 5.84182 59
      vertex 58.9549 8.74514 59
    endloop
  endfacet
  facet normal -0 0 1
    outer loop
      vertex 58.03 -2.85083 59
      vertex 59.5282 -2.92443 59
      vertex 58.1 0 59
    endloop
  endfacet
  facet normal 0 0 1
    outer loop
      vertex 57.4712 8.52504 59
      vertex 58.9549 8.74514 59
      vertex 58.4548 11.6274 59
    endloop
  endfacet
  facet normal 0 0 1
    outer loop
      vertex 59.5282 -2.92443 59
      vertex 58.03 -2.85083 59
      vertex 59.313 -5.84182 59
    endloop
  endfacet
  facet normal -0 0 1
    outer loop
      vertex 57.8202 -5.6948 59
      vertex 59.313 -5.84182 59
      vertex 58.03 -2.85083 59
    endloop
  endfacet
  facet normal 0 0 1
    outer loop
      vertex 59.5282 2.92443 59
      vertex 58.03 2.85083 59
      vertex 58.1 0 59
    endloop
  endfacet
  facet normal 0 0 1
    outer loop
      vertex 59.313 5.84182 59
      vertex 57.8202 5.6948 59
      vertex 58.03 2.85083 59
    endloop
  endfacet
  facet normal 0 0 1
    outer loop
      vertex 56.9836 11.3347 59
      vertex 58.4548 11.6274 59
      vertex 57.8139 14.4816 59
    endloop
  endfacet
  facet normal 0 0 1
    outer loop
      vertex 58.9549 8.74514 59
      vertex 57.4712 8.52504 59
      vertex 57.8202 5.6948 59
    endloop
  endfacet
  facet normal 0 0 1
    outer loop
      vertex 56.3588 14.1171 59
      vertex 57.8139 14.4816 59
      vertex 57.0336 17.301 59
    endloop
  endfacet
  facet normal 0 0 1
    outer loop
      vertex 58.4548 11.6274 59
      vertex 56.9836 11.3347 59
      vertex 57.4712 8.52504 59
    endloop
  endfacet
  facet normal 0 0 1
    outer loop
      vertex 57.8139 14.4816 59
      vertex 56.3588 14.1171 59
      vertex 56.9836 11.3347 59
    endloop
  endfacet
  facet normal 0 0 1
    outer loop
      vertex 55.5982 16.8655 59
      vertex 57.0336 17.301 59
      vertex 56.116 20.0786 59
    endloop
  endfacet
  facet normal 0 0 1
    outer loop
      vertex 57.0336 17.301 59
      vertex 55.5982 16.8655 59
      vertex 56.3588 14.1171 59
    endloop
  endfacet
  facet normal 0 0 1
    outer loop
      vertex 54.7037 19.5733 59
      vertex 56.116 20.0786 59
      vertex 55.0632 22.8079 59
    endloop
  endfacet
  facet normal 0 0 1
    outer loop
      vertex 56.116 20.0786 59
      vertex 54.7037 19.5733 59
      vertex 55.5982 16.8655 59
    endloop
  endfacet
  facet normal 0 0 1
    outer loop
      vertex 53.6774 22.2339 59
      vertex 55.0632 22.8079 59
      vertex 53.8778 25.4823 59
    endloop
  endfacet
  facet normal 0 0 1
    outer loop
      vertex 55.0632 22.8079 59
      vertex 53.6774 22.2339 59
      vertex 54.7037 19.5733 59
    endloop
  endfacet
  facet normal 0 0 1
    outer loop
      vertex 52.5218 24.841 59
      vertex 53.8778 25.4823 59
      vertex 52.5625 28.0952 59
    endloop
  endfacet
  facet normal 0 0 1
    outer loop
      vertex 53.8778 25.4823 59
      vertex 52.5218 24.841 59
      vertex 53.6774 22.2339 59
    endloop
  endfacet
  facet normal 0 0 1
    outer loop
      vertex 52.5625 28.0952 59
      vertex 51.2396 27.3881 59
      vertex 52.5218 24.841 59
    endloop
  endfacet
  facet normal 0 0 1
    outer loop
      vertex 51.1206 30.6405 59
      vertex 51.2396 27.3881 59
      vertex 52.5625 28.0952 59
    endloop
  endfacet
  facet normal 0 0 1
    outer loop
      vertex 51.1206 30.6405 59
      vertex 49.834 29.8694 59
      vertex 51.2396 27.3881 59
    endloop
  endfacet
  facet normal 0 0 1
    outer loop
      vertex 49.5556 33.112 59
      vertex 49.834 29.8694 59
      vertex 51.1206 30.6405 59
    endloop
  endfacet
  facet normal 0 0 1
    outer loop
      vertex 49.5556 33.112 59
      vertex 48.3084 32.2786 59
      vertex 49.834 29.8694 59
    endloop
  endfacet
  facet normal 0 0 1
    outer loop
      vertex 47.8712 35.5037 59
      vertex 48.3084 32.2786 59
      vertex 49.5556 33.112 59
    endloop
  endfacet
  facet normal 0 0 1
    outer loop
      vertex 47.8712 35.5037 59
      vertex 46.6664 34.6101 59
      vertex 48.3084 32.2786 59
    endloop
  endfacet
  facet normal 0 0 1
    outer loop
      vertex 46.0714 37.8098 59
      vertex 46.6664 34.6101 59
      vertex 47.8712 35.5037 59
    endloop
  endfacet
  facet normal 0 0 1
    outer loop
      vertex 46.0714 37.8098 59
      vertex 44.9119 36.8582 59
      vertex 46.6664 34.6101 59
    endloop
  endfacet
  facet normal 0 0 1
    outer loop
      vertex 44.1607 40.0249 59
      vertex 44.9119 36.8582 59
      vertex 46.0714 37.8098 59
    endloop
  endfacet
  facet normal 0 0 1
    outer loop
      vertex 44.1607 40.0249 59
      vertex 43.0493 39.0176 59
      vertex 44.9119 36.8582 59
    endloop
  endfacet
  facet normal 0 0 1
    outer loop
      vertex 42.1436 42.1436 59
      vertex 43.0493 39.0176 59
      vertex 44.1607 40.0249 59
    endloop
  endfacet
  facet normal 0 0 1
    outer loop
      vertex 42.1436 42.1436 59
      vertex 41.0829 41.0829 59
      vertex 43.0493 39.0176 59
    endloop
  endfacet
  facet normal 0 0 1
    outer loop
      vertex 40.0249 44.1607 59
      vertex 41.0829 41.0829 59
      vertex 42.1436 42.1436 59
    endloop
  endfacet
  facet normal 0 0 1
    outer loop
      vertex 40.0249 44.1607 59
      vertex 39.0176 43.0493 59
      vertex 41.0829 41.0829 59
    endloop
  endfacet
  facet normal 0 0 1
    outer loop
      vertex 37.8098 46.0714 59
      vertex 39.0176 43.0493 59
      vertex 40.0249 44.1607 59
    endloop
  endfacet
  facet normal 0 0 1
    outer loop
      vertex 37.8098 46.0714 59
      vertex 36.8582 44.9119 59
      vertex 39.0176 43.0493 59
    endloop
  endfacet
  facet normal 0 0 1
    outer loop
      vertex 35.5037 47.8712 59
      vertex 36.8582 44.9119 59
      vertex 37.8098 46.0714 59
    endloop
  endfacet
  facet normal 0 0 1
    outer loop
      vertex 35.5037 47.8712 59
      vertex 34.6101 46.6664 59
      vertex 36.8582 44.9119 59
    endloop
  endfacet
  facet normal 0 0 1
    outer loop
      vertex 33.112 49.5556 59
      vertex 34.6101 46.6664 59
      vertex 35.5037 47.8712 59
    endloop
  endfacet
  facet normal 0 0 1
    outer loop
      vertex 33.112 49.5556 59
      vertex 32.2786 48.3084 59
      vertex 34.6101 46.6664 59
    endloop
  endfacet
  facet normal 0 0 1
    outer loop
      vertex 30.6405 51.1206 59
      vertex 32.2786 48.3084 59
      vertex 33.112 49.5556 59
    endloop
  endfacet
  facet normal 0 0 1
    outer loop
      vertex 30.6405 51.1206 59
      vertex 29.8694 49.834 59
      vertex 32.2786 48.3084 59
    endloop
  endfacet
  facet normal 0 0 1
    outer loop
      vertex 28.0952 52.5625 59
      vertex 29.8694 49.834 59
      vertex 30.6405 51.1206 59
    endloop
  endfacet
  facet normal 0 0 1
    outer loop
      vertex 28.0952 52.5625 59
      vertex 27.3881 51.2396 59
      vertex 29.8694 49.834 59
    endloop
  endfacet
  facet normal 0 0 1
    outer loop
      vertex 25.4823 53.8778 59
      vertex 27.3881 51.2396 59
      vertex 28.0952 52.5625 59
    endloop
  endfacet
  facet normal 0 0 1
    outer loop
      vertex 25.4823 53.8778 59
      vertex 24.841 52.5218 59
      vertex 27.3881 51.2396 59
    endloop
  endfacet
  facet normal 0 0 1
    outer loop
      vertex 22.8079 55.0632 59
      vertex 24.841 52.5218 59
      vertex 25.4823 53.8778 59
    endloop
  endfacet
  facet normal 0 0 1
    outer loop
      vertex 22.8079 55.0632 59
      vertex 22.2339 53.6774 59
      vertex 24.841 52.5218 59
    endloop
  endfacet
  facet normal 0 0 1
    outer loop
      vertex 20.0786 56.116 59
      vertex 22.2339 53.6774 59
      vertex 22.8079 55.0632 59
    endloop
  endfacet
  facet normal 0 0 1
    outer loop
      vertex 20.0786 56.116 59
      vertex 19.5733 54.7037 59
      vertex 22.2339 53.6774 59
    endloop
  endfacet
  facet normal 0 0 1
    outer loop
      vertex 17.301 57.0336 59
      vertex 19.5733 54.7037 59
      vertex 20.0786 56.116 59
    endloop
  endfacet
  facet normal 0 0 1
    outer loop
      vertex 17.301 57.0336 59
      vertex 16.8655 55.5982 59
      vertex 19.5733 54.7037 59
    endloop
  endfacet
  facet normal 0 0 1
    outer loop
      vertex 14.4816 57.8139 59
      vertex 16.8655 55.5982 59
      vertex 17.301 57.0336 59
    endloop
  endfacet
  facet normal 0 0 1
    outer loop
      vertex 14.4816 57.8139 59
      vertex 14.1171 56.3588 59
      vertex 16.8655 55.5982 59
    endloop
  endfacet
  facet normal 0 0 1
    outer loop
      vertex 11.6274 58.4548 59
      vertex 14.1171 56.3588 59
      vertex 14.4816 57.8139 59
    endloop
  endfacet
  facet normal 0 0 1
    outer loop
      vertex 11.6274 58.4548 59
      vertex 11.3347 56.9836 59
      vertex 14.1171 56.3588 59
    endloop
  endfacet
  facet normal 0 0 1
    outer loop
      vertex 8.74514 58.9549 59
      vertex 11.3347 56.9836 59
      vertex 11.6274 58.4548 59
    endloop
  endfacet
  facet normal 0 0 1
    outer loop
      vertex 8.74514 58.9549 59
      vertex 8.52504 57.4712 59
      vertex 11.3347 56.9836 59
    endloop
  endfacet
  facet normal 0 0 1
    outer loop
      vertex 5.84182 59.313 59
      vertex 8.52504 57.4712 59
      vertex 8.74514 58.9549 59
    endloop
  endfacet
  facet normal 0 0 1
    outer loop
      vertex 5.84182 59.313 59
      vertex 5.6948 57.8202 59
      vertex 8.52504 57.4712 59
    endloop
  endfacet
  facet normal 0 0 1
    outer loop
      vertex 2.92443 59.5282 59
      vertex 5.6948 57.8202 59
      vertex 5.84182 59.313 59
    endloop
  endfacet
  facet normal 0 0 1
    outer loop
      vertex 2.92443 59.5282 59
      vertex 2.85083 58.03 59
      vertex 5.6948 57.8202 59
    endloop
  endfacet
  facet normal 0 0 1
    outer loop
      vertex 0 59.6 59
      vertex 2.85083 58.03 59
      vertex 2.92443 59.5282 59
    endloop
  endfacet
  facet normal 0 0 1
    outer loop
      vertex 0 59.6 59
      vertex 0 58.1 59
      vertex 2.85083 58.03 59
    endloop
  endfacet
  facet normal 0 0 1
    outer loop
      vertex 0 59.6 59
      vertex -2.85083 58.03 59
      vertex 0 58.1 59
    endloop
  endfacet
  facet normal -0 0 1
    outer loop
      vertex -2.92443 59.5282 59
      vertex -2.85083 58.03 59
      vertex 0 59.6 59
    endloop
  endfacet
  facet normal 0 0 1
    outer loop
      vertex -2.92443 59.5282 59
      vertex -5.6948 57.8202 59
      vertex -2.85083 58.03 59
    endloop
  endfacet
  facet normal -0 0 1
    outer loop
      vertex -5.84182 59.313 59
      vertex -5.6948 57.8202 59
      vertex -2.92443 59.5282 59
    endloop
  endfacet
  facet normal 0 0 1
    outer loop
      vertex -5.84182 59.313 59
      vertex -8.52504 57.4712 59
      vertex -5.6948 57.8202 59
    endloop
  endfacet
  facet normal -0 0 1
    outer loop
      vertex -8.74514 58.9549 59
      vertex -8.52504 57.4712 59
      vertex -5.84182 59.313 59
    endloop
  endfacet
  facet normal 0 0 1
    outer loop
      vertex -8.74514 58.9549 59
      vertex -11.3347 56.9836 59
      vertex -8.52504 57.4712 59
    endloop
  endfacet
  facet normal -0 0 1
    outer loop
      vertex -11.6274 58.4548 59
      vertex -11.3347 56.9836 59
      vertex -8.74514 58.9549 59
    endloop
  endfacet
  facet normal 0 0 1
    outer loop
      vertex -11.6274 58.4548 59
      vertex -14.1171 56.3588 59
      vertex -11.3347 56.9836 59
    endloop
  endfacet
  facet normal -0 0 1
    outer loop
      vertex -14.4816 57.8139 59
      vertex -14.1171 56.3588 59
      vertex -11.6274 58.4548 59
    endloop
  endfacet
  facet normal 0 0 1
    outer loop
      vertex -14.4816 57.8139 59
      vertex -16.8655 55.5982 59
      vertex -14.1171 56.3588 59
    endloop
  endfacet
  facet normal -0 0 1
    outer loop
      vertex -17.301 57.0336 59
      vertex -16.8655 55.5982 59
      vertex -14.4816 57.8139 59
    endloop
  endfacet
  facet normal 0 0 1
    outer loop
      vertex -17.301 57.0336 59
      vertex -19.5733 54.7037 59
      vertex -16.8655 55.5982 59
    endloop
  endfacet
  facet normal -0 0 1
    outer loop
      vertex -20.0786 56.116 59
      vertex -19.5733 54.7037 59
      vertex -17.301 57.0336 59
    endloop
  endfacet
  facet normal 0 0 1
    outer loop
      vertex -20.0786 56.116 59
      vertex -22.2339 53.6774 59
      vertex -19.5733 54.7037 59
    endloop
  endfacet
  facet normal -0 0 1
    outer loop
      vertex -22.8079 55.0632 59
      vertex -22.2339 53.6774 59
      vertex -20.0786 56.116 59
    endloop
  endfacet
  facet normal 0 0 1
    outer loop
      vertex -22.8079 55.0632 59
      vertex -24.841 52.5218 59
      vertex -22.2339 53.6774 59
    endloop
  endfacet
  facet normal -0 0 1
    outer loop
      vertex -25.4823 53.8778 59
      vertex -24.841 52.5218 59
      vertex -22.8079 55.0632 59
    endloop
  endfacet
  facet normal 0 0 1
    outer loop
      vertex -25.4823 53.8778 59
      vertex -27.3881 51.2396 59
      vertex -24.841 52.5218 59
    endloop
  endfacet
  facet normal -0 0 1
    outer loop
      vertex -28.0952 52.5625 59
      vertex -27.3881 51.2396 59
      vertex -25.4823 53.8778 59
    endloop
  endfacet
  facet normal 0 0 1
    outer loop
      vertex -28.0952 52.5625 59
      vertex -29.8694 49.834 59
      vertex -27.3881 51.2396 59
    endloop
  endfacet
  facet normal -0 0 1
    outer loop
      vertex -30.6405 51.1206 59
      vertex -29.8694 49.834 59
      vertex -28.0952 52.5625 59
    endloop
  endfacet
  facet normal 0 0 1
    outer loop
      vertex -30.6405 51.1206 59
      vertex -32.2786 48.3084 59
      vertex -29.8694 49.834 59
    endloop
  endfacet
  facet normal -0 0 1
    outer loop
      vertex -33.112 49.5556 59
      vertex -32.2786 48.3084 59
      vertex -30.6405 51.1206 59
    endloop
  endfacet
  facet normal 0 0 1
    outer loop
      vertex -33.112 49.5556 59
      vertex -34.6101 46.6664 59
      vertex -32.2786 48.3084 59
    endloop
  endfacet
  facet normal -0 0 1
    outer loop
      vertex -35.5037 47.8712 59
      vertex -34.6101 46.6664 59
      vertex -33.112 49.5556 59
    endloop
  endfacet
  facet normal 0 0 1
    outer loop
      vertex -35.5037 47.8712 59
      vertex -36.8582 44.9119 59
      vertex -34.6101 46.6664 59
    endloop
  endfacet
  facet normal -0 0 1
    outer loop
      vertex -37.8098 46.0714 59
      vertex -36.8582 44.9119 59
      vertex -35.5037 47.8712 59
    endloop
  endfacet
  facet normal 0 0 1
    outer loop
      vertex -37.8098 46.0714 59
      vertex -39.0176 43.0493 59
      vertex -36.8582 44.9119 59
    endloop
  endfacet
  facet normal -0 0 1
    outer loop
      vertex -40.0249 44.1607 59
      vertex -39.0176 43.0493 59
      vertex -37.8098 46.0714 59
    endloop
  endfacet
  facet normal 0 0 1
    outer loop
      vertex -40.0249 44.1607 59
      vertex -41.0829 41.0829 59
      vertex -39.0176 43.0493 59
    endloop
  endfacet
  facet normal -0 0 1
    outer loop
      vertex -42.1436 42.1436 59
      vertex -41.0829 41.0829 59
      vertex -40.0249 44.1607 59
    endloop
  endfacet
  facet normal 0 0 1
    outer loop
      vertex -42.1436 42.1436 59
      vertex -43.0493 39.0176 59
      vertex -41.0829 41.0829 59
    endloop
  endfacet
  facet normal -0 0 1
    outer loop
      vertex -44.1607 40.0249 59
      vertex -43.0493 39.0176 59
      vertex -42.1436 42.1436 59
    endloop
  endfacet
  facet normal 0 0 1
    outer loop
      vertex -44.1607 40.0249 59
      vertex -44.9119 36.8582 59
      vertex -43.0493 39.0176 59
    endloop
  endfacet
  facet normal -0 0 1
    outer loop
      vertex -46.0714 37.8098 59
      vertex -44.9119 36.8582 59
      vertex -44.1607 40.0249 59
    endloop
  endfacet
  facet normal 0 0 1
    outer loop
      vertex -46.0714 37.8098 59
      vertex -46.6664 34.6101 59
      vertex -44.9119 36.8582 59
    endloop
  endfacet
  facet normal -0 0 1
    outer loop
      vertex -47.8712 35.5037 59
      vertex -46.6664 34.6101 59
      vertex -46.0714 37.8098 59
    endloop
  endfacet
  facet normal 0 0 1
    outer loop
      vertex -47.8712 35.5037 59
      vertex -48.3084 32.2786 59
      vertex -46.6664 34.6101 59
    endloop
  endfacet
  facet normal -0 0 1
    outer loop
      vertex -49.5556 33.112 59
      vertex -48.3084 32.2786 59
      vertex -47.8712 35.5037 59
    endloop
  endfacet
  facet normal 0 0 1
    outer loop
      vertex -49.5556 33.112 59
      vertex -49.834 29.8694 59
      vertex -48.3084 32.2786 59
    endloop
  endfacet
  facet normal -0 0 1
    outer loop
      vertex -51.1206 30.6405 59
      vertex -49.834 29.8694 59
      vertex -49.5556 33.112 59
    endloop
  endfacet
  facet normal 0 0 1
    outer loop
      vertex -51.1206 30.6405 59
      vertex -51.2396 27.3881 59
      vertex -49.834 29.8694 59
    endloop
  endfacet
  facet normal -0 0 1
    outer loop
      vertex -52.5625 28.0952 59
      vertex -51.2396 27.3881 59
      vertex -51.1206 30.6405 59
    endloop
  endfacet
  facet normal 0 0 1
    outer loop
      vertex -51.2396 27.3881 59
      vertex -52.5625 28.0952 59
      vertex -52.5218 24.841 59
    endloop
  endfacet
  facet normal -0 0 1
    outer loop
      vertex -53.8778 25.4823 59
      vertex -52.5218 24.841 59
      vertex -52.5625 28.0952 59
    endloop
  endfacet
  facet normal 0 0 1
    outer loop
      vertex -52.5218 24.841 59
      vertex -53.8778 25.4823 59
      vertex -53.6774 22.2339 59
    endloop
  endfacet
  facet normal -0 0 1
    outer loop
      vertex -55.0632 22.8079 59
      vertex -53.6774 22.2339 59
      vertex -53.8778 25.4823 59
    endloop
  endfacet
  facet normal 0 0 1
    outer loop
      vertex -53.6774 22.2339 59
      vertex -55.0632 22.8079 59
      vertex -54.7037 19.5733 59
    endloop
  endfacet
  facet normal -0 0 1
    outer loop
      vertex -56.116 20.0786 59
      vertex -54.7037 19.5733 59
      vertex -55.0632 22.8079 59
    endloop
  endfacet
  facet normal 0 0 1
    outer loop
      vertex -54.7037 19.5733 59
      vertex -56.116 20.0786 59
      vertex -55.5982 16.8655 59
    endloop
  endfacet
  facet normal -0 0 1
    outer loop
      vertex -57.0336 17.301 59
      vertex -55.5982 16.8655 59
      vertex -56.116 20.0786 59
    endloop
  endfacet
  facet normal 0 0 1
    outer loop
      vertex -55.5982 16.8655 59
      vertex -57.0336 17.301 59
      vertex -56.3588 14.1171 59
    endloop
  endfacet
  facet normal -0 0 1
    outer loop
      vertex -57.8139 14.4816 59
      vertex -56.3588 14.1171 59
      vertex -57.0336 17.301 59
    endloop
  endfacet
  facet normal 0 0 1
    outer loop
      vertex -56.3588 14.1171 59
      vertex -57.8139 14.4816 59
      vertex -56.3851 14 59
    endloop
  endfacet
  facet normal 0 0 1
    outer loop
      vertex -56.3851 14 59
      vertex -57.8139 14.4816 59
      vertex -57.922 14 59
    endloop
  endfacet
  facet normal 0 0 1
    outer loop
      vertex 59.313 -5.84182 59
      vertex 57.8202 -5.6948 59
      vertex 58.9549 -8.74514 59
    endloop
  endfacet
  facet normal -0 0 1
    outer loop
      vertex 57.4712 -8.52504 59
      vertex 58.9549 -8.74514 59
      vertex 57.8202 -5.6948 59
    endloop
  endfacet
  facet normal 0 0 1
    outer loop
      vertex 58.9549 -8.74514 59
      vertex 57.4712 -8.52504 59
      vertex 58.4548 -11.6274 59
    endloop
  endfacet
  facet normal -0 0 1
    outer loop
      vertex 56.9836 -11.3347 59
      vertex 58.4548 -11.6274 59
      vertex 57.4712 -8.52504 59
    endloop
  endfacet
  facet normal 0 0 1
    outer loop
      vertex 58.4548 -11.6274 59
      vertex 56.9836 -11.3347 59
      vertex 57.8139 -14.4816 59
    endloop
  endfacet
  facet normal -0 0 1
    outer loop
      vertex 56.3588 -14.1171 59
      vertex 57.8139 -14.4816 59
      vertex 56.9836 -11.3347 59
    endloop
  endfacet
  facet normal 0 0 1
    outer loop
      vertex 57.8139 -14.4816 59
      vertex 56.3588 -14.1171 59
      vertex 57.0336 -17.301 59
    endloop
  endfacet
  facet normal -0 0 1
    outer loop
      vertex 55.5982 -16.8655 59
      vertex 57.0336 -17.301 59
      vertex 56.3588 -14.1171 59
    endloop
  endfacet
  facet normal 0 0 1
    outer loop
      vertex 57.0336 -17.301 59
      vertex 55.5982 -16.8655 59
      vertex 56.116 -20.0786 59
    endloop
  endfacet
  facet normal -0 0 1
    outer loop
      vertex 54.7037 -19.5733 59
      vertex 56.116 -20.0786 59
      vertex 55.5982 -16.8655 59
    endloop
  endfacet
  facet normal 0 0 1
    outer loop
      vertex 56.116 -20.0786 59
      vertex 54.7037 -19.5733 59
      vertex 55.0632 -22.8079 59
    endloop
  endfacet
  facet normal -0 0 1
    outer loop
      vertex 53.6774 -22.2339 59
      vertex 55.0632 -22.8079 59
      vertex 54.7037 -19.5733 59
    endloop
  endfacet
  facet normal 0 0 1
    outer loop
      vertex 55.0632 -22.8079 59
      vertex 53.6774 -22.2339 59
      vertex 53.8778 -25.4823 59
    endloop
  endfacet
  facet normal -0 0 1
    outer loop
      vertex 52.5218 -24.841 59
      vertex 53.8778 -25.4823 59
      vertex 53.6774 -22.2339 59
    endloop
  endfacet
  facet normal 0 0 1
    outer loop
      vertex 53.8778 -25.4823 59
      vertex 52.5218 -24.841 59
      vertex 52.5625 -28.0952 59
    endloop
  endfacet
  facet normal -0 0 1
    outer loop
      vertex 51.2396 -27.3881 59
      vertex 52.5625 -28.0952 59
      vertex 52.5218 -24.841 59
    endloop
  endfacet
  facet normal 0 0 1
    outer loop
      vertex 51.2396 -27.3881 59
      vertex 51.1206 -30.6405 59
      vertex 52.5625 -28.0952 59
    endloop
  endfacet
  facet normal -0 0 1
    outer loop
      vertex 49.834 -29.8694 59
      vertex 51.1206 -30.6405 59
      vertex 51.2396 -27.3881 59
    endloop
  endfacet
  facet normal 0 0 1
    outer loop
      vertex 49.834 -29.8694 59
      vertex 49.5556 -33.112 59
      vertex 51.1206 -30.6405 59
    endloop
  endfacet
  facet normal -0 0 1
    outer loop
      vertex 48.3084 -32.2786 59
      vertex 49.5556 -33.112 59
      vertex 49.834 -29.8694 59
    endloop
  endfacet
  facet normal 0 0 1
    outer loop
      vertex 48.3084 -32.2786 59
      vertex 47.8712 -35.5037 59
      vertex 49.5556 -33.112 59
    endloop
  endfacet
  facet normal -0 0 1
    outer loop
      vertex 46.6664 -34.6101 59
      vertex 47.8712 -35.5037 59
      vertex 48.3084 -32.2786 59
    endloop
  endfacet
  facet normal 0 0 1
    outer loop
      vertex 46.6664 -34.6101 59
      vertex 46.0714 -37.8098 59
      vertex 47.8712 -35.5037 59
    endloop
  endfacet
  facet normal -0 0 1
    outer loop
      vertex 44.9119 -36.8582 59
      vertex 46.0714 -37.8098 59
      vertex 46.6664 -34.6101 59
    endloop
  endfacet
  facet normal 0 0 1
    outer loop
      vertex 44.9119 -36.8582 59
      vertex 44.1607 -40.0249 59
      vertex 46.0714 -37.8098 59
    endloop
  endfacet
  facet normal -0 0 1
    outer loop
      vertex 43.0493 -39.0176 59
      vertex 44.1607 -40.0249 59
      vertex 44.9119 -36.8582 59
    endloop
  endfacet
  facet normal 0 0 1
    outer loop
      vertex 43.0493 -39.0176 59
      vertex 42.1436 -42.1436 59
      vertex 44.1607 -40.0249 59
    endloop
  endfacet
  facet normal -0 0 1
    outer loop
      vertex 41.0829 -41.0829 59
      vertex 42.1436 -42.1436 59
      vertex 43.0493 -39.0176 59
    endloop
  endfacet
  facet normal 0 0 1
    outer loop
      vertex 41.0829 -41.0829 59
      vertex 40.0249 -44.1607 59
      vertex 42.1436 -42.1436 59
    endloop
  endfacet
  facet normal -0 0 1
    outer loop
      vertex 39.0176 -43.0493 59
      vertex 40.0249 -44.1607 59
      vertex 41.0829 -41.0829 59
    endloop
  endfacet
  facet normal 0 0 1
    outer loop
      vertex 39.0176 -43.0493 59
      vertex 37.8098 -46.0714 59
      vertex 40.0249 -44.1607 59
    endloop
  endfacet
  facet normal -0 0 1
    outer loop
      vertex 36.8582 -44.9119 59
      vertex 37.8098 -46.0714 59
      vertex 39.0176 -43.0493 59
    endloop
  endfacet
  facet normal 0 0 1
    outer loop
      vertex 36.8582 -44.9119 59
      vertex 35.5037 -47.8712 59
      vertex 37.8098 -46.0714 59
    endloop
  endfacet
  facet normal -0 0 1
    outer loop
      vertex 34.6101 -46.6664 59
      vertex 35.5037 -47.8712 59
      vertex 36.8582 -44.9119 59
    endloop
  endfacet
  facet normal 0 0 1
    outer loop
      vertex 34.6101 -46.6664 59
      vertex 33.112 -49.5556 59
      vertex 35.5037 -47.8712 59
    endloop
  endfacet
  facet normal -0 0 1
    outer loop
      vertex 32.2786 -48.3084 59
      vertex 33.112 -49.5556 59
      vertex 34.6101 -46.6664 59
    endloop
  endfacet
  facet normal 0 0 1
    outer loop
      vertex 32.2786 -48.3084 59
      vertex 30.6405 -51.1206 59
      vertex 33.112 -49.5556 59
    endloop
  endfacet
  facet normal -0 0 1
    outer loop
      vertex 29.8694 -49.834 59
      vertex 30.6405 -51.1206 59
      vertex 32.2786 -48.3084 59
    endloop
  endfacet
  facet normal 0 0 1
    outer loop
      vertex 29.8694 -49.834 59
      vertex 28.0952 -52.5625 59
      vertex 30.6405 -51.1206 59
    endloop
  endfacet
  facet normal -0 0 1
    outer loop
      vertex 27.3881 -51.2396 59
      vertex 28.0952 -52.5625 59
      vertex 29.8694 -49.834 59
    endloop
  endfacet
  facet normal 0 0 1
    outer loop
      vertex 27.3881 -51.2396 59
      vertex 25.4823 -53.8778 59
      vertex 28.0952 -52.5625 59
    endloop
  endfacet
  facet normal -0 0 1
    outer loop
      vertex 24.841 -52.5218 59
      vertex 25.4823 -53.8778 59
      vertex 27.3881 -51.2396 59
    endloop
  endfacet
  facet normal 0 0 1
    outer loop
      vertex 24.841 -52.5218 59
      vertex 22.8079 -55.0632 59
      vertex 25.4823 -53.8778 59
    endloop
  endfacet
  facet normal -0 0 1
    outer loop
      vertex 22.2339 -53.6774 59
      vertex 22.8079 -55.0632 59
      vertex 24.841 -52.5218 59
    endloop
  endfacet
  facet normal 0 0 1
    outer loop
      vertex 22.2339 -53.6774 59
      vertex 20.0786 -56.116 59
      vertex 22.8079 -55.0632 59
    endloop
  endfacet
  facet normal -0 0 1
    outer loop
      vertex 19.5733 -54.7037 59
      vertex 20.0786 -56.116 59
      vertex 22.2339 -53.6774 59
    endloop
  endfacet
  facet normal 0 0 1
    outer loop
      vertex 19.5733 -54.7037 59
      vertex 17.301 -57.0336 59
      vertex 20.0786 -56.116 59
    endloop
  endfacet
  facet normal -0 0 1
    outer loop
      vertex 16.8655 -55.5982 59
      vertex 17.301 -57.0336 59
      vertex 19.5733 -54.7037 59
    endloop
  endfacet
  facet normal 0 0 1
    outer loop
      vertex 16.8655 -55.5982 59
      vertex 14.4816 -57.8139 59
      vertex 17.301 -57.0336 59
    endloop
  endfacet
  facet normal -0 0 1
    outer loop
      vertex 14.1171 -56.3588 59
      vertex 14.4816 -57.8139 59
      vertex 16.8655 -55.5982 59
    endloop
  endfacet
  facet normal 0 0 1
    outer loop
      vertex 14.1171 -56.3588 59
      vertex 11.6274 -58.4548 59
      vertex 14.4816 -57.8139 59
    endloop
  endfacet
  facet normal -0 0 1
    outer loop
      vertex 11.3347 -56.9836 59
      vertex 11.6274 -58.4548 59
      vertex 14.1171 -56.3588 59
    endloop
  endfacet
  facet normal 0 0 1
    outer loop
      vertex 11.3347 -56.9836 59
      vertex 8.74514 -58.9549 59
      vertex 11.6274 -58.4548 59
    endloop
  endfacet
  facet normal -0 0 1
    outer loop
      vertex 8.52504 -57.4712 59
      vertex 8.74514 -58.9549 59
      vertex 11.3347 -56.9836 59
    endloop
  endfacet
  facet normal 0 0 1
    outer loop
      vertex 8.52504 -57.4712 59
      vertex 5.84182 -59.313 59
      vertex 8.74514 -58.9549 59
    endloop
  endfacet
  facet normal -0 0 1
    outer loop
      vertex 5.6948 -57.8202 59
      vertex 5.84182 -59.313 59
      vertex 8.52504 -57.4712 59
    endloop
  endfacet
  facet normal 0 0 1
    outer loop
      vertex 5.6948 -57.8202 59
      vertex 2.92443 -59.5282 59
      vertex 5.84182 -59.313 59
    endloop
  endfacet
  facet normal -0 0 1
    outer loop
      vertex 2.85083 -58.03 59
      vertex 2.92443 -59.5282 59
      vertex 5.6948 -57.8202 59
    endloop
  endfacet
  facet normal -0 0 1
    outer loop
      vertex 0 -58.1 59
      vertex 2.92443 -59.5282 59
      vertex 2.85083 -58.03 59
    endloop
  endfacet
  facet normal 0 0 1
    outer loop
      vertex 0 -58.1 59
      vertex 0 -59.6 59
      vertex 2.92443 -59.5282 59
    endloop
  endfacet
  facet normal 0 0 1
    outer loop
      vertex -2.85083 -58.03 59
      vertex 0 -59.6 59
      vertex 0 -58.1 59
    endloop
  endfacet
  facet normal 0 0 1
    outer loop
      vertex -2.85083 -58.03 59
      vertex -2.92443 -59.5282 59
      vertex 0 -59.6 59
    endloop
  endfacet
  facet normal 0 0 1
    outer loop
      vertex -5.6948 -57.8202 59
      vertex -2.92443 -59.5282 59
      vertex -2.85083 -58.03 59
    endloop
  endfacet
  facet normal 0 0 1
    outer loop
      vertex -5.6948 -57.8202 59
      vertex -5.84182 -59.313 59
      vertex -2.92443 -59.5282 59
    endloop
  endfacet
  facet normal 0 0 1
    outer loop
      vertex -8.52504 -57.4712 59
      vertex -5.84182 -59.313 59
      vertex -5.6948 -57.8202 59
    endloop
  endfacet
  facet normal 0 0 1
    outer loop
      vertex -8.52504 -57.4712 59
      vertex -8.74514 -58.9549 59
      vertex -5.84182 -59.313 59
    endloop
  endfacet
  facet normal 0 0 1
    outer loop
      vertex -11.3347 -56.9836 59
      vertex -8.74514 -58.9549 59
      vertex -8.52504 -57.4712 59
    endloop
  endfacet
  facet normal 0 0 1
    outer loop
      vertex -11.3347 -56.9836 59
      vertex -11.6274 -58.4548 59
      vertex -8.74514 -58.9549 59
    endloop
  endfacet
  facet normal 0 0 1
    outer loop
      vertex -14.1171 -56.3588 59
      vertex -11.6274 -58.4548 59
      vertex -11.3347 -56.9836 59
    endloop
  endfacet
  facet normal 0 0 1
    outer loop
      vertex -14.1171 -56.3588 59
      vertex -14.4816 -57.8139 59
      vertex -11.6274 -58.4548 59
    endloop
  endfacet
  facet normal 0 0 1
    outer loop
      vertex -16.8655 -55.5982 59
      vertex -14.4816 -57.8139 59
      vertex -14.1171 -56.3588 59
    endloop
  endfacet
  facet normal 0 0 1
    outer loop
      vertex -16.8655 -55.5982 59
      vertex -17.301 -57.0336 59
      vertex -14.4816 -57.8139 59
    endloop
  endfacet
  facet normal 0 0 1
    outer loop
      vertex -19.5733 -54.7037 59
      vertex -17.301 -57.0336 59
      vertex -16.8655 -55.5982 59
    endloop
  endfacet
  facet normal 0 0 1
    outer loop
      vertex -19.5733 -54.7037 59
      vertex -20.0786 -56.116 59
      vertex -17.301 -57.0336 59
    endloop
  endfacet
  facet normal 0 0 1
    outer loop
      vertex -22.2339 -53.6774 59
      vertex -20.0786 -56.116 59
      vertex -19.5733 -54.7037 59
    endloop
  endfacet
  facet normal 0 0 1
    outer loop
      vertex -22.2339 -53.6774 59
      vertex -22.8079 -55.0632 59
      vertex -20.0786 -56.116 59
    endloop
  endfacet
  facet normal 0 0 1
    outer loop
      vertex -24.841 -52.5218 59
      vertex -22.8079 -55.0632 59
      vertex -22.2339 -53.6774 59
    endloop
  endfacet
  facet normal 0 0 1
    outer loop
      vertex -24.841 -52.5218 59
      vertex -25.4823 -53.8778 59
      vertex -22.8079 -55.0632 59
    endloop
  endfacet
  facet normal 0 0 1
    outer loop
      vertex -27.3881 -51.2396 59
      vertex -25.4823 -53.8778 59
      vertex -24.841 -52.5218 59
    endloop
  endfacet
  facet normal 0 0 1
    outer loop
      vertex -27.3881 -51.2396 59
      vertex -28.0952 -52.5625 59
      vertex -25.4823 -53.8778 59
    endloop
  endfacet
  facet normal 0 0 1
    outer loop
      vertex -29.8694 -49.834 59
      vertex -28.0952 -52.5625 59
      vertex -27.3881 -51.2396 59
    endloop
  endfacet
  facet normal 0 0 1
    outer loop
      vertex -29.8694 -49.834 59
      vertex -30.6405 -51.1206 59
      vertex -28.0952 -52.5625 59
    endloop
  endfacet
  facet normal 0 0 1
    outer loop
      vertex -32.2786 -48.3084 59
      vertex -30.6405 -51.1206 59
      vertex -29.8694 -49.834 59
    endloop
  endfacet
  facet normal 0 0 1
    outer loop
      vertex -32.2786 -48.3084 59
      vertex -33.112 -49.5556 59
      vertex -30.6405 -51.1206 59
    endloop
  endfacet
  facet normal 0 0 1
    outer loop
      vertex -34.6101 -46.6664 59
      vertex -33.112 -49.5556 59
      vertex -32.2786 -48.3084 59
    endloop
  endfacet
  facet normal 0 0 1
    outer loop
      vertex -34.6101 -46.6664 59
      vertex -35.5037 -47.8712 59
      vertex -33.112 -49.5556 59
    endloop
  endfacet
  facet normal 0 0 1
    outer loop
      vertex -36.8582 -44.9119 59
      vertex -35.5037 -47.8712 59
      vertex -34.6101 -46.6664 59
    endloop
  endfacet
  facet normal 0 0 1
    outer loop
      vertex -36.8582 -44.9119 59
      vertex -37.8098 -46.0714 59
      vertex -35.5037 -47.8712 59
    endloop
  endfacet
  facet normal 0 0 1
    outer loop
      vertex -39.0176 -43.0493 59
      vertex -37.8098 -46.0714 59
      vertex -36.8582 -44.9119 59
    endloop
  endfacet
  facet normal 0 0 1
    outer loop
      vertex -39.0176 -43.0493 59
      vertex -40.0249 -44.1607 59
      vertex -37.8098 -46.0714 59
    endloop
  endfacet
  facet normal 0 0 1
    outer loop
      vertex -41.0829 -41.0829 59
      vertex -40.0249 -44.1607 59
      vertex -39.0176 -43.0493 59
    endloop
  endfacet
  facet normal 0 0 1
    outer loop
      vertex -41.0829 -41.0829 59
      vertex -42.1436 -42.1436 59
      vertex -40.0249 -44.1607 59
    endloop
  endfacet
  facet normal 0 0 1
    outer loop
      vertex -43.0493 -39.0176 59
      vertex -42.1436 -42.1436 59
      vertex -41.0829 -41.0829 59
    endloop
  endfacet
  facet normal 0 0 1
    outer loop
      vertex -43.0493 -39.0176 59
      vertex -44.1607 -40.0249 59
      vertex -42.1436 -42.1436 59
    endloop
  endfacet
  facet normal 0 0 1
    outer loop
      vertex -44.9119 -36.8582 59
      vertex -44.1607 -40.0249 59
      vertex -43.0493 -39.0176 59
    endloop
  endfacet
  facet normal 0 0 1
    outer loop
      vertex -44.9119 -36.8582 59
      vertex -46.0714 -37.8098 59
      vertex -44.1607 -40.0249 59
    endloop
  endfacet
  facet normal 0 0 1
    outer loop
      vertex -46.6664 -34.6101 59
      vertex -46.0714 -37.8098 59
      vertex -44.9119 -36.8582 59
    endloop
  endfacet
  facet normal 0 0 1
    outer loop
      vertex -46.6664 -34.6101 59
      vertex -47.8712 -35.5037 59
      vertex -46.0714 -37.8098 59
    endloop
  endfacet
  facet normal 0 0 1
    outer loop
      vertex -48.3084 -32.2786 59
      vertex -47.8712 -35.5037 59
      vertex -46.6664 -34.6101 59
    endloop
  endfacet
  facet normal 0 0 1
    outer loop
      vertex -48.3084 -32.2786 59
      vertex -49.5556 -33.112 59
      vertex -47.8712 -35.5037 59
    endloop
  endfacet
  facet normal 0 0 1
    outer loop
      vertex -49.834 -29.8694 59
      vertex -49.5556 -33.112 59
      vertex -48.3084 -32.2786 59
    endloop
  endfacet
  facet normal 0 0 1
    outer loop
      vertex -49.834 -29.8694 59
      vertex -51.1206 -30.6405 59
      vertex -49.5556 -33.112 59
    endloop
  endfacet
  facet normal 0 0 1
    outer loop
      vertex -51.2396 -27.3881 59
      vertex -51.1206 -30.6405 59
      vertex -49.834 -29.8694 59
    endloop
  endfacet
  facet normal 0 0 1
    outer loop
      vertex -52.5625 -28.0952 59
      vertex -51.2396 -27.3881 59
      vertex -52.5218 -24.841 59
    endloop
  endfacet
  facet normal 0 0 1
    outer loop
      vertex -51.2396 -27.3881 59
      vertex -52.5625 -28.0952 59
      vertex -51.1206 -30.6405 59
    endloop
  endfacet
  facet normal 0 0 1
    outer loop
      vertex -53.8778 -25.4823 59
      vertex -52.5218 -24.841 59
      vertex -53.6774 -22.2339 59
    endloop
  endfacet
  facet normal 0 0 1
    outer loop
      vertex -52.5218 -24.841 59
      vertex -53.8778 -25.4823 59
      vertex -52.5625 -28.0952 59
    endloop
  endfacet
  facet normal 0 0 1
    outer loop
      vertex -55.0632 -22.8079 59
      vertex -53.6774 -22.2339 59
      vertex -54.7037 -19.5733 59
    endloop
  endfacet
  facet normal 0 0 1
    outer loop
      vertex -53.6774 -22.2339 59
      vertex -55.0632 -22.8079 59
      vertex -53.8778 -25.4823 59
    endloop
  endfacet
  facet normal 0 0 1
    outer loop
      vertex -56.116 -20.0786 59
      vertex -54.7037 -19.5733 59
      vertex -55.5982 -16.8655 59
    endloop
  endfacet
  facet normal 0 0 1
    outer loop
      vertex -54.7037 -19.5733 59
      vertex -56.116 -20.0786 59
      vertex -55.0632 -22.8079 59
    endloop
  endfacet
  facet normal 0 0 1
    outer loop
      vertex -57.0336 -17.301 59
      vertex -55.5982 -16.8655 59
      vertex -56.3588 -14.1171 59
    endloop
  endfacet
  facet normal 0 0 1
    outer loop
      vertex -57.8139 -14.4816 59
      vertex -56.3588 -14.1171 59
      vertex -56.3851 -14 59
    endloop
  endfacet
  facet normal 0 0 1
    outer loop
      vertex -55.5982 -16.8655 59
      vertex -57.0336 -17.301 59
      vertex -56.116 -20.0786 59
    endloop
  endfacet
  facet normal 0 0 1
    outer loop
      vertex -56.3588 -14.1171 59
      vertex -57.8139 -14.4816 59
      vertex -57.0336 -17.301 59
    endloop
  endfacet
  facet normal 0 -0 1
    outer loop
      vertex -57.8139 -14.4816 59
      vertex -56.3851 -14 59
      vertex -57.922 -14 59
    endloop
  endfacet
  facet normal 0.170955 0.985279 -0
    outer loop
      vertex 11.6274 58.4548 54.1
      vertex 8.74514 58.9549 59
      vertex 11.6274 58.4548 59
    endloop
  endfacet
  facet normal 0.170955 0.985279 0
    outer loop
      vertex 8.74514 58.9549 59
      vertex 11.6274 58.4548 54.1
      vertex 8.74514 58.9549 54.1
    endloop
  endfacet
  facet normal 0.359893 0.932994 -0
    outer loop
      vertex 22.8079 55.0632 54.1
      vertex 20.0786 56.116 59
      vertex 22.8079 55.0632 59
    endloop
  endfacet
  facet normal 0.359893 0.932994 0
    outer loop
      vertex 20.0786 56.116 59
      vertex 22.8079 55.0632 54.1
      vertex 20.0786 56.116 54.1
    endloop
  endfacet
  facet normal 0.992479 0.122414 0
    outer loop
      vertex 59.313 5.84182 59
      vertex 58.9549 8.74514 54.1
      vertex 58.9549 8.74514 59
    endloop
  endfacet
  facet normal 0.992479 0.122414 0
    outer loop
      vertex 58.9549 8.74514 54.1
      vertex 59.313 5.84182 59
      vertex 59.313 5.84182 54.1
    endloop
  endfacet
  facet normal 0.949528 0.313683 0
    outer loop
      vertex 57.0336 17.301 59
      vertex 56.116 20.0786 54.1
      vertex 56.116 20.0786 59
    endloop
  endfacet
  facet normal 0.949528 0.313683 0
    outer loop
      vertex 56.116 20.0786 54.1
      vertex 57.0336 17.301 59
      vertex 57.0336 17.301 54.1
    endloop
  endfacet
  facet normal 0.870086 0.4929 0
    outer loop
      vertex 52.5625 28.0952 59
      vertex 51.1206 30.6405 54.1
      vertex 51.1206 30.6405 59
    endloop
  endfacet
  facet normal 0.870086 0.4929 0
    outer loop
      vertex 51.1206 30.6405 54.1
      vertex 52.5625 28.0952 59
      vertex 52.5625 28.0952 54.1
    endloop
  endfacet
  facet normal 0.91422 0.405218 0
    outer loop
      vertex 55.0632 22.8079 59
      vertex 53.8778 25.4823 54.1
      vertex 53.8778 25.4823 59
    endloop
  endfacet
  facet normal 0.91422 0.405218 0
    outer loop
      vertex 53.8778 25.4823 54.1
      vertex 55.0632 22.8079 59
      vertex 55.0632 22.8079 54.1
    endloop
  endfacet
  facet normal 0.975704 0.219091 0
    outer loop
      vertex 58.4548 11.6274 59
      vertex 57.8139 14.4816 54.1
      vertex 57.8139 14.4816 59
    endloop
  endfacet
  facet normal 0.975704 0.219091 0
    outer loop
      vertex 57.8139 14.4816 54.1
      vertex 58.4548 11.6274 59
      vertex 58.4548 11.6274 54.1
    endloop
  endfacet
  facet normal 0.615253 0.78833 -0
    outer loop
      vertex 37.8098 46.0714 54.1
      vertex 35.5037 47.8712 59
      vertex 37.8098 46.0714 59
    endloop
  endfacet
  facet normal 0.615253 0.78833 0
    outer loop
      vertex 35.5037 47.8712 59
      vertex 37.8098 46.0714 54.1
      vertex 35.5037 47.8712 54.1
    endloop
  endfacet
  facet normal -0.359893 0.932994 0
    outer loop
      vertex -20.0786 56.116 54.1
      vertex -22.8079 55.0632 59
      vertex -20.0786 56.116 59
    endloop
  endfacet
  facet normal -0.359893 0.932994 0
    outer loop
      vertex -22.8079 55.0632 59
      vertex -20.0786 56.116 54.1
      vertex -22.8079 55.0632 54.1
    endloop
  endfacet
  facet normal -0.724259 0.689528 0
    outer loop
      vertex -44.1607 40.0249 54.1
      vertex -42.1436 42.1436 59
      vertex -42.1436 42.1436 54.1
    endloop
  endfacet
  facet normal -0.724259 0.689528 0
    outer loop
      vertex -42.1436 42.1436 59
      vertex -44.1607 40.0249 54.1
      vertex -44.1607 40.0249 59
    endloop
  endfacet
  facet normal -0.932994 0.359893 0
    outer loop
      vertex -56.116 20.0786 54.1
      vertex -55.0632 22.8079 59
      vertex -55.0632 22.8079 54.1
    endloop
  endfacet
  facet normal -0.932994 0.359893 0
    outer loop
      vertex -55.0632 22.8079 59
      vertex -56.116 20.0786 54.1
      vertex -56.116 20.0786 59
    endloop
  endfacet
  facet normal -0.992479 0.122414 0
    outer loop
      vertex -59.313 5.84182 54.1
      vertex -58.9549 8.74514 56
      vertex -58.9549 8.74514 54.1
    endloop
  endfacet
  facet normal -0.992479 0.122414 0
    outer loop
      vertex -58.9549 8.74514 56
      vertex -59.313 5.84182 54.1
      vertex -59.313 5.84182 56
    endloop
  endfacet
  facet normal -0.985279 0.170955 0
    outer loop
      vertex -58.9549 8.74514 54.1
      vertex -58.4548 11.6274 56
      vertex -58.4548 11.6274 54.1
    endloop
  endfacet
  facet normal -0.985279 0.170955 0
    outer loop
      vertex -58.4548 11.6274 56
      vertex -58.9549 8.74514 54.1
      vertex -58.9549 8.74514 56
    endloop
  endfacet
  facet normal 0.405218 0.91422 -0
    outer loop
      vertex 25.4823 53.8778 54.1
      vertex 22.8079 55.0632 59
      vertex 25.4823 53.8778 59
    endloop
  endfacet
  facet normal 0.405218 0.91422 0
    outer loop
      vertex 22.8079 55.0632 59
      vertex 25.4823 53.8778 54.1
      vertex 22.8079 55.0632 54.1
    endloop
  endfacet
  facet normal 0.96377 0.266734 0
    outer loop
      vertex 57.8139 14.4816 59
      vertex 57.0336 17.301 54.1
      vertex 57.0336 17.301 59
    endloop
  endfacet
  facet normal 0.96377 0.266734 0
    outer loop
      vertex 57.0336 17.301 54.1
      vertex 57.8139 14.4816 59
      vertex 57.8139 14.4816 54.1
    endloop
  endfacet
  facet normal 0.985279 0.170955 0
    outer loop
      vertex 58.9549 8.74514 59
      vertex 58.4548 11.6274 54.1
      vertex 58.4548 11.6274 59
    endloop
  endfacet
  facet normal 0.985279 0.170955 0
    outer loop
      vertex 58.4548 11.6274 54.1
      vertex 58.9549 8.74514 59
      vertex 58.9549 8.74514 54.1
    endloop
  endfacet
  facet normal 0.844863 0.534983 0
    outer loop
      vertex 51.1206 30.6405 59
      vertex 49.5556 33.112 54.1
      vertex 49.5556 33.112 59
    endloop
  endfacet
  facet normal 0.844863 0.534983 0
    outer loop
      vertex 49.5556 33.112 54.1
      vertex 51.1206 30.6405 59
      vertex 51.1206 30.6405 54.1
    endloop
  endfacet
  facet normal 0.78833 0.615253 0
    outer loop
      vertex 47.8712 35.5037 59
      vertex 46.0714 37.8098 54.1
      vertex 46.0714 37.8098 59
    endloop
  endfacet
  facet normal 0.78833 0.615253 0
    outer loop
      vertex 46.0714 37.8098 54.1
      vertex 47.8712 35.5037 59
      vertex 47.8712 35.5037 54.1
    endloop
  endfacet
  facet normal 0.689528 0.724259 -0
    outer loop
      vertex 42.1436 42.1436 54.1
      vertex 40.0249 44.1607 59
      vertex 42.1436 42.1436 59
    endloop
  endfacet
  facet normal 0.689528 0.724259 0
    outer loop
      vertex 40.0249 44.1607 59
      vertex 42.1436 42.1436 54.1
      vertex 40.0249 44.1607 54.1
    endloop
  endfacet
  facet normal 0.575802 0.817589 -0
    outer loop
      vertex 35.5037 47.8712 54.1
      vertex 33.112 49.5556 59
      vertex 35.5037 47.8712 59
    endloop
  endfacet
  facet normal 0.575802 0.817589 0
    outer loop
      vertex 33.112 49.5556 59
      vertex 35.5037 47.8712 54.1
      vertex 33.112 49.5556 54.1
    endloop
  endfacet
  facet normal 0.653161 0.757219 -0
    outer loop
      vertex 40.0249 44.1607 54.1
      vertex 37.8098 46.0714 59
      vertex 40.0249 44.1607 59
    endloop
  endfacet
  facet normal 0.653161 0.757219 0
    outer loop
      vertex 37.8098 46.0714 59
      vertex 40.0249 44.1607 54.1
      vertex 37.8098 46.0714 54.1
    endloop
  endfacet
  facet normal 0.534983 0.844863 -0
    outer loop
      vertex 33.112 49.5556 54.1
      vertex 30.6405 51.1206 59
      vertex 33.112 49.5556 59
    endloop
  endfacet
  facet normal 0.534983 0.844863 0
    outer loop
      vertex 30.6405 51.1206 59
      vertex 33.112 49.5556 54.1
      vertex 30.6405 51.1206 54.1
    endloop
  endfacet
  facet normal -0.0245444 0.999699 0
    outer loop
      vertex 0 59.6 54.1
      vertex -2.92443 59.5282 59
      vertex 0 59.6 59
    endloop
  endfacet
  facet normal -0.0245444 0.999699 0
    outer loop
      vertex -2.92443 59.5282 59
      vertex 0 59.6 54.1
      vertex -2.92443 59.5282 54.1
    endloop
  endfacet
  facet normal -0.615253 0.78833 0
    outer loop
      vertex -35.5037 47.8712 54.1
      vertex -37.8098 46.0714 59
      vertex -35.5037 47.8712 59
    endloop
  endfacet
  facet normal -0.615253 0.78833 0
    outer loop
      vertex -37.8098 46.0714 59
      vertex -35.5037 47.8712 54.1
      vertex -37.8098 46.0714 54.1
    endloop
  endfacet
  facet normal -0.313683 0.949528 0
    outer loop
      vertex -17.301 57.0336 54.1
      vertex -20.0786 56.116 59
      vertex -17.301 57.0336 59
    endloop
  endfacet
  facet normal -0.313683 0.949528 0
    outer loop
      vertex -20.0786 56.116 59
      vertex -17.301 57.0336 54.1
      vertex -20.0786 56.116 54.1
    endloop
  endfacet
  facet normal -0.817589 0.575802 0
    outer loop
      vertex -49.5556 33.112 54.1
      vertex -47.8712 35.5037 59
      vertex -47.8712 35.5037 54.1
    endloop
  endfacet
  facet normal -0.817589 0.575802 0
    outer loop
      vertex -47.8712 35.5037 59
      vertex -49.5556 33.112 54.1
      vertex -49.5556 33.112 59
    endloop
  endfacet
  facet normal -0.689528 0.724259 0
    outer loop
      vertex -40.0249 44.1607 54.1
      vertex -42.1436 42.1436 59
      vertex -40.0249 44.1607 59
    endloop
  endfacet
  facet normal -0.689528 0.724259 0
    outer loop
      vertex -42.1436 42.1436 59
      vertex -40.0249 44.1607 54.1
      vertex -42.1436 42.1436 54.1
    endloop
  endfacet
  facet normal -0.91422 0.405218 0
    outer loop
      vertex -55.0632 22.8079 54.1
      vertex -53.8778 25.4823 59
      vertex -53.8778 25.4823 54.1
    endloop
  endfacet
  facet normal -0.91422 0.405218 0
    outer loop
      vertex -53.8778 25.4823 59
      vertex -55.0632 22.8079 54.1
      vertex -55.0632 22.8079 59
    endloop
  endfacet
  facet normal -0.99729 0.0735647 0
    outer loop
      vertex -59.5282 2.92443 54.1
      vertex -59.313 5.84182 56
      vertex -59.313 5.84182 54.1
    endloop
  endfacet
  facet normal -0.99729 0.0735647 0
    outer loop
      vertex -59.313 5.84182 56
      vertex -59.5282 2.92443 54.1
      vertex -59.5282 2.92443 56
    endloop
  endfacet
  facet normal -0.999699 0.0245444 0
    outer loop
      vertex -59.6 0 54.1
      vertex -59.5282 2.92443 56
      vertex -59.5282 2.92443 54.1
    endloop
  endfacet
  facet normal -0.999699 0.0245444 0
    outer loop
      vertex -59.5282 2.92443 56
      vertex -59.6 0 54.1
      vertex -59.6 0 56
    endloop
  endfacet
  facet normal 0.122414 0.992479 -0
    outer loop
      vertex 8.74514 58.9549 54.1
      vertex 5.84182 59.313 59
      vertex 8.74514 58.9549 59
    endloop
  endfacet
  facet normal 0.122414 0.992479 0
    outer loop
      vertex 5.84182 59.313 59
      vertex 8.74514 58.9549 54.1
      vertex 5.84182 59.313 54.1
    endloop
  endfacet
  facet normal 0.0735647 0.99729 -0
    outer loop
      vertex 5.84182 59.313 54.1
      vertex 2.92443 59.5282 59
      vertex 5.84182 59.313 59
    endloop
  endfacet
  facet normal 0.0735647 0.99729 0
    outer loop
      vertex 2.92443 59.5282 59
      vertex 5.84182 59.313 54.1
      vertex 2.92443 59.5282 54.1
    endloop
  endfacet
  facet normal 0.893214 0.449632 0
    outer loop
      vertex 53.8778 25.4823 59
      vertex 52.5625 28.0952 54.1
      vertex 52.5625 28.0952 59
    endloop
  endfacet
  facet normal 0.893214 0.449632 0
    outer loop
      vertex 52.5625 28.0952 54.1
      vertex 53.8778 25.4823 59
      vertex 53.8778 25.4823 54.1
    endloop
  endfacet
  facet normal 0.817589 0.575802 0
    outer loop
      vertex 49.5556 33.112 59
      vertex 47.8712 35.5037 54.1
      vertex 47.8712 35.5037 59
    endloop
  endfacet
  facet normal 0.817589 0.575802 0
    outer loop
      vertex 47.8712 35.5037 54.1
      vertex 49.5556 33.112 59
      vertex 49.5556 33.112 54.1
    endloop
  endfacet
  facet normal -0.122272 0.992497 0
    outer loop
      vertex -6.07397 59.2844 57.3839
      vertex -5.84182 59.313 59
      vertex -5.84182 59.313 57.5633
    endloop
  endfacet
  facet normal -0.122414 0.992479 2.07215e-05
    outer loop
      vertex -5.84182 59.313 59
      vertex -6.07397 59.2844 57.3839
      vertex -8.74514 58.9549 59
    endloop
  endfacet
  facet normal -0.122458 0.992474 -5.31119e-05
    outer loop
      vertex -6.24893 59.2628 57.1543
      vertex -8.74514 58.9549 59
      vertex -6.07397 59.2844 57.3839
    endloop
  endfacet
  facet normal -0.123159 0.992386 -0.00101604
    outer loop
      vertex -6.27125 59.26 57.125
      vertex -8.74514 58.9549 59
      vertex -6.24893 59.2628 57.1543
    endloop
  endfacet
  facet normal -0.121858 0.992547 0.000726608
    outer loop
      vertex -6.2853 59.2583 57.0909
      vertex -8.74514 58.9549 59
      vertex -6.27125 59.26 57.125
    endloop
  endfacet
  facet normal -0.122494 0.992469 -0.000105185
    outer loop
      vertex -6.39526 59.2447 56.8235
      vertex -8.74514 58.9549 59
      vertex -6.2853 59.2583 57.0909
    endloop
  endfacet
  facet normal -0.122332 0.992489 7.24735e-05
    outer loop
      vertex -6.43275 59.2401 56.5368
      vertex -8.74514 58.9549 59
      vertex -6.39526 59.2447 56.8235
    endloop
  endfacet
  facet normal -0.122576 0.992459 -0.00015993
    outer loop
      vertex -6.43756 59.2395 56.5
      vertex -8.74514 58.9549 59
      vertex -6.43275 59.2401 56.5368
    endloop
  endfacet
  facet normal -0.12257 0.99246 0.000160727
    outer loop
      vertex -8.74514 58.9549 54.1
      vertex -6.43756 59.2395 56.5
      vertex -6.43275 59.2401 56.4632
    endloop
  endfacet
  facet normal -0.122335 0.992489 -7.2835e-05
    outer loop
      vertex -8.74514 58.9549 54.1
      vertex -6.43275 59.2401 56.4632
      vertex -6.39526 59.2447 56.1765
    endloop
  endfacet
  facet normal -0.122491 0.99247 0.000106535
    outer loop
      vertex -8.74514 58.9549 54.1
      vertex -6.39526 59.2447 56.1765
      vertex -6.2853 59.2583 55.9091
    endloop
  endfacet
  facet normal -0.121881 0.992545 -0.000735947
    outer loop
      vertex -8.74514 58.9549 54.1
      vertex -6.2853 59.2583 55.9091
      vertex -6.27125 59.26 55.875
    endloop
  endfacet
  facet normal -0.123133 0.99239 0.00103627
    outer loop
      vertex -8.74514 58.9549 54.1
      vertex -6.27125 59.26 55.875
      vertex -6.24893 59.2628 55.8457
    endloop
  endfacet
  facet normal -0.122457 0.992474 5.41696e-05
    outer loop
      vertex -8.74514 58.9549 54.1
      vertex -6.24893 59.2628 55.8457
      vertex -6.07397 59.2844 55.6161
    endloop
  endfacet
  facet normal -0.122272 0.992497 0
    outer loop
      vertex -5.84182 59.313 54.1
      vertex -6.07397 59.2844 55.6161
      vertex -5.84182 59.313 55.4367
    endloop
  endfacet
  facet normal -0.122414 0.992479 -2.20882e-05
    outer loop
      vertex -8.74514 58.9549 54.1
      vertex -6.07397 59.2844 55.6161
      vertex -5.84182 59.313 54.1
    endloop
  endfacet
  facet normal -0.122405 0.99248 0
    outer loop
      vertex -6.43756 59.2395 56.5
      vertex -8.74514 58.9549 54.1
      vertex -8.74514 58.9549 59
    endloop
  endfacet
  facet normal -0.653161 0.757219 0
    outer loop
      vertex -37.8098 46.0714 54.1
      vertex -40.0249 44.1607 59
      vertex -37.8098 46.0714 59
    endloop
  endfacet
  facet normal -0.653161 0.757219 0
    outer loop
      vertex -40.0249 44.1607 59
      vertex -37.8098 46.0714 54.1
      vertex -40.0249 44.1607 54.1
    endloop
  endfacet
  facet normal -0.219091 0.975704 0
    outer loop
      vertex -11.6274 58.4548 54.1
      vertex -14.4816 57.8139 59
      vertex -11.6274 58.4548 59
    endloop
  endfacet
  facet normal -0.219091 0.975704 0
    outer loop
      vertex -14.4816 57.8139 59
      vertex -11.6274 58.4548 54.1
      vertex -14.4816 57.8139 54.1
    endloop
  endfacet
  facet normal -0.266734 0.96377 0
    outer loop
      vertex -14.4816 57.8139 54.1
      vertex -17.301 57.0336 59
      vertex -14.4816 57.8139 59
    endloop
  endfacet
  facet normal -0.266734 0.96377 0
    outer loop
      vertex -17.301 57.0336 59
      vertex -14.4816 57.8139 54.1
      vertex -17.301 57.0336 54.1
    endloop
  endfacet
  facet normal -0.844863 0.534983 0
    outer loop
      vertex -51.1206 30.6405 54.1
      vertex -49.5556 33.112 59
      vertex -49.5556 33.112 54.1
    endloop
  endfacet
  facet normal -0.844863 0.534983 0
    outer loop
      vertex -49.5556 33.112 59
      vertex -51.1206 30.6405 54.1
      vertex -51.1206 30.6405 59
    endloop
  endfacet
  facet normal -0.870086 0.4929 0
    outer loop
      vertex -52.5625 28.0952 54.1
      vertex -51.1206 30.6405 59
      vertex -51.1206 30.6405 54.1
    endloop
  endfacet
  facet normal -0.870086 0.4929 0
    outer loop
      vertex -51.1206 30.6405 59
      vertex -52.5625 28.0952 54.1
      vertex -52.5625 28.0952 59
    endloop
  endfacet
  facet normal -0.893214 0.449632 0
    outer loop
      vertex -53.8778 25.4823 54.1
      vertex -52.5625 28.0952 59
      vertex -52.5625 28.0952 54.1
    endloop
  endfacet
  facet normal -0.893214 0.449632 0
    outer loop
      vertex -52.5625 28.0952 59
      vertex -53.8778 25.4823 54.1
      vertex -53.8778 25.4823 59
    endloop
  endfacet
  facet normal -0.757219 0.653161 0
    outer loop
      vertex -46.0714 37.8098 54.1
      vertex -44.1607 40.0249 59
      vertex -44.1607 40.0249 54.1
    endloop
  endfacet
  facet normal -0.757219 0.653161 0
    outer loop
      vertex -44.1607 40.0249 59
      vertex -46.0714 37.8098 54.1
      vertex -46.0714 37.8098 59
    endloop
  endfacet
  facet normal -0.78833 0.615253 0
    outer loop
      vertex -47.8712 35.5037 54.1
      vertex -46.0714 37.8098 59
      vertex -46.0714 37.8098 54.1
    endloop
  endfacet
  facet normal -0.78833 0.615253 0
    outer loop
      vertex -46.0714 37.8098 59
      vertex -47.8712 35.5037 54.1
      vertex -47.8712 35.5037 59
    endloop
  endfacet
  facet normal -0.949528 0.313683 0
    outer loop
      vertex -57.0336 17.301 54.1
      vertex -56.116 20.0786 59
      vertex -56.116 20.0786 54.1
    endloop
  endfacet
  facet normal -0.949528 0.313683 0
    outer loop
      vertex -56.116 20.0786 59
      vertex -57.0336 17.301 54.1
      vertex -57.0336 17.301 59
    endloop
  endfacet
  facet normal 0.266734 0.96377 -0
    outer loop
      vertex 17.301 57.0336 54.1
      vertex 14.4816 57.8139 59
      vertex 17.301 57.0336 59
    endloop
  endfacet
  facet normal 0.266734 0.96377 0
    outer loop
      vertex 14.4816 57.8139 59
      vertex 17.301 57.0336 54.1
      vertex 14.4816 57.8139 54.1
    endloop
  endfacet
  facet normal 0.4929 0.870086 -0
    outer loop
      vertex 30.6405 51.1206 54.1
      vertex 28.0952 52.5625 59
      vertex 30.6405 51.1206 59
    endloop
  endfacet
  facet normal 0.4929 0.870086 0
    outer loop
      vertex 28.0952 52.5625 59
      vertex 30.6405 51.1206 54.1
      vertex 28.0952 52.5625 54.1
    endloop
  endfacet
  facet normal -0.0735647 0.99729 -2.52815e-05
    outer loop
      vertex -4.87072 59.3846 57.7074
      vertex -5.84182 59.313 59
      vertex -2.92443 59.5282 59
    endloop
  endfacet
  facet normal -0.07418 0.997245 -0.0003452
    outer loop
      vertex -5.84182 59.313 59
      vertex -5.15708 59.3635 57.7452
      vertex -5.1934 59.3608 57.75
    endloop
  endfacet
  facet normal -0.0734791 0.997297 3.93785e-05
    outer loop
      vertex -5.84182 59.313 59
      vertex -4.87072 59.3846 57.7074
      vertex -5.15708 59.3635 57.7452
    endloop
  endfacet
  facet normal -0.0736127 0.997287 4.73425e-05
    outer loop
      vertex -2.92443 59.5282 59
      vertex -4.57004 59.4068 57.5825
      vertex -4.87072 59.3846 57.7074
    endloop
  endfacet
  facet normal -0.0736763 0.997282 0.00012157
    outer loop
      vertex -2.92443 59.5282 59
      vertex -4.31183 59.4259 57.3839
      vertex -4.57004 59.4068 57.5825
    endloop
  endfacet
  facet normal -0.0735139 0.997294 -1.85823e-05
    outer loop
      vertex -2.92443 59.5282 59
      vertex -4.1137 59.4405 57.125
      vertex -4.31183 59.4259 57.3839
    endloop
  endfacet
  facet normal -0.0722046 0.997389 -0.000853488
    outer loop
      vertex -2.92443 59.5282 59
      vertex -4.09948 59.4415 57.0906
      vertex -4.1137 59.4405 57.125
    endloop
  endfacet
  facet normal -0.0737985 0.997273 0.000132709
    outer loop
      vertex -2.92443 59.5282 59
      vertex -3.98915 59.4497 56.8235
      vertex -4.09948 59.4415 57.0906
    endloop
  endfacet
  facet normal -0.0731177 0.997323 -0.000202149
    outer loop
      vertex -2.92443 59.5282 59
      vertex -3.95153 59.4524 56.537
      vertex -3.98915 59.4497 56.8235
    endloop
  endfacet
  facet normal -0.07562 0.997136 0.000847068
    outer loop
      vertex -2.92443 59.5282 59
      vertex -3.94667 59.4528 56.5
      vertex -3.95153 59.4524 56.537
    endloop
  endfacet
  facet normal -0.0735598 0.997291 0
    outer loop
      vertex -2.92443 59.5282 54.1
      vertex -3.94667 59.4528 56.5
      vertex -2.92443 59.5282 59
    endloop
  endfacet
  facet normal -0.075557 0.997141 -0.000855391
    outer loop
      vertex -3.94667 59.4528 56.5
      vertex -2.92443 59.5282 54.1
      vertex -3.95153 59.4524 56.463
    endloop
  endfacet
  facet normal -0.0734786 0.997297 -4.3078e-05
    outer loop
      vertex -5.84182 59.313 54.1
      vertex -5.15708 59.3635 55.2548
      vertex -4.87072 59.3846 55.2926
    endloop
  endfacet
  facet normal -0.0735647 0.99729 2.74014e-05
    outer loop
      vertex -5.84182 59.313 54.1
      vertex -4.87072 59.3846 55.2926
      vertex -2.92443 59.5282 54.1
    endloop
  endfacet
  facet normal -0.0736117 0.997287 -4.97083e-05
    outer loop
      vertex -4.57004 59.4068 55.4175
      vertex -2.92443 59.5282 54.1
      vertex -4.87072 59.3846 55.2926
    endloop
  endfacet
  facet normal -0.0736727 0.997282 -0.000126276
    outer loop
      vertex -4.31183 59.4259 55.6161
      vertex -2.92443 59.5282 54.1
      vertex -4.57004 59.4068 55.4175
    endloop
  endfacet
  facet normal -0.0735146 0.997294 1.91405e-05
    outer loop
      vertex -4.1137 59.4405 55.875
      vertex -2.92443 59.5282 54.1
      vertex -4.31183 59.4259 55.6161
    endloop
  endfacet
  facet normal -0.0722488 0.997386 0.000871831
    outer loop
      vertex -4.09948 59.4415 55.9094
      vertex -2.92443 59.5282 54.1
      vertex -4.1137 59.4405 55.875
    endloop
  endfacet
  facet normal -0.0737917 0.997274 -0.000135561
    outer loop
      vertex -3.98915 59.4497 56.1765
      vertex -2.92443 59.5282 54.1
      vertex -4.09948 59.4415 55.9094
    endloop
  endfacet
  facet normal -0.0731328 0.997322 0.000204134
    outer loop
      vertex -3.95153 59.4524 56.463
      vertex -2.92443 59.5282 54.1
      vertex -3.98915 59.4497 56.1765
    endloop
  endfacet
  facet normal -0.0734482 0.997299 3.64715e-05
    outer loop
      vertex -5.47992 59.3397 57.7122
      vertex -5.84182 59.313 59
      vertex -5.1934 59.3608 57.75
    endloop
  endfacet
  facet normal -0.0744291 0.997226 -0.000240677
    outer loop
      vertex -5.51608 59.337 57.7074
      vertex -5.84182 59.313 59
      vertex -5.47992 59.3397 57.7122
    endloop
  endfacet
  facet normal -0.0713445 0.997452 0.000540836
    outer loop
      vertex -5.54974 59.3346 57.6934
      vertex -5.84182 59.313 59
      vertex -5.51608 59.337 57.7074
    endloop
  endfacet
  facet normal -0.073592 0.997288 3.57191e-05
    outer loop
      vertex -5.81676 59.3149 57.5825
      vertex -5.84182 59.313 59
      vertex -5.54974 59.3346 57.6934
    endloop
  endfacet
  facet normal -0.0756011 0.997138 0
    outer loop
      vertex -5.84182 59.313 59
      vertex -5.81676 59.3149 57.5825
      vertex -5.84182 59.313 57.5633
    endloop
  endfacet
  facet normal -0.0741843 0.997244 0.000377634
    outer loop
      vertex -5.15708 59.3635 55.2548
      vertex -5.84182 59.313 54.1
      vertex -5.1934 59.3608 55.25
    endloop
  endfacet
  facet normal -0.0734486 0.997299 -3.94234e-05
    outer loop
      vertex -5.1934 59.3608 55.25
      vertex -5.84182 59.313 54.1
      vertex -5.47992 59.3397 55.2878
    endloop
  endfacet
  facet normal -0.0744265 0.997226 0.000260152
    outer loop
      vertex -5.47992 59.3397 55.2878
      vertex -5.84182 59.313 54.1
      vertex -5.51608 59.337 55.2926
    endloop
  endfacet
  facet normal -0.0713613 0.99745 -0.000581558
    outer loop
      vertex -5.51608 59.337 55.2926
      vertex -5.84182 59.313 54.1
      vertex -5.54974 59.3346 55.3066
    endloop
  endfacet
  facet normal -0.0756011 0.997138 0
    outer loop
      vertex -5.81676 59.3149 55.4175
      vertex -5.84182 59.313 54.1
      vertex -5.84182 59.313 55.4367
    endloop
  endfacet
  facet normal -0.0735931 0.997288 -3.8409e-05
    outer loop
      vertex -5.54974 59.3346 55.3066
      vertex -5.84182 59.313 54.1
      vertex -5.81676 59.3149 55.4175
    endloop
  endfacet
  facet normal -0.534983 0.844863 0
    outer loop
      vertex -30.6405 51.1206 54.1
      vertex -33.112 49.5556 59
      vertex -30.6405 51.1206 59
    endloop
  endfacet
  facet normal -0.534983 0.844863 0
    outer loop
      vertex -33.112 49.5556 59
      vertex -30.6405 51.1206 54.1
      vertex -33.112 49.5556 54.1
    endloop
  endfacet
  facet normal -0.405218 0.91422 0
    outer loop
      vertex -22.8079 55.0632 54.1
      vertex -25.4823 53.8778 59
      vertex -22.8079 55.0632 59
    endloop
  endfacet
  facet normal -0.405218 0.91422 0
    outer loop
      vertex -25.4823 53.8778 59
      vertex -22.8079 55.0632 54.1
      vertex -25.4823 53.8778 54.1
    endloop
  endfacet
  facet normal -0.170955 0.985279 0
    outer loop
      vertex -8.74514 58.9549 54.1
      vertex -11.6274 58.4548 59
      vertex -8.74514 58.9549 59
    endloop
  endfacet
  facet normal -0.170955 0.985279 0
    outer loop
      vertex -11.6274 58.4548 59
      vertex -8.74514 58.9549 54.1
      vertex -11.6274 58.4548 54.1
    endloop
  endfacet
  facet normal -0.96377 0.266734 0
    outer loop
      vertex -57.8139 14.4816 54.1
      vertex -57.0336 17.301 59
      vertex -57.0336 17.301 54.1
    endloop
  endfacet
  facet normal -0.96377 0.266734 0
    outer loop
      vertex -57.0336 17.301 59
      vertex -57.8139 14.4816 54.1
      vertex -57.8139 14.4816 59
    endloop
  endfacet
  facet normal -0.575802 0.817589 0
    outer loop
      vertex -33.112 49.5556 54.1
      vertex -35.5037 47.8712 59
      vertex -33.112 49.5556 59
    endloop
  endfacet
  facet normal -0.575802 0.817589 0
    outer loop
      vertex -35.5037 47.8712 59
      vertex -33.112 49.5556 54.1
      vertex -35.5037 47.8712 54.1
    endloop
  endfacet
  facet normal -0.449632 0.893214 0
    outer loop
      vertex -25.4823 53.8778 54.1
      vertex -28.0952 52.5625 59
      vertex -25.4823 53.8778 59
    endloop
  endfacet
  facet normal -0.449632 0.893214 0
    outer loop
      vertex -28.0952 52.5625 59
      vertex -25.4823 53.8778 54.1
      vertex -28.0952 52.5625 54.1
    endloop
  endfacet
  facet normal -0.4929 0.870086 0
    outer loop
      vertex -28.0952 52.5625 54.1
      vertex -30.6405 51.1206 59
      vertex -28.0952 52.5625 59
    endloop
  endfacet
  facet normal -0.4929 0.870086 0
    outer loop
      vertex -30.6405 51.1206 59
      vertex -28.0952 52.5625 54.1
      vertex -30.6405 51.1206 54.1
    endloop
  endfacet
  facet normal 0.98528 -0.170946 0
    outer loop
      vertex 61.7895 -12.2907 54.1
      vertex 62.3181 -9.24402 49.9
      vertex 62.3181 -9.24402 54.1
    endloop
  endfacet
  facet normal 0.98528 -0.170946 0
    outer loop
      vertex 62.3181 -9.24402 49.9
      vertex 61.7895 -12.2907 54.1
      vertex 61.7895 -12.2907 49.9
    endloop
  endfacet
  facet normal 0.0735722 0.99729 -0
    outer loop
      vertex 6.17508 62.6966 49.9
      vertex 3.09126 62.9241 54.1
      vertex 6.17508 62.6966 54.1
    endloop
  endfacet
  facet normal 0.0735722 0.99729 0
    outer loop
      vertex 3.09126 62.9241 54.1
      vertex 6.17508 62.6966 49.9
      vertex 3.09126 62.9241 49.9
    endloop
  endfacet
  facet normal -0.757194 0.65319 0
    outer loop
      vertex -48.6997 39.9668 49.9
      vertex -46.6799 42.3082 54.1
      vertex -46.6799 42.3082 49.9
    endloop
  endfacet
  facet normal -0.757194 0.65319 0
    outer loop
      vertex -46.6799 42.3082 54.1
      vertex -48.6997 39.9668 49.9
      vertex -48.6997 39.9668 54.1
    endloop
  endfacet
  facet normal -0.788346 -0.615232 0
    outer loop
      vertex -48.6997 -39.9668 49.9
      vertex -50.6021 -37.5291 54.1
      vertex -50.6021 -37.5291 49.9
    endloop
  endfacet
  facet normal -0.788346 -0.615232 0
    outer loop
      vertex -50.6021 -37.5291 54.1
      vertex -48.6997 -39.9668 49.9
      vertex -48.6997 -39.9668 54.1
    endloop
  endfacet
  facet normal 0.870094 0.492886 0
    outer loop
      vertex 55.561 29.698 54.1
      vertex 54.0369 32.3885 49.9
      vertex 54.0369 32.3885 54.1
    endloop
  endfacet
  facet normal 0.870094 0.492886 0
    outer loop
      vertex 54.0369 32.3885 49.9
      vertex 55.561 29.698 54.1
      vertex 55.561 29.698 49.9
    endloop
  endfacet
  facet normal 0.219097 0.975703 -0
    outer loop
      vertex 15.3078 61.112 49.9
      vertex 12.2907 61.7895 54.1
      vertex 15.3078 61.112 54.1
    endloop
  endfacet
  facet normal 0.219097 0.975703 0
    outer loop
      vertex 12.2907 61.7895 54.1
      vertex 15.3078 61.112 49.9
      vertex 12.2907 61.7895 49.9
    endloop
  endfacet
  facet normal 0.689544 0.724244 -0
    outer loop
      vertex 44.5477 44.5477 49.9
      vertex 42.3082 46.6799 54.1
      vertex 44.5477 44.5477 54.1
    endloop
  endfacet
  facet normal 0.689544 0.724244 0
    outer loop
      vertex 42.3082 46.6799 54.1
      vertex 44.5477 44.5477 49.9
      vertex 42.3082 46.6799 49.9
    endloop
  endfacet
  facet normal 0.999699 0.0245457 0
    outer loop
      vertex 63 0 54.1
      vertex 62.9241 3.09126 49.9
      vertex 62.9241 3.09126 54.1
    endloop
  endfacet
  facet normal 0.999699 0.0245457 0
    outer loop
      vertex 62.9241 3.09126 49.9
      vertex 63 0 54.1
      vertex 63 0 49.9
    endloop
  endfacet
  facet normal -0.359904 0.932989 0
    outer loop
      vertex -21.2241 59.3173 49.9
      vertex -24.1091 58.2044 54.1
      vertex -21.2241 59.3173 54.1
    endloop
  endfacet
  facet normal -0.359904 0.932989 0
    outer loop
      vertex -24.1091 58.2044 54.1
      vertex -21.2241 59.3173 49.9
      vertex -24.1091 58.2044 49.9
    endloop
  endfacet
  facet normal -0.535001 0.844851 0
    outer loop
      vertex -32.3885 54.0369 49.9
      vertex -35.0009 52.3826 54.1
      vertex -32.3885 54.0369 54.1
    endloop
  endfacet
  facet normal -0.535001 0.844851 0
    outer loop
      vertex -35.0009 52.3826 54.1
      vertex -32.3885 54.0369 49.9
      vertex -35.0009 52.3826 49.9
    endloop
  endfacet
  facet normal -0.975703 0.219097 0
    outer loop
      vertex -61.7895 12.2907 49.9
      vertex -61.112 15.3078 54.1
      vertex -61.112 15.3078 49.9
    endloop
  endfacet
  facet normal -0.975703 0.219097 0
    outer loop
      vertex -61.112 15.3078 54.1
      vertex -61.7895 12.2907 49.9
      vertex -61.7895 12.2907 54.1
    endloop
  endfacet
  facet normal 0.949537 -0.313656 0
    outer loop
      vertex 59.3173 -21.2241 54.1
      vertex 60.2872 -18.2879 49.9
      vertex 60.2872 -18.2879 54.1
    endloop
  endfacet
  facet normal 0.949537 -0.313656 0
    outer loop
      vertex 60.2872 -18.2879 49.9
      vertex 59.3173 -21.2241 54.1
      vertex 59.3173 -21.2241 49.9
    endloop
  endfacet
  facet normal 0.844851 -0.535001 0
    outer loop
      vertex 52.3826 -35.0009 54.1
      vertex 54.0369 -32.3885 49.9
      vertex 54.0369 -32.3885 54.1
    endloop
  endfacet
  facet normal 0.844851 -0.535001 0
    outer loop
      vertex 54.0369 -32.3885 49.9
      vertex 52.3826 -35.0009 54.1
      vertex 52.3826 -35.0009 49.9
    endloop
  endfacet
  facet normal 0.313656 -0.949537 0
    outer loop
      vertex 18.2879 -60.2872 49.9
      vertex 21.2241 -59.3173 54.1
      vertex 18.2879 -60.2872 54.1
    endloop
  endfacet
  facet normal 0.313656 -0.949537 0
    outer loop
      vertex 21.2241 -59.3173 54.1
      vertex 18.2879 -60.2872 49.9
      vertex 21.2241 -59.3173 49.9
    endloop
  endfacet
  facet normal 0.266741 -0.963768 0
    outer loop
      vertex 15.3078 -61.112 49.9
      vertex 18.2879 -60.2872 54.1
      vertex 15.3078 -61.112 54.1
    endloop
  endfacet
  facet normal 0.266741 -0.963768 0
    outer loop
      vertex 18.2879 -60.2872 54.1
      vertex 15.3078 -61.112 49.9
      vertex 18.2879 -60.2872 49.9
    endloop
  endfacet
  facet normal 0.615232 -0.788346 0
    outer loop
      vertex 37.5291 -50.6021 49.9
      vertex 39.9668 -48.6997 54.1
      vertex 37.5291 -50.6021 54.1
    endloop
  endfacet
  facet normal 0.615232 -0.788346 0
    outer loop
      vertex 39.9668 -48.6997 54.1
      vertex 37.5291 -50.6021 49.9
      vertex 39.9668 -48.6997 49.9
    endloop
  endfacet
  facet normal -0.949537 -0.313656 0
    outer loop
      vertex -59.3173 -21.2241 49.9
      vertex -60.2872 -18.2879 54.1
      vertex -60.2872 -18.2879 49.9
    endloop
  endfacet
  facet normal -0.949537 -0.313656 0
    outer loop
      vertex -60.2872 -18.2879 54.1
      vertex -59.3173 -21.2241 49.9
      vertex -59.3173 -21.2241 54.1
    endloop
  endfacet
  facet normal -0.870094 -0.492886 0
    outer loop
      vertex -54.0369 -32.3885 49.9
      vertex -55.561 -29.698 54.1
      vertex -55.561 -29.698 49.9
    endloop
  endfacet
  facet normal -0.870094 -0.492886 0
    outer loop
      vertex -55.561 -29.698 54.1
      vertex -54.0369 -32.3885 49.9
      vertex -54.0369 -32.3885 54.1
    endloop
  endfacet
  facet normal -0.963768 -0.266741 0
    outer loop
      vertex -60.2872 -18.2879 49.9
      vertex -61.112 -15.3078 54.1
      vertex -61.112 -15.3078 49.9
    endloop
  endfacet
  facet normal -0.963768 -0.266741 0
    outer loop
      vertex -61.112 -15.3078 54.1
      vertex -60.2872 -18.2879 49.9
      vertex -60.2872 -18.2879 54.1
    endloop
  endfacet
  facet normal -0.449618 -0.893221 0
    outer loop
      vertex -29.698 -55.561 49.9
      vertex -26.936 -56.9513 54.1
      vertex -29.698 -55.561 54.1
    endloop
  endfacet
  facet normal -0.449618 -0.893221 -0
    outer loop
      vertex -26.936 -56.9513 54.1
      vertex -29.698 -55.561 49.9
      vertex -26.936 -56.9513 49.9
    endloop
  endfacet
  facet normal -0.492886 -0.870094 0
    outer loop
      vertex -32.3885 -54.0369 49.9
      vertex -29.698 -55.561 54.1
      vertex -32.3885 -54.0369 54.1
    endloop
  endfacet
  facet normal -0.492886 -0.870094 -0
    outer loop
      vertex -29.698 -55.561 54.1
      vertex -32.3885 -54.0369 49.9
      vertex -29.698 -55.561 49.9
    endloop
  endfacet
  facet normal -0.122405 -0.99248 0
    outer loop
      vertex -9.24402 -62.3181 49.9
      vertex -6.17508 -62.6966 54.1
      vertex -9.24402 -62.3181 54.1
    endloop
  endfacet
  facet normal -0.122405 -0.99248 -0
    outer loop
      vertex -6.17508 -62.6966 54.1
      vertex -9.24402 -62.3181 49.9
      vertex -6.17508 -62.6966 49.9
    endloop
  endfacet
  facet normal 0.122405 0.99248 -0
    outer loop
      vertex 9.24402 62.3181 49.9
      vertex 6.17508 62.6966 54.1
      vertex 9.24402 62.3181 54.1
    endloop
  endfacet
  facet normal 0.122405 0.99248 0
    outer loop
      vertex 6.17508 62.6966 54.1
      vertex 9.24402 62.3181 49.9
      vertex 6.17508 62.6966 49.9
    endloop
  endfacet
  facet normal 0.492886 0.870094 -0
    outer loop
      vertex 32.3885 54.0369 49.9
      vertex 29.698 55.561 54.1
      vertex 32.3885 54.0369 54.1
    endloop
  endfacet
  facet normal 0.492886 0.870094 0
    outer loop
      vertex 29.698 55.561 54.1
      vertex 32.3885 54.0369 49.9
      vertex 29.698 55.561 49.9
    endloop
  endfacet
  facet normal -0.0245457 0.999699 0
    outer loop
      vertex 0 63 49.9
      vertex -3.09126 62.9241 54.1
      vertex 0 63 54.1
    endloop
  endfacet
  facet normal -0.0245457 0.999699 0
    outer loop
      vertex -3.09126 62.9241 54.1
      vertex 0 63 49.9
      vertex -3.09126 62.9241 49.9
    endloop
  endfacet
  facet normal -0.65319 0.757194 0
    outer loop
      vertex -39.9668 48.6997 49.9
      vertex -42.3082 46.6799 54.1
      vertex -39.9668 48.6997 54.1
    endloop
  endfacet
  facet normal -0.65319 0.757194 0
    outer loop
      vertex -42.3082 46.6799 54.1
      vertex -39.9668 48.6997 49.9
      vertex -42.3082 46.6799 49.9
    endloop
  endfacet
  facet normal -0.449618 0.893221 0
    outer loop
      vertex -26.936 56.9513 49.9
      vertex -29.698 55.561 54.1
      vertex -26.936 56.9513 54.1
    endloop
  endfacet
  facet normal -0.449618 0.893221 0
    outer loop
      vertex -29.698 55.561 54.1
      vertex -26.936 56.9513 49.9
      vertex -29.698 55.561 49.9
    endloop
  endfacet
  facet normal -0.0735722 0.99729 0
    outer loop
      vertex -3.09126 62.9241 49.9
      vertex -6.17508 62.6966 54.1
      vertex -3.09126 62.9241 54.1
    endloop
  endfacet
  facet normal -0.0735722 0.99729 0
    outer loop
      vertex -6.17508 62.6966 54.1
      vertex -3.09126 62.9241 49.9
      vertex -6.17508 62.6966 49.9
    endloop
  endfacet
  facet normal 0.99248 -0.122405 0
    outer loop
      vertex 62.3181 -9.24402 54.1
      vertex 62.6966 -6.17508 49.9
      vertex 62.6966 -6.17508 54.1
    endloop
  endfacet
  facet normal 0.99248 -0.122405 0
    outer loop
      vertex 62.6966 -6.17508 49.9
      vertex 62.3181 -9.24402 54.1
      vertex 62.3181 -9.24402 49.9
    endloop
  endfacet
  facet normal 0.932989 -0.359904 0
    outer loop
      vertex 58.2044 -24.1091 54.1
      vertex 59.3173 -21.2241 49.9
      vertex 59.3173 -21.2241 54.1
    endloop
  endfacet
  facet normal 0.932989 -0.359904 0
    outer loop
      vertex 59.3173 -21.2241 49.9
      vertex 58.2044 -24.1091 54.1
      vertex 58.2044 -24.1091 49.9
    endloop
  endfacet
  facet normal 0.914207 -0.405247 0
    outer loop
      vertex 56.9513 -26.936 54.1
      vertex 58.2044 -24.1091 49.9
      vertex 58.2044 -24.1091 54.1
    endloop
  endfacet
  facet normal 0.914207 -0.405247 0
    outer loop
      vertex 58.2044 -24.1091 49.9
      vertex 56.9513 -26.936 54.1
      vertex 56.9513 -26.936 49.9
    endloop
  endfacet
  facet normal 0.724244 -0.689544 0
    outer loop
      vertex 44.5477 -44.5477 54.1
      vertex 46.6799 -42.3082 49.9
      vertex 46.6799 -42.3082 54.1
    endloop
  endfacet
  facet normal 0.724244 -0.689544 0
    outer loop
      vertex 46.6799 -42.3082 49.9
      vertex 44.5477 -44.5477 54.1
      vertex 44.5477 -44.5477 49.9
    endloop
  endfacet
  facet normal 0.817594 -0.575795 0
    outer loop
      vertex 50.6021 -37.5291 54.1
      vertex 52.3826 -35.0009 49.9
      vertex 52.3826 -35.0009 54.1
    endloop
  endfacet
  facet normal 0.817594 -0.575795 0
    outer loop
      vertex 52.3826 -35.0009 49.9
      vertex 50.6021 -37.5291 54.1
      vertex 50.6021 -37.5291 49.9
    endloop
  endfacet
  facet normal 0.757194 -0.65319 0
    outer loop
      vertex 46.6799 -42.3082 54.1
      vertex 48.6997 -39.9668 49.9
      vertex 48.6997 -39.9668 54.1
    endloop
  endfacet
  facet normal 0.757194 -0.65319 0
    outer loop
      vertex 48.6997 -39.9668 49.9
      vertex 46.6799 -42.3082 54.1
      vertex 46.6799 -42.3082 49.9
    endloop
  endfacet
  facet normal 0.788346 -0.615232 0
    outer loop
      vertex 48.6997 -39.9668 54.1
      vertex 50.6021 -37.5291 49.9
      vertex 50.6021 -37.5291 54.1
    endloop
  endfacet
  facet normal 0.788346 -0.615232 0
    outer loop
      vertex 50.6021 -37.5291 49.9
      vertex 48.6997 -39.9668 54.1
      vertex 48.6997 -39.9668 49.9
    endloop
  endfacet
  facet normal 0.893221 -0.449618 0
    outer loop
      vertex 55.561 -29.698 54.1
      vertex 56.9513 -26.936 49.9
      vertex 56.9513 -26.936 54.1
    endloop
  endfacet
  facet normal 0.893221 -0.449618 0
    outer loop
      vertex 56.9513 -26.936 49.9
      vertex 55.561 -29.698 54.1
      vertex 55.561 -29.698 49.9
    endloop
  endfacet
  facet normal 0.870094 -0.492886 0
    outer loop
      vertex 54.0369 -32.3885 54.1
      vertex 55.561 -29.698 49.9
      vertex 55.561 -29.698 54.1
    endloop
  endfacet
  facet normal 0.870094 -0.492886 0
    outer loop
      vertex 55.561 -29.698 49.9
      vertex 54.0369 -32.3885 54.1
      vertex 54.0369 -32.3885 49.9
    endloop
  endfacet
  facet normal 0.0245457 -0.999699 0
    outer loop
      vertex 0 -63 49.9
      vertex 3.09126 -62.9241 54.1
      vertex 0 -63 54.1
    endloop
  endfacet
  facet normal 0.0245457 -0.999699 0
    outer loop
      vertex 3.09126 -62.9241 54.1
      vertex 0 -63 49.9
      vertex 3.09126 -62.9241 49.9
    endloop
  endfacet
  facet normal 0.359904 -0.932989 0
    outer loop
      vertex 21.2241 -59.3173 49.9
      vertex 24.1091 -58.2044 54.1
      vertex 21.2241 -59.3173 54.1
    endloop
  endfacet
  facet normal 0.359904 -0.932989 0
    outer loop
      vertex 24.1091 -58.2044 54.1
      vertex 21.2241 -59.3173 49.9
      vertex 24.1091 -58.2044 49.9
    endloop
  endfacet
  facet normal 0.170946 -0.98528 0
    outer loop
      vertex 9.24402 -62.3181 49.9
      vertex 12.2907 -61.7895 54.1
      vertex 9.24402 -62.3181 54.1
    endloop
  endfacet
  facet normal 0.170946 -0.98528 0
    outer loop
      vertex 12.2907 -61.7895 54.1
      vertex 9.24402 -62.3181 49.9
      vertex 12.2907 -61.7895 49.9
    endloop
  endfacet
  facet normal 0.0735722 -0.99729 0
    outer loop
      vertex 3.09126 -62.9241 49.9
      vertex 6.17508 -62.6966 54.1
      vertex 3.09126 -62.9241 54.1
    endloop
  endfacet
  facet normal 0.0735722 -0.99729 0
    outer loop
      vertex 6.17508 -62.6966 54.1
      vertex 3.09126 -62.9241 49.9
      vertex 6.17508 -62.6966 49.9
    endloop
  endfacet
  facet normal 0.219097 -0.975703 0
    outer loop
      vertex 12.2907 -61.7895 49.9
      vertex 15.3078 -61.112 54.1
      vertex 12.2907 -61.7895 54.1
    endloop
  endfacet
  facet normal 0.219097 -0.975703 0
    outer loop
      vertex 15.3078 -61.112 54.1
      vertex 12.2907 -61.7895 49.9
      vertex 15.3078 -61.112 49.9
    endloop
  endfacet
  facet normal 0.122405 -0.99248 0
    outer loop
      vertex 6.17508 -62.6966 49.9
      vertex 9.24402 -62.3181 54.1
      vertex 6.17508 -62.6966 54.1
    endloop
  endfacet
  facet normal 0.122405 -0.99248 0
    outer loop
      vertex 9.24402 -62.3181 54.1
      vertex 6.17508 -62.6966 49.9
      vertex 9.24402 -62.3181 49.9
    endloop
  endfacet
  facet normal 0.405247 -0.914207 0
    outer loop
      vertex 24.1091 -58.2044 49.9
      vertex 26.936 -56.9513 54.1
      vertex 24.1091 -58.2044 54.1
    endloop
  endfacet
  facet normal 0.405247 -0.914207 0
    outer loop
      vertex 26.936 -56.9513 54.1
      vertex 24.1091 -58.2044 49.9
      vertex 26.936 -56.9513 49.9
    endloop
  endfacet
  facet normal 0.535001 -0.844851 0
    outer loop
      vertex 32.3885 -54.0369 49.9
      vertex 35.0009 -52.3826 54.1
      vertex 32.3885 -54.0369 54.1
    endloop
  endfacet
  facet normal 0.535001 -0.844851 0
    outer loop
      vertex 35.0009 -52.3826 54.1
      vertex 32.3885 -54.0369 49.9
      vertex 35.0009 -52.3826 49.9
    endloop
  endfacet
  facet normal 0.449618 -0.893221 0
    outer loop
      vertex 26.936 -56.9513 49.9
      vertex 29.698 -55.561 54.1
      vertex 26.936 -56.9513 54.1
    endloop
  endfacet
  facet normal 0.449618 -0.893221 0
    outer loop
      vertex 29.698 -55.561 54.1
      vertex 26.936 -56.9513 49.9
      vertex 29.698 -55.561 49.9
    endloop
  endfacet
  facet normal 0.492886 -0.870094 0
    outer loop
      vertex 29.698 -55.561 49.9
      vertex 32.3885 -54.0369 54.1
      vertex 29.698 -55.561 54.1
    endloop
  endfacet
  facet normal 0.492886 -0.870094 0
    outer loop
      vertex 32.3885 -54.0369 54.1
      vertex 29.698 -55.561 49.9
      vertex 32.3885 -54.0369 49.9
    endloop
  endfacet
  facet normal 0.689544 -0.724244 0
    outer loop
      vertex 42.3082 -46.6799 49.9
      vertex 44.5477 -44.5477 54.1
      vertex 42.3082 -46.6799 54.1
    endloop
  endfacet
  facet normal 0.689544 -0.724244 0
    outer loop
      vertex 44.5477 -44.5477 54.1
      vertex 42.3082 -46.6799 49.9
      vertex 44.5477 -44.5477 49.9
    endloop
  endfacet
  facet normal 0.65319 -0.757194 0
    outer loop
      vertex 39.9668 -48.6997 49.9
      vertex 42.3082 -46.6799 54.1
      vertex 39.9668 -48.6997 54.1
    endloop
  endfacet
  facet normal 0.65319 -0.757194 0
    outer loop
      vertex 42.3082 -46.6799 54.1
      vertex 39.9668 -48.6997 49.9
      vertex 42.3082 -46.6799 49.9
    endloop
  endfacet
  facet normal 0.575795 -0.817594 0
    outer loop
      vertex 35.0009 -52.3826 49.9
      vertex 37.5291 -50.6021 54.1
      vertex 35.0009 -52.3826 54.1
    endloop
  endfacet
  facet normal 0.575795 -0.817594 0
    outer loop
      vertex 37.5291 -50.6021 54.1
      vertex 35.0009 -52.3826 49.9
      vertex 37.5291 -50.6021 49.9
    endloop
  endfacet
  facet normal -0.999699 -0.0245457 0
    outer loop
      vertex -62.9241 -3.09126 49.9
      vertex -63 0 54.1
      vertex -63 0 49.9
    endloop
  endfacet
  facet normal -0.999699 -0.0245457 0
    outer loop
      vertex -63 0 54.1
      vertex -62.9241 -3.09126 49.9
      vertex -62.9241 -3.09126 54.1
    endloop
  endfacet
  facet normal -0.757194 -0.65319 0
    outer loop
      vertex -46.6799 -42.3082 49.9
      vertex -48.6997 -39.9668 54.1
      vertex -48.6997 -39.9668 49.9
    endloop
  endfacet
  facet normal -0.757194 -0.65319 0
    outer loop
      vertex -48.6997 -39.9668 54.1
      vertex -46.6799 -42.3082 49.9
      vertex -46.6799 -42.3082 54.1
    endloop
  endfacet
  facet normal -0.893221 -0.449618 0
    outer loop
      vertex -55.561 -29.698 49.9
      vertex -56.9513 -26.936 54.1
      vertex -56.9513 -26.936 49.9
    endloop
  endfacet
  facet normal -0.893221 -0.449618 0
    outer loop
      vertex -56.9513 -26.936 54.1
      vertex -55.561 -29.698 49.9
      vertex -55.561 -29.698 54.1
    endloop
  endfacet
  facet normal -0.914207 -0.405247 0
    outer loop
      vertex -56.9513 -26.936 49.9
      vertex -58.2044 -24.1091 54.1
      vertex -58.2044 -24.1091 49.9
    endloop
  endfacet
  facet normal -0.914207 -0.405247 0
    outer loop
      vertex -58.2044 -24.1091 54.1
      vertex -56.9513 -26.936 49.9
      vertex -56.9513 -26.936 54.1
    endloop
  endfacet
  facet normal -0.932989 -0.359904 0
    outer loop
      vertex -58.2044 -24.1091 49.9
      vertex -59.3173 -21.2241 54.1
      vertex -59.3173 -21.2241 49.9
    endloop
  endfacet
  facet normal -0.932989 -0.359904 0
    outer loop
      vertex -59.3173 -21.2241 54.1
      vertex -58.2044 -24.1091 49.9
      vertex -58.2044 -24.1091 54.1
    endloop
  endfacet
  facet normal -0.98528 -0.170946 0
    outer loop
      vertex -61.7895 -12.2907 49.9
      vertex -62.3181 -9.24402 54.1
      vertex -62.3181 -9.24402 49.9
    endloop
  endfacet
  facet normal -0.98528 -0.170946 0
    outer loop
      vertex -62.3181 -9.24402 54.1
      vertex -61.7895 -12.2907 49.9
      vertex -61.7895 -12.2907 54.1
    endloop
  endfacet
  facet normal -0.99729 -0.0735722 0
    outer loop
      vertex -62.6966 -6.17508 49.9
      vertex -62.9241 -3.09126 54.1
      vertex -62.9241 -3.09126 49.9
    endloop
  endfacet
  facet normal -0.99729 -0.0735722 0
    outer loop
      vertex -62.9241 -3.09126 54.1
      vertex -62.6966 -6.17508 49.9
      vertex -62.6966 -6.17508 54.1
    endloop
  endfacet
  facet normal -0.975703 -0.219097 0
    outer loop
      vertex -61.112 -15.3078 49.9
      vertex -61.7895 -12.2907 54.1
      vertex -61.7895 -12.2907 49.9
    endloop
  endfacet
  facet normal -0.975703 -0.219097 0
    outer loop
      vertex -61.7895 -12.2907 54.1
      vertex -61.112 -15.3078 49.9
      vertex -61.112 -15.3078 54.1
    endloop
  endfacet
  facet normal -0.99248 -0.122405 0
    outer loop
      vertex -62.3181 -9.24402 49.9
      vertex -62.6966 -6.17508 54.1
      vertex -62.6966 -6.17508 49.9
    endloop
  endfacet
  facet normal -0.99248 -0.122405 0
    outer loop
      vertex -62.6966 -6.17508 54.1
      vertex -62.3181 -9.24402 49.9
      vertex -62.3181 -9.24402 54.1
    endloop
  endfacet
  facet normal -0.689544 -0.724244 0
    outer loop
      vertex -44.5477 -44.5477 49.9
      vertex -42.3082 -46.6799 54.1
      vertex -44.5477 -44.5477 54.1
    endloop
  endfacet
  facet normal -0.689544 -0.724244 -0
    outer loop
      vertex -42.3082 -46.6799 54.1
      vertex -44.5477 -44.5477 49.9
      vertex -42.3082 -46.6799 49.9
    endloop
  endfacet
  facet normal -0.575795 -0.817594 0
    outer loop
      vertex -37.5291 -50.6021 49.9
      vertex -35.0009 -52.3826 54.1
      vertex -37.5291 -50.6021 54.1
    endloop
  endfacet
  facet normal -0.575795 -0.817594 -0
    outer loop
      vertex -35.0009 -52.3826 54.1
      vertex -37.5291 -50.6021 49.9
      vertex -35.0009 -52.3826 49.9
    endloop
  endfacet
  facet normal -0.65319 -0.757194 0
    outer loop
      vertex -42.3082 -46.6799 49.9
      vertex -39.9668 -48.6997 54.1
      vertex -42.3082 -46.6799 54.1
    endloop
  endfacet
  facet normal -0.65319 -0.757194 -0
    outer loop
      vertex -39.9668 -48.6997 54.1
      vertex -42.3082 -46.6799 49.9
      vertex -39.9668 -48.6997 49.9
    endloop
  endfacet
  facet normal -0.535001 -0.844851 0
    outer loop
      vertex -35.0009 -52.3826 49.9
      vertex -32.3885 -54.0369 54.1
      vertex -35.0009 -52.3826 54.1
    endloop
  endfacet
  facet normal -0.535001 -0.844851 -0
    outer loop
      vertex -32.3885 -54.0369 54.1
      vertex -35.0009 -52.3826 49.9
      vertex -32.3885 -54.0369 49.9
    endloop
  endfacet
  facet normal -0.615232 -0.788346 0
    outer loop
      vertex -39.9668 -48.6997 49.9
      vertex -37.5291 -50.6021 54.1
      vertex -39.9668 -48.6997 54.1
    endloop
  endfacet
  facet normal -0.615232 -0.788346 -0
    outer loop
      vertex -37.5291 -50.6021 54.1
      vertex -39.9668 -48.6997 49.9
      vertex -37.5291 -50.6021 49.9
    endloop
  endfacet
  facet normal -0.359904 -0.932989 0
    outer loop
      vertex -24.1091 -58.2044 49.9
      vertex -21.2241 -59.3173 54.1
      vertex -24.1091 -58.2044 54.1
    endloop
  endfacet
  facet normal -0.359904 -0.932989 -0
    outer loop
      vertex -21.2241 -59.3173 54.1
      vertex -24.1091 -58.2044 49.9
      vertex -21.2241 -59.3173 49.9
    endloop
  endfacet
  facet normal -0.219097 -0.975703 0
    outer loop
      vertex -15.3078 -61.112 49.9
      vertex -12.2907 -61.7895 54.1
      vertex -15.3078 -61.112 54.1
    endloop
  endfacet
  facet normal -0.219097 -0.975703 -0
    outer loop
      vertex -12.2907 -61.7895 54.1
      vertex -15.3078 -61.112 49.9
      vertex -12.2907 -61.7895 49.9
    endloop
  endfacet
  facet normal -0.313656 -0.949537 0
    outer loop
      vertex -21.2241 -59.3173 49.9
      vertex -18.2879 -60.2872 54.1
      vertex -21.2241 -59.3173 54.1
    endloop
  endfacet
  facet normal -0.313656 -0.949537 -0
    outer loop
      vertex -18.2879 -60.2872 54.1
      vertex -21.2241 -59.3173 49.9
      vertex -18.2879 -60.2872 49.9
    endloop
  endfacet
  facet normal -0.266741 -0.963768 0
    outer loop
      vertex -18.2879 -60.2872 49.9
      vertex -15.3078 -61.112 54.1
      vertex -18.2879 -60.2872 54.1
    endloop
  endfacet
  facet normal -0.266741 -0.963768 -0
    outer loop
      vertex -15.3078 -61.112 54.1
      vertex -18.2879 -60.2872 49.9
      vertex -15.3078 -61.112 49.9
    endloop
  endfacet
  facet normal -0.0245457 -0.999699 0
    outer loop
      vertex -3.09126 -62.9241 49.9
      vertex 0 -63 54.1
      vertex -3.09126 -62.9241 54.1
    endloop
  endfacet
  facet normal -0.0245457 -0.999699 -0
    outer loop
      vertex 0 -63 54.1
      vertex -3.09126 -62.9241 49.9
      vertex 0 -63 49.9
    endloop
  endfacet
  facet normal -0.0735722 -0.99729 0
    outer loop
      vertex -6.17508 -62.6966 49.9
      vertex -3.09126 -62.9241 54.1
      vertex -6.17508 -62.6966 54.1
    endloop
  endfacet
  facet normal -0.0735722 -0.99729 -0
    outer loop
      vertex -3.09126 -62.9241 54.1
      vertex -6.17508 -62.6966 49.9
      vertex -3.09126 -62.9241 49.9
    endloop
  endfacet
  facet normal -0.170946 -0.98528 0
    outer loop
      vertex -12.2907 -61.7895 49.9
      vertex -9.24402 -62.3181 54.1
      vertex -12.2907 -61.7895 54.1
    endloop
  endfacet
  facet normal -0.170946 -0.98528 -0
    outer loop
      vertex -9.24402 -62.3181 54.1
      vertex -12.2907 -61.7895 49.9
      vertex -9.24402 -62.3181 49.9
    endloop
  endfacet
  facet normal 0.999699 -0.0245457 0
    outer loop
      vertex 62.9241 -3.09126 54.1
      vertex 63 0 49.9
      vertex 63 0 54.1
    endloop
  endfacet
  facet normal 0.999699 -0.0245457 0
    outer loop
      vertex 63 0 49.9
      vertex 62.9241 -3.09126 54.1
      vertex 62.9241 -3.09126 49.9
    endloop
  endfacet
  facet normal 0.0245457 0.999699 -0
    outer loop
      vertex 3.09126 62.9241 49.9
      vertex 0 63 54.1
      vertex 3.09126 62.9241 54.1
    endloop
  endfacet
  facet normal 0.0245457 0.999699 0
    outer loop
      vertex 0 63 54.1
      vertex 3.09126 62.9241 49.9
      vertex 0 63 49.9
    endloop
  endfacet
  facet normal 0.313656 0.949537 -0
    outer loop
      vertex 21.2241 59.3173 49.9
      vertex 18.2879 60.2872 54.1
      vertex 21.2241 59.3173 54.1
    endloop
  endfacet
  facet normal 0.313656 0.949537 0
    outer loop
      vertex 18.2879 60.2872 54.1
      vertex 21.2241 59.3173 49.9
      vertex 18.2879 60.2872 49.9
    endloop
  endfacet
  facet normal 0.359904 0.932989 -0
    outer loop
      vertex 24.1091 58.2044 49.9
      vertex 21.2241 59.3173 54.1
      vertex 24.1091 58.2044 54.1
    endloop
  endfacet
  facet normal 0.359904 0.932989 0
    outer loop
      vertex 21.2241 59.3173 54.1
      vertex 24.1091 58.2044 49.9
      vertex 21.2241 59.3173 49.9
    endloop
  endfacet
  facet normal 0.266741 0.963768 -0
    outer loop
      vertex 18.2879 60.2872 49.9
      vertex 15.3078 61.112 54.1
      vertex 18.2879 60.2872 54.1
    endloop
  endfacet
  facet normal 0.266741 0.963768 0
    outer loop
      vertex 15.3078 61.112 54.1
      vertex 18.2879 60.2872 49.9
      vertex 15.3078 61.112 49.9
    endloop
  endfacet
  facet normal 0.575795 0.817594 -0
    outer loop
      vertex 37.5291 50.6021 49.9
      vertex 35.0009 52.3826 54.1
      vertex 37.5291 50.6021 54.1
    endloop
  endfacet
  facet normal 0.575795 0.817594 0
    outer loop
      vertex 35.0009 52.3826 54.1
      vertex 37.5291 50.6021 49.9
      vertex 35.0009 52.3826 49.9
    endloop
  endfacet
  facet normal 0.65319 0.757194 -0
    outer loop
      vertex 42.3082 46.6799 49.9
      vertex 39.9668 48.6997 54.1
      vertex 42.3082 46.6799 54.1
    endloop
  endfacet
  facet normal 0.65319 0.757194 0
    outer loop
      vertex 39.9668 48.6997 54.1
      vertex 42.3082 46.6799 49.9
      vertex 39.9668 48.6997 49.9
    endloop
  endfacet
  facet normal 0.615232 0.788346 -0
    outer loop
      vertex 39.9668 48.6997 49.9
      vertex 37.5291 50.6021 54.1
      vertex 39.9668 48.6997 54.1
    endloop
  endfacet
  facet normal 0.615232 0.788346 0
    outer loop
      vertex 37.5291 50.6021 54.1
      vertex 39.9668 48.6997 49.9
      vertex 37.5291 50.6021 49.9
    endloop
  endfacet
  facet normal 0.405247 0.914207 -0
    outer loop
      vertex 26.936 56.9513 49.9
      vertex 24.1091 58.2044 54.1
      vertex 26.936 56.9513 54.1
    endloop
  endfacet
  facet normal 0.405247 0.914207 0
    outer loop
      vertex 24.1091 58.2044 54.1
      vertex 26.936 56.9513 49.9
      vertex 24.1091 58.2044 49.9
    endloop
  endfacet
  facet normal 0.724244 0.689544 0
    outer loop
      vertex 46.6799 42.3082 54.1
      vertex 44.5477 44.5477 49.9
      vertex 44.5477 44.5477 54.1
    endloop
  endfacet
  facet normal 0.724244 0.689544 0
    outer loop
      vertex 44.5477 44.5477 49.9
      vertex 46.6799 42.3082 54.1
      vertex 46.6799 42.3082 49.9
    endloop
  endfacet
  facet normal 0.914207 0.405247 0
    outer loop
      vertex 58.2044 24.1091 54.1
      vertex 56.9513 26.936 49.9
      vertex 56.9513 26.936 54.1
    endloop
  endfacet
  facet normal 0.914207 0.405247 0
    outer loop
      vertex 56.9513 26.936 49.9
      vertex 58.2044 24.1091 54.1
      vertex 58.2044 24.1091 49.9
    endloop
  endfacet
  facet normal 0.932989 0.359904 0
    outer loop
      vertex 59.3173 21.2241 54.1
      vertex 58.2044 24.1091 49.9
      vertex 58.2044 24.1091 54.1
    endloop
  endfacet
  facet normal 0.932989 0.359904 0
    outer loop
      vertex 58.2044 24.1091 49.9
      vertex 59.3173 21.2241 54.1
      vertex 59.3173 21.2241 49.9
    endloop
  endfacet
  facet normal 0.949537 0.313656 0
    outer loop
      vertex 60.2872 18.2879 54.1
      vertex 59.3173 21.2241 49.9
      vertex 59.3173 21.2241 54.1
    endloop
  endfacet
  facet normal 0.949537 0.313656 0
    outer loop
      vertex 59.3173 21.2241 49.9
      vertex 60.2872 18.2879 54.1
      vertex 60.2872 18.2879 49.9
    endloop
  endfacet
  facet normal 0.963768 0.266741 0
    outer loop
      vertex 61.112 15.3078 54.1
      vertex 60.2872 18.2879 49.9
      vertex 60.2872 18.2879 54.1
    endloop
  endfacet
  facet normal 0.963768 0.266741 0
    outer loop
      vertex 60.2872 18.2879 49.9
      vertex 61.112 15.3078 54.1
      vertex 61.112 15.3078 49.9
    endloop
  endfacet
  facet normal 0.975703 0.219097 0
    outer loop
      vertex 61.7895 12.2907 54.1
      vertex 61.112 15.3078 49.9
      vertex 61.112 15.3078 54.1
    endloop
  endfacet
  facet normal 0.975703 0.219097 0
    outer loop
      vertex 61.112 15.3078 49.9
      vertex 61.7895 12.2907 54.1
      vertex 61.7895 12.2907 49.9
    endloop
  endfacet
  facet normal 0.99248 0.122405 0
    outer loop
      vertex 62.6966 6.17508 54.1
      vertex 62.3181 9.24402 49.9
      vertex 62.3181 9.24402 54.1
    endloop
  endfacet
  facet normal 0.99248 0.122405 0
    outer loop
      vertex 62.3181 9.24402 49.9
      vertex 62.6966 6.17508 54.1
      vertex 62.6966 6.17508 49.9
    endloop
  endfacet
  facet normal -0.689544 0.724244 0
    outer loop
      vertex -42.3082 46.6799 49.9
      vertex -44.5477 44.5477 54.1
      vertex -42.3082 46.6799 54.1
    endloop
  endfacet
  facet normal -0.689544 0.724244 0
    outer loop
      vertex -44.5477 44.5477 54.1
      vertex -42.3082 46.6799 49.9
      vertex -44.5477 44.5477 49.9
    endloop
  endfacet
  facet normal -0.405247 0.914207 0
    outer loop
      vertex -24.1091 58.2044 49.9
      vertex -26.936 56.9513 54.1
      vertex -24.1091 58.2044 54.1
    endloop
  endfacet
  facet normal -0.405247 0.914207 0
    outer loop
      vertex -26.936 56.9513 54.1
      vertex -24.1091 58.2044 49.9
      vertex -26.936 56.9513 49.9
    endloop
  endfacet
  facet normal -0.266741 0.963768 0
    outer loop
      vertex -15.3078 61.112 49.9
      vertex -18.2879 60.2872 54.1
      vertex -15.3078 61.112 54.1
    endloop
  endfacet
  facet normal -0.266741 0.963768 0
    outer loop
      vertex -18.2879 60.2872 54.1
      vertex -15.3078 61.112 49.9
      vertex -18.2879 60.2872 49.9
    endloop
  endfacet
  facet normal -0.170946 0.98528 0
    outer loop
      vertex -9.24402 62.3181 49.9
      vertex -12.2907 61.7895 54.1
      vertex -9.24402 62.3181 54.1
    endloop
  endfacet
  facet normal -0.170946 0.98528 0
    outer loop
      vertex -12.2907 61.7895 54.1
      vertex -9.24402 62.3181 49.9
      vertex -12.2907 61.7895 49.9
    endloop
  endfacet
  facet normal -0.615232 0.788346 0
    outer loop
      vertex -37.5291 50.6021 49.9
      vertex -39.9668 48.6997 54.1
      vertex -37.5291 50.6021 54.1
    endloop
  endfacet
  facet normal -0.615232 0.788346 0
    outer loop
      vertex -39.9668 48.6997 54.1
      vertex -37.5291 50.6021 49.9
      vertex -39.9668 48.6997 49.9
    endloop
  endfacet
  facet normal -0.575795 0.817594 0
    outer loop
      vertex -35.0009 52.3826 49.9
      vertex -37.5291 50.6021 54.1
      vertex -35.0009 52.3826 54.1
    endloop
  endfacet
  facet normal -0.575795 0.817594 0
    outer loop
      vertex -37.5291 50.6021 54.1
      vertex -35.0009 52.3826 49.9
      vertex -37.5291 50.6021 49.9
    endloop
  endfacet
  facet normal -0.724244 0.689544 0
    outer loop
      vertex -46.6799 42.3082 49.9
      vertex -44.5477 44.5477 54.1
      vertex -44.5477 44.5477 49.9
    endloop
  endfacet
  facet normal -0.724244 0.689544 0
    outer loop
      vertex -44.5477 44.5477 54.1
      vertex -46.6799 42.3082 49.9
      vertex -46.6799 42.3082 54.1
    endloop
  endfacet
  facet normal -0.817594 0.575795 0
    outer loop
      vertex -52.3826 35.0009 49.9
      vertex -50.6021 37.5291 54.1
      vertex -50.6021 37.5291 49.9
    endloop
  endfacet
  facet normal -0.817594 0.575795 0
    outer loop
      vertex -50.6021 37.5291 54.1
      vertex -52.3826 35.0009 49.9
      vertex -52.3826 35.0009 54.1
    endloop
  endfacet
  facet normal -0.870094 0.492886 0
    outer loop
      vertex -55.561 29.698 49.9
      vertex -54.0369 32.3885 54.1
      vertex -54.0369 32.3885 49.9
    endloop
  endfacet
  facet normal -0.870094 0.492886 0
    outer loop
      vertex -54.0369 32.3885 54.1
      vertex -55.561 29.698 49.9
      vertex -55.561 29.698 54.1
    endloop
  endfacet
  facet normal -0.914207 0.405247 0
    outer loop
      vertex -58.2044 24.1091 49.9
      vertex -56.9513 26.936 54.1
      vertex -56.9513 26.936 49.9
    endloop
  endfacet
  facet normal -0.914207 0.405247 0
    outer loop
      vertex -56.9513 26.936 54.1
      vertex -58.2044 24.1091 49.9
      vertex -58.2044 24.1091 54.1
    endloop
  endfacet
  facet normal -0.844851 0.535001 0
    outer loop
      vertex -54.0369 32.3885 49.9
      vertex -52.3826 35.0009 54.1
      vertex -52.3826 35.0009 49.9
    endloop
  endfacet
  facet normal -0.844851 0.535001 0
    outer loop
      vertex -52.3826 35.0009 54.1
      vertex -54.0369 32.3885 49.9
      vertex -54.0369 32.3885 54.1
    endloop
  endfacet
  facet normal -0.99248 0.122405 0
    outer loop
      vertex -62.6966 6.17508 49.9
      vertex -62.3181 9.24402 54.1
      vertex -62.3181 9.24402 49.9
    endloop
  endfacet
  facet normal -0.99248 0.122405 0
    outer loop
      vertex -62.3181 9.24402 54.1
      vertex -62.6966 6.17508 49.9
      vertex -62.6966 6.17508 54.1
    endloop
  endfacet
  facet normal -0.999699 0.0245457 0
    outer loop
      vertex -63 0 49.9
      vertex -62.9241 3.09126 54.1
      vertex -62.9241 3.09126 49.9
    endloop
  endfacet
  facet normal -0.999699 0.0245457 0
    outer loop
      vertex -62.9241 3.09126 54.1
      vertex -63 0 49.9
      vertex -63 0 54.1
    endloop
  endfacet
  facet normal 0 0 1
    outer loop
      vertex 59.6 0 54.1
      vertex 63 0 54.1
      vertex 62.9241 3.09126 54.1
    endloop
  endfacet
  facet normal 0 0 1
    outer loop
      vertex 59.5282 2.92443 54.1
      vertex 62.9241 3.09126 54.1
      vertex 62.6966 6.17508 54.1
    endloop
  endfacet
  facet normal 0 0 1
    outer loop
      vertex 63 0 54.1
      vertex 59.6 0 54.1
      vertex 62.9241 -3.09126 54.1
    endloop
  endfacet
  facet normal 0 0 1
    outer loop
      vertex 59.313 5.84182 54.1
      vertex 62.6966 6.17508 54.1
      vertex 62.3181 9.24402 54.1
    endloop
  endfacet
  facet normal -0 0 1
    outer loop
      vertex 59.5282 -2.92443 54.1
      vertex 62.9241 -3.09126 54.1
      vertex 59.6 0 54.1
    endloop
  endfacet
  facet normal 0 0 1
    outer loop
      vertex 58.9549 8.74514 54.1
      vertex 62.3181 9.24402 54.1
      vertex 61.7895 12.2907 54.1
    endloop
  endfacet
  facet normal 0 0 1
    outer loop
      vertex 62.9241 -3.09126 54.1
      vertex 59.5282 -2.92443 54.1
      vertex 62.6966 -6.17508 54.1
    endloop
  endfacet
  facet normal 0 0 1
    outer loop
      vertex 58.4548 11.6274 54.1
      vertex 61.7895 12.2907 54.1
      vertex 61.112 15.3078 54.1
    endloop
  endfacet
  facet normal -0 0 1
    outer loop
      vertex 59.313 -5.84182 54.1
      vertex 62.6966 -6.17508 54.1
      vertex 59.5282 -2.92443 54.1
    endloop
  endfacet
  facet normal 0 0 1
    outer loop
      vertex 57.8139 14.4816 54.1
      vertex 61.112 15.3078 54.1
      vertex 60.2872 18.2879 54.1
    endloop
  endfacet
  facet normal 0 0 1
    outer loop
      vertex 62.6966 -6.17508 54.1
      vertex 59.313 -5.84182 54.1
      vertex 62.3181 -9.24402 54.1
    endloop
  endfacet
  facet normal -0 0 1
    outer loop
      vertex 58.9549 -8.74514 54.1
      vertex 62.3181 -9.24402 54.1
      vertex 59.313 -5.84182 54.1
    endloop
  endfacet
  facet normal 0 0 1
    outer loop
      vertex 62.9241 3.09126 54.1
      vertex 59.5282 2.92443 54.1
      vertex 59.6 0 54.1
    endloop
  endfacet
  facet normal 0 0 1
    outer loop
      vertex 57.0336 17.301 54.1
      vertex 60.2872 18.2879 54.1
      vertex 59.3173 21.2241 54.1
    endloop
  endfacet
  facet normal 0 0 1
    outer loop
      vertex 62.6966 6.17508 54.1
      vertex 59.313 5.84182 54.1
      vertex 59.5282 2.92443 54.1
    endloop
  endfacet
  facet normal 0 0 1
    outer loop
      vertex 62.3181 9.24402 54.1
      vertex 58.9549 8.74514 54.1
      vertex 59.313 5.84182 54.1
    endloop
  endfacet
  facet normal 0 0 1
    outer loop
      vertex 61.7895 12.2907 54.1
      vertex 58.4548 11.6274 54.1
      vertex 58.9549 8.74514 54.1
    endloop
  endfacet
  facet normal 0 0 1
    outer loop
      vertex 56.116 20.0786 54.1
      vertex 59.3173 21.2241 54.1
      vertex 58.2044 24.1091 54.1
    endloop
  endfacet
  facet normal 0 0 1
    outer loop
      vertex 61.112 15.3078 54.1
      vertex 57.8139 14.4816 54.1
      vertex 58.4548 11.6274 54.1
    endloop
  endfacet
  facet normal 0 0 1
    outer loop
      vertex 60.2872 18.2879 54.1
      vertex 57.0336 17.301 54.1
      vertex 57.8139 14.4816 54.1
    endloop
  endfacet
  facet normal 0 0 1
    outer loop
      vertex 55.0632 22.8079 54.1
      vertex 58.2044 24.1091 54.1
      vertex 56.9513 26.936 54.1
    endloop
  endfacet
  facet normal 0 0 1
    outer loop
      vertex 59.3173 21.2241 54.1
      vertex 56.116 20.0786 54.1
      vertex 57.0336 17.301 54.1
    endloop
  endfacet
  facet normal 0 0 1
    outer loop
      vertex 53.8778 25.4823 54.1
      vertex 56.9513 26.936 54.1
      vertex 55.561 29.698 54.1
    endloop
  endfacet
  facet normal 0 0 1
    outer loop
      vertex 58.2044 24.1091 54.1
      vertex 55.0632 22.8079 54.1
      vertex 56.116 20.0786 54.1
    endloop
  endfacet
  facet normal 0 0 1
    outer loop
      vertex 52.5625 28.0952 54.1
      vertex 55.561 29.698 54.1
      vertex 54.0369 32.3885 54.1
    endloop
  endfacet
  facet normal 0 0 1
    outer loop
      vertex 56.9513 26.936 54.1
      vertex 53.8778 25.4823 54.1
      vertex 55.0632 22.8079 54.1
    endloop
  endfacet
  facet normal 0 0 1
    outer loop
      vertex 55.561 29.698 54.1
      vertex 52.5625 28.0952 54.1
      vertex 53.8778 25.4823 54.1
    endloop
  endfacet
  facet normal 0 0 1
    outer loop
      vertex 51.1206 30.6405 54.1
      vertex 54.0369 32.3885 54.1
      vertex 52.3826 35.0009 54.1
    endloop
  endfacet
  facet normal 0 0 1
    outer loop
      vertex 54.0369 32.3885 54.1
      vertex 51.1206 30.6405 54.1
      vertex 52.5625 28.0952 54.1
    endloop
  endfacet
  facet normal 0 0 1
    outer loop
      vertex 49.5556 33.112 54.1
      vertex 52.3826 35.0009 54.1
      vertex 50.6021 37.5291 54.1
    endloop
  endfacet
  facet normal 0 0 1
    outer loop
      vertex 52.3826 35.0009 54.1
      vertex 49.5556 33.112 54.1
      vertex 51.1206 30.6405 54.1
    endloop
  endfacet
  facet normal 0 0 1
    outer loop
      vertex 47.8712 35.5037 54.1
      vertex 50.6021 37.5291 54.1
      vertex 48.6997 39.9668 54.1
    endloop
  endfacet
  facet normal 0 0 1
    outer loop
      vertex 50.6021 37.5291 54.1
      vertex 47.8712 35.5037 54.1
      vertex 49.5556 33.112 54.1
    endloop
  endfacet
  facet normal 0 0 1
    outer loop
      vertex 46.0714 37.8098 54.1
      vertex 48.6997 39.9668 54.1
      vertex 46.6799 42.3082 54.1
    endloop
  endfacet
  facet normal 0 0 1
    outer loop
      vertex 48.6997 39.9668 54.1
      vertex 46.0714 37.8098 54.1
      vertex 47.8712 35.5037 54.1
    endloop
  endfacet
  facet normal 0 0 1
    outer loop
      vertex 44.1607 40.0249 54.1
      vertex 46.6799 42.3082 54.1
      vertex 44.5477 44.5477 54.1
    endloop
  endfacet
  facet normal 0 0 1
    outer loop
      vertex 46.6799 42.3082 54.1
      vertex 44.1607 40.0249 54.1
      vertex 46.0714 37.8098 54.1
    endloop
  endfacet
  facet normal 0 0 1
    outer loop
      vertex 42.1436 42.1436 54.1
      vertex 44.5477 44.5477 54.1
      vertex 42.3082 46.6799 54.1
    endloop
  endfacet
  facet normal 0 0 1
    outer loop
      vertex 44.5477 44.5477 54.1
      vertex 42.1436 42.1436 54.1
      vertex 44.1607 40.0249 54.1
    endloop
  endfacet
  facet normal 0 0 1
    outer loop
      vertex 42.3082 46.6799 54.1
      vertex 40.0249 44.1607 54.1
      vertex 42.1436 42.1436 54.1
    endloop
  endfacet
  facet normal 0 0 1
    outer loop
      vertex 39.9668 48.6997 54.1
      vertex 40.0249 44.1607 54.1
      vertex 42.3082 46.6799 54.1
    endloop
  endfacet
  facet normal 0 0 1
    outer loop
      vertex 39.9668 48.6997 54.1
      vertex 37.8098 46.0714 54.1
      vertex 40.0249 44.1607 54.1
    endloop
  endfacet
  facet normal 0 0 1
    outer loop
      vertex 37.5291 50.6021 54.1
      vertex 37.8098 46.0714 54.1
      vertex 39.9668 48.6997 54.1
    endloop
  endfacet
  facet normal 0 0 1
    outer loop
      vertex 37.5291 50.6021 54.1
      vertex 35.5037 47.8712 54.1
      vertex 37.8098 46.0714 54.1
    endloop
  endfacet
  facet normal 0 0 1
    outer loop
      vertex 35.0009 52.3826 54.1
      vertex 35.5037 47.8712 54.1
      vertex 37.5291 50.6021 54.1
    endloop
  endfacet
  facet normal 0 0 1
    outer loop
      vertex 35.0009 52.3826 54.1
      vertex 33.112 49.5556 54.1
      vertex 35.5037 47.8712 54.1
    endloop
  endfacet
  facet normal 0 0 1
    outer loop
      vertex 32.3885 54.0369 54.1
      vertex 33.112 49.5556 54.1
      vertex 35.0009 52.3826 54.1
    endloop
  endfacet
  facet normal 0 0 1
    outer loop
      vertex 32.3885 54.0369 54.1
      vertex 30.6405 51.1206 54.1
      vertex 33.112 49.5556 54.1
    endloop
  endfacet
  facet normal 0 0 1
    outer loop
      vertex 29.698 55.561 54.1
      vertex 30.6405 51.1206 54.1
      vertex 32.3885 54.0369 54.1
    endloop
  endfacet
  facet normal 0 0 1
    outer loop
      vertex 29.698 55.561 54.1
      vertex 28.0952 52.5625 54.1
      vertex 30.6405 51.1206 54.1
    endloop
  endfacet
  facet normal 0 0 1
    outer loop
      vertex 26.936 56.9513 54.1
      vertex 28.0952 52.5625 54.1
      vertex 29.698 55.561 54.1
    endloop
  endfacet
  facet normal 0 0 1
    outer loop
      vertex 26.936 56.9513 54.1
      vertex 25.4823 53.8778 54.1
      vertex 28.0952 52.5625 54.1
    endloop
  endfacet
  facet normal 0 0 1
    outer loop
      vertex 24.1091 58.2044 54.1
      vertex 25.4823 53.8778 54.1
      vertex 26.936 56.9513 54.1
    endloop
  endfacet
  facet normal 0 0 1
    outer loop
      vertex 24.1091 58.2044 54.1
      vertex 22.8079 55.0632 54.1
      vertex 25.4823 53.8778 54.1
    endloop
  endfacet
  facet normal 0 0 1
    outer loop
      vertex 21.2241 59.3173 54.1
      vertex 22.8079 55.0632 54.1
      vertex 24.1091 58.2044 54.1
    endloop
  endfacet
  facet normal 0 0 1
    outer loop
      vertex 21.2241 59.3173 54.1
      vertex 20.0786 56.116 54.1
      vertex 22.8079 55.0632 54.1
    endloop
  endfacet
  facet normal 0 0 1
    outer loop
      vertex 18.2879 60.2872 54.1
      vertex 20.0786 56.116 54.1
      vertex 21.2241 59.3173 54.1
    endloop
  endfacet
  facet normal 0 0 1
    outer loop
      vertex 18.2879 60.2872 54.1
      vertex 17.301 57.0336 54.1
      vertex 20.0786 56.116 54.1
    endloop
  endfacet
  facet normal 0 0 1
    outer loop
      vertex 15.3078 61.112 54.1
      vertex 17.301 57.0336 54.1
      vertex 18.2879 60.2872 54.1
    endloop
  endfacet
  facet normal 0 0 1
    outer loop
      vertex 15.3078 61.112 54.1
      vertex 14.4816 57.8139 54.1
      vertex 17.301 57.0336 54.1
    endloop
  endfacet
  facet normal 0 0 1
    outer loop
      vertex 12.2907 61.7895 54.1
      vertex 14.4816 57.8139 54.1
      vertex 15.3078 61.112 54.1
    endloop
  endfacet
  facet normal 0 0 1
    outer loop
      vertex 12.2907 61.7895 54.1
      vertex 11.6274 58.4548 54.1
      vertex 14.4816 57.8139 54.1
    endloop
  endfacet
  facet normal 0 0 1
    outer loop
      vertex 9.24402 62.3181 54.1
      vertex 11.6274 58.4548 54.1
      vertex 12.2907 61.7895 54.1
    endloop
  endfacet
  facet normal 0 0 1
    outer loop
      vertex 9.24402 62.3181 54.1
      vertex 8.74514 58.9549 54.1
      vertex 11.6274 58.4548 54.1
    endloop
  endfacet
  facet normal 0 0 1
    outer loop
      vertex 6.17508 62.6966 54.1
      vertex 8.74514 58.9549 54.1
      vertex 9.24402 62.3181 54.1
    endloop
  endfacet
  facet normal 0 0 1
    outer loop
      vertex 6.17508 62.6966 54.1
      vertex 5.84182 59.313 54.1
      vertex 8.74514 58.9549 54.1
    endloop
  endfacet
  facet normal 0 0 1
    outer loop
      vertex 3.09126 62.9241 54.1
      vertex 5.84182 59.313 54.1
      vertex 6.17508 62.6966 54.1
    endloop
  endfacet
  facet normal 0 0 1
    outer loop
      vertex 3.09126 62.9241 54.1
      vertex 2.92443 59.5282 54.1
      vertex 5.84182 59.313 54.1
    endloop
  endfacet
  facet normal 0 0 1
    outer loop
      vertex 0 63 54.1
      vertex 2.92443 59.5282 54.1
      vertex 3.09126 62.9241 54.1
    endloop
  endfacet
  facet normal 0 0 1
    outer loop
      vertex 0 63 54.1
      vertex 0 59.6 54.1
      vertex 2.92443 59.5282 54.1
    endloop
  endfacet
  facet normal 0 0 1
    outer loop
      vertex 0 63 54.1
      vertex -2.92443 59.5282 54.1
      vertex 0 59.6 54.1
    endloop
  endfacet
  facet normal -0 0 1
    outer loop
      vertex -3.09126 62.9241 54.1
      vertex -2.92443 59.5282 54.1
      vertex 0 63 54.1
    endloop
  endfacet
  facet normal 0 0 1
    outer loop
      vertex -3.09126 62.9241 54.1
      vertex -5.84182 59.313 54.1
      vertex -2.92443 59.5282 54.1
    endloop
  endfacet
  facet normal -0 0 1
    outer loop
      vertex -6.17508 62.6966 54.1
      vertex -5.84182 59.313 54.1
      vertex -3.09126 62.9241 54.1
    endloop
  endfacet
  facet normal 0 0 1
    outer loop
      vertex -6.17508 62.6966 54.1
      vertex -8.74514 58.9549 54.1
      vertex -5.84182 59.313 54.1
    endloop
  endfacet
  facet normal -0 0 1
    outer loop
      vertex -9.24402 62.3181 54.1
      vertex -8.74514 58.9549 54.1
      vertex -6.17508 62.6966 54.1
    endloop
  endfacet
  facet normal 0 0 1
    outer loop
      vertex -9.24402 62.3181 54.1
      vertex -11.6274 58.4548 54.1
      vertex -8.74514 58.9549 54.1
    endloop
  endfacet
  facet normal -0 0 1
    outer loop
      vertex -12.2907 61.7895 54.1
      vertex -11.6274 58.4548 54.1
      vertex -9.24402 62.3181 54.1
    endloop
  endfacet
  facet normal 0 0 1
    outer loop
      vertex -12.2907 61.7895 54.1
      vertex -14.4816 57.8139 54.1
      vertex -11.6274 58.4548 54.1
    endloop
  endfacet
  facet normal -0 0 1
    outer loop
      vertex -15.3078 61.112 54.1
      vertex -14.4816 57.8139 54.1
      vertex -12.2907 61.7895 54.1
    endloop
  endfacet
  facet normal 0 0 1
    outer loop
      vertex -15.3078 61.112 54.1
      vertex -17.301 57.0336 54.1
      vertex -14.4816 57.8139 54.1
    endloop
  endfacet
  facet normal -0 0 1
    outer loop
      vertex -18.2879 60.2872 54.1
      vertex -17.301 57.0336 54.1
      vertex -15.3078 61.112 54.1
    endloop
  endfacet
  facet normal 0 0 1
    outer loop
      vertex -18.2879 60.2872 54.1
      vertex -20.0786 56.116 54.1
      vertex -17.301 57.0336 54.1
    endloop
  endfacet
  facet normal -0 0 1
    outer loop
      vertex -21.2241 59.3173 54.1
      vertex -20.0786 56.116 54.1
      vertex -18.2879 60.2872 54.1
    endloop
  endfacet
  facet normal 0 0 1
    outer loop
      vertex -21.2241 59.3173 54.1
      vertex -22.8079 55.0632 54.1
      vertex -20.0786 56.116 54.1
    endloop
  endfacet
  facet normal -0 0 1
    outer loop
      vertex -24.1091 58.2044 54.1
      vertex -22.8079 55.0632 54.1
      vertex -21.2241 59.3173 54.1
    endloop
  endfacet
  facet normal 0 0 1
    outer loop
      vertex -24.1091 58.2044 54.1
      vertex -25.4823 53.8778 54.1
      vertex -22.8079 55.0632 54.1
    endloop
  endfacet
  facet normal -0 0 1
    outer loop
      vertex -26.936 56.9513 54.1
      vertex -25.4823 53.8778 54.1
      vertex -24.1091 58.2044 54.1
    endloop
  endfacet
  facet normal 0 0 1
    outer loop
      vertex -26.936 56.9513 54.1
      vertex -28.0952 52.5625 54.1
      vertex -25.4823 53.8778 54.1
    endloop
  endfacet
  facet normal -0 0 1
    outer loop
      vertex -29.698 55.561 54.1
      vertex -28.0952 52.5625 54.1
      vertex -26.936 56.9513 54.1
    endloop
  endfacet
  facet normal 0 0 1
    outer loop
      vertex -29.698 55.561 54.1
      vertex -30.6405 51.1206 54.1
      vertex -28.0952 52.5625 54.1
    endloop
  endfacet
  facet normal -0 0 1
    outer loop
      vertex -32.3885 54.0369 54.1
      vertex -30.6405 51.1206 54.1
      vertex -29.698 55.561 54.1
    endloop
  endfacet
  facet normal 0 0 1
    outer loop
      vertex -32.3885 54.0369 54.1
      vertex -33.112 49.5556 54.1
      vertex -30.6405 51.1206 54.1
    endloop
  endfacet
  facet normal -0 0 1
    outer loop
      vertex -35.0009 52.3826 54.1
      vertex -33.112 49.5556 54.1
      vertex -32.3885 54.0369 54.1
    endloop
  endfacet
  facet normal 0 0 1
    outer loop
      vertex -35.0009 52.3826 54.1
      vertex -35.5037 47.8712 54.1
      vertex -33.112 49.5556 54.1
    endloop
  endfacet
  facet normal -0 0 1
    outer loop
      vertex -37.5291 50.6021 54.1
      vertex -35.5037 47.8712 54.1
      vertex -35.0009 52.3826 54.1
    endloop
  endfacet
  facet normal 0 0 1
    outer loop
      vertex -37.5291 50.6021 54.1
      vertex -37.8098 46.0714 54.1
      vertex -35.5037 47.8712 54.1
    endloop
  endfacet
  facet normal -0 0 1
    outer loop
      vertex -39.9668 48.6997 54.1
      vertex -37.8098 46.0714 54.1
      vertex -37.5291 50.6021 54.1
    endloop
  endfacet
  facet normal 0 0 1
    outer loop
      vertex -39.9668 48.6997 54.1
      vertex -40.0249 44.1607 54.1
      vertex -37.8098 46.0714 54.1
    endloop
  endfacet
  facet normal -0 0 1
    outer loop
      vertex -42.3082 46.6799 54.1
      vertex -40.0249 44.1607 54.1
      vertex -39.9668 48.6997 54.1
    endloop
  endfacet
  facet normal 0 0 1
    outer loop
      vertex -40.0249 44.1607 54.1
      vertex -42.3082 46.6799 54.1
      vertex -42.1436 42.1436 54.1
    endloop
  endfacet
  facet normal -0 0 1
    outer loop
      vertex -44.5477 44.5477 54.1
      vertex -42.1436 42.1436 54.1
      vertex -42.3082 46.6799 54.1
    endloop
  endfacet
  facet normal 0 0 1
    outer loop
      vertex -42.1436 42.1436 54.1
      vertex -44.5477 44.5477 54.1
      vertex -44.1607 40.0249 54.1
    endloop
  endfacet
  facet normal -0 0 1
    outer loop
      vertex -46.6799 42.3082 54.1
      vertex -44.1607 40.0249 54.1
      vertex -44.5477 44.5477 54.1
    endloop
  endfacet
  facet normal 0 0 1
    outer loop
      vertex -44.1607 40.0249 54.1
      vertex -46.6799 42.3082 54.1
      vertex -46.0714 37.8098 54.1
    endloop
  endfacet
  facet normal -0 0 1
    outer loop
      vertex -48.6997 39.9668 54.1
      vertex -46.0714 37.8098 54.1
      vertex -46.6799 42.3082 54.1
    endloop
  endfacet
  facet normal 0 0 1
    outer loop
      vertex -46.0714 37.8098 54.1
      vertex -48.6997 39.9668 54.1
      vertex -47.8712 35.5037 54.1
    endloop
  endfacet
  facet normal -0 0 1
    outer loop
      vertex -50.6021 37.5291 54.1
      vertex -47.8712 35.5037 54.1
      vertex -48.6997 39.9668 54.1
    endloop
  endfacet
  facet normal 0 0 1
    outer loop
      vertex -47.8712 35.5037 54.1
      vertex -50.6021 37.5291 54.1
      vertex -49.5556 33.112 54.1
    endloop
  endfacet
  facet normal -0 0 1
    outer loop
      vertex -52.3826 35.0009 54.1
      vertex -49.5556 33.112 54.1
      vertex -50.6021 37.5291 54.1
    endloop
  endfacet
  facet normal 0 0 1
    outer loop
      vertex -49.5556 33.112 54.1
      vertex -52.3826 35.0009 54.1
      vertex -51.1206 30.6405 54.1
    endloop
  endfacet
  facet normal -0 0 1
    outer loop
      vertex -54.0369 32.3885 54.1
      vertex -51.1206 30.6405 54.1
      vertex -52.3826 35.0009 54.1
    endloop
  endfacet
  facet normal 0 0 1
    outer loop
      vertex -51.1206 30.6405 54.1
      vertex -54.0369 32.3885 54.1
      vertex -52.5625 28.0952 54.1
    endloop
  endfacet
  facet normal -0 0 1
    outer loop
      vertex -55.561 29.698 54.1
      vertex -52.5625 28.0952 54.1
      vertex -54.0369 32.3885 54.1
    endloop
  endfacet
  facet normal 0 0 1
    outer loop
      vertex -52.5625 28.0952 54.1
      vertex -55.561 29.698 54.1
      vertex -53.8778 25.4823 54.1
    endloop
  endfacet
  facet normal -0 0 1
    outer loop
      vertex -56.9513 26.936 54.1
      vertex -53.8778 25.4823 54.1
      vertex -55.561 29.698 54.1
    endloop
  endfacet
  facet normal 0 0 1
    outer loop
      vertex -53.8778 25.4823 54.1
      vertex -56.9513 26.936 54.1
      vertex -55.0632 22.8079 54.1
    endloop
  endfacet
  facet normal -0 0 1
    outer loop
      vertex -58.2044 24.1091 54.1
      vertex -55.0632 22.8079 54.1
      vertex -56.9513 26.936 54.1
    endloop
  endfacet
  facet normal 0 0 1
    outer loop
      vertex -55.0632 22.8079 54.1
      vertex -58.2044 24.1091 54.1
      vertex -56.116 20.0786 54.1
    endloop
  endfacet
  facet normal -0 0 1
    outer loop
      vertex -59.3173 21.2241 54.1
      vertex -56.116 20.0786 54.1
      vertex -58.2044 24.1091 54.1
    endloop
  endfacet
  facet normal 0 0 1
    outer loop
      vertex -56.116 20.0786 54.1
      vertex -59.3173 21.2241 54.1
      vertex -57.0336 17.301 54.1
    endloop
  endfacet
  facet normal -0 0 1
    outer loop
      vertex -60.2872 18.2879 54.1
      vertex -57.0336 17.301 54.1
      vertex -59.3173 21.2241 54.1
    endloop
  endfacet
  facet normal 0 0 1
    outer loop
      vertex -57.0336 17.301 54.1
      vertex -60.2872 18.2879 54.1
      vertex -57.8139 14.4816 54.1
    endloop
  endfacet
  facet normal -0 0 1
    outer loop
      vertex -61.112 15.3078 54.1
      vertex -57.8139 14.4816 54.1
      vertex -60.2872 18.2879 54.1
    endloop
  endfacet
  facet normal 0 0 1
    outer loop
      vertex -57.8139 14.4816 54.1
      vertex -61.112 15.3078 54.1
      vertex -58.4548 11.6274 54.1
    endloop
  endfacet
  facet normal -0 0 1
    outer loop
      vertex -61.7895 12.2907 54.1
      vertex -58.4548 11.6274 54.1
      vertex -61.112 15.3078 54.1
    endloop
  endfacet
  facet normal 0 0 1
    outer loop
      vertex -58.4548 11.6274 54.1
      vertex -61.7895 12.2907 54.1
      vertex -58.9549 8.74514 54.1
    endloop
  endfacet
  facet normal -0 0 1
    outer loop
      vertex -62.3181 9.24402 54.1
      vertex -58.9549 8.74514 54.1
      vertex -61.7895 12.2907 54.1
    endloop
  endfacet
  facet normal 0 0 1
    outer loop
      vertex 62.3181 -9.24402 54.1
      vertex 58.9549 -8.74514 54.1
      vertex 61.7895 -12.2907 54.1
    endloop
  endfacet
  facet normal -0 0 1
    outer loop
      vertex 58.4548 -11.6274 54.1
      vertex 61.7895 -12.2907 54.1
      vertex 58.9549 -8.74514 54.1
    endloop
  endfacet
  facet normal 0 0 1
    outer loop
      vertex 61.7895 -12.2907 54.1
      vertex 58.4548 -11.6274 54.1
      vertex 61.112 -15.3078 54.1
    endloop
  endfacet
  facet normal -0 0 1
    outer loop
      vertex 57.8139 -14.4816 54.1
      vertex 61.112 -15.3078 54.1
      vertex 58.4548 -11.6274 54.1
    endloop
  endfacet
  facet normal 0 0 1
    outer loop
      vertex 61.112 -15.3078 54.1
      vertex 57.8139 -14.4816 54.1
      vertex 60.2872 -18.2879 54.1
    endloop
  endfacet
  facet normal -0 0 1
    outer loop
      vertex 57.0336 -17.301 54.1
      vertex 60.2872 -18.2879 54.1
      vertex 57.8139 -14.4816 54.1
    endloop
  endfacet
  facet normal 0 0 1
    outer loop
      vertex 60.2872 -18.2879 54.1
      vertex 57.0336 -17.301 54.1
      vertex 59.3173 -21.2241 54.1
    endloop
  endfacet
  facet normal -0 0 1
    outer loop
      vertex 56.116 -20.0786 54.1
      vertex 59.3173 -21.2241 54.1
      vertex 57.0336 -17.301 54.1
    endloop
  endfacet
  facet normal 0 0 1
    outer loop
      vertex 59.3173 -21.2241 54.1
      vertex 56.116 -20.0786 54.1
      vertex 58.2044 -24.1091 54.1
    endloop
  endfacet
  facet normal -0 0 1
    outer loop
      vertex 55.0632 -22.8079 54.1
      vertex 58.2044 -24.1091 54.1
      vertex 56.116 -20.0786 54.1
    endloop
  endfacet
  facet normal 0 0 1
    outer loop
      vertex 58.2044 -24.1091 54.1
      vertex 55.0632 -22.8079 54.1
      vertex 56.9513 -26.936 54.1
    endloop
  endfacet
  facet normal -0 0 1
    outer loop
      vertex 53.8778 -25.4823 54.1
      vertex 56.9513 -26.936 54.1
      vertex 55.0632 -22.8079 54.1
    endloop
  endfacet
  facet normal 0 0 1
    outer loop
      vertex 56.9513 -26.936 54.1
      vertex 53.8778 -25.4823 54.1
      vertex 55.561 -29.698 54.1
    endloop
  endfacet
  facet normal -0 0 1
    outer loop
      vertex 52.5625 -28.0952 54.1
      vertex 55.561 -29.698 54.1
      vertex 53.8778 -25.4823 54.1
    endloop
  endfacet
  facet normal 0 0 1
    outer loop
      vertex 55.561 -29.698 54.1
      vertex 52.5625 -28.0952 54.1
      vertex 54.0369 -32.3885 54.1
    endloop
  endfacet
  facet normal -0 0 1
    outer loop
      vertex 51.1206 -30.6405 54.1
      vertex 54.0369 -32.3885 54.1
      vertex 52.5625 -28.0952 54.1
    endloop
  endfacet
  facet normal 0 0 1
    outer loop
      vertex 54.0369 -32.3885 54.1
      vertex 51.1206 -30.6405 54.1
      vertex 52.3826 -35.0009 54.1
    endloop
  endfacet
  facet normal -0 0 1
    outer loop
      vertex 49.5556 -33.112 54.1
      vertex 52.3826 -35.0009 54.1
      vertex 51.1206 -30.6405 54.1
    endloop
  endfacet
  facet normal 0 0 1
    outer loop
      vertex 52.3826 -35.0009 54.1
      vertex 49.5556 -33.112 54.1
      vertex 50.6021 -37.5291 54.1
    endloop
  endfacet
  facet normal -0 0 1
    outer loop
      vertex 47.8712 -35.5037 54.1
      vertex 50.6021 -37.5291 54.1
      vertex 49.5556 -33.112 54.1
    endloop
  endfacet
  facet normal 0 0 1
    outer loop
      vertex 50.6021 -37.5291 54.1
      vertex 47.8712 -35.5037 54.1
      vertex 48.6997 -39.9668 54.1
    endloop
  endfacet
  facet normal -0 0 1
    outer loop
      vertex 46.0714 -37.8098 54.1
      vertex 48.6997 -39.9668 54.1
      vertex 47.8712 -35.5037 54.1
    endloop
  endfacet
  facet normal 0 0 1
    outer loop
      vertex 48.6997 -39.9668 54.1
      vertex 46.0714 -37.8098 54.1
      vertex 46.6799 -42.3082 54.1
    endloop
  endfacet
  facet normal -0 0 1
    outer loop
      vertex 44.1607 -40.0249 54.1
      vertex 46.6799 -42.3082 54.1
      vertex 46.0714 -37.8098 54.1
    endloop
  endfacet
  facet normal 0 0 1
    outer loop
      vertex 46.6799 -42.3082 54.1
      vertex 44.1607 -40.0249 54.1
      vertex 44.5477 -44.5477 54.1
    endloop
  endfacet
  facet normal -0 0 1
    outer loop
      vertex 42.1436 -42.1436 54.1
      vertex 44.5477 -44.5477 54.1
      vertex 44.1607 -40.0249 54.1
    endloop
  endfacet
  facet normal 0 0 1
    outer loop
      vertex 44.5477 -44.5477 54.1
      vertex 42.1436 -42.1436 54.1
      vertex 42.3082 -46.6799 54.1
    endloop
  endfacet
  facet normal -0 0 1
    outer loop
      vertex 40.0249 -44.1607 54.1
      vertex 42.3082 -46.6799 54.1
      vertex 42.1436 -42.1436 54.1
    endloop
  endfacet
  facet normal 0 0 1
    outer loop
      vertex 40.0249 -44.1607 54.1
      vertex 39.9668 -48.6997 54.1
      vertex 42.3082 -46.6799 54.1
    endloop
  endfacet
  facet normal -0 0 1
    outer loop
      vertex 37.8098 -46.0714 54.1
      vertex 39.9668 -48.6997 54.1
      vertex 40.0249 -44.1607 54.1
    endloop
  endfacet
  facet normal 0 0 1
    outer loop
      vertex 37.8098 -46.0714 54.1
      vertex 37.5291 -50.6021 54.1
      vertex 39.9668 -48.6997 54.1
    endloop
  endfacet
  facet normal -0 0 1
    outer loop
      vertex 35.5037 -47.8712 54.1
      vertex 37.5291 -50.6021 54.1
      vertex 37.8098 -46.0714 54.1
    endloop
  endfacet
  facet normal 0 0 1
    outer loop
      vertex 35.5037 -47.8712 54.1
      vertex 35.0009 -52.3826 54.1
      vertex 37.5291 -50.6021 54.1
    endloop
  endfacet
  facet normal -0 0 1
    outer loop
      vertex 33.112 -49.5556 54.1
      vertex 35.0009 -52.3826 54.1
      vertex 35.5037 -47.8712 54.1
    endloop
  endfacet
  facet normal 0 0 1
    outer loop
      vertex 33.112 -49.5556 54.1
      vertex 32.3885 -54.0369 54.1
      vertex 35.0009 -52.3826 54.1
    endloop
  endfacet
  facet normal -0 0 1
    outer loop
      vertex 30.6405 -51.1206 54.1
      vertex 32.3885 -54.0369 54.1
      vertex 33.112 -49.5556 54.1
    endloop
  endfacet
  facet normal 0 0 1
    outer loop
      vertex 30.6405 -51.1206 54.1
      vertex 29.698 -55.561 54.1
      vertex 32.3885 -54.0369 54.1
    endloop
  endfacet
  facet normal -0 0 1
    outer loop
      vertex 28.0952 -52.5625 54.1
      vertex 29.698 -55.561 54.1
      vertex 30.6405 -51.1206 54.1
    endloop
  endfacet
  facet normal 0 0 1
    outer loop
      vertex 28.0952 -52.5625 54.1
      vertex 26.936 -56.9513 54.1
      vertex 29.698 -55.561 54.1
    endloop
  endfacet
  facet normal -0 0 1
    outer loop
      vertex 25.4823 -53.8778 54.1
      vertex 26.936 -56.9513 54.1
      vertex 28.0952 -52.5625 54.1
    endloop
  endfacet
  facet normal 0 0 1
    outer loop
      vertex 25.4823 -53.8778 54.1
      vertex 24.1091 -58.2044 54.1
      vertex 26.936 -56.9513 54.1
    endloop
  endfacet
  facet normal -0 0 1
    outer loop
      vertex 22.8079 -55.0632 54.1
      vertex 24.1091 -58.2044 54.1
      vertex 25.4823 -53.8778 54.1
    endloop
  endfacet
  facet normal 0 0 1
    outer loop
      vertex 22.8079 -55.0632 54.1
      vertex 21.2241 -59.3173 54.1
      vertex 24.1091 -58.2044 54.1
    endloop
  endfacet
  facet normal -0 0 1
    outer loop
      vertex 20.0786 -56.116 54.1
      vertex 21.2241 -59.3173 54.1
      vertex 22.8079 -55.0632 54.1
    endloop
  endfacet
  facet normal 0 0 1
    outer loop
      vertex 20.0786 -56.116 54.1
      vertex 18.2879 -60.2872 54.1
      vertex 21.2241 -59.3173 54.1
    endloop
  endfacet
  facet normal -0 0 1
    outer loop
      vertex 17.301 -57.0336 54.1
      vertex 18.2879 -60.2872 54.1
      vertex 20.0786 -56.116 54.1
    endloop
  endfacet
  facet normal 0 0 1
    outer loop
      vertex 17.301 -57.0336 54.1
      vertex 15.3078 -61.112 54.1
      vertex 18.2879 -60.2872 54.1
    endloop
  endfacet
  facet normal -0 0 1
    outer loop
      vertex 14.4816 -57.8139 54.1
      vertex 15.3078 -61.112 54.1
      vertex 17.301 -57.0336 54.1
    endloop
  endfacet
  facet normal 0 0 1
    outer loop
      vertex 14.4816 -57.8139 54.1
      vertex 12.2907 -61.7895 54.1
      vertex 15.3078 -61.112 54.1
    endloop
  endfacet
  facet normal -0 0 1
    outer loop
      vertex 11.6274 -58.4548 54.1
      vertex 12.2907 -61.7895 54.1
      vertex 14.4816 -57.8139 54.1
    endloop
  endfacet
  facet normal 0 0 1
    outer loop
      vertex 11.6274 -58.4548 54.1
      vertex 9.24402 -62.3181 54.1
      vertex 12.2907 -61.7895 54.1
    endloop
  endfacet
  facet normal -0 0 1
    outer loop
      vertex 8.74514 -58.9549 54.1
      vertex 9.24402 -62.3181 54.1
      vertex 11.6274 -58.4548 54.1
    endloop
  endfacet
  facet normal 0 0 1
    outer loop
      vertex 8.74514 -58.9549 54.1
      vertex 6.17508 -62.6966 54.1
      vertex 9.24402 -62.3181 54.1
    endloop
  endfacet
  facet normal -0 0 1
    outer loop
      vertex 5.84182 -59.313 54.1
      vertex 6.17508 -62.6966 54.1
      vertex 8.74514 -58.9549 54.1
    endloop
  endfacet
  facet normal 0 0 1
    outer loop
      vertex 5.84182 -59.313 54.1
      vertex 3.09126 -62.9241 54.1
      vertex 6.17508 -62.6966 54.1
    endloop
  endfacet
  facet normal -0 0 1
    outer loop
      vertex 2.92443 -59.5282 54.1
      vertex 3.09126 -62.9241 54.1
      vertex 5.84182 -59.313 54.1
    endloop
  endfacet
  facet normal -0 0 1
    outer loop
      vertex 0 -59.6 54.1
      vertex 3.09126 -62.9241 54.1
      vertex 2.92443 -59.5282 54.1
    endloop
  endfacet
  facet normal 0 0 1
    outer loop
      vertex 0 -59.6 54.1
      vertex 0 -63 54.1
      vertex 3.09126 -62.9241 54.1
    endloop
  endfacet
  facet normal 0 0 1
    outer loop
      vertex -2.92443 -59.5282 54.1
      vertex 0 -63 54.1
      vertex 0 -59.6 54.1
    endloop
  endfacet
  facet normal 0 0 1
    outer loop
      vertex -2.92443 -59.5282 54.1
      vertex -3.09126 -62.9241 54.1
      vertex 0 -63 54.1
    endloop
  endfacet
  facet normal 0 0 1
    outer loop
      vertex -5.84182 -59.313 54.1
      vertex -3.09126 -62.9241 54.1
      vertex -2.92443 -59.5282 54.1
    endloop
  endfacet
  facet normal 0 0 1
    outer loop
      vertex -5.84182 -59.313 54.1
      vertex -6.17508 -62.6966 54.1
      vertex -3.09126 -62.9241 54.1
    endloop
  endfacet
  facet normal 0 0 1
    outer loop
      vertex -8.74514 -58.9549 54.1
      vertex -6.17508 -62.6966 54.1
      vertex -5.84182 -59.313 54.1
    endloop
  endfacet
  facet normal 0 0 1
    outer loop
      vertex -8.74514 -58.9549 54.1
      vertex -9.24402 -62.3181 54.1
      vertex -6.17508 -62.6966 54.1
    endloop
  endfacet
  facet normal 0 0 1
    outer loop
      vertex -11.6274 -58.4548 54.1
      vertex -9.24402 -62.3181 54.1
      vertex -8.74514 -58.9549 54.1
    endloop
  endfacet
  facet normal 0 0 1
    outer loop
      vertex -11.6274 -58.4548 54.1
      vertex -12.2907 -61.7895 54.1
      vertex -9.24402 -62.3181 54.1
    endloop
  endfacet
  facet normal 0 0 1
    outer loop
      vertex -14.4816 -57.8139 54.1
      vertex -12.2907 -61.7895 54.1
      vertex -11.6274 -58.4548 54.1
    endloop
  endfacet
  facet normal 0 0 1
    outer loop
      vertex -14.4816 -57.8139 54.1
      vertex -15.3078 -61.112 54.1
      vertex -12.2907 -61.7895 54.1
    endloop
  endfacet
  facet normal 0 0 1
    outer loop
      vertex -17.301 -57.0336 54.1
      vertex -15.3078 -61.112 54.1
      vertex -14.4816 -57.8139 54.1
    endloop
  endfacet
  facet normal 0 0 1
    outer loop
      vertex -17.301 -57.0336 54.1
      vertex -18.2879 -60.2872 54.1
      vertex -15.3078 -61.112 54.1
    endloop
  endfacet
  facet normal 0 0 1
    outer loop
      vertex -20.0786 -56.116 54.1
      vertex -18.2879 -60.2872 54.1
      vertex -17.301 -57.0336 54.1
    endloop
  endfacet
  facet normal 0 0 1
    outer loop
      vertex -20.0786 -56.116 54.1
      vertex -21.2241 -59.3173 54.1
      vertex -18.2879 -60.2872 54.1
    endloop
  endfacet
  facet normal 0 0 1
    outer loop
      vertex -22.8079 -55.0632 54.1
      vertex -21.2241 -59.3173 54.1
      vertex -20.0786 -56.116 54.1
    endloop
  endfacet
  facet normal 0 0 1
    outer loop
      vertex -22.8079 -55.0632 54.1
      vertex -24.1091 -58.2044 54.1
      vertex -21.2241 -59.3173 54.1
    endloop
  endfacet
  facet normal 0 0 1
    outer loop
      vertex -25.4823 -53.8778 54.1
      vertex -24.1091 -58.2044 54.1
      vertex -22.8079 -55.0632 54.1
    endloop
  endfacet
  facet normal 0 0 1
    outer loop
      vertex -25.4823 -53.8778 54.1
      vertex -26.936 -56.9513 54.1
      vertex -24.1091 -58.2044 54.1
    endloop
  endfacet
  facet normal 0 0 1
    outer loop
      vertex -28.0952 -52.5625 54.1
      vertex -26.936 -56.9513 54.1
      vertex -25.4823 -53.8778 54.1
    endloop
  endfacet
  facet normal 0 0 1
    outer loop
      vertex -28.0952 -52.5625 54.1
      vertex -29.698 -55.561 54.1
      vertex -26.936 -56.9513 54.1
    endloop
  endfacet
  facet normal 0 0 1
    outer loop
      vertex -30.6405 -51.1206 54.1
      vertex -29.698 -55.561 54.1
      vertex -28.0952 -52.5625 54.1
    endloop
  endfacet
  facet normal 0 0 1
    outer loop
      vertex -30.6405 -51.1206 54.1
      vertex -32.3885 -54.0369 54.1
      vertex -29.698 -55.561 54.1
    endloop
  endfacet
  facet normal 0 0 1
    outer loop
      vertex -33.112 -49.5556 54.1
      vertex -32.3885 -54.0369 54.1
      vertex -30.6405 -51.1206 54.1
    endloop
  endfacet
  facet normal 0 0 1
    outer loop
      vertex -33.112 -49.5556 54.1
      vertex -35.0009 -52.3826 54.1
      vertex -32.3885 -54.0369 54.1
    endloop
  endfacet
  facet normal 0 0 1
    outer loop
      vertex -35.5037 -47.8712 54.1
      vertex -35.0009 -52.3826 54.1
      vertex -33.112 -49.5556 54.1
    endloop
  endfacet
  facet normal 0 0 1
    outer loop
      vertex -35.5037 -47.8712 54.1
      vertex -37.5291 -50.6021 54.1
      vertex -35.0009 -52.3826 54.1
    endloop
  endfacet
  facet normal 0 0 1
    outer loop
      vertex -37.8098 -46.0714 54.1
      vertex -37.5291 -50.6021 54.1
      vertex -35.5037 -47.8712 54.1
    endloop
  endfacet
  facet normal 0 0 1
    outer loop
      vertex -37.8098 -46.0714 54.1
      vertex -39.9668 -48.6997 54.1
      vertex -37.5291 -50.6021 54.1
    endloop
  endfacet
  facet normal 0 0 1
    outer loop
      vertex -40.0249 -44.1607 54.1
      vertex -39.9668 -48.6997 54.1
      vertex -37.8098 -46.0714 54.1
    endloop
  endfacet
  facet normal 0 0 1
    outer loop
      vertex -42.3082 -46.6799 54.1
      vertex -40.0249 -44.1607 54.1
      vertex -42.1436 -42.1436 54.1
    endloop
  endfacet
  facet normal 0 0 1
    outer loop
      vertex -40.0249 -44.1607 54.1
      vertex -42.3082 -46.6799 54.1
      vertex -39.9668 -48.6997 54.1
    endloop
  endfacet
  facet normal 0 0 1
    outer loop
      vertex -44.5477 -44.5477 54.1
      vertex -42.1436 -42.1436 54.1
      vertex -44.1607 -40.0249 54.1
    endloop
  endfacet
  facet normal 0 0 1
    outer loop
      vertex -42.1436 -42.1436 54.1
      vertex -44.5477 -44.5477 54.1
      vertex -42.3082 -46.6799 54.1
    endloop
  endfacet
  facet normal 0 0 1
    outer loop
      vertex -46.6799 -42.3082 54.1
      vertex -44.1607 -40.0249 54.1
      vertex -46.0714 -37.8098 54.1
    endloop
  endfacet
  facet normal 0 0 1
    outer loop
      vertex -44.1607 -40.0249 54.1
      vertex -46.6799 -42.3082 54.1
      vertex -44.5477 -44.5477 54.1
    endloop
  endfacet
  facet normal 0 0 1
    outer loop
      vertex -48.6997 -39.9668 54.1
      vertex -46.0714 -37.8098 54.1
      vertex -47.8712 -35.5037 54.1
    endloop
  endfacet
  facet normal 0 0 1
    outer loop
      vertex -46.0714 -37.8098 54.1
      vertex -48.6997 -39.9668 54.1
      vertex -46.6799 -42.3082 54.1
    endloop
  endfacet
  facet normal 0 0 1
    outer loop
      vertex -50.6021 -37.5291 54.1
      vertex -47.8712 -35.5037 54.1
      vertex -49.5556 -33.112 54.1
    endloop
  endfacet
  facet normal 0 0 1
    outer loop
      vertex -47.8712 -35.5037 54.1
      vertex -50.6021 -37.5291 54.1
      vertex -48.6997 -39.9668 54.1
    endloop
  endfacet
  facet normal 0 0 1
    outer loop
      vertex -52.3826 -35.0009 54.1
      vertex -49.5556 -33.112 54.1
      vertex -51.1206 -30.6405 54.1
    endloop
  endfacet
  facet normal 0 0 1
    outer loop
      vertex -49.5556 -33.112 54.1
      vertex -52.3826 -35.0009 54.1
      vertex -50.6021 -37.5291 54.1
    endloop
  endfacet
  facet normal 0 0 1
    outer loop
      vertex -54.0369 -32.3885 54.1
      vertex -51.1206 -30.6405 54.1
      vertex -52.5625 -28.0952 54.1
    endloop
  endfacet
  facet normal 0 0 1
    outer loop
      vertex -55.561 -29.698 54.1
      vertex -52.5625 -28.0952 54.1
      vertex -53.8778 -25.4823 54.1
    endloop
  endfacet
  facet normal 0 0 1
    outer loop
      vertex -51.1206 -30.6405 54.1
      vertex -54.0369 -32.3885 54.1
      vertex -52.3826 -35.0009 54.1
    endloop
  endfacet
  facet normal 0 0 1
    outer loop
      vertex -56.9513 -26.936 54.1
      vertex -53.8778 -25.4823 54.1
      vertex -55.0632 -22.8079 54.1
    endloop
  endfacet
  facet normal 0 0 1
    outer loop
      vertex -52.5625 -28.0952 54.1
      vertex -55.561 -29.698 54.1
      vertex -54.0369 -32.3885 54.1
    endloop
  endfacet
  facet normal 0 0 1
    outer loop
      vertex -58.2044 -24.1091 54.1
      vertex -55.0632 -22.8079 54.1
      vertex -56.116 -20.0786 54.1
    endloop
  endfacet
  facet normal 0 0 1
    outer loop
      vertex -53.8778 -25.4823 54.1
      vertex -56.9513 -26.936 54.1
      vertex -55.561 -29.698 54.1
    endloop
  endfacet
  facet normal 0 0 1
    outer loop
      vertex -59.3173 -21.2241 54.1
      vertex -56.116 -20.0786 54.1
      vertex -57.0336 -17.301 54.1
    endloop
  endfacet
  facet normal 0 0 1
    outer loop
      vertex -60.2872 -18.2879 54.1
      vertex -57.0336 -17.301 54.1
      vertex -57.8139 -14.4816 54.1
    endloop
  endfacet
  facet normal 0 0 1
    outer loop
      vertex -55.0632 -22.8079 54.1
      vertex -58.2044 -24.1091 54.1
      vertex -56.9513 -26.936 54.1
    endloop
  endfacet
  facet normal 0 0 1
    outer loop
      vertex -61.112 -15.3078 54.1
      vertex -57.8139 -14.4816 54.1
      vertex -58.4548 -11.6274 54.1
    endloop
  endfacet
  facet normal 0 0 1
    outer loop
      vertex -61.7895 -12.2907 54.1
      vertex -58.4548 -11.6274 54.1
      vertex -58.9549 -8.74514 54.1
    endloop
  endfacet
  facet normal 0 0 1
    outer loop
      vertex -62.3181 -9.24402 54.1
      vertex -58.9549 -8.74514 54.1
      vertex -59.313 -5.84182 54.1
    endloop
  endfacet
  facet normal 0 0 1
    outer loop
      vertex -56.116 -20.0786 54.1
      vertex -59.3173 -21.2241 54.1
      vertex -58.2044 -24.1091 54.1
    endloop
  endfacet
  facet normal 0 0 1
    outer loop
      vertex -62.6966 -6.17508 54.1
      vertex -59.313 -5.84182 54.1
      vertex -59.5282 -2.92443 54.1
    endloop
  endfacet
  facet normal 0 0 1
    outer loop
      vertex -62.9241 -3.09126 54.1
      vertex -59.5282 -2.92443 54.1
      vertex -59.6 0 54.1
    endloop
  endfacet
  facet normal 0 0 1
    outer loop
      vertex -58.9549 8.74514 54.1
      vertex -62.3181 9.24402 54.1
      vertex -59.313 5.84182 54.1
    endloop
  endfacet
  facet normal 0 0 1
    outer loop
      vertex -57.0336 -17.301 54.1
      vertex -60.2872 -18.2879 54.1
      vertex -59.3173 -21.2241 54.1
    endloop
  endfacet
  facet normal -0 0 1
    outer loop
      vertex -62.6966 6.17508 54.1
      vertex -59.313 5.84182 54.1
      vertex -62.3181 9.24402 54.1
    endloop
  endfacet
  facet normal 0 0 1
    outer loop
      vertex -57.8139 -14.4816 54.1
      vertex -61.112 -15.3078 54.1
      vertex -60.2872 -18.2879 54.1
    endloop
  endfacet
  facet normal 0 0 1
    outer loop
      vertex -59.313 5.84182 54.1
      vertex -62.6966 6.17508 54.1
      vertex -59.5282 2.92443 54.1
    endloop
  endfacet
  facet normal 0 0 1
    outer loop
      vertex -58.4548 -11.6274 54.1
      vertex -61.7895 -12.2907 54.1
      vertex -61.112 -15.3078 54.1
    endloop
  endfacet
  facet normal -0 0 1
    outer loop
      vertex -62.9241 3.09126 54.1
      vertex -59.5282 2.92443 54.1
      vertex -62.6966 6.17508 54.1
    endloop
  endfacet
  facet normal 0 0 1
    outer loop
      vertex -58.9549 -8.74514 54.1
      vertex -62.3181 -9.24402 54.1
      vertex -61.7895 -12.2907 54.1
    endloop
  endfacet
  facet normal 0 0 1
    outer loop
      vertex -59.5282 2.92443 54.1
      vertex -62.9241 3.09126 54.1
      vertex -59.6 0 54.1
    endloop
  endfacet
  facet normal 0 0 1
    outer loop
      vertex -59.313 -5.84182 54.1
      vertex -62.6966 -6.17508 54.1
      vertex -62.3181 -9.24402 54.1
    endloop
  endfacet
  facet normal 0 0 1
    outer loop
      vertex -63 0 54.1
      vertex -59.6 0 54.1
      vertex -62.9241 3.09126 54.1
    endloop
  endfacet
  facet normal 0 0 1
    outer loop
      vertex -59.5282 -2.92443 54.1
      vertex -62.9241 -3.09126 54.1
      vertex -62.6966 -6.17508 54.1
    endloop
  endfacet
  facet normal 0 0 1
    outer loop
      vertex -59.6 0 54.1
      vertex -63 0 54.1
      vertex -62.9241 -3.09126 54.1
    endloop
  endfacet
  facet normal -0.932989 0.359904 0
    outer loop
      vertex -59.3173 21.2241 49.9
      vertex -58.2044 24.1091 54.1
      vertex -58.2044 24.1091 49.9
    endloop
  endfacet
  facet normal -0.932989 0.359904 0
    outer loop
      vertex -58.2044 24.1091 54.1
      vertex -59.3173 21.2241 49.9
      vertex -59.3173 21.2241 54.1
    endloop
  endfacet
  facet normal -0.949537 0.313656 0
    outer loop
      vertex -60.2872 18.2879 49.9
      vertex -59.3173 21.2241 54.1
      vertex -59.3173 21.2241 49.9
    endloop
  endfacet
  facet normal -0.949537 0.313656 0
    outer loop
      vertex -59.3173 21.2241 54.1
      vertex -60.2872 18.2879 49.9
      vertex -60.2872 18.2879 54.1
    endloop
  endfacet
  facet normal 0.975703 -0.219097 0
    outer loop
      vertex 61.112 -15.3078 54.1
      vertex 61.7895 -12.2907 49.9
      vertex 61.7895 -12.2907 54.1
    endloop
  endfacet
  facet normal 0.975703 -0.219097 0
    outer loop
      vertex 61.7895 -12.2907 49.9
      vertex 61.112 -15.3078 54.1
      vertex 61.112 -15.3078 49.9
    endloop
  endfacet
  facet normal 0.963768 -0.266741 0
    outer loop
      vertex 60.2872 -18.2879 54.1
      vertex 61.112 -15.3078 49.9
      vertex 61.112 -15.3078 54.1
    endloop
  endfacet
  facet normal 0.963768 -0.266741 0
    outer loop
      vertex 61.112 -15.3078 49.9
      vertex 60.2872 -18.2879 54.1
      vertex 60.2872 -18.2879 49.9
    endloop
  endfacet
  facet normal -0.817594 -0.575795 0
    outer loop
      vertex -50.6021 -37.5291 49.9
      vertex -52.3826 -35.0009 54.1
      vertex -52.3826 -35.0009 49.9
    endloop
  endfacet
  facet normal -0.817594 -0.575795 0
    outer loop
      vertex -52.3826 -35.0009 54.1
      vertex -50.6021 -37.5291 49.9
      vertex -50.6021 -37.5291 54.1
    endloop
  endfacet
  facet normal -0.844851 -0.535001 0
    outer loop
      vertex -52.3826 -35.0009 49.9
      vertex -54.0369 -32.3885 54.1
      vertex -54.0369 -32.3885 49.9
    endloop
  endfacet
  facet normal -0.844851 -0.535001 0
    outer loop
      vertex -54.0369 -32.3885 54.1
      vertex -52.3826 -35.0009 49.9
      vertex -52.3826 -35.0009 54.1
    endloop
  endfacet
  facet normal 0 0 -1
    outer loop
      vertex 62.7388 -0.0490674 49.9
      vertex 63 0 49.9
      vertex 62.9241 -3.09126 49.9
    endloop
  endfacet
  facet normal 0 0 -1
    outer loop
      vertex 62.7388 0.0490674 49.9
      vertex 63 0 49.9
      vertex 62.74 0 49.9
    endloop
  endfacet
  facet normal -0 0 -1
    outer loop
      vertex 63 0 49.9
      vertex 62.7388 -0.0490674 49.9
      vertex 62.74 0 49.9
    endloop
  endfacet
  facet normal 0 0 -1
    outer loop
      vertex 62.4415 -6.10065 49.9
      vertex 62.9241 -3.09126 49.9
      vertex 62.6966 -6.17508 49.9
    endloop
  endfacet
  facet normal 0 0 -1
    outer loop
      vertex 62.9241 -3.09126 49.9
      vertex 62.6644 -3.07851 49.9
      vertex 62.7388 -0.0490674 49.9
    endloop
  endfacet
  facet normal -0 0 -1
    outer loop
      vertex 62.9241 -3.09126 49.9
      vertex 62.4415 -6.10065 49.9
      vertex 62.6644 -3.07851 49.9
    endloop
  endfacet
  facet normal 0 0 -1
    outer loop
      vertex 62.6966 -6.17508 49.9
      vertex 62.4379 -6.1496 49.9
      vertex 62.4415 -6.10065 49.9
    endloop
  endfacet
  facet normal -0 0 -1
    outer loop
      vertex 62.6966 -6.17508 49.9
      vertex 62.4319 -6.19831 49.9
      vertex 62.4379 -6.1496 49.9
    endloop
  endfacet
  facet normal 0 0 -1
    outer loop
      vertex 62.3181 -9.24402 49.9
      vertex 62.4319 -6.19831 49.9
      vertex 62.6966 -6.17508 49.9
    endloop
  endfacet
  facet normal 0 0 -1
    outer loop
      vertex 62.3181 -9.24402 49.9
      vertex 62.0609 -9.20587 49.9
      vertex 62.4319 -6.19831 49.9
    endloop
  endfacet
  facet normal -0 0 -1
    outer loop
      vertex 62.3181 -9.24402 49.9
      vertex 62.0525 -9.25423 49.9
      vertex 62.0609 -9.20587 49.9
    endloop
  endfacet
  facet normal 0 0 -1
    outer loop
      vertex 61.7895 -12.2907 49.9
      vertex 62.0525 -9.25423 49.9
      vertex 62.3181 -9.24402 49.9
    endloop
  endfacet
  facet normal 0 0 -1
    outer loop
      vertex 61.7895 -12.2907 49.9
      vertex 61.5345 -12.24 49.9
      vertex 62.0525 -9.25423 49.9
    endloop
  endfacet
  facet normal 0 0 -1
    outer loop
      vertex 61.7895 -12.2907 49.9
      vertex 61.5237 -12.2879 49.9
      vertex 61.5345 -12.24 49.9
    endloop
  endfacet
  facet normal 0 0 -1
    outer loop
      vertex 61.112 -15.3078 49.9
      vertex 61.5237 -12.2879 49.9
      vertex 61.7895 -12.2907 49.9
    endloop
  endfacet
  facet normal 0 0 -1
    outer loop
      vertex 61.112 -15.3078 49.9
      vertex 60.8598 -15.2446 49.9
      vertex 61.5237 -12.2879 49.9
    endloop
  endfacet
  facet normal 0 0 -1
    outer loop
      vertex 60.0515 -18.1652 49.9
      vertex 61.112 -15.3078 49.9
      vertex 60.2872 -18.2879 49.9
    endloop
  endfacet
  facet normal -0 0 -1
    outer loop
      vertex 61.112 -15.3078 49.9
      vertex 60.0515 -18.1652 49.9
      vertex 60.8598 -15.2446 49.9
    endloop
  endfacet
  facet normal 0 0 -1
    outer loop
      vertex 60.2872 -18.2879 49.9
      vertex 60.0384 -18.2125 49.9
      vertex 60.0515 -18.1652 49.9
    endloop
  endfacet
  facet normal 0 0 -1
    outer loop
      vertex 59.0879 -21.0899 49.9
      vertex 60.2872 -18.2879 49.9
      vertex 59.3173 -21.2241 49.9
    endloop
  endfacet
  facet normal -0 0 -1
    outer loop
      vertex 60.2872 -18.2879 49.9
      vertex 59.0879 -21.0899 49.9
      vertex 60.0384 -18.2125 49.9
    endloop
  endfacet
  facet normal 0 0 -1
    outer loop
      vertex 59.3173 -21.2241 49.9
      vertex 59.0725 -21.1365 49.9
      vertex 59.0879 -21.0899 49.9
    endloop
  endfacet
  facet normal 0 0 -1
    outer loop
      vertex 59.3173 -21.2241 49.9
      vertex 59.0548 -21.1823 49.9
      vertex 59.0725 -21.1365 49.9
    endloop
  endfacet
  facet normal 0 0 -1
    outer loop
      vertex 58.2044 -24.1091 49.9
      vertex 59.0548 -21.1823 49.9
      vertex 59.3173 -21.2241 49.9
    endloop
  endfacet
  facet normal 0 0 -1
    outer loop
      vertex 58.2044 -24.1091 49.9
      vertex 57.9642 -24.0096 49.9
      vertex 59.0548 -21.1823 49.9
    endloop
  endfacet
  facet normal 0 0 -1
    outer loop
      vertex 56.7362 -26.7799 49.9
      vertex 58.2044 -24.1091 49.9
      vertex 56.9513 -26.936 49.9
    endloop
  endfacet
  facet normal -0 0 -1
    outer loop
      vertex 58.2044 -24.1091 49.9
      vertex 56.7362 -26.7799 49.9
      vertex 57.9642 -24.0096 49.9
    endloop
  endfacet
  facet normal 0 0 -1
    outer loop
      vertex 56.9513 -26.936 49.9
      vertex 56.7163 -26.8248 49.9
      vertex 56.7362 -26.7799 49.9
    endloop
  endfacet
  facet normal 0 0 -1
    outer loop
      vertex 56.9513 -26.936 49.9
      vertex 56.6942 -26.8686 49.9
      vertex 56.7163 -26.8248 49.9
    endloop
  endfacet
  facet normal 0 0 -1
    outer loop
      vertex 55.561 -29.698 49.9
      vertex 56.6942 -26.8686 49.9
      vertex 56.9513 -26.936 49.9
    endloop
  endfacet
  facet normal 0 0 -1
    outer loop
      vertex 55.561 -29.698 49.9
      vertex 55.3317 -29.5754 49.9
      vertex 56.6942 -26.8686 49.9
    endloop
  endfacet
  facet normal 0 0 -1
    outer loop
      vertex 53.8381 -32.2121 49.9
      vertex 55.561 -29.698 49.9
      vertex 54.0369 -32.3885 49.9
    endloop
  endfacet
  facet normal -0 0 -1
    outer loop
      vertex 55.561 -29.698 49.9
      vertex 53.8381 -32.2121 49.9
      vertex 55.3317 -29.5754 49.9
    endloop
  endfacet
  facet normal 0 0 -1
    outer loop
      vertex 54.0369 -32.3885 49.9
      vertex 53.8139 -32.2548 49.9
      vertex 53.8381 -32.2121 49.9
    endloop
  endfacet
  facet normal 0 0 -1
    outer loop
      vertex 54.0369 -32.3885 49.9
      vertex 53.7876 -32.2963 49.9
      vertex 53.8139 -32.2548 49.9
    endloop
  endfacet
  facet normal 0 0 -1
    outer loop
      vertex 52.3826 -35.0009 49.9
      vertex 53.7876 -32.2963 49.9
      vertex 54.0369 -32.3885 49.9
    endloop
  endfacet
  facet normal 0 0 -1
    outer loop
      vertex 52.3826 -35.0009 49.9
      vertex 52.1664 -34.8565 49.9
      vertex 53.7876 -32.2963 49.9
    endloop
  endfacet
  facet normal 0 0 -1
    outer loop
      vertex 52.3826 -35.0009 49.9
      vertex 52.1381 -34.8966 49.9
      vertex 52.1664 -34.8565 49.9
    endloop
  endfacet
  facet normal 0 0 -1
    outer loop
      vertex 50.6021 -37.5291 49.9
      vertex 52.1381 -34.8966 49.9
      vertex 52.3826 -35.0009 49.9
    endloop
  endfacet
  facet normal 0 0 -1
    outer loop
      vertex 50.6021 -37.5291 49.9
      vertex 50.3932 -37.3742 49.9
      vertex 52.1381 -34.8966 49.9
    endloop
  endfacet
  facet normal 0 0 -1
    outer loop
      vertex 48.5289 -39.7631 49.9
      vertex 50.6021 -37.5291 49.9
      vertex 48.6997 -39.9668 49.9
    endloop
  endfacet
  facet normal -0 0 -1
    outer loop
      vertex 50.6021 -37.5291 49.9
      vertex 48.5289 -39.7631 49.9
      vertex 50.3932 -37.3742 49.9
    endloop
  endfacet
  facet normal 0 0 -1
    outer loop
      vertex 48.6997 -39.9668 49.9
      vertex 48.4987 -39.8018 49.9
      vertex 48.5289 -39.7631 49.9
    endloop
  endfacet
  facet normal 0 0 -1
    outer loop
      vertex 48.6997 -39.9668 49.9
      vertex 48.4666 -39.839 49.9
      vertex 48.4987 -39.8018 49.9
    endloop
  endfacet
  facet normal 0 0 -1
    outer loop
      vertex 46.6799 -42.3082 49.9
      vertex 48.4666 -39.839 49.9
      vertex 48.6997 -39.9668 49.9
    endloop
  endfacet
  facet normal 0 0 -1
    outer loop
      vertex 46.6799 -42.3082 49.9
      vertex 46.4873 -42.1336 49.9
      vertex 48.4666 -39.839 49.9
    endloop
  endfacet
  facet normal 0 0 -1
    outer loop
      vertex 46.6799 -42.3082 49.9
      vertex 46.4534 -42.1692 49.9
      vertex 46.4873 -42.1336 49.9
    endloop
  endfacet
  facet normal 0 0 -1
    outer loop
      vertex 44.5477 -44.5477 49.9
      vertex 46.4534 -42.1692 49.9
      vertex 46.6799 -42.3082 49.9
    endloop
  endfacet
  facet normal 0 0 -1
    outer loop
      vertex 44.5477 -44.5477 49.9
      vertex 44.3639 -44.3639 49.9
      vertex 46.4534 -42.1692 49.9
    endloop
  endfacet
  facet normal 0 0 -1
    outer loop
      vertex 42.1692 -46.4534 49.9
      vertex 44.5477 -44.5477 49.9
      vertex 42.3082 -46.6799 49.9
    endloop
  endfacet
  facet normal -0 0 -1
    outer loop
      vertex 44.5477 -44.5477 49.9
      vertex 42.1692 -46.4534 49.9
      vertex 44.3639 -44.3639 49.9
    endloop
  endfacet
  facet normal 0 0 -1
    outer loop
      vertex 42.3082 -46.6799 49.9
      vertex 42.1336 -46.4873 49.9
      vertex 42.1692 -46.4534 49.9
    endloop
  endfacet
  facet normal 0 0 -1
    outer loop
      vertex 39.839 -48.4666 49.9
      vertex 42.3082 -46.6799 49.9
      vertex 39.9668 -48.6997 49.9
    endloop
  endfacet
  facet normal -0 0 -1
    outer loop
      vertex 42.3082 -46.6799 49.9
      vertex 39.839 -48.4666 49.9
      vertex 42.1336 -46.4873 49.9
    endloop
  endfacet
  facet normal 0 0 -1
    outer loop
      vertex 39.9668 -48.6997 49.9
      vertex 39.8018 -48.4987 49.9
      vertex 39.839 -48.4666 49.9
    endloop
  endfacet
  facet normal 0 0 -1
    outer loop
      vertex 39.9668 -48.6997 49.9
      vertex 39.7631 -48.5289 49.9
      vertex 39.8018 -48.4987 49.9
    endloop
  endfacet
  facet normal 0 0 -1
    outer loop
      vertex 37.5291 -50.6021 49.9
      vertex 39.7631 -48.5289 49.9
      vertex 39.9668 -48.6997 49.9
    endloop
  endfacet
  facet normal 0 0 -1
    outer loop
      vertex 37.5291 -50.6021 49.9
      vertex 37.3742 -50.3932 49.9
      vertex 39.7631 -48.5289 49.9
    endloop
  endfacet
  facet normal 0 0 -1
    outer loop
      vertex 34.8966 -52.1381 49.9
      vertex 37.5291 -50.6021 49.9
      vertex 35.0009 -52.3826 49.9
    endloop
  endfacet
  facet normal -0 0 -1
    outer loop
      vertex 37.5291 -50.6021 49.9
      vertex 34.8966 -52.1381 49.9
      vertex 37.3742 -50.3932 49.9
    endloop
  endfacet
  facet normal 0 0 -1
    outer loop
      vertex 35.0009 -52.3826 49.9
      vertex 34.8565 -52.1664 49.9
      vertex 34.8966 -52.1381 49.9
    endloop
  endfacet
  facet normal 0 0 -1
    outer loop
      vertex 32.2963 -53.7876 49.9
      vertex 35.0009 -52.3826 49.9
      vertex 32.3885 -54.0369 49.9
    endloop
  endfacet
  facet normal -0 0 -1
    outer loop
      vertex 35.0009 -52.3826 49.9
      vertex 32.2963 -53.7876 49.9
      vertex 34.8565 -52.1664 49.9
    endloop
  endfacet
  facet normal 0 0 -1
    outer loop
      vertex 32.3885 -54.0369 49.9
      vertex 32.2548 -53.8139 49.9
      vertex 32.2963 -53.7876 49.9
    endloop
  endfacet
  facet normal 0 0 -1
    outer loop
      vertex 32.3885 -54.0369 49.9
      vertex 32.2121 -53.8381 49.9
      vertex 32.2548 -53.8139 49.9
    endloop
  endfacet
  facet normal 0 0 -1
    outer loop
      vertex 29.698 -55.561 49.9
      vertex 32.2121 -53.8381 49.9
      vertex 32.3885 -54.0369 49.9
    endloop
  endfacet
  facet normal 0 0 -1
    outer loop
      vertex 29.698 -55.561 49.9
      vertex 29.5754 -55.3317 49.9
      vertex 32.2121 -53.8381 49.9
    endloop
  endfacet
  facet normal 0 0 -1
    outer loop
      vertex 26.8686 -56.6942 49.9
      vertex 29.698 -55.561 49.9
      vertex 26.936 -56.9513 49.9
    endloop
  endfacet
  facet normal -0 0 -1
    outer loop
      vertex 29.698 -55.561 49.9
      vertex 26.8686 -56.6942 49.9
      vertex 29.5754 -55.3317 49.9
    endloop
  endfacet
  facet normal 0 0 -1
    outer loop
      vertex 26.936 -56.9513 49.9
      vertex 26.8248 -56.7163 49.9
      vertex 26.8686 -56.6942 49.9
    endloop
  endfacet
  facet normal 0 0 -1
    outer loop
      vertex 26.936 -56.9513 49.9
      vertex 26.7799 -56.7362 49.9
      vertex 26.8248 -56.7163 49.9
    endloop
  endfacet
  facet normal 0 0 -1
    outer loop
      vertex 24.1091 -58.2044 49.9
      vertex 26.7799 -56.7362 49.9
      vertex 26.936 -56.9513 49.9
    endloop
  endfacet
  facet normal 0 0 -1
    outer loop
      vertex 24.1091 -58.2044 49.9
      vertex 24.0096 -57.9642 49.9
      vertex 26.7799 -56.7362 49.9
    endloop
  endfacet
  facet normal 0 0 -1
    outer loop
      vertex 21.1823 -59.0548 49.9
      vertex 24.1091 -58.2044 49.9
      vertex 21.2241 -59.3173 49.9
    endloop
  endfacet
  facet normal -0 0 -1
    outer loop
      vertex 24.1091 -58.2044 49.9
      vertex 21.1823 -59.0548 49.9
      vertex 24.0096 -57.9642 49.9
    endloop
  endfacet
  facet normal 0 0 -1
    outer loop
      vertex 21.2241 -59.3173 49.9
      vertex 21.1365 -59.0725 49.9
      vertex 21.1823 -59.0548 49.9
    endloop
  endfacet
  facet normal 0 0 -1
    outer loop
      vertex 21.2241 -59.3173 49.9
      vertex 21.0899 -59.0879 49.9
      vertex 21.1365 -59.0725 49.9
    endloop
  endfacet
  facet normal 0 0 -1
    outer loop
      vertex 18.2879 -60.2872 49.9
      vertex 21.0899 -59.0879 49.9
      vertex 21.2241 -59.3173 49.9
    endloop
  endfacet
  facet normal 0 0 -1
    outer loop
      vertex 18.2879 -60.2872 49.9
      vertex 18.2125 -60.0384 49.9
      vertex 21.0899 -59.0879 49.9
    endloop
  endfacet
  facet normal 0 0 -1
    outer loop
      vertex 18.2879 -60.2872 49.9
      vertex 18.1652 -60.0515 49.9
      vertex 18.2125 -60.0384 49.9
    endloop
  endfacet
  facet normal 0 0 -1
    outer loop
      vertex 15.3078 -61.112 49.9
      vertex 18.1652 -60.0515 49.9
      vertex 18.2879 -60.2872 49.9
    endloop
  endfacet
  facet normal 0 0 -1
    outer loop
      vertex 15.3078 -61.112 49.9
      vertex 15.2446 -60.8598 49.9
      vertex 18.1652 -60.0515 49.9
    endloop
  endfacet
  facet normal 0 0 -1
    outer loop
      vertex 12.2879 -61.5237 49.9
      vertex 15.3078 -61.112 49.9
      vertex 12.2907 -61.7895 49.9
    endloop
  endfacet
  facet normal -0 0 -1
    outer loop
      vertex 15.3078 -61.112 49.9
      vertex 12.2879 -61.5237 49.9
      vertex 15.2446 -60.8598 49.9
    endloop
  endfacet
  facet normal 0 0 -1
    outer loop
      vertex 12.2907 -61.7895 49.9
      vertex 12.24 -61.5345 49.9
      vertex 12.2879 -61.5237 49.9
    endloop
  endfacet
  facet normal -0 0 -1
    outer loop
      vertex 12.2907 -61.7895 49.9
      vertex 9.25423 -62.0525 49.9
      vertex 12.24 -61.5345 49.9
    endloop
  endfacet
  facet normal 0 0 -1
    outer loop
      vertex 9.24402 -62.3181 49.9
      vertex 9.25423 -62.0525 49.9
      vertex 12.2907 -61.7895 49.9
    endloop
  endfacet
  facet normal 0 0 -1
    outer loop
      vertex 9.24402 -62.3181 49.9
      vertex 9.20587 -62.0609 49.9
      vertex 9.25423 -62.0525 49.9
    endloop
  endfacet
  facet normal -0 0 -1
    outer loop
      vertex 9.24402 -62.3181 49.9
      vertex 6.19831 -62.4319 49.9
      vertex 9.20587 -62.0609 49.9
    endloop
  endfacet
  facet normal 0 0 -1
    outer loop
      vertex 6.17508 -62.6966 49.9
      vertex 6.19831 -62.4319 49.9
      vertex 9.24402 -62.3181 49.9
    endloop
  endfacet
  facet normal 0 0 -1
    outer loop
      vertex 6.17508 -62.6966 49.9
      vertex 6.1496 -62.4379 49.9
      vertex 6.19831 -62.4319 49.9
    endloop
  endfacet
  facet normal 0 0 -1
    outer loop
      vertex 6.17508 -62.6966 49.9
      vertex 6.10065 -62.4415 49.9
      vertex 6.1496 -62.4379 49.9
    endloop
  endfacet
  facet normal 0 0 -1
    outer loop
      vertex 3.09126 -62.9241 49.9
      vertex 6.10065 -62.4415 49.9
      vertex 6.17508 -62.6966 49.9
    endloop
  endfacet
  facet normal 0 0 -1
    outer loop
      vertex 3.09126 -62.9241 49.9
      vertex 3.07851 -62.6644 49.9
      vertex 6.10065 -62.4415 49.9
    endloop
  endfacet
  facet normal 0 0 -1
    outer loop
      vertex 3.09126 -62.9241 49.9
      vertex 0.0490674 -62.7388 49.9
      vertex 3.07851 -62.6644 49.9
    endloop
  endfacet
  facet normal 0 0 -1
    outer loop
      vertex 0 -63 49.9
      vertex 0.0490674 -62.7388 49.9
      vertex 3.09126 -62.9241 49.9
    endloop
  endfacet
  facet normal 0 0 -1
    outer loop
      vertex 0 -63 49.9
      vertex 0 -62.74 49.9
      vertex 0.0490674 -62.7388 49.9
    endloop
  endfacet
  facet normal 0 0 -1
    outer loop
      vertex 0 -63 49.9
      vertex -0.0490674 -62.7388 49.9
      vertex 0 -62.74 49.9
    endloop
  endfacet
  facet normal 0 0 -1
    outer loop
      vertex -3.09126 -62.9241 49.9
      vertex -0.0490674 -62.7388 49.9
      vertex 0 -63 49.9
    endloop
  endfacet
  facet normal -0 0 -1
    outer loop
      vertex -0.0490674 -62.7388 49.9
      vertex -3.09126 -62.9241 49.9
      vertex -3.07851 -62.6644 49.9
    endloop
  endfacet
  facet normal 0 0 -1
    outer loop
      vertex -3.09126 -62.9241 49.9
      vertex -6.10065 -62.4415 49.9
      vertex -3.07851 -62.6644 49.9
    endloop
  endfacet
  facet normal 0 0 -1
    outer loop
      vertex -6.17508 -62.6966 49.9
      vertex -6.10065 -62.4415 49.9
      vertex -3.09126 -62.9241 49.9
    endloop
  endfacet
  facet normal -0 0 -1
    outer loop
      vertex -6.10065 -62.4415 49.9
      vertex -6.17508 -62.6966 49.9
      vertex -6.1496 -62.4379 49.9
    endloop
  endfacet
  facet normal 0 0 -1
    outer loop
      vertex -6.17508 -62.6966 49.9
      vertex -6.19831 -62.4319 49.9
      vertex -6.1496 -62.4379 49.9
    endloop
  endfacet
  facet normal 0 0 -1
    outer loop
      vertex -9.24402 -62.3181 49.9
      vertex -6.19831 -62.4319 49.9
      vertex -6.17508 -62.6966 49.9
    endloop
  endfacet
  facet normal 0 0 -1
    outer loop
      vertex -6.19831 -62.4319 49.9
      vertex -9.24402 -62.3181 49.9
      vertex -9.20587 -62.0609 49.9
    endloop
  endfacet
  facet normal 0 0 -1
    outer loop
      vertex -9.24402 -62.3181 49.9
      vertex -9.25423 -62.0525 49.9
      vertex -9.20587 -62.0609 49.9
    endloop
  endfacet
  facet normal 0 0 -1
    outer loop
      vertex -12.2907 -61.7895 49.9
      vertex -9.25423 -62.0525 49.9
      vertex -9.24402 -62.3181 49.9
    endloop
  endfacet
  facet normal 0 0 -1
    outer loop
      vertex -9.25423 -62.0525 49.9
      vertex -12.2907 -61.7895 49.9
      vertex -12.24 -61.5345 49.9
    endloop
  endfacet
  facet normal -0 0 -1
    outer loop
      vertex -12.24 -61.5345 49.9
      vertex -12.2907 -61.7895 49.9
      vertex -12.2879 -61.5237 49.9
    endloop
  endfacet
  facet normal 0 0 -1
    outer loop
      vertex -15.3078 -61.112 49.9
      vertex -12.2879 -61.5237 49.9
      vertex -12.2907 -61.7895 49.9
    endloop
  endfacet
  facet normal 0 0 -1
    outer loop
      vertex -12.2879 -61.5237 49.9
      vertex -15.3078 -61.112 49.9
      vertex -15.2446 -60.8598 49.9
    endloop
  endfacet
  facet normal 0 0 -1
    outer loop
      vertex -15.3078 -61.112 49.9
      vertex -18.1652 -60.0515 49.9
      vertex -15.2446 -60.8598 49.9
    endloop
  endfacet
  facet normal 0 0 -1
    outer loop
      vertex -18.2879 -60.2872 49.9
      vertex -18.1652 -60.0515 49.9
      vertex -15.3078 -61.112 49.9
    endloop
  endfacet
  facet normal -0 0 -1
    outer loop
      vertex -18.1652 -60.0515 49.9
      vertex -18.2879 -60.2872 49.9
      vertex -18.2125 -60.0384 49.9
    endloop
  endfacet
  facet normal 0 0 -1
    outer loop
      vertex -18.2879 -60.2872 49.9
      vertex -21.0899 -59.0879 49.9
      vertex -18.2125 -60.0384 49.9
    endloop
  endfacet
  facet normal 0 0 -1
    outer loop
      vertex -21.2241 -59.3173 49.9
      vertex -21.0899 -59.0879 49.9
      vertex -18.2879 -60.2872 49.9
    endloop
  endfacet
  facet normal -0 0 -1
    outer loop
      vertex -21.0899 -59.0879 49.9
      vertex -21.2241 -59.3173 49.9
      vertex -21.1365 -59.0725 49.9
    endloop
  endfacet
  facet normal -0 0 -1
    outer loop
      vertex -21.1365 -59.0725 49.9
      vertex -21.2241 -59.3173 49.9
      vertex -21.1823 -59.0548 49.9
    endloop
  endfacet
  facet normal 0 0 -1
    outer loop
      vertex -24.1091 -58.2044 49.9
      vertex -21.1823 -59.0548 49.9
      vertex -21.2241 -59.3173 49.9
    endloop
  endfacet
  facet normal 0 0 -1
    outer loop
      vertex -21.1823 -59.0548 49.9
      vertex -24.1091 -58.2044 49.9
      vertex -24.0096 -57.9642 49.9
    endloop
  endfacet
  facet normal 0 0 -1
    outer loop
      vertex -24.1091 -58.2044 49.9
      vertex -26.7799 -56.7362 49.9
      vertex -24.0096 -57.9642 49.9
    endloop
  endfacet
  facet normal 0 0 -1
    outer loop
      vertex -26.936 -56.9513 49.9
      vertex -26.7799 -56.7362 49.9
      vertex -24.1091 -58.2044 49.9
    endloop
  endfacet
  facet normal -0 0 -1
    outer loop
      vertex -26.7799 -56.7362 49.9
      vertex -26.936 -56.9513 49.9
      vertex -26.8248 -56.7163 49.9
    endloop
  endfacet
  facet normal -0 0 -1
    outer loop
      vertex -26.8248 -56.7163 49.9
      vertex -26.936 -56.9513 49.9
      vertex -26.8686 -56.6942 49.9
    endloop
  endfacet
  facet normal 0 0 -1
    outer loop
      vertex -29.698 -55.561 49.9
      vertex -26.8686 -56.6942 49.9
      vertex -26.936 -56.9513 49.9
    endloop
  endfacet
  facet normal 0 0 -1
    outer loop
      vertex -26.8686 -56.6942 49.9
      vertex -29.698 -55.561 49.9
      vertex -29.5754 -55.3317 49.9
    endloop
  endfacet
  facet normal 0 0 -1
    outer loop
      vertex -29.698 -55.561 49.9
      vertex -32.2121 -53.8381 49.9
      vertex -29.5754 -55.3317 49.9
    endloop
  endfacet
  facet normal 0 0 -1
    outer loop
      vertex -32.3885 -54.0369 49.9
      vertex -32.2121 -53.8381 49.9
      vertex -29.698 -55.561 49.9
    endloop
  endfacet
  facet normal -0 0 -1
    outer loop
      vertex -32.2121 -53.8381 49.9
      vertex -32.3885 -54.0369 49.9
      vertex -32.2548 -53.8139 49.9
    endloop
  endfacet
  facet normal -0 0 -1
    outer loop
      vertex -32.2548 -53.8139 49.9
      vertex -32.3885 -54.0369 49.9
      vertex -32.2963 -53.7876 49.9
    endloop
  endfacet
  facet normal 0 0 -1
    outer loop
      vertex -35.0009 -52.3826 49.9
      vertex -32.2963 -53.7876 49.9
      vertex -32.3885 -54.0369 49.9
    endloop
  endfacet
  facet normal 0 0 -1
    outer loop
      vertex -32.2963 -53.7876 49.9
      vertex -35.0009 -52.3826 49.9
      vertex -34.8565 -52.1664 49.9
    endloop
  endfacet
  facet normal -0 0 -1
    outer loop
      vertex -34.8565 -52.1664 49.9
      vertex -35.0009 -52.3826 49.9
      vertex -34.8966 -52.1381 49.9
    endloop
  endfacet
  facet normal 0 0 -1
    outer loop
      vertex -37.5291 -50.6021 49.9
      vertex -34.8966 -52.1381 49.9
      vertex -35.0009 -52.3826 49.9
    endloop
  endfacet
  facet normal 0 0 -1
    outer loop
      vertex -34.8966 -52.1381 49.9
      vertex -37.5291 -50.6021 49.9
      vertex -37.3742 -50.3932 49.9
    endloop
  endfacet
  facet normal 0 0 -1
    outer loop
      vertex -37.5291 -50.6021 49.9
      vertex -39.7631 -48.5289 49.9
      vertex -37.3742 -50.3932 49.9
    endloop
  endfacet
  facet normal 0 0 -1
    outer loop
      vertex -39.9668 -48.6997 49.9
      vertex -39.7631 -48.5289 49.9
      vertex -37.5291 -50.6021 49.9
    endloop
  endfacet
  facet normal -0 0 -1
    outer loop
      vertex -39.7631 -48.5289 49.9
      vertex -39.9668 -48.6997 49.9
      vertex -39.8018 -48.4987 49.9
    endloop
  endfacet
  facet normal -0 0 -1
    outer loop
      vertex -39.8018 -48.4987 49.9
      vertex -39.9668 -48.6997 49.9
      vertex -39.839 -48.4666 49.9
    endloop
  endfacet
  facet normal 0 0 -1
    outer loop
      vertex -42.3082 -46.6799 49.9
      vertex -39.839 -48.4666 49.9
      vertex -39.9668 -48.6997 49.9
    endloop
  endfacet
  facet normal 0 0 -1
    outer loop
      vertex -39.839 -48.4666 49.9
      vertex -42.3082 -46.6799 49.9
      vertex -42.1336 -46.4873 49.9
    endloop
  endfacet
  facet normal -0 0 -1
    outer loop
      vertex -42.1336 -46.4873 49.9
      vertex -42.3082 -46.6799 49.9
      vertex -42.1692 -46.4534 49.9
    endloop
  endfacet
  facet normal 0 0 -1
    outer loop
      vertex -44.5477 -44.5477 49.9
      vertex -42.1692 -46.4534 49.9
      vertex -42.3082 -46.6799 49.9
    endloop
  endfacet
  facet normal 0 0 -1
    outer loop
      vertex -42.1692 -46.4534 49.9
      vertex -44.5477 -44.5477 49.9
      vertex -44.3639 -44.3639 49.9
    endloop
  endfacet
  facet normal 0 0 -1
    outer loop
      vertex -44.5477 -44.5477 49.9
      vertex -46.4534 -42.1692 49.9
      vertex -44.3639 -44.3639 49.9
    endloop
  endfacet
  facet normal 0 0 -1
    outer loop
      vertex -46.6799 -42.3082 49.9
      vertex -46.4534 -42.1692 49.9
      vertex -44.5477 -44.5477 49.9
    endloop
  endfacet
  facet normal -0 0 -1
    outer loop
      vertex -46.4534 -42.1692 49.9
      vertex -46.6799 -42.3082 49.9
      vertex -46.4873 -42.1336 49.9
    endloop
  endfacet
  facet normal 0 0 -1
    outer loop
      vertex -46.6799 -42.3082 49.9
      vertex -48.4666 -39.839 49.9
      vertex -46.4873 -42.1336 49.9
    endloop
  endfacet
  facet normal 0 0 -1
    outer loop
      vertex -48.6997 -39.9668 49.9
      vertex -48.4666 -39.839 49.9
      vertex -46.6799 -42.3082 49.9
    endloop
  endfacet
  facet normal -0 0 -1
    outer loop
      vertex -48.4666 -39.839 49.9
      vertex -48.6997 -39.9668 49.9
      vertex -48.4987 -39.8018 49.9
    endloop
  endfacet
  facet normal -0 0 -1
    outer loop
      vertex -48.4987 -39.8018 49.9
      vertex -48.6997 -39.9668 49.9
      vertex -48.5289 -39.7631 49.9
    endloop
  endfacet
  facet normal 0 0 -1
    outer loop
      vertex -50.6021 -37.5291 49.9
      vertex -48.5289 -39.7631 49.9
      vertex -48.6997 -39.9668 49.9
    endloop
  endfacet
  facet normal 0 0 -1
    outer loop
      vertex -48.5289 -39.7631 49.9
      vertex -50.6021 -37.5291 49.9
      vertex -50.3932 -37.3742 49.9
    endloop
  endfacet
  facet normal 0 0 -1
    outer loop
      vertex -50.6021 -37.5291 49.9
      vertex -52.1381 -34.8966 49.9
      vertex -50.3932 -37.3742 49.9
    endloop
  endfacet
  facet normal 0 0 -1
    outer loop
      vertex -52.3826 -35.0009 49.9
      vertex -52.1381 -34.8966 49.9
      vertex -50.6021 -37.5291 49.9
    endloop
  endfacet
  facet normal -0 0 -1
    outer loop
      vertex -52.1381 -34.8966 49.9
      vertex -52.3826 -35.0009 49.9
      vertex -52.1664 -34.8565 49.9
    endloop
  endfacet
  facet normal 0 0 -1
    outer loop
      vertex -52.3826 -35.0009 49.9
      vertex -53.7876 -32.2963 49.9
      vertex -52.1664 -34.8565 49.9
    endloop
  endfacet
  facet normal 0 0 -1
    outer loop
      vertex -54.0369 -32.3885 49.9
      vertex -53.7876 -32.2963 49.9
      vertex -52.3826 -35.0009 49.9
    endloop
  endfacet
  facet normal -0 0 -1
    outer loop
      vertex -53.7876 -32.2963 49.9
      vertex -54.0369 -32.3885 49.9
      vertex -53.8139 -32.2548 49.9
    endloop
  endfacet
  facet normal -0 0 -1
    outer loop
      vertex -53.8139 -32.2548 49.9
      vertex -54.0369 -32.3885 49.9
      vertex -53.8381 -32.2121 49.9
    endloop
  endfacet
  facet normal 0 0 -1
    outer loop
      vertex -55.561 -29.698 49.9
      vertex -53.8381 -32.2121 49.9
      vertex -54.0369 -32.3885 49.9
    endloop
  endfacet
  facet normal 0 0 -1
    outer loop
      vertex -53.8381 -32.2121 49.9
      vertex -55.561 -29.698 49.9
      vertex -55.3317 -29.5754 49.9
    endloop
  endfacet
  facet normal 0 0 -1
    outer loop
      vertex -55.561 -29.698 49.9
      vertex -56.6942 -26.8686 49.9
      vertex -55.3317 -29.5754 49.9
    endloop
  endfacet
  facet normal 0 0 -1
    outer loop
      vertex -56.9513 -26.936 49.9
      vertex -56.6942 -26.8686 49.9
      vertex -55.561 -29.698 49.9
    endloop
  endfacet
  facet normal -0 0 -1
    outer loop
      vertex -56.6942 -26.8686 49.9
      vertex -56.9513 -26.936 49.9
      vertex -56.7163 -26.8248 49.9
    endloop
  endfacet
  facet normal -0 0 -1
    outer loop
      vertex -56.7163 -26.8248 49.9
      vertex -56.9513 -26.936 49.9
      vertex -56.7362 -26.7799 49.9
    endloop
  endfacet
  facet normal 0 0 -1
    outer loop
      vertex -58.2044 -24.1091 49.9
      vertex -56.7362 -26.7799 49.9
      vertex -56.9513 -26.936 49.9
    endloop
  endfacet
  facet normal 0 0 -1
    outer loop
      vertex -56.7362 -26.7799 49.9
      vertex -58.2044 -24.1091 49.9
      vertex -57.9642 -24.0096 49.9
    endloop
  endfacet
  facet normal 0 0 -1
    outer loop
      vertex -58.2044 -24.1091 49.9
      vertex -59.0548 -21.1823 49.9
      vertex -57.9642 -24.0096 49.9
    endloop
  endfacet
  facet normal 0 0 -1
    outer loop
      vertex -59.3173 -21.2241 49.9
      vertex -59.0548 -21.1823 49.9
      vertex -58.2044 -24.1091 49.9
    endloop
  endfacet
  facet normal -0 0 -1
    outer loop
      vertex -59.0548 -21.1823 49.9
      vertex -59.3173 -21.2241 49.9
      vertex -59.0725 -21.1365 49.9
    endloop
  endfacet
  facet normal -0 0 -1
    outer loop
      vertex -59.0725 -21.1365 49.9
      vertex -59.3173 -21.2241 49.9
      vertex -59.0879 -21.0899 49.9
    endloop
  endfacet
  facet normal 0 0 -1
    outer loop
      vertex -60.2872 -18.2879 49.9
      vertex -59.0879 -21.0899 49.9
      vertex -59.3173 -21.2241 49.9
    endloop
  endfacet
  facet normal 0 0 -1
    outer loop
      vertex -59.0879 -21.0899 49.9
      vertex -60.2872 -18.2879 49.9
      vertex -60.0384 -18.2125 49.9
    endloop
  endfacet
  facet normal -0 0 -1
    outer loop
      vertex -60.0384 -18.2125 49.9
      vertex -60.2872 -18.2879 49.9
      vertex -60.0515 -18.1652 49.9
    endloop
  endfacet
  facet normal 0 0 -1
    outer loop
      vertex -61.112 -15.3078 49.9
      vertex -60.0515 -18.1652 49.9
      vertex -60.2872 -18.2879 49.9
    endloop
  endfacet
  facet normal 0 0 -1
    outer loop
      vertex -60.0515 -18.1652 49.9
      vertex -61.112 -15.3078 49.9
      vertex -60.8598 -15.2446 49.9
    endloop
  endfacet
  facet normal 0 0 -1
    outer loop
      vertex -61.112 -15.3078 49.9
      vertex -61.5237 -12.2879 49.9
      vertex -60.8598 -15.2446 49.9
    endloop
  endfacet
  facet normal 0 0 -1
    outer loop
      vertex -61.7895 -12.2907 49.9
      vertex -61.5237 -12.2879 49.9
      vertex -61.112 -15.3078 49.9
    endloop
  endfacet
  facet normal -0 0 -1
    outer loop
      vertex -61.5237 -12.2879 49.9
      vertex -61.7895 -12.2907 49.9
      vertex -61.5345 -12.24 49.9
    endloop
  endfacet
  facet normal 0 0 -1
    outer loop
      vertex -61.7895 -12.2907 49.9
      vertex -62.0525 -9.25423 49.9
      vertex -61.5345 -12.24 49.9
    endloop
  endfacet
  facet normal 0 0 -1
    outer loop
      vertex -62.3181 -9.24402 49.9
      vertex -62.0525 -9.25423 49.9
      vertex -61.7895 -12.2907 49.9
    endloop
  endfacet
  facet normal 0 0 -1
    outer loop
      vertex -62.0525 -9.25423 49.9
      vertex -62.3181 -9.24402 49.9
      vertex -62.0609 -9.20587 49.9
    endloop
  endfacet
  facet normal 0 0 -1
    outer loop
      vertex -62.3181 -9.24402 49.9
      vertex -62.4319 -6.19831 49.9
      vertex -62.0609 -9.20587 49.9
    endloop
  endfacet
  facet normal 0 0 -1
    outer loop
      vertex -62.6966 -6.17508 49.9
      vertex -62.4319 -6.19831 49.9
      vertex -62.3181 -9.24402 49.9
    endloop
  endfacet
  facet normal 0 0 -1
    outer loop
      vertex -62.4319 -6.19831 49.9
      vertex -62.6966 -6.17508 49.9
      vertex -62.4379 -6.1496 49.9
    endloop
  endfacet
  facet normal -0 0 -1
    outer loop
      vertex -62.4379 -6.1496 49.9
      vertex -62.6966 -6.17508 49.9
      vertex -62.4415 -6.10065 49.9
    endloop
  endfacet
  facet normal 0 0 -1
    outer loop
      vertex -62.9241 -3.09126 49.9
      vertex -62.4415 -6.10065 49.9
      vertex -62.6966 -6.17508 49.9
    endloop
  endfacet
  facet normal 0 0 -1
    outer loop
      vertex -62.4415 -6.10065 49.9
      vertex -62.9241 -3.09126 49.9
      vertex -62.6644 -3.07851 49.9
    endloop
  endfacet
  facet normal -0 0 -1
    outer loop
      vertex -62.6644 -3.07851 49.9
      vertex -62.9241 -3.09126 49.9
      vertex -62.7388 -0.0490674 49.9
    endloop
  endfacet
  facet normal 0 0 -1
    outer loop
      vertex -63 0 49.9
      vertex -62.7388 -0.0490674 49.9
      vertex -62.9241 -3.09126 49.9
    endloop
  endfacet
  facet normal 0 0 -1
    outer loop
      vertex 63 0 49.9
      vertex 62.7388 0.0490674 49.9
      vertex 62.9241 3.09126 49.9
    endloop
  endfacet
  facet normal 0 0 -1
    outer loop
      vertex 62.6644 3.07851 49.9
      vertex 62.9241 3.09126 49.9
      vertex 62.7388 0.0490674 49.9
    endloop
  endfacet
  facet normal 0 0 -1
    outer loop
      vertex 62.4415 6.10065 49.9
      vertex 62.9241 3.09126 49.9
      vertex 62.6644 3.07851 49.9
    endloop
  endfacet
  facet normal 0 0 -1
    outer loop
      vertex 62.9241 3.09126 49.9
      vertex 62.4415 6.10065 49.9
      vertex 62.6966 6.17508 49.9
    endloop
  endfacet
  facet normal 0 0 -1
    outer loop
      vertex 62.4379 6.1496 49.9
      vertex 62.6966 6.17508 49.9
      vertex 62.4415 6.10065 49.9
    endloop
  endfacet
  facet normal 0 0 -1
    outer loop
      vertex 62.4319 6.19831 49.9
      vertex 62.6966 6.17508 49.9
      vertex 62.4379 6.1496 49.9
    endloop
  endfacet
  facet normal 0 0 -1
    outer loop
      vertex 62.4319 6.19831 49.9
      vertex 62.3181 9.24402 49.9
      vertex 62.6966 6.17508 49.9
    endloop
  endfacet
  facet normal 0 0 -1
    outer loop
      vertex 62.0609 9.20587 49.9
      vertex 62.3181 9.24402 49.9
      vertex 62.4319 6.19831 49.9
    endloop
  endfacet
  facet normal 0 0 -1
    outer loop
      vertex 62.0525 9.25423 49.9
      vertex 62.3181 9.24402 49.9
      vertex 62.0609 9.20587 49.9
    endloop
  endfacet
  facet normal 0 0 -1
    outer loop
      vertex 62.0525 9.25423 49.9
      vertex 61.7895 12.2907 49.9
      vertex 62.3181 9.24402 49.9
    endloop
  endfacet
  facet normal 0 0 -1
    outer loop
      vertex 61.5345 12.24 49.9
      vertex 61.7895 12.2907 49.9
      vertex 62.0525 9.25423 49.9
    endloop
  endfacet
  facet normal 0 0 -1
    outer loop
      vertex 61.5237 12.2879 49.9
      vertex 61.7895 12.2907 49.9
      vertex 61.5345 12.24 49.9
    endloop
  endfacet
  facet normal 0 0 -1
    outer loop
      vertex 61.5237 12.2879 49.9
      vertex 61.112 15.3078 49.9
      vertex 61.7895 12.2907 49.9
    endloop
  endfacet
  facet normal 0 0 -1
    outer loop
      vertex 60.8598 15.2446 49.9
      vertex 61.112 15.3078 49.9
      vertex 61.5237 12.2879 49.9
    endloop
  endfacet
  facet normal 0 0 -1
    outer loop
      vertex 60.0515 18.1652 49.9
      vertex 61.112 15.3078 49.9
      vertex 60.8598 15.2446 49.9
    endloop
  endfacet
  facet normal 0 0 -1
    outer loop
      vertex 61.112 15.3078 49.9
      vertex 60.0515 18.1652 49.9
      vertex 60.2872 18.2879 49.9
    endloop
  endfacet
  facet normal 0 0 -1
    outer loop
      vertex 60.0384 18.2125 49.9
      vertex 60.2872 18.2879 49.9
      vertex 60.0515 18.1652 49.9
    endloop
  endfacet
  facet normal 0 0 -1
    outer loop
      vertex 59.0879 21.0899 49.9
      vertex 60.2872 18.2879 49.9
      vertex 60.0384 18.2125 49.9
    endloop
  endfacet
  facet normal 0 0 -1
    outer loop
      vertex 60.2872 18.2879 49.9
      vertex 59.0879 21.0899 49.9
      vertex 59.3173 21.2241 49.9
    endloop
  endfacet
  facet normal 0 0 -1
    outer loop
      vertex 59.0725 21.1365 49.9
      vertex 59.3173 21.2241 49.9
      vertex 59.0879 21.0899 49.9
    endloop
  endfacet
  facet normal 0 0 -1
    outer loop
      vertex 59.0548 21.1823 49.9
      vertex 59.3173 21.2241 49.9
      vertex 59.0725 21.1365 49.9
    endloop
  endfacet
  facet normal 0 0 -1
    outer loop
      vertex 59.0548 21.1823 49.9
      vertex 58.2044 24.1091 49.9
      vertex 59.3173 21.2241 49.9
    endloop
  endfacet
  facet normal 0 0 -1
    outer loop
      vertex 57.9642 24.0096 49.9
      vertex 58.2044 24.1091 49.9
      vertex 59.0548 21.1823 49.9
    endloop
  endfacet
  facet normal 0 0 -1
    outer loop
      vertex 56.7362 26.7799 49.9
      vertex 58.2044 24.1091 49.9
      vertex 57.9642 24.0096 49.9
    endloop
  endfacet
  facet normal 0 0 -1
    outer loop
      vertex 58.2044 24.1091 49.9
      vertex 56.7362 26.7799 49.9
      vertex 56.9513 26.936 49.9
    endloop
  endfacet
  facet normal 0 0 -1
    outer loop
      vertex 56.7163 26.8248 49.9
      vertex 56.9513 26.936 49.9
      vertex 56.7362 26.7799 49.9
    endloop
  endfacet
  facet normal 0 0 -1
    outer loop
      vertex 56.6942 26.8686 49.9
      vertex 56.9513 26.936 49.9
      vertex 56.7163 26.8248 49.9
    endloop
  endfacet
  facet normal 0 0 -1
    outer loop
      vertex 56.6942 26.8686 49.9
      vertex 55.561 29.698 49.9
      vertex 56.9513 26.936 49.9
    endloop
  endfacet
  facet normal 0 0 -1
    outer loop
      vertex 55.3317 29.5754 49.9
      vertex 55.561 29.698 49.9
      vertex 56.6942 26.8686 49.9
    endloop
  endfacet
  facet normal 0 0 -1
    outer loop
      vertex 53.8381 32.2121 49.9
      vertex 55.561 29.698 49.9
      vertex 55.3317 29.5754 49.9
    endloop
  endfacet
  facet normal 0 0 -1
    outer loop
      vertex 55.561 29.698 49.9
      vertex 53.8381 32.2121 49.9
      vertex 54.0369 32.3885 49.9
    endloop
  endfacet
  facet normal 0 0 -1
    outer loop
      vertex 53.8139 32.2548 49.9
      vertex 54.0369 32.3885 49.9
      vertex 53.8381 32.2121 49.9
    endloop
  endfacet
  facet normal 0 0 -1
    outer loop
      vertex 53.7876 32.2963 49.9
      vertex 54.0369 32.3885 49.9
      vertex 53.8139 32.2548 49.9
    endloop
  endfacet
  facet normal 0 0 -1
    outer loop
      vertex 53.7876 32.2963 49.9
      vertex 52.3826 35.0009 49.9
      vertex 54.0369 32.3885 49.9
    endloop
  endfacet
  facet normal 0 0 -1
    outer loop
      vertex 52.1664 34.8565 49.9
      vertex 52.3826 35.0009 49.9
      vertex 53.7876 32.2963 49.9
    endloop
  endfacet
  facet normal 0 0 -1
    outer loop
      vertex 52.1381 34.8966 49.9
      vertex 52.3826 35.0009 49.9
      vertex 52.1664 34.8565 49.9
    endloop
  endfacet
  facet normal 0 0 -1
    outer loop
      vertex 52.1381 34.8966 49.9
      vertex 50.6021 37.5291 49.9
      vertex 52.3826 35.0009 49.9
    endloop
  endfacet
  facet normal 0 0 -1
    outer loop
      vertex 50.3932 37.3742 49.9
      vertex 50.6021 37.5291 49.9
      vertex 52.1381 34.8966 49.9
    endloop
  endfacet
  facet normal 0 0 -1
    outer loop
      vertex 48.5289 39.7631 49.9
      vertex 50.6021 37.5291 49.9
      vertex 50.3932 37.3742 49.9
    endloop
  endfacet
  facet normal 0 0 -1
    outer loop
      vertex 50.6021 37.5291 49.9
      vertex 48.5289 39.7631 49.9
      vertex 48.6997 39.9668 49.9
    endloop
  endfacet
  facet normal 0 0 -1
    outer loop
      vertex 48.4987 39.8018 49.9
      vertex 48.6997 39.9668 49.9
      vertex 48.5289 39.7631 49.9
    endloop
  endfacet
  facet normal 0 0 -1
    outer loop
      vertex 48.4666 39.839 49.9
      vertex 48.6997 39.9668 49.9
      vertex 48.4987 39.8018 49.9
    endloop
  endfacet
  facet normal 0 0 -1
    outer loop
      vertex 48.4666 39.839 49.9
      vertex 46.6799 42.3082 49.9
      vertex 48.6997 39.9668 49.9
    endloop
  endfacet
  facet normal 0 0 -1
    outer loop
      vertex 46.4873 42.1336 49.9
      vertex 46.6799 42.3082 49.9
      vertex 48.4666 39.839 49.9
    endloop
  endfacet
  facet normal 0 0 -1
    outer loop
      vertex 46.4534 42.1692 49.9
      vertex 46.6799 42.3082 49.9
      vertex 46.4873 42.1336 49.9
    endloop
  endfacet
  facet normal 0 0 -1
    outer loop
      vertex 46.4534 42.1692 49.9
      vertex 44.5477 44.5477 49.9
      vertex 46.6799 42.3082 49.9
    endloop
  endfacet
  facet normal 0 0 -1
    outer loop
      vertex 44.3639 44.3639 49.9
      vertex 44.5477 44.5477 49.9
      vertex 46.4534 42.1692 49.9
    endloop
  endfacet
  facet normal 0 0 -1
    outer loop
      vertex 42.1692 46.4534 49.9
      vertex 44.5477 44.5477 49.9
      vertex 44.3639 44.3639 49.9
    endloop
  endfacet
  facet normal 0 0 -1
    outer loop
      vertex 44.5477 44.5477 49.9
      vertex 42.1692 46.4534 49.9
      vertex 42.3082 46.6799 49.9
    endloop
  endfacet
  facet normal 0 0 -1
    outer loop
      vertex 42.1336 46.4873 49.9
      vertex 42.3082 46.6799 49.9
      vertex 42.1692 46.4534 49.9
    endloop
  endfacet
  facet normal 0 0 -1
    outer loop
      vertex 39.839 48.4666 49.9
      vertex 42.3082 46.6799 49.9
      vertex 42.1336 46.4873 49.9
    endloop
  endfacet
  facet normal 0 0 -1
    outer loop
      vertex 42.3082 46.6799 49.9
      vertex 39.839 48.4666 49.9
      vertex 39.9668 48.6997 49.9
    endloop
  endfacet
  facet normal 0 0 -1
    outer loop
      vertex 39.8018 48.4987 49.9
      vertex 39.9668 48.6997 49.9
      vertex 39.839 48.4666 49.9
    endloop
  endfacet
  facet normal 0 0 -1
    outer loop
      vertex 39.7631 48.5289 49.9
      vertex 39.9668 48.6997 49.9
      vertex 39.8018 48.4987 49.9
    endloop
  endfacet
  facet normal 0 0 -1
    outer loop
      vertex 39.7631 48.5289 49.9
      vertex 37.5291 50.6021 49.9
      vertex 39.9668 48.6997 49.9
    endloop
  endfacet
  facet normal 0 0 -1
    outer loop
      vertex 37.3742 50.3932 49.9
      vertex 37.5291 50.6021 49.9
      vertex 39.7631 48.5289 49.9
    endloop
  endfacet
  facet normal 0 0 -1
    outer loop
      vertex 34.8966 52.1381 49.9
      vertex 37.5291 50.6021 49.9
      vertex 37.3742 50.3932 49.9
    endloop
  endfacet
  facet normal 0 0 -1
    outer loop
      vertex 37.5291 50.6021 49.9
      vertex 34.8966 52.1381 49.9
      vertex 35.0009 52.3826 49.9
    endloop
  endfacet
  facet normal 0 0 -1
    outer loop
      vertex 34.8565 52.1664 49.9
      vertex 35.0009 52.3826 49.9
      vertex 34.8966 52.1381 49.9
    endloop
  endfacet
  facet normal 0 0 -1
    outer loop
      vertex 32.2963 53.7876 49.9
      vertex 35.0009 52.3826 49.9
      vertex 34.8565 52.1664 49.9
    endloop
  endfacet
  facet normal 0 0 -1
    outer loop
      vertex 35.0009 52.3826 49.9
      vertex 32.2963 53.7876 49.9
      vertex 32.3885 54.0369 49.9
    endloop
  endfacet
  facet normal 0 0 -1
    outer loop
      vertex 32.2548 53.8139 49.9
      vertex 32.3885 54.0369 49.9
      vertex 32.2963 53.7876 49.9
    endloop
  endfacet
  facet normal 0 0 -1
    outer loop
      vertex 32.2121 53.8381 49.9
      vertex 32.3885 54.0369 49.9
      vertex 32.2548 53.8139 49.9
    endloop
  endfacet
  facet normal 0 0 -1
    outer loop
      vertex 32.2121 53.8381 49.9
      vertex 29.698 55.561 49.9
      vertex 32.3885 54.0369 49.9
    endloop
  endfacet
  facet normal 0 0 -1
    outer loop
      vertex 29.5754 55.3317 49.9
      vertex 29.698 55.561 49.9
      vertex 32.2121 53.8381 49.9
    endloop
  endfacet
  facet normal 0 0 -1
    outer loop
      vertex 26.8686 56.6942 49.9
      vertex 29.698 55.561 49.9
      vertex 29.5754 55.3317 49.9
    endloop
  endfacet
  facet normal 0 0 -1
    outer loop
      vertex 29.698 55.561 49.9
      vertex 26.8686 56.6942 49.9
      vertex 26.936 56.9513 49.9
    endloop
  endfacet
  facet normal 0 0 -1
    outer loop
      vertex 26.8248 56.7163 49.9
      vertex 26.936 56.9513 49.9
      vertex 26.8686 56.6942 49.9
    endloop
  endfacet
  facet normal 0 0 -1
    outer loop
      vertex 26.7799 56.7362 49.9
      vertex 26.936 56.9513 49.9
      vertex 26.8248 56.7163 49.9
    endloop
  endfacet
  facet normal 0 0 -1
    outer loop
      vertex 26.7799 56.7362 49.9
      vertex 24.1091 58.2044 49.9
      vertex 26.936 56.9513 49.9
    endloop
  endfacet
  facet normal 0 0 -1
    outer loop
      vertex 24.0096 57.9642 49.9
      vertex 24.1091 58.2044 49.9
      vertex 26.7799 56.7362 49.9
    endloop
  endfacet
  facet normal 0 0 -1
    outer loop
      vertex 21.1823 59.0548 49.9
      vertex 24.1091 58.2044 49.9
      vertex 24.0096 57.9642 49.9
    endloop
  endfacet
  facet normal 0 0 -1
    outer loop
      vertex 24.1091 58.2044 49.9
      vertex 21.1823 59.0548 49.9
      vertex 21.2241 59.3173 49.9
    endloop
  endfacet
  facet normal 0 0 -1
    outer loop
      vertex 21.1365 59.0725 49.9
      vertex 21.2241 59.3173 49.9
      vertex 21.1823 59.0548 49.9
    endloop
  endfacet
  facet normal 0 0 -1
    outer loop
      vertex 21.0899 59.0879 49.9
      vertex 21.2241 59.3173 49.9
      vertex 21.1365 59.0725 49.9
    endloop
  endfacet
  facet normal 0 0 -1
    outer loop
      vertex 21.0899 59.0879 49.9
      vertex 18.2879 60.2872 49.9
      vertex 21.2241 59.3173 49.9
    endloop
  endfacet
  facet normal 0 0 -1
    outer loop
      vertex 18.2125 60.0384 49.9
      vertex 18.2879 60.2872 49.9
      vertex 21.0899 59.0879 49.9
    endloop
  endfacet
  facet normal 0 0 -1
    outer loop
      vertex 18.1652 60.0515 49.9
      vertex 18.2879 60.2872 49.9
      vertex 18.2125 60.0384 49.9
    endloop
  endfacet
  facet normal 0 0 -1
    outer loop
      vertex 18.1652 60.0515 49.9
      vertex 15.3078 61.112 49.9
      vertex 18.2879 60.2872 49.9
    endloop
  endfacet
  facet normal 0 0 -1
    outer loop
      vertex 15.2446 60.8598 49.9
      vertex 15.3078 61.112 49.9
      vertex 18.1652 60.0515 49.9
    endloop
  endfacet
  facet normal 0 0 -1
    outer loop
      vertex 12.2879 61.5237 49.9
      vertex 15.3078 61.112 49.9
      vertex 15.2446 60.8598 49.9
    endloop
  endfacet
  facet normal 0 0 -1
    outer loop
      vertex 15.3078 61.112 49.9
      vertex 12.2879 61.5237 49.9
      vertex 12.2907 61.7895 49.9
    endloop
  endfacet
  facet normal 0 0 -1
    outer loop
      vertex 12.24 61.5345 49.9
      vertex 12.2907 61.7895 49.9
      vertex 12.2879 61.5237 49.9
    endloop
  endfacet
  facet normal 0 0 -1
    outer loop
      vertex 9.25423 62.0525 49.9
      vertex 12.2907 61.7895 49.9
      vertex 12.24 61.5345 49.9
    endloop
  endfacet
  facet normal 0 0 -1
    outer loop
      vertex 9.25423 62.0525 49.9
      vertex 9.24402 62.3181 49.9
      vertex 12.2907 61.7895 49.9
    endloop
  endfacet
  facet normal 0 0 -1
    outer loop
      vertex 9.20587 62.0609 49.9
      vertex 9.24402 62.3181 49.9
      vertex 9.25423 62.0525 49.9
    endloop
  endfacet
  facet normal 0 0 -1
    outer loop
      vertex 6.19831 62.4319 49.9
      vertex 9.24402 62.3181 49.9
      vertex 9.20587 62.0609 49.9
    endloop
  endfacet
  facet normal 0 0 -1
    outer loop
      vertex 6.19831 62.4319 49.9
      vertex 6.17508 62.6966 49.9
      vertex 9.24402 62.3181 49.9
    endloop
  endfacet
  facet normal 0 0 -1
    outer loop
      vertex 6.1496 62.4379 49.9
      vertex 6.17508 62.6966 49.9
      vertex 6.19831 62.4319 49.9
    endloop
  endfacet
  facet normal 0 0 -1
    outer loop
      vertex 6.10065 62.4415 49.9
      vertex 6.17508 62.6966 49.9
      vertex 6.1496 62.4379 49.9
    endloop
  endfacet
  facet normal 0 0 -1
    outer loop
      vertex 6.10065 62.4415 49.9
      vertex 3.09126 62.9241 49.9
      vertex 6.17508 62.6966 49.9
    endloop
  endfacet
  facet normal 0 0 -1
    outer loop
      vertex 3.07851 62.6644 49.9
      vertex 3.09126 62.9241 49.9
      vertex 6.10065 62.4415 49.9
    endloop
  endfacet
  facet normal 0 0 -1
    outer loop
      vertex 0.0490674 62.7388 49.9
      vertex 3.09126 62.9241 49.9
      vertex 3.07851 62.6644 49.9
    endloop
  endfacet
  facet normal 0 0 -1
    outer loop
      vertex 0 63 49.9
      vertex 0.0490674 62.7388 49.9
      vertex 0 62.74 49.9
    endloop
  endfacet
  facet normal 0 0 -1
    outer loop
      vertex 0.0490674 62.7388 49.9
      vertex 0 63 49.9
      vertex 3.09126 62.9241 49.9
    endloop
  endfacet
  facet normal 0 0 -1
    outer loop
      vertex -0.0490674 62.7388 49.9
      vertex 0 63 49.9
      vertex 0 62.74 49.9
    endloop
  endfacet
  facet normal 0 0 -1
    outer loop
      vertex -3.09126 62.9241 49.9
      vertex -0.0490674 62.7388 49.9
      vertex -3.07851 62.6644 49.9
    endloop
  endfacet
  facet normal 0 0 -1
    outer loop
      vertex -0.0490674 62.7388 49.9
      vertex -3.09126 62.9241 49.9
      vertex 0 63 49.9
    endloop
  endfacet
  facet normal 0 0 -1
    outer loop
      vertex -6.10065 62.4415 49.9
      vertex -3.09126 62.9241 49.9
      vertex -3.07851 62.6644 49.9
    endloop
  endfacet
  facet normal 0 0 -1
    outer loop
      vertex -6.17508 62.6966 49.9
      vertex -6.10065 62.4415 49.9
      vertex -6.1496 62.4379 49.9
    endloop
  endfacet
  facet normal 0 0 -1
    outer loop
      vertex -6.10065 62.4415 49.9
      vertex -6.17508 62.6966 49.9
      vertex -3.09126 62.9241 49.9
    endloop
  endfacet
  facet normal 0 0 -1
    outer loop
      vertex -6.19831 62.4319 49.9
      vertex -6.17508 62.6966 49.9
      vertex -6.1496 62.4379 49.9
    endloop
  endfacet
  facet normal 0 0 -1
    outer loop
      vertex -9.24402 62.3181 49.9
      vertex -6.19831 62.4319 49.9
      vertex -9.20587 62.0609 49.9
    endloop
  endfacet
  facet normal -0 0 -1
    outer loop
      vertex -6.19831 62.4319 49.9
      vertex -9.24402 62.3181 49.9
      vertex -6.17508 62.6966 49.9
    endloop
  endfacet
  facet normal 0 0 -1
    outer loop
      vertex -9.25423 62.0525 49.9
      vertex -9.24402 62.3181 49.9
      vertex -9.20587 62.0609 49.9
    endloop
  endfacet
  facet normal 0 0 -1
    outer loop
      vertex -12.2907 61.7895 49.9
      vertex -9.25423 62.0525 49.9
      vertex -12.24 61.5345 49.9
    endloop
  endfacet
  facet normal 0 0 -1
    outer loop
      vertex -12.2907 61.7895 49.9
      vertex -12.24 61.5345 49.9
      vertex -12.2879 61.5237 49.9
    endloop
  endfacet
  facet normal -0 0 -1
    outer loop
      vertex -9.25423 62.0525 49.9
      vertex -12.2907 61.7895 49.9
      vertex -9.24402 62.3181 49.9
    endloop
  endfacet
  facet normal 0 0 -1
    outer loop
      vertex -15.3078 61.112 49.9
      vertex -12.2879 61.5237 49.9
      vertex -15.2446 60.8598 49.9
    endloop
  endfacet
  facet normal -0 0 -1
    outer loop
      vertex -12.2879 61.5237 49.9
      vertex -15.3078 61.112 49.9
      vertex -12.2907 61.7895 49.9
    endloop
  endfacet
  facet normal 0 0 -1
    outer loop
      vertex -18.1652 60.0515 49.9
      vertex -15.3078 61.112 49.9
      vertex -15.2446 60.8598 49.9
    endloop
  endfacet
  facet normal 0 0 -1
    outer loop
      vertex -18.2879 60.2872 49.9
      vertex -18.1652 60.0515 49.9
      vertex -18.2125 60.0384 49.9
    endloop
  endfacet
  facet normal 0 0 -1
    outer loop
      vertex -18.1652 60.0515 49.9
      vertex -18.2879 60.2872 49.9
      vertex -15.3078 61.112 49.9
    endloop
  endfacet
  facet normal 0 0 -1
    outer loop
      vertex -21.0899 59.0879 49.9
      vertex -18.2879 60.2872 49.9
      vertex -18.2125 60.0384 49.9
    endloop
  endfacet
  facet normal 0 0 -1
    outer loop
      vertex -21.2241 59.3173 49.9
      vertex -21.0899 59.0879 49.9
      vertex -21.1365 59.0725 49.9
    endloop
  endfacet
  facet normal 0 0 -1
    outer loop
      vertex -21.2241 59.3173 49.9
      vertex -21.1365 59.0725 49.9
      vertex -21.1823 59.0548 49.9
    endloop
  endfacet
  facet normal 0 0 -1
    outer loop
      vertex -21.0899 59.0879 49.9
      vertex -21.2241 59.3173 49.9
      vertex -18.2879 60.2872 49.9
    endloop
  endfacet
  facet normal 0 0 -1
    outer loop
      vertex -24.1091 58.2044 49.9
      vertex -21.1823 59.0548 49.9
      vertex -24.0096 57.9642 49.9
    endloop
  endfacet
  facet normal -0 0 -1
    outer loop
      vertex -21.1823 59.0548 49.9
      vertex -24.1091 58.2044 49.9
      vertex -21.2241 59.3173 49.9
    endloop
  endfacet
  facet normal 0 0 -1
    outer loop
      vertex -26.7799 56.7362 49.9
      vertex -24.1091 58.2044 49.9
      vertex -24.0096 57.9642 49.9
    endloop
  endfacet
  facet normal 0 0 -1
    outer loop
      vertex -26.936 56.9513 49.9
      vertex -26.7799 56.7362 49.9
      vertex -26.8248 56.7163 49.9
    endloop
  endfacet
  facet normal 0 0 -1
    outer loop
      vertex -26.936 56.9513 49.9
      vertex -26.8248 56.7163 49.9
      vertex -26.8686 56.6942 49.9
    endloop
  endfacet
  facet normal 0 0 -1
    outer loop
      vertex -26.7799 56.7362 49.9
      vertex -26.936 56.9513 49.9
      vertex -24.1091 58.2044 49.9
    endloop
  endfacet
  facet normal 0 0 -1
    outer loop
      vertex -29.698 55.561 49.9
      vertex -26.8686 56.6942 49.9
      vertex -29.5754 55.3317 49.9
    endloop
  endfacet
  facet normal -0 0 -1
    outer loop
      vertex -26.8686 56.6942 49.9
      vertex -29.698 55.561 49.9
      vertex -26.936 56.9513 49.9
    endloop
  endfacet
  facet normal 0 0 -1
    outer loop
      vertex -32.2121 53.8381 49.9
      vertex -29.698 55.561 49.9
      vertex -29.5754 55.3317 49.9
    endloop
  endfacet
  facet normal 0 0 -1
    outer loop
      vertex -32.3885 54.0369 49.9
      vertex -32.2121 53.8381 49.9
      vertex -32.2548 53.8139 49.9
    endloop
  endfacet
  facet normal 0 0 -1
    outer loop
      vertex -32.3885 54.0369 49.9
      vertex -32.2548 53.8139 49.9
      vertex -32.2963 53.7876 49.9
    endloop
  endfacet
  facet normal 0 0 -1
    outer loop
      vertex -32.2121 53.8381 49.9
      vertex -32.3885 54.0369 49.9
      vertex -29.698 55.561 49.9
    endloop
  endfacet
  facet normal 0 0 -1
    outer loop
      vertex -35.0009 52.3826 49.9
      vertex -32.2963 53.7876 49.9
      vertex -34.8565 52.1664 49.9
    endloop
  endfacet
  facet normal 0 0 -1
    outer loop
      vertex -35.0009 52.3826 49.9
      vertex -34.8565 52.1664 49.9
      vertex -34.8966 52.1381 49.9
    endloop
  endfacet
  facet normal -0 0 -1
    outer loop
      vertex -32.2963 53.7876 49.9
      vertex -35.0009 52.3826 49.9
      vertex -32.3885 54.0369 49.9
    endloop
  endfacet
  facet normal 0 0 -1
    outer loop
      vertex -37.5291 50.6021 49.9
      vertex -34.8966 52.1381 49.9
      vertex -37.3742 50.3932 49.9
    endloop
  endfacet
  facet normal -0 0 -1
    outer loop
      vertex -34.8966 52.1381 49.9
      vertex -37.5291 50.6021 49.9
      vertex -35.0009 52.3826 49.9
    endloop
  endfacet
  facet normal 0 0 -1
    outer loop
      vertex -39.7631 48.5289 49.9
      vertex -37.5291 50.6021 49.9
      vertex -37.3742 50.3932 49.9
    endloop
  endfacet
  facet normal 0 0 -1
    outer loop
      vertex -39.9668 48.6997 49.9
      vertex -39.7631 48.5289 49.9
      vertex -39.8018 48.4987 49.9
    endloop
  endfacet
  facet normal 0 0 -1
    outer loop
      vertex -39.9668 48.6997 49.9
      vertex -39.8018 48.4987 49.9
      vertex -39.839 48.4666 49.9
    endloop
  endfacet
  facet normal 0 0 -1
    outer loop
      vertex -39.7631 48.5289 49.9
      vertex -39.9668 48.6997 49.9
      vertex -37.5291 50.6021 49.9
    endloop
  endfacet
  facet normal 0 0 -1
    outer loop
      vertex -42.3082 46.6799 49.9
      vertex -39.839 48.4666 49.9
      vertex -42.1336 46.4873 49.9
    endloop
  endfacet
  facet normal 0 0 -1
    outer loop
      vertex -42.3082 46.6799 49.9
      vertex -42.1336 46.4873 49.9
      vertex -42.1692 46.4534 49.9
    endloop
  endfacet
  facet normal -0 0 -1
    outer loop
      vertex -39.839 48.4666 49.9
      vertex -42.3082 46.6799 49.9
      vertex -39.9668 48.6997 49.9
    endloop
  endfacet
  facet normal 0 0 -1
    outer loop
      vertex -44.5477 44.5477 49.9
      vertex -42.1692 46.4534 49.9
      vertex -44.3639 44.3639 49.9
    endloop
  endfacet
  facet normal -0 0 -1
    outer loop
      vertex -42.1692 46.4534 49.9
      vertex -44.5477 44.5477 49.9
      vertex -42.3082 46.6799 49.9
    endloop
  endfacet
  facet normal 0 0 -1
    outer loop
      vertex -46.4534 42.1692 49.9
      vertex -44.5477 44.5477 49.9
      vertex -44.3639 44.3639 49.9
    endloop
  endfacet
  facet normal 0 0 -1
    outer loop
      vertex -46.6799 42.3082 49.9
      vertex -46.4534 42.1692 49.9
      vertex -46.4873 42.1336 49.9
    endloop
  endfacet
  facet normal 0 0 -1
    outer loop
      vertex -46.4534 42.1692 49.9
      vertex -46.6799 42.3082 49.9
      vertex -44.5477 44.5477 49.9
    endloop
  endfacet
  facet normal 0 0 -1
    outer loop
      vertex -48.4666 39.839 49.9
      vertex -46.6799 42.3082 49.9
      vertex -46.4873 42.1336 49.9
    endloop
  endfacet
  facet normal 0 0 -1
    outer loop
      vertex -48.6997 39.9668 49.9
      vertex -48.4666 39.839 49.9
      vertex -48.4987 39.8018 49.9
    endloop
  endfacet
  facet normal 0 0 -1
    outer loop
      vertex -48.6997 39.9668 49.9
      vertex -48.4987 39.8018 49.9
      vertex -48.5289 39.7631 49.9
    endloop
  endfacet
  facet normal 0 0 -1
    outer loop
      vertex -48.4666 39.839 49.9
      vertex -48.6997 39.9668 49.9
      vertex -46.6799 42.3082 49.9
    endloop
  endfacet
  facet normal 0 0 -1
    outer loop
      vertex -50.6021 37.5291 49.9
      vertex -48.5289 39.7631 49.9
      vertex -50.3932 37.3742 49.9
    endloop
  endfacet
  facet normal -0 0 -1
    outer loop
      vertex -48.5289 39.7631 49.9
      vertex -50.6021 37.5291 49.9
      vertex -48.6997 39.9668 49.9
    endloop
  endfacet
  facet normal 0 0 -1
    outer loop
      vertex -52.1381 34.8966 49.9
      vertex -50.6021 37.5291 49.9
      vertex -50.3932 37.3742 49.9
    endloop
  endfacet
  facet normal 0 0 -1
    outer loop
      vertex -52.3826 35.0009 49.9
      vertex -52.1381 34.8966 49.9
      vertex -52.1664 34.8565 49.9
    endloop
  endfacet
  facet normal 0 0 -1
    outer loop
      vertex -52.1381 34.8966 49.9
      vertex -52.3826 35.0009 49.9
      vertex -50.6021 37.5291 49.9
    endloop
  endfacet
  facet normal 0 0 -1
    outer loop
      vertex -53.7876 32.2963 49.9
      vertex -52.3826 35.0009 49.9
      vertex -52.1664 34.8565 49.9
    endloop
  endfacet
  facet normal 0 0 -1
    outer loop
      vertex -54.0369 32.3885 49.9
      vertex -53.7876 32.2963 49.9
      vertex -53.8139 32.2548 49.9
    endloop
  endfacet
  facet normal 0 0 -1
    outer loop
      vertex -54.0369 32.3885 49.9
      vertex -53.8139 32.2548 49.9
      vertex -53.8381 32.2121 49.9
    endloop
  endfacet
  facet normal 0 0 -1
    outer loop
      vertex -53.7876 32.2963 49.9
      vertex -54.0369 32.3885 49.9
      vertex -52.3826 35.0009 49.9
    endloop
  endfacet
  facet normal 0 0 -1
    outer loop
      vertex -55.561 29.698 49.9
      vertex -53.8381 32.2121 49.9
      vertex -55.3317 29.5754 49.9
    endloop
  endfacet
  facet normal -0 0 -1
    outer loop
      vertex -53.8381 32.2121 49.9
      vertex -55.561 29.698 49.9
      vertex -54.0369 32.3885 49.9
    endloop
  endfacet
  facet normal 0 0 -1
    outer loop
      vertex -56.6942 26.8686 49.9
      vertex -55.561 29.698 49.9
      vertex -55.3317 29.5754 49.9
    endloop
  endfacet
  facet normal 0 0 -1
    outer loop
      vertex -56.9513 26.936 49.9
      vertex -56.6942 26.8686 49.9
      vertex -56.7163 26.8248 49.9
    endloop
  endfacet
  facet normal 0 0 -1
    outer loop
      vertex -56.9513 26.936 49.9
      vertex -56.7163 26.8248 49.9
      vertex -56.7362 26.7799 49.9
    endloop
  endfacet
  facet normal 0 0 -1
    outer loop
      vertex -56.6942 26.8686 49.9
      vertex -56.9513 26.936 49.9
      vertex -55.561 29.698 49.9
    endloop
  endfacet
  facet normal 0 0 -1
    outer loop
      vertex -58.2044 24.1091 49.9
      vertex -56.7362 26.7799 49.9
      vertex -57.9642 24.0096 49.9
    endloop
  endfacet
  facet normal -0 0 -1
    outer loop
      vertex -56.7362 26.7799 49.9
      vertex -58.2044 24.1091 49.9
      vertex -56.9513 26.936 49.9
    endloop
  endfacet
  facet normal 0 0 -1
    outer loop
      vertex -59.0548 21.1823 49.9
      vertex -58.2044 24.1091 49.9
      vertex -57.9642 24.0096 49.9
    endloop
  endfacet
  facet normal 0 0 -1
    outer loop
      vertex -59.3173 21.2241 49.9
      vertex -59.0548 21.1823 49.9
      vertex -59.0725 21.1365 49.9
    endloop
  endfacet
  facet normal 0 0 -1
    outer loop
      vertex -59.3173 21.2241 49.9
      vertex -59.0725 21.1365 49.9
      vertex -59.0879 21.0899 49.9
    endloop
  endfacet
  facet normal 0 0 -1
    outer loop
      vertex -59.0548 21.1823 49.9
      vertex -59.3173 21.2241 49.9
      vertex -58.2044 24.1091 49.9
    endloop
  endfacet
  facet normal 0 0 -1
    outer loop
      vertex -60.2872 18.2879 49.9
      vertex -59.0879 21.0899 49.9
      vertex -60.0384 18.2125 49.9
    endloop
  endfacet
  facet normal 0 0 -1
    outer loop
      vertex -60.2872 18.2879 49.9
      vertex -60.0384 18.2125 49.9
      vertex -60.0515 18.1652 49.9
    endloop
  endfacet
  facet normal -0 0 -1
    outer loop
      vertex -59.0879 21.0899 49.9
      vertex -60.2872 18.2879 49.9
      vertex -59.3173 21.2241 49.9
    endloop
  endfacet
  facet normal 0 0 -1
    outer loop
      vertex -61.112 15.3078 49.9
      vertex -60.0515 18.1652 49.9
      vertex -60.8598 15.2446 49.9
    endloop
  endfacet
  facet normal -0 0 -1
    outer loop
      vertex -60.0515 18.1652 49.9
      vertex -61.112 15.3078 49.9
      vertex -60.2872 18.2879 49.9
    endloop
  endfacet
  facet normal 0 0 -1
    outer loop
      vertex -61.5237 12.2879 49.9
      vertex -61.112 15.3078 49.9
      vertex -60.8598 15.2446 49.9
    endloop
  endfacet
  facet normal 0 0 -1
    outer loop
      vertex -61.7895 12.2907 49.9
      vertex -61.5237 12.2879 49.9
      vertex -61.5345 12.24 49.9
    endloop
  endfacet
  facet normal 0 0 -1
    outer loop
      vertex -61.5237 12.2879 49.9
      vertex -61.7895 12.2907 49.9
      vertex -61.112 15.3078 49.9
    endloop
  endfacet
  facet normal 0 0 -1
    outer loop
      vertex -62.0525 9.25423 49.9
      vertex -61.7895 12.2907 49.9
      vertex -61.5345 12.24 49.9
    endloop
  endfacet
  facet normal 0 0 -1
    outer loop
      vertex -62.3181 9.24402 49.9
      vertex -62.0525 9.25423 49.9
      vertex -62.0609 9.20587 49.9
    endloop
  endfacet
  facet normal -0 0 -1
    outer loop
      vertex -62.0525 9.25423 49.9
      vertex -62.3181 9.24402 49.9
      vertex -61.7895 12.2907 49.9
    endloop
  endfacet
  facet normal 0 0 -1
    outer loop
      vertex -62.4319 6.19831 49.9
      vertex -62.3181 9.24402 49.9
      vertex -62.0609 9.20587 49.9
    endloop
  endfacet
  facet normal 0 0 -1
    outer loop
      vertex -62.6966 6.17508 49.9
      vertex -62.4319 6.19831 49.9
      vertex -62.4379 6.1496 49.9
    endloop
  endfacet
  facet normal 0 0 -1
    outer loop
      vertex -62.6966 6.17508 49.9
      vertex -62.4379 6.1496 49.9
      vertex -62.4415 6.10065 49.9
    endloop
  endfacet
  facet normal 0 0 -1
    outer loop
      vertex -62.9241 3.09126 49.9
      vertex -62.4415 6.10065 49.9
      vertex -62.6644 3.07851 49.9
    endloop
  endfacet
  facet normal -0 0 -1
    outer loop
      vertex -62.4319 6.19831 49.9
      vertex -62.6966 6.17508 49.9
      vertex -62.3181 9.24402 49.9
    endloop
  endfacet
  facet normal 0 0 -1
    outer loop
      vertex -62.9241 3.09126 49.9
      vertex -62.6644 3.07851 49.9
      vertex -62.7388 0.0490674 49.9
    endloop
  endfacet
  facet normal 0 0 -1
    outer loop
      vertex -63 0 49.9
      vertex -62.7388 0.0490674 49.9
      vertex -62.74 0 49.9
    endloop
  endfacet
  facet normal 0 0 -1
    outer loop
      vertex -62.7388 -0.0490674 49.9
      vertex -63 0 49.9
      vertex -62.74 0 49.9
    endloop
  endfacet
  facet normal -0 0 -1
    outer loop
      vertex -62.4415 6.10065 49.9
      vertex -62.9241 3.09126 49.9
      vertex -62.6966 6.17508 49.9
    endloop
  endfacet
  facet normal -0 0 -1
    outer loop
      vertex -62.7388 0.0490674 49.9
      vertex -63 0 49.9
      vertex -62.9241 3.09126 49.9
    endloop
  endfacet
  facet normal -0.405247 -0.914207 0
    outer loop
      vertex -26.936 -56.9513 49.9
      vertex -24.1091 -58.2044 54.1
      vertex -26.936 -56.9513 54.1
    endloop
  endfacet
  facet normal -0.405247 -0.914207 -0
    outer loop
      vertex -24.1091 -58.2044 54.1
      vertex -26.936 -56.9513 49.9
      vertex -24.1091 -58.2044 49.9
    endloop
  endfacet
  facet normal 0.170946 0.98528 -0
    outer loop
      vertex 12.2907 61.7895 49.9
      vertex 9.24402 62.3181 54.1
      vertex 12.2907 61.7895 54.1
    endloop
  endfacet
  facet normal 0.170946 0.98528 0
    outer loop
      vertex 9.24402 62.3181 54.1
      vertex 12.2907 61.7895 49.9
      vertex 9.24402 62.3181 49.9
    endloop
  endfacet
  facet normal 0.449618 0.893221 -0
    outer loop
      vertex 29.698 55.561 49.9
      vertex 26.936 56.9513 54.1
      vertex 29.698 55.561 54.1
    endloop
  endfacet
  facet normal 0.449618 0.893221 0
    outer loop
      vertex 26.936 56.9513 54.1
      vertex 29.698 55.561 49.9
      vertex 26.936 56.9513 49.9
    endloop
  endfacet
  facet normal 0.535001 0.844851 -0
    outer loop
      vertex 35.0009 52.3826 49.9
      vertex 32.3885 54.0369 54.1
      vertex 35.0009 52.3826 54.1
    endloop
  endfacet
  facet normal 0.535001 0.844851 0
    outer loop
      vertex 32.3885 54.0369 54.1
      vertex 35.0009 52.3826 49.9
      vertex 32.3885 54.0369 49.9
    endloop
  endfacet
  facet normal 0.844851 0.535001 0
    outer loop
      vertex 54.0369 32.3885 54.1
      vertex 52.3826 35.0009 49.9
      vertex 52.3826 35.0009 54.1
    endloop
  endfacet
  facet normal 0.844851 0.535001 0
    outer loop
      vertex 52.3826 35.0009 49.9
      vertex 54.0369 32.3885 54.1
      vertex 54.0369 32.3885 49.9
    endloop
  endfacet
  facet normal 0.757194 0.65319 0
    outer loop
      vertex 48.6997 39.9668 54.1
      vertex 46.6799 42.3082 49.9
      vertex 46.6799 42.3082 54.1
    endloop
  endfacet
  facet normal 0.757194 0.65319 0
    outer loop
      vertex 46.6799 42.3082 49.9
      vertex 48.6997 39.9668 54.1
      vertex 48.6997 39.9668 49.9
    endloop
  endfacet
  facet normal 0.893221 0.449618 0
    outer loop
      vertex 56.9513 26.936 54.1
      vertex 55.561 29.698 49.9
      vertex 55.561 29.698 54.1
    endloop
  endfacet
  facet normal 0.893221 0.449618 0
    outer loop
      vertex 55.561 29.698 49.9
      vertex 56.9513 26.936 54.1
      vertex 56.9513 26.936 49.9
    endloop
  endfacet
  facet normal 0.98528 0.170946 0
    outer loop
      vertex 62.3181 9.24402 54.1
      vertex 61.7895 12.2907 49.9
      vertex 61.7895 12.2907 54.1
    endloop
  endfacet
  facet normal 0.98528 0.170946 0
    outer loop
      vertex 61.7895 12.2907 49.9
      vertex 62.3181 9.24402 54.1
      vertex 62.3181 9.24402 49.9
    endloop
  endfacet
  facet normal 0.99729 0.0735722 0
    outer loop
      vertex 62.9241 3.09126 54.1
      vertex 62.6966 6.17508 49.9
      vertex 62.6966 6.17508 54.1
    endloop
  endfacet
  facet normal 0.99729 0.0735722 0
    outer loop
      vertex 62.6966 6.17508 49.9
      vertex 62.9241 3.09126 54.1
      vertex 62.9241 3.09126 49.9
    endloop
  endfacet
  facet normal -0.313656 0.949537 0
    outer loop
      vertex -18.2879 60.2872 49.9
      vertex -21.2241 59.3173 54.1
      vertex -18.2879 60.2872 54.1
    endloop
  endfacet
  facet normal -0.313656 0.949537 0
    outer loop
      vertex -21.2241 59.3173 54.1
      vertex -18.2879 60.2872 49.9
      vertex -21.2241 59.3173 49.9
    endloop
  endfacet
  facet normal -0.219097 0.975703 0
    outer loop
      vertex -12.2907 61.7895 49.9
      vertex -15.3078 61.112 54.1
      vertex -12.2907 61.7895 54.1
    endloop
  endfacet
  facet normal -0.219097 0.975703 0
    outer loop
      vertex -15.3078 61.112 54.1
      vertex -12.2907 61.7895 49.9
      vertex -15.3078 61.112 49.9
    endloop
  endfacet
  facet normal -0.122405 0.99248 0
    outer loop
      vertex -6.17508 62.6966 49.9
      vertex -9.24402 62.3181 54.1
      vertex -6.17508 62.6966 54.1
    endloop
  endfacet
  facet normal -0.122405 0.99248 0
    outer loop
      vertex -9.24402 62.3181 54.1
      vertex -6.17508 62.6966 49.9
      vertex -9.24402 62.3181 49.9
    endloop
  endfacet
  facet normal -0.492886 0.870094 0
    outer loop
      vertex -29.698 55.561 49.9
      vertex -32.3885 54.0369 54.1
      vertex -29.698 55.561 54.1
    endloop
  endfacet
  facet normal -0.492886 0.870094 0
    outer loop
      vertex -32.3885 54.0369 54.1
      vertex -29.698 55.561 49.9
      vertex -32.3885 54.0369 49.9
    endloop
  endfacet
  facet normal -0.788346 0.615232 0
    outer loop
      vertex -50.6021 37.5291 49.9
      vertex -48.6997 39.9668 54.1
      vertex -48.6997 39.9668 49.9
    endloop
  endfacet
  facet normal -0.788346 0.615232 0
    outer loop
      vertex -48.6997 39.9668 54.1
      vertex -50.6021 37.5291 49.9
      vertex -50.6021 37.5291 54.1
    endloop
  endfacet
  facet normal -0.893221 0.449618 0
    outer loop
      vertex -56.9513 26.936 49.9
      vertex -55.561 29.698 54.1
      vertex -55.561 29.698 49.9
    endloop
  endfacet
  facet normal -0.893221 0.449618 0
    outer loop
      vertex -55.561 29.698 54.1
      vertex -56.9513 26.936 49.9
      vertex -56.9513 26.936 54.1
    endloop
  endfacet
  facet normal -0.99729 0.0735722 0
    outer loop
      vertex -62.9241 3.09126 49.9
      vertex -62.6966 6.17508 54.1
      vertex -62.6966 6.17508 49.9
    endloop
  endfacet
  facet normal -0.99729 0.0735722 0
    outer loop
      vertex -62.6966 6.17508 54.1
      vertex -62.9241 3.09126 49.9
      vertex -62.9241 3.09126 54.1
    endloop
  endfacet
  facet normal -0.98528 0.170946 0
    outer loop
      vertex -62.3181 9.24402 49.9
      vertex -61.7895 12.2907 54.1
      vertex -61.7895 12.2907 49.9
    endloop
  endfacet
  facet normal -0.98528 0.170946 0
    outer loop
      vertex -61.7895 12.2907 54.1
      vertex -62.3181 9.24402 49.9
      vertex -62.3181 9.24402 54.1
    endloop
  endfacet
  facet normal -0.963768 0.266741 0
    outer loop
      vertex -61.112 15.3078 49.9
      vertex -60.2872 18.2879 54.1
      vertex -60.2872 18.2879 49.9
    endloop
  endfacet
  facet normal -0.963768 0.266741 0
    outer loop
      vertex -60.2872 18.2879 54.1
      vertex -61.112 15.3078 49.9
      vertex -61.112 15.3078 54.1
    endloop
  endfacet
  facet normal 0.99729 -0.0735722 0
    outer loop
      vertex 62.6966 -6.17508 54.1
      vertex 62.9241 -3.09126 49.9
      vertex 62.9241 -3.09126 54.1
    endloop
  endfacet
  facet normal 0.99729 -0.0735722 0
    outer loop
      vertex 62.9241 -3.09126 49.9
      vertex 62.6966 -6.17508 54.1
      vertex 62.6966 -6.17508 49.9
    endloop
  endfacet
  facet normal -0.724244 -0.689544 0
    outer loop
      vertex -44.5477 -44.5477 49.9
      vertex -46.6799 -42.3082 54.1
      vertex -46.6799 -42.3082 49.9
    endloop
  endfacet
  facet normal -0.724244 -0.689544 0
    outer loop
      vertex -46.6799 -42.3082 54.1
      vertex -44.5477 -44.5477 49.9
      vertex -44.5477 -44.5477 54.1
    endloop
  endfacet
  facet normal 0.817594 0.575795 0
    outer loop
      vertex 52.3826 35.0009 54.1
      vertex 50.6021 37.5291 49.9
      vertex 50.6021 37.5291 54.1
    endloop
  endfacet
  facet normal 0.817594 0.575795 0
    outer loop
      vertex 50.6021 37.5291 49.9
      vertex 52.3826 35.0009 54.1
      vertex 52.3826 35.0009 49.9
    endloop
  endfacet
  facet normal 0.788346 0.615232 0
    outer loop
      vertex 50.6021 37.5291 54.1
      vertex 48.6997 39.9668 49.9
      vertex 48.6997 39.9668 54.1
    endloop
  endfacet
  facet normal 0.788346 0.615232 0
    outer loop
      vertex 48.6997 39.9668 49.9
      vertex 50.6021 37.5291 54.1
      vertex 50.6021 37.5291 49.9
    endloop
  endfacet
  facet normal -0.358965 -0.00880813 -0.933309
    outer loop
      vertex -62.7388 -0.0490674 49.9
      vertex -50 0 45
      vertex -49.9398 -2.45338 45
    endloop
  endfacet
  facet normal -0.358965 -0.00877891 -0.93331
    outer loop
      vertex -50 0 45
      vertex -62.7388 -0.0490674 49.9
      vertex -62.74 0 49.9
    endloop
  endfacet
  facet normal 0.358965 -0.00877891 -0.93331
    outer loop
      vertex 62.7388 -0.0490674 49.9
      vertex 50 0 45
      vertex 62.74 0 49.9
    endloop
  endfacet
  facet normal 0.358965 -0.00880813 -0.933309
    outer loop
      vertex 50 0 45
      vertex 62.7388 -0.0490674 49.9
      vertex 49.9398 -2.45338 45
    endloop
  endfacet
  facet normal 0.358966 -0.00881584 -0.933309
    outer loop
      vertex 62.6644 -3.07851 49.9
      vertex 49.9398 -2.45338 45
      vertex 62.7388 -0.0490674 49.9
    endloop
  endfacet
  facet normal 0.358107 -0.0263368 -0.933309
    outer loop
      vertex 49.7592 -4.90086 45
      vertex 62.4415 -6.10065 49.9
      vertex 62.4379 -6.1496 49.9
    endloop
  endfacet
  facet normal 0.358099 -0.0264242 -0.93331
    outer loop
      vertex 62.4415 -6.10065 49.9
      vertex 49.7592 -4.90086 45
      vertex 49.9398 -2.45338 45
    endloop
  endfacet
  facet normal 0.260058 -0.247592 -0.93331
    outer loop
      vertex 44.3639 -44.3639 49.9
      vertex 35.3553 -35.3553 45
      vertex 46.4534 -42.1692 49.9
    endloop
  endfacet
  facet normal -0.00877891 0.358965 -0.93331
    outer loop
      vertex 0 50 45
      vertex -0.0490674 62.7388 49.9
      vertex 0 62.74 49.9
    endloop
  endfacet
  facet normal -0.00880813 0.358965 -0.933309
    outer loop
      vertex -0.0490674 62.7388 49.9
      vertex 0 50 45
      vertex -2.45338 49.9398 45
    endloop
  endfacet
  facet normal 0.303366 0.192101 -0.933309
    outer loop
      vertex 53.7876 32.2963 49.9
      vertex 41.5735 27.7785 45
      vertex 52.1664 34.8565 49.9
    endloop
  endfacet
  facet normal 0.00877891 -0.358965 -0.93331
    outer loop
      vertex 0 -50 45
      vertex 0.0490674 -62.7388 49.9
      vertex 0 -62.74 49.9
    endloop
  endfacet
  facet normal 0.00880813 -0.358965 -0.933309
    outer loop
      vertex 0.0490674 -62.7388 49.9
      vertex 0 -50 45
      vertex 2.45338 -49.9398 45
    endloop
  endfacet
  facet normal -0.247592 -0.260058 -0.93331
    outer loop
      vertex -42.1692 -46.4534 49.9
      vertex -44.3639 -44.3639 49.9
      vertex -35.3553 -35.3553 45
    endloop
  endfacet
  facet normal -0.358966 0.00881584 -0.933309
    outer loop
      vertex -49.9398 2.45338 45
      vertex -62.7388 0.0490674 49.9
      vertex -62.6644 3.07851 49.9
    endloop
  endfacet
  facet normal -0.350349 0.0786738 -0.933309
    outer loop
      vertex -49.0393 9.75452 45
      vertex -61.5237 12.2879 49.9
      vertex -48.5016 12.149 45
    endloop
  endfacet
  facet normal -0.350287 0.078979 -0.933307
    outer loop
      vertex -61.5237 12.2879 49.9
      vertex -49.0393 9.75452 45
      vertex -61.5345 12.24 49.9
    endloop
  endfacet
  facet normal 0.260058 0.247592 -0.93331
    outer loop
      vertex 46.4534 42.1692 49.9
      vertex 35.3553 35.3553 45
      vertex 44.3639 44.3639 49.9
    endloop
  endfacet
  facet normal 0.328268 -0.145513 -0.933309
    outer loop
      vertex 56.7362 -26.7799 49.9
      vertex 46.194 -19.1342 45
      vertex 57.9642 -24.0096 49.9
    endloop
  endfacet
  facet normal -0.234584 -0.271855 -0.933309
    outer loop
      vertex -39.839 -48.4666 49.9
      vertex -31.7197 -38.6505 45
      vertex -39.8018 -48.4987 49.9
    endloop
  endfacet
  facet normal -0.234538 -0.271893 -0.933309
    outer loop
      vertex -31.7197 -38.6505 45
      vertex -39.839 -48.4666 49.9
      vertex -33.5779 -37.0476 45
    endloop
  endfacet
  facet normal -0.260058 0.247592 -0.93331
    outer loop
      vertex -35.3553 35.3553 45
      vertex -46.4534 42.1692 49.9
      vertex -44.3639 44.3639 49.9
    endloop
  endfacet
  facet normal 0.00881584 0.358966 -0.933309
    outer loop
      vertex 2.45338 49.9398 45
      vertex 0.0490674 62.7388 49.9
      vertex 3.07851 62.6644 49.9
    endloop
  endfacet
  facet normal 0.0786738 0.350349 -0.933309
    outer loop
      vertex 9.75452 49.0393 45
      vertex 12.2879 61.5237 49.9
      vertex 12.149 48.5016 45
    endloop
  endfacet
  facet normal 0.078979 0.350287 -0.933307
    outer loop
      vertex 12.2879 61.5237 49.9
      vertex 9.75452 49.0393 45
      vertex 12.24 61.5345 49.9
    endloop
  endfacet
  facet normal 0.356372 0.0439606 -0.933309
    outer loop
      vertex 62.4319 6.19831 49.9
      vertex 49.4588 7.33652 45
      vertex 62.0609 9.20587 49.9
    endloop
  endfacet
  facet normal 0.346045 -0.0958392 -0.93331
    outer loop
      vertex 47.847 -14.5142 45
      vertex 60.0515 -18.1652 49.9
      vertex 60.0384 -18.2125 49.9
    endloop
  endfacet
  facet normal 0.346064 -0.0957776 -0.93331
    outer loop
      vertex 60.0515 -18.1652 49.9
      vertex 47.847 -14.5142 45
      vertex 48.5016 -12.149 45
    endloop
  endfacet
  facet normal 0.346064 -0.0957761 -0.933309
    outer loop
      vertex 60.0515 -18.1652 49.9
      vertex 48.5016 -12.149 45
      vertex 60.8598 -15.2446 49.9
    endloop
  endfacet
  facet normal 0.340937 -0.11267 -0.93331
    outer loop
      vertex 47.0772 -16.8445 45
      vertex 59.0879 -21.0899 49.9
      vertex 59.0725 -21.1365 49.9
    endloop
  endfacet
  facet normal 0.340951 -0.112631 -0.93331
    outer loop
      vertex 59.0879 -21.0899 49.9
      vertex 47.0772 -16.8445 45
      vertex 47.847 -14.5142 45
    endloop
  endfacet
  facet normal 0.260036 -0.247619 -0.933309
    outer loop
      vertex 46.4534 -42.1692 49.9
      vertex 37.0476 -33.5779 45
      vertex 46.4873 -42.1336 49.9
    endloop
  endfacet
  facet normal 0.260052 -0.247601 -0.933309
    outer loop
      vertex 37.0476 -33.5779 45
      vertex 46.4534 -42.1692 49.9
      vertex 35.3553 -35.3553 45
    endloop
  endfacet
  facet normal 0.303366 -0.192101 -0.933309
    outer loop
      vertex 52.1664 -34.8565 49.9
      vertex 41.5735 -27.7785 45
      vertex 53.7876 -32.2963 49.9
    endloop
  endfacet
  facet normal 0.207047 -0.293378 -0.933306
    outer loop
      vertex 27.7785 -41.5735 45
      vertex 34.8966 -52.1381 49.9
      vertex 34.8565 -52.1664 49.9
    endloop
  endfacet
  facet normal 0.206754 -0.293576 -0.933309
    outer loop
      vertex 34.8966 -52.1381 49.9
      vertex 27.7785 -41.5735 45
      vertex 29.785 -40.1604 45
    endloop
  endfacet
  facet normal -0.271895 -0.234534 -0.933309
    outer loop
      vertex -46.4873 -42.1336 49.9
      vertex -48.4666 -39.839 49.9
      vertex -37.0476 -33.5779 45
    endloop
  endfacet
  facet normal -0.293576 -0.206754 -0.933309
    outer loop
      vertex -52.1381 -34.8966 49.9
      vertex -41.5735 -27.7785 45
      vertex -40.1604 -29.785 45
    endloop
  endfacet
  facet normal -0.293378 -0.207047 -0.933306
    outer loop
      vertex -41.5735 -27.7785 45
      vertex -52.1381 -34.8966 49.9
      vertex -52.1664 -34.8565 49.9
    endloop
  endfacet
  facet normal -0.346045 -0.0958392 -0.93331
    outer loop
      vertex -60.0515 -18.1652 49.9
      vertex -47.847 -14.5142 45
      vertex -60.0384 -18.2125 49.9
    endloop
  endfacet
  facet normal -0.346064 -0.0957776 -0.93331
    outer loop
      vertex -47.847 -14.5142 45
      vertex -60.0515 -18.1652 49.9
      vertex -48.5016 -12.149 45
    endloop
  endfacet
  facet normal -0.234538 0.271893 -0.933309
    outer loop
      vertex -39.839 48.4666 49.9
      vertex -31.7197 38.6505 45
      vertex -33.5779 37.0476 45
    endloop
  endfacet
  facet normal -0.234584 0.271855 -0.933309
    outer loop
      vertex -31.7197 38.6505 45
      vertex -39.839 48.4666 49.9
      vertex -39.8018 48.4987 49.9
    endloop
  endfacet
  facet normal -0.35035 0.0786678 -0.933309
    outer loop
      vertex -48.5016 12.149 45
      vertex -61.5237 12.2879 49.9
      vertex -60.8598 15.2446 49.9
    endloop
  endfacet
  facet normal -0.303366 0.192101 -0.933309
    outer loop
      vertex -41.5735 27.7785 45
      vertex -53.7876 32.2963 49.9
      vertex -52.1664 34.8565 49.9
    endloop
  endfacet
  facet normal 0.0786678 0.35035 -0.933309
    outer loop
      vertex 15.2446 60.8598 49.9
      vertex 12.149 48.5016 45
      vertex 12.2879 61.5237 49.9
    endloop
  endfacet
  facet normal 0.293378 0.207047 -0.933306
    outer loop
      vertex 41.5735 27.7785 45
      vertex 52.1381 34.8966 49.9
      vertex 52.1664 34.8565 49.9
    endloop
  endfacet
  facet normal 0.293576 0.206754 -0.933309
    outer loop
      vertex 52.1381 34.8966 49.9
      vertex 41.5735 27.7785 45
      vertex 40.1604 29.785 45
    endloop
  endfacet
  facet normal 0.303298 0.192211 -0.933309
    outer loop
      vertex 42.8864 25.7051 45
      vertex 53.7876 32.2963 49.9
      vertex 53.8139 32.2548 49.9
    endloop
  endfacet
  facet normal 0.303368 0.192096 -0.93331
    outer loop
      vertex 53.7876 32.2963 49.9
      vertex 42.8864 25.7051 45
      vertex 41.5735 27.7785 45
    endloop
  endfacet
  facet normal 0.346064 0.0957761 -0.933309
    outer loop
      vertex 60.8598 15.2446 49.9
      vertex 48.5016 12.149 45
      vertex 60.0515 18.1652 49.9
    endloop
  endfacet
  facet normal 0.353789 0.0613786 -0.933309
    outer loop
      vertex 62.0525 9.25423 49.9
      vertex 49.0393 9.75452 45
      vertex 61.5345 12.24 49.9
    endloop
  endfacet
  facet normal 0.358102 0.026412 -0.933309
    outer loop
      vertex 62.6644 3.07851 49.9
      vertex 49.9398 2.45338 45
      vertex 62.4415 6.10065 49.9
    endloop
  endfacet
  facet normal 0.356372 -0.0439606 -0.933309
    outer loop
      vertex 62.0609 -9.20587 49.9
      vertex 49.4588 -7.33652 45
      vertex 62.4319 -6.19831 49.9
    endloop
  endfacet
  facet normal 0.358102 -0.026412 -0.933309
    outer loop
      vertex 62.4415 -6.10065 49.9
      vertex 49.9398 -2.45338 45
      vertex 62.6644 -3.07851 49.9
    endloop
  endfacet
  facet normal 0.353778 -0.0614502 -0.933309
    outer loop
      vertex 62.0525 -9.25423 49.9
      vertex 49.4588 -7.33652 45
      vertex 62.0609 -9.20587 49.9
    endloop
  endfacet
  facet normal 0.353789 -0.061379 -0.933309
    outer loop
      vertex 49.4588 -7.33652 45
      vertex 62.0525 -9.25423 49.9
      vertex 49.0393 -9.75452 45
    endloop
  endfacet
  facet normal 0.353789 -0.0613786 -0.933309
    outer loop
      vertex 61.5345 -12.24 49.9
      vertex 49.0393 -9.75452 45
      vertex 62.0525 -9.25423 49.9
    endloop
  endfacet
  facet normal 0.335014 -0.129228 -0.933309
    outer loop
      vertex 57.9642 -24.0096 49.9
      vertex 46.194 -19.1342 45
      vertex 59.0548 -21.1823 49.9
    endloop
  endfacet
  facet normal 0.35035 -0.0786678 -0.933309
    outer loop
      vertex 60.8598 -15.2446 49.9
      vertex 48.5016 -12.149 45
      vertex 61.5237 -12.2879 49.9
    endloop
  endfacet
  facet normal 0.283076 -0.220913 -0.933309
    outer loop
      vertex 48.5289 -39.7631 49.9
      vertex 40.1604 -29.785 45
      vertex 50.3932 -37.3742 49.9
    endloop
  endfacet
  facet normal 0.303298 -0.192211 -0.933309
    outer loop
      vertex 53.7876 -32.2963 49.9
      vertex 42.8864 -25.7051 45
      vertex 53.8139 -32.2548 49.9
    endloop
  endfacet
  facet normal 0.303368 -0.192096 -0.93331
    outer loop
      vertex 42.8864 -25.7051 45
      vertex 53.7876 -32.2963 49.9
      vertex 41.5735 -27.7785 45
    endloop
  endfacet
  facet normal 0.283081 -0.220905 -0.933309
    outer loop
      vertex 38.6505 -31.7197 45
      vertex 48.5289 -39.7631 49.9
      vertex 48.4987 -39.8018 49.9
    endloop
  endfacet
  facet normal 0.283071 -0.220917 -0.933309
    outer loop
      vertex 48.5289 -39.7631 49.9
      vertex 38.6505 -31.7197 45
      vertex 40.1604 -29.785 45
    endloop
  endfacet
  facet normal 0.0439606 -0.356372 -0.933309
    outer loop
      vertex 9.20587 -62.0609 49.9
      vertex 6.19831 -62.4319 49.9
      vertex 7.33652 -49.4588 45
    endloop
  endfacet
  facet normal -0.356372 -0.0439606 -0.933309
    outer loop
      vertex -62.0609 -9.20587 49.9
      vertex -62.4319 -6.19831 49.9
      vertex -49.4588 -7.33652 45
    endloop
  endfacet
  facet normal -0.358107 -0.0263368 -0.933309
    outer loop
      vertex -62.4415 -6.10065 49.9
      vertex -49.7592 -4.90086 45
      vertex -62.4379 -6.1496 49.9
    endloop
  endfacet
  facet normal -0.358099 -0.0264242 -0.93331
    outer loop
      vertex -49.7592 -4.90086 45
      vertex -62.4415 -6.10065 49.9
      vertex -49.9398 -2.45338 45
    endloop
  endfacet
  facet normal -0.0613786 -0.353789 -0.933309
    outer loop
      vertex -9.25423 -62.0525 49.9
      vertex -12.24 -61.5345 49.9
      vertex -9.75452 -49.0393 45
    endloop
  endfacet
  facet normal -0.145513 -0.328268 -0.933309
    outer loop
      vertex -24.0096 -57.9642 49.9
      vertex -26.7799 -56.7362 49.9
      vertex -19.1342 -46.194 45
    endloop
  endfacet
  facet normal -0.145509 -0.32827 -0.933309
    outer loop
      vertex -26.7799 -56.7362 49.9
      vertex -21.3778 -45.1995 45
      vertex -19.1342 -46.194 45
    endloop
  endfacet
  facet normal -0.145495 -0.328277 -0.933309
    outer loop
      vertex -21.3778 -45.1995 45
      vertex -26.7799 -56.7362 49.9
      vertex -26.8248 -56.7163 49.9
    endloop
  endfacet
  facet normal -0.192101 -0.303366 -0.933309
    outer loop
      vertex -32.2963 -53.7876 49.9
      vertex -34.8565 -52.1664 49.9
      vertex -27.7785 -41.5735 45
    endloop
  endfacet
  facet normal -0.247619 -0.260036 -0.933309
    outer loop
      vertex -42.1692 -46.4534 49.9
      vertex -33.5779 -37.0476 45
      vertex -42.1336 -46.4873 49.9
    endloop
  endfacet
  facet normal -0.247601 -0.260052 -0.933309
    outer loop
      vertex -33.5779 -37.0476 45
      vertex -42.1692 -46.4534 49.9
      vertex -35.3553 -35.3553 45
    endloop
  endfacet
  facet normal -0.320734 -0.161445 -0.933309
    outer loop
      vertex -55.3317 -29.5754 49.9
      vertex -56.6942 -26.8686 49.9
      vertex -44.0961 -23.5698 45
    endloop
  endfacet
  facet normal -0.271893 -0.234538 -0.933309
    outer loop
      vertex -48.4666 -39.839 49.9
      vertex -38.6505 -31.7197 45
      vertex -37.0476 -33.5779 45
    endloop
  endfacet
  facet normal -0.271855 -0.234584 -0.933309
    outer loop
      vertex -38.6505 -31.7197 45
      vertex -48.4666 -39.839 49.9
      vertex -48.4987 -39.8018 49.9
    endloop
  endfacet
  facet normal -0.358102 0.026412 -0.933309
    outer loop
      vertex -49.9398 2.45338 45
      vertex -62.6644 3.07851 49.9
      vertex -62.4415 6.10065 49.9
    endloop
  endfacet
  facet normal -0.358099 0.0264242 -0.93331
    outer loop
      vertex -62.4415 6.10065 49.9
      vertex -49.7592 4.90086 45
      vertex -49.9398 2.45338 45
    endloop
  endfacet
  facet normal -0.358107 0.0263368 -0.933309
    outer loop
      vertex -49.7592 4.90086 45
      vertex -62.4415 6.10065 49.9
      vertex -62.4379 6.1496 49.9
    endloop
  endfacet
  facet normal -0.0439606 0.356372 -0.933309
    outer loop
      vertex -7.33652 49.4588 45
      vertex -9.20587 62.0609 49.9
      vertex -6.19831 62.4319 49.9
    endloop
  endfacet
  facet normal -0.353789 0.0613786 -0.933309
    outer loop
      vertex -49.0393 9.75452 45
      vertex -62.0525 9.25423 49.9
      vertex -61.5345 12.24 49.9
    endloop
  endfacet
  facet normal -0.356372 0.0439606 -0.933309
    outer loop
      vertex -49.4588 7.33652 45
      vertex -62.4319 6.19831 49.9
      vertex -62.0609 9.20587 49.9
    endloop
  endfacet
  facet normal -0.353789 0.061379 -0.933309
    outer loop
      vertex -49.4588 7.33652 45
      vertex -62.0525 9.25423 49.9
      vertex -49.0393 9.75452 45
    endloop
  endfacet
  facet normal -0.353778 0.0614502 -0.933309
    outer loop
      vertex -62.0525 9.25423 49.9
      vertex -49.4588 7.33652 45
      vertex -62.0609 9.20587 49.9
    endloop
  endfacet
  facet normal -0.346064 0.0957761 -0.933309
    outer loop
      vertex -48.5016 12.149 45
      vertex -60.8598 15.2446 49.9
      vertex -60.0515 18.1652 49.9
    endloop
  endfacet
  facet normal -0.335014 0.129228 -0.933309
    outer loop
      vertex -46.194 19.1342 45
      vertex -59.0548 21.1823 49.9
      vertex -57.9642 24.0096 49.9
    endloop
  endfacet
  facet normal -0.340952 0.112628 -0.933309
    outer loop
      vertex -47.847 14.5142 45
      vertex -60.0384 18.2125 49.9
      vertex -59.0879 21.0899 49.9
    endloop
  endfacet
  facet normal -0.335014 0.129224 -0.933309
    outer loop
      vertex -47.0772 16.8445 45
      vertex -59.0548 21.1823 49.9
      vertex -46.194 19.1342 45
    endloop
  endfacet
  facet normal -0.334935 0.12944 -0.933308
    outer loop
      vertex -59.0548 21.1823 49.9
      vertex -47.0772 16.8445 45
      vertex -59.0725 21.1365 49.9
    endloop
  endfacet
  facet normal -0.260052 0.247601 -0.933309
    outer loop
      vertex -37.0476 33.5779 45
      vertex -46.4534 42.1692 49.9
      vertex -35.3553 35.3553 45
    endloop
  endfacet
  facet normal -0.260036 0.247619 -0.933309
    outer loop
      vertex -46.4534 42.1692 49.9
      vertex -37.0476 33.5779 45
      vertex -46.4873 42.1336 49.9
    endloop
  endfacet
  facet normal -0.303368 0.192096 -0.93331
    outer loop
      vertex -42.8864 25.7051 45
      vertex -53.7876 32.2963 49.9
      vertex -41.5735 27.7785 45
    endloop
  endfacet
  facet normal -0.303298 0.192211 -0.933309
    outer loop
      vertex -53.7876 32.2963 49.9
      vertex -42.8864 25.7051 45
      vertex -53.8139 32.2548 49.9
    endloop
  endfacet
  facet normal 0.026412 0.358102 -0.933309
    outer loop
      vertex 6.10065 62.4415 49.9
      vertex 2.45338 49.9398 45
      vertex 3.07851 62.6644 49.9
    endloop
  endfacet
  facet normal 0.0263368 0.358107 -0.933309
    outer loop
      vertex 4.90086 49.7592 45
      vertex 6.10065 62.4415 49.9
      vertex 6.1496 62.4379 49.9
    endloop
  endfacet
  facet normal 0.0264242 0.358099 -0.93331
    outer loop
      vertex 6.10065 62.4415 49.9
      vertex 4.90086 49.7592 45
      vertex 2.45338 49.9398 45
    endloop
  endfacet
  facet normal 0.247592 0.260058 -0.93331
    outer loop
      vertex 44.3639 44.3639 49.9
      vertex 35.3553 35.3553 45
      vertex 42.1692 46.4534 49.9
    endloop
  endfacet
  facet normal 0.0613786 0.353789 -0.933309
    outer loop
      vertex 9.75452 49.0393 45
      vertex 9.25423 62.0525 49.9
      vertex 12.24 61.5345 49.9
    endloop
  endfacet
  facet normal 0.0439606 0.356372 -0.933309
    outer loop
      vertex 7.33652 49.4588 45
      vertex 6.19831 62.4319 49.9
      vertex 9.20587 62.0609 49.9
    endloop
  endfacet
  facet normal 0.061379 0.353789 -0.933309
    outer loop
      vertex 7.33652 49.4588 45
      vertex 9.25423 62.0525 49.9
      vertex 9.75452 49.0393 45
    endloop
  endfacet
  facet normal 0.0614502 0.353778 -0.933309
    outer loop
      vertex 9.25423 62.0525 49.9
      vertex 7.33652 49.4588 45
      vertex 9.20587 62.0609 49.9
    endloop
  endfacet
  facet normal 0.0957761 0.346064 -0.933309
    outer loop
      vertex 18.1652 60.0515 49.9
      vertex 12.149 48.5016 45
      vertex 15.2446 60.8598 49.9
    endloop
  endfacet
  facet normal 0.129228 0.335014 -0.933309
    outer loop
      vertex 24.0096 57.9642 49.9
      vertex 19.1342 46.194 45
      vertex 21.1823 59.0548 49.9
    endloop
  endfacet
  facet normal 0.112628 0.340952 -0.933309
    outer loop
      vertex 21.0899 59.0879 49.9
      vertex 14.5142 47.847 45
      vertex 18.2125 60.0384 49.9
    endloop
  endfacet
  facet normal 0.129224 0.335014 -0.933309
    outer loop
      vertex 16.8445 47.0772 45
      vertex 21.1823 59.0548 49.9
      vertex 19.1342 46.194 45
    endloop
  endfacet
  facet normal 0.12944 0.334935 -0.933308
    outer loop
      vertex 21.1823 59.0548 49.9
      vertex 16.8445 47.0772 45
      vertex 21.1365 59.0725 49.9
    endloop
  endfacet
  facet normal 0.271895 0.234534 -0.933309
    outer loop
      vertex 48.4666 39.839 49.9
      vertex 37.0476 33.5779 45
      vertex 46.4873 42.1336 49.9
    endloop
  endfacet
  facet normal 0.260036 0.247619 -0.933309
    outer loop
      vertex 37.0476 33.5779 45
      vertex 46.4534 42.1692 49.9
      vertex 46.4873 42.1336 49.9
    endloop
  endfacet
  facet normal 0.260052 0.247601 -0.933309
    outer loop
      vertex 46.4534 42.1692 49.9
      vertex 37.0476 33.5779 45
      vertex 35.3553 35.3553 45
    endloop
  endfacet
  facet normal 0.283076 0.220913 -0.933309
    outer loop
      vertex 50.3932 37.3742 49.9
      vertex 40.1604 29.785 45
      vertex 48.5289 39.7631 49.9
    endloop
  endfacet
  facet normal 0.293575 0.206756 -0.933309
    outer loop
      vertex 52.1381 34.8966 49.9
      vertex 40.1604 29.785 45
      vertex 50.3932 37.3742 49.9
    endloop
  endfacet
  facet normal 0.271855 0.234584 -0.933309
    outer loop
      vertex 38.6505 31.7197 45
      vertex 48.4666 39.839 49.9
      vertex 48.4987 39.8018 49.9
    endloop
  endfacet
  facet normal 0.271893 0.234538 -0.933309
    outer loop
      vertex 48.4666 39.839 49.9
      vertex 38.6505 31.7197 45
      vertex 37.0476 33.5779 45
    endloop
  endfacet
  facet normal 0.31243 0.176981 -0.933309
    outer loop
      vertex 55.3317 29.5754 49.9
      vertex 44.0961 23.5698 45
      vertex 53.8381 32.2121 49.9
    endloop
  endfacet
  facet normal 0.328268 0.145513 -0.933309
    outer loop
      vertex 57.9642 24.0096 49.9
      vertex 46.194 19.1342 45
      vertex 56.7362 26.7799 49.9
    endloop
  endfacet
  facet normal 0.320734 0.161445 -0.933309
    outer loop
      vertex 56.6942 26.8686 49.9
      vertex 44.0961 23.5698 45
      vertex 55.3317 29.5754 49.9
    endloop
  endfacet
  facet normal 0.32827 0.145509 -0.933309
    outer loop
      vertex 45.1995 21.3778 45
      vertex 56.7362 26.7799 49.9
      vertex 46.194 19.1342 45
    endloop
  endfacet
  facet normal 0.328277 0.145495 -0.933309
    outer loop
      vertex 56.7362 26.7799 49.9
      vertex 45.1995 21.3778 45
      vertex 56.7163 26.8248 49.9
    endloop
  endfacet
  facet normal 0.335014 0.129228 -0.933309
    outer loop
      vertex 59.0548 21.1823 49.9
      vertex 46.194 19.1342 45
      vertex 57.9642 24.0096 49.9
    endloop
  endfacet
  facet normal 0.340951 0.112631 -0.93331
    outer loop
      vertex 47.0772 16.8445 45
      vertex 59.0879 21.0899 49.9
      vertex 47.847 14.5142 45
    endloop
  endfacet
  facet normal 0.340937 0.11267 -0.93331
    outer loop
      vertex 59.0879 21.0899 49.9
      vertex 47.0772 16.8445 45
      vertex 59.0725 21.1365 49.9
    endloop
  endfacet
  facet normal 0.340952 0.112628 -0.933309
    outer loop
      vertex 60.0384 18.2125 49.9
      vertex 47.847 14.5142 45
      vertex 59.0879 21.0899 49.9
    endloop
  endfacet
  facet normal 0.35035 0.0786678 -0.933309
    outer loop
      vertex 61.5237 12.2879 49.9
      vertex 48.5016 12.149 45
      vertex 60.8598 15.2446 49.9
    endloop
  endfacet
  facet normal 0.350287 0.078979 -0.933307
    outer loop
      vertex 49.0393 9.75452 45
      vertex 61.5237 12.2879 49.9
      vertex 61.5345 12.24 49.9
    endloop
  endfacet
  facet normal 0.350349 0.0786738 -0.933309
    outer loop
      vertex 61.5237 12.2879 49.9
      vertex 49.0393 9.75452 45
      vertex 48.5016 12.149 45
    endloop
  endfacet
  facet normal 0.353778 0.0614502 -0.933309
    outer loop
      vertex 49.4588 7.33652 45
      vertex 62.0525 9.25423 49.9
      vertex 62.0609 9.20587 49.9
    endloop
  endfacet
  facet normal 0.353789 0.061379 -0.933309
    outer loop
      vertex 62.0525 9.25423 49.9
      vertex 49.4588 7.33652 45
      vertex 49.0393 9.75452 45
    endloop
  endfacet
  facet normal 0.358099 0.0264242 -0.93331
    outer loop
      vertex 49.7592 4.90086 45
      vertex 62.4415 6.10065 49.9
      vertex 49.9398 2.45338 45
    endloop
  endfacet
  facet normal 0.358107 0.0263368 -0.933309
    outer loop
      vertex 62.4415 6.10065 49.9
      vertex 49.7592 4.90086 45
      vertex 62.4379 6.1496 49.9
    endloop
  endfacet
  facet normal 0.356377 -0.0438979 -0.93331
    outer loop
      vertex 62.4319 -6.19831 49.9
      vertex 49.7592 -4.90086 45
      vertex 62.4379 -6.1496 49.9
    endloop
  endfacet
  facet normal 0.356372 -0.0439528 -0.93331
    outer loop
      vertex 49.7592 -4.90086 45
      vertex 62.4319 -6.19831 49.9
      vertex 49.4588 -7.33652 45
    endloop
  endfacet
  facet normal 0.340952 -0.112628 -0.933309
    outer loop
      vertex 59.0879 -21.0899 49.9
      vertex 47.847 -14.5142 45
      vertex 60.0384 -18.2125 49.9
    endloop
  endfacet
  facet normal 0.334935 -0.12944 -0.933308
    outer loop
      vertex 59.0548 -21.1823 49.9
      vertex 47.0772 -16.8445 45
      vertex 59.0725 -21.1365 49.9
    endloop
  endfacet
  facet normal 0.335014 -0.129224 -0.933309
    outer loop
      vertex 47.0772 -16.8445 45
      vertex 59.0548 -21.1823 49.9
      vertex 46.194 -19.1342 45
    endloop
  endfacet
  facet normal 0.350287 -0.078979 -0.933307
    outer loop
      vertex 61.5237 -12.2879 49.9
      vertex 49.0393 -9.75452 45
      vertex 61.5345 -12.24 49.9
    endloop
  endfacet
  facet normal 0.350349 -0.0786738 -0.933309
    outer loop
      vertex 49.0393 -9.75452 45
      vertex 61.5237 -12.2879 49.9
      vertex 48.5016 -12.149 45
    endloop
  endfacet
  facet normal 0.31243 -0.176981 -0.933309
    outer loop
      vertex 53.8381 -32.2121 49.9
      vertex 44.0961 -23.5698 45
      vertex 55.3317 -29.5754 49.9
    endloop
  endfacet
  facet normal 0.271855 -0.234584 -0.933309
    outer loop
      vertex 48.4666 -39.839 49.9
      vertex 38.6505 -31.7197 45
      vertex 48.4987 -39.8018 49.9
    endloop
  endfacet
  facet normal 0.271893 -0.234538 -0.933309
    outer loop
      vertex 38.6505 -31.7197 45
      vertex 48.4666 -39.839 49.9
      vertex 37.0476 -33.5779 45
    endloop
  endfacet
  facet normal 0.271895 -0.234534 -0.933309
    outer loop
      vertex 46.4873 -42.1336 49.9
      vertex 37.0476 -33.5779 45
      vertex 48.4666 -39.839 49.9
    endloop
  endfacet
  facet normal 0.293378 -0.207047 -0.933306
    outer loop
      vertex 52.1381 -34.8966 49.9
      vertex 41.5735 -27.7785 45
      vertex 52.1664 -34.8565 49.9
    endloop
  endfacet
  facet normal 0.293576 -0.206754 -0.933309
    outer loop
      vertex 41.5735 -27.7785 45
      vertex 52.1381 -34.8966 49.9
      vertex 40.1604 -29.785 45
    endloop
  endfacet
  facet normal 0.293575 -0.206756 -0.933309
    outer loop
      vertex 50.3932 -37.3742 49.9
      vertex 40.1604 -29.785 45
      vertex 52.1381 -34.8966 49.9
    endloop
  endfacet
  facet normal 0.0263368 -0.358107 -0.933309
    outer loop
      vertex 6.10065 -62.4415 49.9
      vertex 4.90086 -49.7592 45
      vertex 6.1496 -62.4379 49.9
    endloop
  endfacet
  facet normal 0.0264242 -0.358099 -0.93331
    outer loop
      vertex 4.90086 -49.7592 45
      vertex 6.10065 -62.4415 49.9
      vertex 2.45338 -49.9398 45
    endloop
  endfacet
  facet normal 0.176981 -0.31243 -0.933309
    outer loop
      vertex 29.5754 -55.3317 49.9
      vertex 23.5698 -44.0961 45
      vertex 32.2121 -53.8381 49.9
    endloop
  endfacet
  facet normal 0.192101 -0.303366 -0.933309
    outer loop
      vertex 32.2963 -53.7876 49.9
      vertex 27.7785 -41.5735 45
      vertex 34.8565 -52.1664 49.9
    endloop
  endfacet
  facet normal 0.129228 -0.335014 -0.933309
    outer loop
      vertex 21.1823 -59.0548 49.9
      vertex 19.1342 -46.194 45
      vertex 24.0096 -57.9642 49.9
    endloop
  endfacet
  facet normal -0.358102 -0.026412 -0.933309
    outer loop
      vertex -62.4415 -6.10065 49.9
      vertex -62.6644 -3.07851 49.9
      vertex -49.9398 -2.45338 45
    endloop
  endfacet
  facet normal -0.358966 -0.00881584 -0.933309
    outer loop
      vertex -62.6644 -3.07851 49.9
      vertex -62.7388 -0.0490674 49.9
      vertex -49.9398 -2.45338 45
    endloop
  endfacet
  facet normal -0.353789 -0.061379 -0.933309
    outer loop
      vertex -62.0525 -9.25423 49.9
      vertex -49.4588 -7.33652 45
      vertex -49.0393 -9.75452 45
    endloop
  endfacet
  facet normal -0.353778 -0.0614502 -0.933309
    outer loop
      vertex -49.4588 -7.33652 45
      vertex -62.0525 -9.25423 49.9
      vertex -62.0609 -9.20587 49.9
    endloop
  endfacet
  facet normal -0.353789 -0.0613786 -0.933309
    outer loop
      vertex -61.5345 -12.24 49.9
      vertex -62.0525 -9.25423 49.9
      vertex -49.0393 -9.75452 45
    endloop
  endfacet
  facet normal -0.234534 -0.271895 -0.933309
    outer loop
      vertex -39.839 -48.4666 49.9
      vertex -42.1336 -46.4873 49.9
      vertex -33.5779 -37.0476 45
    endloop
  endfacet
  facet normal -0.0957761 -0.346064 -0.933309
    outer loop
      vertex -15.2446 -60.8598 49.9
      vertex -18.1652 -60.0515 49.9
      vertex -12.149 -48.5016 45
    endloop
  endfacet
  facet normal -0.00881584 -0.358966 -0.933309
    outer loop
      vertex -0.0490674 -62.7388 49.9
      vertex -3.07851 -62.6644 49.9
      vertex -2.45338 -49.9398 45
    endloop
  endfacet
  facet normal -0.161445 -0.320734 -0.933309
    outer loop
      vertex -26.8686 -56.6942 49.9
      vertex -29.5754 -55.3317 49.9
      vertex -23.5698 -44.0961 45
    endloop
  endfacet
  facet normal -0.220917 -0.283071 -0.933309
    outer loop
      vertex -39.7631 -48.5289 49.9
      vertex -31.7197 -38.6505 45
      vertex -29.785 -40.1604 45
    endloop
  endfacet
  facet normal -0.220905 -0.283081 -0.933309
    outer loop
      vertex -31.7197 -38.6505 45
      vertex -39.7631 -48.5289 49.9
      vertex -39.8018 -48.4987 49.9
    endloop
  endfacet
  facet normal -0.206756 -0.293575 -0.933309
    outer loop
      vertex -34.8966 -52.1381 49.9
      vertex -37.3742 -50.3932 49.9
      vertex -29.785 -40.1604 45
    endloop
  endfacet
  facet normal -0.220913 -0.283076 -0.933309
    outer loop
      vertex -37.3742 -50.3932 49.9
      vertex -39.7631 -48.5289 49.9
      vertex -29.785 -40.1604 45
    endloop
  endfacet
  facet normal -0.176981 -0.31243 -0.933309
    outer loop
      vertex -29.5754 -55.3317 49.9
      vertex -32.2121 -53.8381 49.9
      vertex -23.5698 -44.0961 45
    endloop
  endfacet
  facet normal -0.328277 -0.145495 -0.933309
    outer loop
      vertex -56.7362 -26.7799 49.9
      vertex -45.1995 -21.3778 45
      vertex -56.7163 -26.8248 49.9
    endloop
  endfacet
  facet normal -0.32827 -0.145509 -0.933309
    outer loop
      vertex -45.1995 -21.3778 45
      vertex -56.7362 -26.7799 49.9
      vertex -46.194 -19.1342 45
    endloop
  endfacet
  facet normal -0.320733 -0.161449 -0.933308
    outer loop
      vertex -56.6942 -26.8686 49.9
      vertex -45.1995 -21.3778 45
      vertex -44.0961 -23.5698 45
    endloop
  endfacet
  facet normal -0.320585 -0.161756 -0.933306
    outer loop
      vertex -45.1995 -21.3778 45
      vertex -56.6942 -26.8686 49.9
      vertex -56.7163 -26.8248 49.9
    endloop
  endfacet
  facet normal -0.303366 -0.192101 -0.933309
    outer loop
      vertex -52.1664 -34.8565 49.9
      vertex -53.7876 -32.2963 49.9
      vertex -41.5735 -27.7785 45
    endloop
  endfacet
  facet normal -0.283081 -0.220905 -0.933309
    outer loop
      vertex -48.5289 -39.7631 49.9
      vertex -38.6505 -31.7197 45
      vertex -48.4987 -39.8018 49.9
    endloop
  endfacet
  facet normal -0.283071 -0.220917 -0.933309
    outer loop
      vertex -38.6505 -31.7197 45
      vertex -48.5289 -39.7631 49.9
      vertex -40.1604 -29.785 45
    endloop
  endfacet
  facet normal -0.260052 -0.247601 -0.933309
    outer loop
      vertex -46.4534 -42.1692 49.9
      vertex -37.0476 -33.5779 45
      vertex -35.3553 -35.3553 45
    endloop
  endfacet
  facet normal -0.260036 -0.247619 -0.933309
    outer loop
      vertex -37.0476 -33.5779 45
      vertex -46.4534 -42.1692 49.9
      vertex -46.4873 -42.1336 49.9
    endloop
  endfacet
  facet normal -0.260058 -0.247592 -0.93331
    outer loop
      vertex -44.3639 -44.3639 49.9
      vertex -46.4534 -42.1692 49.9
      vertex -35.3553 -35.3553 45
    endloop
  endfacet
  facet normal -0.340952 -0.112628 -0.933309
    outer loop
      vertex -59.0879 -21.0899 49.9
      vertex -60.0384 -18.2125 49.9
      vertex -47.847 -14.5142 45
    endloop
  endfacet
  facet normal -0.0438979 0.356377 -0.93331
    outer loop
      vertex -4.90086 49.7592 45
      vertex -6.19831 62.4319 49.9
      vertex -6.1496 62.4379 49.9
    endloop
  endfacet
  facet normal -0.0439528 0.356372 -0.93331
    outer loop
      vertex -6.19831 62.4319 49.9
      vertex -4.90086 49.7592 45
      vertex -7.33652 49.4588 45
    endloop
  endfacet
  facet normal -0.176981 0.31243 -0.933309
    outer loop
      vertex -23.5698 44.0961 45
      vertex -32.2121 53.8381 49.9
      vertex -29.5754 55.3317 49.9
    endloop
  endfacet
  facet normal -0.192101 0.303366 -0.933309
    outer loop
      vertex -27.7785 41.5735 45
      vertex -34.8565 52.1664 49.9
      vertex -32.2963 53.7876 49.9
    endloop
  endfacet
  facet normal -0.129228 0.335014 -0.933309
    outer loop
      vertex -19.1342 46.194 45
      vertex -24.0096 57.9642 49.9
      vertex -21.1823 59.0548 49.9
    endloop
  endfacet
  facet normal -0.358965 0.00880813 -0.933309
    outer loop
      vertex -50 0 45
      vertex -62.7388 0.0490674 49.9
      vertex -49.9398 2.45338 45
    endloop
  endfacet
  facet normal -0.358965 0.00877891 -0.93331
    outer loop
      vertex -62.7388 0.0490674 49.9
      vertex -50 0 45
      vertex -62.74 0 49.9
    endloop
  endfacet
  facet normal -0.356372 0.0439528 -0.93331
    outer loop
      vertex -49.7592 4.90086 45
      vertex -62.4319 6.19831 49.9
      vertex -49.4588 7.33652 45
    endloop
  endfacet
  facet normal -0.356377 0.0438979 -0.93331
    outer loop
      vertex -62.4319 6.19831 49.9
      vertex -49.7592 4.90086 45
      vertex -62.4379 6.1496 49.9
    endloop
  endfacet
  facet normal -0.346064 0.0957776 -0.93331
    outer loop
      vertex -60.0515 18.1652 49.9
      vertex -47.847 14.5142 45
      vertex -48.5016 12.149 45
    endloop
  endfacet
  facet normal -0.346045 0.0958392 -0.93331
    outer loop
      vertex -47.847 14.5142 45
      vertex -60.0515 18.1652 49.9
      vertex -60.0384 18.2125 49.9
    endloop
  endfacet
  facet normal -0.340951 0.112631 -0.93331
    outer loop
      vertex -59.0879 21.0899 49.9
      vertex -47.0772 16.8445 45
      vertex -47.847 14.5142 45
    endloop
  endfacet
  facet normal -0.340937 0.11267 -0.93331
    outer loop
      vertex -47.0772 16.8445 45
      vertex -59.0879 21.0899 49.9
      vertex -59.0725 21.1365 49.9
    endloop
  endfacet
  facet normal -0.293575 0.206756 -0.933309
    outer loop
      vertex -40.1604 29.785 45
      vertex -52.1381 34.8966 49.9
      vertex -50.3932 37.3742 49.9
    endloop
  endfacet
  facet normal -0.283071 0.220917 -0.933309
    outer loop
      vertex -48.5289 39.7631 49.9
      vertex -38.6505 31.7197 45
      vertex -40.1604 29.785 45
    endloop
  endfacet
  facet normal -0.283081 0.220905 -0.933309
    outer loop
      vertex -38.6505 31.7197 45
      vertex -48.5289 39.7631 49.9
      vertex -48.4987 39.8018 49.9
    endloop
  endfacet
  facet normal -0.283076 0.220913 -0.933309
    outer loop
      vertex -40.1604 29.785 45
      vertex -50.3932 37.3742 49.9
      vertex -48.5289 39.7631 49.9
    endloop
  endfacet
  facet normal -0.328268 0.145513 -0.933309
    outer loop
      vertex -46.194 19.1342 45
      vertex -57.9642 24.0096 49.9
      vertex -56.7362 26.7799 49.9
    endloop
  endfacet
  facet normal -0.31243 0.176981 -0.933309
    outer loop
      vertex -44.0961 23.5698 45
      vertex -55.3317 29.5754 49.9
      vertex -53.8381 32.2121 49.9
    endloop
  endfacet
  facet normal -0.320734 0.161445 -0.933309
    outer loop
      vertex -44.0961 23.5698 45
      vertex -56.6942 26.8686 49.9
      vertex -55.3317 29.5754 49.9
    endloop
  endfacet
  facet normal 0.247601 0.260052 -0.933309
    outer loop
      vertex 33.5779 37.0476 45
      vertex 42.1692 46.4534 49.9
      vertex 35.3553 35.3553 45
    endloop
  endfacet
  facet normal 0.247619 0.260036 -0.933309
    outer loop
      vertex 42.1692 46.4534 49.9
      vertex 33.5779 37.0476 45
      vertex 42.1336 46.4873 49.9
    endloop
  endfacet
  facet normal 0.192096 0.303368 -0.93331
    outer loop
      vertex 25.7051 42.8864 45
      vertex 32.2963 53.7876 49.9
      vertex 27.7785 41.5735 45
    endloop
  endfacet
  facet normal 0.192211 0.303298 -0.933309
    outer loop
      vertex 32.2963 53.7876 49.9
      vertex 25.7051 42.8864 45
      vertex 32.2548 53.8139 49.9
    endloop
  endfacet
  facet normal 0.145513 0.328268 -0.933309
    outer loop
      vertex 26.7799 56.7362 49.9
      vertex 19.1342 46.194 45
      vertex 24.0096 57.9642 49.9
    endloop
  endfacet
  facet normal 0.161445 0.320734 -0.933309
    outer loop
      vertex 29.5754 55.3317 49.9
      vertex 23.5698 44.0961 45
      vertex 26.8686 56.6942 49.9
    endloop
  endfacet
  facet normal 0.00880813 0.358965 -0.933309
    outer loop
      vertex 0 50 45
      vertex 0.0490674 62.7388 49.9
      vertex 2.45338 49.9398 45
    endloop
  endfacet
  facet normal 0.00877891 0.358965 -0.93331
    outer loop
      vertex 0.0490674 62.7388 49.9
      vertex 0 50 45
      vertex 0 62.74 49.9
    endloop
  endfacet
  facet normal 0.0439528 0.356372 -0.93331
    outer loop
      vertex 4.90086 49.7592 45
      vertex 6.19831 62.4319 49.9
      vertex 7.33652 49.4588 45
    endloop
  endfacet
  facet normal 0.0438979 0.356377 -0.93331
    outer loop
      vertex 6.19831 62.4319 49.9
      vertex 4.90086 49.7592 45
      vertex 6.1496 62.4379 49.9
    endloop
  endfacet
  facet normal 0.0958392 0.346045 -0.93331
    outer loop
      vertex 14.5142 47.847 45
      vertex 18.1652 60.0515 49.9
      vertex 18.2125 60.0384 49.9
    endloop
  endfacet
  facet normal 0.0957776 0.346064 -0.93331
    outer loop
      vertex 18.1652 60.0515 49.9
      vertex 14.5142 47.847 45
      vertex 12.149 48.5016 45
    endloop
  endfacet
  facet normal 0.11267 0.340937 -0.93331
    outer loop
      vertex 16.8445 47.0772 45
      vertex 21.0899 59.0879 49.9
      vertex 21.1365 59.0725 49.9
    endloop
  endfacet
  facet normal 0.112631 0.340951 -0.93331
    outer loop
      vertex 21.0899 59.0879 49.9
      vertex 16.8445 47.0772 45
      vertex 14.5142 47.847 45
    endloop
  endfacet
  facet normal 0.283071 0.220917 -0.933309
    outer loop
      vertex 38.6505 31.7197 45
      vertex 48.5289 39.7631 49.9
      vertex 40.1604 29.785 45
    endloop
  endfacet
  facet normal 0.283081 0.220905 -0.933309
    outer loop
      vertex 48.5289 39.7631 49.9
      vertex 38.6505 31.7197 45
      vertex 48.4987 39.8018 49.9
    endloop
  endfacet
  facet normal 0.312419 0.176993 -0.93331
    outer loop
      vertex 42.8864 25.7051 45
      vertex 53.8381 32.2121 49.9
      vertex 44.0961 23.5698 45
    endloop
  endfacet
  facet normal 0.312389 0.177045 -0.93331
    outer loop
      vertex 53.8381 32.2121 49.9
      vertex 42.8864 25.7051 45
      vertex 53.8139 32.2548 49.9
    endloop
  endfacet
  facet normal 0.320585 0.161756 -0.933306
    outer loop
      vertex 45.1995 21.3778 45
      vertex 56.6942 26.8686 49.9
      vertex 56.7163 26.8248 49.9
    endloop
  endfacet
  facet normal 0.320733 0.161449 -0.933308
    outer loop
      vertex 56.6942 26.8686 49.9
      vertex 45.1995 21.3778 45
      vertex 44.0961 23.5698 45
    endloop
  endfacet
  facet normal 0.334935 0.12944 -0.933308
    outer loop
      vertex 47.0772 16.8445 45
      vertex 59.0548 21.1823 49.9
      vertex 59.0725 21.1365 49.9
    endloop
  endfacet
  facet normal 0.335014 0.129224 -0.933309
    outer loop
      vertex 59.0548 21.1823 49.9
      vertex 47.0772 16.8445 45
      vertex 46.194 19.1342 45
    endloop
  endfacet
  facet normal 0.346064 0.0957776 -0.93331
    outer loop
      vertex 47.847 14.5142 45
      vertex 60.0515 18.1652 49.9
      vertex 48.5016 12.149 45
    endloop
  endfacet
  facet normal 0.346045 0.0958392 -0.93331
    outer loop
      vertex 60.0515 18.1652 49.9
      vertex 47.847 14.5142 45
      vertex 60.0384 18.2125 49.9
    endloop
  endfacet
  facet normal 0.356377 0.0438979 -0.93331
    outer loop
      vertex 49.7592 4.90086 45
      vertex 62.4319 6.19831 49.9
      vertex 62.4379 6.1496 49.9
    endloop
  endfacet
  facet normal 0.356372 0.0439528 -0.93331
    outer loop
      vertex 62.4319 6.19831 49.9
      vertex 49.7592 4.90086 45
      vertex 49.4588 7.33652 45
    endloop
  endfacet
  facet normal 0.358966 0.00881584 -0.933309
    outer loop
      vertex 62.7388 0.0490674 49.9
      vertex 49.9398 2.45338 45
      vertex 62.6644 3.07851 49.9
    endloop
  endfacet
  facet normal 0.358965 0.00877891 -0.93331
    outer loop
      vertex 50 0 45
      vertex 62.7388 0.0490674 49.9
      vertex 62.74 0 49.9
    endloop
  endfacet
  facet normal 0.358965 0.00880813 -0.933309
    outer loop
      vertex 62.7388 0.0490674 49.9
      vertex 50 0 45
      vertex 49.9398 2.45338 45
    endloop
  endfacet
  facet normal 0.312389 -0.177045 -0.93331
    outer loop
      vertex 42.8864 -25.7051 45
      vertex 53.8381 -32.2121 49.9
      vertex 53.8139 -32.2548 49.9
    endloop
  endfacet
  facet normal 0.312419 -0.176993 -0.93331
    outer loop
      vertex 53.8381 -32.2121 49.9
      vertex 42.8864 -25.7051 45
      vertex 44.0961 -23.5698 45
    endloop
  endfacet
  facet normal 0.328277 -0.145495 -0.933309
    outer loop
      vertex 45.1995 -21.3778 45
      vertex 56.7362 -26.7799 49.9
      vertex 56.7163 -26.8248 49.9
    endloop
  endfacet
  facet normal 0.32827 -0.145509 -0.933309
    outer loop
      vertex 56.7362 -26.7799 49.9
      vertex 45.1995 -21.3778 45
      vertex 46.194 -19.1342 45
    endloop
  endfacet
  facet normal 0.320585 -0.161756 -0.933306
    outer loop
      vertex 56.6942 -26.8686 49.9
      vertex 45.1995 -21.3778 45
      vertex 56.7163 -26.8248 49.9
    endloop
  endfacet
  facet normal 0.320733 -0.161449 -0.933308
    outer loop
      vertex 45.1995 -21.3778 45
      vertex 56.6942 -26.8686 49.9
      vertex 44.0961 -23.5698 45
    endloop
  endfacet
  facet normal 0.320734 -0.161445 -0.933309
    outer loop
      vertex 55.3317 -29.5754 49.9
      vertex 44.0961 -23.5698 45
      vertex 56.6942 -26.8686 49.9
    endloop
  endfacet
  facet normal 0.026412 -0.358102 -0.933309
    outer loop
      vertex 3.07851 -62.6644 49.9
      vertex 2.45338 -49.9398 45
      vertex 6.10065 -62.4415 49.9
    endloop
  endfacet
  facet normal 0.00881584 -0.358966 -0.933309
    outer loop
      vertex 3.07851 -62.6644 49.9
      vertex 0.0490674 -62.7388 49.9
      vertex 2.45338 -49.9398 45
    endloop
  endfacet
  facet normal 0.078979 -0.350287 -0.933307
    outer loop
      vertex 9.75452 -49.0393 45
      vertex 12.2879 -61.5237 49.9
      vertex 12.24 -61.5345 49.9
    endloop
  endfacet
  facet normal 0.0786738 -0.350349 -0.933309
    outer loop
      vertex 12.2879 -61.5237 49.9
      vertex 9.75452 -49.0393 45
      vertex 12.149 -48.5016 45
    endloop
  endfacet
  facet normal 0.0614502 -0.353778 -0.933309
    outer loop
      vertex 7.33652 -49.4588 45
      vertex 9.25423 -62.0525 49.9
      vertex 9.20587 -62.0609 49.9
    endloop
  endfacet
  facet normal 0.061379 -0.353789 -0.933309
    outer loop
      vertex 9.25423 -62.0525 49.9
      vertex 7.33652 -49.4588 45
      vertex 9.75452 -49.0393 45
    endloop
  endfacet
  facet normal 0.0613786 -0.353789 -0.933309
    outer loop
      vertex 12.24 -61.5345 49.9
      vertex 9.25423 -62.0525 49.9
      vertex 9.75452 -49.0393 45
    endloop
  endfacet
  facet normal 0.145513 -0.328268 -0.933309
    outer loop
      vertex 24.0096 -57.9642 49.9
      vertex 19.1342 -46.194 45
      vertex 26.7799 -56.7362 49.9
    endloop
  endfacet
  facet normal 0.145495 -0.328277 -0.933309
    outer loop
      vertex 26.7799 -56.7362 49.9
      vertex 21.3778 -45.1995 45
      vertex 26.8248 -56.7163 49.9
    endloop
  endfacet
  facet normal 0.145509 -0.32827 -0.933309
    outer loop
      vertex 21.3778 -45.1995 45
      vertex 26.7799 -56.7362 49.9
      vertex 19.1342 -46.194 45
    endloop
  endfacet
  facet normal 0.177045 -0.312389 -0.93331
    outer loop
      vertex 32.2121 -53.8381 49.9
      vertex 25.7051 -42.8864 45
      vertex 32.2548 -53.8139 49.9
    endloop
  endfacet
  facet normal 0.176993 -0.312419 -0.93331
    outer loop
      vertex 25.7051 -42.8864 45
      vertex 32.2121 -53.8381 49.9
      vertex 23.5698 -44.0961 45
    endloop
  endfacet
  facet normal 0.220905 -0.283081 -0.933309
    outer loop
      vertex 39.7631 -48.5289 49.9
      vertex 31.7197 -38.6505 45
      vertex 39.8018 -48.4987 49.9
    endloop
  endfacet
  facet normal 0.220917 -0.283071 -0.933309
    outer loop
      vertex 31.7197 -38.6505 45
      vertex 39.7631 -48.5289 49.9
      vertex 29.785 -40.1604 45
    endloop
  endfacet
  facet normal 0.247619 -0.260036 -0.933309
    outer loop
      vertex 33.5779 -37.0476 45
      vertex 42.1692 -46.4534 49.9
      vertex 42.1336 -46.4873 49.9
    endloop
  endfacet
  facet normal 0.247601 -0.260052 -0.933309
    outer loop
      vertex 42.1692 -46.4534 49.9
      vertex 33.5779 -37.0476 45
      vertex 35.3553 -35.3553 45
    endloop
  endfacet
  facet normal 0.247592 -0.260058 -0.93331
    outer loop
      vertex 42.1692 -46.4534 49.9
      vertex 35.3553 -35.3553 45
      vertex 44.3639 -44.3639 49.9
    endloop
  endfacet
  facet normal 0.112628 -0.340952 -0.933309
    outer loop
      vertex 18.2125 -60.0384 49.9
      vertex 14.5142 -47.847 45
      vertex 21.0899 -59.0879 49.9
    endloop
  endfacet
  facet normal -0.356372 -0.0439528 -0.93331
    outer loop
      vertex -62.4319 -6.19831 49.9
      vertex -49.7592 -4.90086 45
      vertex -49.4588 -7.33652 45
    endloop
  endfacet
  facet normal -0.356377 -0.0438979 -0.93331
    outer loop
      vertex -49.7592 -4.90086 45
      vertex -62.4319 -6.19831 49.9
      vertex -62.4379 -6.1496 49.9
    endloop
  endfacet
  facet normal -0.35035 -0.0786678 -0.933309
    outer loop
      vertex -60.8598 -15.2446 49.9
      vertex -61.5237 -12.2879 49.9
      vertex -48.5016 -12.149 45
    endloop
  endfacet
  facet normal -0.346064 -0.0957761 -0.933309
    outer loop
      vertex -60.0515 -18.1652 49.9
      vertex -60.8598 -15.2446 49.9
      vertex -48.5016 -12.149 45
    endloop
  endfacet
  facet normal -0.129228 -0.335014 -0.933309
    outer loop
      vertex -21.1823 -59.0548 49.9
      vertex -24.0096 -57.9642 49.9
      vertex -19.1342 -46.194 45
    endloop
  endfacet
  facet normal -0.0786678 -0.35035 -0.933309
    outer loop
      vertex -12.2879 -61.5237 49.9
      vertex -15.2446 -60.8598 49.9
      vertex -12.149 -48.5016 45
    endloop
  endfacet
  facet normal -0.0957776 -0.346064 -0.93331
    outer loop
      vertex -18.1652 -60.0515 49.9
      vertex -14.5142 -47.847 45
      vertex -12.149 -48.5016 45
    endloop
  endfacet
  facet normal -0.0958392 -0.346045 -0.93331
    outer loop
      vertex -14.5142 -47.847 45
      vertex -18.1652 -60.0515 49.9
      vertex -18.2125 -60.0384 49.9
    endloop
  endfacet
  facet normal -0.112628 -0.340952 -0.933309
    outer loop
      vertex -18.2125 -60.0384 49.9
      vertex -21.0899 -59.0879 49.9
      vertex -14.5142 -47.847 45
    endloop
  endfacet
  facet normal -0.0614502 -0.353778 -0.933309
    outer loop
      vertex -9.25423 -62.0525 49.9
      vertex -7.33652 -49.4588 45
      vertex -9.20587 -62.0609 49.9
    endloop
  endfacet
  facet normal -0.061379 -0.353789 -0.933309
    outer loop
      vertex -7.33652 -49.4588 45
      vertex -9.25423 -62.0525 49.9
      vertex -9.75452 -49.0393 45
    endloop
  endfacet
  facet normal -0.026412 -0.358102 -0.933309
    outer loop
      vertex -3.07851 -62.6644 49.9
      vertex -6.10065 -62.4415 49.9
      vertex -2.45338 -49.9398 45
    endloop
  endfacet
  facet normal -0.0264242 -0.358099 -0.93331
    outer loop
      vertex -6.10065 -62.4415 49.9
      vertex -4.90086 -49.7592 45
      vertex -2.45338 -49.9398 45
    endloop
  endfacet
  facet normal -0.0263368 -0.358107 -0.933309
    outer loop
      vertex -4.90086 -49.7592 45
      vertex -6.10065 -62.4415 49.9
      vertex -6.1496 -62.4379 49.9
    endloop
  endfacet
  facet normal -0.207047 -0.293378 -0.933306
    outer loop
      vertex -34.8966 -52.1381 49.9
      vertex -27.7785 -41.5735 45
      vertex -34.8565 -52.1664 49.9
    endloop
  endfacet
  facet normal -0.206754 -0.293576 -0.933309
    outer loop
      vertex -27.7785 -41.5735 45
      vertex -34.8966 -52.1381 49.9
      vertex -29.785 -40.1604 45
    endloop
  endfacet
  facet normal -0.161756 -0.320585 -0.933306
    outer loop
      vertex -26.8686 -56.6942 49.9
      vertex -21.3778 -45.1995 45
      vertex -26.8248 -56.7163 49.9
    endloop
  endfacet
  facet normal -0.161449 -0.320733 -0.933308
    outer loop
      vertex -21.3778 -45.1995 45
      vertex -26.8686 -56.6942 49.9
      vertex -23.5698 -44.0961 45
    endloop
  endfacet
  facet normal -0.176993 -0.312419 -0.93331
    outer loop
      vertex -32.2121 -53.8381 49.9
      vertex -25.7051 -42.8864 45
      vertex -23.5698 -44.0961 45
    endloop
  endfacet
  facet normal -0.177045 -0.312389 -0.93331
    outer loop
      vertex -25.7051 -42.8864 45
      vertex -32.2121 -53.8381 49.9
      vertex -32.2548 -53.8139 49.9
    endloop
  endfacet
  facet normal -0.192211 -0.303298 -0.933309
    outer loop
      vertex -32.2963 -53.7876 49.9
      vertex -25.7051 -42.8864 45
      vertex -32.2548 -53.8139 49.9
    endloop
  endfacet
  facet normal -0.192096 -0.303368 -0.93331
    outer loop
      vertex -25.7051 -42.8864 45
      vertex -32.2963 -53.7876 49.9
      vertex -27.7785 -41.5735 45
    endloop
  endfacet
  facet normal -0.328268 -0.145513 -0.933309
    outer loop
      vertex -56.7362 -26.7799 49.9
      vertex -57.9642 -24.0096 49.9
      vertex -46.194 -19.1342 45
    endloop
  endfacet
  facet normal -0.31243 -0.176981 -0.933309
    outer loop
      vertex -53.8381 -32.2121 49.9
      vertex -55.3317 -29.5754 49.9
      vertex -44.0961 -23.5698 45
    endloop
  endfacet
  facet normal -0.283076 -0.220913 -0.933309
    outer loop
      vertex -48.5289 -39.7631 49.9
      vertex -50.3932 -37.3742 49.9
      vertex -40.1604 -29.785 45
    endloop
  endfacet
  facet normal -0.293575 -0.206756 -0.933309
    outer loop
      vertex -50.3932 -37.3742 49.9
      vertex -52.1381 -34.8966 49.9
      vertex -40.1604 -29.785 45
    endloop
  endfacet
  facet normal -0.335014 -0.129228 -0.933309
    outer loop
      vertex -57.9642 -24.0096 49.9
      vertex -59.0548 -21.1823 49.9
      vertex -46.194 -19.1342 45
    endloop
  endfacet
  facet normal -0.026412 0.358102 -0.933309
    outer loop
      vertex -2.45338 49.9398 45
      vertex -6.10065 62.4415 49.9
      vertex -3.07851 62.6644 49.9
    endloop
  endfacet
  facet normal -0.00881584 0.358966 -0.933309
    outer loop
      vertex -2.45338 49.9398 45
      vertex -3.07851 62.6644 49.9
      vertex -0.0490674 62.7388 49.9
    endloop
  endfacet
  facet normal -0.0786738 0.350349 -0.933309
    outer loop
      vertex -12.2879 61.5237 49.9
      vertex -9.75452 49.0393 45
      vertex -12.149 48.5016 45
    endloop
  endfacet
  facet normal -0.078979 0.350287 -0.933307
    outer loop
      vertex -9.75452 49.0393 45
      vertex -12.2879 61.5237 49.9
      vertex -12.24 61.5345 49.9
    endloop
  endfacet
  facet normal -0.0614502 0.353778 -0.933309
    outer loop
      vertex -7.33652 49.4588 45
      vertex -9.25423 62.0525 49.9
      vertex -9.20587 62.0609 49.9
    endloop
  endfacet
  facet normal -0.061379 0.353789 -0.933309
    outer loop
      vertex -9.25423 62.0525 49.9
      vertex -7.33652 49.4588 45
      vertex -9.75452 49.0393 45
    endloop
  endfacet
  facet normal -0.0613786 0.353789 -0.933309
    outer loop
      vertex -9.75452 49.0393 45
      vertex -12.24 61.5345 49.9
      vertex -9.25423 62.0525 49.9
    endloop
  endfacet
  facet normal -0.145513 0.328268 -0.933309
    outer loop
      vertex -19.1342 46.194 45
      vertex -26.7799 56.7362 49.9
      vertex -24.0096 57.9642 49.9
    endloop
  endfacet
  facet normal -0.145509 0.32827 -0.933309
    outer loop
      vertex -21.3778 45.1995 45
      vertex -26.7799 56.7362 49.9
      vertex -19.1342 46.194 45
    endloop
  endfacet
  facet normal -0.145495 0.328277 -0.933309
    outer loop
      vertex -26.7799 56.7362 49.9
      vertex -21.3778 45.1995 45
      vertex -26.8248 56.7163 49.9
    endloop
  endfacet
  facet normal -0.192096 0.303368 -0.93331
    outer loop
      vertex -32.2963 53.7876 49.9
      vertex -25.7051 42.8864 45
      vertex -27.7785 41.5735 45
    endloop
  endfacet
  facet normal -0.192211 0.303298 -0.933309
    outer loop
      vertex -25.7051 42.8864 45
      vertex -32.2963 53.7876 49.9
      vertex -32.2548 53.8139 49.9
    endloop
  endfacet
  facet normal -0.220913 0.283076 -0.933309
    outer loop
      vertex -29.785 40.1604 45
      vertex -39.7631 48.5289 49.9
      vertex -37.3742 50.3932 49.9
    endloop
  endfacet
  facet normal -0.220917 0.283071 -0.933309
    outer loop
      vertex -31.7197 38.6505 45
      vertex -39.7631 48.5289 49.9
      vertex -29.785 40.1604 45
    endloop
  endfacet
  facet normal -0.220905 0.283081 -0.933309
    outer loop
      vertex -39.7631 48.5289 49.9
      vertex -31.7197 38.6505 45
      vertex -39.8018 48.4987 49.9
    endloop
  endfacet
  facet normal -0.247592 0.260058 -0.93331
    outer loop
      vertex -35.3553 35.3553 45
      vertex -44.3639 44.3639 49.9
      vertex -42.1692 46.4534 49.9
    endloop
  endfacet
  facet normal -0.112628 0.340952 -0.933309
    outer loop
      vertex -14.5142 47.847 45
      vertex -21.0899 59.0879 49.9
      vertex -18.2125 60.0384 49.9
    endloop
  endfacet
  facet normal -0.129224 0.335014 -0.933309
    outer loop
      vertex -21.1823 59.0548 49.9
      vertex -16.8445 47.0772 45
      vertex -19.1342 46.194 45
    endloop
  endfacet
  facet normal -0.12944 0.334935 -0.933308
    outer loop
      vertex -16.8445 47.0772 45
      vertex -21.1823 59.0548 49.9
      vertex -21.1365 59.0725 49.9
    endloop
  endfacet
  facet normal -0.271893 0.234538 -0.933309
    outer loop
      vertex -38.6505 31.7197 45
      vertex -48.4666 39.839 49.9
      vertex -37.0476 33.5779 45
    endloop
  endfacet
  facet normal -0.271855 0.234584 -0.933309
    outer loop
      vertex -48.4666 39.839 49.9
      vertex -38.6505 31.7197 45
      vertex -48.4987 39.8018 49.9
    endloop
  endfacet
  facet normal -0.271895 0.234534 -0.933309
    outer loop
      vertex -37.0476 33.5779 45
      vertex -48.4666 39.839 49.9
      vertex -46.4873 42.1336 49.9
    endloop
  endfacet
  facet normal -0.293576 0.206754 -0.933309
    outer loop
      vertex -41.5735 27.7785 45
      vertex -52.1381 34.8966 49.9
      vertex -40.1604 29.785 45
    endloop
  endfacet
  facet normal -0.293378 0.207047 -0.933306
    outer loop
      vertex -52.1381 34.8966 49.9
      vertex -41.5735 27.7785 45
      vertex -52.1664 34.8565 49.9
    endloop
  endfacet
  facet normal -0.312419 0.176993 -0.93331
    outer loop
      vertex -53.8381 32.2121 49.9
      vertex -42.8864 25.7051 45
      vertex -44.0961 23.5698 45
    endloop
  endfacet
  facet normal -0.312389 0.177045 -0.93331
    outer loop
      vertex -42.8864 25.7051 45
      vertex -53.8381 32.2121 49.9
      vertex -53.8139 32.2548 49.9
    endloop
  endfacet
  facet normal -0.32827 0.145509 -0.933309
    outer loop
      vertex -56.7362 26.7799 49.9
      vertex -45.1995 21.3778 45
      vertex -46.194 19.1342 45
    endloop
  endfacet
  facet normal -0.328277 0.145495 -0.933309
    outer loop
      vertex -45.1995 21.3778 45
      vertex -56.7362 26.7799 49.9
      vertex -56.7163 26.8248 49.9
    endloop
  endfacet
  facet normal -0.320733 0.161449 -0.933308
    outer loop
      vertex -45.1995 21.3778 45
      vertex -56.6942 26.8686 49.9
      vertex -44.0961 23.5698 45
    endloop
  endfacet
  facet normal -0.320585 0.161756 -0.933306
    outer loop
      vertex -56.6942 26.8686 49.9
      vertex -45.1995 21.3778 45
      vertex -56.7163 26.8248 49.9
    endloop
  endfacet
  facet normal 0.234534 0.271895 -0.933309
    outer loop
      vertex 42.1336 46.4873 49.9
      vertex 33.5779 37.0476 45
      vertex 39.839 48.4666 49.9
    endloop
  endfacet
  facet normal 0.234538 0.271893 -0.933309
    outer loop
      vertex 31.7197 38.6505 45
      vertex 39.839 48.4666 49.9
      vertex 33.5779 37.0476 45
    endloop
  endfacet
  facet normal 0.234584 0.271855 -0.933309
    outer loop
      vertex 39.839 48.4666 49.9
      vertex 31.7197 38.6505 45
      vertex 39.8018 48.4987 49.9
    endloop
  endfacet
  facet normal 0.220913 0.283076 -0.933309
    outer loop
      vertex 39.7631 48.5289 49.9
      vertex 29.785 40.1604 45
      vertex 37.3742 50.3932 49.9
    endloop
  endfacet
  facet normal 0.206754 0.293576 -0.933309
    outer loop
      vertex 27.7785 41.5735 45
      vertex 34.8966 52.1381 49.9
      vertex 29.785 40.1604 45
    endloop
  endfacet
  facet normal 0.207047 0.293378 -0.933306
    outer loop
      vertex 34.8966 52.1381 49.9
      vertex 27.7785 41.5735 45
      vertex 34.8565 52.1664 49.9
    endloop
  endfacet
  facet normal 0.177045 0.312389 -0.93331
    outer loop
      vertex 25.7051 42.8864 45
      vertex 32.2121 53.8381 49.9
      vertex 32.2548 53.8139 49.9
    endloop
  endfacet
  facet normal 0.176993 0.312419 -0.93331
    outer loop
      vertex 32.2121 53.8381 49.9
      vertex 25.7051 42.8864 45
      vertex 23.5698 44.0961 45
    endloop
  endfacet
  facet normal 0.176981 0.31243 -0.933309
    outer loop
      vertex 32.2121 53.8381 49.9
      vertex 23.5698 44.0961 45
      vertex 29.5754 55.3317 49.9
    endloop
  endfacet
  facet normal 0.145495 0.328277 -0.933309
    outer loop
      vertex 21.3778 45.1995 45
      vertex 26.7799 56.7362 49.9
      vertex 26.8248 56.7163 49.9
    endloop
  endfacet
  facet normal 0.145509 0.32827 -0.933309
    outer loop
      vertex 26.7799 56.7362 49.9
      vertex 21.3778 45.1995 45
      vertex 19.1342 46.194 45
    endloop
  endfacet
  facet normal 0.161449 0.320733 -0.933308
    outer loop
      vertex 21.3778 45.1995 45
      vertex 26.8686 56.6942 49.9
      vertex 23.5698 44.0961 45
    endloop
  endfacet
  facet normal 0.161756 0.320585 -0.933306
    outer loop
      vertex 26.8686 56.6942 49.9
      vertex 21.3778 45.1995 45
      vertex 26.8248 56.7163 49.9
    endloop
  endfacet
  facet normal 0.0438979 -0.356377 -0.93331
    outer loop
      vertex 4.90086 -49.7592 45
      vertex 6.19831 -62.4319 49.9
      vertex 6.1496 -62.4379 49.9
    endloop
  endfacet
  facet normal 0.0439528 -0.356372 -0.93331
    outer loop
      vertex 6.19831 -62.4319 49.9
      vertex 4.90086 -49.7592 45
      vertex 7.33652 -49.4588 45
    endloop
  endfacet
  facet normal 0.0958392 -0.346045 -0.93331
    outer loop
      vertex 18.1652 -60.0515 49.9
      vertex 14.5142 -47.847 45
      vertex 18.2125 -60.0384 49.9
    endloop
  endfacet
  facet normal 0.0957776 -0.346064 -0.93331
    outer loop
      vertex 14.5142 -47.847 45
      vertex 18.1652 -60.0515 49.9
      vertex 12.149 -48.5016 45
    endloop
  endfacet
  facet normal 0.161445 -0.320734 -0.933309
    outer loop
      vertex 26.8686 -56.6942 49.9
      vertex 23.5698 -44.0961 45
      vertex 29.5754 -55.3317 49.9
    endloop
  endfacet
  facet normal 0.161756 -0.320585 -0.933306
    outer loop
      vertex 21.3778 -45.1995 45
      vertex 26.8686 -56.6942 49.9
      vertex 26.8248 -56.7163 49.9
    endloop
  endfacet
  facet normal 0.161449 -0.320733 -0.933308
    outer loop
      vertex 26.8686 -56.6942 49.9
      vertex 21.3778 -45.1995 45
      vertex 23.5698 -44.0961 45
    endloop
  endfacet
  facet normal 0.220913 -0.283076 -0.933309
    outer loop
      vertex 37.3742 -50.3932 49.9
      vertex 29.785 -40.1604 45
      vertex 39.7631 -48.5289 49.9
    endloop
  endfacet
  facet normal 0.206756 -0.293575 -0.933309
    outer loop
      vertex 34.8966 -52.1381 49.9
      vertex 29.785 -40.1604 45
      vertex 37.3742 -50.3932 49.9
    endloop
  endfacet
  facet normal 0.234534 -0.271895 -0.933309
    outer loop
      vertex 39.839 -48.4666 49.9
      vertex 33.5779 -37.0476 45
      vertex 42.1336 -46.4873 49.9
    endloop
  endfacet
  facet normal 0.234584 -0.271855 -0.933309
    outer loop
      vertex 31.7197 -38.6505 45
      vertex 39.839 -48.4666 49.9
      vertex 39.8018 -48.4987 49.9
    endloop
  endfacet
  facet normal 0.234538 -0.271893 -0.933309
    outer loop
      vertex 39.839 -48.4666 49.9
      vertex 31.7197 -38.6505 45
      vertex 33.5779 -37.0476 45
    endloop
  endfacet
  facet normal 0.12944 -0.334935 -0.933308
    outer loop
      vertex 16.8445 -47.0772 45
      vertex 21.1823 -59.0548 49.9
      vertex 21.1365 -59.0725 49.9
    endloop
  endfacet
  facet normal 0.129224 -0.335014 -0.933309
    outer loop
      vertex 21.1823 -59.0548 49.9
      vertex 16.8445 -47.0772 45
      vertex 19.1342 -46.194 45
    endloop
  endfacet
  facet normal 0.11267 -0.340937 -0.93331
    outer loop
      vertex 21.0899 -59.0879 49.9
      vertex 16.8445 -47.0772 45
      vertex 21.1365 -59.0725 49.9
    endloop
  endfacet
  facet normal 0.112631 -0.340951 -0.93331
    outer loop
      vertex 16.8445 -47.0772 45
      vertex 21.0899 -59.0879 49.9
      vertex 14.5142 -47.847 45
    endloop
  endfacet
  facet normal -0.350349 -0.0786738 -0.933309
    outer loop
      vertex -61.5237 -12.2879 49.9
      vertex -49.0393 -9.75452 45
      vertex -48.5016 -12.149 45
    endloop
  endfacet
  facet normal -0.350287 -0.078979 -0.933307
    outer loop
      vertex -49.0393 -9.75452 45
      vertex -61.5237 -12.2879 49.9
      vertex -61.5345 -12.24 49.9
    endloop
  endfacet
  facet normal -0.078979 -0.350287 -0.933307
    outer loop
      vertex -12.2879 -61.5237 49.9
      vertex -9.75452 -49.0393 45
      vertex -12.24 -61.5345 49.9
    endloop
  endfacet
  facet normal -0.0786738 -0.350349 -0.933309
    outer loop
      vertex -9.75452 -49.0393 45
      vertex -12.2879 -61.5237 49.9
      vertex -12.149 -48.5016 45
    endloop
  endfacet
  facet normal -0.112631 -0.340951 -0.93331
    outer loop
      vertex -21.0899 -59.0879 49.9
      vertex -16.8445 -47.0772 45
      vertex -14.5142 -47.847 45
    endloop
  endfacet
  facet normal -0.11267 -0.340937 -0.93331
    outer loop
      vertex -16.8445 -47.0772 45
      vertex -21.0899 -59.0879 49.9
      vertex -21.1365 -59.0725 49.9
    endloop
  endfacet
  facet normal -0.12944 -0.334935 -0.933308
    outer loop
      vertex -21.1823 -59.0548 49.9
      vertex -16.8445 -47.0772 45
      vertex -21.1365 -59.0725 49.9
    endloop
  endfacet
  facet normal -0.129224 -0.335014 -0.933309
    outer loop
      vertex -16.8445 -47.0772 45
      vertex -21.1823 -59.0548 49.9
      vertex -19.1342 -46.194 45
    endloop
  endfacet
  facet normal -0.0438979 -0.356377 -0.93331
    outer loop
      vertex -6.19831 -62.4319 49.9
      vertex -4.90086 -49.7592 45
      vertex -6.1496 -62.4379 49.9
    endloop
  endfacet
  facet normal -0.0439528 -0.356372 -0.93331
    outer loop
      vertex -4.90086 -49.7592 45
      vertex -6.19831 -62.4319 49.9
      vertex -7.33652 -49.4588 45
    endloop
  endfacet
  facet normal -0.0439606 -0.356372 -0.933309
    outer loop
      vertex -6.19831 -62.4319 49.9
      vertex -9.20587 -62.0609 49.9
      vertex -7.33652 -49.4588 45
    endloop
  endfacet
  facet normal -0.00877891 -0.358965 -0.93331
    outer loop
      vertex -0.0490674 -62.7388 49.9
      vertex 0 -50 45
      vertex 0 -62.74 49.9
    endloop
  endfacet
  facet normal -0.00880813 -0.358965 -0.933309
    outer loop
      vertex 0 -50 45
      vertex -0.0490674 -62.7388 49.9
      vertex -2.45338 -49.9398 45
    endloop
  endfacet
  facet normal -0.303368 -0.192096 -0.93331
    outer loop
      vertex -53.7876 -32.2963 49.9
      vertex -42.8864 -25.7051 45
      vertex -41.5735 -27.7785 45
    endloop
  endfacet
  facet normal -0.303298 -0.192211 -0.933309
    outer loop
      vertex -42.8864 -25.7051 45
      vertex -53.7876 -32.2963 49.9
      vertex -53.8139 -32.2548 49.9
    endloop
  endfacet
  facet normal -0.312389 -0.177045 -0.93331
    outer loop
      vertex -53.8381 -32.2121 49.9
      vertex -42.8864 -25.7051 45
      vertex -53.8139 -32.2548 49.9
    endloop
  endfacet
  facet normal -0.312419 -0.176993 -0.93331
    outer loop
      vertex -42.8864 -25.7051 45
      vertex -53.8381 -32.2121 49.9
      vertex -44.0961 -23.5698 45
    endloop
  endfacet
  facet normal -0.335014 -0.129224 -0.933309
    outer loop
      vertex -59.0548 -21.1823 49.9
      vertex -47.0772 -16.8445 45
      vertex -46.194 -19.1342 45
    endloop
  endfacet
  facet normal -0.334935 -0.12944 -0.933308
    outer loop
      vertex -47.0772 -16.8445 45
      vertex -59.0548 -21.1823 49.9
      vertex -59.0725 -21.1365 49.9
    endloop
  endfacet
  facet normal -0.340937 -0.11267 -0.93331
    outer loop
      vertex -59.0879 -21.0899 49.9
      vertex -47.0772 -16.8445 45
      vertex -59.0725 -21.1365 49.9
    endloop
  endfacet
  facet normal -0.340951 -0.112631 -0.93331
    outer loop
      vertex -47.0772 -16.8445 45
      vertex -59.0879 -21.0899 49.9
      vertex -47.847 -14.5142 45
    endloop
  endfacet
  facet normal -0.0264242 0.358099 -0.93331
    outer loop
      vertex -4.90086 49.7592 45
      vertex -6.10065 62.4415 49.9
      vertex -2.45338 49.9398 45
    endloop
  endfacet
  facet normal -0.0263368 0.358107 -0.933309
    outer loop
      vertex -6.10065 62.4415 49.9
      vertex -4.90086 49.7592 45
      vertex -6.1496 62.4379 49.9
    endloop
  endfacet
  facet normal -0.0957776 0.346064 -0.93331
    outer loop
      vertex -14.5142 47.847 45
      vertex -18.1652 60.0515 49.9
      vertex -12.149 48.5016 45
    endloop
  endfacet
  facet normal -0.0958392 0.346045 -0.93331
    outer loop
      vertex -18.1652 60.0515 49.9
      vertex -14.5142 47.847 45
      vertex -18.2125 60.0384 49.9
    endloop
  endfacet
  facet normal -0.161445 0.320734 -0.933309
    outer loop
      vertex -23.5698 44.0961 45
      vertex -29.5754 55.3317 49.9
      vertex -26.8686 56.6942 49.9
    endloop
  endfacet
  facet normal -0.161449 0.320733 -0.933308
    outer loop
      vertex -26.8686 56.6942 49.9
      vertex -21.3778 45.1995 45
      vertex -23.5698 44.0961 45
    endloop
  endfacet
  facet normal -0.161756 0.320585 -0.933306
    outer loop
      vertex -21.3778 45.1995 45
      vertex -26.8686 56.6942 49.9
      vertex -26.8248 56.7163 49.9
    endloop
  endfacet
  facet normal -0.206756 0.293575 -0.933309
    outer loop
      vertex -29.785 40.1604 45
      vertex -37.3742 50.3932 49.9
      vertex -34.8966 52.1381 49.9
    endloop
  endfacet
  facet normal -0.206754 0.293576 -0.933309
    outer loop
      vertex -34.8966 52.1381 49.9
      vertex -27.7785 41.5735 45
      vertex -29.785 40.1604 45
    endloop
  endfacet
  facet normal -0.207047 0.293378 -0.933306
    outer loop
      vertex -27.7785 41.5735 45
      vertex -34.8966 52.1381 49.9
      vertex -34.8565 52.1664 49.9
    endloop
  endfacet
  facet normal -0.247601 0.260052 -0.933309
    outer loop
      vertex -42.1692 46.4534 49.9
      vertex -33.5779 37.0476 45
      vertex -35.3553 35.3553 45
    endloop
  endfacet
  facet normal -0.247619 0.260036 -0.933309
    outer loop
      vertex -33.5779 37.0476 45
      vertex -42.1692 46.4534 49.9
      vertex -42.1336 46.4873 49.9
    endloop
  endfacet
  facet normal -0.234534 0.271895 -0.933309
    outer loop
      vertex -33.5779 37.0476 45
      vertex -42.1336 46.4873 49.9
      vertex -39.839 48.4666 49.9
    endloop
  endfacet
  facet normal -0.112631 0.340951 -0.93331
    outer loop
      vertex -16.8445 47.0772 45
      vertex -21.0899 59.0879 49.9
      vertex -14.5142 47.847 45
    endloop
  endfacet
  facet normal -0.11267 0.340937 -0.93331
    outer loop
      vertex -21.0899 59.0879 49.9
      vertex -16.8445 47.0772 45
      vertex -21.1365 59.0725 49.9
    endloop
  endfacet
  facet normal 0.220905 0.283081 -0.933309
    outer loop
      vertex 31.7197 38.6505 45
      vertex 39.7631 48.5289 49.9
      vertex 39.8018 48.4987 49.9
    endloop
  endfacet
  facet normal 0.220917 0.283071 -0.933309
    outer loop
      vertex 39.7631 48.5289 49.9
      vertex 31.7197 38.6505 45
      vertex 29.785 40.1604 45
    endloop
  endfacet
  facet normal 0.206756 0.293575 -0.933309
    outer loop
      vertex 37.3742 50.3932 49.9
      vertex 29.785 40.1604 45
      vertex 34.8966 52.1381 49.9
    endloop
  endfacet
  facet normal 0.192101 0.303366 -0.933309
    outer loop
      vertex 34.8565 52.1664 49.9
      vertex 27.7785 41.5735 45
      vertex 32.2963 53.7876 49.9
    endloop
  endfacet
  facet normal 0.0957761 -0.346064 -0.933309
    outer loop
      vertex 15.2446 -60.8598 49.9
      vertex 12.149 -48.5016 45
      vertex 18.1652 -60.0515 49.9
    endloop
  endfacet
  facet normal 0.0786678 -0.35035 -0.933309
    outer loop
      vertex 12.2879 -61.5237 49.9
      vertex 12.149 -48.5016 45
      vertex 15.2446 -60.8598 49.9
    endloop
  endfacet
  facet normal 0.192211 -0.303298 -0.933309
    outer loop
      vertex 25.7051 -42.8864 45
      vertex 32.2963 -53.7876 49.9
      vertex 32.2548 -53.8139 49.9
    endloop
  endfacet
  facet normal 0.192096 -0.303368 -0.93331
    outer loop
      vertex 32.2963 -53.7876 49.9
      vertex 25.7051 -42.8864 45
      vertex 27.7785 -41.5735 45
    endloop
  endfacet
  facet normal -0.0957761 0.346064 -0.933309
    outer loop
      vertex -12.149 48.5016 45
      vertex -18.1652 60.0515 49.9
      vertex -15.2446 60.8598 49.9
    endloop
  endfacet
  facet normal -0.0786678 0.35035 -0.933309
    outer loop
      vertex -12.149 48.5016 45
      vertex -15.2446 60.8598 49.9
      vertex -12.2879 61.5237 49.9
    endloop
  endfacet
  facet normal -0.176993 0.312419 -0.93331
    outer loop
      vertex -25.7051 42.8864 45
      vertex -32.2121 53.8381 49.9
      vertex -23.5698 44.0961 45
    endloop
  endfacet
  facet normal -0.177045 0.312389 -0.93331
    outer loop
      vertex -32.2121 53.8381 49.9
      vertex -25.7051 42.8864 45
      vertex -32.2548 53.8139 49.9
    endloop
  endfacet
  facet normal 0.99248 -0.122407 0
    outer loop
      vertex 49.4588 -7.33652 45
      vertex 49.7592 -4.90086 0
      vertex 49.7592 -4.90086 45
    endloop
  endfacet
  facet normal 0.99248 -0.122407 0
    outer loop
      vertex 49.7592 -4.90086 0
      vertex 49.4588 -7.33652 45
      vertex 49.4588 -7.33652 0
    endloop
  endfacet
  facet normal 0.999699 -0.0245302 0
    outer loop
      vertex 49.9398 -2.45338 45
      vertex 50 0 0
      vertex 50 0 45
    endloop
  endfacet
  facet normal 0.999699 -0.0245302 0
    outer loop
      vertex 50 0 0
      vertex 49.9398 -2.45338 45
      vertex 49.9398 -2.45338 0
    endloop
  endfacet
  facet normal -0.999699 -0.0245302 0
    outer loop
      vertex -49.9398 -2.45338 0
      vertex -50 0 45
      vertex -50 0 0
    endloop
  endfacet
  facet normal -0.999699 -0.0245302 0
    outer loop
      vertex -50 0 45
      vertex -49.9398 -2.45338 0
      vertex -49.9398 -2.45338 45
    endloop
  endfacet
  facet normal 0.0245302 -0.999699 0
    outer loop
      vertex 0 -50 0
      vertex 2.45338 -49.9398 45
      vertex 0 -50 45
    endloop
  endfacet
  facet normal 0.0245302 -0.999699 0
    outer loop
      vertex 2.45338 -49.9398 45
      vertex 0 -50 0
      vertex 2.45338 -49.9398 0
    endloop
  endfacet
  facet normal -0.0245302 0.999699 0
    outer loop
      vertex 0 50 0
      vertex -2.45338 49.9398 45
      vertex 0 50 45
    endloop
  endfacet
  facet normal -0.0245302 0.999699 0
    outer loop
      vertex -2.45338 49.9398 45
      vertex 0 50 0
      vertex -2.45338 49.9398 0
    endloop
  endfacet
  facet normal 0.724232 -0.689556 0
    outer loop
      vertex 35.3553 -35.3553 45
      vertex 37.0476 -33.5779 0
      vertex 37.0476 -33.5779 45
    endloop
  endfacet
  facet normal 0.724232 -0.689556 0
    outer loop
      vertex 37.0476 -33.5779 0
      vertex 35.3553 -35.3553 45
      vertex 35.3553 -35.3553 0
    endloop
  endfacet
  facet normal -0.689556 -0.724232 0
    outer loop
      vertex -35.3553 -35.3553 0
      vertex -33.5779 -37.0476 45
      vertex -35.3553 -35.3553 45
    endloop
  endfacet
  facet normal -0.689556 -0.724232 -0
    outer loop
      vertex -33.5779 -37.0476 45
      vertex -35.3553 -35.3553 0
      vertex -33.5779 -37.0476 0
    endloop
  endfacet
  facet normal -0.359883 -0.932998 0
    outer loop
      vertex -19.1342 -46.194 0
      vertex -16.8445 -47.0772 45
      vertex -19.1342 -46.194 45
    endloop
  endfacet
  facet normal -0.359883 -0.932998 -0
    outer loop
      vertex -16.8445 -47.0772 45
      vertex -19.1342 -46.194 0
      vertex -16.8445 -47.0772 0
    endloop
  endfacet
  facet normal 0.932998 -0.359883 0
    outer loop
      vertex 46.194 -19.1342 45
      vertex 47.0772 -16.8445 0
      vertex 47.0772 -16.8445 45
    endloop
  endfacet
  facet normal 0.932998 -0.359883 0
    outer loop
      vertex 47.0772 -16.8445 0
      vertex 46.194 -19.1342 45
      vertex 46.194 -19.1342 0
    endloop
  endfacet
  facet normal 0.405235 -0.914213 0
    outer loop
      vertex 19.1342 -46.194 0
      vertex 21.3778 -45.1995 45
      vertex 19.1342 -46.194 45
    endloop
  endfacet
  facet normal 0.405235 -0.914213 0
    outer loop
      vertex 21.3778 -45.1995 45
      vertex 19.1342 -46.194 0
      vertex 21.3778 -45.1995 0
    endloop
  endfacet
  facet normal 0.575798 -0.817592 0
    outer loop
      vertex 27.7785 -41.5735 0
      vertex 29.785 -40.1604 45
      vertex 27.7785 -41.5735 45
    endloop
  endfacet
  facet normal 0.575798 -0.817592 0
    outer loop
      vertex 29.785 -40.1604 45
      vertex 27.7785 -41.5735 0
      vertex 29.785 -40.1604 0
    endloop
  endfacet
  facet normal -0.914213 -0.405235 0
    outer loop
      vertex -45.1995 -21.3778 0
      vertex -46.194 -19.1342 45
      vertex -46.194 -19.1342 0
    endloop
  endfacet
  facet normal -0.914213 -0.405235 0
    outer loop
      vertex -46.194 -19.1342 45
      vertex -45.1995 -21.3778 0
      vertex -45.1995 -21.3778 45
    endloop
  endfacet
  facet normal -0.757208 -0.653174 0
    outer loop
      vertex -37.0476 -33.5779 0
      vertex -38.6505 -31.7197 45
      vertex -38.6505 -31.7197 0
    endloop
  endfacet
  facet normal -0.757208 -0.653174 0
    outer loop
      vertex -38.6505 -31.7197 45
      vertex -37.0476 -33.5779 0
      vertex -37.0476 -33.5779 45
    endloop
  endfacet
  facet normal -0.170937 -0.985282 0
    outer loop
      vertex -9.75452 -49.0393 0
      vertex -7.33652 -49.4588 45
      vertex -9.75452 -49.0393 45
    endloop
  endfacet
  facet normal -0.170937 -0.985282 -0
    outer loop
      vertex -7.33652 -49.4588 45
      vertex -9.75452 -49.0393 0
      vertex -7.33652 -49.4588 0
    endloop
  endfacet
  facet normal -0.757208 0.653174 0
    outer loop
      vertex -38.6505 31.7197 0
      vertex -37.0476 33.5779 45
      vertex -37.0476 33.5779 0
    endloop
  endfacet
  facet normal -0.757208 0.653174 0
    outer loop
      vertex -37.0476 33.5779 45
      vertex -38.6505 31.7197 0
      vertex -38.6505 31.7197 45
    endloop
  endfacet
  facet normal -0.949531 0.313672 0
    outer loop
      vertex -47.847 14.5142 0
      vertex -47.0772 16.8445 45
      vertex -47.0772 16.8445 0
    endloop
  endfacet
  facet normal -0.949531 0.313672 0
    outer loop
      vertex -47.0772 16.8445 45
      vertex -47.847 14.5142 0
      vertex -47.847 14.5142 45
    endloop
  endfacet
  facet normal 0.985282 -0.170937 0
    outer loop
      vertex 49.0393 -9.75452 45
      vertex 49.4588 -7.33652 0
      vertex 49.4588 -7.33652 45
    endloop
  endfacet
  facet normal 0.985282 -0.170937 0
    outer loop
      vertex 49.4588 -7.33652 0
      vertex 49.0393 -9.75452 45
      vertex 49.0393 -9.75452 0
    endloop
  endfacet
  facet normal 0.844866 -0.534978 0
    outer loop
      vertex 41.5735 -27.7785 45
      vertex 42.8864 -25.7051 0
      vertex 42.8864 -25.7051 45
    endloop
  endfacet
  facet normal 0.844866 -0.534978 0
    outer loop
      vertex 42.8864 -25.7051 0
      vertex 41.5735 -27.7785 45
      vertex 41.5735 -27.7785 0
    endloop
  endfacet
  facet normal 0.266736 -0.96377 0
    outer loop
      vertex 12.149 -48.5016 0
      vertex 14.5142 -47.847 45
      vertex 12.149 -48.5016 45
    endloop
  endfacet
  facet normal 0.266736 -0.96377 0
    outer loop
      vertex 14.5142 -47.847 45
      vertex 12.149 -48.5016 0
      vertex 14.5142 -47.847 0
    endloop
  endfacet
  facet normal 0.313672 -0.949531 0
    outer loop
      vertex 14.5142 -47.847 0
      vertex 16.8445 -47.0772 45
      vertex 14.5142 -47.847 45
    endloop
  endfacet
  facet normal 0.313672 -0.949531 0
    outer loop
      vertex 16.8445 -47.0772 45
      vertex 14.5142 -47.847 0
      vertex 16.8445 -47.0772 0
    endloop
  endfacet
  facet normal -0.96377 -0.266736 0
    outer loop
      vertex -47.847 -14.5142 0
      vertex -48.5016 -12.149 45
      vertex -48.5016 -12.149 0
    endloop
  endfacet
  facet normal -0.96377 -0.266736 0
    outer loop
      vertex -48.5016 -12.149 45
      vertex -47.847 -14.5142 0
      vertex -47.847 -14.5142 45
    endloop
  endfacet
  facet normal -0.788337 -0.615243 0
    outer loop
      vertex -38.6505 -31.7197 0
      vertex -40.1604 -29.785 45
      vertex -40.1604 -29.785 0
    endloop
  endfacet
  facet normal -0.788337 -0.615243 0
    outer loop
      vertex -40.1604 -29.785 45
      vertex -38.6505 -31.7197 0
      vertex -38.6505 -31.7197 45
    endloop
  endfacet
  facet normal -0.949531 -0.313672 0
    outer loop
      vertex -47.0772 -16.8445 0
      vertex -47.847 -14.5142 45
      vertex -47.847 -14.5142 0
    endloop
  endfacet
  facet normal -0.949531 -0.313672 0
    outer loop
      vertex -47.847 -14.5142 45
      vertex -47.0772 -16.8445 0
      vertex -47.0772 -16.8445 45
    endloop
  endfacet
  facet normal -0.492919 -0.870075 0
    outer loop
      vertex -25.7051 -42.8864 0
      vertex -23.5698 -44.0961 45
      vertex -25.7051 -42.8864 45
    endloop
  endfacet
  facet normal -0.492919 -0.870075 -0
    outer loop
      vertex -23.5698 -44.0961 45
      vertex -25.7051 -42.8864 0
      vertex -23.5698 -44.0961 0
    endloop
  endfacet
  facet normal -0.449624 -0.893218 0
    outer loop
      vertex -23.5698 -44.0961 0
      vertex -21.3778 -45.1995 45
      vertex -23.5698 -44.0961 45
    endloop
  endfacet
  facet normal -0.449624 -0.893218 -0
    outer loop
      vertex -21.3778 -45.1995 45
      vertex -23.5698 -44.0961 0
      vertex -21.3778 -45.1995 0
    endloop
  endfacet
  facet normal 0.96377 0.266736 0
    outer loop
      vertex 48.5016 12.149 45
      vertex 47.847 14.5142 0
      vertex 47.847 14.5142 45
    endloop
  endfacet
  facet normal 0.96377 0.266736 0
    outer loop
      vertex 47.847 14.5142 0
      vertex 48.5016 12.149 45
      vertex 48.5016 12.149 0
    endloop
  endfacet
  facet normal 0.122407 0.99248 -0
    outer loop
      vertex 7.33652 49.4588 0
      vertex 4.90086 49.7592 45
      vertex 7.33652 49.4588 45
    endloop
  endfacet
  facet normal 0.122407 0.99248 0
    outer loop
      vertex 4.90086 49.7592 45
      vertex 7.33652 49.4588 0
      vertex 4.90086 49.7592 0
    endloop
  endfacet
  facet normal 0.359883 0.932998 -0
    outer loop
      vertex 19.1342 46.194 0
      vertex 16.8445 47.0772 45
      vertex 19.1342 46.194 45
    endloop
  endfacet
  facet normal 0.359883 0.932998 0
    outer loop
      vertex 16.8445 47.0772 45
      vertex 19.1342 46.194 0
      vertex 16.8445 47.0772 0
    endloop
  endfacet
  facet normal 0.689556 0.724232 -0
    outer loop
      vertex 35.3553 35.3553 0
      vertex 33.5779 37.0476 45
      vertex 35.3553 35.3553 45
    endloop
  endfacet
  facet normal 0.689556 0.724232 0
    outer loop
      vertex 33.5779 37.0476 45
      vertex 35.3553 35.3553 0
      vertex 33.5779 37.0476 0
    endloop
  endfacet
  facet normal 0.534978 0.844866 -0
    outer loop
      vertex 27.7785 41.5735 0
      vertex 25.7051 42.8864 45
      vertex 27.7785 41.5735 45
    endloop
  endfacet
  facet normal 0.534978 0.844866 0
    outer loop
      vertex 25.7051 42.8864 45
      vertex 27.7785 41.5735 0
      vertex 25.7051 42.8864 0
    endloop
  endfacet
  facet normal 0.788337 0.615243 0
    outer loop
      vertex 40.1604 29.785 45
      vertex 38.6505 31.7197 0
      vertex 38.6505 31.7197 45
    endloop
  endfacet
  facet normal 0.788337 0.615243 0
    outer loop
      vertex 38.6505 31.7197 0
      vertex 40.1604 29.785 45
      vertex 40.1604 29.785 0
    endloop
  endfacet
  facet normal 0.914213 0.405235 0
    outer loop
      vertex 46.194 19.1342 45
      vertex 45.1995 21.3778 0
      vertex 45.1995 21.3778 45
    endloop
  endfacet
  facet normal 0.914213 0.405235 0
    outer loop
      vertex 45.1995 21.3778 0
      vertex 46.194 19.1342 45
      vertex 46.194 19.1342 0
    endloop
  endfacet
  facet normal 0.985282 0.170937 0
    outer loop
      vertex 49.4588 7.33652 45
      vertex 49.0393 9.75452 0
      vertex 49.0393 9.75452 45
    endloop
  endfacet
  facet normal 0.985282 0.170937 0
    outer loop
      vertex 49.0393 9.75452 0
      vertex 49.4588 7.33652 45
      vertex 49.4588 7.33652 0
    endloop
  endfacet
  facet normal -0.615243 0.788337 0
    outer loop
      vertex -29.785 40.1604 0
      vertex -31.7197 38.6505 45
      vertex -29.785 40.1604 45
    endloop
  endfacet
  facet normal -0.615243 0.788337 0
    outer loop
      vertex -31.7197 38.6505 45
      vertex -29.785 40.1604 0
      vertex -31.7197 38.6505 0
    endloop
  endfacet
  facet normal -0.405235 0.914213 0
    outer loop
      vertex -19.1342 46.194 0
      vertex -21.3778 45.1995 45
      vertex -19.1342 46.194 45
    endloop
  endfacet
  facet normal -0.405235 0.914213 0
    outer loop
      vertex -21.3778 45.1995 45
      vertex -19.1342 46.194 0
      vertex -21.3778 45.1995 0
    endloop
  endfacet
  facet normal -0.170937 0.985282 0
    outer loop
      vertex -7.33652 49.4588 0
      vertex -9.75452 49.0393 45
      vertex -7.33652 49.4588 45
    endloop
  endfacet
  facet normal -0.170937 0.985282 0
    outer loop
      vertex -9.75452 49.0393 45
      vertex -7.33652 49.4588 0
      vertex -9.75452 49.0393 0
    endloop
  endfacet
  facet normal 0.975702 -0.219102 0
    outer loop
      vertex 48.5016 -12.149 45
      vertex 49.0393 -9.75452 0
      vertex 49.0393 -9.75452 45
    endloop
  endfacet
  facet normal 0.975702 -0.219102 0
    outer loop
      vertex 49.0393 -9.75452 0
      vertex 48.5016 -12.149 45
      vertex 48.5016 -12.149 0
    endloop
  endfacet
  facet normal 0.949531 -0.313672 0
    outer loop
      vertex 47.0772 -16.8445 45
      vertex 47.847 -14.5142 0
      vertex 47.847 -14.5142 45
    endloop
  endfacet
  facet normal 0.949531 -0.313672 0
    outer loop
      vertex 47.847 -14.5142 0
      vertex 47.0772 -16.8445 45
      vertex 47.0772 -16.8445 0
    endloop
  endfacet
  facet normal 0.96377 -0.266736 0
    outer loop
      vertex 47.847 -14.5142 45
      vertex 48.5016 -12.149 0
      vertex 48.5016 -12.149 45
    endloop
  endfacet
  facet normal 0.96377 -0.266736 0
    outer loop
      vertex 48.5016 -12.149 0
      vertex 47.847 -14.5142 45
      vertex 47.847 -14.5142 0
    endloop
  endfacet
  facet normal 0.788337 -0.615243 0
    outer loop
      vertex 38.6505 -31.7197 45
      vertex 40.1604 -29.785 0
      vertex 40.1604 -29.785 45
    endloop
  endfacet
  facet normal 0.788337 -0.615243 0
    outer loop
      vertex 40.1604 -29.785 0
      vertex 38.6505 -31.7197 45
      vertex 38.6505 -31.7197 0
    endloop
  endfacet
  facet normal 0.914213 -0.405235 0
    outer loop
      vertex 45.1995 -21.3778 45
      vertex 46.194 -19.1342 0
      vertex 46.194 -19.1342 45
    endloop
  endfacet
  facet normal 0.914213 -0.405235 0
    outer loop
      vertex 46.194 -19.1342 0
      vertex 45.1995 -21.3778 45
      vertex 45.1995 -21.3778 0
    endloop
  endfacet
  facet normal 0.870075 -0.492919 0
    outer loop
      vertex 42.8864 -25.7051 45
      vertex 44.0961 -23.5698 0
      vertex 44.0961 -23.5698 45
    endloop
  endfacet
  facet normal 0.870075 -0.492919 0
    outer loop
      vertex 44.0961 -23.5698 0
      vertex 42.8864 -25.7051 45
      vertex 42.8864 -25.7051 0
    endloop
  endfacet
  facet normal 0.893218 -0.449624 0
    outer loop
      vertex 44.0961 -23.5698 45
      vertex 45.1995 -21.3778 0
      vertex 45.1995 -21.3778 45
    endloop
  endfacet
  facet normal 0.893218 -0.449624 0
    outer loop
      vertex 45.1995 -21.3778 0
      vertex 44.0961 -23.5698 45
      vertex 44.0961 -23.5698 0
    endloop
  endfacet
  facet normal 0.219102 -0.975702 0
    outer loop
      vertex 9.75452 -49.0393 0
      vertex 12.149 -48.5016 45
      vertex 9.75452 -49.0393 45
    endloop
  endfacet
  facet normal 0.219102 -0.975702 0
    outer loop
      vertex 12.149 -48.5016 45
      vertex 9.75452 -49.0393 0
      vertex 12.149 -48.5016 0
    endloop
  endfacet
  facet normal 0.122407 -0.99248 0
    outer loop
      vertex 4.90086 -49.7592 0
      vertex 7.33652 -49.4588 45
      vertex 4.90086 -49.7592 45
    endloop
  endfacet
  facet normal 0.122407 -0.99248 0
    outer loop
      vertex 7.33652 -49.4588 45
      vertex 4.90086 -49.7592 0
      vertex 7.33652 -49.4588 0
    endloop
  endfacet
  facet normal 0.492919 -0.870075 0
    outer loop
      vertex 23.5698 -44.0961 0
      vertex 25.7051 -42.8864 45
      vertex 23.5698 -44.0961 45
    endloop
  endfacet
  facet normal 0.492919 -0.870075 0
    outer loop
      vertex 25.7051 -42.8864 45
      vertex 23.5698 -44.0961 0
      vertex 25.7051 -42.8864 0
    endloop
  endfacet
  facet normal 0.689556 -0.724232 0
    outer loop
      vertex 33.5779 -37.0476 0
      vertex 35.3553 -35.3553 45
      vertex 33.5779 -37.0476 45
    endloop
  endfacet
  facet normal 0.689556 -0.724232 0
    outer loop
      vertex 35.3553 -35.3553 45
      vertex 33.5779 -37.0476 0
      vertex 35.3553 -35.3553 0
    endloop
  endfacet
  facet normal 0.615243 -0.788337 0
    outer loop
      vertex 29.785 -40.1604 0
      vertex 31.7197 -38.6505 45
      vertex 29.785 -40.1604 45
    endloop
  endfacet
  facet normal 0.615243 -0.788337 0
    outer loop
      vertex 31.7197 -38.6505 45
      vertex 29.785 -40.1604 0
      vertex 31.7197 -38.6505 0
    endloop
  endfacet
  facet normal 0.653174 -0.757208 0
    outer loop
      vertex 31.7197 -38.6505 0
      vertex 33.5779 -37.0476 45
      vertex 31.7197 -38.6505 45
    endloop
  endfacet
  facet normal 0.653174 -0.757208 0
    outer loop
      vertex 33.5779 -37.0476 45
      vertex 31.7197 -38.6505 0
      vertex 33.5779 -37.0476 0
    endloop
  endfacet
  facet normal -0.817592 -0.575798 0
    outer loop
      vertex -40.1604 -29.785 0
      vertex -41.5735 -27.7785 45
      vertex -41.5735 -27.7785 0
    endloop
  endfacet
  facet normal -0.817592 -0.575798 0
    outer loop
      vertex -41.5735 -27.7785 45
      vertex -40.1604 -29.785 0
      vertex -40.1604 -29.785 45
    endloop
  endfacet
  facet normal -0.844866 -0.534978 0
    outer loop
      vertex -41.5735 -27.7785 0
      vertex -42.8864 -25.7051 45
      vertex -42.8864 -25.7051 0
    endloop
  endfacet
  facet normal -0.844866 -0.534978 0
    outer loop
      vertex -42.8864 -25.7051 45
      vertex -41.5735 -27.7785 0
      vertex -41.5735 -27.7785 45
    endloop
  endfacet
  facet normal -0.893218 -0.449624 0
    outer loop
      vertex -44.0961 -23.5698 0
      vertex -45.1995 -21.3778 45
      vertex -45.1995 -21.3778 0
    endloop
  endfacet
  facet normal -0.893218 -0.449624 0
    outer loop
      vertex -45.1995 -21.3778 45
      vertex -44.0961 -23.5698 0
      vertex -44.0961 -23.5698 45
    endloop
  endfacet
  facet normal -0.870075 -0.492919 0
    outer loop
      vertex -42.8864 -25.7051 0
      vertex -44.0961 -23.5698 45
      vertex -44.0961 -23.5698 0
    endloop
  endfacet
  facet normal -0.870075 -0.492919 0
    outer loop
      vertex -44.0961 -23.5698 45
      vertex -42.8864 -25.7051 0
      vertex -42.8864 -25.7051 45
    endloop
  endfacet
  facet normal -0.975702 -0.219102 0
    outer loop
      vertex -48.5016 -12.149 0
      vertex -49.0393 -9.75452 45
      vertex -49.0393 -9.75452 0
    endloop
  endfacet
  facet normal -0.975702 -0.219102 0
    outer loop
      vertex -49.0393 -9.75452 45
      vertex -48.5016 -12.149 0
      vertex -48.5016 -12.149 45
    endloop
  endfacet
  facet normal -0.99248 -0.122407 0
    outer loop
      vertex -49.4588 -7.33652 0
      vertex -49.7592 -4.90086 45
      vertex -49.7592 -4.90086 0
    endloop
  endfacet
  facet normal -0.99248 -0.122407 0
    outer loop
      vertex -49.7592 -4.90086 45
      vertex -49.4588 -7.33652 0
      vertex -49.4588 -7.33652 45
    endloop
  endfacet
  facet normal -0.534978 -0.844866 0
    outer loop
      vertex -27.7785 -41.5735 0
      vertex -25.7051 -42.8864 45
      vertex -27.7785 -41.5735 45
    endloop
  endfacet
  facet normal -0.534978 -0.844866 -0
    outer loop
      vertex -25.7051 -42.8864 45
      vertex -27.7785 -41.5735 0
      vertex -25.7051 -42.8864 0
    endloop
  endfacet
  facet normal -0.615243 -0.788337 0
    outer loop
      vertex -31.7197 -38.6505 0
      vertex -29.785 -40.1604 45
      vertex -31.7197 -38.6505 45
    endloop
  endfacet
  facet normal -0.615243 -0.788337 -0
    outer loop
      vertex -29.785 -40.1604 45
      vertex -31.7197 -38.6505 0
      vertex -29.785 -40.1604 0
    endloop
  endfacet
  facet normal -0.266736 -0.96377 0
    outer loop
      vertex -14.5142 -47.847 0
      vertex -12.149 -48.5016 45
      vertex -14.5142 -47.847 45
    endloop
  endfacet
  facet normal -0.266736 -0.96377 -0
    outer loop
      vertex -12.149 -48.5016 45
      vertex -14.5142 -47.847 0
      vertex -12.149 -48.5016 0
    endloop
  endfacet
  facet normal -0.0245302 -0.999699 0
    outer loop
      vertex -2.45338 -49.9398 0
      vertex 0 -50 45
      vertex -2.45338 -49.9398 45
    endloop
  endfacet
  facet normal -0.0245302 -0.999699 -0
    outer loop
      vertex 0 -50 45
      vertex -2.45338 -49.9398 0
      vertex 0 -50 0
    endloop
  endfacet
  facet normal -0.122407 -0.99248 0
    outer loop
      vertex -7.33652 -49.4588 0
      vertex -4.90086 -49.7592 45
      vertex -7.33652 -49.4588 45
    endloop
  endfacet
  facet normal -0.122407 -0.99248 -0
    outer loop
      vertex -4.90086 -49.7592 45
      vertex -7.33652 -49.4588 0
      vertex -4.90086 -49.7592 0
    endloop
  endfacet
  facet normal -0.0735901 -0.997289 0
    outer loop
      vertex -4.90086 -49.7592 0
      vertex -2.45338 -49.9398 45
      vertex -4.90086 -49.7592 45
    endloop
  endfacet
  facet normal -0.0735901 -0.997289 -0
    outer loop
      vertex -2.45338 -49.9398 45
      vertex -4.90086 -49.7592 0
      vertex -2.45338 -49.9398 0
    endloop
  endfacet
  facet normal 0.999699 0.0245302 0
    outer loop
      vertex 50 0 45
      vertex 49.9398 2.45338 0
      vertex 49.9398 2.45338 45
    endloop
  endfacet
  facet normal 0.999699 0.0245302 0
    outer loop
      vertex 49.9398 2.45338 0
      vertex 50 0 45
      vertex 50 0 0
    endloop
  endfacet
  facet normal 0.0245302 0.999699 -0
    outer loop
      vertex 2.45338 49.9398 0
      vertex 0 50 45
      vertex 2.45338 49.9398 45
    endloop
  endfacet
  facet normal 0.0245302 0.999699 0
    outer loop
      vertex 0 50 45
      vertex 2.45338 49.9398 0
      vertex 0 50 0
    endloop
  endfacet
  facet normal 0.0735901 0.997289 -0
    outer loop
      vertex 4.90086 49.7592 0
      vertex 2.45338 49.9398 45
      vertex 4.90086 49.7592 45
    endloop
  endfacet
  facet normal 0.0735901 0.997289 0
    outer loop
      vertex 2.45338 49.9398 45
      vertex 4.90086 49.7592 0
      vertex 2.45338 49.9398 0
    endloop
  endfacet
  facet normal 0.219102 0.975702 -0
    outer loop
      vertex 12.149 48.5016 0
      vertex 9.75452 49.0393 45
      vertex 12.149 48.5016 45
    endloop
  endfacet
  facet normal 0.219102 0.975702 0
    outer loop
      vertex 9.75452 49.0393 45
      vertex 12.149 48.5016 0
      vertex 9.75452 49.0393 0
    endloop
  endfacet
  facet normal 0.313672 0.949531 -0
    outer loop
      vertex 16.8445 47.0772 0
      vertex 14.5142 47.847 45
      vertex 16.8445 47.0772 45
    endloop
  endfacet
  facet normal 0.313672 0.949531 0
    outer loop
      vertex 14.5142 47.847 45
      vertex 16.8445 47.0772 0
      vertex 14.5142 47.847 0
    endloop
  endfacet
  facet normal 0.266736 0.96377 -0
    outer loop
      vertex 14.5142 47.847 0
      vertex 12.149 48.5016 45
      vertex 14.5142 47.847 45
    endloop
  endfacet
  facet normal 0.266736 0.96377 0
    outer loop
      vertex 12.149 48.5016 45
      vertex 14.5142 47.847 0
      vertex 12.149 48.5016 0
    endloop
  endfacet
  facet normal 0.615243 0.788337 -0
    outer loop
      vertex 31.7197 38.6505 0
      vertex 29.785 40.1604 45
      vertex 31.7197 38.6505 45
    endloop
  endfacet
  facet normal 0.615243 0.788337 0
    outer loop
      vertex 29.785 40.1604 45
      vertex 31.7197 38.6505 0
      vertex 29.785 40.1604 0
    endloop
  endfacet
  facet normal 0.575798 0.817592 -0
    outer loop
      vertex 29.785 40.1604 0
      vertex 27.7785 41.5735 45
      vertex 29.785 40.1604 45
    endloop
  endfacet
  facet normal 0.575798 0.817592 0
    outer loop
      vertex 27.7785 41.5735 45
      vertex 29.785 40.1604 0
      vertex 27.7785 41.5735 0
    endloop
  endfacet
  facet normal 0.653174 0.757208 -0
    outer loop
      vertex 33.5779 37.0476 0
      vertex 31.7197 38.6505 45
      vertex 33.5779 37.0476 45
    endloop
  endfacet
  facet normal 0.653174 0.757208 0
    outer loop
      vertex 31.7197 38.6505 45
      vertex 33.5779 37.0476 0
      vertex 31.7197 38.6505 0
    endloop
  endfacet
  facet normal 0.405235 0.914213 -0
    outer loop
      vertex 21.3778 45.1995 0
      vertex 19.1342 46.194 45
      vertex 21.3778 45.1995 45
    endloop
  endfacet
  facet normal 0.405235 0.914213 0
    outer loop
      vertex 19.1342 46.194 45
      vertex 21.3778 45.1995 0
      vertex 19.1342 46.194 0
    endloop
  endfacet
  facet normal 0.492919 0.870075 -0
    outer loop
      vertex 25.7051 42.8864 0
      vertex 23.5698 44.0961 45
      vertex 25.7051 42.8864 45
    endloop
  endfacet
  facet normal 0.492919 0.870075 0
    outer loop
      vertex 23.5698 44.0961 45
      vertex 25.7051 42.8864 0
      vertex 23.5698 44.0961 0
    endloop
  endfacet
  facet normal 0.449624 0.893218 -0
    outer loop
      vertex 23.5698 44.0961 0
      vertex 21.3778 45.1995 45
      vertex 23.5698 44.0961 45
    endloop
  endfacet
  facet normal 0.449624 0.893218 0
    outer loop
      vertex 21.3778 45.1995 45
      vertex 23.5698 44.0961 0
      vertex 21.3778 45.1995 0
    endloop
  endfacet
  facet normal 0.724232 0.689556 0
    outer loop
      vertex 37.0476 33.5779 45
      vertex 35.3553 35.3553 0
      vertex 35.3553 35.3553 45
    endloop
  endfacet
  facet normal 0.724232 0.689556 0
    outer loop
      vertex 35.3553 35.3553 0
      vertex 37.0476 33.5779 45
      vertex 37.0476 33.5779 0
    endloop
  endfacet
  facet normal 0.757208 0.653174 0
    outer loop
      vertex 38.6505 31.7197 45
      vertex 37.0476 33.5779 0
      vertex 37.0476 33.5779 45
    endloop
  endfacet
  facet normal 0.757208 0.653174 0
    outer loop
      vertex 37.0476 33.5779 0
      vertex 38.6505 31.7197 45
      vertex 38.6505 31.7197 0
    endloop
  endfacet
  facet normal 0.844866 0.534978 0
    outer loop
      vertex 42.8864 25.7051 45
      vertex 41.5735 27.7785 0
      vertex 41.5735 27.7785 45
    endloop
  endfacet
  facet normal 0.844866 0.534978 0
    outer loop
      vertex 41.5735 27.7785 0
      vertex 42.8864 25.7051 45
      vertex 42.8864 25.7051 0
    endloop
  endfacet
  facet normal 0.893218 0.449624 0
    outer loop
      vertex 45.1995 21.3778 45
      vertex 44.0961 23.5698 0
      vertex 44.0961 23.5698 45
    endloop
  endfacet
  facet normal 0.893218 0.449624 0
    outer loop
      vertex 44.0961 23.5698 0
      vertex 45.1995 21.3778 45
      vertex 45.1995 21.3778 0
    endloop
  endfacet
  facet normal 0.870075 0.492919 0
    outer loop
      vertex 44.0961 23.5698 45
      vertex 42.8864 25.7051 0
      vertex 42.8864 25.7051 45
    endloop
  endfacet
  facet normal 0.870075 0.492919 0
    outer loop
      vertex 42.8864 25.7051 0
      vertex 44.0961 23.5698 45
      vertex 44.0961 23.5698 0
    endloop
  endfacet
  facet normal 0.932998 0.359883 0
    outer loop
      vertex 47.0772 16.8445 45
      vertex 46.194 19.1342 0
      vertex 46.194 19.1342 45
    endloop
  endfacet
  facet normal 0.932998 0.359883 0
    outer loop
      vertex 46.194 19.1342 0
      vertex 47.0772 16.8445 45
      vertex 47.0772 16.8445 0
    endloop
  endfacet
  facet normal 0.949531 0.313672 0
    outer loop
      vertex 47.847 14.5142 45
      vertex 47.0772 16.8445 0
      vertex 47.0772 16.8445 45
    endloop
  endfacet
  facet normal 0.949531 0.313672 0
    outer loop
      vertex 47.0772 16.8445 0
      vertex 47.847 14.5142 45
      vertex 47.847 14.5142 0
    endloop
  endfacet
  facet normal -0.0735901 0.997289 0
    outer loop
      vertex -2.45338 49.9398 0
      vertex -4.90086 49.7592 45
      vertex -2.45338 49.9398 45
    endloop
  endfacet
  facet normal -0.0735901 0.997289 0
    outer loop
      vertex -4.90086 49.7592 45
      vertex -2.45338 49.9398 0
      vertex -4.90086 49.7592 0
    endloop
  endfacet
  facet normal -0.689556 0.724232 0
    outer loop
      vertex -33.5779 37.0476 0
      vertex -35.3553 35.3553 45
      vertex -33.5779 37.0476 45
    endloop
  endfacet
  facet normal -0.689556 0.724232 0
    outer loop
      vertex -35.3553 35.3553 45
      vertex -33.5779 37.0476 0
      vertex -35.3553 35.3553 0
    endloop
  endfacet
  facet normal -0.653174 0.757208 0
    outer loop
      vertex -31.7197 38.6505 0
      vertex -33.5779 37.0476 45
      vertex -31.7197 38.6505 45
    endloop
  endfacet
  facet normal -0.653174 0.757208 0
    outer loop
      vertex -33.5779 37.0476 45
      vertex -31.7197 38.6505 0
      vertex -33.5779 37.0476 0
    endloop
  endfacet
  facet normal -0.534978 0.844866 0
    outer loop
      vertex -25.7051 42.8864 0
      vertex -27.7785 41.5735 45
      vertex -25.7051 42.8864 45
    endloop
  endfacet
  facet normal -0.534978 0.844866 0
    outer loop
      vertex -27.7785 41.5735 45
      vertex -25.7051 42.8864 0
      vertex -27.7785 41.5735 0
    endloop
  endfacet
  facet normal -0.449624 0.893218 0
    outer loop
      vertex -21.3778 45.1995 0
      vertex -23.5698 44.0961 45
      vertex -21.3778 45.1995 45
    endloop
  endfacet
  facet normal -0.449624 0.893218 0
    outer loop
      vertex -23.5698 44.0961 45
      vertex -21.3778 45.1995 0
      vertex -23.5698 44.0961 0
    endloop
  endfacet
  facet normal -0.313672 0.949531 0
    outer loop
      vertex -14.5142 47.847 0
      vertex -16.8445 47.0772 45
      vertex -14.5142 47.847 45
    endloop
  endfacet
  facet normal -0.313672 0.949531 0
    outer loop
      vertex -16.8445 47.0772 45
      vertex -14.5142 47.847 0
      vertex -16.8445 47.0772 0
    endloop
  endfacet
  facet normal -0.359883 0.932998 0
    outer loop
      vertex -16.8445 47.0772 0
      vertex -19.1342 46.194 45
      vertex -16.8445 47.0772 45
    endloop
  endfacet
  facet normal -0.359883 0.932998 0
    outer loop
      vertex -19.1342 46.194 45
      vertex -16.8445 47.0772 0
      vertex -19.1342 46.194 0
    endloop
  endfacet
  facet normal -0.266736 0.96377 0
    outer loop
      vertex -12.149 48.5016 0
      vertex -14.5142 47.847 45
      vertex -12.149 48.5016 45
    endloop
  endfacet
  facet normal -0.266736 0.96377 0
    outer loop
      vertex -14.5142 47.847 45
      vertex -12.149 48.5016 0
      vertex -14.5142 47.847 0
    endloop
  endfacet
  facet normal -0.724232 0.689556 0
    outer loop
      vertex -37.0476 33.5779 0
      vertex -35.3553 35.3553 45
      vertex -35.3553 35.3553 0
    endloop
  endfacet
  facet normal -0.724232 0.689556 0
    outer loop
      vertex -35.3553 35.3553 45
      vertex -37.0476 33.5779 0
      vertex -37.0476 33.5779 45
    endloop
  endfacet
  facet normal -0.914213 0.405235 0
    outer loop
      vertex -46.194 19.1342 0
      vertex -45.1995 21.3778 45
      vertex -45.1995 21.3778 0
    endloop
  endfacet
  facet normal -0.914213 0.405235 0
    outer loop
      vertex -45.1995 21.3778 45
      vertex -46.194 19.1342 0
      vertex -46.194 19.1342 45
    endloop
  endfacet
  facet normal -0.893218 0.449624 0
    outer loop
      vertex -45.1995 21.3778 0
      vertex -44.0961 23.5698 45
      vertex -44.0961 23.5698 0
    endloop
  endfacet
  facet normal -0.893218 0.449624 0
    outer loop
      vertex -44.0961 23.5698 45
      vertex -45.1995 21.3778 0
      vertex -45.1995 21.3778 45
    endloop
  endfacet
  facet normal -0.870075 0.492919 0
    outer loop
      vertex -44.0961 23.5698 0
      vertex -42.8864 25.7051 45
      vertex -42.8864 25.7051 0
    endloop
  endfacet
  facet normal -0.870075 0.492919 0
    outer loop
      vertex -42.8864 25.7051 45
      vertex -44.0961 23.5698 0
      vertex -44.0961 23.5698 45
    endloop
  endfacet
  facet normal -0.817592 0.575798 0
    outer loop
      vertex -41.5735 27.7785 0
      vertex -40.1604 29.785 45
      vertex -40.1604 29.785 0
    endloop
  endfacet
  facet normal -0.817592 0.575798 0
    outer loop
      vertex -40.1604 29.785 45
      vertex -41.5735 27.7785 0
      vertex -41.5735 27.7785 45
    endloop
  endfacet
  facet normal -0.932998 0.359883 0
    outer loop
      vertex -47.0772 16.8445 0
      vertex -46.194 19.1342 45
      vertex -46.194 19.1342 0
    endloop
  endfacet
  facet normal -0.932998 0.359883 0
    outer loop
      vertex -46.194 19.1342 45
      vertex -47.0772 16.8445 0
      vertex -47.0772 16.8445 45
    endloop
  endfacet
  facet normal -0.975702 0.219102 0
    outer loop
      vertex -49.0393 9.75452 0
      vertex -48.5016 12.149 45
      vertex -48.5016 12.149 0
    endloop
  endfacet
  facet normal -0.975702 0.219102 0
    outer loop
      vertex -48.5016 12.149 45
      vertex -49.0393 9.75452 0
      vertex -49.0393 9.75452 45
    endloop
  endfacet
  facet normal -0.99248 0.122407 0
    outer loop
      vertex -49.7592 4.90086 0
      vertex -49.4588 7.33652 45
      vertex -49.4588 7.33652 0
    endloop
  endfacet
  facet normal -0.99248 0.122407 0
    outer loop
      vertex -49.4588 7.33652 45
      vertex -49.7592 4.90086 0
      vertex -49.7592 4.90086 45
    endloop
  endfacet
  facet normal -0.999699 0.0245302 0
    outer loop
      vertex -50 0 0
      vertex -49.9398 2.45338 45
      vertex -49.9398 2.45338 0
    endloop
  endfacet
  facet normal -0.999699 0.0245302 0
    outer loop
      vertex -49.9398 2.45338 45
      vertex -50 0 0
      vertex -50 0 45
    endloop
  endfacet
  facet normal -0.985282 0.170937 0
    outer loop
      vertex -49.4588 7.33652 0
      vertex -49.0393 9.75452 45
      vertex -49.0393 9.75452 0
    endloop
  endfacet
  facet normal -0.985282 0.170937 0
    outer loop
      vertex -49.0393 9.75452 45
      vertex -49.4588 7.33652 0
      vertex -49.4588 7.33652 45
    endloop
  endfacet
  facet normal 0.997289 -0.0735901 0
    outer loop
      vertex 49.7592 -4.90086 45
      vertex 49.9398 -2.45338 0
      vertex 49.9398 -2.45338 45
    endloop
  endfacet
  facet normal 0.997289 -0.0735901 0
    outer loop
      vertex 49.9398 -2.45338 0
      vertex 49.7592 -4.90086 45
      vertex 49.7592 -4.90086 0
    endloop
  endfacet
  facet normal 0.757208 -0.653174 0
    outer loop
      vertex 37.0476 -33.5779 45
      vertex 38.6505 -31.7197 0
      vertex 38.6505 -31.7197 45
    endloop
  endfacet
  facet normal 0.757208 -0.653174 0
    outer loop
      vertex 38.6505 -31.7197 0
      vertex 37.0476 -33.5779 45
      vertex 37.0476 -33.5779 0
    endloop
  endfacet
  facet normal 0.817592 -0.575798 0
    outer loop
      vertex 40.1604 -29.785 45
      vertex 41.5735 -27.7785 0
      vertex 41.5735 -27.7785 45
    endloop
  endfacet
  facet normal 0.817592 -0.575798 0
    outer loop
      vertex 41.5735 -27.7785 0
      vertex 40.1604 -29.785 45
      vertex 40.1604 -29.785 0
    endloop
  endfacet
  facet normal 0.359883 -0.932998 0
    outer loop
      vertex 16.8445 -47.0772 0
      vertex 19.1342 -46.194 45
      vertex 16.8445 -47.0772 45
    endloop
  endfacet
  facet normal 0.359883 -0.932998 0
    outer loop
      vertex 19.1342 -46.194 45
      vertex 16.8445 -47.0772 0
      vertex 19.1342 -46.194 0
    endloop
  endfacet
  facet normal 0.0735901 -0.997289 0
    outer loop
      vertex 2.45338 -49.9398 0
      vertex 4.90086 -49.7592 45
      vertex 2.45338 -49.9398 45
    endloop
  endfacet
  facet normal 0.0735901 -0.997289 0
    outer loop
      vertex 4.90086 -49.7592 45
      vertex 2.45338 -49.9398 0
      vertex 4.90086 -49.7592 0
    endloop
  endfacet
  facet normal 0.170937 -0.985282 0
    outer loop
      vertex 7.33652 -49.4588 0
      vertex 9.75452 -49.0393 45
      vertex 7.33652 -49.4588 45
    endloop
  endfacet
  facet normal 0.170937 -0.985282 0
    outer loop
      vertex 9.75452 -49.0393 45
      vertex 7.33652 -49.4588 0
      vertex 9.75452 -49.0393 0
    endloop
  endfacet
  facet normal 0.449624 -0.893218 0
    outer loop
      vertex 21.3778 -45.1995 0
      vertex 23.5698 -44.0961 45
      vertex 21.3778 -45.1995 45
    endloop
  endfacet
  facet normal 0.449624 -0.893218 0
    outer loop
      vertex 23.5698 -44.0961 45
      vertex 21.3778 -45.1995 0
      vertex 23.5698 -44.0961 0
    endloop
  endfacet
  facet normal 0.534978 -0.844866 0
    outer loop
      vertex 25.7051 -42.8864 0
      vertex 27.7785 -41.5735 45
      vertex 25.7051 -42.8864 45
    endloop
  endfacet
  facet normal 0.534978 -0.844866 0
    outer loop
      vertex 27.7785 -41.5735 45
      vertex 25.7051 -42.8864 0
      vertex 27.7785 -41.5735 0
    endloop
  endfacet
  facet normal -0.724232 -0.689556 0
    outer loop
      vertex -35.3553 -35.3553 0
      vertex -37.0476 -33.5779 45
      vertex -37.0476 -33.5779 0
    endloop
  endfacet
  facet normal -0.724232 -0.689556 0
    outer loop
      vertex -37.0476 -33.5779 45
      vertex -35.3553 -35.3553 0
      vertex -35.3553 -35.3553 45
    endloop
  endfacet
  facet normal -0.932998 -0.359883 0
    outer loop
      vertex -46.194 -19.1342 0
      vertex -47.0772 -16.8445 45
      vertex -47.0772 -16.8445 0
    endloop
  endfacet
  facet normal -0.932998 -0.359883 0
    outer loop
      vertex -47.0772 -16.8445 45
      vertex -46.194 -19.1342 0
      vertex -46.194 -19.1342 45
    endloop
  endfacet
  facet normal 0 0 -1
    outer loop
      vertex 45.6 0 0
      vertex 50 0 0
      vertex 49.9398 -2.45338 0
    endloop
  endfacet
  facet normal 0 0 -1
    outer loop
      vertex 45.5451 -2.23749 0
      vertex 49.9398 -2.45338 0
      vertex 49.7592 -4.90086 0
    endloop
  endfacet
  facet normal 0 0 -1
    outer loop
      vertex 50 0 0
      vertex 45.6 0 0
      vertex 49.9398 2.45338 0
    endloop
  endfacet
  facet normal 0 0 -1
    outer loop
      vertex 45.3804 -4.46958 0
      vertex 49.7592 -4.90086 0
      vertex 49.4588 -7.33652 0
    endloop
  endfacet
  facet normal 0 0 -1
    outer loop
      vertex 45.5451 2.23749 0
      vertex 49.9398 2.45338 0
      vertex 45.6 0 0
    endloop
  endfacet
  facet normal 0 0 -1
    outer loop
      vertex 45.1064 -6.69091 0
      vertex 49.4588 -7.33652 0
      vertex 49.0393 -9.75452 0
    endloop
  endfacet
  facet normal -0 0 -1
    outer loop
      vertex 49.9398 2.45338 0
      vertex 45.5451 2.23749 0
      vertex 49.7592 4.90086 0
    endloop
  endfacet
  facet normal 0 0 -1
    outer loop
      vertex 44.7238 -8.89612 0
      vertex 49.0393 -9.75452 0
      vertex 48.5016 -12.149 0
    endloop
  endfacet
  facet normal 0 0 -1
    outer loop
      vertex 45.3804 4.46958 0
      vertex 49.7592 4.90086 0
      vertex 45.5451 2.23749 0
    endloop
  endfacet
  facet normal 0 0 -1
    outer loop
      vertex 44.2334 -11.0799 0
      vertex 48.5016 -12.149 0
      vertex 47.847 -14.5142 0
    endloop
  endfacet
  facet normal -0 0 -1
    outer loop
      vertex 49.7592 4.90086 0
      vertex 45.3804 4.46958 0
      vertex 49.4588 7.33652 0
    endloop
  endfacet
  facet normal 0 0 -1
    outer loop
      vertex 43.6365 -13.237 0
      vertex 47.847 -14.5142 0
      vertex 47.0772 -16.8445 0
    endloop
  endfacet
  facet normal 0 0 -1
    outer loop
      vertex 45.1064 6.69091 0
      vertex 49.4588 7.33652 0
      vertex 45.3804 4.46958 0
    endloop
  endfacet
  facet normal 0 0 -1
    outer loop
      vertex 42.9344 -15.3622 0
      vertex 47.0772 -16.8445 0
      vertex 46.194 -19.1342 0
    endloop
  endfacet
  facet normal -0 0 -1
    outer loop
      vertex 49.4588 7.33652 0
      vertex 45.1064 6.69091 0
      vertex 49.0393 9.75452 0
    endloop
  endfacet
  facet normal 0 0 -1
    outer loop
      vertex 44.7238 8.89612 0
      vertex 49.0393 9.75452 0
      vertex 45.1064 6.69091 0
    endloop
  endfacet
  facet normal 0 0 -1
    outer loop
      vertex 49.9398 -2.45338 0
      vertex 45.5451 -2.23749 0
      vertex 45.6 0 0
    endloop
  endfacet
  facet normal 0 0 -1
    outer loop
      vertex 49.7592 -4.90086 0
      vertex 45.3804 -4.46958 0
      vertex 45.5451 -2.23749 0
    endloop
  endfacet
  facet normal 0 0 -1
    outer loop
      vertex 42.1289 -17.4504 0
      vertex 46.194 -19.1342 0
      vertex 45.1995 -21.3778 0
    endloop
  endfacet
  facet normal 0 0 -1
    outer loop
      vertex 49.4588 -7.33652 0
      vertex 45.1064 -6.69091 0
      vertex 45.3804 -4.46958 0
    endloop
  endfacet
  facet normal 0 0 -1
    outer loop
      vertex 49.0393 -9.75452 0
      vertex 44.7238 -8.89612 0
      vertex 45.1064 -6.69091 0
    endloop
  endfacet
  facet normal 0 0 -1
    outer loop
      vertex 48.5016 -12.149 0
      vertex 44.2334 -11.0799 0
      vertex 44.7238 -8.89612 0
    endloop
  endfacet
  facet normal 0 0 -1
    outer loop
      vertex 41.2219 -19.4965 0
      vertex 45.1995 -21.3778 0
      vertex 44.0961 -23.5698 0
    endloop
  endfacet
  facet normal 0 0 -1
    outer loop
      vertex 47.847 -14.5142 0
      vertex 43.6365 -13.237 0
      vertex 44.2334 -11.0799 0
    endloop
  endfacet
  facet normal 0 0 -1
    outer loop
      vertex 47.0772 -16.8445 0
      vertex 42.9344 -15.3622 0
      vertex 43.6365 -13.237 0
    endloop
  endfacet
  facet normal 0 0 -1
    outer loop
      vertex 40.2156 -21.4957 0
      vertex 44.0961 -23.5698 0
      vertex 42.8864 -25.7051 0
    endloop
  endfacet
  facet normal 0 0 -1
    outer loop
      vertex 46.194 -19.1342 0
      vertex 42.1289 -17.4504 0
      vertex 42.9344 -15.3622 0
    endloop
  endfacet
  facet normal 0 0 -1
    outer loop
      vertex 39.1124 -23.4431 0
      vertex 42.8864 -25.7051 0
      vertex 41.5735 -27.7785 0
    endloop
  endfacet
  facet normal 0 0 -1
    outer loop
      vertex 45.1995 -21.3778 0
      vertex 41.2219 -19.4965 0
      vertex 42.1289 -17.4504 0
    endloop
  endfacet
  facet normal 0 0 -1
    outer loop
      vertex 44.0961 -23.5698 0
      vertex 40.2156 -21.4957 0
      vertex 41.2219 -19.4965 0
    endloop
  endfacet
  facet normal 0 0 -1
    outer loop
      vertex 37.915 -25.334 0
      vertex 41.5735 -27.7785 0
      vertex 40.1604 -29.785 0
    endloop
  endfacet
  facet normal 0 0 -1
    outer loop
      vertex 42.8864 -25.7051 0
      vertex 39.1124 -23.4431 0
      vertex 40.2156 -21.4957 0
    endloop
  endfacet
  facet normal 0 0 -1
    outer loop
      vertex 36.6263 -27.1639 0
      vertex 40.1604 -29.785 0
      vertex 38.6505 -31.7197 0
    endloop
  endfacet
  facet normal 0 0 -1
    outer loop
      vertex 41.5735 -27.7785 0
      vertex 37.915 -25.334 0
      vertex 39.1124 -23.4431 0
    endloop
  endfacet
  facet normal 0 0 -1
    outer loop
      vertex 35.2493 -28.9283 0
      vertex 38.6505 -31.7197 0
      vertex 37.0476 -33.5779 0
    endloop
  endfacet
  facet normal 0 0 -1
    outer loop
      vertex 40.1604 -29.785 0
      vertex 36.6263 -27.1639 0
      vertex 37.915 -25.334 0
    endloop
  endfacet
  facet normal 0 0 -1
    outer loop
      vertex 33.7874 -30.6231 0
      vertex 37.0476 -33.5779 0
      vertex 35.3553 -35.3553 0
    endloop
  endfacet
  facet normal 0 0 -1
    outer loop
      vertex 38.6505 -31.7197 0
      vertex 35.2493 -28.9283 0
      vertex 36.6263 -27.1639 0
    endloop
  endfacet
  facet normal 0 0 -1
    outer loop
      vertex 37.0476 -33.5779 0
      vertex 33.7874 -30.6231 0
      vertex 35.2493 -28.9283 0
    endloop
  endfacet
  facet normal 0 0 -1
    outer loop
      vertex 32.2441 -32.2441 0
      vertex 35.3553 -35.3553 0
      vertex 33.5779 -37.0476 0
    endloop
  endfacet
  facet normal 0 0 -1
    outer loop
      vertex 35.3553 -35.3553 0
      vertex 32.2441 -32.2441 0
      vertex 33.7874 -30.6231 0
    endloop
  endfacet
  facet normal 0 0 -1
    outer loop
      vertex 30.6231 -33.7874 0
      vertex 33.5779 -37.0476 0
      vertex 31.7197 -38.6505 0
    endloop
  endfacet
  facet normal 0 0 -1
    outer loop
      vertex 33.5779 -37.0476 0
      vertex 30.6231 -33.7874 0
      vertex 32.2441 -32.2441 0
    endloop
  endfacet
  facet normal 0 0 -1
    outer loop
      vertex 28.9283 -35.2493 0
      vertex 31.7197 -38.6505 0
      vertex 29.785 -40.1604 0
    endloop
  endfacet
  facet normal 0 0 -1
    outer loop
      vertex 31.7197 -38.6505 0
      vertex 28.9283 -35.2493 0
      vertex 30.6231 -33.7874 0
    endloop
  endfacet
  facet normal 0 0 -1
    outer loop
      vertex 27.1639 -36.6263 0
      vertex 29.785 -40.1604 0
      vertex 27.7785 -41.5735 0
    endloop
  endfacet
  facet normal 0 0 -1
    outer loop
      vertex 29.785 -40.1604 0
      vertex 27.1639 -36.6263 0
      vertex 28.9283 -35.2493 0
    endloop
  endfacet
  facet normal 0 0 -1
    outer loop
      vertex 25.334 -37.915 0
      vertex 27.7785 -41.5735 0
      vertex 25.7051 -42.8864 0
    endloop
  endfacet
  facet normal 0 0 -1
    outer loop
      vertex 27.7785 -41.5735 0
      vertex 25.334 -37.915 0
      vertex 27.1639 -36.6263 0
    endloop
  endfacet
  facet normal 0 0 -1
    outer loop
      vertex 23.4431 -39.1124 0
      vertex 25.7051 -42.8864 0
      vertex 23.5698 -44.0961 0
    endloop
  endfacet
  facet normal 0 0 -1
    outer loop
      vertex 25.7051 -42.8864 0
      vertex 23.4431 -39.1124 0
      vertex 25.334 -37.915 0
    endloop
  endfacet
  facet normal 0 0 -1
    outer loop
      vertex 23.5698 -44.0961 0
      vertex 21.4957 -40.2156 0
      vertex 23.4431 -39.1124 0
    endloop
  endfacet
  facet normal 0 0 -1
    outer loop
      vertex 21.3778 -45.1995 0
      vertex 21.4957 -40.2156 0
      vertex 23.5698 -44.0961 0
    endloop
  endfacet
  facet normal 0 0 -1
    outer loop
      vertex 21.3778 -45.1995 0
      vertex 19.4965 -41.2219 0
      vertex 21.4957 -40.2156 0
    endloop
  endfacet
  facet normal 0 0 -1
    outer loop
      vertex 19.1342 -46.194 0
      vertex 19.4965 -41.2219 0
      vertex 21.3778 -45.1995 0
    endloop
  endfacet
  facet normal 0 0 -1
    outer loop
      vertex 19.1342 -46.194 0
      vertex 17.4504 -42.1289 0
      vertex 19.4965 -41.2219 0
    endloop
  endfacet
  facet normal 0 0 -1
    outer loop
      vertex 16.8445 -47.0772 0
      vertex 17.4504 -42.1289 0
      vertex 19.1342 -46.194 0
    endloop
  endfacet
  facet normal 0 0 -1
    outer loop
      vertex 16.8445 -47.0772 0
      vertex 15.3622 -42.9344 0
      vertex 17.4504 -42.1289 0
    endloop
  endfacet
  facet normal 0 0 -1
    outer loop
      vertex 14.5142 -47.847 0
      vertex 15.3622 -42.9344 0
      vertex 16.8445 -47.0772 0
    endloop
  endfacet
  facet normal 0 0 -1
    outer loop
      vertex 14.5142 -47.847 0
      vertex 13.237 -43.6365 0
      vertex 15.3622 -42.9344 0
    endloop
  endfacet
  facet normal 0 0 -1
    outer loop
      vertex 12.149 -48.5016 0
      vertex 13.237 -43.6365 0
      vertex 14.5142 -47.847 0
    endloop
  endfacet
  facet normal 0 0 -1
    outer loop
      vertex 12.149 -48.5016 0
      vertex 11.0799 -44.2334 0
      vertex 13.237 -43.6365 0
    endloop
  endfacet
  facet normal 0 0 -1
    outer loop
      vertex 9.75452 -49.0393 0
      vertex 11.0799 -44.2334 0
      vertex 12.149 -48.5016 0
    endloop
  endfacet
  facet normal 0 0 -1
    outer loop
      vertex 9.75452 -49.0393 0
      vertex 8.89612 -44.7238 0
      vertex 11.0799 -44.2334 0
    endloop
  endfacet
  facet normal 0 0 -1
    outer loop
      vertex 7.33652 -49.4588 0
      vertex 8.89612 -44.7238 0
      vertex 9.75452 -49.0393 0
    endloop
  endfacet
  facet normal 0 0 -1
    outer loop
      vertex 7.33652 -49.4588 0
      vertex 6.69091 -45.1064 0
      vertex 8.89612 -44.7238 0
    endloop
  endfacet
  facet normal 0 0 -1
    outer loop
      vertex 4.90086 -49.7592 0
      vertex 6.69091 -45.1064 0
      vertex 7.33652 -49.4588 0
    endloop
  endfacet
  facet normal 0 0 -1
    outer loop
      vertex 4.90086 -49.7592 0
      vertex 4.46958 -45.3804 0
      vertex 6.69091 -45.1064 0
    endloop
  endfacet
  facet normal 0 0 -1
    outer loop
      vertex 2.45338 -49.9398 0
      vertex 4.46958 -45.3804 0
      vertex 4.90086 -49.7592 0
    endloop
  endfacet
  facet normal 0 0 -1
    outer loop
      vertex 2.45338 -49.9398 0
      vertex 2.23749 -45.5451 0
      vertex 4.46958 -45.3804 0
    endloop
  endfacet
  facet normal 0 0 -1
    outer loop
      vertex 0 -50 0
      vertex 2.23749 -45.5451 0
      vertex 2.45338 -49.9398 0
    endloop
  endfacet
  facet normal 0 0 -1
    outer loop
      vertex 0 -50 0
      vertex 0 -45.6 0
      vertex 2.23749 -45.5451 0
    endloop
  endfacet
  facet normal 0 0 -1
    outer loop
      vertex 0 -50 0
      vertex -2.23749 -45.5451 0
      vertex 0 -45.6 0
    endloop
  endfacet
  facet normal 0 0 -1
    outer loop
      vertex -2.45338 -49.9398 0
      vertex -2.23749 -45.5451 0
      vertex 0 -50 0
    endloop
  endfacet
  facet normal 0 0 -1
    outer loop
      vertex -2.45338 -49.9398 0
      vertex -4.46958 -45.3804 0
      vertex -2.23749 -45.5451 0
    endloop
  endfacet
  facet normal 0 0 -1
    outer loop
      vertex -4.90086 -49.7592 0
      vertex -4.46958 -45.3804 0
      vertex -2.45338 -49.9398 0
    endloop
  endfacet
  facet normal 0 0 -1
    outer loop
      vertex -4.90086 -49.7592 0
      vertex -6.69091 -45.1064 0
      vertex -4.46958 -45.3804 0
    endloop
  endfacet
  facet normal 0 0 -1
    outer loop
      vertex -7.33652 -49.4588 0
      vertex -6.69091 -45.1064 0
      vertex -4.90086 -49.7592 0
    endloop
  endfacet
  facet normal 0 0 -1
    outer loop
      vertex -7.33652 -49.4588 0
      vertex -8.89612 -44.7238 0
      vertex -6.69091 -45.1064 0
    endloop
  endfacet
  facet normal 0 0 -1
    outer loop
      vertex -9.75452 -49.0393 0
      vertex -8.89612 -44.7238 0
      vertex -7.33652 -49.4588 0
    endloop
  endfacet
  facet normal 0 0 -1
    outer loop
      vertex -9.75452 -49.0393 0
      vertex -11.0799 -44.2334 0
      vertex -8.89612 -44.7238 0
    endloop
  endfacet
  facet normal 0 0 -1
    outer loop
      vertex -12.149 -48.5016 0
      vertex -11.0799 -44.2334 0
      vertex -9.75452 -49.0393 0
    endloop
  endfacet
  facet normal 0 0 -1
    outer loop
      vertex -12.149 -48.5016 0
      vertex -13.237 -43.6365 0
      vertex -11.0799 -44.2334 0
    endloop
  endfacet
  facet normal 0 0 -1
    outer loop
      vertex -14.5142 -47.847 0
      vertex -13.237 -43.6365 0
      vertex -12.149 -48.5016 0
    endloop
  endfacet
  facet normal 0 0 -1
    outer loop
      vertex -14.5142 -47.847 0
      vertex -15.3622 -42.9344 0
      vertex -13.237 -43.6365 0
    endloop
  endfacet
  facet normal 0 0 -1
    outer loop
      vertex -16.8445 -47.0772 0
      vertex -15.3622 -42.9344 0
      vertex -14.5142 -47.847 0
    endloop
  endfacet
  facet normal 0 0 -1
    outer loop
      vertex -16.8445 -47.0772 0
      vertex -17.4504 -42.1289 0
      vertex -15.3622 -42.9344 0
    endloop
  endfacet
  facet normal 0 0 -1
    outer loop
      vertex -19.1342 -46.194 0
      vertex -17.4504 -42.1289 0
      vertex -16.8445 -47.0772 0
    endloop
  endfacet
  facet normal 0 0 -1
    outer loop
      vertex -19.1342 -46.194 0
      vertex -19.4965 -41.2219 0
      vertex -17.4504 -42.1289 0
    endloop
  endfacet
  facet normal 0 0 -1
    outer loop
      vertex -21.3778 -45.1995 0
      vertex -19.4965 -41.2219 0
      vertex -19.1342 -46.194 0
    endloop
  endfacet
  facet normal 0 0 -1
    outer loop
      vertex -21.3778 -45.1995 0
      vertex -21.4957 -40.2156 0
      vertex -19.4965 -41.2219 0
    endloop
  endfacet
  facet normal 0 0 -1
    outer loop
      vertex -23.5698 -44.0961 0
      vertex -21.4957 -40.2156 0
      vertex -21.3778 -45.1995 0
    endloop
  endfacet
  facet normal -0 0 -1
    outer loop
      vertex -21.4957 -40.2156 0
      vertex -23.5698 -44.0961 0
      vertex -23.4431 -39.1124 0
    endloop
  endfacet
  facet normal 0 0 -1
    outer loop
      vertex -25.7051 -42.8864 0
      vertex -23.4431 -39.1124 0
      vertex -23.5698 -44.0961 0
    endloop
  endfacet
  facet normal -0 0 -1
    outer loop
      vertex -23.4431 -39.1124 0
      vertex -25.7051 -42.8864 0
      vertex -25.334 -37.915 0
    endloop
  endfacet
  facet normal 0 0 -1
    outer loop
      vertex -27.7785 -41.5735 0
      vertex -25.334 -37.915 0
      vertex -25.7051 -42.8864 0
    endloop
  endfacet
  facet normal -0 0 -1
    outer loop
      vertex -25.334 -37.915 0
      vertex -27.7785 -41.5735 0
      vertex -27.1639 -36.6263 0
    endloop
  endfacet
  facet normal 0 0 -1
    outer loop
      vertex -29.785 -40.1604 0
      vertex -27.1639 -36.6263 0
      vertex -27.7785 -41.5735 0
    endloop
  endfacet
  facet normal -0 0 -1
    outer loop
      vertex -27.1639 -36.6263 0
      vertex -29.785 -40.1604 0
      vertex -28.9283 -35.2493 0
    endloop
  endfacet
  facet normal 0 0 -1
    outer loop
      vertex -31.7197 -38.6505 0
      vertex -28.9283 -35.2493 0
      vertex -29.785 -40.1604 0
    endloop
  endfacet
  facet normal -0 0 -1
    outer loop
      vertex -28.9283 -35.2493 0
      vertex -31.7197 -38.6505 0
      vertex -30.6231 -33.7874 0
    endloop
  endfacet
  facet normal 0 0 -1
    outer loop
      vertex -33.5779 -37.0476 0
      vertex -30.6231 -33.7874 0
      vertex -31.7197 -38.6505 0
    endloop
  endfacet
  facet normal -0 0 -1
    outer loop
      vertex -30.6231 -33.7874 0
      vertex -33.5779 -37.0476 0
      vertex -32.2441 -32.2441 0
    endloop
  endfacet
  facet normal 0 0 -1
    outer loop
      vertex -35.3553 -35.3553 0
      vertex -32.2441 -32.2441 0
      vertex -33.5779 -37.0476 0
    endloop
  endfacet
  facet normal -0 0 -1
    outer loop
      vertex -32.2441 -32.2441 0
      vertex -35.3553 -35.3553 0
      vertex -33.7874 -30.6231 0
    endloop
  endfacet
  facet normal 0 0 -1
    outer loop
      vertex -37.0476 -33.5779 0
      vertex -33.7874 -30.6231 0
      vertex -35.3553 -35.3553 0
    endloop
  endfacet
  facet normal -0 0 -1
    outer loop
      vertex -33.7874 -30.6231 0
      vertex -37.0476 -33.5779 0
      vertex -35.2493 -28.9283 0
    endloop
  endfacet
  facet normal 0 0 -1
    outer loop
      vertex -38.6505 -31.7197 0
      vertex -35.2493 -28.9283 0
      vertex -37.0476 -33.5779 0
    endloop
  endfacet
  facet normal -0 0 -1
    outer loop
      vertex -35.2493 -28.9283 0
      vertex -38.6505 -31.7197 0
      vertex -36.6263 -27.1639 0
    endloop
  endfacet
  facet normal 0 0 -1
    outer loop
      vertex -40.1604 -29.785 0
      vertex -36.6263 -27.1639 0
      vertex -38.6505 -31.7197 0
    endloop
  endfacet
  facet normal -0 0 -1
    outer loop
      vertex -36.6263 -27.1639 0
      vertex -40.1604 -29.785 0
      vertex -37.915 -25.334 0
    endloop
  endfacet
  facet normal 0 0 -1
    outer loop
      vertex -41.5735 -27.7785 0
      vertex -37.915 -25.334 0
      vertex -40.1604 -29.785 0
    endloop
  endfacet
  facet normal -0 0 -1
    outer loop
      vertex -37.915 -25.334 0
      vertex -41.5735 -27.7785 0
      vertex -39.1124 -23.4431 0
    endloop
  endfacet
  facet normal 0 0 -1
    outer loop
      vertex -42.8864 -25.7051 0
      vertex -39.1124 -23.4431 0
      vertex -41.5735 -27.7785 0
    endloop
  endfacet
  facet normal -0 0 -1
    outer loop
      vertex -39.1124 -23.4431 0
      vertex -42.8864 -25.7051 0
      vertex -40.2156 -21.4957 0
    endloop
  endfacet
  facet normal 0 0 -1
    outer loop
      vertex -44.0961 -23.5698 0
      vertex -40.2156 -21.4957 0
      vertex -42.8864 -25.7051 0
    endloop
  endfacet
  facet normal -0 0 -1
    outer loop
      vertex -40.2156 -21.4957 0
      vertex -44.0961 -23.5698 0
      vertex -41.2219 -19.4965 0
    endloop
  endfacet
  facet normal 0 0 -1
    outer loop
      vertex -45.1995 -21.3778 0
      vertex -41.2219 -19.4965 0
      vertex -44.0961 -23.5698 0
    endloop
  endfacet
  facet normal -0 0 -1
    outer loop
      vertex -41.2219 -19.4965 0
      vertex -45.1995 -21.3778 0
      vertex -42.1289 -17.4504 0
    endloop
  endfacet
  facet normal 0 0 -1
    outer loop
      vertex -46.194 -19.1342 0
      vertex -42.1289 -17.4504 0
      vertex -45.1995 -21.3778 0
    endloop
  endfacet
  facet normal -0 0 -1
    outer loop
      vertex -42.1289 -17.4504 0
      vertex -46.194 -19.1342 0
      vertex -42.9344 -15.3622 0
    endloop
  endfacet
  facet normal 0 0 -1
    outer loop
      vertex -47.0772 -16.8445 0
      vertex -42.9344 -15.3622 0
      vertex -46.194 -19.1342 0
    endloop
  endfacet
  facet normal -0 0 -1
    outer loop
      vertex -42.9344 -15.3622 0
      vertex -47.0772 -16.8445 0
      vertex -43.6365 -13.237 0
    endloop
  endfacet
  facet normal 0 0 -1
    outer loop
      vertex -47.847 -14.5142 0
      vertex -43.6365 -13.237 0
      vertex -47.0772 -16.8445 0
    endloop
  endfacet
  facet normal -0 0 -1
    outer loop
      vertex -43.6365 -13.237 0
      vertex -47.847 -14.5142 0
      vertex -44.2334 -11.0799 0
    endloop
  endfacet
  facet normal 0 0 -1
    outer loop
      vertex -48.5016 -12.149 0
      vertex -44.2334 -11.0799 0
      vertex -47.847 -14.5142 0
    endloop
  endfacet
  facet normal -0 0 -1
    outer loop
      vertex -44.2334 -11.0799 0
      vertex -48.5016 -12.149 0
      vertex -44.7238 -8.89612 0
    endloop
  endfacet
  facet normal 0 0 -1
    outer loop
      vertex -49.0393 -9.75452 0
      vertex -44.7238 -8.89612 0
      vertex -48.5016 -12.149 0
    endloop
  endfacet
  facet normal -0 0 -1
    outer loop
      vertex 49.0393 9.75452 0
      vertex 44.7238 8.89612 0
      vertex 48.5016 12.149 0
    endloop
  endfacet
  facet normal 0 0 -1
    outer loop
      vertex 44.2334 11.0799 0
      vertex 48.5016 12.149 0
      vertex 44.7238 8.89612 0
    endloop
  endfacet
  facet normal -0 0 -1
    outer loop
      vertex 48.5016 12.149 0
      vertex 44.2334 11.0799 0
      vertex 47.847 14.5142 0
    endloop
  endfacet
  facet normal 0 0 -1
    outer loop
      vertex 43.6365 13.237 0
      vertex 47.847 14.5142 0
      vertex 44.2334 11.0799 0
    endloop
  endfacet
  facet normal -0 0 -1
    outer loop
      vertex 47.847 14.5142 0
      vertex 43.6365 13.237 0
      vertex 47.0772 16.8445 0
    endloop
  endfacet
  facet normal 0 0 -1
    outer loop
      vertex 42.9344 15.3622 0
      vertex 47.0772 16.8445 0
      vertex 43.6365 13.237 0
    endloop
  endfacet
  facet normal -0 0 -1
    outer loop
      vertex 47.0772 16.8445 0
      vertex 42.9344 15.3622 0
      vertex 46.194 19.1342 0
    endloop
  endfacet
  facet normal 0 0 -1
    outer loop
      vertex 42.1289 17.4504 0
      vertex 46.194 19.1342 0
      vertex 42.9344 15.3622 0
    endloop
  endfacet
  facet normal -0 0 -1
    outer loop
      vertex 46.194 19.1342 0
      vertex 42.1289 17.4504 0
      vertex 45.1995 21.3778 0
    endloop
  endfacet
  facet normal 0 0 -1
    outer loop
      vertex 41.2219 19.4965 0
      vertex 45.1995 21.3778 0
      vertex 42.1289 17.4504 0
    endloop
  endfacet
  facet normal -0 0 -1
    outer loop
      vertex 45.1995 21.3778 0
      vertex 41.2219 19.4965 0
      vertex 44.0961 23.5698 0
    endloop
  endfacet
  facet normal 0 0 -1
    outer loop
      vertex 40.2156 21.4957 0
      vertex 44.0961 23.5698 0
      vertex 41.2219 19.4965 0
    endloop
  endfacet
  facet normal -0 0 -1
    outer loop
      vertex 44.0961 23.5698 0
      vertex 40.2156 21.4957 0
      vertex 42.8864 25.7051 0
    endloop
  endfacet
  facet normal 0 0 -1
    outer loop
      vertex 39.1124 23.4431 0
      vertex 42.8864 25.7051 0
      vertex 40.2156 21.4957 0
    endloop
  endfacet
  facet normal -0 0 -1
    outer loop
      vertex 42.8864 25.7051 0
      vertex 39.1124 23.4431 0
      vertex 41.5735 27.7785 0
    endloop
  endfacet
  facet normal 0 0 -1
    outer loop
      vertex 37.915 25.334 0
      vertex 41.5735 27.7785 0
      vertex 39.1124 23.4431 0
    endloop
  endfacet
  facet normal -0 0 -1
    outer loop
      vertex 41.5735 27.7785 0
      vertex 37.915 25.334 0
      vertex 40.1604 29.785 0
    endloop
  endfacet
  facet normal 0 0 -1
    outer loop
      vertex 36.6263 27.1639 0
      vertex 40.1604 29.785 0
      vertex 37.915 25.334 0
    endloop
  endfacet
  facet normal -0 0 -1
    outer loop
      vertex 40.1604 29.785 0
      vertex 36.6263 27.1639 0
      vertex 38.6505 31.7197 0
    endloop
  endfacet
  facet normal 0 0 -1
    outer loop
      vertex 35.2493 28.9283 0
      vertex 38.6505 31.7197 0
      vertex 36.6263 27.1639 0
    endloop
  endfacet
  facet normal -0 0 -1
    outer loop
      vertex 38.6505 31.7197 0
      vertex 35.2493 28.9283 0
      vertex 37.0476 33.5779 0
    endloop
  endfacet
  facet normal 0 0 -1
    outer loop
      vertex 33.7874 30.6231 0
      vertex 37.0476 33.5779 0
      vertex 35.2493 28.9283 0
    endloop
  endfacet
  facet normal -0 0 -1
    outer loop
      vertex 37.0476 33.5779 0
      vertex 33.7874 30.6231 0
      vertex 35.3553 35.3553 0
    endloop
  endfacet
  facet normal 0 0 -1
    outer loop
      vertex 32.2441 32.2441 0
      vertex 35.3553 35.3553 0
      vertex 33.7874 30.6231 0
    endloop
  endfacet
  facet normal -0 0 -1
    outer loop
      vertex 35.3553 35.3553 0
      vertex 32.2441 32.2441 0
      vertex 33.5779 37.0476 0
    endloop
  endfacet
  facet normal 0 0 -1
    outer loop
      vertex 30.6231 33.7874 0
      vertex 33.5779 37.0476 0
      vertex 32.2441 32.2441 0
    endloop
  endfacet
  facet normal -0 0 -1
    outer loop
      vertex 33.5779 37.0476 0
      vertex 30.6231 33.7874 0
      vertex 31.7197 38.6505 0
    endloop
  endfacet
  facet normal 0 0 -1
    outer loop
      vertex 28.9283 35.2493 0
      vertex 31.7197 38.6505 0
      vertex 30.6231 33.7874 0
    endloop
  endfacet
  facet normal -0 0 -1
    outer loop
      vertex 31.7197 38.6505 0
      vertex 28.9283 35.2493 0
      vertex 29.785 40.1604 0
    endloop
  endfacet
  facet normal 0 0 -1
    outer loop
      vertex 27.1639 36.6263 0
      vertex 29.785 40.1604 0
      vertex 28.9283 35.2493 0
    endloop
  endfacet
  facet normal -0 0 -1
    outer loop
      vertex 29.785 40.1604 0
      vertex 27.1639 36.6263 0
      vertex 27.7785 41.5735 0
    endloop
  endfacet
  facet normal 0 0 -1
    outer loop
      vertex 25.334 37.915 0
      vertex 27.7785 41.5735 0
      vertex 27.1639 36.6263 0
    endloop
  endfacet
  facet normal -0 0 -1
    outer loop
      vertex 27.7785 41.5735 0
      vertex 25.334 37.915 0
      vertex 25.7051 42.8864 0
    endloop
  endfacet
  facet normal 0 0 -1
    outer loop
      vertex 23.4431 39.1124 0
      vertex 25.7051 42.8864 0
      vertex 25.334 37.915 0
    endloop
  endfacet
  facet normal -0 0 -1
    outer loop
      vertex 25.7051 42.8864 0
      vertex 23.4431 39.1124 0
      vertex 23.5698 44.0961 0
    endloop
  endfacet
  facet normal 0 0 -1
    outer loop
      vertex 21.4957 40.2156 0
      vertex 23.5698 44.0961 0
      vertex 23.4431 39.1124 0
    endloop
  endfacet
  facet normal 0 0 -1
    outer loop
      vertex 21.4957 40.2156 0
      vertex 21.3778 45.1995 0
      vertex 23.5698 44.0961 0
    endloop
  endfacet
  facet normal 0 0 -1
    outer loop
      vertex 19.4965 41.2219 0
      vertex 21.3778 45.1995 0
      vertex 21.4957 40.2156 0
    endloop
  endfacet
  facet normal 0 0 -1
    outer loop
      vertex 19.4965 41.2219 0
      vertex 19.1342 46.194 0
      vertex 21.3778 45.1995 0
    endloop
  endfacet
  facet normal 0 0 -1
    outer loop
      vertex 17.4504 42.1289 0
      vertex 19.1342 46.194 0
      vertex 19.4965 41.2219 0
    endloop
  endfacet
  facet normal 0 0 -1
    outer loop
      vertex 17.4504 42.1289 0
      vertex 16.8445 47.0772 0
      vertex 19.1342 46.194 0
    endloop
  endfacet
  facet normal 0 0 -1
    outer loop
      vertex 15.3622 42.9344 0
      vertex 16.8445 47.0772 0
      vertex 17.4504 42.1289 0
    endloop
  endfacet
  facet normal 0 0 -1
    outer loop
      vertex 15.3622 42.9344 0
      vertex 14.5142 47.847 0
      vertex 16.8445 47.0772 0
    endloop
  endfacet
  facet normal 0 0 -1
    outer loop
      vertex 13.237 43.6365 0
      vertex 14.5142 47.847 0
      vertex 15.3622 42.9344 0
    endloop
  endfacet
  facet normal 0 0 -1
    outer loop
      vertex 13.237 43.6365 0
      vertex 12.149 48.5016 0
      vertex 14.5142 47.847 0
    endloop
  endfacet
  facet normal 0 0 -1
    outer loop
      vertex 11.0799 44.2334 0
      vertex 12.149 48.5016 0
      vertex 13.237 43.6365 0
    endloop
  endfacet
  facet normal 0 0 -1
    outer loop
      vertex 11.0799 44.2334 0
      vertex 9.75452 49.0393 0
      vertex 12.149 48.5016 0
    endloop
  endfacet
  facet normal 0 0 -1
    outer loop
      vertex 8.89612 44.7238 0
      vertex 9.75452 49.0393 0
      vertex 11.0799 44.2334 0
    endloop
  endfacet
  facet normal 0 0 -1
    outer loop
      vertex 8.89612 44.7238 0
      vertex 7.33652 49.4588 0
      vertex 9.75452 49.0393 0
    endloop
  endfacet
  facet normal 0 0 -1
    outer loop
      vertex 6.69091 45.1064 0
      vertex 7.33652 49.4588 0
      vertex 8.89612 44.7238 0
    endloop
  endfacet
  facet normal 0 0 -1
    outer loop
      vertex 6.69091 45.1064 0
      vertex 4.90086 49.7592 0
      vertex 7.33652 49.4588 0
    endloop
  endfacet
  facet normal 0 0 -1
    outer loop
      vertex 4.46958 45.3804 0
      vertex 4.90086 49.7592 0
      vertex 6.69091 45.1064 0
    endloop
  endfacet
  facet normal 0 0 -1
    outer loop
      vertex 4.46958 45.3804 0
      vertex 2.45338 49.9398 0
      vertex 4.90086 49.7592 0
    endloop
  endfacet
  facet normal 0 0 -1
    outer loop
      vertex 2.23749 45.5451 0
      vertex 2.45338 49.9398 0
      vertex 4.46958 45.3804 0
    endloop
  endfacet
  facet normal 0 0 -1
    outer loop
      vertex 0 45.6 0
      vertex 2.45338 49.9398 0
      vertex 2.23749 45.5451 0
    endloop
  endfacet
  facet normal 0 0 -1
    outer loop
      vertex 0 45.6 0
      vertex 0 50 0
      vertex 2.45338 49.9398 0
    endloop
  endfacet
  facet normal 0 0 -1
    outer loop
      vertex -2.23749 45.5451 0
      vertex 0 50 0
      vertex 0 45.6 0
    endloop
  endfacet
  facet normal 0 0 -1
    outer loop
      vertex -2.23749 45.5451 0
      vertex -2.45338 49.9398 0
      vertex 0 50 0
    endloop
  endfacet
  facet normal 0 0 -1
    outer loop
      vertex -4.46958 45.3804 0
      vertex -2.45338 49.9398 0
      vertex -2.23749 45.5451 0
    endloop
  endfacet
  facet normal 0 0 -1
    outer loop
      vertex -4.46958 45.3804 0
      vertex -4.90086 49.7592 0
      vertex -2.45338 49.9398 0
    endloop
  endfacet
  facet normal 0 0 -1
    outer loop
      vertex -6.69091 45.1064 0
      vertex -4.90086 49.7592 0
      vertex -4.46958 45.3804 0
    endloop
  endfacet
  facet normal 0 0 -1
    outer loop
      vertex -6.69091 45.1064 0
      vertex -7.33652 49.4588 0
      vertex -4.90086 49.7592 0
    endloop
  endfacet
  facet normal 0 0 -1
    outer loop
      vertex -8.89612 44.7238 0
      vertex -7.33652 49.4588 0
      vertex -6.69091 45.1064 0
    endloop
  endfacet
  facet normal 0 0 -1
    outer loop
      vertex -8.89612 44.7238 0
      vertex -9.75452 49.0393 0
      vertex -7.33652 49.4588 0
    endloop
  endfacet
  facet normal 0 0 -1
    outer loop
      vertex -11.0799 44.2334 0
      vertex -9.75452 49.0393 0
      vertex -8.89612 44.7238 0
    endloop
  endfacet
  facet normal 0 0 -1
    outer loop
      vertex -11.0799 44.2334 0
      vertex -12.149 48.5016 0
      vertex -9.75452 49.0393 0
    endloop
  endfacet
  facet normal 0 0 -1
    outer loop
      vertex -13.237 43.6365 0
      vertex -12.149 48.5016 0
      vertex -11.0799 44.2334 0
    endloop
  endfacet
  facet normal 0 0 -1
    outer loop
      vertex -13.237 43.6365 0
      vertex -14.5142 47.847 0
      vertex -12.149 48.5016 0
    endloop
  endfacet
  facet normal 0 0 -1
    outer loop
      vertex -15.3622 42.9344 0
      vertex -14.5142 47.847 0
      vertex -13.237 43.6365 0
    endloop
  endfacet
  facet normal 0 0 -1
    outer loop
      vertex -15.3622 42.9344 0
      vertex -16.8445 47.0772 0
      vertex -14.5142 47.847 0
    endloop
  endfacet
  facet normal 0 0 -1
    outer loop
      vertex -17.4504 42.1289 0
      vertex -16.8445 47.0772 0
      vertex -15.3622 42.9344 0
    endloop
  endfacet
  facet normal 0 0 -1
    outer loop
      vertex -17.4504 42.1289 0
      vertex -19.1342 46.194 0
      vertex -16.8445 47.0772 0
    endloop
  endfacet
  facet normal 0 0 -1
    outer loop
      vertex -19.4965 41.2219 0
      vertex -19.1342 46.194 0
      vertex -17.4504 42.1289 0
    endloop
  endfacet
  facet normal 0 0 -1
    outer loop
      vertex -19.4965 41.2219 0
      vertex -21.3778 45.1995 0
      vertex -19.1342 46.194 0
    endloop
  endfacet
  facet normal 0 0 -1
    outer loop
      vertex -21.4957 40.2156 0
      vertex -21.3778 45.1995 0
      vertex -19.4965 41.2219 0
    endloop
  endfacet
  facet normal 0 0 -1
    outer loop
      vertex -23.5698 44.0961 0
      vertex -21.4957 40.2156 0
      vertex -23.4431 39.1124 0
    endloop
  endfacet
  facet normal 0 0 -1
    outer loop
      vertex -21.4957 40.2156 0
      vertex -23.5698 44.0961 0
      vertex -21.3778 45.1995 0
    endloop
  endfacet
  facet normal 0 0 -1
    outer loop
      vertex -25.7051 42.8864 0
      vertex -23.4431 39.1124 0
      vertex -25.334 37.915 0
    endloop
  endfacet
  facet normal 0 0 -1
    outer loop
      vertex -23.4431 39.1124 0
      vertex -25.7051 42.8864 0
      vertex -23.5698 44.0961 0
    endloop
  endfacet
  facet normal 0 0 -1
    outer loop
      vertex -27.7785 41.5735 0
      vertex -25.334 37.915 0
      vertex -27.1639 36.6263 0
    endloop
  endfacet
  facet normal 0 0 -1
    outer loop
      vertex -25.334 37.915 0
      vertex -27.7785 41.5735 0
      vertex -25.7051 42.8864 0
    endloop
  endfacet
  facet normal 0 0 -1
    outer loop
      vertex -29.785 40.1604 0
      vertex -27.1639 36.6263 0
      vertex -28.9283 35.2493 0
    endloop
  endfacet
  facet normal 0 0 -1
    outer loop
      vertex -27.1639 36.6263 0
      vertex -29.785 40.1604 0
      vertex -27.7785 41.5735 0
    endloop
  endfacet
  facet normal 0 0 -1
    outer loop
      vertex -31.7197 38.6505 0
      vertex -28.9283 35.2493 0
      vertex -30.6231 33.7874 0
    endloop
  endfacet
  facet normal 0 0 -1
    outer loop
      vertex -28.9283 35.2493 0
      vertex -31.7197 38.6505 0
      vertex -29.785 40.1604 0
    endloop
  endfacet
  facet normal 0 0 -1
    outer loop
      vertex -33.5779 37.0476 0
      vertex -30.6231 33.7874 0
      vertex -32.2441 32.2441 0
    endloop
  endfacet
  facet normal 0 0 -1
    outer loop
      vertex -30.6231 33.7874 0
      vertex -33.5779 37.0476 0
      vertex -31.7197 38.6505 0
    endloop
  endfacet
  facet normal 0 0 -1
    outer loop
      vertex -35.3553 35.3553 0
      vertex -32.2441 32.2441 0
      vertex -33.7874 30.6231 0
    endloop
  endfacet
  facet normal 0 0 -1
    outer loop
      vertex -37.0476 33.5779 0
      vertex -33.7874 30.6231 0
      vertex -35.2493 28.9283 0
    endloop
  endfacet
  facet normal 0 0 -1
    outer loop
      vertex -32.2441 32.2441 0
      vertex -35.3553 35.3553 0
      vertex -33.5779 37.0476 0
    endloop
  endfacet
  facet normal 0 0 -1
    outer loop
      vertex -38.6505 31.7197 0
      vertex -35.2493 28.9283 0
      vertex -36.6263 27.1639 0
    endloop
  endfacet
  facet normal 0 0 -1
    outer loop
      vertex -33.7874 30.6231 0
      vertex -37.0476 33.5779 0
      vertex -35.3553 35.3553 0
    endloop
  endfacet
  facet normal 0 0 -1
    outer loop
      vertex -40.1604 29.785 0
      vertex -36.6263 27.1639 0
      vertex -37.915 25.334 0
    endloop
  endfacet
  facet normal 0 0 -1
    outer loop
      vertex -35.2493 28.9283 0
      vertex -38.6505 31.7197 0
      vertex -37.0476 33.5779 0
    endloop
  endfacet
  facet normal 0 0 -1
    outer loop
      vertex -41.5735 27.7785 0
      vertex -37.915 25.334 0
      vertex -39.1124 23.4431 0
    endloop
  endfacet
  facet normal 0 0 -1
    outer loop
      vertex -36.6263 27.1639 0
      vertex -40.1604 29.785 0
      vertex -38.6505 31.7197 0
    endloop
  endfacet
  facet normal 0 0 -1
    outer loop
      vertex -42.8864 25.7051 0
      vertex -39.1124 23.4431 0
      vertex -40.2156 21.4957 0
    endloop
  endfacet
  facet normal 0 0 -1
    outer loop
      vertex -44.0961 23.5698 0
      vertex -40.2156 21.4957 0
      vertex -41.2219 19.4965 0
    endloop
  endfacet
  facet normal 0 0 -1
    outer loop
      vertex -37.915 25.334 0
      vertex -41.5735 27.7785 0
      vertex -40.1604 29.785 0
    endloop
  endfacet
  facet normal 0 0 -1
    outer loop
      vertex -45.1995 21.3778 0
      vertex -41.2219 19.4965 0
      vertex -42.1289 17.4504 0
    endloop
  endfacet
  facet normal 0 0 -1
    outer loop
      vertex -39.1124 23.4431 0
      vertex -42.8864 25.7051 0
      vertex -41.5735 27.7785 0
    endloop
  endfacet
  facet normal 0 0 -1
    outer loop
      vertex -46.194 19.1342 0
      vertex -42.1289 17.4504 0
      vertex -42.9344 15.3622 0
    endloop
  endfacet
  facet normal 0 0 -1
    outer loop
      vertex -47.0772 16.8445 0
      vertex -42.9344 15.3622 0
      vertex -43.6365 13.237 0
    endloop
  endfacet
  facet normal 0 0 -1
    outer loop
      vertex -40.2156 21.4957 0
      vertex -44.0961 23.5698 0
      vertex -42.8864 25.7051 0
    endloop
  endfacet
  facet normal 0 0 -1
    outer loop
      vertex -47.847 14.5142 0
      vertex -43.6365 13.237 0
      vertex -44.2334 11.0799 0
    endloop
  endfacet
  facet normal 0 0 -1
    outer loop
      vertex -48.5016 12.149 0
      vertex -44.2334 11.0799 0
      vertex -44.7238 8.89612 0
    endloop
  endfacet
  facet normal 0 0 -1
    outer loop
      vertex -49.0393 9.75452 0
      vertex -44.7238 8.89612 0
      vertex -45.1064 6.69091 0
    endloop
  endfacet
  facet normal 0 0 -1
    outer loop
      vertex -41.2219 19.4965 0
      vertex -45.1995 21.3778 0
      vertex -44.0961 23.5698 0
    endloop
  endfacet
  facet normal 0 0 -1
    outer loop
      vertex -49.4588 7.33652 0
      vertex -45.1064 6.69091 0
      vertex -45.3804 4.46958 0
    endloop
  endfacet
  facet normal 0 0 -1
    outer loop
      vertex -49.7592 4.90086 0
      vertex -45.3804 4.46958 0
      vertex -45.5451 2.23749 0
    endloop
  endfacet
  facet normal 0 0 -1
    outer loop
      vertex -49.9398 2.45338 0
      vertex -45.5451 2.23749 0
      vertex -45.6 0 0
    endloop
  endfacet
  facet normal -0 0 -1
    outer loop
      vertex -44.7238 -8.89612 0
      vertex -49.0393 -9.75452 0
      vertex -45.1064 -6.69091 0
    endloop
  endfacet
  facet normal 0 0 -1
    outer loop
      vertex -42.1289 17.4504 0
      vertex -46.194 19.1342 0
      vertex -45.1995 21.3778 0
    endloop
  endfacet
  facet normal 0 0 -1
    outer loop
      vertex -49.4588 -7.33652 0
      vertex -45.1064 -6.69091 0
      vertex -49.0393 -9.75452 0
    endloop
  endfacet
  facet normal 0 0 -1
    outer loop
      vertex -42.9344 15.3622 0
      vertex -47.0772 16.8445 0
      vertex -46.194 19.1342 0
    endloop
  endfacet
  facet normal -0 0 -1
    outer loop
      vertex -45.1064 -6.69091 0
      vertex -49.4588 -7.33652 0
      vertex -45.3804 -4.46958 0
    endloop
  endfacet
  facet normal 0 0 -1
    outer loop
      vertex -43.6365 13.237 0
      vertex -47.847 14.5142 0
      vertex -47.0772 16.8445 0
    endloop
  endfacet
  facet normal 0 0 -1
    outer loop
      vertex -49.7592 -4.90086 0
      vertex -45.3804 -4.46958 0
      vertex -49.4588 -7.33652 0
    endloop
  endfacet
  facet normal 0 0 -1
    outer loop
      vertex -44.2334 11.0799 0
      vertex -48.5016 12.149 0
      vertex -47.847 14.5142 0
    endloop
  endfacet
  facet normal -0 0 -1
    outer loop
      vertex -45.3804 -4.46958 0
      vertex -49.7592 -4.90086 0
      vertex -45.5451 -2.23749 0
    endloop
  endfacet
  facet normal 0 0 -1
    outer loop
      vertex -44.7238 8.89612 0
      vertex -49.0393 9.75452 0
      vertex -48.5016 12.149 0
    endloop
  endfacet
  facet normal 0 0 -1
    outer loop
      vertex -49.9398 -2.45338 0
      vertex -45.5451 -2.23749 0
      vertex -49.7592 -4.90086 0
    endloop
  endfacet
  facet normal 0 0 -1
    outer loop
      vertex -45.1064 6.69091 0
      vertex -49.4588 7.33652 0
      vertex -49.0393 9.75452 0
    endloop
  endfacet
  facet normal -0 0 -1
    outer loop
      vertex -45.5451 -2.23749 0
      vertex -49.9398 -2.45338 0
      vertex -45.6 0 0
    endloop
  endfacet
  facet normal 0 0 -1
    outer loop
      vertex -45.3804 4.46958 0
      vertex -49.7592 4.90086 0
      vertex -49.4588 7.33652 0
    endloop
  endfacet
  facet normal 0 0 -1
    outer loop
      vertex -50 0 0
      vertex -45.6 0 0
      vertex -49.9398 -2.45338 0
    endloop
  endfacet
  facet normal 0 0 -1
    outer loop
      vertex -45.5451 2.23749 0
      vertex -49.9398 2.45338 0
      vertex -49.7592 4.90086 0
    endloop
  endfacet
  facet normal 0 0 -1
    outer loop
      vertex -45.6 0 0
      vertex -50 0 0
      vertex -49.9398 2.45338 0
    endloop
  endfacet
  facet normal -0.997289 -0.0735901 0
    outer loop
      vertex -49.7592 -4.90086 0
      vertex -49.9398 -2.45338 45
      vertex -49.9398 -2.45338 0
    endloop
  endfacet
  facet normal -0.997289 -0.0735901 0
    outer loop
      vertex -49.9398 -2.45338 45
      vertex -49.7592 -4.90086 0
      vertex -49.7592 -4.90086 45
    endloop
  endfacet
  facet normal -0.985282 -0.170937 0
    outer loop
      vertex -49.0393 -9.75452 0
      vertex -49.4588 -7.33652 45
      vertex -49.4588 -7.33652 0
    endloop
  endfacet
  facet normal -0.985282 -0.170937 0
    outer loop
      vertex -49.4588 -7.33652 45
      vertex -49.0393 -9.75452 0
      vertex -49.0393 -9.75452 45
    endloop
  endfacet
  facet normal -0.405235 -0.914213 0
    outer loop
      vertex -21.3778 -45.1995 0
      vertex -19.1342 -46.194 45
      vertex -21.3778 -45.1995 45
    endloop
  endfacet
  facet normal -0.405235 -0.914213 -0
    outer loop
      vertex -19.1342 -46.194 45
      vertex -21.3778 -45.1995 0
      vertex -19.1342 -46.194 0
    endloop
  endfacet
  facet normal -0.653174 -0.757208 0
    outer loop
      vertex -33.5779 -37.0476 0
      vertex -31.7197 -38.6505 45
      vertex -33.5779 -37.0476 45
    endloop
  endfacet
  facet normal -0.653174 -0.757208 -0
    outer loop
      vertex -31.7197 -38.6505 45
      vertex -33.5779 -37.0476 0
      vertex -31.7197 -38.6505 0
    endloop
  endfacet
  facet normal -0.575798 -0.817592 0
    outer loop
      vertex -29.785 -40.1604 0
      vertex -27.7785 -41.5735 45
      vertex -29.785 -40.1604 45
    endloop
  endfacet
  facet normal -0.575798 -0.817592 -0
    outer loop
      vertex -27.7785 -41.5735 45
      vertex -29.785 -40.1604 0
      vertex -27.7785 -41.5735 0
    endloop
  endfacet
  facet normal -0.313672 -0.949531 0
    outer loop
      vertex -16.8445 -47.0772 0
      vertex -14.5142 -47.847 45
      vertex -16.8445 -47.0772 45
    endloop
  endfacet
  facet normal -0.313672 -0.949531 -0
    outer loop
      vertex -14.5142 -47.847 45
      vertex -16.8445 -47.0772 0
      vertex -14.5142 -47.847 0
    endloop
  endfacet
  facet normal -0.219102 -0.975702 0
    outer loop
      vertex -12.149 -48.5016 0
      vertex -9.75452 -49.0393 45
      vertex -12.149 -48.5016 45
    endloop
  endfacet
  facet normal -0.219102 -0.975702 -0
    outer loop
      vertex -9.75452 -49.0393 45
      vertex -12.149 -48.5016 0
      vertex -9.75452 -49.0393 0
    endloop
  endfacet
  facet normal 0.170937 0.985282 -0
    outer loop
      vertex 9.75452 49.0393 0
      vertex 7.33652 49.4588 45
      vertex 9.75452 49.0393 45
    endloop
  endfacet
  facet normal 0.170937 0.985282 0
    outer loop
      vertex 7.33652 49.4588 45
      vertex 9.75452 49.0393 0
      vertex 7.33652 49.4588 0
    endloop
  endfacet
  facet normal 0.817592 0.575798 0
    outer loop
      vertex 41.5735 27.7785 45
      vertex 40.1604 29.785 0
      vertex 40.1604 29.785 45
    endloop
  endfacet
  facet normal 0.817592 0.575798 0
    outer loop
      vertex 40.1604 29.785 0
      vertex 41.5735 27.7785 45
      vertex 41.5735 27.7785 0
    endloop
  endfacet
  facet normal 0.975702 0.219102 0
    outer loop
      vertex 49.0393 9.75452 45
      vertex 48.5016 12.149 0
      vertex 48.5016 12.149 45
    endloop
  endfacet
  facet normal 0.975702 0.219102 0
    outer loop
      vertex 48.5016 12.149 0
      vertex 49.0393 9.75452 45
      vertex 49.0393 9.75452 0
    endloop
  endfacet
  facet normal 0.99248 0.122407 0
    outer loop
      vertex 49.7592 4.90086 45
      vertex 49.4588 7.33652 0
      vertex 49.4588 7.33652 45
    endloop
  endfacet
  facet normal 0.99248 0.122407 0
    outer loop
      vertex 49.4588 7.33652 0
      vertex 49.7592 4.90086 45
      vertex 49.7592 4.90086 0
    endloop
  endfacet
  facet normal -0.575798 0.817592 0
    outer loop
      vertex -27.7785 41.5735 0
      vertex -29.785 40.1604 45
      vertex -27.7785 41.5735 45
    endloop
  endfacet
  facet normal -0.575798 0.817592 0
    outer loop
      vertex -29.785 40.1604 45
      vertex -27.7785 41.5735 0
      vertex -29.785 40.1604 0
    endloop
  endfacet
  facet normal -0.492919 0.870075 0
    outer loop
      vertex -23.5698 44.0961 0
      vertex -25.7051 42.8864 45
      vertex -23.5698 44.0961 45
    endloop
  endfacet
  facet normal -0.492919 0.870075 0
    outer loop
      vertex -25.7051 42.8864 45
      vertex -23.5698 44.0961 0
      vertex -25.7051 42.8864 0
    endloop
  endfacet
  facet normal -0.219102 0.975702 0
    outer loop
      vertex -9.75452 49.0393 0
      vertex -12.149 48.5016 45
      vertex -9.75452 49.0393 45
    endloop
  endfacet
  facet normal -0.219102 0.975702 0
    outer loop
      vertex -12.149 48.5016 45
      vertex -9.75452 49.0393 0
      vertex -12.149 48.5016 0
    endloop
  endfacet
  facet normal -0.122407 0.99248 0
    outer loop
      vertex -4.90086 49.7592 0
      vertex -7.33652 49.4588 45
      vertex -4.90086 49.7592 45
    endloop
  endfacet
  facet normal -0.122407 0.99248 0
    outer loop
      vertex -7.33652 49.4588 45
      vertex -4.90086 49.7592 0
      vertex -7.33652 49.4588 0
    endloop
  endfacet
  facet normal -0.844866 0.534978 0
    outer loop
      vertex -42.8864 25.7051 0
      vertex -41.5735 27.7785 45
      vertex -41.5735 27.7785 0
    endloop
  endfacet
  facet normal -0.844866 0.534978 0
    outer loop
      vertex -41.5735 27.7785 45
      vertex -42.8864 25.7051 0
      vertex -42.8864 25.7051 45
    endloop
  endfacet
  facet normal -0.788337 0.615243 0
    outer loop
      vertex -40.1604 29.785 0
      vertex -38.6505 31.7197 45
      vertex -38.6505 31.7197 0
    endloop
  endfacet
  facet normal -0.788337 0.615243 0
    outer loop
      vertex -38.6505 31.7197 45
      vertex -40.1604 29.785 0
      vertex -40.1604 29.785 45
    endloop
  endfacet
  facet normal -0.96377 0.266736 0
    outer loop
      vertex -48.5016 12.149 0
      vertex -47.847 14.5142 45
      vertex -47.847 14.5142 0
    endloop
  endfacet
  facet normal -0.96377 0.266736 0
    outer loop
      vertex -47.847 14.5142 45
      vertex -48.5016 12.149 0
      vertex -48.5016 12.149 45
    endloop
  endfacet
  facet normal -0.997289 0.0735901 0
    outer loop
      vertex -49.9398 2.45338 0
      vertex -49.7592 4.90086 45
      vertex -49.7592 4.90086 0
    endloop
  endfacet
  facet normal -0.997289 0.0735901 0
    outer loop
      vertex -49.7592 4.90086 45
      vertex -49.9398 2.45338 0
      vertex -49.9398 2.45338 45
    endloop
  endfacet
  facet normal 0.997289 0.0735901 0
    outer loop
      vertex 49.9398 2.45338 45
      vertex 49.7592 4.90086 0
      vertex 49.7592 4.90086 45
    endloop
  endfacet
  facet normal 0.997289 0.0735901 0
    outer loop
      vertex 49.7592 4.90086 0
      vertex 49.9398 2.45338 45
      vertex 49.9398 2.45338 0
    endloop
  endfacet
  facet normal 0.074913 0.106993 -0.991434
    outer loop
      vertex 48.6207 -34.4395 57.7074
      vertex 47.5265 -33.3889 57.7381
      vertex 48.7859 -34.2049 57.7452
    endloop
  endfacet
  facet normal 0.0749175 0.106998 -0.991433
    outer loop
      vertex 47.5265 -33.3889 57.7381
      vertex 48.6207 -34.4395 57.7074
      vertex 47.3923 -33.5794 57.7074
    endloop
  endfacet
  facet normal -0.349018 -0.49843 -0.79357
    outer loop
      vertex 47.9385 -32.8039 57.5825
      vertex 49.1836 -33.6401 57.5601
      vertex 49.1668 -33.664 57.5825
    endloop
  endfacet
  facet normal -0.349099 -0.498553 -0.793457
    outer loop
      vertex 49.1836 -33.6401 57.5601
      vertex 47.9385 -32.8039 57.5825
      vertex 47.9801 -32.7447 57.527
    endloop
  endfacet
  facet normal 0.568514 0.812034 0.131879
    outer loop
      vertex 46.8657 -34.3271 56.4094
      vertex 48.0872 -35.197 56.5
      vertex 48.09 -35.193 56.4633
    endloop
  endfacet
  facet normal 0.568607 0.812088 0.131146
    outer loop
      vertex 48.0872 -35.197 56.5
      vertex 46.8657 -34.3271 56.4094
      vertex 46.8588 -34.3369 56.5
    endloop
  endfacet
  facet normal -0.0749049 -0.106967 0.991437
    outer loop
      vertex 47.7128 -33.1243 55.2807
      vertex 48.8069 -34.175 55.25
      vertex 48.9722 -33.9404 55.2878
    endloop
  endfacet
  facet normal -0.0748957 -0.106958 0.991439
    outer loop
      vertex 48.8069 -34.175 55.25
      vertex 47.7128 -33.1243 55.2807
      vertex 47.5786 -33.3149 55.25
    endloop
  endfacet
  facet normal -0.0747114 -0.106695 -0.991481
    outer loop
      vertex 48.9722 -33.9404 57.7122
      vertex 47.7649 -33.0504 57.7074
      vertex 48.9932 -33.9105 57.7074
    endloop
  endfacet
  facet normal -0.0748497 -0.106882 -0.99145
    outer loop
      vertex 47.7649 -33.0504 57.7074
      vertex 48.9722 -33.9404 57.7122
      vertex 47.7128 -33.1243 57.7193
    endloop
  endfacet
  facet normal 0.568514 0.812034 -0.131879
    outer loop
      vertex 48.0872 -35.197 56.5
      vertex 46.8657 -34.3271 56.5906
      vertex 48.09 -35.193 56.5367
    endloop
  endfacet
  facet normal 0.568607 0.812088 -0.131146
    outer loop
      vertex 46.8657 -34.3271 56.5906
      vertex 48.0872 -35.197 56.5
      vertex 46.8588 -34.3369 56.5
    endloop
  endfacet
  facet normal -0.349099 -0.498553 0.793457
    outer loop
      vertex 47.9385 -32.8039 55.4175
      vertex 49.1836 -33.6401 55.4399
      vertex 47.9801 -32.7447 55.473
    endloop
  endfacet
  facet normal -0.349018 -0.49843 0.79357
    outer loop
      vertex 49.1836 -33.6401 55.4399
      vertex 47.9385 -32.8039 55.4175
      vertex 49.1668 -33.664 55.4175
    endloop
  endfacet
  facet normal -0.529908 -0.756817 -0.382655
    outer loop
      vertex 48.2537 -32.3562 56.9077
      vertex 49.4303 -33.2899 57.125
      vertex 48.2019 -32.4298 57.125
    endloop
  endfacet
  facet normal -0.529889 -0.756806 -0.382705
    outer loop
      vertex 49.4303 -33.2899 57.125
      vertex 48.2537 -32.3562 56.9077
      vertex 49.4941 -33.1993 56.8575
    endloop
  endfacet
  facet normal -0.568709 -0.812147 -0.130335
    outer loop
      vertex 48.2983 -32.2929 56.5
      vertex 49.5049 -33.1839 56.7871
      vertex 48.2807 -32.318 56.7332
    endloop
  endfacet
  facet normal -0.568649 -0.812148 -0.130588
    outer loop
      vertex 49.5049 -33.1839 56.7871
      vertex 48.2983 -32.2929 56.5
      vertex 49.5267 -33.153 56.5
    endloop
  endfacet
  facet normal 0.21887 0.312591 -0.924328
    outer loop
      vertex 48.601 -34.4674 57.6933
      vertex 47.3923 -33.5794 57.7074
      vertex 48.6207 -34.4395 57.7074
    endloop
  endfacet
  facet normal 0.21919 0.313024 -0.924106
    outer loop
      vertex 47.3923 -33.5794 57.7074
      vertex 48.601 -34.4674 57.6933
      vertex 47.3437 -33.6484 57.6725
    endloop
  endfacet
  facet normal -0.568641 -0.812137 -0.130691
    outer loop
      vertex 48.2807 -32.318 56.7332
      vertex 49.5022 -33.1878 56.8235
      vertex 48.2738 -32.3277 56.8235
    endloop
  endfacet
  facet normal -0.568826 -0.812243 -0.129219
    outer loop
      vertex 49.5022 -33.1878 56.8235
      vertex 48.2807 -32.318 56.7332
      vertex 49.5049 -33.1839 56.7871
    endloop
  endfacet
  facet normal -0.0749049 -0.106967 -0.991437
    outer loop
      vertex 48.8069 -34.175 57.75
      vertex 47.7128 -33.1243 57.7193
      vertex 48.9722 -33.9404 57.7122
    endloop
  endfacet
  facet normal -0.0748957 -0.106958 -0.991439
    outer loop
      vertex 47.7128 -33.1243 57.7193
      vertex 48.8069 -34.175 57.75
      vertex 47.5786 -33.3149 57.75
    endloop
  endfacet
  facet normal -0.455048 -0.649902 0.608735
    outer loop
      vertex 49.3159 -33.4523 55.6161
      vertex 48.2019 -32.4298 55.875
      vertex 48.0875 -32.5922 55.6161
    endloop
  endfacet
  facet normal -0.455048 -0.649902 0.608735
    outer loop
      vertex 48.2019 -32.4298 55.875
      vertex 49.3159 -33.4523 55.6161
      vertex 49.4303 -33.2899 55.875
    endloop
  endfacet
  facet normal -0.21953 -0.313508 0.923861
    outer loop
      vertex 47.9385 -32.8039 55.4175
      vertex 48.9932 -33.9105 55.2926
      vertex 49.1668 -33.664 55.4175
    endloop
  endfacet
  facet normal -0.21953 -0.313508 0.923861
    outer loop
      vertex 48.9932 -33.9105 55.2926
      vertex 47.9385 -32.8039 55.4175
      vertex 47.7649 -33.0504 55.2926
    endloop
  endfacet
  facet normal -0.568641 -0.812137 0.130691
    outer loop
      vertex 49.5022 -33.1878 56.1765
      vertex 48.2807 -32.318 56.2668
      vertex 48.2738 -32.3277 56.1765
    endloop
  endfacet
  facet normal -0.568826 -0.812243 0.129219
    outer loop
      vertex 48.2807 -32.318 56.2668
      vertex 49.5022 -33.1878 56.1765
      vertex 49.5049 -33.1839 56.2129
    endloop
  endfacet
  facet normal 0.0747114 0.106695 -0.991481
    outer loop
      vertex 48.7859 -34.2049 57.7452
      vertex 47.5786 -33.3149 57.75
      vertex 48.8069 -34.175 57.75
    endloop
  endfacet
  facet normal 0.0747808 0.106789 -0.991466
    outer loop
      vertex 47.5786 -33.3149 57.75
      vertex 48.7859 -34.2049 57.7452
      vertex 47.5265 -33.3889 57.7381
    endloop
  endfacet
  facet normal -0.455048 -0.649902 -0.608735
    outer loop
      vertex 48.2019 -32.4298 57.125
      vertex 49.3159 -33.4523 57.3839
      vertex 48.0875 -32.5922 57.3839
    endloop
  endfacet
  facet normal -0.455048 -0.649902 -0.608735
    outer loop
      vertex 49.3159 -33.4523 57.3839
      vertex 48.2019 -32.4298 57.125
      vertex 49.4303 -33.2899 57.125
    endloop
  endfacet
  facet normal -0.21953 -0.313508 -0.923861
    outer loop
      vertex 48.9932 -33.9105 57.7074
      vertex 47.9385 -32.8039 57.5825
      vertex 49.1668 -33.664 57.5825
    endloop
  endfacet
  facet normal -0.21953 -0.313508 -0.923861
    outer loop
      vertex 47.9385 -32.8039 57.5825
      vertex 48.9932 -33.9105 57.7074
      vertex 47.7649 -33.0504 57.7074
    endloop
  endfacet
  facet normal -0.0747114 -0.106695 0.991481
    outer loop
      vertex 47.7649 -33.0504 55.2926
      vertex 48.9722 -33.9404 55.2878
      vertex 48.9932 -33.9105 55.2926
    endloop
  endfacet
  facet normal -0.0748497 -0.106882 0.99145
    outer loop
      vertex 48.9722 -33.9404 55.2878
      vertex 47.7649 -33.0504 55.2926
      vertex 47.7128 -33.1243 55.2807
    endloop
  endfacet
  facet normal -0.349125 -0.498622 0.793403
    outer loop
      vertex 47.9801 -32.7447 55.473
      vertex 49.3159 -33.4523 55.6161
      vertex 48.0875 -32.5922 55.6161
    endloop
  endfacet
  facet normal -0.349088 -0.498538 0.793472
    outer loop
      vertex 49.3159 -33.4523 55.6161
      vertex 47.9801 -32.7447 55.473
      vertex 49.1836 -33.6401 55.4399
    endloop
  endfacet
  facet normal 0.455265 0.650212 -0.608243
    outer loop
      vertex 48.285 -34.916 57.3545
      vertex 47.0696 -34.0375 57.3839
      vertex 48.298 -34.8976 57.3839
    endloop
  endfacet
  facet normal 0.45504 0.649917 -0.608725
    outer loop
      vertex 47.0696 -34.0375 57.3839
      vertex 48.285 -34.916 57.3545
      vertex 47.0376 -34.083 57.3114
    endloop
  endfacet
  facet normal 0.529999 0.75686 -0.382443
    outer loop
      vertex 48.1117 -35.1621 56.8235
      vertex 46.9552 -34.1999 57.125
      vertex 48.1836 -35.0601 57.125
    endloop
  endfacet
  facet normal 0.529907 0.756817 -0.382658
    outer loop
      vertex 46.9552 -34.1999 57.125
      vertex 48.1117 -35.1621 56.8235
      vertex 46.8833 -34.302 56.8235
    endloop
  endfacet
  facet normal 0.568654 0.812155 -0.130528
    outer loop
      vertex 48.09 -35.193 56.5367
      vertex 46.8833 -34.302 56.8235
      vertex 48.1117 -35.1621 56.8235
    endloop
  endfacet
  facet normal 0.56866 0.812155 -0.1305
    outer loop
      vertex 46.8833 -34.302 56.8235
      vertex 48.09 -35.193 56.5367
      vertex 46.8657 -34.3271 56.5906
    endloop
  endfacet
  facet normal 0.0747114 0.106695 0.991481
    outer loop
      vertex 47.5786 -33.3149 55.25
      vertex 48.7859 -34.2049 55.2548
      vertex 48.8069 -34.175 55.25
    endloop
  endfacet
  facet normal 0.0747808 0.106789 0.991466
    outer loop
      vertex 48.7859 -34.2049 55.2548
      vertex 47.5786 -33.3149 55.25
      vertex 47.5265 -33.3889 55.2619
    endloop
  endfacet
  facet normal 0.074913 0.106993 0.991434
    outer loop
      vertex 47.5265 -33.3889 55.2619
      vertex 48.6207 -34.4395 55.2926
      vertex 48.7859 -34.2049 55.2548
    endloop
  endfacet
  facet normal 0.0749175 0.106998 0.991433
    outer loop
      vertex 48.6207 -34.4395 55.2926
      vertex 47.5265 -33.3889 55.2619
      vertex 47.3923 -33.5794 55.2926
    endloop
  endfacet
  facet normal -0.529898 -0.75682 -0.382664
    outer loop
      vertex 48.2738 -32.3277 56.8235
      vertex 49.4941 -33.1993 56.8575
      vertex 48.2537 -32.3562 56.9077
    endloop
  endfacet
  facet normal -0.529995 -0.756942 -0.382288
    outer loop
      vertex 49.4941 -33.1993 56.8575
      vertex 48.2738 -32.3277 56.8235
      vertex 49.5022 -33.1878 56.8235
    endloop
  endfacet
  facet normal -0.568709 -0.812147 0.130335
    outer loop
      vertex 49.5049 -33.1839 56.2129
      vertex 48.2983 -32.2929 56.5
      vertex 48.2807 -32.318 56.2668
    endloop
  endfacet
  facet normal -0.568649 -0.812148 0.130588
    outer loop
      vertex 48.2983 -32.2929 56.5
      vertex 49.5049 -33.1839 56.2129
      vertex 49.5267 -33.153 56.5
    endloop
  endfacet
  facet normal -0.529995 -0.756942 0.382288
    outer loop
      vertex 48.2738 -32.3277 56.1765
      vertex 49.4941 -33.1993 56.1425
      vertex 49.5022 -33.1878 56.1765
    endloop
  endfacet
  facet normal -0.529898 -0.75682 0.382664
    outer loop
      vertex 49.4941 -33.1993 56.1425
      vertex 48.2738 -32.3277 56.1765
      vertex 48.2537 -32.3562 56.0923
    endloop
  endfacet
  facet normal -0.529908 -0.756817 0.382655
    outer loop
      vertex 49.4303 -33.2899 55.875
      vertex 48.2537 -32.3562 56.0923
      vertex 48.2019 -32.4298 55.875
    endloop
  endfacet
  facet normal -0.529889 -0.756806 0.382705
    outer loop
      vertex 48.2537 -32.3562 56.0923
      vertex 49.4303 -33.2899 55.875
      vertex 49.4941 -33.1993 56.1425
    endloop
  endfacet
  facet normal 0.219589 0.313643 -0.923801
    outer loop
      vertex 48.4471 -34.686 57.5825
      vertex 47.3437 -33.6484 57.6725
      vertex 48.601 -34.4674 57.6933
    endloop
  endfacet
  facet normal 0.21965 0.313705 -0.923766
    outer loop
      vertex 47.3437 -33.6484 57.6725
      vertex 48.4471 -34.686 57.5825
      vertex 47.2187 -33.8259 57.5825
    endloop
  endfacet
  facet normal 0.349153 0.498677 -0.793356
    outer loop
      vertex 47.1114 -33.9783 57.4395
      vertex 48.4471 -34.686 57.5825
      vertex 48.3149 -34.8736 57.4064
    endloop
  endfacet
  facet normal 0.349135 0.498637 -0.793388
    outer loop
      vertex 48.4471 -34.686 57.5825
      vertex 47.1114 -33.9783 57.4395
      vertex 47.2187 -33.8259 57.5825
    endloop
  endfacet
  facet normal 0.348933 0.498348 -0.793659
    outer loop
      vertex 47.0696 -34.0375 57.3839
      vertex 48.3149 -34.8736 57.4064
      vertex 48.298 -34.8976 57.3839
    endloop
  endfacet
  facet normal 0.349123 0.498638 -0.793394
    outer loop
      vertex 48.3149 -34.8736 57.4064
      vertex 47.0696 -34.0375 57.3839
      vertex 47.1114 -33.9783 57.4395
    endloop
  endfacet
  facet normal 0.455082 0.649875 0.60874
    outer loop
      vertex 48.1836 -35.0601 55.875
      vertex 47.0376 -34.083 55.6886
      vertex 46.9552 -34.1999 55.875
    endloop
  endfacet
  facet normal 0.454939 0.649752 0.608977
    outer loop
      vertex 47.0376 -34.083 55.6886
      vertex 48.1836 -35.0601 55.875
      vertex 48.285 -34.916 55.6455
    endloop
  endfacet
  facet normal 0.21887 0.312591 0.924328
    outer loop
      vertex 47.3923 -33.5794 55.2926
      vertex 48.601 -34.4674 55.3067
      vertex 48.6207 -34.4395 55.2926
    endloop
  endfacet
  facet normal 0.21919 0.313024 0.924106
    outer loop
      vertex 48.601 -34.4674 55.3067
      vertex 47.3923 -33.5794 55.2926
      vertex 47.3437 -33.6484 55.3275
    endloop
  endfacet
  facet normal -0.349088 -0.498538 -0.793472
    outer loop
      vertex 47.9801 -32.7447 57.527
      vertex 49.3159 -33.4523 57.3839
      vertex 49.1836 -33.6401 57.5601
    endloop
  endfacet
  facet normal -0.349125 -0.498622 -0.793403
    outer loop
      vertex 49.3159 -33.4523 57.3839
      vertex 47.9801 -32.7447 57.527
      vertex 48.0875 -32.5922 57.3839
    endloop
  endfacet
  facet normal 0.454939 0.649752 -0.608977
    outer loop
      vertex 48.1836 -35.0601 57.125
      vertex 47.0376 -34.083 57.3114
      vertex 48.285 -34.916 57.3545
    endloop
  endfacet
  facet normal 0.455082 0.649875 -0.60874
    outer loop
      vertex 47.0376 -34.083 57.3114
      vertex 48.1836 -35.0601 57.125
      vertex 46.9552 -34.1999 57.125
    endloop
  endfacet
  facet normal 0.349135 0.498637 0.793388
    outer loop
      vertex 47.1114 -33.9783 55.5605
      vertex 48.4471 -34.686 55.4175
      vertex 47.2187 -33.8259 55.4175
    endloop
  endfacet
  facet normal 0.349153 0.498677 0.793356
    outer loop
      vertex 48.4471 -34.686 55.4175
      vertex 47.1114 -33.9783 55.5605
      vertex 48.3149 -34.8736 55.5936
    endloop
  endfacet
  facet normal 0.219589 0.313643 0.923801
    outer loop
      vertex 47.3437 -33.6484 55.3275
      vertex 48.4471 -34.686 55.4175
      vertex 48.601 -34.4674 55.3067
    endloop
  endfacet
  facet normal 0.21965 0.313705 0.923766
    outer loop
      vertex 48.4471 -34.686 55.4175
      vertex 47.3437 -33.6484 55.3275
      vertex 47.2187 -33.8259 55.4175
    endloop
  endfacet
  facet normal 0.568654 0.812155 0.130528
    outer loop
      vertex 46.8833 -34.302 56.1765
      vertex 48.09 -35.193 56.4633
      vertex 48.1117 -35.1621 56.1765
    endloop
  endfacet
  facet normal 0.56866 0.812155 0.1305
    outer loop
      vertex 48.09 -35.193 56.4633
      vertex 46.8833 -34.302 56.1765
      vertex 46.8657 -34.3271 56.4094
    endloop
  endfacet
  facet normal 0.529999 0.75686 0.382443
    outer loop
      vertex 46.9552 -34.1999 55.875
      vertex 48.1117 -35.1621 56.1765
      vertex 48.1836 -35.0601 55.875
    endloop
  endfacet
  facet normal 0.529907 0.756817 0.382658
    outer loop
      vertex 48.1117 -35.1621 56.1765
      vertex 46.9552 -34.1999 55.875
      vertex 46.8833 -34.302 56.1765
    endloop
  endfacet
  facet normal 0.349123 0.498638 0.793394
    outer loop
      vertex 47.0696 -34.0375 55.6161
      vertex 48.3149 -34.8736 55.5936
      vertex 47.1114 -33.9783 55.5605
    endloop
  endfacet
  facet normal 0.348933 0.498348 0.793659
    outer loop
      vertex 48.3149 -34.8736 55.5936
      vertex 47.0696 -34.0375 55.6161
      vertex 48.298 -34.8976 55.6161
    endloop
  endfacet
  facet normal 0.455265 0.650212 0.608243
    outer loop
      vertex 47.0696 -34.0375 55.6161
      vertex 48.285 -34.916 55.6455
      vertex 48.298 -34.8976 55.6161
    endloop
  endfacet
  facet normal 0.45504 0.649917 0.608725
    outer loop
      vertex 48.285 -34.916 55.6455
      vertex 47.0696 -34.0375 55.6161
      vertex 47.0376 -34.083 55.6886
    endloop
  endfacet
  facet normal 0.0748497 -0.106882 -0.99145
    outer loop
      vertex -48.9722 -33.9404 57.7122
      vertex -47.7649 -33.0504 57.7074
      vertex -47.7128 -33.1243 57.7193
    endloop
  endfacet
  facet normal 0.0747114 -0.106695 -0.991481
    outer loop
      vertex -47.7649 -33.0504 57.7074
      vertex -48.9722 -33.9404 57.7122
      vertex -48.9932 -33.9105 57.7074
    endloop
  endfacet
  facet normal 0.0748957 -0.106958 -0.991439
    outer loop
      vertex -48.8069 -34.175 57.75
      vertex -47.7128 -33.1243 57.7193
      vertex -47.5786 -33.3149 57.75
    endloop
  endfacet
  facet normal 0.0749049 -0.106967 -0.991437
    outer loop
      vertex -47.7128 -33.1243 57.7193
      vertex -48.8069 -34.175 57.75
      vertex -48.9722 -33.9404 57.7122
    endloop
  endfacet
  facet normal 0.529995 -0.756942 0.382288
    outer loop
      vertex -49.4941 -33.1993 56.1425
      vertex -48.2738 -32.3277 56.1765
      vertex -49.5022 -33.1878 56.1765
    endloop
  endfacet
  facet normal 0.529898 -0.75682 0.382664
    outer loop
      vertex -48.2738 -32.3277 56.1765
      vertex -49.4941 -33.1993 56.1425
      vertex -48.2537 -32.3562 56.0923
    endloop
  endfacet
  facet normal -0.21965 0.313705 -0.923766
    outer loop
      vertex -48.4471 -34.686 57.5825
      vertex -47.3437 -33.6484 57.6725
      vertex -47.2187 -33.8259 57.5825
    endloop
  endfacet
  facet normal -0.219589 0.313643 -0.923801
    outer loop
      vertex -47.3437 -33.6484 57.6725
      vertex -48.4471 -34.686 57.5825
      vertex -48.601 -34.4674 57.6933
    endloop
  endfacet
  facet normal -0.0747808 0.106789 0.991466
    outer loop
      vertex -47.5786 -33.3149 55.25
      vertex -48.7859 -34.2049 55.2548
      vertex -47.5265 -33.3889 55.2619
    endloop
  endfacet
  facet normal -0.0747114 0.106695 0.991481
    outer loop
      vertex -48.7859 -34.2049 55.2548
      vertex -47.5786 -33.3149 55.25
      vertex -48.8069 -34.175 55.25
    endloop
  endfacet
  facet normal 0.349088 -0.498538 -0.793472
    outer loop
      vertex -49.3159 -33.4523 57.3839
      vertex -47.9801 -32.7447 57.527
      vertex -49.1836 -33.6401 57.5601
    endloop
  endfacet
  facet normal 0.349125 -0.498622 -0.793403
    outer loop
      vertex -47.9801 -32.7447 57.527
      vertex -49.3159 -33.4523 57.3839
      vertex -48.0875 -32.5922 57.3839
    endloop
  endfacet
  facet normal -0.455082 0.649875 0.60874
    outer loop
      vertex -47.0376 -34.083 55.6886
      vertex -48.1836 -35.0601 55.875
      vertex -46.9552 -34.1999 55.875
    endloop
  endfacet
  facet normal -0.454939 0.649752 0.608977
    outer loop
      vertex -48.1836 -35.0601 55.875
      vertex -47.0376 -34.083 55.6886
      vertex -48.285 -34.916 55.6455
    endloop
  endfacet
  facet normal 0.349099 -0.498553 0.793457
    outer loop
      vertex -49.1836 -33.6401 55.4399
      vertex -47.9385 -32.8039 55.4175
      vertex -47.9801 -32.7447 55.473
    endloop
  endfacet
  facet normal 0.349018 -0.49843 0.79357
    outer loop
      vertex -47.9385 -32.8039 55.4175
      vertex -49.1836 -33.6401 55.4399
      vertex -49.1668 -33.664 55.4175
    endloop
  endfacet
  facet normal -0.349153 0.498677 -0.793356
    outer loop
      vertex -48.4471 -34.686 57.5825
      vertex -47.1114 -33.9783 57.4395
      vertex -48.3149 -34.8736 57.4064
    endloop
  endfacet
  facet normal -0.349135 0.498637 -0.793388
    outer loop
      vertex -47.1114 -33.9783 57.4395
      vertex -48.4471 -34.686 57.5825
      vertex -47.2187 -33.8259 57.5825
    endloop
  endfacet
  facet normal -0.348933 0.498348 -0.793659
    outer loop
      vertex -48.3149 -34.8736 57.4064
      vertex -47.0696 -34.0375 57.3839
      vertex -48.298 -34.8976 57.3839
    endloop
  endfacet
  facet normal -0.349123 0.498638 -0.793394
    outer loop
      vertex -47.0696 -34.0375 57.3839
      vertex -48.3149 -34.8736 57.4064
      vertex -47.1114 -33.9783 57.4395
    endloop
  endfacet
  facet normal 0.568649 -0.812148 0.130588
    outer loop
      vertex -49.5049 -33.1839 56.2129
      vertex -48.2983 -32.2929 56.5
      vertex -49.5267 -33.153 56.5
    endloop
  endfacet
  facet normal 0.568709 -0.812147 0.130335
    outer loop
      vertex -48.2983 -32.2929 56.5
      vertex -49.5049 -33.1839 56.2129
      vertex -48.2807 -32.318 56.2668
    endloop
  endfacet
  facet normal 0.0748957 -0.106958 0.991439
    outer loop
      vertex -47.7128 -33.1243 55.2807
      vertex -48.8069 -34.175 55.25
      vertex -47.5786 -33.3149 55.25
    endloop
  endfacet
  facet normal 0.0749049 -0.106967 0.991437
    outer loop
      vertex -48.8069 -34.175 55.25
      vertex -47.7128 -33.1243 55.2807
      vertex -48.9722 -33.9404 55.2878
    endloop
  endfacet
  facet normal -0.21919 0.313024 0.924106
    outer loop
      vertex -47.3923 -33.5794 55.2926
      vertex -48.601 -34.4674 55.3067
      vertex -47.3437 -33.6484 55.3275
    endloop
  endfacet
  facet normal -0.21887 0.312591 0.924328
    outer loop
      vertex -48.601 -34.4674 55.3067
      vertex -47.3923 -33.5794 55.2926
      vertex -48.6207 -34.4395 55.2926
    endloop
  endfacet
  facet normal 0.529889 -0.756806 0.382705
    outer loop
      vertex -49.4303 -33.2899 55.875
      vertex -48.2537 -32.3562 56.0923
      vertex -49.4941 -33.1993 56.1425
    endloop
  endfacet
  facet normal 0.529908 -0.756817 0.382655
    outer loop
      vertex -48.2537 -32.3562 56.0923
      vertex -49.4303 -33.2899 55.875
      vertex -48.2019 -32.4298 55.875
    endloop
  endfacet
  facet normal 0.568826 -0.812243 0.129219
    outer loop
      vertex -49.5022 -33.1878 56.1765
      vertex -48.2807 -32.318 56.2668
      vertex -49.5049 -33.1839 56.2129
    endloop
  endfacet
  facet normal 0.568641 -0.812137 0.130691
    outer loop
      vertex -48.2807 -32.318 56.2668
      vertex -49.5022 -33.1878 56.1765
      vertex -48.2738 -32.3277 56.1765
    endloop
  endfacet
  facet normal 0.21953 -0.313508 0.923861
    outer loop
      vertex -47.9385 -32.8039 55.4175
      vertex -48.9932 -33.9105 55.2926
      vertex -47.7649 -33.0504 55.2926
    endloop
  endfacet
  facet normal 0.21953 -0.313508 0.923861
    outer loop
      vertex -48.9932 -33.9105 55.2926
      vertex -47.9385 -32.8039 55.4175
      vertex -49.1668 -33.664 55.4175
    endloop
  endfacet
  facet normal -0.56866 0.812155 -0.1305
    outer loop
      vertex -48.09 -35.193 56.5367
      vertex -46.8833 -34.302 56.8235
      vertex -46.8657 -34.3271 56.5906
    endloop
  endfacet
  facet normal -0.568654 0.812155 -0.130528
    outer loop
      vertex -46.8833 -34.302 56.8235
      vertex -48.09 -35.193 56.5367
      vertex -48.1117 -35.1621 56.8235
    endloop
  endfacet
  facet normal -0.568607 0.812088 -0.131146
    outer loop
      vertex -48.0872 -35.197 56.5
      vertex -46.8657 -34.3271 56.5906
      vertex -46.8588 -34.3369 56.5
    endloop
  endfacet
  facet normal -0.568514 0.812034 -0.131879
    outer loop
      vertex -46.8657 -34.3271 56.5906
      vertex -48.0872 -35.197 56.5
      vertex -48.09 -35.193 56.5367
    endloop
  endfacet
  facet normal 0.21953 -0.313508 -0.923861
    outer loop
      vertex -48.9932 -33.9105 57.7074
      vertex -47.9385 -32.8039 57.5825
      vertex -47.7649 -33.0504 57.7074
    endloop
  endfacet
  facet normal 0.21953 -0.313508 -0.923861
    outer loop
      vertex -47.9385 -32.8039 57.5825
      vertex -48.9932 -33.9105 57.7074
      vertex -49.1668 -33.664 57.5825
    endloop
  endfacet
  facet normal 0.349018 -0.49843 -0.79357
    outer loop
      vertex -49.1836 -33.6401 57.5601
      vertex -47.9385 -32.8039 57.5825
      vertex -49.1668 -33.664 57.5825
    endloop
  endfacet
  facet normal 0.349099 -0.498553 -0.793457
    outer loop
      vertex -47.9385 -32.8039 57.5825
      vertex -49.1836 -33.6401 57.5601
      vertex -47.9801 -32.7447 57.527
    endloop
  endfacet
  facet normal 0.568826 -0.812243 -0.129219
    outer loop
      vertex -48.2807 -32.318 56.7332
      vertex -49.5022 -33.1878 56.8235
      vertex -49.5049 -33.1839 56.7871
    endloop
  endfacet
  facet normal 0.568641 -0.812137 -0.130691
    outer loop
      vertex -49.5022 -33.1878 56.8235
      vertex -48.2807 -32.318 56.7332
      vertex -48.2738 -32.3277 56.8235
    endloop
  endfacet
  facet normal 0.568649 -0.812148 -0.130588
    outer loop
      vertex -48.2983 -32.2929 56.5
      vertex -49.5049 -33.1839 56.7871
      vertex -49.5267 -33.153 56.5
    endloop
  endfacet
  facet normal 0.568709 -0.812147 -0.130335
    outer loop
      vertex -49.5049 -33.1839 56.7871
      vertex -48.2983 -32.2929 56.5
      vertex -48.2807 -32.318 56.7332
    endloop
  endfacet
  facet normal 0.529995 -0.756942 -0.382288
    outer loop
      vertex -48.2738 -32.3277 56.8235
      vertex -49.4941 -33.1993 56.8575
      vertex -49.5022 -33.1878 56.8235
    endloop
  endfacet
  facet normal 0.529898 -0.75682 -0.382664
    outer loop
      vertex -49.4941 -33.1993 56.8575
      vertex -48.2738 -32.3277 56.8235
      vertex -48.2537 -32.3562 56.9077
    endloop
  endfacet
  facet normal -0.21919 0.313024 -0.924106
    outer loop
      vertex -48.601 -34.4674 57.6933
      vertex -47.3923 -33.5794 57.7074
      vertex -47.3437 -33.6484 57.6725
    endloop
  endfacet
  facet normal -0.21887 0.312591 -0.924328
    outer loop
      vertex -47.3923 -33.5794 57.7074
      vertex -48.601 -34.4674 57.6933
      vertex -48.6207 -34.4395 57.7074
    endloop
  endfacet
  facet normal -0.21965 0.313705 0.923766
    outer loop
      vertex -47.3437 -33.6484 55.3275
      vertex -48.4471 -34.686 55.4175
      vertex -47.2187 -33.8259 55.4175
    endloop
  endfacet
  facet normal -0.219589 0.313643 0.923801
    outer loop
      vertex -48.4471 -34.686 55.4175
      vertex -47.3437 -33.6484 55.3275
      vertex -48.601 -34.4674 55.3067
    endloop
  endfacet
  facet normal -0.0749175 0.106998 0.991433
    outer loop
      vertex -47.5265 -33.3889 55.2619
      vertex -48.6207 -34.4395 55.2926
      vertex -47.3923 -33.5794 55.2926
    endloop
  endfacet
  facet normal -0.074913 0.106993 0.991434
    outer loop
      vertex -48.6207 -34.4395 55.2926
      vertex -47.5265 -33.3889 55.2619
      vertex -48.7859 -34.2049 55.2548
    endloop
  endfacet
  facet normal 0.455048 -0.649902 0.608735
    outer loop
      vertex -49.3159 -33.4523 55.6161
      vertex -48.2019 -32.4298 55.875
      vertex -49.4303 -33.2899 55.875
    endloop
  endfacet
  facet normal 0.455048 -0.649902 0.608735
    outer loop
      vertex -48.2019 -32.4298 55.875
      vertex -49.3159 -33.4523 55.6161
      vertex -48.0875 -32.5922 55.6161
    endloop
  endfacet
  facet normal -0.529907 0.756817 -0.382658
    outer loop
      vertex -48.1117 -35.1621 56.8235
      vertex -46.9552 -34.1999 57.125
      vertex -46.8833 -34.302 56.8235
    endloop
  endfacet
  facet normal -0.529999 0.75686 -0.382443
    outer loop
      vertex -46.9552 -34.1999 57.125
      vertex -48.1117 -35.1621 56.8235
      vertex -48.1836 -35.0601 57.125
    endloop
  endfacet
  facet normal -0.0747808 0.106789 -0.991466
    outer loop
      vertex -48.7859 -34.2049 57.7452
      vertex -47.5786 -33.3149 57.75
      vertex -47.5265 -33.3889 57.7381
    endloop
  endfacet
  facet normal -0.0747114 0.106695 -0.991481
    outer loop
      vertex -47.5786 -33.3149 57.75
      vertex -48.7859 -34.2049 57.7452
      vertex -48.8069 -34.175 57.75
    endloop
  endfacet
  facet normal -0.0749175 0.106998 -0.991433
    outer loop
      vertex -48.6207 -34.4395 57.7074
      vertex -47.5265 -33.3889 57.7381
      vertex -47.3923 -33.5794 57.7074
    endloop
  endfacet
  facet normal -0.074913 0.106993 -0.991434
    outer loop
      vertex -47.5265 -33.3889 57.7381
      vertex -48.6207 -34.4395 57.7074
      vertex -48.7859 -34.2049 57.7452
    endloop
  endfacet
  facet normal -0.529907 0.756817 0.382658
    outer loop
      vertex -46.9552 -34.1999 55.875
      vertex -48.1117 -35.1621 56.1765
      vertex -46.8833 -34.302 56.1765
    endloop
  endfacet
  facet normal -0.529999 0.75686 0.382443
    outer loop
      vertex -48.1117 -35.1621 56.1765
      vertex -46.9552 -34.1999 55.875
      vertex -48.1836 -35.0601 55.875
    endloop
  endfacet
  facet normal -0.349135 0.498637 0.793388
    outer loop
      vertex -48.4471 -34.686 55.4175
      vertex -47.1114 -33.9783 55.5605
      vertex -47.2187 -33.8259 55.4175
    endloop
  endfacet
  facet normal -0.349153 0.498677 0.793356
    outer loop
      vertex -47.1114 -33.9783 55.5605
      vertex -48.4471 -34.686 55.4175
      vertex -48.3149 -34.8736 55.5936
    endloop
  endfacet
  facet normal 0.349125 -0.498622 0.793403
    outer loop
      vertex -49.3159 -33.4523 55.6161
      vertex -47.9801 -32.7447 55.473
      vertex -48.0875 -32.5922 55.6161
    endloop
  endfacet
  facet normal 0.349088 -0.498538 0.793472
    outer loop
      vertex -47.9801 -32.7447 55.473
      vertex -49.3159 -33.4523 55.6161
      vertex -49.1836 -33.6401 55.4399
    endloop
  endfacet
  facet normal 0.0748497 -0.106882 0.99145
    outer loop
      vertex -47.7649 -33.0504 55.2926
      vertex -48.9722 -33.9404 55.2878
      vertex -47.7128 -33.1243 55.2807
    endloop
  endfacet
  facet normal 0.0747114 -0.106695 0.991481
    outer loop
      vertex -48.9722 -33.9404 55.2878
      vertex -47.7649 -33.0504 55.2926
      vertex -48.9932 -33.9105 55.2926
    endloop
  endfacet
  facet normal -0.455265 0.650212 -0.608243
    outer loop
      vertex -47.0696 -34.0375 57.3839
      vertex -48.285 -34.916 57.3545
      vertex -48.298 -34.8976 57.3839
    endloop
  endfacet
  facet normal -0.45504 0.649917 -0.608725
    outer loop
      vertex -48.285 -34.916 57.3545
      vertex -47.0696 -34.0375 57.3839
      vertex -47.0376 -34.083 57.3114
    endloop
  endfacet
  facet normal -0.455082 0.649875 -0.60874
    outer loop
      vertex -48.1836 -35.0601 57.125
      vertex -47.0376 -34.083 57.3114
      vertex -46.9552 -34.1999 57.125
    endloop
  endfacet
  facet normal -0.454939 0.649752 -0.608977
    outer loop
      vertex -47.0376 -34.083 57.3114
      vertex -48.1836 -35.0601 57.125
      vertex -48.285 -34.916 57.3545
    endloop
  endfacet
  facet normal 0.529908 -0.756817 -0.382655
    outer loop
      vertex -49.4303 -33.2899 57.125
      vertex -48.2537 -32.3562 56.9077
      vertex -48.2019 -32.4298 57.125
    endloop
  endfacet
  facet normal 0.529889 -0.756806 -0.382705
    outer loop
      vertex -48.2537 -32.3562 56.9077
      vertex -49.4303 -33.2899 57.125
      vertex -49.4941 -33.1993 56.8575
    endloop
  endfacet
  facet normal 0.455048 -0.649902 -0.608735
    outer loop
      vertex -48.2019 -32.4298 57.125
      vertex -49.3159 -33.4523 57.3839
      vertex -49.4303 -33.2899 57.125
    endloop
  endfacet
  facet normal 0.455048 -0.649902 -0.608735
    outer loop
      vertex -49.3159 -33.4523 57.3839
      vertex -48.2019 -32.4298 57.125
      vertex -48.0875 -32.5922 57.3839
    endloop
  endfacet
  facet normal -0.45504 0.649917 0.608725
    outer loop
      vertex -47.0696 -34.0375 55.6161
      vertex -48.285 -34.916 55.6455
      vertex -47.0376 -34.083 55.6886
    endloop
  endfacet
  facet normal -0.455265 0.650212 0.608243
    outer loop
      vertex -48.285 -34.916 55.6455
      vertex -47.0696 -34.0375 55.6161
      vertex -48.298 -34.8976 55.6161
    endloop
  endfacet
  facet normal -0.349123 0.498638 0.793394
    outer loop
      vertex -48.3149 -34.8736 55.5936
      vertex -47.0696 -34.0375 55.6161
      vertex -47.1114 -33.9783 55.5605
    endloop
  endfacet
  facet normal -0.348933 0.498348 0.793659
    outer loop
      vertex -47.0696 -34.0375 55.6161
      vertex -48.3149 -34.8736 55.5936
      vertex -48.298 -34.8976 55.6161
    endloop
  endfacet
  facet normal -0.568607 0.812088 0.131146
    outer loop
      vertex -46.8657 -34.3271 56.4094
      vertex -48.0872 -35.197 56.5
      vertex -46.8588 -34.3369 56.5
    endloop
  endfacet
  facet normal -0.568514 0.812034 0.131879
    outer loop
      vertex -48.0872 -35.197 56.5
      vertex -46.8657 -34.3271 56.4094
      vertex -48.09 -35.193 56.4633
    endloop
  endfacet
  facet normal -0.56866 0.812155 0.1305
    outer loop
      vertex -46.8833 -34.302 56.1765
      vertex -48.09 -35.193 56.4633
      vertex -46.8657 -34.3271 56.4094
    endloop
  endfacet
  facet normal -0.568654 0.812155 0.130528
    outer loop
      vertex -48.09 -35.193 56.4633
      vertex -46.8833 -34.302 56.1765
      vertex -48.1117 -35.1621 56.1765
    endloop
  endfacet
  facet normal -0.130038 -0.0113769 -0.991444
    outer loop
      vertex -4.97258 57.8735 57.7381
      vertex -4.87072 59.3846 57.7074
      vertex -4.74002 57.8907 57.7074
    endloop
  endfacet
  facet normal -0.130034 -0.0113772 -0.991444
    outer loop
      vertex -4.87072 59.3846 57.7074
      vertex -4.97258 57.8735 57.7381
      vertex -5.15708 59.3635 57.7452
    endloop
  endfacet
  facet normal -0.130096 -0.0113849 -0.991436
    outer loop
      vertex -5.06269 57.8669 57.75
      vertex -5.15708 59.3635 57.7452
      vertex -4.97258 57.8735 57.7381
    endloop
  endfacet
  facet normal -0.130179 -0.0113901 -0.991425
    outer loop
      vertex -5.15708 59.3635 57.7452
      vertex -5.06269 57.8669 57.75
      vertex -5.1934 59.3608 57.75
    endloop
  endfacet
  facet normal -0.381296 -0.0333595 -0.923851
    outer loop
      vertex -4.74002 57.8907 57.7074
      vertex -4.57004 59.4068 57.5825
      vertex -4.43933 57.9128 57.5825
    endloop
  endfacet
  facet normal -0.381297 -0.0333593 -0.923851
    outer loop
      vertex -4.57004 59.4068 57.5825
      vertex -4.74002 57.8907 57.7074
      vertex -4.87072 59.3846 57.7074
    endloop
  endfacet
  facet normal 0.129945 0.0113697 0.991456
    outer loop
      vertex -5.1934 59.3608 55.25
      vertex -5.29542 57.8497 55.2807
      vertex -5.06269 57.8669 55.25
    endloop
  endfacet
  facet normal 0.129963 0.0113684 0.991454
    outer loop
      vertex -5.29542 57.8497 55.2807
      vertex -5.1934 59.3608 55.25
      vertex -5.47992 59.3397 55.2878
    endloop
  endfacet
  facet normal -0.987675 -0.0864105 0.130505
    outer loop
      vertex -3.98915 59.4497 56.1765
      vertex -3.8279 57.9579 56.4091
      vertex -3.95153 59.4524 56.463
    endloop
  endfacet
  facet normal -0.987671 -0.0864047 0.130539
    outer loop
      vertex -3.8279 57.9579 56.4091
      vertex -3.98915 59.4497 56.1765
      vertex -3.85845 57.9557 56.1765
    endloop
  endfacet
  facet normal -0.130096 -0.0113849 0.991436
    outer loop
      vertex -5.15708 59.3635 55.2548
      vertex -5.06269 57.8669 55.25
      vertex -4.97258 57.8735 55.2619
    endloop
  endfacet
  facet normal -0.130179 -0.0113901 0.991425
    outer loop
      vertex -5.06269 57.8669 55.25
      vertex -5.15708 59.3635 55.2548
      vertex -5.1934 59.3608 55.25
    endloop
  endfacet
  facet normal -0.920378 -0.0805177 0.382649
    outer loop
      vertex -4.09948 59.4415 55.9094
      vertex -3.85845 57.9557 56.1765
      vertex -3.98915 59.4497 56.1765
    endloop
  endfacet
  facet normal -0.920361 -0.0805068 0.382694
    outer loop
      vertex -3.85845 57.9557 56.1765
      vertex -4.09948 59.4415 55.9094
      vertex -3.94802 57.9491 55.9597
    endloop
  endfacet
  facet normal 0.920404 0.0805319 -0.382584
    outer loop
      vertex -6.1752 57.761 57.0406
      vertex -6.39526 59.2447 56.8235
      vertex -6.2853 59.2583 57.0909
    endloop
  endfacet
  facet normal 0.920389 0.080524 -0.382622
    outer loop
      vertex -6.39526 59.2447 56.8235
      vertex -6.1752 57.761 57.0406
      vertex -6.26449 57.75 56.8235
    endloop
  endfacet
  facet normal 0.987675 0.0864074 -0.130504
    outer loop
      vertex -6.29492 57.7462 56.5908
      vertex -6.43756 59.2395 56.5
      vertex -6.43275 59.2401 56.5368
    endloop
  endfacet
  facet normal 0.987682 0.0864115 -0.130449
    outer loop
      vertex -6.43756 59.2395 56.5
      vertex -6.29492 57.7462 56.5908
      vertex -6.30679 57.7448 56.5
    endloop
  endfacet
  facet normal 0.790337 0.0691465 -0.608758
    outer loop
      vertex -5.94319 57.7896 57.3839
      vertex -6.24893 59.2628 57.1543
      vertex -6.07397 59.2844 57.3839
    endloop
  endfacet
  facet normal 0.790378 0.0691637 -0.608703
    outer loop
      vertex -6.24893 59.2628 57.1543
      vertex -5.94319 57.7896 57.3839
      vertex -6.08529 57.7721 57.1974
    endloop
  endfacet
  facet normal 0.790337 0.0691465 0.608758
    outer loop
      vertex -6.24893 59.2628 55.8457
      vertex -5.94319 57.7896 55.6161
      vertex -6.07397 59.2844 55.6161
    endloop
  endfacet
  facet normal 0.790378 0.0691637 0.608703
    outer loop
      vertex -5.94319 57.7896 55.6161
      vertex -6.24893 59.2628 55.8457
      vertex -6.08529 57.7721 55.8026
    endloop
  endfacet
  facet normal 0.79038 0.069164 0.608701
    outer loop
      vertex -6.27125 59.26 55.875
      vertex -6.08529 57.7721 55.8026
      vertex -6.24893 59.2628 55.8457
    endloop
  endfacet
  facet normal 0.790291 0.0691471 0.608818
    outer loop
      vertex -6.08529 57.7721 55.8026
      vertex -6.27125 59.26 55.875
      vertex -6.14047 57.7653 55.875
    endloop
  endfacet
  facet normal -0.987654 -0.0864098 0.130664
    outer loop
      vertex -3.95153 59.4524 56.463
      vertex -3.81596 57.9588 56.5
      vertex -3.94667 59.4528 56.5
    endloop
  endfacet
  facet normal -0.987664 -0.0864126 0.130588
    outer loop
      vertex -3.81596 57.9588 56.5
      vertex -3.95153 59.4524 56.463
      vertex -3.8279 57.9579 56.4091
    endloop
  endfacet
  facet normal -0.790353 -0.0691479 0.608737
    outer loop
      vertex -4.31183 59.4259 55.6161
      vertex -3.98299 57.9465 55.875
      vertex -4.1137 59.4405 55.875
    endloop
  endfacet
  facet normal -0.790353 -0.0691479 0.608737
    outer loop
      vertex -3.98299 57.9465 55.875
      vertex -4.31183 59.4259 55.6161
      vertex -4.18112 57.9319 55.6161
    endloop
  endfacet
  facet normal 0.38123 0.0333546 0.923878
    outer loop
      vertex -5.54974 59.3346 55.3066
      vertex -5.68606 57.8209 55.4175
      vertex -5.46911 57.8369 55.3274
    endloop
  endfacet
  facet normal 0.381246 0.0333527 0.923872
    outer loop
      vertex -5.68606 57.8209 55.4175
      vertex -5.54974 59.3346 55.3066
      vertex -5.81676 59.3149 55.4175
    endloop
  endfacet
  facet normal -0.606339 -0.0530486 -0.793435
    outer loop
      vertex -4.43933 57.9128 57.5825
      vertex -4.31183 59.4259 57.3839
      vertex -4.18112 57.9319 57.3839
    endloop
  endfacet
  facet normal -0.606339 -0.0530486 -0.793435
    outer loop
      vertex -4.31183 59.4259 57.3839
      vertex -4.43933 57.9128 57.5825
      vertex -4.57004 59.4068 57.5825
    endloop
  endfacet
  facet normal -0.790353 -0.0691479 -0.608737
    outer loop
      vertex -3.98299 57.9465 57.125
      vertex -4.31183 59.4259 57.3839
      vertex -4.1137 59.4405 57.125
    endloop
  endfacet
  facet normal -0.790353 -0.0691479 -0.608737
    outer loop
      vertex -4.31183 59.4259 57.3839
      vertex -3.98299 57.9465 57.125
      vertex -4.18112 57.9319 57.3839
    endloop
  endfacet
  facet normal 0.381432 0.0333737 -0.923794
    outer loop
      vertex -5.46911 57.8369 57.6726
      vertex -5.51608 59.337 57.7074
      vertex -5.38537 57.8431 57.7074
    endloop
  endfacet
  facet normal 0.381787 0.0333814 -0.923647
    outer loop
      vertex -5.51608 59.337 57.7074
      vertex -5.46911 57.8369 57.6726
      vertex -5.54974 59.3346 57.6934
    endloop
  endfacet
  facet normal 0.987675 0.0864074 0.130504
    outer loop
      vertex -6.43756 59.2395 56.5
      vertex -6.29492 57.7462 56.4092
      vertex -6.43275 59.2401 56.4632
    endloop
  endfacet
  facet normal 0.987682 0.0864115 0.130449
    outer loop
      vertex -6.29492 57.7462 56.4092
      vertex -6.43756 59.2395 56.5
      vertex -6.30679 57.7448 56.5
    endloop
  endfacet
  facet normal 0.987671 0.0864104 -0.130538
    outer loop
      vertex -6.26449 57.75 56.8235
      vertex -6.43275 59.2401 56.5368
      vertex -6.39526 59.2447 56.8235
    endloop
  endfacet
  facet normal 0.987667 0.0864044 -0.130567
    outer loop
      vertex -6.43275 59.2401 56.5368
      vertex -6.26449 57.75 56.8235
      vertex -6.29492 57.7462 56.5908
    endloop
  endfacet
  facet normal 0.130321 0.011413 0.991406
    outer loop
      vertex -5.47992 59.3397 55.2878
      vertex -5.38537 57.8431 55.2926
      vertex -5.29542 57.8497 55.2807
    endloop
  endfacet
  facet normal 0.130741 0.0114393 0.991351
    outer loop
      vertex -5.38537 57.8431 55.2926
      vertex -5.47992 59.3397 55.2878
      vertex -5.51608 59.337 55.2926
    endloop
  endfacet
  facet normal -0.920327 -0.0805005 -0.382777
    outer loop
      vertex -3.94802 57.9491 57.0403
      vertex -4.1137 59.4405 57.125
      vertex -4.09948 59.4415 57.0906
    endloop
  endfacet
  facet normal -0.920442 -0.0805294 -0.382494
    outer loop
      vertex -4.1137 59.4405 57.125
      vertex -3.94802 57.9491 57.0403
      vertex -3.98299 57.9465 57.125
    endloop
  endfacet
  facet normal -0.920378 -0.0805177 -0.382649
    outer loop
      vertex -3.85845 57.9557 56.8235
      vertex -4.09948 59.4415 57.0906
      vertex -3.98915 59.4497 56.8235
    endloop
  endfacet
  facet normal -0.920361 -0.0805068 -0.382694
    outer loop
      vertex -4.09948 59.4415 57.0906
      vertex -3.85845 57.9557 56.8235
      vertex -3.94802 57.9491 57.0403
    endloop
  endfacet
  facet normal -0.987654 -0.0864098 -0.130664
    outer loop
      vertex -3.81596 57.9588 56.5
      vertex -3.95153 59.4524 56.537
      vertex -3.94667 59.4528 56.5
    endloop
  endfacet
  facet normal -0.987664 -0.0864126 -0.130588
    outer loop
      vertex -3.95153 59.4524 56.537
      vertex -3.81596 57.9588 56.5
      vertex -3.8279 57.9579 56.5909
    endloop
  endfacet
  facet normal -0.130038 -0.0113769 0.991444
    outer loop
      vertex -4.87072 59.3846 55.2926
      vertex -4.97258 57.8735 55.2619
      vertex -4.74002 57.8907 55.2926
    endloop
  endfacet
  facet normal -0.130034 -0.0113772 0.991444
    outer loop
      vertex -4.97258 57.8735 55.2619
      vertex -4.87072 59.3846 55.2926
      vertex -5.15708 59.3635 55.2548
    endloop
  endfacet
  facet normal 0.604868 0.0529158 0.794566
    outer loop
      vertex -5.81676 59.3149 55.4175
      vertex -5.6948 57.8202 55.4242
      vertex -5.68606 57.8209 55.4175
    endloop
  endfacet
  facet normal 0.604796 0.0529102 0.794621
    outer loop
      vertex -5.84182 59.313 55.4367
      vertex -5.6948 57.8202 55.4242
      vertex -5.81676 59.3149 55.4175
    endloop
  endfacet
  facet normal 0.606506 0.0530897 0.793304
    outer loop
      vertex -6.07397 59.2844 55.6161
      vertex -5.6948 57.8202 55.4242
      vertex -5.84182 59.313 55.4367
    endloop
  endfacet
  facet normal 0.60641 0.0530548 0.79338
    outer loop
      vertex -5.6948 57.8202 55.4242
      vertex -6.07397 59.2844 55.6161
      vertex -5.94319 57.7896 55.6161
    endloop
  endfacet
  facet normal -0.606339 -0.0530486 0.793435
    outer loop
      vertex -4.31183 59.4259 55.6161
      vertex -4.43933 57.9128 55.4175
      vertex -4.18112 57.9319 55.6161
    endloop
  endfacet
  facet normal -0.606339 -0.0530486 0.793435
    outer loop
      vertex -4.43933 57.9128 55.4175
      vertex -4.31183 59.4259 55.6161
      vertex -4.57004 59.4068 55.4175
    endloop
  endfacet
  facet normal 0.604868 0.0529158 -0.794566
    outer loop
      vertex -5.6948 57.8202 57.5758
      vertex -5.81676 59.3149 57.5825
      vertex -5.68606 57.8209 57.5825
    endloop
  endfacet
  facet normal 0.604796 0.0529102 -0.794621
    outer loop
      vertex -5.6948 57.8202 57.5758
      vertex -5.84182 59.313 57.5633
      vertex -5.81676 59.3149 57.5825
    endloop
  endfacet
  facet normal 0.60641 0.0530548 -0.79338
    outer loop
      vertex -6.07397 59.2844 57.3839
      vertex -5.6948 57.8202 57.5758
      vertex -5.94319 57.7896 57.3839
    endloop
  endfacet
  facet normal 0.606506 0.0530897 -0.793304
    outer loop
      vertex -5.6948 57.8202 57.5758
      vertex -6.07397 59.2844 57.3839
      vertex -5.84182 59.313 57.5633
    endloop
  endfacet
  facet normal 0.381432 0.0333737 0.923794
    outer loop
      vertex -5.51608 59.337 55.2926
      vertex -5.46911 57.8369 55.3274
      vertex -5.38537 57.8431 55.2926
    endloop
  endfacet
  facet normal 0.381787 0.0333814 0.923647
    outer loop
      vertex -5.46911 57.8369 55.3274
      vertex -5.51608 59.337 55.2926
      vertex -5.54974 59.3346 55.3066
    endloop
  endfacet
  facet normal -0.920327 -0.0805005 0.382777
    outer loop
      vertex -4.1137 59.4405 55.875
      vertex -3.94802 57.9491 55.9597
      vertex -4.09948 59.4415 55.9094
    endloop
  endfacet
  facet normal -0.920442 -0.0805294 0.382494
    outer loop
      vertex -3.94802 57.9491 55.9597
      vertex -4.1137 59.4405 55.875
      vertex -3.98299 57.9465 55.875
    endloop
  endfacet
  facet normal -0.987675 -0.0864105 -0.130505
    outer loop
      vertex -3.8279 57.9579 56.5909
      vertex -3.98915 59.4497 56.8235
      vertex -3.95153 59.4524 56.537
    endloop
  endfacet
  facet normal -0.987671 -0.0864047 -0.130539
    outer loop
      vertex -3.98915 59.4497 56.8235
      vertex -3.8279 57.9579 56.5909
      vertex -3.85845 57.9557 56.8235
    endloop
  endfacet
  facet normal 0.79038 0.069164 -0.608701
    outer loop
      vertex -6.08529 57.7721 57.1974
      vertex -6.27125 59.26 57.125
      vertex -6.24893 59.2628 57.1543
    endloop
  endfacet
  facet normal 0.790291 0.0691471 -0.608818
    outer loop
      vertex -6.27125 59.26 57.125
      vertex -6.08529 57.7721 57.1974
      vertex -6.14047 57.7653 57.125
    endloop
  endfacet
  facet normal -0.381296 -0.0333595 0.923851
    outer loop
      vertex -4.57004 59.4068 55.4175
      vertex -4.74002 57.8907 55.2926
      vertex -4.43933 57.9128 55.4175
    endloop
  endfacet
  facet normal -0.381297 -0.0333593 0.923851
    outer loop
      vertex -4.74002 57.8907 55.2926
      vertex -4.57004 59.4068 55.4175
      vertex -4.87072 59.3846 55.2926
    endloop
  endfacet
  facet normal 0.920172 0.0805112 0.383146
    outer loop
      vertex -6.2853 59.2583 55.9091
      vertex -6.14047 57.7653 55.875
      vertex -6.27125 59.26 55.875
    endloop
  endfacet
  facet normal 0.920312 0.0805326 0.382805
    outer loop
      vertex -6.14047 57.7653 55.875
      vertex -6.2853 59.2583 55.9091
      vertex -6.1752 57.761 55.9594
    endloop
  endfacet
  facet normal 0.920172 0.0805112 -0.383146
    outer loop
      vertex -6.14047 57.7653 57.125
      vertex -6.2853 59.2583 57.0909
      vertex -6.27125 59.26 57.125
    endloop
  endfacet
  facet normal 0.920312 0.0805326 -0.382805
    outer loop
      vertex -6.2853 59.2583 57.0909
      vertex -6.14047 57.7653 57.125
      vertex -6.1752 57.761 57.0406
    endloop
  endfacet
  facet normal 0.38123 0.0333546 -0.923878
    outer loop
      vertex -5.68606 57.8209 57.5825
      vertex -5.54974 59.3346 57.6934
      vertex -5.46911 57.8369 57.6726
    endloop
  endfacet
  facet normal 0.381246 0.0333527 -0.923872
    outer loop
      vertex -5.54974 59.3346 57.6934
      vertex -5.68606 57.8209 57.5825
      vertex -5.81676 59.3149 57.5825
    endloop
  endfacet
  facet normal 0.130321 0.011413 -0.991406
    outer loop
      vertex -5.38537 57.8431 57.7074
      vertex -5.47992 59.3397 57.7122
      vertex -5.29542 57.8497 57.7193
    endloop
  endfacet
  facet normal 0.130741 0.0114393 -0.991351
    outer loop
      vertex -5.47992 59.3397 57.7122
      vertex -5.38537 57.8431 57.7074
      vertex -5.51608 59.337 57.7074
    endloop
  endfacet
  facet normal 0.129945 0.0113697 -0.991456
    outer loop
      vertex -5.29542 57.8497 57.7193
      vertex -5.1934 59.3608 57.75
      vertex -5.06269 57.8669 57.75
    endloop
  endfacet
  facet normal 0.129963 0.0113684 -0.991454
    outer loop
      vertex -5.1934 59.3608 57.75
      vertex -5.29542 57.8497 57.7193
      vertex -5.47992 59.3397 57.7122
    endloop
  endfacet
  facet normal 0.920404 0.0805319 0.382584
    outer loop
      vertex -6.39526 59.2447 56.1765
      vertex -6.1752 57.761 55.9594
      vertex -6.2853 59.2583 55.9091
    endloop
  endfacet
  facet normal 0.920389 0.080524 0.382622
    outer loop
      vertex -6.1752 57.761 55.9594
      vertex -6.39526 59.2447 56.1765
      vertex -6.26449 57.75 56.1765
    endloop
  endfacet
  facet normal 0.987671 0.0864104 0.130538
    outer loop
      vertex -6.43275 59.2401 56.4632
      vertex -6.26449 57.75 56.1765
      vertex -6.39526 59.2447 56.1765
    endloop
  endfacet
  facet normal 0.987667 0.0864044 0.130567
    outer loop
      vertex -6.26449 57.75 56.1765
      vertex -6.43275 59.2401 56.4632
      vertex -6.29492 57.7462 56.4092
    endloop
  endfacet
  facet normal -0.893211 0.449639 0
    outer loop
      vertex 51.2396 -27.3881 51
      vertex 52.5218 -24.841 59
      vertex 52.5218 -24.841 51
    endloop
  endfacet
  facet normal -0.893211 0.449639 0
    outer loop
      vertex 52.5218 -24.841 59
      vertex 51.2396 -27.3881 51
      vertex 51.2396 -27.3881 59
    endloop
  endfacet
  facet normal -0.870093 0.492888 0
    outer loop
      vertex 49.834 -29.8694 51
      vertex 51.2396 -27.3881 59
      vertex 51.2396 -27.3881 51
    endloop
  endfacet
  facet normal -0.870093 0.492888 0
    outer loop
      vertex 51.2396 -27.3881 59
      vertex 49.834 -29.8694 51
      vertex 49.834 -29.8694 59
    endloop
  endfacet
  facet normal 0.575802 0.817589 -0
    outer loop
      vertex -32.2786 -48.3084 51
      vertex -34.6101 -46.6664 59
      vertex -32.2786 -48.3084 59
    endloop
  endfacet
  facet normal 0.575802 0.817589 0
    outer loop
      vertex -34.6101 -46.6664 59
      vertex -32.2786 -48.3084 51
      vertex -34.6101 -46.6664 51
    endloop
  endfacet
  facet normal 0.0245469 -0.999699 0
    outer loop
      vertex -2.85083 58.03 51
      vertex 0 58.1 59
      vertex -2.85083 58.03 59
    endloop
  endfacet
  facet normal 0.0245469 -0.999699 0
    outer loop
      vertex 0 58.1 59
      vertex -2.85083 58.03 51
      vertex 0 58.1 51
    endloop
  endfacet
  facet normal -0.844855 0.534995 0
    outer loop
      vertex 48.3084 -32.2786 51
      vertex 49.834 -29.8694 59
      vertex 49.834 -29.8694 51
    endloop
  endfacet
  facet normal -0.844855 0.534995 0
    outer loop
      vertex 49.834 -29.8694 59
      vertex 48.3084 -32.2786 51
      vertex 48.3084 -32.2786 59
    endloop
  endfacet
  facet normal -0.170988 0.985273 0
    outer loop
      vertex 11.3347 -56.9836 51
      vertex 8.52504 -57.4712 59
      vertex 11.3347 -56.9836 59
    endloop
  endfacet
  facet normal -0.170988 0.985273 0
    outer loop
      vertex 8.52504 -57.4712 59
      vertex 11.3347 -56.9836 51
      vertex 8.52504 -57.4712 51
    endloop
  endfacet
  facet normal -0.0735702 0.99729 0
    outer loop
      vertex 5.6948 -57.8202 51
      vertex 2.85083 -58.03 59
      vertex 5.6948 -57.8202 59
    endloop
  endfacet
  facet normal -0.0735702 0.99729 0
    outer loop
      vertex 2.85083 -58.03 59
      vertex 5.6948 -57.8202 51
      vertex 2.85083 -58.03 51
    endloop
  endfacet
  facet normal -0.449639 0.893211 0
    outer loop
      vertex 27.3881 -51.2396 51
      vertex 24.841 -52.5218 59
      vertex 27.3881 -51.2396 59
    endloop
  endfacet
  facet normal -0.449639 0.893211 0
    outer loop
      vertex 24.841 -52.5218 59
      vertex 27.3881 -51.2396 51
      vertex 24.841 -52.5218 51
    endloop
  endfacet
  facet normal -0.575802 0.817589 0
    outer loop
      vertex 34.6101 -46.6664 51
      vertex 32.2786 -48.3084 59
      vertex 34.6101 -46.6664 59
    endloop
  endfacet
  facet normal -0.575802 0.817589 0
    outer loop
      vertex 32.2786 -48.3084 59
      vertex 34.6101 -46.6664 51
      vertex 32.2786 -48.3084 51
    endloop
  endfacet
  facet normal 0.949532 0.31367 0
    outer loop
      vertex -54.7037 -19.5733 59
      vertex -55.5982 -16.8655 51
      vertex -55.5982 -16.8655 59
    endloop
  endfacet
  facet normal 0.949532 0.31367 0
    outer loop
      vertex -55.5982 -16.8655 51
      vertex -54.7037 -19.5733 59
      vertex -54.7037 -19.5733 51
    endloop
  endfacet
  facet normal 0.963775 0.266718 0
    outer loop
      vertex -55.5982 -16.8655 59
      vertex -56.3588 -14.1171 51
      vertex -56.3588 -14.1171 59
    endloop
  endfacet
  facet normal 0.963775 0.266718 0
    outer loop
      vertex -56.3588 -14.1171 51
      vertex -55.5982 -16.8655 59
      vertex -55.5982 -16.8655 51
    endloop
  endfacet
  facet normal 0.788335 0.615246 0
    outer loop
      vertex -44.9119 -36.8582 59
      vertex -46.6664 -34.6101 51
      vertex -46.6664 -34.6101 59
    endloop
  endfacet
  facet normal 0.788335 0.615246 0
    outer loop
      vertex -46.6664 -34.6101 51
      vertex -44.9119 -36.8582 59
      vertex -44.9119 -36.8582 51
    endloop
  endfacet
  facet normal 0.170988 0.985273 -0
    outer loop
      vertex -8.52504 -57.4712 51
      vertex -11.3347 -56.9836 59
      vertex -8.52504 -57.4712 59
    endloop
  endfacet
  facet normal 0.170988 0.985273 0
    outer loop
      vertex -11.3347 -56.9836 59
      vertex -8.52504 -57.4712 51
      vertex -11.3347 -56.9836 51
    endloop
  endfacet
  facet normal 0.492888 0.870093 -0
    outer loop
      vertex -27.3881 -51.2396 51
      vertex -29.8694 -49.834 59
      vertex -27.3881 -51.2396 59
    endloop
  endfacet
  facet normal 0.492888 0.870093 0
    outer loop
      vertex -29.8694 -49.834 59
      vertex -27.3881 -51.2396 51
      vertex -29.8694 -49.834 51
    endloop
  endfacet
  facet normal 0.615246 0.788335 -0
    outer loop
      vertex -34.6101 -46.6664 51
      vertex -36.8582 -44.9119 59
      vertex -34.6101 -46.6664 59
    endloop
  endfacet
  facet normal 0.615246 0.788335 0
    outer loop
      vertex -36.8582 -44.9119 59
      vertex -34.6101 -46.6664 51
      vertex -36.8582 -44.9119 51
    endloop
  endfacet
  facet normal -0.31367 -0.949532 0
    outer loop
      vertex 16.8655 55.5982 51
      vertex 19.5733 54.7037 59
      vertex 16.8655 55.5982 59
    endloop
  endfacet
  facet normal -0.31367 -0.949532 -0
    outer loop
      vertex 19.5733 54.7037 59
      vertex 16.8655 55.5982 51
      vertex 19.5733 54.7037 51
    endloop
  endfacet
  facet normal -0.99729 0.0735702 0
    outer loop
      vertex 57.8202 -5.6948 51
      vertex 58.03 -2.85083 59
      vertex 58.03 -2.85083 51
    endloop
  endfacet
  facet normal -0.99729 0.0735702 0
    outer loop
      vertex 58.03 -2.85083 59
      vertex 57.8202 -5.6948 51
      vertex 57.8202 -5.6948 59
    endloop
  endfacet
  facet normal -0.949532 0.31367 0
    outer loop
      vertex 54.7037 -19.5733 51
      vertex 55.5982 -16.8655 59
      vertex 55.5982 -16.8655 51
    endloop
  endfacet
  facet normal -0.949532 0.31367 0
    outer loop
      vertex 55.5982 -16.8655 59
      vertex 54.7037 -19.5733 51
      vertex 54.7037 -19.5733 59
    endloop
  endfacet
  facet normal -0.992483 0.122384 0
    outer loop
      vertex 57.4712 -8.52504 51
      vertex 57.8202 -5.6948 59
      vertex 57.8202 -5.6948 51
    endloop
  endfacet
  facet normal -0.992483 0.122384 0
    outer loop
      vertex 57.8202 -5.6948 59
      vertex 57.4712 -8.52504 51
      vertex 57.4712 -8.52504 59
    endloop
  endfacet
  facet normal -0.985273 0.170988 0
    outer loop
      vertex 56.9836 -11.3347 51
      vertex 57.4712 -8.52504 59
      vertex 57.4712 -8.52504 51
    endloop
  endfacet
  facet normal -0.985273 0.170988 0
    outer loop
      vertex 57.4712 -8.52504 59
      vertex 56.9836 -11.3347 51
      vertex 56.9836 -11.3347 59
    endloop
  endfacet
  facet normal -0.689554 0.724235 0
    outer loop
      vertex 41.0829 -41.0829 51
      vertex 39.0176 -43.0493 59
      vertex 41.0829 -41.0829 59
    endloop
  endfacet
  facet normal -0.689554 0.724235 0
    outer loop
      vertex 39.0176 -43.0493 59
      vertex 41.0829 -41.0829 51
      vertex 39.0176 -43.0493 51
    endloop
  endfacet
  facet normal -0.81681 0.576907 0
    outer loop
      vertex 48.3084 -32.2786 51
      vertex 48.2983 -32.2929 56.5
      vertex 48.3084 -32.2786 59
    endloop
  endfacet
  facet normal -0.818726 0.574185 -1.05971e-05
    outer loop
      vertex 48.3084 -32.2786 51
      vertex 48.2807 -32.318 56.2668
      vertex 48.2983 -32.2929 56.5
    endloop
  endfacet
  facet normal -0.815075 0.579355 4.72825e-05
    outer loop
      vertex 48.3084 -32.2786 51
      vertex 48.2738 -32.3277 56.1765
      vertex 48.2807 -32.318 56.2668
    endloop
  endfacet
  facet normal -0.817212 0.576337 4.36452e-06
    outer loop
      vertex 48.3084 -32.2786 51
      vertex 48.2537 -32.3562 56.0923
      vertex 48.2738 -32.3277 56.1765
    endloop
  endfacet
  facet normal -0.81775 0.575574 -1.30287e-05
    outer loop
      vertex 48.3084 -32.2786 51
      vertex 48.2019 -32.4298 55.875
      vertex 48.2537 -32.3562 56.0923
    endloop
  endfacet
  facet normal -0.817527 0.575891 1.65307e-06
    outer loop
      vertex 48.3084 -32.2786 51
      vertex 48.0875 -32.5922 55.6161
      vertex 48.2019 -32.4298 55.875
    endloop
  endfacet
  facet normal -0.817588 0.575803 -7.21692e-06
    outer loop
      vertex 48.3084 -32.2786 51
      vertex 47.9801 -32.7447 55.473
      vertex 48.0875 -32.5922 55.6161
    endloop
  endfacet
  facet normal -0.818135 0.575026 -0.000128348
    outer loop
      vertex 48.3084 -32.2786 51
      vertex 47.9385 -32.8039 55.4175
      vertex 47.9801 -32.7447 55.473
    endloop
  endfacet
  facet normal -0.817594 0.575795 8.30679e-06
    outer loop
      vertex 48.3084 -32.2786 51
      vertex 47.7649 -33.0504 55.2926
      vertex 47.9385 -32.8039 55.4175
    endloop
  endfacet
  facet normal -0.817314 0.576193 0.000115508
    outer loop
      vertex 48.3084 -32.2786 51
      vertex 47.7128 -33.1243 55.2807
      vertex 47.7649 -33.0504 55.2926
    endloop
  endfacet
  facet normal -0.817655 0.575709 -2.76027e-05
    outer loop
      vertex 48.3084 -32.2786 51
      vertex 47.5786 -33.3149 55.25
      vertex 47.7128 -33.1243 55.2807
    endloop
  endfacet
  facet normal -0.817589 0.575802 6.26257e-06
    outer loop
      vertex 46.6664 -34.6101 51
      vertex 47.5786 -33.3149 55.25
      vertex 48.3084 -32.2786 51
    endloop
  endfacet
  facet normal -0.817667 0.575691 5.67066e-05
    outer loop
      vertex 47.5786 -33.3149 55.25
      vertex 46.6664 -34.6101 51
      vertex 47.5265 -33.3889 55.2619
    endloop
  endfacet
  facet normal -0.817517 0.575904 -3.46398e-05
    outer loop
      vertex 47.5265 -33.3889 55.2619
      vertex 46.6664 -34.6101 51
      vertex 47.3923 -33.5794 55.2926
    endloop
  endfacet
  facet normal -0.817561 0.575841 -1.21098e-05
    outer loop
      vertex 47.3923 -33.5794 55.2926
      vertex 46.6664 -34.6101 51
      vertex 47.3437 -33.6484 55.3275
    endloop
  endfacet
  facet normal -0.817604 0.575781 7.89207e-06
    outer loop
      vertex 47.3437 -33.6484 55.3275
      vertex 46.6664 -34.6101 51
      vertex 47.2187 -33.8259 55.4175
    endloop
  endfacet
  facet normal -0.817654 0.57571 2.69231e-05
    outer loop
      vertex 47.2187 -33.8259 55.4175
      vertex 46.6664 -34.6101 51
      vertex 47.1114 -33.9783 55.5605
    endloop
  endfacet
  facet normal -0.816969 0.576682 -0.000174688
    outer loop
      vertex 47.1114 -33.9783 55.5605
      vertex 46.6664 -34.6101 51
      vertex 47.0696 -34.0375 55.6161
    endloop
  endfacet
  facet normal -0.817908 0.575348 7.28342e-05
    outer loop
      vertex 47.0696 -34.0375 55.6161
      vertex 46.6664 -34.6101 51
      vertex 47.0376 -34.083 55.6886
    endloop
  endfacet
  facet normal -0.817641 0.575728 4.5741e-06
    outer loop
      vertex 46.8657 -34.3271 56.4094
      vertex 46.6664 -34.6101 51
      vertex 46.8588 -34.3369 56.5
    endloop
  endfacet
  facet normal -0.818389 0.574665 8.77686e-05
    outer loop
      vertex 46.8833 -34.302 56.1765
      vertex 46.6664 -34.6101 51
      vertex 46.8657 -34.3271 56.4094
    endloop
  endfacet
  facet normal -0.817624 0.575753 -9.07867e-06
    outer loop
      vertex 46.9552 -34.1999 55.875
      vertex 46.6664 -34.6101 51
      vertex 46.8833 -34.302 56.1765
    endloop
  endfacet
  facet normal -0.817393 0.57608 -5.02817e-05
    outer loop
      vertex 47.0376 -34.083 55.6886
      vertex 46.6664 -34.6101 51
      vertex 46.9552 -34.1999 55.875
    endloop
  endfacet
  facet normal -0.818673 0.57426 2.26705e-05
    outer loop
      vertex 48.2807 -32.318 56.7332
      vertex 48.3084 -32.2786 59
      vertex 48.2983 -32.2929 56.5
    endloop
  endfacet
  facet normal -0.815312 0.579022 -0.000101173
    outer loop
      vertex 48.2738 -32.3277 56.8235
      vertex 48.3084 -32.2786 59
      vertex 48.2807 -32.318 56.7332
    endloop
  endfacet
  facet normal -0.81722 0.576326 -1.00046e-05
    outer loop
      vertex 48.2537 -32.3562 56.9077
      vertex 48.3084 -32.2786 59
      vertex 48.2738 -32.3277 56.8235
    endloop
  endfacet
  facet normal -0.817726 0.575607 2.9865e-05
    outer loop
      vertex 48.2019 -32.4298 57.125
      vertex 48.3084 -32.2786 59
      vertex 48.2537 -32.3562 56.9077
    endloop
  endfacet
  facet normal -0.817529 0.575888 -3.9967e-06
    outer loop
      vertex 48.0875 -32.5922 57.3839
      vertex 48.3084 -32.2786 59
      vertex 48.2019 -32.4298 57.125
    endloop
  endfacet
  facet normal -0.817583 0.57581 1.85501e-05
    outer loop
      vertex 47.9801 -32.7447 57.527
      vertex 48.3084 -32.2786 59
      vertex 48.0875 -32.5922 57.3839
    endloop
  endfacet
  facet normal -0.818046 0.575153 0.000329909
    outer loop
      vertex 47.9385 -32.8039 57.5825
      vertex 48.3084 -32.2786 59
      vertex 47.9801 -32.7447 57.527
    endloop
  endfacet
  facet normal -0.817598 0.57579 -2.31081e-05
    outer loop
      vertex 47.7649 -33.0504 57.7074
      vertex 48.3084 -32.2786 59
      vertex 47.9385 -32.8039 57.5825
    endloop
  endfacet
  facet normal -0.817332 0.576167 -0.000360084
    outer loop
      vertex 47.7128 -33.1243 57.7193
      vertex 48.3084 -32.2786 59
      vertex 47.7649 -33.0504 57.7074
    endloop
  endfacet
  facet normal -0.81765 0.575715 8.60447e-05
    outer loop
      vertex 47.5786 -33.3149 57.75
      vertex 48.3084 -32.2786 59
      vertex 47.7128 -33.1243 57.7193
    endloop
  endfacet
  facet normal -0.817658 0.575704 -0.000173362
    outer loop
      vertex 46.6664 -34.6101 59
      vertex 47.5786 -33.3149 57.75
      vertex 47.5265 -33.3889 57.7381
    endloop
  endfacet
  facet normal -0.817523 0.575896 0.000105881
    outer loop
      vertex 46.6664 -34.6101 59
      vertex 47.5265 -33.3889 57.7381
      vertex 47.3923 -33.5794 57.7074
    endloop
  endfacet
  facet normal -0.817566 0.575835 3.21381e-05
    outer loop
      vertex 46.6664 -34.6101 59
      vertex 47.3923 -33.5794 57.7074
      vertex 47.3437 -33.6484 57.6725
    endloop
  endfacet
  facet normal -0.817601 0.575786 -2.09359e-05
    outer loop
      vertex 46.6664 -34.6101 59
      vertex 47.3437 -33.6484 57.6725
      vertex 47.2187 -33.8259 57.5825
    endloop
  endfacet
  facet normal -0.817076 0.576529 0.000418055
    outer loop
      vertex 46.6664 -34.6101 59
      vertex 47.1114 -33.9783 57.4395
      vertex 47.0696 -34.0375 57.3839
    endloop
  endfacet
  facet normal -0.817589 0.575802 -2.12927e-05
    outer loop
      vertex 47.5786 -33.3149 57.75
      vertex 46.6664 -34.6101 59
      vertex 48.3084 -32.2786 59
    endloop
  endfacet
  facet normal -0.817638 0.575733 -6.44308e-05
    outer loop
      vertex 47.1114 -33.9783 57.4395
      vertex 46.6664 -34.6101 59
      vertex 47.2187 -33.8259 57.5825
    endloop
  endfacet
  facet normal -0.817844 0.57544 -0.000159238
    outer loop
      vertex 47.0376 -34.083 57.3114
      vertex 46.6664 -34.6101 59
      vertex 47.0696 -34.0375 57.3839
    endloop
  endfacet
  facet normal -0.817438 0.576017 0.000109932
    outer loop
      vertex 46.9552 -34.1999 57.125
      vertex 46.6664 -34.6101 59
      vertex 47.0376 -34.083 57.3114
    endloop
  endfacet
  facet normal -0.817636 0.575736 1.79037e-05
    outer loop
      vertex 46.8833 -34.302 56.8235
      vertex 46.6664 -34.6101 59
      vertex 46.9552 -34.1999 57.125
    endloop
  endfacet
  facet normal -0.818161 0.57499 -0.000140021
    outer loop
      vertex 46.8657 -34.3271 56.5906
      vertex 46.6664 -34.6101 59
      vertex 46.8833 -34.302 56.8235
    endloop
  endfacet
  facet normal -0.817629 0.575745 -7.30442e-06
    outer loop
      vertex 46.8588 -34.3369 56.5
      vertex 46.6664 -34.6101 59
      vertex 46.8657 -34.3271 56.5906
    endloop
  endfacet
  facet normal -0.817598 0.57579 0
    outer loop
      vertex 46.6664 -34.6101 59
      vertex 46.8588 -34.3369 56.5
      vertex 46.6664 -34.6101 51
    endloop
  endfacet
  facet normal -0.757228 0.65315 0
    outer loop
      vertex 43.0493 -39.0176 51
      vertex 44.9119 -36.8582 59
      vertex 44.9119 -36.8582 51
    endloop
  endfacet
  facet normal -0.757228 0.65315 0
    outer loop
      vertex 44.9119 -36.8582 59
      vertex 43.0493 -39.0176 51
      vertex 43.0493 -39.0176 59
    endloop
  endfacet
  facet normal 0.0245469 0.999699 -0
    outer loop
      vertex 0 -58.1 51
      vertex -2.85083 -58.03 59
      vertex 0 -58.1 59
    endloop
  endfacet
  facet normal 0.0245469 0.999699 0
    outer loop
      vertex -2.85083 -58.03 59
      vertex 0 -58.1 51
      vertex -2.85083 -58.03 51
    endloop
  endfacet
  facet normal -0.266718 0.963775 0
    outer loop
      vertex 16.8655 -55.5982 51
      vertex 14.1171 -56.3588 59
      vertex 16.8655 -55.5982 59
    endloop
  endfacet
  facet normal -0.266718 0.963775 0
    outer loop
      vertex 14.1171 -56.3588 59
      vertex 16.8655 -55.5982 51
      vertex 14.1171 -56.3588 51
    endloop
  endfacet
  facet normal -0.219098 0.975703 0
    outer loop
      vertex 14.1171 -56.3588 51
      vertex 11.3347 -56.9836 59
      vertex 14.1171 -56.3588 59
    endloop
  endfacet
  facet normal -0.219098 0.975703 0
    outer loop
      vertex 11.3347 -56.9836 59
      vertex 14.1171 -56.3588 51
      vertex 11.3347 -56.9836 51
    endloop
  endfacet
  facet normal -0.122384 0.992483 0
    outer loop
      vertex 8.52504 -57.4712 51
      vertex 5.6948 -57.8202 59
      vertex 8.52504 -57.4712 59
    endloop
  endfacet
  facet normal -0.122384 0.992483 0
    outer loop
      vertex 5.6948 -57.8202 59
      vertex 8.52504 -57.4712 51
      vertex 5.6948 -57.8202 51
    endloop
  endfacet
  facet normal -0.359893 0.932994 0
    outer loop
      vertex 22.2339 -53.6774 51
      vertex 19.5733 -54.7037 59
      vertex 22.2339 -53.6774 59
    endloop
  endfacet
  facet normal -0.359893 0.932994 0
    outer loop
      vertex 19.5733 -54.7037 59
      vertex 22.2339 -53.6774 51
      vertex 19.5733 -54.7037 51
    endloop
  endfacet
  facet normal -0.492888 0.870093 0
    outer loop
      vertex 29.8694 -49.834 51
      vertex 27.3881 -51.2396 59
      vertex 29.8694 -49.834 59
    endloop
  endfacet
  facet normal -0.492888 0.870093 0
    outer loop
      vertex 27.3881 -51.2396 59
      vertex 29.8694 -49.834 51
      vertex 27.3881 -51.2396 51
    endloop
  endfacet
  facet normal -0.65315 0.757228 0
    outer loop
      vertex 39.0176 -43.0493 51
      vertex 36.8582 -44.9119 59
      vertex 39.0176 -43.0493 59
    endloop
  endfacet
  facet normal -0.65315 0.757228 0
    outer loop
      vertex 36.8582 -44.9119 59
      vertex 39.0176 -43.0493 51
      vertex 36.8582 -44.9119 51
    endloop
  endfacet
  facet normal -0.615246 0.788335 0
    outer loop
      vertex 36.8582 -44.9119 51
      vertex 34.6101 -46.6664 59
      vertex 36.8582 -44.9119 59
    endloop
  endfacet
  facet normal -0.615246 0.788335 0
    outer loop
      vertex 34.6101 -46.6664 59
      vertex 36.8582 -44.9119 51
      vertex 34.6101 -46.6664 51
    endloop
  endfacet
  facet normal -0.534995 0.844855 0
    outer loop
      vertex 32.2786 -48.3084 51
      vertex 29.8694 -49.834 59
      vertex 32.2786 -48.3084 59
    endloop
  endfacet
  facet normal -0.534995 0.844855 0
    outer loop
      vertex 29.8694 -49.834 59
      vertex 32.2786 -48.3084 51
      vertex 29.8694 -49.834 51
    endloop
  endfacet
  facet normal 0.999699 0.0245469 0
    outer loop
      vertex -58.03 -2.85083 56
      vertex -58.1 0 51
      vertex -58.1 0 56
    endloop
  endfacet
  facet normal 0.999699 0.0245469 0
    outer loop
      vertex -58.1 0 51
      vertex -58.03 -2.85083 56
      vertex -58.03 -2.85083 51
    endloop
  endfacet
  facet normal 0.932994 0.359893 0
    outer loop
      vertex -53.6774 -22.2339 59
      vertex -54.7037 -19.5733 51
      vertex -54.7037 -19.5733 59
    endloop
  endfacet
  facet normal 0.932994 0.359893 0
    outer loop
      vertex -54.7037 -19.5733 51
      vertex -53.6774 -22.2339 59
      vertex -53.6774 -22.2339 51
    endloop
  endfacet
  facet normal 0.985273 0.170988 0
    outer loop
      vertex -56.9836 -11.3347 56
      vertex -57.4712 -8.52504 51
      vertex -57.4712 -8.52504 56
    endloop
  endfacet
  facet normal 0.985273 0.170988 0
    outer loop
      vertex -57.4712 -8.52504 51
      vertex -56.9836 -11.3347 56
      vertex -56.9836 -11.3347 51
    endloop
  endfacet
  facet normal 0.975703 0.219097 0
    outer loop
      vertex -56.3851 -14 56
      vertex -56.9836 -11.3347 51
      vertex -56.9836 -11.3347 56
    endloop
  endfacet
  facet normal 0.975703 0.219098 9.14546e-07
    outer loop
      vertex -56.3851 -14 56
      vertex -56.3588 -14.1171 51
      vertex -56.9836 -11.3347 51
    endloop
  endfacet
  facet normal 0.975694 0.219135 -0
    outer loop
      vertex -56.3588 -14.1171 51
      vertex -56.3851 -14 56
      vertex -56.3588 -14.1171 59
    endloop
  endfacet
  facet normal 0.975694 0.219135 0
    outer loop
      vertex -56.3851 -14 59
      vertex -56.3588 -14.1171 59
      vertex -56.3851 -14 56
    endloop
  endfacet
  facet normal 0.992483 0.122384 0
    outer loop
      vertex -57.4712 -8.52504 56
      vertex -57.8202 -5.6948 51
      vertex -57.8202 -5.6948 56
    endloop
  endfacet
  facet normal 0.992483 0.122384 0
    outer loop
      vertex -57.8202 -5.6948 51
      vertex -57.4712 -8.52504 56
      vertex -57.4712 -8.52504 51
    endloop
  endfacet
  facet normal 0.914216 0.405227 0
    outer loop
      vertex -52.5218 -24.841 59
      vertex -53.6774 -22.2339 51
      vertex -53.6774 -22.2339 59
    endloop
  endfacet
  facet normal 0.914216 0.405227 0
    outer loop
      vertex -53.6774 -22.2339 51
      vertex -52.5218 -24.841 59
      vertex -52.5218 -24.841 51
    endloop
  endfacet
  facet normal 0.844855 0.534995 0
    outer loop
      vertex -48.3084 -32.2786 59
      vertex -49.834 -29.8694 51
      vertex -49.834 -29.8694 59
    endloop
  endfacet
  facet normal 0.844855 0.534995 0
    outer loop
      vertex -49.834 -29.8694 51
      vertex -48.3084 -32.2786 59
      vertex -48.3084 -32.2786 51
    endloop
  endfacet
  facet normal 0.870093 0.492888 0
    outer loop
      vertex -49.834 -29.8694 59
      vertex -51.2396 -27.3881 51
      vertex -51.2396 -27.3881 59
    endloop
  endfacet
  facet normal 0.870093 0.492888 0
    outer loop
      vertex -51.2396 -27.3881 51
      vertex -49.834 -29.8694 59
      vertex -49.834 -29.8694 51
    endloop
  endfacet
  facet normal 0.724235 0.689554 0
    outer loop
      vertex -41.0829 -41.0829 59
      vertex -43.0493 -39.0176 51
      vertex -43.0493 -39.0176 59
    endloop
  endfacet
  facet normal 0.724235 0.689554 0
    outer loop
      vertex -43.0493 -39.0176 51
      vertex -41.0829 -41.0829 59
      vertex -41.0829 -41.0829 51
    endloop
  endfacet
  facet normal 0.757228 0.65315 0
    outer loop
      vertex -43.0493 -39.0176 59
      vertex -44.9119 -36.8582 51
      vertex -44.9119 -36.8582 59
    endloop
  endfacet
  facet normal 0.757228 0.65315 0
    outer loop
      vertex -44.9119 -36.8582 51
      vertex -43.0493 -39.0176 59
      vertex -43.0493 -39.0176 51
    endloop
  endfacet
  facet normal 0.81681 0.576907 0
    outer loop
      vertex -48.3084 -32.2786 59
      vertex -48.2983 -32.2929 56.5
      vertex -48.3084 -32.2786 51
    endloop
  endfacet
  facet normal 0.818673 0.57426 2.26705e-05
    outer loop
      vertex -48.3084 -32.2786 59
      vertex -48.2807 -32.318 56.7332
      vertex -48.2983 -32.2929 56.5
    endloop
  endfacet
  facet normal 0.815312 0.579022 -0.000101173
    outer loop
      vertex -48.3084 -32.2786 59
      vertex -48.2738 -32.3277 56.8235
      vertex -48.2807 -32.318 56.7332
    endloop
  endfacet
  facet normal 0.81722 0.576326 -1.00046e-05
    outer loop
      vertex -48.3084 -32.2786 59
      vertex -48.2537 -32.3562 56.9077
      vertex -48.2738 -32.3277 56.8235
    endloop
  endfacet
  facet normal 0.817726 0.575607 2.9865e-05
    outer loop
      vertex -48.3084 -32.2786 59
      vertex -48.2019 -32.4298 57.125
      vertex -48.2537 -32.3562 56.9077
    endloop
  endfacet
  facet normal 0.817529 0.575888 -3.9967e-06
    outer loop
      vertex -48.3084 -32.2786 59
      vertex -48.0875 -32.5922 57.3839
      vertex -48.2019 -32.4298 57.125
    endloop
  endfacet
  facet normal 0.817583 0.57581 1.85501e-05
    outer loop
      vertex -48.3084 -32.2786 59
      vertex -47.9801 -32.7447 57.527
      vertex -48.0875 -32.5922 57.3839
    endloop
  endfacet
  facet normal 0.818046 0.575153 0.000329909
    outer loop
      vertex -48.3084 -32.2786 59
      vertex -47.9385 -32.8039 57.5825
      vertex -47.9801 -32.7447 57.527
    endloop
  endfacet
  facet normal 0.817598 0.57579 -2.31081e-05
    outer loop
      vertex -48.3084 -32.2786 59
      vertex -47.7649 -33.0504 57.7074
      vertex -47.9385 -32.8039 57.5825
    endloop
  endfacet
  facet normal 0.817332 0.576167 -0.000360084
    outer loop
      vertex -48.3084 -32.2786 59
      vertex -47.7128 -33.1243 57.7193
      vertex -47.7649 -33.0504 57.7074
    endloop
  endfacet
  facet normal 0.81765 0.575715 8.60447e-05
    outer loop
      vertex -48.3084 -32.2786 59
      vertex -47.5786 -33.3149 57.75
      vertex -47.7128 -33.1243 57.7193
    endloop
  endfacet
  facet normal 0.817589 0.575802 -2.12927e-05
    outer loop
      vertex -46.6664 -34.6101 59
      vertex -47.5786 -33.3149 57.75
      vertex -48.3084 -32.2786 59
    endloop
  endfacet
  facet normal 0.817658 0.575704 -0.000173362
    outer loop
      vertex -47.5786 -33.3149 57.75
      vertex -46.6664 -34.6101 59
      vertex -47.5265 -33.3889 57.7381
    endloop
  endfacet
  facet normal 0.817523 0.575896 0.000105881
    outer loop
      vertex -47.5265 -33.3889 57.7381
      vertex -46.6664 -34.6101 59
      vertex -47.3923 -33.5794 57.7074
    endloop
  endfacet
  facet normal 0.817566 0.575835 3.21381e-05
    outer loop
      vertex -47.3923 -33.5794 57.7074
      vertex -46.6664 -34.6101 59
      vertex -47.3437 -33.6484 57.6725
    endloop
  endfacet
  facet normal 0.817638 0.575733 -6.44308e-05
    outer loop
      vertex -46.6664 -34.6101 59
      vertex -47.1114 -33.9783 57.4395
      vertex -47.2187 -33.8259 57.5825
    endloop
  endfacet
  facet normal 0.817629 0.575745 -7.30442e-06
    outer loop
      vertex -46.8657 -34.3271 56.5906
      vertex -46.6664 -34.6101 59
      vertex -46.8588 -34.3369 56.5
    endloop
  endfacet
  facet normal 0.818161 0.57499 -0.000140021
    outer loop
      vertex -46.8833 -34.302 56.8235
      vertex -46.6664 -34.6101 59
      vertex -46.8657 -34.3271 56.5906
    endloop
  endfacet
  facet normal 0.817636 0.575736 1.79037e-05
    outer loop
      vertex -46.9552 -34.1999 57.125
      vertex -46.6664 -34.6101 59
      vertex -46.8833 -34.302 56.8235
    endloop
  endfacet
  facet normal 0.817438 0.576017 0.000109932
    outer loop
      vertex -47.0376 -34.083 57.3114
      vertex -46.6664 -34.6101 59
      vertex -46.9552 -34.1999 57.125
    endloop
  endfacet
  facet normal 0.817844 0.57544 -0.000159238
    outer loop
      vertex -47.0696 -34.0375 57.3839
      vertex -46.6664 -34.6101 59
      vertex -47.0376 -34.083 57.3114
    endloop
  endfacet
  facet normal 0.817076 0.576529 0.000418055
    outer loop
      vertex -47.1114 -33.9783 57.4395
      vertex -46.6664 -34.6101 59
      vertex -47.0696 -34.0375 57.3839
    endloop
  endfacet
  facet normal 0.817601 0.575786 -2.09359e-05
    outer loop
      vertex -47.3437 -33.6484 57.6725
      vertex -46.6664 -34.6101 59
      vertex -47.2187 -33.8259 57.5825
    endloop
  endfacet
  facet normal 0.818726 0.574185 -1.05971e-05
    outer loop
      vertex -48.2807 -32.318 56.2668
      vertex -48.3084 -32.2786 51
      vertex -48.2983 -32.2929 56.5
    endloop
  endfacet
  facet normal 0.815075 0.579355 4.72825e-05
    outer loop
      vertex -48.2738 -32.3277 56.1765
      vertex -48.3084 -32.2786 51
      vertex -48.2807 -32.318 56.2668
    endloop
  endfacet
  facet normal 0.817212 0.576337 4.36452e-06
    outer loop
      vertex -48.2537 -32.3562 56.0923
      vertex -48.3084 -32.2786 51
      vertex -48.2738 -32.3277 56.1765
    endloop
  endfacet
  facet normal 0.81775 0.575574 -1.30287e-05
    outer loop
      vertex -48.2019 -32.4298 55.875
      vertex -48.3084 -32.2786 51
      vertex -48.2537 -32.3562 56.0923
    endloop
  endfacet
  facet normal 0.817527 0.575891 1.65307e-06
    outer loop
      vertex -48.0875 -32.5922 55.6161
      vertex -48.3084 -32.2786 51
      vertex -48.2019 -32.4298 55.875
    endloop
  endfacet
  facet normal 0.817588 0.575803 -7.21692e-06
    outer loop
      vertex -47.9801 -32.7447 55.473
      vertex -48.3084 -32.2786 51
      vertex -48.0875 -32.5922 55.6161
    endloop
  endfacet
  facet normal 0.818135 0.575026 -0.000128348
    outer loop
      vertex -47.9385 -32.8039 55.4175
      vertex -48.3084 -32.2786 51
      vertex -47.9801 -32.7447 55.473
    endloop
  endfacet
  facet normal 0.817594 0.575795 8.30679e-06
    outer loop
      vertex -47.7649 -33.0504 55.2926
      vertex -48.3084 -32.2786 51
      vertex -47.9385 -32.8039 55.4175
    endloop
  endfacet
  facet normal 0.817314 0.576193 0.000115508
    outer loop
      vertex -47.7128 -33.1243 55.2807
      vertex -48.3084 -32.2786 51
      vertex -47.7649 -33.0504 55.2926
    endloop
  endfacet
  facet normal 0.817655 0.575709 -2.76027e-05
    outer loop
      vertex -47.5786 -33.3149 55.25
      vertex -48.3084 -32.2786 51
      vertex -47.7128 -33.1243 55.2807
    endloop
  endfacet
  facet normal 0.817667 0.575691 5.67066e-05
    outer loop
      vertex -46.6664 -34.6101 51
      vertex -47.5786 -33.3149 55.25
      vertex -47.5265 -33.3889 55.2619
    endloop
  endfacet
  facet normal 0.817517 0.575904 -3.46398e-05
    outer loop
      vertex -46.6664 -34.6101 51
      vertex -47.5265 -33.3889 55.2619
      vertex -47.3923 -33.5794 55.2926
    endloop
  endfacet
  facet normal 0.817561 0.575841 -1.21098e-05
    outer loop
      vertex -46.6664 -34.6101 51
      vertex -47.3923 -33.5794 55.2926
      vertex -47.3437 -33.6484 55.3275
    endloop
  endfacet
  facet normal 0.817604 0.575781 7.89207e-06
    outer loop
      vertex -46.6664 -34.6101 51
      vertex -47.3437 -33.6484 55.3275
      vertex -47.2187 -33.8259 55.4175
    endloop
  endfacet
  facet normal 0.817654 0.57571 2.69231e-05
    outer loop
      vertex -46.6664 -34.6101 51
      vertex -47.2187 -33.8259 55.4175
      vertex -47.1114 -33.9783 55.5605
    endloop
  endfacet
  facet normal 0.816969 0.576682 -0.000174688
    outer loop
      vertex -46.6664 -34.6101 51
      vertex -47.1114 -33.9783 55.5605
      vertex -47.0696 -34.0375 55.6161
    endloop
  endfacet
  facet normal 0.817908 0.575348 7.28342e-05
    outer loop
      vertex -46.6664 -34.6101 51
      vertex -47.0696 -34.0375 55.6161
      vertex -47.0376 -34.083 55.6886
    endloop
  endfacet
  facet normal 0.817393 0.57608 -5.02817e-05
    outer loop
      vertex -46.6664 -34.6101 51
      vertex -47.0376 -34.083 55.6886
      vertex -46.9552 -34.1999 55.875
    endloop
  endfacet
  facet normal 0.817598 0.57579 -0
    outer loop
      vertex -46.6664 -34.6101 51
      vertex -46.8588 -34.3369 56.5
      vertex -46.6664 -34.6101 59
    endloop
  endfacet
  facet normal 0.817641 0.575728 4.5741e-06
    outer loop
      vertex -46.8588 -34.3369 56.5
      vertex -46.6664 -34.6101 51
      vertex -46.8657 -34.3271 56.4094
    endloop
  endfacet
  facet normal 0.817589 0.575802 6.26257e-06
    outer loop
      vertex -47.5786 -33.3149 55.25
      vertex -46.6664 -34.6101 51
      vertex -48.3084 -32.2786 51
    endloop
  endfacet
  facet normal 0.817624 0.575753 -9.07867e-06
    outer loop
      vertex -46.8833 -34.302 56.1765
      vertex -46.6664 -34.6101 51
      vertex -46.9552 -34.1999 55.875
    endloop
  endfacet
  facet normal 0.818389 0.574665 8.77686e-05
    outer loop
      vertex -46.8657 -34.3271 56.4094
      vertex -46.6664 -34.6101 51
      vertex -46.8833 -34.302 56.1765
    endloop
  endfacet
  facet normal 0.359893 0.932994 -0
    outer loop
      vertex -19.5733 -54.7037 51
      vertex -22.2339 -53.6774 59
      vertex -19.5733 -54.7037 59
    endloop
  endfacet
  facet normal 0.359893 0.932994 0
    outer loop
      vertex -22.2339 -53.6774 59
      vertex -19.5733 -54.7037 51
      vertex -22.2339 -53.6774 51
    endloop
  endfacet
  facet normal 0.219098 0.975703 -0
    outer loop
      vertex -11.3347 -56.9836 51
      vertex -14.1171 -56.3588 59
      vertex -11.3347 -56.9836 59
    endloop
  endfacet
  facet normal 0.219098 0.975703 0
    outer loop
      vertex -14.1171 -56.3588 59
      vertex -11.3347 -56.9836 51
      vertex -14.1171 -56.3588 51
    endloop
  endfacet
  facet normal 0.266718 0.963775 -0
    outer loop
      vertex -14.1171 -56.3588 51
      vertex -16.8655 -55.5982 59
      vertex -14.1171 -56.3588 59
    endloop
  endfacet
  facet normal 0.266718 0.963775 0
    outer loop
      vertex -16.8655 -55.5982 59
      vertex -14.1171 -56.3588 51
      vertex -16.8655 -55.5982 51
    endloop
  endfacet
  facet normal 0.0735702 0.99729 -0
    outer loop
      vertex -2.85083 -58.03 51
      vertex -5.6948 -57.8202 59
      vertex -2.85083 -58.03 59
    endloop
  endfacet
  facet normal 0.0735702 0.99729 0
    outer loop
      vertex -5.6948 -57.8202 59
      vertex -2.85083 -58.03 51
      vertex -5.6948 -57.8202 51
    endloop
  endfacet
  facet normal 0.122384 0.992483 -0
    outer loop
      vertex -5.6948 -57.8202 51
      vertex -8.52504 -57.4712 59
      vertex -5.6948 -57.8202 59
    endloop
  endfacet
  facet normal 0.122384 0.992483 0
    outer loop
      vertex -8.52504 -57.4712 59
      vertex -5.6948 -57.8202 51
      vertex -8.52504 -57.4712 51
    endloop
  endfacet
  facet normal 0.405227 0.914216 -0
    outer loop
      vertex -22.2339 -53.6774 51
      vertex -24.841 -52.5218 59
      vertex -22.2339 -53.6774 59
    endloop
  endfacet
  facet normal 0.405227 0.914216 0
    outer loop
      vertex -24.841 -52.5218 59
      vertex -22.2339 -53.6774 51
      vertex -24.841 -52.5218 51
    endloop
  endfacet
  facet normal 0.449639 0.893211 -0
    outer loop
      vertex -24.841 -52.5218 51
      vertex -27.3881 -51.2396 59
      vertex -24.841 -52.5218 59
    endloop
  endfacet
  facet normal 0.449639 0.893211 0
    outer loop
      vertex -27.3881 -51.2396 59
      vertex -24.841 -52.5218 51
      vertex -27.3881 -51.2396 51
    endloop
  endfacet
  facet normal 0.534995 0.844855 -0
    outer loop
      vertex -29.8694 -49.834 51
      vertex -32.2786 -48.3084 59
      vertex -29.8694 -49.834 59
    endloop
  endfacet
  facet normal 0.534995 0.844855 0
    outer loop
      vertex -32.2786 -48.3084 59
      vertex -29.8694 -49.834 51
      vertex -32.2786 -48.3084 51
    endloop
  endfacet
  facet normal 0.689554 0.724235 -0
    outer loop
      vertex -39.0176 -43.0493 51
      vertex -41.0829 -41.0829 59
      vertex -39.0176 -43.0493 59
    endloop
  endfacet
  facet normal 0.689554 0.724235 0
    outer loop
      vertex -41.0829 -41.0829 59
      vertex -39.0176 -43.0493 51
      vertex -41.0829 -41.0829 51
    endloop
  endfacet
  facet normal -0.999699 0.0245469 0
    outer loop
      vertex 58.03 -2.85083 51
      vertex 58.1 0 59
      vertex 58.1 0 51
    endloop
  endfacet
  facet normal -0.999699 0.0245469 0
    outer loop
      vertex 58.1 0 59
      vertex 58.03 -2.85083 51
      vertex 58.03 -2.85083 59
    endloop
  endfacet
  facet normal 0.949532 -0.31367 0
    outer loop
      vertex -55.5982 16.8655 59
      vertex -54.7037 19.5733 51
      vertex -54.7037 19.5733 59
    endloop
  endfacet
  facet normal 0.949532 -0.31367 0
    outer loop
      vertex -54.7037 19.5733 51
      vertex -55.5982 16.8655 59
      vertex -55.5982 16.8655 51
    endloop
  endfacet
  facet normal 0.992483 -0.122384 0
    outer loop
      vertex -57.8202 5.6948 56
      vertex -57.4712 8.52504 51
      vertex -57.4712 8.52504 56
    endloop
  endfacet
  facet normal 0.992483 -0.122384 0
    outer loop
      vertex -57.4712 8.52504 51
      vertex -57.8202 5.6948 56
      vertex -57.8202 5.6948 51
    endloop
  endfacet
  facet normal 0.757228 -0.65315 0
    outer loop
      vertex -44.9119 36.8582 59
      vertex -43.0493 39.0176 51
      vertex -43.0493 39.0176 59
    endloop
  endfacet
  facet normal 0.757228 -0.65315 0
    outer loop
      vertex -43.0493 39.0176 51
      vertex -44.9119 36.8582 59
      vertex -44.9119 36.8582 51
    endloop
  endfacet
  facet normal 0.844855 -0.534995 0
    outer loop
      vertex -49.834 29.8694 59
      vertex -48.3084 32.2786 51
      vertex -48.3084 32.2786 59
    endloop
  endfacet
  facet normal 0.844855 -0.534995 0
    outer loop
      vertex -48.3084 32.2786 51
      vertex -49.834 29.8694 59
      vertex -49.834 29.8694 51
    endloop
  endfacet
  facet normal -0.0735702 -0.99729 0
    outer loop
      vertex 2.85083 58.03 51
      vertex 5.6948 57.8202 59
      vertex 2.85083 58.03 59
    endloop
  endfacet
  facet normal -0.0735702 -0.99729 -0
    outer loop
      vertex 5.6948 57.8202 59
      vertex 2.85083 58.03 51
      vertex 5.6948 57.8202 51
    endloop
  endfacet
  facet normal -0.914216 0.405227 0
    outer loop
      vertex 52.5218 -24.841 51
      vertex 53.6774 -22.2339 59
      vertex 53.6774 -22.2339 51
    endloop
  endfacet
  facet normal -0.914216 0.405227 0
    outer loop
      vertex 53.6774 -22.2339 59
      vertex 52.5218 -24.841 51
      vertex 52.5218 -24.841 59
    endloop
  endfacet
  facet normal -0.932994 0.359893 0
    outer loop
      vertex 53.6774 -22.2339 51
      vertex 54.7037 -19.5733 59
      vertex 54.7037 -19.5733 51
    endloop
  endfacet
  facet normal -0.932994 0.359893 0
    outer loop
      vertex 54.7037 -19.5733 59
      vertex 53.6774 -22.2339 51
      vertex 53.6774 -22.2339 59
    endloop
  endfacet
  facet normal -0.975703 0.219098 0
    outer loop
      vertex 56.3588 -14.1171 51
      vertex 56.9836 -11.3347 59
      vertex 56.9836 -11.3347 51
    endloop
  endfacet
  facet normal -0.975703 0.219098 0
    outer loop
      vertex 56.9836 -11.3347 59
      vertex 56.3588 -14.1171 51
      vertex 56.3588 -14.1171 59
    endloop
  endfacet
  facet normal -0.724235 0.689554 0
    outer loop
      vertex 41.0829 -41.0829 51
      vertex 43.0493 -39.0176 59
      vertex 43.0493 -39.0176 51
    endloop
  endfacet
  facet normal -0.724235 0.689554 0
    outer loop
      vertex 43.0493 -39.0176 59
      vertex 41.0829 -41.0829 51
      vertex 41.0829 -41.0829 59
    endloop
  endfacet
  facet normal -0.788335 0.615246 0
    outer loop
      vertex 44.9119 -36.8582 51
      vertex 46.6664 -34.6101 59
      vertex 46.6664 -34.6101 51
    endloop
  endfacet
  facet normal -0.788335 0.615246 0
    outer loop
      vertex 46.6664 -34.6101 59
      vertex 44.9119 -36.8582 51
      vertex 44.9119 -36.8582 59
    endloop
  endfacet
  facet normal -0.0245469 0.999699 0
    outer loop
      vertex 2.85083 -58.03 51
      vertex 0 -58.1 59
      vertex 2.85083 -58.03 59
    endloop
  endfacet
  facet normal -0.0245469 0.999699 0
    outer loop
      vertex 0 -58.1 59
      vertex 2.85083 -58.03 51
      vertex 0 -58.1 51
    endloop
  endfacet
  facet normal -0.31367 0.949532 0
    outer loop
      vertex 19.5733 -54.7037 51
      vertex 16.8655 -55.5982 59
      vertex 19.5733 -54.7037 59
    endloop
  endfacet
  facet normal -0.31367 0.949532 0
    outer loop
      vertex 16.8655 -55.5982 59
      vertex 19.5733 -54.7037 51
      vertex 16.8655 -55.5982 51
    endloop
  endfacet
  facet normal -0.405227 0.914216 0
    outer loop
      vertex 24.841 -52.5218 51
      vertex 22.2339 -53.6774 59
      vertex 24.841 -52.5218 59
    endloop
  endfacet
  facet normal -0.405227 0.914216 0
    outer loop
      vertex 22.2339 -53.6774 59
      vertex 24.841 -52.5218 51
      vertex 22.2339 -53.6774 51
    endloop
  endfacet
  facet normal 0 0 1
    outer loop
      vertex 42.25 0 51
      vertex 58.1 0 51
      vertex 58.03 2.85083 51
    endloop
  endfacet
  facet normal 0 0 1
    outer loop
      vertex 42.1991 2.07311 51
      vertex 58.03 2.85083 51
      vertex 57.8202 5.6948 51
    endloop
  endfacet
  facet normal 0 0 1
    outer loop
      vertex 58.1 0 51
      vertex 42.25 0 51
      vertex 58.03 -2.85083 51
    endloop
  endfacet
  facet normal 0 0 1
    outer loop
      vertex 42.0466 4.14122 51
      vertex 57.8202 5.6948 51
      vertex 57.4712 8.52504 51
    endloop
  endfacet
  facet normal -0 0 1
    outer loop
      vertex 42.1991 -2.07311 51
      vertex 58.03 -2.85083 51
      vertex 42.25 0 51
    endloop
  endfacet
  facet normal 0 0 1
    outer loop
      vertex 41.7927 6.19936 51
      vertex 57.4712 8.52504 51
      vertex 56.9836 11.3347 51
    endloop
  endfacet
  facet normal 0 0 1
    outer loop
      vertex 58.03 -2.85083 51
      vertex 42.1991 -2.07311 51
      vertex 57.8202 -5.6948 51
    endloop
  endfacet
  facet normal 0 0 1
    outer loop
      vertex 41.4382 8.24257 51
      vertex 56.9836 11.3347 51
      vertex 56.3588 14.1171 51
    endloop
  endfacet
  facet normal -0 0 1
    outer loop
      vertex 42.0466 -4.14122 51
      vertex 57.8202 -5.6948 51
      vertex 42.1991 -2.07311 51
    endloop
  endfacet
  facet normal 0 0 1
    outer loop
      vertex 40.9838 10.2659 51
      vertex 56.3588 14.1171 51
      vertex 55.5982 16.8655 51
    endloop
  endfacet
  facet normal 0 0 1
    outer loop
      vertex 57.8202 -5.6948 51
      vertex 42.0466 -4.14122 51
      vertex 57.4712 -8.52504 51
    endloop
  endfacet
  facet normal 0 0 1
    outer loop
      vertex 40.4307 12.2645 51
      vertex 55.5982 16.8655 51
      vertex 54.7037 19.5733 51
    endloop
  endfacet
  facet normal -0 0 1
    outer loop
      vertex 41.7927 -6.19936 51
      vertex 57.4712 -8.52504 51
      vertex 42.0466 -4.14122 51
    endloop
  endfacet
  facet normal 0 0 1
    outer loop
      vertex 39.7802 14.2336 51
      vertex 54.7037 19.5733 51
      vertex 53.6774 22.2339 51
    endloop
  endfacet
  facet normal 0 0 1
    outer loop
      vertex 57.4712 -8.52504 51
      vertex 41.7927 -6.19936 51
      vertex 56.9836 -11.3347 51
    endloop
  endfacet
  facet normal 0 0 1
    outer loop
      vertex 39.0339 16.1684 51
      vertex 53.6774 22.2339 51
      vertex 52.5218 24.841 51
    endloop
  endfacet
  facet normal -0 0 1
    outer loop
      vertex 41.4382 -8.24257 51
      vertex 56.9836 -11.3347 51
      vertex 41.7927 -6.19936 51
    endloop
  endfacet
  facet normal 0 0 1
    outer loop
      vertex 38.1935 18.0642 51
      vertex 52.5218 24.841 51
      vertex 51.2396 27.3881 51
    endloop
  endfacet
  facet normal 0 0 1
    outer loop
      vertex 56.9836 -11.3347 51
      vertex 41.4382 -8.24257 51
      vertex 56.3588 -14.1171 51
    endloop
  endfacet
  facet normal 0 0 1
    outer loop
      vertex 37.2612 19.9165 51
      vertex 51.2396 27.3881 51
      vertex 49.834 29.8694 51
    endloop
  endfacet
  facet normal -0 0 1
    outer loop
      vertex 40.9838 -10.2659 51
      vertex 56.3588 -14.1171 51
      vertex 41.4382 -8.24257 51
    endloop
  endfacet
  facet normal 0 0 1
    outer loop
      vertex 36.239 21.7208 51
      vertex 49.834 29.8694 51
      vertex 48.3084 32.2786 51
    endloop
  endfacet
  facet normal 0 0 1
    outer loop
      vertex 56.3588 -14.1171 51
      vertex 40.9838 -10.2659 51
      vertex 55.5982 -16.8655 51
    endloop
  endfacet
  facet normal 0 0 1
    outer loop
      vertex 35.1296 23.4728 51
      vertex 48.3084 32.2786 51
      vertex 46.6664 34.6101 51
    endloop
  endfacet
  facet normal -0 0 1
    outer loop
      vertex 40.4307 -12.2645 51
      vertex 55.5982 -16.8655 51
      vertex 40.9838 -10.2659 51
    endloop
  endfacet
  facet normal 0 0 1
    outer loop
      vertex 33.9355 25.1683 51
      vertex 46.6664 34.6101 51
      vertex 44.9119 36.8582 51
    endloop
  endfacet
  facet normal 0 0 1
    outer loop
      vertex 55.5982 -16.8655 51
      vertex 40.4307 -12.2645 51
      vertex 54.7037 -19.5733 51
    endloop
  endfacet
  facet normal 0 0 1
    outer loop
      vertex 32.6597 26.8031 51
      vertex 44.9119 36.8582 51
      vertex 43.0493 39.0176 51
    endloop
  endfacet
  facet normal -0 0 1
    outer loop
      vertex 39.7802 -14.2336 51
      vertex 54.7037 -19.5733 51
      vertex 40.4307 -12.2645 51
    endloop
  endfacet
  facet normal 0 0 1
    outer loop
      vertex 54.7037 -19.5733 51
      vertex 39.7802 -14.2336 51
      vertex 53.6774 -22.2339 51
    endloop
  endfacet
  facet normal 0 0 1
    outer loop
      vertex 58.03 2.85083 51
      vertex 42.1991 2.07311 51
      vertex 42.25 0 51
    endloop
  endfacet
  facet normal 0 0 1
    outer loop
      vertex 57.8202 5.6948 51
      vertex 42.0466 4.14122 51
      vertex 42.1991 2.07311 51
    endloop
  endfacet
  facet normal 0 0 1
    outer loop
      vertex 57.4712 8.52504 51
      vertex 41.7927 6.19936 51
      vertex 42.0466 4.14122 51
    endloop
  endfacet
  facet normal 0 0 1
    outer loop
      vertex 56.9836 11.3347 51
      vertex 41.4382 8.24257 51
      vertex 41.7927 6.19936 51
    endloop
  endfacet
  facet normal 0 0 1
    outer loop
      vertex 31.3052 28.3734 51
      vertex 43.0493 39.0176 51
      vertex 41.0829 41.0829 51
    endloop
  endfacet
  facet normal 0 0 1
    outer loop
      vertex 56.3588 14.1171 51
      vertex 40.9838 10.2659 51
      vertex 41.4382 8.24257 51
    endloop
  endfacet
  facet normal 0 0 1
    outer loop
      vertex 55.5982 16.8655 51
      vertex 40.4307 12.2645 51
      vertex 40.9838 10.2659 51
    endloop
  endfacet
  facet normal 0 0 1
    outer loop
      vertex 54.7037 19.5733 51
      vertex 39.7802 14.2336 51
      vertex 40.4307 12.2645 51
    endloop
  endfacet
  facet normal 0 0 1
    outer loop
      vertex 53.6774 22.2339 51
      vertex 39.0339 16.1684 51
      vertex 39.7802 14.2336 51
    endloop
  endfacet
  facet normal 0 0 1
    outer loop
      vertex 29.8753 29.8753 51
      vertex 41.0829 41.0829 51
      vertex 39.0176 43.0493 51
    endloop
  endfacet
  facet normal 0 0 1
    outer loop
      vertex 52.5218 24.841 51
      vertex 38.1935 18.0642 51
      vertex 39.0339 16.1684 51
    endloop
  endfacet
  facet normal 0 0 1
    outer loop
      vertex 51.2396 27.3881 51
      vertex 37.2612 19.9165 51
      vertex 38.1935 18.0642 51
    endloop
  endfacet
  facet normal 0 0 1
    outer loop
      vertex 28.3734 31.3052 51
      vertex 39.0176 43.0493 51
      vertex 36.8582 44.9119 51
    endloop
  endfacet
  facet normal 0 0 1
    outer loop
      vertex 49.834 29.8694 51
      vertex 36.239 21.7208 51
      vertex 37.2612 19.9165 51
    endloop
  endfacet
  facet normal 0 0 1
    outer loop
      vertex 48.3084 32.2786 51
      vertex 35.1296 23.4728 51
      vertex 36.239 21.7208 51
    endloop
  endfacet
  facet normal 0 0 1
    outer loop
      vertex 26.8031 32.6597 51
      vertex 36.8582 44.9119 51
      vertex 34.6101 46.6664 51
    endloop
  endfacet
  facet normal 0 0 1
    outer loop
      vertex 46.6664 34.6101 51
      vertex 33.9355 25.1683 51
      vertex 35.1296 23.4728 51
    endloop
  endfacet
  facet normal 0 0 1
    outer loop
      vertex 44.9119 36.8582 51
      vertex 32.6597 26.8031 51
      vertex 33.9355 25.1683 51
    endloop
  endfacet
  facet normal 0 0 1
    outer loop
      vertex 25.1683 33.9355 51
      vertex 34.6101 46.6664 51
      vertex 32.2786 48.3084 51
    endloop
  endfacet
  facet normal 0 0 1
    outer loop
      vertex 43.0493 39.0176 51
      vertex 31.3052 28.3734 51
      vertex 32.6597 26.8031 51
    endloop
  endfacet
  facet normal 0 0 1
    outer loop
      vertex 41.0829 41.0829 51
      vertex 29.8753 29.8753 51
      vertex 31.3052 28.3734 51
    endloop
  endfacet
  facet normal 0 0 1
    outer loop
      vertex 23.4728 35.1296 51
      vertex 32.2786 48.3084 51
      vertex 29.8694 49.834 51
    endloop
  endfacet
  facet normal 0 0 1
    outer loop
      vertex 39.0176 43.0493 51
      vertex 28.3734 31.3052 51
      vertex 29.8753 29.8753 51
    endloop
  endfacet
  facet normal 0 0 1
    outer loop
      vertex 21.7208 36.239 51
      vertex 29.8694 49.834 51
      vertex 27.3881 51.2396 51
    endloop
  endfacet
  facet normal 0 0 1
    outer loop
      vertex 36.8582 44.9119 51
      vertex 26.8031 32.6597 51
      vertex 28.3734 31.3052 51
    endloop
  endfacet
  facet normal 0 0 1
    outer loop
      vertex 34.6101 46.6664 51
      vertex 25.1683 33.9355 51
      vertex 26.8031 32.6597 51
    endloop
  endfacet
  facet normal 0 0 1
    outer loop
      vertex 19.9165 37.2612 51
      vertex 27.3881 51.2396 51
      vertex 24.841 52.5218 51
    endloop
  endfacet
  facet normal 0 0 1
    outer loop
      vertex 32.2786 48.3084 51
      vertex 23.4728 35.1296 51
      vertex 25.1683 33.9355 51
    endloop
  endfacet
  facet normal 0 0 1
    outer loop
      vertex 18.0642 38.1935 51
      vertex 24.841 52.5218 51
      vertex 22.2339 53.6774 51
    endloop
  endfacet
  facet normal 0 0 1
    outer loop
      vertex 29.8694 49.834 51
      vertex 21.7208 36.239 51
      vertex 23.4728 35.1296 51
    endloop
  endfacet
  facet normal 0 0 1
    outer loop
      vertex 27.3881 51.2396 51
      vertex 19.9165 37.2612 51
      vertex 21.7208 36.239 51
    endloop
  endfacet
  facet normal 0 0 1
    outer loop
      vertex 16.1684 39.0339 51
      vertex 22.2339 53.6774 51
      vertex 19.5733 54.7037 51
    endloop
  endfacet
  facet normal 0 0 1
    outer loop
      vertex 24.841 52.5218 51
      vertex 18.0642 38.1935 51
      vertex 19.9165 37.2612 51
    endloop
  endfacet
  facet normal 0 0 1
    outer loop
      vertex 14.2336 39.7802 51
      vertex 19.5733 54.7037 51
      vertex 16.8655 55.5982 51
    endloop
  endfacet
  facet normal 0 0 1
    outer loop
      vertex 22.2339 53.6774 51
      vertex 16.1684 39.0339 51
      vertex 18.0642 38.1935 51
    endloop
  endfacet
  facet normal 0 0 1
    outer loop
      vertex 19.5733 54.7037 51
      vertex 14.2336 39.7802 51
      vertex 16.1684 39.0339 51
    endloop
  endfacet
  facet normal 0 0 1
    outer loop
      vertex 12.2645 40.4307 51
      vertex 16.8655 55.5982 51
      vertex 14.1171 56.3588 51
    endloop
  endfacet
  facet normal 0 0 1
    outer loop
      vertex 16.8655 55.5982 51
      vertex 12.2645 40.4307 51
      vertex 14.2336 39.7802 51
    endloop
  endfacet
  facet normal 0 0 1
    outer loop
      vertex 10.2659 40.9838 51
      vertex 14.1171 56.3588 51
      vertex 11.3347 56.9836 51
    endloop
  endfacet
  facet normal 0 0 1
    outer loop
      vertex 14.1171 56.3588 51
      vertex 10.2659 40.9838 51
      vertex 12.2645 40.4307 51
    endloop
  endfacet
  facet normal 0 0 1
    outer loop
      vertex 8.24257 41.4382 51
      vertex 11.3347 56.9836 51
      vertex 8.52504 57.4712 51
    endloop
  endfacet
  facet normal 0 0 1
    outer loop
      vertex 11.3347 56.9836 51
      vertex 8.24257 41.4382 51
      vertex 10.2659 40.9838 51
    endloop
  endfacet
  facet normal 0 0 1
    outer loop
      vertex 8.52504 57.4712 51
      vertex 6.19936 41.7927 51
      vertex 8.24257 41.4382 51
    endloop
  endfacet
  facet normal 0 0 1
    outer loop
      vertex 5.6948 57.8202 51
      vertex 6.19936 41.7927 51
      vertex 8.52504 57.4712 51
    endloop
  endfacet
  facet normal 0 0 1
    outer loop
      vertex 5.6948 57.8202 51
      vertex 4.14122 42.0466 51
      vertex 6.19936 41.7927 51
    endloop
  endfacet
  facet normal 0 0 1
    outer loop
      vertex 2.85083 58.03 51
      vertex 4.14122 42.0466 51
      vertex 5.6948 57.8202 51
    endloop
  endfacet
  facet normal 0 0 1
    outer loop
      vertex 2.85083 58.03 51
      vertex 2.07311 42.1991 51
      vertex 4.14122 42.0466 51
    endloop
  endfacet
  facet normal 0 0 1
    outer loop
      vertex 0 58.1 51
      vertex 2.07311 42.1991 51
      vertex 2.85083 58.03 51
    endloop
  endfacet
  facet normal 0 0 1
    outer loop
      vertex 0 58.1 51
      vertex 0 42.25 51
      vertex 2.07311 42.1991 51
    endloop
  endfacet
  facet normal 0 0 1
    outer loop
      vertex 0 58.1 51
      vertex -2.07311 42.1991 51
      vertex 0 42.25 51
    endloop
  endfacet
  facet normal -0 0 1
    outer loop
      vertex -2.85083 58.03 51
      vertex -2.07311 42.1991 51
      vertex 0 58.1 51
    endloop
  endfacet
  facet normal 0 0 1
    outer loop
      vertex -2.85083 58.03 51
      vertex -4.14122 42.0466 51
      vertex -2.07311 42.1991 51
    endloop
  endfacet
  facet normal -0 0 1
    outer loop
      vertex -5.6948 57.8202 51
      vertex -4.14122 42.0466 51
      vertex -2.85083 58.03 51
    endloop
  endfacet
  facet normal 0 0 1
    outer loop
      vertex -5.6948 57.8202 51
      vertex -6.19936 41.7927 51
      vertex -4.14122 42.0466 51
    endloop
  endfacet
  facet normal -0 0 1
    outer loop
      vertex -8.52504 57.4712 51
      vertex -6.19936 41.7927 51
      vertex -5.6948 57.8202 51
    endloop
  endfacet
  facet normal 0 0 1
    outer loop
      vertex -6.19936 41.7927 51
      vertex -8.52504 57.4712 51
      vertex -8.24257 41.4382 51
    endloop
  endfacet
  facet normal -0 0 1
    outer loop
      vertex -11.3347 56.9836 51
      vertex -8.24257 41.4382 51
      vertex -8.52504 57.4712 51
    endloop
  endfacet
  facet normal 0 0 1
    outer loop
      vertex -8.24257 41.4382 51
      vertex -11.3347 56.9836 51
      vertex -10.2659 40.9838 51
    endloop
  endfacet
  facet normal -0 0 1
    outer loop
      vertex -14.1171 56.3588 51
      vertex -10.2659 40.9838 51
      vertex -11.3347 56.9836 51
    endloop
  endfacet
  facet normal 0 0 1
    outer loop
      vertex -10.2659 40.9838 51
      vertex -14.1171 56.3588 51
      vertex -12.2645 40.4307 51
    endloop
  endfacet
  facet normal -0 0 1
    outer loop
      vertex -16.8655 55.5982 51
      vertex -12.2645 40.4307 51
      vertex -14.1171 56.3588 51
    endloop
  endfacet
  facet normal 0 0 1
    outer loop
      vertex -12.2645 40.4307 51
      vertex -16.8655 55.5982 51
      vertex -14.2336 39.7802 51
    endloop
  endfacet
  facet normal -0 0 1
    outer loop
      vertex -19.5733 54.7037 51
      vertex -14.2336 39.7802 51
      vertex -16.8655 55.5982 51
    endloop
  endfacet
  facet normal 0 0 1
    outer loop
      vertex -14.2336 39.7802 51
      vertex -19.5733 54.7037 51
      vertex -16.1684 39.0339 51
    endloop
  endfacet
  facet normal -0 0 1
    outer loop
      vertex -22.2339 53.6774 51
      vertex -16.1684 39.0339 51
      vertex -19.5733 54.7037 51
    endloop
  endfacet
  facet normal 0 0 1
    outer loop
      vertex -16.1684 39.0339 51
      vertex -22.2339 53.6774 51
      vertex -18.0642 38.1935 51
    endloop
  endfacet
  facet normal -0 0 1
    outer loop
      vertex -24.841 52.5218 51
      vertex -18.0642 38.1935 51
      vertex -22.2339 53.6774 51
    endloop
  endfacet
  facet normal 0 0 1
    outer loop
      vertex -18.0642 38.1935 51
      vertex -24.841 52.5218 51
      vertex -19.9165 37.2612 51
    endloop
  endfacet
  facet normal -0 0 1
    outer loop
      vertex -27.3881 51.2396 51
      vertex -19.9165 37.2612 51
      vertex -24.841 52.5218 51
    endloop
  endfacet
  facet normal 0 0 1
    outer loop
      vertex -19.9165 37.2612 51
      vertex -27.3881 51.2396 51
      vertex -21.7208 36.239 51
    endloop
  endfacet
  facet normal -0 0 1
    outer loop
      vertex -29.8694 49.834 51
      vertex -21.7208 36.239 51
      vertex -27.3881 51.2396 51
    endloop
  endfacet
  facet normal 0 0 1
    outer loop
      vertex -21.7208 36.239 51
      vertex -29.8694 49.834 51
      vertex -23.4728 35.1296 51
    endloop
  endfacet
  facet normal -0 0 1
    outer loop
      vertex -32.2786 48.3084 51
      vertex -23.4728 35.1296 51
      vertex -29.8694 49.834 51
    endloop
  endfacet
  facet normal 0 0 1
    outer loop
      vertex -23.4728 35.1296 51
      vertex -32.2786 48.3084 51
      vertex -25.1683 33.9355 51
    endloop
  endfacet
  facet normal -0 0 1
    outer loop
      vertex -34.6101 46.6664 51
      vertex -25.1683 33.9355 51
      vertex -32.2786 48.3084 51
    endloop
  endfacet
  facet normal 0 0 1
    outer loop
      vertex -25.1683 33.9355 51
      vertex -34.6101 46.6664 51
      vertex -26.8031 32.6597 51
    endloop
  endfacet
  facet normal -0 0 1
    outer loop
      vertex -36.8582 44.9119 51
      vertex -26.8031 32.6597 51
      vertex -34.6101 46.6664 51
    endloop
  endfacet
  facet normal 0 0 1
    outer loop
      vertex -26.8031 32.6597 51
      vertex -36.8582 44.9119 51
      vertex -28.3734 31.3052 51
    endloop
  endfacet
  facet normal -0 0 1
    outer loop
      vertex -39.0176 43.0493 51
      vertex -28.3734 31.3052 51
      vertex -36.8582 44.9119 51
    endloop
  endfacet
  facet normal 0 0 1
    outer loop
      vertex -28.3734 31.3052 51
      vertex -39.0176 43.0493 51
      vertex -29.8753 29.8753 51
    endloop
  endfacet
  facet normal -0 0 1
    outer loop
      vertex -41.0829 41.0829 51
      vertex -29.8753 29.8753 51
      vertex -39.0176 43.0493 51
    endloop
  endfacet
  facet normal 0 0 1
    outer loop
      vertex -29.8753 29.8753 51
      vertex -41.0829 41.0829 51
      vertex -31.3052 28.3734 51
    endloop
  endfacet
  facet normal -0 0 1
    outer loop
      vertex -43.0493 39.0176 51
      vertex -31.3052 28.3734 51
      vertex -41.0829 41.0829 51
    endloop
  endfacet
  facet normal 0 0 1
    outer loop
      vertex -31.3052 28.3734 51
      vertex -43.0493 39.0176 51
      vertex -32.6597 26.8031 51
    endloop
  endfacet
  facet normal -0 0 1
    outer loop
      vertex -44.9119 36.8582 51
      vertex -32.6597 26.8031 51
      vertex -43.0493 39.0176 51
    endloop
  endfacet
  facet normal 0 0 1
    outer loop
      vertex -32.6597 26.8031 51
      vertex -44.9119 36.8582 51
      vertex -33.9355 25.1683 51
    endloop
  endfacet
  facet normal -0 0 1
    outer loop
      vertex -46.6664 34.6101 51
      vertex -33.9355 25.1683 51
      vertex -44.9119 36.8582 51
    endloop
  endfacet
  facet normal 0 0 1
    outer loop
      vertex -33.9355 25.1683 51
      vertex -46.6664 34.6101 51
      vertex -35.1296 23.4728 51
    endloop
  endfacet
  facet normal -0 0 1
    outer loop
      vertex -48.3084 32.2786 51
      vertex -35.1296 23.4728 51
      vertex -46.6664 34.6101 51
    endloop
  endfacet
  facet normal 0 0 1
    outer loop
      vertex -35.1296 23.4728 51
      vertex -48.3084 32.2786 51
      vertex -36.239 21.7208 51
    endloop
  endfacet
  facet normal -0 0 1
    outer loop
      vertex -49.834 29.8694 51
      vertex -36.239 21.7208 51
      vertex -48.3084 32.2786 51
    endloop
  endfacet
  facet normal 0 0 1
    outer loop
      vertex -36.239 21.7208 51
      vertex -49.834 29.8694 51
      vertex -37.2612 19.9165 51
    endloop
  endfacet
  facet normal -0 0 1
    outer loop
      vertex -51.2396 27.3881 51
      vertex -37.2612 19.9165 51
      vertex -49.834 29.8694 51
    endloop
  endfacet
  facet normal 0 0 1
    outer loop
      vertex -37.2612 19.9165 51
      vertex -51.2396 27.3881 51
      vertex -38.1935 18.0642 51
    endloop
  endfacet
  facet normal -0 0 1
    outer loop
      vertex -52.5218 24.841 51
      vertex -38.1935 18.0642 51
      vertex -51.2396 27.3881 51
    endloop
  endfacet
  facet normal 0 0 1
    outer loop
      vertex -38.1935 18.0642 51
      vertex -52.5218 24.841 51
      vertex -39.0339 16.1684 51
    endloop
  endfacet
  facet normal 0 0 1
    outer loop
      vertex -39.0339 16.1684 51
      vertex -53.6774 22.2339 51
      vertex -39.7802 14.2336 51
    endloop
  endfacet
  facet normal -0 0 1
    outer loop
      vertex -53.6774 22.2339 51
      vertex -39.0339 16.1684 51
      vertex -52.5218 24.841 51
    endloop
  endfacet
  facet normal -0 0 1
    outer loop
      vertex 39.0339 -16.1684 51
      vertex 53.6774 -22.2339 51
      vertex 39.7802 -14.2336 51
    endloop
  endfacet
  facet normal 0 0 1
    outer loop
      vertex 53.6774 -22.2339 51
      vertex 39.0339 -16.1684 51
      vertex 52.5218 -24.841 51
    endloop
  endfacet
  facet normal -0 0 1
    outer loop
      vertex 38.1935 -18.0642 51
      vertex 52.5218 -24.841 51
      vertex 39.0339 -16.1684 51
    endloop
  endfacet
  facet normal 0 0 1
    outer loop
      vertex 52.5218 -24.841 51
      vertex 38.1935 -18.0642 51
      vertex 51.2396 -27.3881 51
    endloop
  endfacet
  facet normal -0 0 1
    outer loop
      vertex 37.2612 -19.9165 51
      vertex 51.2396 -27.3881 51
      vertex 38.1935 -18.0642 51
    endloop
  endfacet
  facet normal 0 0 1
    outer loop
      vertex 51.2396 -27.3881 51
      vertex 37.2612 -19.9165 51
      vertex 49.834 -29.8694 51
    endloop
  endfacet
  facet normal -0 0 1
    outer loop
      vertex 36.239 -21.7208 51
      vertex 49.834 -29.8694 51
      vertex 37.2612 -19.9165 51
    endloop
  endfacet
  facet normal 0 0 1
    outer loop
      vertex 49.834 -29.8694 51
      vertex 36.239 -21.7208 51
      vertex 48.3084 -32.2786 51
    endloop
  endfacet
  facet normal -0 0 1
    outer loop
      vertex 35.1296 -23.4728 51
      vertex 48.3084 -32.2786 51
      vertex 36.239 -21.7208 51
    endloop
  endfacet
  facet normal 0 0 1
    outer loop
      vertex 48.3084 -32.2786 51
      vertex 35.1296 -23.4728 51
      vertex 46.6664 -34.6101 51
    endloop
  endfacet
  facet normal -0 0 1
    outer loop
      vertex 33.9355 -25.1683 51
      vertex 46.6664 -34.6101 51
      vertex 35.1296 -23.4728 51
    endloop
  endfacet
  facet normal 0 0 1
    outer loop
      vertex 46.6664 -34.6101 51
      vertex 33.9355 -25.1683 51
      vertex 44.9119 -36.8582 51
    endloop
  endfacet
  facet normal -0 0 1
    outer loop
      vertex 32.6597 -26.8031 51
      vertex 44.9119 -36.8582 51
      vertex 33.9355 -25.1683 51
    endloop
  endfacet
  facet normal 0 0 1
    outer loop
      vertex 44.9119 -36.8582 51
      vertex 32.6597 -26.8031 51
      vertex 43.0493 -39.0176 51
    endloop
  endfacet
  facet normal -0 0 1
    outer loop
      vertex 31.3052 -28.3734 51
      vertex 43.0493 -39.0176 51
      vertex 32.6597 -26.8031 51
    endloop
  endfacet
  facet normal 0 0 1
    outer loop
      vertex 43.0493 -39.0176 51
      vertex 31.3052 -28.3734 51
      vertex 41.0829 -41.0829 51
    endloop
  endfacet
  facet normal -0 0 1
    outer loop
      vertex 29.8753 -29.8753 51
      vertex 41.0829 -41.0829 51
      vertex 31.3052 -28.3734 51
    endloop
  endfacet
  facet normal 0 0 1
    outer loop
      vertex 41.0829 -41.0829 51
      vertex 29.8753 -29.8753 51
      vertex 39.0176 -43.0493 51
    endloop
  endfacet
  facet normal -0 0 1
    outer loop
      vertex 28.3734 -31.3052 51
      vertex 39.0176 -43.0493 51
      vertex 29.8753 -29.8753 51
    endloop
  endfacet
  facet normal 0 0 1
    outer loop
      vertex 39.0176 -43.0493 51
      vertex 28.3734 -31.3052 51
      vertex 36.8582 -44.9119 51
    endloop
  endfacet
  facet normal -0 0 1
    outer loop
      vertex 26.8031 -32.6597 51
      vertex 36.8582 -44.9119 51
      vertex 28.3734 -31.3052 51
    endloop
  endfacet
  facet normal 0 0 1
    outer loop
      vertex 36.8582 -44.9119 51
      vertex 26.8031 -32.6597 51
      vertex 34.6101 -46.6664 51
    endloop
  endfacet
  facet normal -0 0 1
    outer loop
      vertex 25.1683 -33.9355 51
      vertex 34.6101 -46.6664 51
      vertex 26.8031 -32.6597 51
    endloop
  endfacet
  facet normal 0 0 1
    outer loop
      vertex 34.6101 -46.6664 51
      vertex 25.1683 -33.9355 51
      vertex 32.2786 -48.3084 51
    endloop
  endfacet
  facet normal -0 0 1
    outer loop
      vertex 23.4728 -35.1296 51
      vertex 32.2786 -48.3084 51
      vertex 25.1683 -33.9355 51
    endloop
  endfacet
  facet normal 0 0 1
    outer loop
      vertex 32.2786 -48.3084 51
      vertex 23.4728 -35.1296 51
      vertex 29.8694 -49.834 51
    endloop
  endfacet
  facet normal -0 0 1
    outer loop
      vertex 21.7208 -36.239 51
      vertex 29.8694 -49.834 51
      vertex 23.4728 -35.1296 51
    endloop
  endfacet
  facet normal 0 0 1
    outer loop
      vertex 29.8694 -49.834 51
      vertex 21.7208 -36.239 51
      vertex 27.3881 -51.2396 51
    endloop
  endfacet
  facet normal -0 0 1
    outer loop
      vertex 19.9165 -37.2612 51
      vertex 27.3881 -51.2396 51
      vertex 21.7208 -36.239 51
    endloop
  endfacet
  facet normal 0 0 1
    outer loop
      vertex 27.3881 -51.2396 51
      vertex 19.9165 -37.2612 51
      vertex 24.841 -52.5218 51
    endloop
  endfacet
  facet normal -0 0 1
    outer loop
      vertex 18.0642 -38.1935 51
      vertex 24.841 -52.5218 51
      vertex 19.9165 -37.2612 51
    endloop
  endfacet
  facet normal 0 0 1
    outer loop
      vertex 24.841 -52.5218 51
      vertex 18.0642 -38.1935 51
      vertex 22.2339 -53.6774 51
    endloop
  endfacet
  facet normal -0 0 1
    outer loop
      vertex 16.1684 -39.0339 51
      vertex 22.2339 -53.6774 51
      vertex 18.0642 -38.1935 51
    endloop
  endfacet
  facet normal 0 0 1
    outer loop
      vertex 22.2339 -53.6774 51
      vertex 16.1684 -39.0339 51
      vertex 19.5733 -54.7037 51
    endloop
  endfacet
  facet normal -0 0 1
    outer loop
      vertex 14.2336 -39.7802 51
      vertex 19.5733 -54.7037 51
      vertex 16.1684 -39.0339 51
    endloop
  endfacet
  facet normal 0 0 1
    outer loop
      vertex 19.5733 -54.7037 51
      vertex 14.2336 -39.7802 51
      vertex 16.8655 -55.5982 51
    endloop
  endfacet
  facet normal -0 0 1
    outer loop
      vertex 12.2645 -40.4307 51
      vertex 16.8655 -55.5982 51
      vertex 14.2336 -39.7802 51
    endloop
  endfacet
  facet normal 0 0 1
    outer loop
      vertex 16.8655 -55.5982 51
      vertex 12.2645 -40.4307 51
      vertex 14.1171 -56.3588 51
    endloop
  endfacet
  facet normal -0 0 1
    outer loop
      vertex 10.2659 -40.9838 51
      vertex 14.1171 -56.3588 51
      vertex 12.2645 -40.4307 51
    endloop
  endfacet
  facet normal 0 0 1
    outer loop
      vertex 14.1171 -56.3588 51
      vertex 10.2659 -40.9838 51
      vertex 11.3347 -56.9836 51
    endloop
  endfacet
  facet normal -0 0 1
    outer loop
      vertex 8.24257 -41.4382 51
      vertex 11.3347 -56.9836 51
      vertex 10.2659 -40.9838 51
    endloop
  endfacet
  facet normal 0 0 1
    outer loop
      vertex 11.3347 -56.9836 51
      vertex 8.24257 -41.4382 51
      vertex 8.52504 -57.4712 51
    endloop
  endfacet
  facet normal -0 0 1
    outer loop
      vertex 6.19936 -41.7927 51
      vertex 8.52504 -57.4712 51
      vertex 8.24257 -41.4382 51
    endloop
  endfacet
  facet normal 0 0 1
    outer loop
      vertex 6.19936 -41.7927 51
      vertex 5.6948 -57.8202 51
      vertex 8.52504 -57.4712 51
    endloop
  endfacet
  facet normal -0 0 1
    outer loop
      vertex 4.14122 -42.0466 51
      vertex 5.6948 -57.8202 51
      vertex 6.19936 -41.7927 51
    endloop
  endfacet
  facet normal 0 0 1
    outer loop
      vertex 4.14122 -42.0466 51
      vertex 2.85083 -58.03 51
      vertex 5.6948 -57.8202 51
    endloop
  endfacet
  facet normal -0 0 1
    outer loop
      vertex 2.07311 -42.1991 51
      vertex 2.85083 -58.03 51
      vertex 4.14122 -42.0466 51
    endloop
  endfacet
  facet normal -0 0 1
    outer loop
      vertex 0 -42.25 51
      vertex 2.85083 -58.03 51
      vertex 2.07311 -42.1991 51
    endloop
  endfacet
  facet normal 0 0 1
    outer loop
      vertex 0 -42.25 51
      vertex 0 -58.1 51
      vertex 2.85083 -58.03 51
    endloop
  endfacet
  facet normal 0 0 1
    outer loop
      vertex -2.07311 -42.1991 51
      vertex 0 -58.1 51
      vertex 0 -42.25 51
    endloop
  endfacet
  facet normal 0 0 1
    outer loop
      vertex -2.07311 -42.1991 51
      vertex -2.85083 -58.03 51
      vertex 0 -58.1 51
    endloop
  endfacet
  facet normal 0 0 1
    outer loop
      vertex -4.14122 -42.0466 51
      vertex -2.85083 -58.03 51
      vertex -2.07311 -42.1991 51
    endloop
  endfacet
  facet normal 0 0 1
    outer loop
      vertex -4.14122 -42.0466 51
      vertex -5.6948 -57.8202 51
      vertex -2.85083 -58.03 51
    endloop
  endfacet
  facet normal 0 0 1
    outer loop
      vertex -6.19936 -41.7927 51
      vertex -5.6948 -57.8202 51
      vertex -4.14122 -42.0466 51
    endloop
  endfacet
  facet normal 0 0 1
    outer loop
      vertex -8.52504 -57.4712 51
      vertex -6.19936 -41.7927 51
      vertex -8.24257 -41.4382 51
    endloop
  endfacet
  facet normal 0 0 1
    outer loop
      vertex -6.19936 -41.7927 51
      vertex -8.52504 -57.4712 51
      vertex -5.6948 -57.8202 51
    endloop
  endfacet
  facet normal 0 0 1
    outer loop
      vertex -11.3347 -56.9836 51
      vertex -8.24257 -41.4382 51
      vertex -10.2659 -40.9838 51
    endloop
  endfacet
  facet normal 0 0 1
    outer loop
      vertex -8.24257 -41.4382 51
      vertex -11.3347 -56.9836 51
      vertex -8.52504 -57.4712 51
    endloop
  endfacet
  facet normal 0 0 1
    outer loop
      vertex -14.1171 -56.3588 51
      vertex -10.2659 -40.9838 51
      vertex -12.2645 -40.4307 51
    endloop
  endfacet
  facet normal 0 0 1
    outer loop
      vertex -10.2659 -40.9838 51
      vertex -14.1171 -56.3588 51
      vertex -11.3347 -56.9836 51
    endloop
  endfacet
  facet normal 0 0 1
    outer loop
      vertex -16.8655 -55.5982 51
      vertex -12.2645 -40.4307 51
      vertex -14.2336 -39.7802 51
    endloop
  endfacet
  facet normal 0 0 1
    outer loop
      vertex -19.5733 -54.7037 51
      vertex -14.2336 -39.7802 51
      vertex -16.1684 -39.0339 51
    endloop
  endfacet
  facet normal 0 0 1
    outer loop
      vertex -12.2645 -40.4307 51
      vertex -16.8655 -55.5982 51
      vertex -14.1171 -56.3588 51
    endloop
  endfacet
  facet normal 0 0 1
    outer loop
      vertex -22.2339 -53.6774 51
      vertex -16.1684 -39.0339 51
      vertex -18.0642 -38.1935 51
    endloop
  endfacet
  facet normal 0 0 1
    outer loop
      vertex -14.2336 -39.7802 51
      vertex -19.5733 -54.7037 51
      vertex -16.8655 -55.5982 51
    endloop
  endfacet
  facet normal 0 0 1
    outer loop
      vertex -24.841 -52.5218 51
      vertex -18.0642 -38.1935 51
      vertex -19.9165 -37.2612 51
    endloop
  endfacet
  facet normal 0 0 1
    outer loop
      vertex -27.3881 -51.2396 51
      vertex -19.9165 -37.2612 51
      vertex -21.7208 -36.239 51
    endloop
  endfacet
  facet normal 0 0 1
    outer loop
      vertex -16.1684 -39.0339 51
      vertex -22.2339 -53.6774 51
      vertex -19.5733 -54.7037 51
    endloop
  endfacet
  facet normal 0 0 1
    outer loop
      vertex -29.8694 -49.834 51
      vertex -21.7208 -36.239 51
      vertex -23.4728 -35.1296 51
    endloop
  endfacet
  facet normal 0 0 1
    outer loop
      vertex -18.0642 -38.1935 51
      vertex -24.841 -52.5218 51
      vertex -22.2339 -53.6774 51
    endloop
  endfacet
  facet normal 0 0 1
    outer loop
      vertex -32.2786 -48.3084 51
      vertex -23.4728 -35.1296 51
      vertex -25.1683 -33.9355 51
    endloop
  endfacet
  facet normal 0 0 1
    outer loop
      vertex -34.6101 -46.6664 51
      vertex -25.1683 -33.9355 51
      vertex -26.8031 -32.6597 51
    endloop
  endfacet
  facet normal 0 0 1
    outer loop
      vertex -19.9165 -37.2612 51
      vertex -27.3881 -51.2396 51
      vertex -24.841 -52.5218 51
    endloop
  endfacet
  facet normal 0 0 1
    outer loop
      vertex -36.8582 -44.9119 51
      vertex -26.8031 -32.6597 51
      vertex -28.3734 -31.3052 51
    endloop
  endfacet
  facet normal 0 0 1
    outer loop
      vertex -21.7208 -36.239 51
      vertex -29.8694 -49.834 51
      vertex -27.3881 -51.2396 51
    endloop
  endfacet
  facet normal 0 0 1
    outer loop
      vertex -39.0176 -43.0493 51
      vertex -28.3734 -31.3052 51
      vertex -29.8753 -29.8753 51
    endloop
  endfacet
  facet normal 0 0 1
    outer loop
      vertex -41.0829 -41.0829 51
      vertex -29.8753 -29.8753 51
      vertex -31.3052 -28.3734 51
    endloop
  endfacet
  facet normal 0 0 1
    outer loop
      vertex -23.4728 -35.1296 51
      vertex -32.2786 -48.3084 51
      vertex -29.8694 -49.834 51
    endloop
  endfacet
  facet normal 0 0 1
    outer loop
      vertex -43.0493 -39.0176 51
      vertex -31.3052 -28.3734 51
      vertex -32.6597 -26.8031 51
    endloop
  endfacet
  facet normal 0 0 1
    outer loop
      vertex -44.9119 -36.8582 51
      vertex -32.6597 -26.8031 51
      vertex -33.9355 -25.1683 51
    endloop
  endfacet
  facet normal 0 0 1
    outer loop
      vertex -25.1683 -33.9355 51
      vertex -34.6101 -46.6664 51
      vertex -32.2786 -48.3084 51
    endloop
  endfacet
  facet normal 0 0 1
    outer loop
      vertex -46.6664 -34.6101 51
      vertex -33.9355 -25.1683 51
      vertex -35.1296 -23.4728 51
    endloop
  endfacet
  facet normal 0 0 1
    outer loop
      vertex -48.3084 -32.2786 51
      vertex -35.1296 -23.4728 51
      vertex -36.239 -21.7208 51
    endloop
  endfacet
  facet normal 0 0 1
    outer loop
      vertex -26.8031 -32.6597 51
      vertex -36.8582 -44.9119 51
      vertex -34.6101 -46.6664 51
    endloop
  endfacet
  facet normal 0 0 1
    outer loop
      vertex -49.834 -29.8694 51
      vertex -36.239 -21.7208 51
      vertex -37.2612 -19.9165 51
    endloop
  endfacet
  facet normal 0 0 1
    outer loop
      vertex -51.2396 -27.3881 51
      vertex -37.2612 -19.9165 51
      vertex -38.1935 -18.0642 51
    endloop
  endfacet
  facet normal 0 0 1
    outer loop
      vertex -28.3734 -31.3052 51
      vertex -39.0176 -43.0493 51
      vertex -36.8582 -44.9119 51
    endloop
  endfacet
  facet normal 0 0 1
    outer loop
      vertex -52.5218 -24.841 51
      vertex -38.1935 -18.0642 51
      vertex -39.0339 -16.1684 51
    endloop
  endfacet
  facet normal 0 0 1
    outer loop
      vertex -53.6774 -22.2339 51
      vertex -39.0339 -16.1684 51
      vertex -39.7802 -14.2336 51
    endloop
  endfacet
  facet normal 0 0 1
    outer loop
      vertex -54.7037 -19.5733 51
      vertex -39.7802 -14.2336 51
      vertex -40.4307 -12.2645 51
    endloop
  endfacet
  facet normal 0 0 1
    outer loop
      vertex -55.5982 -16.8655 51
      vertex -40.4307 -12.2645 51
      vertex -40.9838 -10.2659 51
    endloop
  endfacet
  facet normal 0 0 1
    outer loop
      vertex -29.8753 -29.8753 51
      vertex -41.0829 -41.0829 51
      vertex -39.0176 -43.0493 51
    endloop
  endfacet
  facet normal 0 0 1
    outer loop
      vertex -56.3588 -14.1171 51
      vertex -40.9838 -10.2659 51
      vertex -41.4382 -8.24257 51
    endloop
  endfacet
  facet normal 0 0 1
    outer loop
      vertex -56.9836 -11.3347 51
      vertex -41.4382 -8.24257 51
      vertex -41.7927 -6.19936 51
    endloop
  endfacet
  facet normal 0 0 1
    outer loop
      vertex -57.4712 -8.52504 51
      vertex -41.7927 -6.19936 51
      vertex -42.0466 -4.14122 51
    endloop
  endfacet
  facet normal 0 0 1
    outer loop
      vertex -57.8202 -5.6948 51
      vertex -42.0466 -4.14122 51
      vertex -42.1991 -2.07311 51
    endloop
  endfacet
  facet normal 0 0 1
    outer loop
      vertex -31.3052 -28.3734 51
      vertex -43.0493 -39.0176 51
      vertex -41.0829 -41.0829 51
    endloop
  endfacet
  facet normal 0 0 1
    outer loop
      vertex -58.03 -2.85083 51
      vertex -42.1991 -2.07311 51
      vertex -42.25 0 51
    endloop
  endfacet
  facet normal -0 0 1
    outer loop
      vertex -54.7037 19.5733 51
      vertex -39.7802 14.2336 51
      vertex -53.6774 22.2339 51
    endloop
  endfacet
  facet normal 0 0 1
    outer loop
      vertex -39.7802 14.2336 51
      vertex -54.7037 19.5733 51
      vertex -40.4307 12.2645 51
    endloop
  endfacet
  facet normal 0 0 1
    outer loop
      vertex -32.6597 -26.8031 51
      vertex -44.9119 -36.8582 51
      vertex -43.0493 -39.0176 51
    endloop
  endfacet
  facet normal -0 0 1
    outer loop
      vertex -55.5982 16.8655 51
      vertex -40.4307 12.2645 51
      vertex -54.7037 19.5733 51
    endloop
  endfacet
  facet normal 0 0 1
    outer loop
      vertex -33.9355 -25.1683 51
      vertex -46.6664 -34.6101 51
      vertex -44.9119 -36.8582 51
    endloop
  endfacet
  facet normal 0 0 1
    outer loop
      vertex -40.4307 12.2645 51
      vertex -55.5982 16.8655 51
      vertex -40.9838 10.2659 51
    endloop
  endfacet
  facet normal 0 0 1
    outer loop
      vertex -35.1296 -23.4728 51
      vertex -48.3084 -32.2786 51
      vertex -46.6664 -34.6101 51
    endloop
  endfacet
  facet normal -0 0 1
    outer loop
      vertex -56.3588 14.1171 51
      vertex -40.9838 10.2659 51
      vertex -55.5982 16.8655 51
    endloop
  endfacet
  facet normal 0 0 1
    outer loop
      vertex -36.239 -21.7208 51
      vertex -49.834 -29.8694 51
      vertex -48.3084 -32.2786 51
    endloop
  endfacet
  facet normal 0 0 1
    outer loop
      vertex -40.9838 10.2659 51
      vertex -56.3588 14.1171 51
      vertex -41.4382 8.24257 51
    endloop
  endfacet
  facet normal 0 0 1
    outer loop
      vertex -37.2612 -19.9165 51
      vertex -51.2396 -27.3881 51
      vertex -49.834 -29.8694 51
    endloop
  endfacet
  facet normal -0 0 1
    outer loop
      vertex -56.9836 11.3347 51
      vertex -41.4382 8.24257 51
      vertex -56.3588 14.1171 51
    endloop
  endfacet
  facet normal 0 0 1
    outer loop
      vertex -38.1935 -18.0642 51
      vertex -52.5218 -24.841 51
      vertex -51.2396 -27.3881 51
    endloop
  endfacet
  facet normal 0 0 1
    outer loop
      vertex -41.4382 8.24257 51
      vertex -56.9836 11.3347 51
      vertex -41.7927 6.19936 51
    endloop
  endfacet
  facet normal 0 0 1
    outer loop
      vertex -39.0339 -16.1684 51
      vertex -53.6774 -22.2339 51
      vertex -52.5218 -24.841 51
    endloop
  endfacet
  facet normal -0 0 1
    outer loop
      vertex -57.4712 8.52504 51
      vertex -41.7927 6.19936 51
      vertex -56.9836 11.3347 51
    endloop
  endfacet
  facet normal 0 0 1
    outer loop
      vertex -39.7802 -14.2336 51
      vertex -54.7037 -19.5733 51
      vertex -53.6774 -22.2339 51
    endloop
  endfacet
  facet normal 0 0 1
    outer loop
      vertex -41.7927 6.19936 51
      vertex -57.4712 8.52504 51
      vertex -42.0466 4.14122 51
    endloop
  endfacet
  facet normal 0 0 1
    outer loop
      vertex -40.4307 -12.2645 51
      vertex -55.5982 -16.8655 51
      vertex -54.7037 -19.5733 51
    endloop
  endfacet
  facet normal -0 0 1
    outer loop
      vertex -57.8202 5.6948 51
      vertex -42.0466 4.14122 51
      vertex -57.4712 8.52504 51
    endloop
  endfacet
  facet normal 0 0 1
    outer loop
      vertex -40.9838 -10.2659 51
      vertex -56.3588 -14.1171 51
      vertex -55.5982 -16.8655 51
    endloop
  endfacet
  facet normal 0 0 1
    outer loop
      vertex -42.0466 4.14122 51
      vertex -57.8202 5.6948 51
      vertex -42.1991 2.07311 51
    endloop
  endfacet
  facet normal 0 0 1
    outer loop
      vertex -41.4382 -8.24257 51
      vertex -56.9836 -11.3347 51
      vertex -56.3588 -14.1171 51
    endloop
  endfacet
  facet normal -0 0 1
    outer loop
      vertex -58.03 2.85083 51
      vertex -42.1991 2.07311 51
      vertex -57.8202 5.6948 51
    endloop
  endfacet
  facet normal 0 0 1
    outer loop
      vertex -41.7927 -6.19936 51
      vertex -57.4712 -8.52504 51
      vertex -56.9836 -11.3347 51
    endloop
  endfacet
  facet normal 0 0 1
    outer loop
      vertex -42.1991 2.07311 51
      vertex -58.03 2.85083 51
      vertex -42.25 0 51
    endloop
  endfacet
  facet normal 0 0 1
    outer loop
      vertex -42.0466 -4.14122 51
      vertex -57.8202 -5.6948 51
      vertex -57.4712 -8.52504 51
    endloop
  endfacet
  facet normal 0 0 1
    outer loop
      vertex -58.1 0 51
      vertex -42.25 0 51
      vertex -58.03 2.85083 51
    endloop
  endfacet
  facet normal 0 0 1
    outer loop
      vertex -42.1991 -2.07311 51
      vertex -58.03 -2.85083 51
      vertex -57.8202 -5.6948 51
    endloop
  endfacet
  facet normal 0 0 1
    outer loop
      vertex -42.25 0 51
      vertex -58.1 0 51
      vertex -58.03 -2.85083 51
    endloop
  endfacet
  facet normal 0.99729 0.0735702 0
    outer loop
      vertex -57.8202 -5.6948 56
      vertex -58.03 -2.85083 51
      vertex -58.03 -2.85083 56
    endloop
  endfacet
  facet normal 0.99729 0.0735702 0
    outer loop
      vertex -58.03 -2.85083 51
      vertex -57.8202 -5.6948 56
      vertex -57.8202 -5.6948 51
    endloop
  endfacet
  facet normal 0.893211 0.449639 0
    outer loop
      vertex -51.2396 -27.3881 59
      vertex -52.5218 -24.841 51
      vertex -52.5218 -24.841 59
    endloop
  endfacet
  facet normal 0.893211 0.449639 0
    outer loop
      vertex -52.5218 -24.841 51
      vertex -51.2396 -27.3881 59
      vertex -51.2396 -27.3881 51
    endloop
  endfacet
  facet normal 0.31367 0.949532 -0
    outer loop
      vertex -16.8655 -55.5982 51
      vertex -19.5733 -54.7037 59
      vertex -16.8655 -55.5982 59
    endloop
  endfacet
  facet normal 0.31367 0.949532 0
    outer loop
      vertex -19.5733 -54.7037 59
      vertex -16.8655 -55.5982 51
      vertex -19.5733 -54.7037 51
    endloop
  endfacet
  facet normal 0.65315 0.757228 -0
    outer loop
      vertex -36.8582 -44.9119 51
      vertex -39.0176 -43.0493 59
      vertex -36.8582 -44.9119 59
    endloop
  endfacet
  facet normal 0.65315 0.757228 0
    outer loop
      vertex -39.0176 -43.0493 59
      vertex -36.8582 -44.9119 51
      vertex -39.0176 -43.0493 51
    endloop
  endfacet
  facet normal -0.999699 -0.0245469 0
    outer loop
      vertex 58.1 0 51
      vertex 58.03 2.85083 59
      vertex 58.03 2.85083 51
    endloop
  endfacet
  facet normal -0.999699 -0.0245469 0
    outer loop
      vertex 58.03 2.85083 59
      vertex 58.1 0 51
      vertex 58.1 0 59
    endloop
  endfacet
  facet normal -0.992483 -0.122384 0
    outer loop
      vertex 57.8202 5.6948 51
      vertex 57.4712 8.52504 59
      vertex 57.4712 8.52504 51
    endloop
  endfacet
  facet normal -0.992483 -0.122384 0
    outer loop
      vertex 57.4712 8.52504 59
      vertex 57.8202 5.6948 51
      vertex 57.8202 5.6948 59
    endloop
  endfacet
  facet normal -0.99729 -0.0735702 0
    outer loop
      vertex 58.03 2.85083 51
      vertex 57.8202 5.6948 59
      vertex 57.8202 5.6948 51
    endloop
  endfacet
  facet normal -0.99729 -0.0735702 0
    outer loop
      vertex 57.8202 5.6948 59
      vertex 58.03 2.85083 51
      vertex 58.03 2.85083 59
    endloop
  endfacet
  facet normal -0.975703 -0.219098 0
    outer loop
      vertex 56.9836 11.3347 51
      vertex 56.3588 14.1171 59
      vertex 56.3588 14.1171 51
    endloop
  endfacet
  facet normal -0.975703 -0.219098 0
    outer loop
      vertex 56.3588 14.1171 59
      vertex 56.9836 11.3347 51
      vertex 56.9836 11.3347 59
    endloop
  endfacet
  facet normal -0.870093 -0.492888 0
    outer loop
      vertex 51.2396 27.3881 51
      vertex 49.834 29.8694 59
      vertex 49.834 29.8694 51
    endloop
  endfacet
  facet normal -0.870093 -0.492888 0
    outer loop
      vertex 49.834 29.8694 59
      vertex 51.2396 27.3881 51
      vertex 51.2396 27.3881 59
    endloop
  endfacet
  facet normal -0.932994 -0.359893 0
    outer loop
      vertex 54.7037 19.5733 51
      vertex 53.6774 22.2339 59
      vertex 53.6774 22.2339 51
    endloop
  endfacet
  facet normal -0.932994 -0.359893 0
    outer loop
      vertex 53.6774 22.2339 59
      vertex 54.7037 19.5733 51
      vertex 54.7037 19.5733 59
    endloop
  endfacet
  facet normal -0.449639 -0.893211 0
    outer loop
      vertex 24.841 52.5218 51
      vertex 27.3881 51.2396 59
      vertex 24.841 52.5218 59
    endloop
  endfacet
  facet normal -0.449639 -0.893211 -0
    outer loop
      vertex 27.3881 51.2396 59
      vertex 24.841 52.5218 51
      vertex 27.3881 51.2396 51
    endloop
  endfacet
  facet normal -0.689554 -0.724235 0
    outer loop
      vertex 39.0176 43.0493 51
      vertex 41.0829 41.0829 59
      vertex 39.0176 43.0493 59
    endloop
  endfacet
  facet normal -0.689554 -0.724235 -0
    outer loop
      vertex 41.0829 41.0829 59
      vertex 39.0176 43.0493 51
      vertex 41.0829 41.0829 51
    endloop
  endfacet
  facet normal -0.757228 -0.65315 0
    outer loop
      vertex 44.9119 36.8582 51
      vertex 43.0493 39.0176 59
      vertex 43.0493 39.0176 51
    endloop
  endfacet
  facet normal -0.757228 -0.65315 0
    outer loop
      vertex 43.0493 39.0176 59
      vertex 44.9119 36.8582 51
      vertex 44.9119 36.8582 59
    endloop
  endfacet
  facet normal 0.689554 -0.724235 0
    outer loop
      vertex -41.0829 41.0829 51
      vertex -39.0176 43.0493 59
      vertex -41.0829 41.0829 59
    endloop
  endfacet
  facet normal 0.689554 -0.724235 0
    outer loop
      vertex -39.0176 43.0493 59
      vertex -41.0829 41.0829 51
      vertex -39.0176 43.0493 51
    endloop
  endfacet
  facet normal 0.359893 -0.932994 0
    outer loop
      vertex -22.2339 53.6774 51
      vertex -19.5733 54.7037 59
      vertex -22.2339 53.6774 59
    endloop
  endfacet
  facet normal 0.359893 -0.932994 0
    outer loop
      vertex -19.5733 54.7037 59
      vertex -22.2339 53.6774 51
      vertex -19.5733 54.7037 51
    endloop
  endfacet
  facet normal 0.999699 -0.0245469 0
    outer loop
      vertex -58.1 0 56
      vertex -58.03 2.85083 51
      vertex -58.03 2.85083 56
    endloop
  endfacet
  facet normal 0.999699 -0.0245469 0
    outer loop
      vertex -58.03 2.85083 51
      vertex -58.1 0 56
      vertex -58.1 0 51
    endloop
  endfacet
  facet normal 0.985273 -0.170988 0
    outer loop
      vertex -57.4712 8.52504 56
      vertex -56.9836 11.3347 51
      vertex -56.9836 11.3347 56
    endloop
  endfacet
  facet normal 0.985273 -0.170988 0
    outer loop
      vertex -56.9836 11.3347 51
      vertex -57.4712 8.52504 56
      vertex -57.4712 8.52504 51
    endloop
  endfacet
  facet normal 0.932994 -0.359893 0
    outer loop
      vertex -54.7037 19.5733 59
      vertex -53.6774 22.2339 51
      vertex -53.6774 22.2339 59
    endloop
  endfacet
  facet normal 0.932994 -0.359893 0
    outer loop
      vertex -53.6774 22.2339 51
      vertex -54.7037 19.5733 59
      vertex -54.7037 19.5733 51
    endloop
  endfacet
  facet normal 0.975694 -0.219135 0
    outer loop
      vertex -56.3851 14 56
      vertex -56.3588 14.1171 59
      vertex -56.3851 14 59
    endloop
  endfacet
  facet normal 0.975694 -0.219135 0
    outer loop
      vertex -56.3588 14.1171 59
      vertex -56.3851 14 56
      vertex -56.3588 14.1171 51
    endloop
  endfacet
  facet normal 0.975703 -0.219097 0
    outer loop
      vertex -56.9836 11.3347 51
      vertex -56.3851 14 56
      vertex -56.9836 11.3347 56
    endloop
  endfacet
  facet normal 0.975703 -0.219098 9.14546e-07
    outer loop
      vertex -56.3851 14 56
      vertex -56.9836 11.3347 51
      vertex -56.3588 14.1171 51
    endloop
  endfacet
  facet normal 0.724235 -0.689554 0
    outer loop
      vertex -43.0493 39.0176 59
      vertex -41.0829 41.0829 51
      vertex -41.0829 41.0829 59
    endloop
  endfacet
  facet normal 0.724235 -0.689554 0
    outer loop
      vertex -41.0829 41.0829 51
      vertex -43.0493 39.0176 59
      vertex -43.0493 39.0176 51
    endloop
  endfacet
  facet normal 0.817589 -0.575802 0
    outer loop
      vertex -48.3084 32.2786 59
      vertex -46.6664 34.6101 51
      vertex -46.6664 34.6101 59
    endloop
  endfacet
  facet normal 0.817589 -0.575802 0
    outer loop
      vertex -46.6664 34.6101 51
      vertex -48.3084 32.2786 59
      vertex -48.3084 32.2786 51
    endloop
  endfacet
  facet normal 0.870093 -0.492888 0
    outer loop
      vertex -51.2396 27.3881 59
      vertex -49.834 29.8694 51
      vertex -49.834 29.8694 59
    endloop
  endfacet
  facet normal 0.870093 -0.492888 0
    outer loop
      vertex -49.834 29.8694 51
      vertex -51.2396 27.3881 59
      vertex -51.2396 27.3881 51
    endloop
  endfacet
  facet normal -0.219098 -0.975703 0
    outer loop
      vertex 11.3347 56.9836 51
      vertex 14.1171 56.3588 59
      vertex 11.3347 56.9836 59
    endloop
  endfacet
  facet normal -0.219098 -0.975703 -0
    outer loop
      vertex 14.1171 56.3588 59
      vertex 11.3347 56.9836 51
      vertex 14.1171 56.3588 51
    endloop
  endfacet
  facet normal -0.122384 -0.992483 0
    outer loop
      vertex 5.6948 57.8202 51
      vertex 8.52504 57.4712 59
      vertex 5.6948 57.8202 59
    endloop
  endfacet
  facet normal -0.122384 -0.992483 -0
    outer loop
      vertex 8.52504 57.4712 59
      vertex 5.6948 57.8202 51
      vertex 8.52504 57.4712 51
    endloop
  endfacet
  facet normal -0.266718 -0.963775 0
    outer loop
      vertex 14.1171 56.3588 51
      vertex 16.8655 55.5982 59
      vertex 14.1171 56.3588 59
    endloop
  endfacet
  facet normal -0.266718 -0.963775 -0
    outer loop
      vertex 16.8655 55.5982 59
      vertex 14.1171 56.3588 51
      vertex 16.8655 55.5982 51
    endloop
  endfacet
  facet normal -0.405227 -0.914216 0
    outer loop
      vertex 22.2339 53.6774 51
      vertex 24.841 52.5218 59
      vertex 22.2339 53.6774 59
    endloop
  endfacet
  facet normal -0.405227 -0.914216 -0
    outer loop
      vertex 24.841 52.5218 59
      vertex 22.2339 53.6774 51
      vertex 24.841 52.5218 51
    endloop
  endfacet
  facet normal -0.963775 0.266718 0
    outer loop
      vertex 55.5982 -16.8655 51
      vertex 56.3588 -14.1171 59
      vertex 56.3588 -14.1171 51
    endloop
  endfacet
  facet normal -0.963775 0.266718 0
    outer loop
      vertex 56.3588 -14.1171 59
      vertex 55.5982 -16.8655 51
      vertex 55.5982 -16.8655 59
    endloop
  endfacet
  facet normal -0.963775 -0.266718 0
    outer loop
      vertex 56.3588 14.1171 51
      vertex 55.5982 16.8655 59
      vertex 55.5982 16.8655 51
    endloop
  endfacet
  facet normal -0.963775 -0.266718 0
    outer loop
      vertex 55.5982 16.8655 59
      vertex 56.3588 14.1171 51
      vertex 56.3588 14.1171 59
    endloop
  endfacet
  facet normal -0.985273 -0.170988 0
    outer loop
      vertex 57.4712 8.52504 51
      vertex 56.9836 11.3347 59
      vertex 56.9836 11.3347 51
    endloop
  endfacet
  facet normal -0.985273 -0.170988 0
    outer loop
      vertex 56.9836 11.3347 59
      vertex 57.4712 8.52504 51
      vertex 57.4712 8.52504 59
    endloop
  endfacet
  facet normal -0.914216 -0.405227 0
    outer loop
      vertex 53.6774 22.2339 51
      vertex 52.5218 24.841 59
      vertex 52.5218 24.841 51
    endloop
  endfacet
  facet normal -0.914216 -0.405227 0
    outer loop
      vertex 52.5218 24.841 59
      vertex 53.6774 22.2339 51
      vertex 53.6774 22.2339 59
    endloop
  endfacet
  facet normal -0.893211 -0.449639 0
    outer loop
      vertex 52.5218 24.841 51
      vertex 51.2396 27.3881 59
      vertex 51.2396 27.3881 51
    endloop
  endfacet
  facet normal -0.893211 -0.449639 0
    outer loop
      vertex 51.2396 27.3881 59
      vertex 52.5218 24.841 51
      vertex 52.5218 24.841 59
    endloop
  endfacet
  facet normal -0.788335 -0.615246 0
    outer loop
      vertex 46.6664 34.6101 51
      vertex 44.9119 36.8582 59
      vertex 44.9119 36.8582 51
    endloop
  endfacet
  facet normal -0.788335 -0.615246 0
    outer loop
      vertex 44.9119 36.8582 59
      vertex 46.6664 34.6101 51
      vertex 46.6664 34.6101 59
    endloop
  endfacet
  facet normal -0.0245469 -0.999699 0
    outer loop
      vertex 0 58.1 51
      vertex 2.85083 58.03 59
      vertex 0 58.1 59
    endloop
  endfacet
  facet normal -0.0245469 -0.999699 -0
    outer loop
      vertex 2.85083 58.03 59
      vertex 0 58.1 51
      vertex 2.85083 58.03 51
    endloop
  endfacet
  facet normal 0.122384 -0.992483 -1.79591e-05
    outer loop
      vertex -5.94319 57.7896 57.3839
      vertex -5.6948 57.8202 59
      vertex -8.52504 57.4712 59
    endloop
  endfacet
  facet normal 0.122269 -0.992497 0
    outer loop
      vertex -5.6948 57.8202 59
      vertex -5.94319 57.7896 57.3839
      vertex -5.6948 57.8202 57.5758
    endloop
  endfacet
  facet normal 0.122342 -0.992488 -8.68961e-05
    outer loop
      vertex -8.52504 57.4712 59
      vertex -6.08529 57.7721 57.1974
      vertex -5.94319 57.7896 57.3839
    endloop
  endfacet
  facet normal 0.12237 -0.992485 -4.80309e-05
    outer loop
      vertex -8.52504 57.4712 59
      vertex -6.14047 57.7653 57.125
      vertex -6.08529 57.7721 57.1974
    endloop
  endfacet
  facet normal 0.122521 -0.992466 0.000147385
    outer loop
      vertex -8.52504 57.4712 59
      vertex -6.1752 57.761 57.0406
      vertex -6.14047 57.7653 57.125
    endloop
  endfacet
  facet normal 0.122367 -0.992485 -4.05654e-05
    outer loop
      vertex -8.52504 57.4712 59
      vertex -6.26449 57.75 56.8235
      vertex -6.1752 57.761 57.0406
    endloop
  endfacet
  facet normal 0.122574 -0.992459 0.000177971
    outer loop
      vertex -8.52504 57.4712 59
      vertex -6.29492 57.7462 56.5908
      vertex -6.26449 57.75 56.8235
    endloop
  endfacet
  facet normal 0.121735 -0.992562 -0.000610256
    outer loop
      vertex -8.52504 57.4712 59
      vertex -6.30679 57.7448 56.5
      vertex -6.29492 57.7462 56.5908
    endloop
  endfacet
  facet normal 0.123324 -0.992366 0.000820983
    outer loop
      vertex -8.52504 57.4712 59
      vertex -6.29492 57.7462 56.4092
      vertex -6.30679 57.7448 56.5
    endloop
  endfacet
  facet normal 0.122111 -0.992516 -0.000239511
    outer loop
      vertex -8.52504 57.4712 59
      vertex -6.26449 57.75 56.1765
      vertex -6.29492 57.7462 56.4092
    endloop
  endfacet
  facet normal 0.122405 -0.99248 0
    outer loop
      vertex -8.52504 57.4712 51
      vertex -6.26449 57.75 56.1765
      vertex -8.52504 57.4712 59
    endloop
  endfacet
  facet normal 0.12234 -0.992488 2.9163e-05
    outer loop
      vertex -6.26449 57.75 56.1765
      vertex -8.52504 57.4712 51
      vertex -6.1752 57.761 55.9594
    endloop
  endfacet
  facet normal 0.12262 -0.992454 -0.000105945
    outer loop
      vertex -6.1752 57.761 55.9594
      vertex -8.52504 57.4712 51
      vertex -6.14047 57.7653 55.875
    endloop
  endfacet
  facet normal 0.122347 -0.992487 3.00278e-05
    outer loop
      vertex -6.14047 57.7653 55.875
      vertex -8.52504 57.4712 51
      vertex -6.08529 57.7721 55.8026
    endloop
  endfacet
  facet normal 0.1223 -0.992493 5.43293e-05
    outer loop
      vertex -6.08529 57.7721 55.8026
      vertex -8.52504 57.4712 51
      vertex -5.94319 57.7896 55.6161
    endloop
  endfacet
  facet normal 0.122307 -0.992492 5.00256e-05
    outer loop
      vertex -8.52504 57.4712 51
      vertex -5.6948 57.8202 55.4242
      vertex -5.94319 57.7896 55.6161
    endloop
  endfacet
  facet normal 0.122384 -0.992483 0
    outer loop
      vertex -5.6948 57.8202 55.4242
      vertex -8.52504 57.4712 51
      vertex -5.6948 57.8202 51
    endloop
  endfacet
  facet normal 0.534995 -0.844855 0
    outer loop
      vertex -32.2786 48.3084 51
      vertex -29.8694 49.834 59
      vertex -32.2786 48.3084 59
    endloop
  endfacet
  facet normal 0.534995 -0.844855 0
    outer loop
      vertex -29.8694 49.834 59
      vertex -32.2786 48.3084 51
      vertex -29.8694 49.834 51
    endloop
  endfacet
  facet normal 0.449639 -0.893211 0
    outer loop
      vertex -27.3881 51.2396 51
      vertex -24.841 52.5218 59
      vertex -27.3881 51.2396 59
    endloop
  endfacet
  facet normal 0.449639 -0.893211 0
    outer loop
      vertex -24.841 52.5218 59
      vertex -27.3881 51.2396 51
      vertex -24.841 52.5218 51
    endloop
  endfacet
  facet normal 0.615246 -0.788335 0
    outer loop
      vertex -36.8582 44.9119 51
      vertex -34.6101 46.6664 59
      vertex -36.8582 44.9119 59
    endloop
  endfacet
  facet normal 0.615246 -0.788335 0
    outer loop
      vertex -34.6101 46.6664 59
      vertex -36.8582 44.9119 51
      vertex -34.6101 46.6664 51
    endloop
  endfacet
  facet normal 0.99729 -0.0735702 0
    outer loop
      vertex -58.03 2.85083 56
      vertex -57.8202 5.6948 51
      vertex -57.8202 5.6948 56
    endloop
  endfacet
  facet normal 0.99729 -0.0735702 0
    outer loop
      vertex -57.8202 5.6948 51
      vertex -58.03 2.85083 56
      vertex -58.03 2.85083 51
    endloop
  endfacet
  facet normal 0.963775 -0.266718 0
    outer loop
      vertex -56.3588 14.1171 59
      vertex -55.5982 16.8655 51
      vertex -55.5982 16.8655 59
    endloop
  endfacet
  facet normal 0.963775 -0.266718 0
    outer loop
      vertex -55.5982 16.8655 51
      vertex -56.3588 14.1171 59
      vertex -56.3588 14.1171 51
    endloop
  endfacet
  facet normal 0.788335 -0.615246 0
    outer loop
      vertex -46.6664 34.6101 59
      vertex -44.9119 36.8582 51
      vertex -44.9119 36.8582 59
    endloop
  endfacet
  facet normal 0.788335 -0.615246 0
    outer loop
      vertex -44.9119 36.8582 51
      vertex -46.6664 34.6101 59
      vertex -46.6664 34.6101 51
    endloop
  endfacet
  facet normal 0.893211 -0.449639 0
    outer loop
      vertex -52.5218 24.841 59
      vertex -51.2396 27.3881 51
      vertex -51.2396 27.3881 59
    endloop
  endfacet
  facet normal 0.893211 -0.449639 0
    outer loop
      vertex -51.2396 27.3881 51
      vertex -52.5218 24.841 59
      vertex -52.5218 24.841 51
    endloop
  endfacet
  facet normal 0.914216 -0.405227 0
    outer loop
      vertex -53.6774 22.2339 59
      vertex -52.5218 24.841 51
      vertex -52.5218 24.841 59
    endloop
  endfacet
  facet normal 0.914216 -0.405227 0
    outer loop
      vertex -52.5218 24.841 51
      vertex -53.6774 22.2339 59
      vertex -53.6774 22.2339 51
    endloop
  endfacet
  facet normal -0.170988 -0.985273 0
    outer loop
      vertex 8.52504 57.4712 51
      vertex 11.3347 56.9836 59
      vertex 8.52504 57.4712 59
    endloop
  endfacet
  facet normal -0.170988 -0.985273 -0
    outer loop
      vertex 11.3347 56.9836 59
      vertex 8.52504 57.4712 51
      vertex 11.3347 56.9836 51
    endloop
  endfacet
  facet normal -0.359893 -0.932994 0
    outer loop
      vertex 19.5733 54.7037 51
      vertex 22.2339 53.6774 59
      vertex 19.5733 54.7037 59
    endloop
  endfacet
  facet normal -0.359893 -0.932994 -0
    outer loop
      vertex 22.2339 53.6774 59
      vertex 19.5733 54.7037 51
      vertex 22.2339 53.6774 51
    endloop
  endfacet
  facet normal -0.949532 -0.31367 0
    outer loop
      vertex 55.5982 16.8655 51
      vertex 54.7037 19.5733 59
      vertex 54.7037 19.5733 51
    endloop
  endfacet
  facet normal -0.949532 -0.31367 0
    outer loop
      vertex 54.7037 19.5733 59
      vertex 55.5982 16.8655 51
      vertex 55.5982 16.8655 59
    endloop
  endfacet
  facet normal -0.534995 -0.844855 0
    outer loop
      vertex 29.8694 49.834 51
      vertex 32.2786 48.3084 59
      vertex 29.8694 49.834 59
    endloop
  endfacet
  facet normal -0.534995 -0.844855 -0
    outer loop
      vertex 32.2786 48.3084 59
      vertex 29.8694 49.834 51
      vertex 32.2786 48.3084 51
    endloop
  endfacet
  facet normal -0.492888 -0.870093 0
    outer loop
      vertex 27.3881 51.2396 51
      vertex 29.8694 49.834 59
      vertex 27.3881 51.2396 59
    endloop
  endfacet
  facet normal -0.492888 -0.870093 -0
    outer loop
      vertex 29.8694 49.834 59
      vertex 27.3881 51.2396 51
      vertex 29.8694 49.834 51
    endloop
  endfacet
  facet normal -0.575802 -0.817589 0
    outer loop
      vertex 32.2786 48.3084 51
      vertex 34.6101 46.6664 59
      vertex 32.2786 48.3084 59
    endloop
  endfacet
  facet normal -0.575802 -0.817589 -0
    outer loop
      vertex 34.6101 46.6664 59
      vertex 32.2786 48.3084 51
      vertex 34.6101 46.6664 51
    endloop
  endfacet
  facet normal -0.615246 -0.788335 0
    outer loop
      vertex 34.6101 46.6664 51
      vertex 36.8582 44.9119 59
      vertex 34.6101 46.6664 59
    endloop
  endfacet
  facet normal -0.615246 -0.788335 -0
    outer loop
      vertex 36.8582 44.9119 59
      vertex 34.6101 46.6664 51
      vertex 36.8582 44.9119 51
    endloop
  endfacet
  facet normal -0.65315 -0.757228 0
    outer loop
      vertex 36.8582 44.9119 51
      vertex 39.0176 43.0493 59
      vertex 36.8582 44.9119 59
    endloop
  endfacet
  facet normal -0.65315 -0.757228 -0
    outer loop
      vertex 39.0176 43.0493 59
      vertex 36.8582 44.9119 51
      vertex 39.0176 43.0493 51
    endloop
  endfacet
  facet normal -0.724235 -0.689554 0
    outer loop
      vertex 43.0493 39.0176 51
      vertex 41.0829 41.0829 59
      vertex 41.0829 41.0829 51
    endloop
  endfacet
  facet normal -0.724235 -0.689554 0
    outer loop
      vertex 41.0829 41.0829 59
      vertex 43.0493 39.0176 51
      vertex 43.0493 39.0176 59
    endloop
  endfacet
  facet normal -0.844855 -0.534995 0
    outer loop
      vertex 49.834 29.8694 51
      vertex 48.3084 32.2786 59
      vertex 48.3084 32.2786 51
    endloop
  endfacet
  facet normal -0.844855 -0.534995 0
    outer loop
      vertex 48.3084 32.2786 59
      vertex 49.834 29.8694 51
      vertex 49.834 29.8694 59
    endloop
  endfacet
  facet normal 0.0737039 -0.99728 -3.75868e-06
    outer loop
      vertex -5.29542 57.8497 55.2807
      vertex -5.6948 57.8202 51
      vertex -5.06269 57.8669 55.25
    endloop
  endfacet
  facet normal 0.0731833 -0.997319 4.50736e-05
    outer loop
      vertex -5.38537 57.8431 55.2926
      vertex -5.6948 57.8202 51
      vertex -5.29542 57.8497 55.2807
    endloop
  endfacet
  facet normal 0.0738357 -0.99727 -2.20879e-06
    outer loop
      vertex -5.46911 57.8369 55.3274
      vertex -5.6948 57.8202 51
      vertex -5.38537 57.8431 55.2926
    endloop
  endfacet
  facet normal 0.0735551 -0.997291 1.2503e-05
    outer loop
      vertex -5.68606 57.8209 55.4175
      vertex -5.6948 57.8202 51
      vertex -5.46911 57.8369 55.3274
    endloop
  endfacet
  facet normal 0.0798359 -0.996808 0
    outer loop
      vertex -5.6948 57.8202 51
      vertex -5.68606 57.8209 55.4175
      vertex -5.6948 57.8202 55.4242
    endloop
  endfacet
  facet normal 0.073003 -0.997332 -0.000343569
    outer loop
      vertex -4.97258 57.8735 57.7381
      vertex -5.6948 57.8202 59
      vertex -5.06269 57.8669 57.75
    endloop
  endfacet
  facet normal 0.0737028 -0.99728 1.22154e-05
    outer loop
      vertex -5.6948 57.8202 59
      vertex -5.29542 57.8497 57.7193
      vertex -5.06269 57.8669 57.75
    endloop
  endfacet
  facet normal 0.0731966 -0.997318 -0.000146474
    outer loop
      vertex -5.6948 57.8202 59
      vertex -5.38537 57.8431 57.7074
      vertex -5.29542 57.8497 57.7193
    endloop
  endfacet
  facet normal 0.0738338 -0.997271 6.87134e-06
    outer loop
      vertex -5.6948 57.8202 59
      vertex -5.46911 57.8369 57.6726
      vertex -5.38537 57.8431 57.7074
    endloop
  endfacet
  facet normal 0.073566 -0.99729 -3.88968e-05
    outer loop
      vertex -5.6948 57.8202 59
      vertex -5.68606 57.8209 57.5825
      vertex -5.46911 57.8369 57.6726
    endloop
  endfacet
  facet normal 0.0798359 -0.996808 0
    outer loop
      vertex -5.68606 57.8209 57.5825
      vertex -5.6948 57.8202 59
      vertex -5.6948 57.8202 57.5758
    endloop
  endfacet
  facet normal 0.0737709 -0.997275 9.82809e-05
    outer loop
      vertex -4.74002 57.8907 57.7074
      vertex -5.6948 57.8202 59
      vertex -4.97258 57.8735 57.7381
    endloop
  endfacet
  facet normal 0.0735702 -0.99729 -5.07422e-05
    outer loop
      vertex -5.6948 57.8202 59
      vertex -4.74002 57.8907 57.7074
      vertex -2.85083 58.03 59
    endloop
  endfacet
  facet normal 0.073389 -0.997303 0.000215573
    outer loop
      vertex -4.43933 57.9128 57.5825
      vertex -2.85083 58.03 59
      vertex -4.74002 57.8907 57.7074
    endloop
  endfacet
  facet normal 0.0736818 -0.997282 -0.000114346
    outer loop
      vertex -4.18112 57.9319 57.3839
      vertex -2.85083 58.03 59
      vertex -4.43933 57.9128 57.5825
    endloop
  endfacet
  facet normal 0.0735177 -0.997294 2.14867e-05
    outer loop
      vertex -3.98299 57.9465 57.125
      vertex -2.85083 58.03 59
      vertex -4.18112 57.9319 57.3839
    endloop
  endfacet
  facet normal 0.0737934 -0.997274 -0.000145895
    outer loop
      vertex -3.94802 57.9491 57.0403
      vertex -2.85083 58.03 59
      vertex -3.98299 57.9465 57.125
    endloop
  endfacet
  facet normal 0.0735138 -0.997294 1.14807e-05
    outer loop
      vertex -3.85845 57.9557 56.8235
      vertex -2.85083 58.03 59
      vertex -3.94802 57.9491 57.0403
    endloop
  endfacet
  facet normal 0.0731603 -0.99732 0.000176022
    outer loop
      vertex -3.8279 57.9579 56.5909
      vertex -2.85083 58.03 59
      vertex -3.85845 57.9557 56.8235
    endloop
  endfacet
  facet normal 0.0739765 -0.99726 -0.000156815
    outer loop
      vertex -3.81596 57.9588 56.5
      vertex -2.85083 58.03 59
      vertex -3.8279 57.9579 56.5909
    endloop
  endfacet
  facet normal 0.0727517 -0.99735 0.000318589
    outer loop
      vertex -3.8279 57.9579 56.4091
      vertex -2.85083 58.03 59
      vertex -3.81596 57.9588 56.5
    endloop
  endfacet
  facet normal 0.0745348 -0.997218 -0.000357516
    outer loop
      vertex -3.85845 57.9557 56.1765
      vertex -2.85083 58.03 59
      vertex -3.8279 57.9579 56.4091
    endloop
  endfacet
  facet normal 0.0739318 -0.997263 8.84338e-05
    outer loop
      vertex -2.85083 58.03 51
      vertex -3.94802 57.9491 55.9597
      vertex -3.98299 57.9465 55.875
    endloop
  endfacet
  facet normal 0.0730355 -0.997329 9.61905e-05
    outer loop
      vertex -5.6948 57.8202 51
      vertex -4.97258 57.8735 55.2619
      vertex -5.06269 57.8669 55.25
    endloop
  endfacet
  facet normal 0.0737616 -0.997276 -2.75169e-05
    outer loop
      vertex -5.6948 57.8202 51
      vertex -4.74002 57.8907 55.2926
      vertex -4.97258 57.8735 55.2619
    endloop
  endfacet
  facet normal 0.0735702 -0.99729 1.52796e-05
    outer loop
      vertex -2.85083 58.03 51
      vertex -4.74002 57.8907 55.2926
      vertex -5.6948 57.8202 51
    endloop
  endfacet
  facet normal 0.0733363 -0.997307 -8.81996e-05
    outer loop
      vertex -4.74002 57.8907 55.2926
      vertex -2.85083 58.03 51
      vertex -4.43933 57.9128 55.4175
    endloop
  endfacet
  facet normal 0.0737283 -0.997278 5.35158e-05
    outer loop
      vertex -4.43933 57.9128 55.4175
      vertex -2.85083 58.03 51
      vertex -4.18112 57.9319 55.6161
    endloop
  endfacet
  facet normal 0.0735045 -0.997295 -1.13425e-05
    outer loop
      vertex -4.18112 57.9319 55.6161
      vertex -2.85083 58.03 51
      vertex -3.98299 57.9465 55.875
    endloop
  endfacet
  facet normal 0.0735029 -0.997295 -6.958e-06
    outer loop
      vertex -3.94802 57.9491 55.9597
      vertex -2.85083 58.03 51
      vertex -3.85845 57.9557 56.1765
    endloop
  endfacet
  facet normal 0.0735385 -0.997292 0
    outer loop
      vertex -3.85845 57.9557 56.1765
      vertex -2.85083 58.03 51
      vertex -2.85083 58.03 59
    endloop
  endfacet
  facet normal 0.31367 -0.949532 0
    outer loop
      vertex -19.5733 54.7037 51
      vertex -16.8655 55.5982 59
      vertex -19.5733 54.7037 59
    endloop
  endfacet
  facet normal 0.31367 -0.949532 0
    outer loop
      vertex -16.8655 55.5982 59
      vertex -19.5733 54.7037 51
      vertex -16.8655 55.5982 51
    endloop
  endfacet
  facet normal 0.170988 -0.985273 0
    outer loop
      vertex -11.3347 56.9836 51
      vertex -8.52504 57.4712 59
      vertex -11.3347 56.9836 59
    endloop
  endfacet
  facet normal 0.170988 -0.985273 0
    outer loop
      vertex -8.52504 57.4712 59
      vertex -11.3347 56.9836 51
      vertex -8.52504 57.4712 51
    endloop
  endfacet
  facet normal 0.266718 -0.963775 0
    outer loop
      vertex -16.8655 55.5982 51
      vertex -14.1171 56.3588 59
      vertex -16.8655 55.5982 59
    endloop
  endfacet
  facet normal 0.266718 -0.963775 0
    outer loop
      vertex -14.1171 56.3588 59
      vertex -16.8655 55.5982 51
      vertex -14.1171 56.3588 51
    endloop
  endfacet
  facet normal 0.492888 -0.870093 0
    outer loop
      vertex -29.8694 49.834 51
      vertex -27.3881 51.2396 59
      vertex -29.8694 49.834 59
    endloop
  endfacet
  facet normal 0.492888 -0.870093 0
    outer loop
      vertex -27.3881 51.2396 59
      vertex -29.8694 49.834 51
      vertex -27.3881 51.2396 51
    endloop
  endfacet
  facet normal 0.405227 -0.914216 0
    outer loop
      vertex -24.841 52.5218 51
      vertex -22.2339 53.6774 59
      vertex -24.841 52.5218 59
    endloop
  endfacet
  facet normal 0.405227 -0.914216 0
    outer loop
      vertex -22.2339 53.6774 59
      vertex -24.841 52.5218 51
      vertex -22.2339 53.6774 51
    endloop
  endfacet
  facet normal 0.65315 -0.757228 0
    outer loop
      vertex -39.0176 43.0493 51
      vertex -36.8582 44.9119 59
      vertex -39.0176 43.0493 59
    endloop
  endfacet
  facet normal 0.65315 -0.757228 0
    outer loop
      vertex -36.8582 44.9119 59
      vertex -39.0176 43.0493 51
      vertex -36.8582 44.9119 51
    endloop
  endfacet
  facet normal 0.575802 -0.817589 0
    outer loop
      vertex -34.6101 46.6664 51
      vertex -32.2786 48.3084 59
      vertex -34.6101 46.6664 59
    endloop
  endfacet
  facet normal 0.575802 -0.817589 0
    outer loop
      vertex -32.2786 48.3084 59
      vertex -34.6101 46.6664 51
      vertex -32.2786 48.3084 51
    endloop
  endfacet
  facet normal -0.817589 -0.575802 0
    outer loop
      vertex 48.3084 32.2786 51
      vertex 46.6664 34.6101 59
      vertex 46.6664 34.6101 51
    endloop
  endfacet
  facet normal -0.817589 -0.575802 0
    outer loop
      vertex 46.6664 34.6101 59
      vertex 48.3084 32.2786 51
      vertex 48.3084 32.2786 59
    endloop
  endfacet
  facet normal 0.219098 -0.975703 0
    outer loop
      vertex -14.1171 56.3588 51
      vertex -11.3347 56.9836 59
      vertex -14.1171 56.3588 59
    endloop
  endfacet
  facet normal 0.219098 -0.975703 0
    outer loop
      vertex -11.3347 56.9836 59
      vertex -14.1171 56.3588 51
      vertex -11.3347 56.9836 51
    endloop
  endfacet
  facet normal -0.689534 0.724254 0
    outer loop
      vertex 29.8753 -29.8753 45
      vertex 28.3734 -31.3052 51
      vertex 29.8753 -29.8753 51
    endloop
  endfacet
  facet normal -0.689534 0.724254 0
    outer loop
      vertex 28.3734 -31.3052 51
      vertex 29.8753 -29.8753 45
      vertex 28.3734 -31.3052 45
    endloop
  endfacet
  facet normal -0.653159 0.757221 0
    outer loop
      vertex 28.3734 -31.3052 45
      vertex 26.8031 -32.6597 51
      vertex 28.3734 -31.3052 51
    endloop
  endfacet
  facet normal -0.653159 0.757221 0
    outer loop
      vertex 26.8031 -32.6597 51
      vertex 28.3734 -31.3052 45
      vertex 26.8031 -32.6597 45
    endloop
  endfacet
  facet normal 0.35988 0.932998 -0
    outer loop
      vertex -14.2336 -39.7802 45
      vertex -16.1684 -39.0339 51
      vertex -14.2336 -39.7802 51
    endloop
  endfacet
  facet normal 0.35988 0.932998 0
    outer loop
      vertex -16.1684 -39.0339 51
      vertex -14.2336 -39.7802 45
      vertex -16.1684 -39.0339 45
    endloop
  endfacet
  facet normal 0.914201 0.405261 0
    outer loop
      vertex -38.1935 -18.0642 51
      vertex -39.0339 -16.1684 45
      vertex -39.0339 -16.1684 51
    endloop
  endfacet
  facet normal 0.914201 0.405261 0
    outer loop
      vertex -39.0339 -16.1684 45
      vertex -38.1935 -18.0642 51
      vertex -38.1935 -18.0642 45
    endloop
  endfacet
  facet normal -0.914201 0.405261 0
    outer loop
      vertex 38.1935 -18.0642 45
      vertex 39.0339 -16.1684 51
      vertex 39.0339 -16.1684 45
    endloop
  endfacet
  facet normal -0.914201 0.405261 0
    outer loop
      vertex 39.0339 -16.1684 51
      vertex 38.1935 -18.0642 45
      vertex 38.1935 -18.0642 51
    endloop
  endfacet
  facet normal -0.405261 0.914201 0
    outer loop
      vertex 18.0642 -38.1935 45
      vertex 16.1684 -39.0339 51
      vertex 18.0642 -38.1935 51
    endloop
  endfacet
  facet normal -0.405261 0.914201 0
    outer loop
      vertex 16.1684 -39.0339 51
      vertex 18.0642 -38.1935 45
      vertex 16.1684 -39.0339 45
    endloop
  endfacet
  facet normal 0.724254 0.689534 0
    outer loop
      vertex -29.8753 -29.8753 51
      vertex -31.3052 -28.3734 45
      vertex -31.3052 -28.3734 51
    endloop
  endfacet
  facet normal 0.724254 0.689534 0
    outer loop
      vertex -31.3052 -28.3734 45
      vertex -29.8753 -29.8753 51
      vertex -29.8753 -29.8753 45
    endloop
  endfacet
  facet normal 0.170948 0.98528 -0
    outer loop
      vertex -6.19936 -41.7927 45
      vertex -8.24257 -41.4382 51
      vertex -6.19936 -41.7927 51
    endloop
  endfacet
  facet normal 0.170948 0.98528 0
    outer loop
      vertex -8.24257 -41.4382 51
      vertex -6.19936 -41.7927 45
      vertex -8.24257 -41.4382 45
    endloop
  endfacet
  facet normal -0.724254 -0.689534 0
    outer loop
      vertex 31.3052 28.3734 45
      vertex 29.8753 29.8753 51
      vertex 29.8753 29.8753 45
    endloop
  endfacet
  facet normal -0.724254 -0.689534 0
    outer loop
      vertex 29.8753 29.8753 51
      vertex 31.3052 28.3734 45
      vertex 31.3052 28.3734 51
    endloop
  endfacet
  facet normal 0.575806 -0.817586 0
    outer loop
      vertex -25.1683 33.9355 45
      vertex -23.4728 35.1296 51
      vertex -25.1683 33.9355 51
    endloop
  endfacet
  facet normal 0.575806 -0.817586 0
    outer loop
      vertex -23.4728 35.1296 51
      vertex -25.1683 33.9355 45
      vertex -23.4728 35.1296 45
    endloop
  endfacet
  facet normal 0.949529 -0.313681 0
    outer loop
      vertex -40.4307 12.2645 51
      vertex -39.7802 14.2336 45
      vertex -39.7802 14.2336 51
    endloop
  endfacet
  facet normal 0.949529 -0.313681 0
    outer loop
      vertex -39.7802 14.2336 45
      vertex -40.4307 12.2645 51
      vertex -40.4307 12.2645 45
    endloop
  endfacet
  facet normal 0.817586 -0.575806 0
    outer loop
      vertex -35.1296 23.4728 51
      vertex -33.9355 25.1683 45
      vertex -33.9355 25.1683 51
    endloop
  endfacet
  facet normal 0.817586 -0.575806 0
    outer loop
      vertex -33.9355 25.1683 45
      vertex -35.1296 23.4728 51
      vertex -35.1296 23.4728 45
    endloop
  endfacet
  facet normal -0.997292 0.0735392 0
    outer loop
      vertex 42.0466 -4.14122 45
      vertex 42.1991 -2.07311 51
      vertex 42.1991 -2.07311 45
    endloop
  endfacet
  facet normal -0.997292 0.0735392 0
    outer loop
      vertex 42.1991 -2.07311 51
      vertex 42.0466 -4.14122 45
      vertex 42.0466 -4.14122 51
    endloop
  endfacet
  facet normal -0.992476 0.122436 0
    outer loop
      vertex 41.7927 -6.19936 45
      vertex 42.0466 -4.14122 51
      vertex 42.0466 -4.14122 45
    endloop
  endfacet
  facet normal -0.992476 0.122436 0
    outer loop
      vertex 42.0466 -4.14122 51
      vertex 41.7927 -6.19936 45
      vertex 41.7927 -6.19936 51
    endloop
  endfacet
  facet normal -0.844863 0.534983 0
    outer loop
      vertex 35.1296 -23.4728 45
      vertex 36.239 -21.7208 51
      vertex 36.239 -21.7208 45
    endloop
  endfacet
  facet normal -0.844863 0.534983 0
    outer loop
      vertex 36.239 -21.7208 51
      vertex 35.1296 -23.4728 45
      vertex 35.1296 -23.4728 51
    endloop
  endfacet
  facet normal -0.893238 0.449585 0
    outer loop
      vertex 37.2612 -19.9165 45
      vertex 38.1935 -18.0642 51
      vertex 38.1935 -18.0642 45
    endloop
  endfacet
  facet normal -0.893238 0.449585 0
    outer loop
      vertex 38.1935 -18.0642 51
      vertex 37.2612 -19.9165 45
      vertex 37.2612 -19.9165 51
    endloop
  endfacet
  facet normal -0.757221 0.653159 0
    outer loop
      vertex 31.3052 -28.3734 45
      vertex 32.6597 -26.8031 51
      vertex 32.6597 -26.8031 45
    endloop
  endfacet
  facet normal -0.757221 0.653159 0
    outer loop
      vertex 32.6597 -26.8031 51
      vertex 31.3052 -28.3734 45
      vertex 31.3052 -28.3734 51
    endloop
  endfacet
  facet normal -0.615228 0.788349 0
    outer loop
      vertex 26.8031 -32.6597 45
      vertex 25.1683 -33.9355 51
      vertex 26.8031 -32.6597 51
    endloop
  endfacet
  facet normal -0.615228 0.788349 0
    outer loop
      vertex 25.1683 -33.9355 51
      vertex 26.8031 -32.6597 45
      vertex 25.1683 -33.9355 45
    endloop
  endfacet
  facet normal -0.0245451 0.999699 0
    outer loop
      vertex 2.07311 -42.1991 45
      vertex 0 -42.25 51
      vertex 2.07311 -42.1991 51
    endloop
  endfacet
  facet normal -0.0245451 0.999699 0
    outer loop
      vertex 0 -42.25 51
      vertex 2.07311 -42.1991 45
      vertex 0 -42.25 45
    endloop
  endfacet
  facet normal -0.313681 0.949529 0
    outer loop
      vertex 14.2336 -39.7802 45
      vertex 12.2645 -40.4307 51
      vertex 14.2336 -39.7802 51
    endloop
  endfacet
  facet normal -0.313681 0.949529 0
    outer loop
      vertex 12.2645 -40.4307 51
      vertex 14.2336 -39.7802 45
      vertex 12.2645 -40.4307 45
    endloop
  endfacet
  facet normal -0.266719 0.963774 0
    outer loop
      vertex 12.2645 -40.4307 45
      vertex 10.2659 -40.9838 51
      vertex 12.2645 -40.4307 51
    endloop
  endfacet
  facet normal -0.266719 0.963774 0
    outer loop
      vertex 10.2659 -40.9838 51
      vertex 12.2645 -40.4307 45
      vertex 10.2659 -40.9838 45
    endloop
  endfacet
  facet normal 0.999699 0.0245451 0
    outer loop
      vertex -42.1991 -2.07311 51
      vertex -42.25 0 45
      vertex -42.25 0 51
    endloop
  endfacet
  facet normal 0.999699 0.0245451 0
    outer loop
      vertex -42.25 0 45
      vertex -42.1991 -2.07311 51
      vertex -42.1991 -2.07311 45
    endloop
  endfacet
  facet normal 0.949529 0.313681 0
    outer loop
      vertex -39.7802 -14.2336 51
      vertex -40.4307 -12.2645 45
      vertex -40.4307 -12.2645 51
    endloop
  endfacet
  facet normal 0.949529 0.313681 0
    outer loop
      vertex -40.4307 -12.2645 45
      vertex -39.7802 -14.2336 51
      vertex -39.7802 -14.2336 45
    endloop
  endfacet
  facet normal 0.963774 0.266719 0
    outer loop
      vertex -40.4307 -12.2645 51
      vertex -40.9838 -10.2659 45
      vertex -40.9838 -10.2659 51
    endloop
  endfacet
  facet normal 0.963774 0.266719 0
    outer loop
      vertex -40.9838 -10.2659 45
      vertex -40.4307 -12.2645 51
      vertex -40.4307 -12.2645 45
    endloop
  endfacet
  facet normal 0.817586 0.575806 0
    outer loop
      vertex -33.9355 -25.1683 51
      vertex -35.1296 -23.4728 45
      vertex -35.1296 -23.4728 51
    endloop
  endfacet
  facet normal 0.817586 0.575806 0
    outer loop
      vertex -35.1296 -23.4728 45
      vertex -33.9355 -25.1683 51
      vertex -33.9355 -25.1683 45
    endloop
  endfacet
  facet normal 0.757221 0.653159 0
    outer loop
      vertex -31.3052 -28.3734 51
      vertex -32.6597 -26.8031 45
      vertex -32.6597 -26.8031 51
    endloop
  endfacet
  facet normal 0.757221 0.653159 0
    outer loop
      vertex -32.6597 -26.8031 45
      vertex -31.3052 -28.3734 51
      vertex -31.3052 -28.3734 45
    endloop
  endfacet
  facet normal 0.534983 0.844863 -0
    outer loop
      vertex -21.7208 -36.239 45
      vertex -23.4728 -35.1296 51
      vertex -21.7208 -36.239 51
    endloop
  endfacet
  facet normal 0.534983 0.844863 0
    outer loop
      vertex -23.4728 -35.1296 51
      vertex -21.7208 -36.239 45
      vertex -23.4728 -35.1296 45
    endloop
  endfacet
  facet normal 0.653159 0.757221 -0
    outer loop
      vertex -26.8031 -32.6597 45
      vertex -28.3734 -31.3052 51
      vertex -26.8031 -32.6597 51
    endloop
  endfacet
  facet normal 0.653159 0.757221 0
    outer loop
      vertex -28.3734 -31.3052 51
      vertex -26.8031 -32.6597 45
      vertex -28.3734 -31.3052 45
    endloop
  endfacet
  facet normal -0.999699 0.0245451 0
    outer loop
      vertex 42.1991 -2.07311 45
      vertex 42.25 0 51
      vertex 42.25 0 45
    endloop
  endfacet
  facet normal -0.999699 0.0245451 0
    outer loop
      vertex 42.25 0 51
      vertex 42.1991 -2.07311 45
      vertex 42.1991 -2.07311 51
    endloop
  endfacet
  facet normal -0.963774 -0.266719 0
    outer loop
      vertex 40.9838 10.2659 45
      vertex 40.4307 12.2645 51
      vertex 40.4307 12.2645 45
    endloop
  endfacet
  facet normal -0.963774 -0.266719 0
    outer loop
      vertex 40.4307 12.2645 51
      vertex 40.9838 10.2659 45
      vertex 40.9838 10.2659 51
    endloop
  endfacet
  facet normal -0.122436 -0.992476 0
    outer loop
      vertex 4.14122 42.0466 45
      vertex 6.19936 41.7927 51
      vertex 4.14122 42.0466 51
    endloop
  endfacet
  facet normal -0.122436 -0.992476 -0
    outer loop
      vertex 6.19936 41.7927 51
      vertex 4.14122 42.0466 45
      vertex 6.19936 41.7927 45
    endloop
  endfacet
  facet normal 0.0245451 -0.999699 0
    outer loop
      vertex -2.07311 42.1991 45
      vertex 0 42.25 51
      vertex -2.07311 42.1991 51
    endloop
  endfacet
  facet normal 0.0245451 -0.999699 0
    outer loop
      vertex 0 42.25 51
      vertex -2.07311 42.1991 45
      vertex 0 42.25 45
    endloop
  endfacet
  facet normal 0.405261 -0.914201 0
    outer loop
      vertex -18.0642 38.1935 45
      vertex -16.1684 39.0339 51
      vertex -18.0642 38.1935 51
    endloop
  endfacet
  facet normal 0.405261 -0.914201 0
    outer loop
      vertex -16.1684 39.0339 51
      vertex -18.0642 38.1935 45
      vertex -16.1684 39.0339 45
    endloop
  endfacet
  facet normal 0.615228 -0.788349 0
    outer loop
      vertex -26.8031 32.6597 45
      vertex -25.1683 33.9355 51
      vertex -26.8031 32.6597 51
    endloop
  endfacet
  facet normal 0.615228 -0.788349 0
    outer loop
      vertex -25.1683 33.9355 51
      vertex -26.8031 32.6597 45
      vertex -25.1683 33.9355 45
    endloop
  endfacet
  facet normal -0.98528 0.170948 0
    outer loop
      vertex 41.4382 -8.24257 45
      vertex 41.7927 -6.19936 51
      vertex 41.7927 -6.19936 45
    endloop
  endfacet
  facet normal -0.98528 0.170948 0
    outer loop
      vertex 41.7927 -6.19936 51
      vertex 41.4382 -8.24257 45
      vertex 41.4382 -8.24257 51
    endloop
  endfacet
  facet normal -0.932998 0.35988 0
    outer loop
      vertex 39.0339 -16.1684 45
      vertex 39.7802 -14.2336 51
      vertex 39.7802 -14.2336 45
    endloop
  endfacet
  facet normal -0.932998 0.35988 0
    outer loop
      vertex 39.7802 -14.2336 51
      vertex 39.0339 -16.1684 45
      vertex 39.0339 -16.1684 51
    endloop
  endfacet
  facet normal -0.975697 0.219122 0
    outer loop
      vertex 40.9838 -10.2659 45
      vertex 41.4382 -8.24257 51
      vertex 41.4382 -8.24257 45
    endloop
  endfacet
  facet normal -0.975697 0.219122 0
    outer loop
      vertex 41.4382 -8.24257 51
      vertex 40.9838 -10.2659 45
      vertex 40.9838 -10.2659 51
    endloop
  endfacet
  facet normal -0.949529 0.313681 0
    outer loop
      vertex 39.7802 -14.2336 45
      vertex 40.4307 -12.2645 51
      vertex 40.4307 -12.2645 45
    endloop
  endfacet
  facet normal -0.949529 0.313681 0
    outer loop
      vertex 40.4307 -12.2645 51
      vertex 39.7802 -14.2336 45
      vertex 39.7802 -14.2336 51
    endloop
  endfacet
  facet normal -0.963774 0.266719 0
    outer loop
      vertex 40.4307 -12.2645 45
      vertex 40.9838 -10.2659 51
      vertex 40.9838 -10.2659 45
    endloop
  endfacet
  facet normal -0.963774 0.266719 0
    outer loop
      vertex 40.9838 -10.2659 51
      vertex 40.4307 -12.2645 45
      vertex 40.4307 -12.2645 51
    endloop
  endfacet
  facet normal -0.817586 0.575806 0
    outer loop
      vertex 33.9355 -25.1683 45
      vertex 35.1296 -23.4728 51
      vertex 35.1296 -23.4728 45
    endloop
  endfacet
  facet normal -0.817586 0.575806 0
    outer loop
      vertex 35.1296 -23.4728 51
      vertex 33.9355 -25.1683 45
      vertex 33.9355 -25.1683 51
    endloop
  endfacet
  facet normal -0.788349 0.615228 0
    outer loop
      vertex 32.6597 -26.8031 45
      vertex 33.9355 -25.1683 51
      vertex 33.9355 -25.1683 45
    endloop
  endfacet
  facet normal -0.788349 0.615228 0
    outer loop
      vertex 33.9355 -25.1683 51
      vertex 32.6597 -26.8031 45
      vertex 32.6597 -26.8031 51
    endloop
  endfacet
  facet normal -0.724254 0.689534 0
    outer loop
      vertex 29.8753 -29.8753 45
      vertex 31.3052 -28.3734 51
      vertex 31.3052 -28.3734 45
    endloop
  endfacet
  facet normal -0.724254 0.689534 0
    outer loop
      vertex 31.3052 -28.3734 51
      vertex 29.8753 -29.8753 45
      vertex 29.8753 -29.8753 51
    endloop
  endfacet
  facet normal -0.575806 0.817586 0
    outer loop
      vertex 25.1683 -33.9355 45
      vertex 23.4728 -35.1296 51
      vertex 25.1683 -33.9355 51
    endloop
  endfacet
  facet normal -0.575806 0.817586 0
    outer loop
      vertex 23.4728 -35.1296 51
      vertex 25.1683 -33.9355 45
      vertex 23.4728 -35.1296 45
    endloop
  endfacet
  facet normal -0.534983 0.844863 0
    outer loop
      vertex 23.4728 -35.1296 45
      vertex 21.7208 -36.239 51
      vertex 23.4728 -35.1296 51
    endloop
  endfacet
  facet normal -0.534983 0.844863 0
    outer loop
      vertex 21.7208 -36.239 51
      vertex 23.4728 -35.1296 45
      vertex 21.7208 -36.239 45
    endloop
  endfacet
  facet normal -0.492926 0.870071 0
    outer loop
      vertex 21.7208 -36.239 45
      vertex 19.9165 -37.2612 51
      vertex 21.7208 -36.239 51
    endloop
  endfacet
  facet normal -0.492926 0.870071 0
    outer loop
      vertex 19.9165 -37.2612 51
      vertex 21.7208 -36.239 45
      vertex 19.9165 -37.2612 45
    endloop
  endfacet
  facet normal -0.122436 0.992476 0
    outer loop
      vertex 6.19936 -41.7927 45
      vertex 4.14122 -42.0466 51
      vertex 6.19936 -41.7927 51
    endloop
  endfacet
  facet normal -0.122436 0.992476 0
    outer loop
      vertex 4.14122 -42.0466 51
      vertex 6.19936 -41.7927 45
      vertex 4.14122 -42.0466 45
    endloop
  endfacet
  facet normal -0.219122 0.975697 0
    outer loop
      vertex 10.2659 -40.9838 45
      vertex 8.24257 -41.4382 51
      vertex 10.2659 -40.9838 51
    endloop
  endfacet
  facet normal -0.219122 0.975697 0
    outer loop
      vertex 8.24257 -41.4382 51
      vertex 10.2659 -40.9838 45
      vertex 8.24257 -41.4382 45
    endloop
  endfacet
  facet normal 0.992476 0.122436 0
    outer loop
      vertex -41.7927 -6.19936 51
      vertex -42.0466 -4.14122 45
      vertex -42.0466 -4.14122 51
    endloop
  endfacet
  facet normal 0.992476 0.122436 0
    outer loop
      vertex -42.0466 -4.14122 45
      vertex -41.7927 -6.19936 51
      vertex -41.7927 -6.19936 45
    endloop
  endfacet
  facet normal 0.975697 0.219122 0
    outer loop
      vertex -40.9838 -10.2659 51
      vertex -41.4382 -8.24257 45
      vertex -41.4382 -8.24257 51
    endloop
  endfacet
  facet normal 0.975697 0.219122 0
    outer loop
      vertex -41.4382 -8.24257 45
      vertex -40.9838 -10.2659 51
      vertex -40.9838 -10.2659 45
    endloop
  endfacet
  facet normal 0.870071 0.492926 0
    outer loop
      vertex -36.239 -21.7208 51
      vertex -37.2612 -19.9165 45
      vertex -37.2612 -19.9165 51
    endloop
  endfacet
  facet normal 0.870071 0.492926 0
    outer loop
      vertex -37.2612 -19.9165 45
      vertex -36.239 -21.7208 51
      vertex -36.239 -21.7208 45
    endloop
  endfacet
  facet normal 0.266719 0.963774 -0
    outer loop
      vertex -10.2659 -40.9838 45
      vertex -12.2645 -40.4307 51
      vertex -10.2659 -40.9838 51
    endloop
  endfacet
  facet normal 0.266719 0.963774 0
    outer loop
      vertex -12.2645 -40.4307 51
      vertex -10.2659 -40.9838 45
      vertex -12.2645 -40.4307 45
    endloop
  endfacet
  facet normal 0.0245451 0.999699 -0
    outer loop
      vertex 0 -42.25 45
      vertex -2.07311 -42.1991 51
      vertex 0 -42.25 51
    endloop
  endfacet
  facet normal 0.0245451 0.999699 0
    outer loop
      vertex -2.07311 -42.1991 51
      vertex 0 -42.25 45
      vertex -2.07311 -42.1991 45
    endloop
  endfacet
  facet normal 0.0735392 0.997292 -0
    outer loop
      vertex -2.07311 -42.1991 45
      vertex -4.14122 -42.0466 51
      vertex -2.07311 -42.1991 51
    endloop
  endfacet
  facet normal 0.0735392 0.997292 0
    outer loop
      vertex -4.14122 -42.0466 51
      vertex -2.07311 -42.1991 45
      vertex -4.14122 -42.0466 45
    endloop
  endfacet
  facet normal 0.405261 0.914201 -0
    outer loop
      vertex -16.1684 -39.0339 45
      vertex -18.0642 -38.1935 51
      vertex -16.1684 -39.0339 51
    endloop
  endfacet
  facet normal 0.405261 0.914201 0
    outer loop
      vertex -18.0642 -38.1935 51
      vertex -16.1684 -39.0339 45
      vertex -18.0642 -38.1935 45
    endloop
  endfacet
  facet normal 0.492926 0.870071 -0
    outer loop
      vertex -19.9165 -37.2612 45
      vertex -21.7208 -36.239 51
      vertex -19.9165 -37.2612 51
    endloop
  endfacet
  facet normal 0.492926 0.870071 0
    outer loop
      vertex -21.7208 -36.239 51
      vertex -19.9165 -37.2612 45
      vertex -21.7208 -36.239 45
    endloop
  endfacet
  facet normal 0.449585 0.893238 -0
    outer loop
      vertex -18.0642 -38.1935 45
      vertex -19.9165 -37.2612 51
      vertex -18.0642 -38.1935 51
    endloop
  endfacet
  facet normal 0.449585 0.893238 0
    outer loop
      vertex -19.9165 -37.2612 51
      vertex -18.0642 -38.1935 45
      vertex -19.9165 -37.2612 45
    endloop
  endfacet
  facet normal 0.575806 0.817586 -0
    outer loop
      vertex -23.4728 -35.1296 45
      vertex -25.1683 -33.9355 51
      vertex -23.4728 -35.1296 51
    endloop
  endfacet
  facet normal 0.575806 0.817586 0
    outer loop
      vertex -25.1683 -33.9355 51
      vertex -23.4728 -35.1296 45
      vertex -25.1683 -33.9355 45
    endloop
  endfacet
  facet normal 0.615228 0.788349 -0
    outer loop
      vertex -25.1683 -33.9355 45
      vertex -26.8031 -32.6597 51
      vertex -25.1683 -33.9355 51
    endloop
  endfacet
  facet normal 0.615228 0.788349 0
    outer loop
      vertex -26.8031 -32.6597 51
      vertex -25.1683 -33.9355 45
      vertex -26.8031 -32.6597 45
    endloop
  endfacet
  facet normal 0.689534 0.724254 -0
    outer loop
      vertex -28.3734 -31.3052 45
      vertex -29.8753 -29.8753 51
      vertex -28.3734 -31.3052 51
    endloop
  endfacet
  facet normal 0.689534 0.724254 0
    outer loop
      vertex -29.8753 -29.8753 51
      vertex -28.3734 -31.3052 45
      vertex -29.8753 -29.8753 45
    endloop
  endfacet
  facet normal -0.0245451 -0.999699 0
    outer loop
      vertex 0 42.25 45
      vertex 2.07311 42.1991 51
      vertex 0 42.25 51
    endloop
  endfacet
  facet normal -0.0245451 -0.999699 -0
    outer loop
      vertex 2.07311 42.1991 51
      vertex 0 42.25 45
      vertex 2.07311 42.1991 45
    endloop
  endfacet
  facet normal -0.932998 -0.35988 0
    outer loop
      vertex 39.7802 14.2336 45
      vertex 39.0339 16.1684 51
      vertex 39.0339 16.1684 45
    endloop
  endfacet
  facet normal -0.932998 -0.35988 0
    outer loop
      vertex 39.0339 16.1684 51
      vertex 39.7802 14.2336 45
      vertex 39.7802 14.2336 51
    endloop
  endfacet
  facet normal -0.992476 -0.122436 0
    outer loop
      vertex 42.0466 4.14122 45
      vertex 41.7927 6.19936 51
      vertex 41.7927 6.19936 45
    endloop
  endfacet
  facet normal -0.992476 -0.122436 0
    outer loop
      vertex 41.7927 6.19936 51
      vertex 42.0466 4.14122 45
      vertex 42.0466 4.14122 51
    endloop
  endfacet
  facet normal -0.949529 -0.313681 0
    outer loop
      vertex 40.4307 12.2645 45
      vertex 39.7802 14.2336 51
      vertex 39.7802 14.2336 45
    endloop
  endfacet
  facet normal -0.949529 -0.313681 0
    outer loop
      vertex 39.7802 14.2336 51
      vertex 40.4307 12.2645 45
      vertex 40.4307 12.2645 51
    endloop
  endfacet
  facet normal -0.0735392 -0.997292 0
    outer loop
      vertex 2.07311 42.1991 45
      vertex 4.14122 42.0466 51
      vertex 2.07311 42.1991 51
    endloop
  endfacet
  facet normal -0.0735392 -0.997292 -0
    outer loop
      vertex 4.14122 42.0466 51
      vertex 2.07311 42.1991 45
      vertex 4.14122 42.0466 45
    endloop
  endfacet
  facet normal -0.313681 -0.949529 0
    outer loop
      vertex 12.2645 40.4307 45
      vertex 14.2336 39.7802 51
      vertex 12.2645 40.4307 51
    endloop
  endfacet
  facet normal -0.313681 -0.949529 -0
    outer loop
      vertex 14.2336 39.7802 51
      vertex 12.2645 40.4307 45
      vertex 14.2336 39.7802 45
    endloop
  endfacet
  facet normal -0.219122 -0.975697 0
    outer loop
      vertex 8.24257 41.4382 45
      vertex 10.2659 40.9838 51
      vertex 8.24257 41.4382 51
    endloop
  endfacet
  facet normal -0.219122 -0.975697 -0
    outer loop
      vertex 10.2659 40.9838 51
      vertex 8.24257 41.4382 45
      vertex 10.2659 40.9838 45
    endloop
  endfacet
  facet normal -0.615228 -0.788349 0
    outer loop
      vertex 25.1683 33.9355 45
      vertex 26.8031 32.6597 51
      vertex 25.1683 33.9355 51
    endloop
  endfacet
  facet normal -0.615228 -0.788349 -0
    outer loop
      vertex 26.8031 32.6597 51
      vertex 25.1683 33.9355 45
      vertex 26.8031 32.6597 45
    endloop
  endfacet
  facet normal -0.575806 -0.817586 0
    outer loop
      vertex 23.4728 35.1296 45
      vertex 25.1683 33.9355 51
      vertex 23.4728 35.1296 51
    endloop
  endfacet
  facet normal -0.575806 -0.817586 -0
    outer loop
      vertex 25.1683 33.9355 51
      vertex 23.4728 35.1296 45
      vertex 25.1683 33.9355 45
    endloop
  endfacet
  facet normal -0.653159 -0.757221 0
    outer loop
      vertex 26.8031 32.6597 45
      vertex 28.3734 31.3052 51
      vertex 26.8031 32.6597 51
    endloop
  endfacet
  facet normal -0.653159 -0.757221 -0
    outer loop
      vertex 28.3734 31.3052 51
      vertex 26.8031 32.6597 45
      vertex 28.3734 31.3052 45
    endloop
  endfacet
  facet normal -0.492926 -0.870071 0
    outer loop
      vertex 19.9165 37.2612 45
      vertex 21.7208 36.239 51
      vertex 19.9165 37.2612 51
    endloop
  endfacet
  facet normal -0.492926 -0.870071 -0
    outer loop
      vertex 21.7208 36.239 51
      vertex 19.9165 37.2612 45
      vertex 21.7208 36.239 45
    endloop
  endfacet
  facet normal -0.534983 -0.844863 0
    outer loop
      vertex 21.7208 36.239 45
      vertex 23.4728 35.1296 51
      vertex 21.7208 36.239 51
    endloop
  endfacet
  facet normal -0.534983 -0.844863 -0
    outer loop
      vertex 23.4728 35.1296 51
      vertex 21.7208 36.239 45
      vertex 23.4728 35.1296 45
    endloop
  endfacet
  facet normal -0.405261 -0.914201 0
    outer loop
      vertex 16.1684 39.0339 45
      vertex 18.0642 38.1935 51
      vertex 16.1684 39.0339 51
    endloop
  endfacet
  facet normal -0.405261 -0.914201 -0
    outer loop
      vertex 18.0642 38.1935 51
      vertex 16.1684 39.0339 45
      vertex 18.0642 38.1935 45
    endloop
  endfacet
  facet normal -0.870071 -0.492926 0
    outer loop
      vertex 37.2612 19.9165 45
      vertex 36.239 21.7208 51
      vertex 36.239 21.7208 45
    endloop
  endfacet
  facet normal -0.870071 -0.492926 0
    outer loop
      vertex 36.239 21.7208 51
      vertex 37.2612 19.9165 45
      vertex 37.2612 19.9165 51
    endloop
  endfacet
  facet normal -0.844863 -0.534983 0
    outer loop
      vertex 36.239 21.7208 45
      vertex 35.1296 23.4728 51
      vertex 35.1296 23.4728 45
    endloop
  endfacet
  facet normal -0.844863 -0.534983 0
    outer loop
      vertex 35.1296 23.4728 51
      vertex 36.239 21.7208 45
      vertex 36.239 21.7208 51
    endloop
  endfacet
  facet normal -0.893238 -0.449585 0
    outer loop
      vertex 38.1935 18.0642 45
      vertex 37.2612 19.9165 51
      vertex 37.2612 19.9165 45
    endloop
  endfacet
  facet normal -0.893238 -0.449585 0
    outer loop
      vertex 37.2612 19.9165 51
      vertex 38.1935 18.0642 45
      vertex 38.1935 18.0642 51
    endloop
  endfacet
  facet normal -0.788349 -0.615228 0
    outer loop
      vertex 33.9355 25.1683 45
      vertex 32.6597 26.8031 51
      vertex 32.6597 26.8031 45
    endloop
  endfacet
  facet normal -0.788349 -0.615228 0
    outer loop
      vertex 32.6597 26.8031 51
      vertex 33.9355 25.1683 45
      vertex 33.9355 25.1683 51
    endloop
  endfacet
  facet normal -0.817586 -0.575806 0
    outer loop
      vertex 35.1296 23.4728 45
      vertex 33.9355 25.1683 51
      vertex 33.9355 25.1683 45
    endloop
  endfacet
  facet normal -0.817586 -0.575806 0
    outer loop
      vertex 33.9355 25.1683 51
      vertex 35.1296 23.4728 45
      vertex 35.1296 23.4728 51
    endloop
  endfacet
  facet normal 0.122436 -0.992476 0
    outer loop
      vertex -6.19936 41.7927 45
      vertex -4.14122 42.0466 51
      vertex -6.19936 41.7927 51
    endloop
  endfacet
  facet normal 0.122436 -0.992476 0
    outer loop
      vertex -4.14122 42.0466 51
      vertex -6.19936 41.7927 45
      vertex -4.14122 42.0466 45
    endloop
  endfacet
  facet normal 0.35988 -0.932998 0
    outer loop
      vertex -16.1684 39.0339 45
      vertex -14.2336 39.7802 51
      vertex -16.1684 39.0339 51
    endloop
  endfacet
  facet normal 0.35988 -0.932998 0
    outer loop
      vertex -14.2336 39.7802 51
      vertex -16.1684 39.0339 45
      vertex -14.2336 39.7802 45
    endloop
  endfacet
  facet normal 0.170948 -0.98528 0
    outer loop
      vertex -8.24257 41.4382 45
      vertex -6.19936 41.7927 51
      vertex -8.24257 41.4382 51
    endloop
  endfacet
  facet normal 0.170948 -0.98528 0
    outer loop
      vertex -6.19936 41.7927 51
      vertex -8.24257 41.4382 45
      vertex -6.19936 41.7927 45
    endloop
  endfacet
  facet normal 0.0735392 -0.997292 0
    outer loop
      vertex -4.14122 42.0466 45
      vertex -2.07311 42.1991 51
      vertex -4.14122 42.0466 51
    endloop
  endfacet
  facet normal 0.0735392 -0.997292 0
    outer loop
      vertex -2.07311 42.1991 51
      vertex -4.14122 42.0466 45
      vertex -2.07311 42.1991 45
    endloop
  endfacet
  facet normal 0.313681 -0.949529 0
    outer loop
      vertex -14.2336 39.7802 45
      vertex -12.2645 40.4307 51
      vertex -14.2336 39.7802 51
    endloop
  endfacet
  facet normal 0.313681 -0.949529 0
    outer loop
      vertex -12.2645 40.4307 51
      vertex -14.2336 39.7802 45
      vertex -12.2645 40.4307 45
    endloop
  endfacet
  facet normal 0.266719 -0.963774 0
    outer loop
      vertex -12.2645 40.4307 45
      vertex -10.2659 40.9838 51
      vertex -12.2645 40.4307 51
    endloop
  endfacet
  facet normal 0.266719 -0.963774 0
    outer loop
      vertex -10.2659 40.9838 51
      vertex -12.2645 40.4307 45
      vertex -10.2659 40.9838 45
    endloop
  endfacet
  facet normal 0.492926 -0.870071 0
    outer loop
      vertex -21.7208 36.239 45
      vertex -19.9165 37.2612 51
      vertex -21.7208 36.239 51
    endloop
  endfacet
  facet normal 0.492926 -0.870071 0
    outer loop
      vertex -19.9165 37.2612 51
      vertex -21.7208 36.239 45
      vertex -19.9165 37.2612 45
    endloop
  endfacet
  facet normal 0.534983 -0.844863 0
    outer loop
      vertex -23.4728 35.1296 45
      vertex -21.7208 36.239 51
      vertex -23.4728 35.1296 51
    endloop
  endfacet
  facet normal 0.534983 -0.844863 0
    outer loop
      vertex -21.7208 36.239 51
      vertex -23.4728 35.1296 45
      vertex -21.7208 36.239 45
    endloop
  endfacet
  facet normal 0.449585 -0.893238 0
    outer loop
      vertex -19.9165 37.2612 45
      vertex -18.0642 38.1935 51
      vertex -19.9165 37.2612 51
    endloop
  endfacet
  facet normal 0.449585 -0.893238 0
    outer loop
      vertex -18.0642 38.1935 51
      vertex -19.9165 37.2612 45
      vertex -18.0642 38.1935 45
    endloop
  endfacet
  facet normal 0.689534 -0.724254 0
    outer loop
      vertex -29.8753 29.8753 45
      vertex -28.3734 31.3052 51
      vertex -29.8753 29.8753 51
    endloop
  endfacet
  facet normal 0.689534 -0.724254 0
    outer loop
      vertex -28.3734 31.3052 51
      vertex -29.8753 29.8753 45
      vertex -28.3734 31.3052 45
    endloop
  endfacet
  facet normal 0.932998 -0.35988 0
    outer loop
      vertex -39.7802 14.2336 51
      vertex -39.0339 16.1684 45
      vertex -39.0339 16.1684 51
    endloop
  endfacet
  facet normal 0.932998 -0.35988 0
    outer loop
      vertex -39.0339 16.1684 45
      vertex -39.7802 14.2336 51
      vertex -39.7802 14.2336 45
    endloop
  endfacet
  facet normal 0.975697 -0.219122 0
    outer loop
      vertex -41.4382 8.24257 51
      vertex -40.9838 10.2659 45
      vertex -40.9838 10.2659 51
    endloop
  endfacet
  facet normal 0.975697 -0.219122 0
    outer loop
      vertex -40.9838 10.2659 45
      vertex -41.4382 8.24257 51
      vertex -41.4382 8.24257 45
    endloop
  endfacet
  facet normal 0.992476 -0.122436 0
    outer loop
      vertex -42.0466 4.14122 51
      vertex -41.7927 6.19936 45
      vertex -41.7927 6.19936 51
    endloop
  endfacet
  facet normal 0.992476 -0.122436 0
    outer loop
      vertex -41.7927 6.19936 45
      vertex -42.0466 4.14122 51
      vertex -42.0466 4.14122 45
    endloop
  endfacet
  facet normal 0.999699 -0.0245451 0
    outer loop
      vertex -42.25 0 51
      vertex -42.1991 2.07311 45
      vertex -42.1991 2.07311 51
    endloop
  endfacet
  facet normal 0.999699 -0.0245451 0
    outer loop
      vertex -42.1991 2.07311 45
      vertex -42.25 0 51
      vertex -42.25 0 45
    endloop
  endfacet
  facet normal 0.870071 -0.492926 0
    outer loop
      vertex -37.2612 19.9165 51
      vertex -36.239 21.7208 45
      vertex -36.239 21.7208 51
    endloop
  endfacet
  facet normal 0.870071 -0.492926 0
    outer loop
      vertex -36.239 21.7208 45
      vertex -37.2612 19.9165 51
      vertex -37.2612 19.9165 45
    endloop
  endfacet
  facet normal 0.914201 -0.405261 0
    outer loop
      vertex -39.0339 16.1684 51
      vertex -38.1935 18.0642 45
      vertex -38.1935 18.0642 51
    endloop
  endfacet
  facet normal 0.914201 -0.405261 0
    outer loop
      vertex -38.1935 18.0642 45
      vertex -39.0339 16.1684 51
      vertex -39.0339 16.1684 45
    endloop
  endfacet
  facet normal 0.757221 -0.653159 0
    outer loop
      vertex -32.6597 26.8031 51
      vertex -31.3052 28.3734 45
      vertex -31.3052 28.3734 51
    endloop
  endfacet
  facet normal 0.757221 -0.653159 0
    outer loop
      vertex -31.3052 28.3734 45
      vertex -32.6597 26.8031 51
      vertex -32.6597 26.8031 45
    endloop
  endfacet
  facet normal -0.870071 0.492926 0
    outer loop
      vertex 36.239 -21.7208 45
      vertex 37.2612 -19.9165 51
      vertex 37.2612 -19.9165 45
    endloop
  endfacet
  facet normal -0.870071 0.492926 0
    outer loop
      vertex 37.2612 -19.9165 51
      vertex 36.239 -21.7208 45
      vertex 36.239 -21.7208 51
    endloop
  endfacet
  facet normal -0.449585 0.893238 0
    outer loop
      vertex 19.9165 -37.2612 45
      vertex 18.0642 -38.1935 51
      vertex 19.9165 -37.2612 51
    endloop
  endfacet
  facet normal -0.449585 0.893238 0
    outer loop
      vertex 18.0642 -38.1935 51
      vertex 19.9165 -37.2612 45
      vertex 18.0642 -38.1935 45
    endloop
  endfacet
  facet normal -0.0735392 0.997292 0
    outer loop
      vertex 4.14122 -42.0466 45
      vertex 2.07311 -42.1991 51
      vertex 4.14122 -42.0466 51
    endloop
  endfacet
  facet normal -0.0735392 0.997292 0
    outer loop
      vertex 2.07311 -42.1991 51
      vertex 4.14122 -42.0466 45
      vertex 2.07311 -42.1991 45
    endloop
  endfacet
  facet normal -0.170948 0.98528 0
    outer loop
      vertex 8.24257 -41.4382 45
      vertex 6.19936 -41.7927 51
      vertex 8.24257 -41.4382 51
    endloop
  endfacet
  facet normal -0.170948 0.98528 0
    outer loop
      vertex 6.19936 -41.7927 51
      vertex 8.24257 -41.4382 45
      vertex 6.19936 -41.7927 45
    endloop
  endfacet
  facet normal -0.35988 0.932998 0
    outer loop
      vertex 16.1684 -39.0339 45
      vertex 14.2336 -39.7802 51
      vertex 16.1684 -39.0339 51
    endloop
  endfacet
  facet normal -0.35988 0.932998 0
    outer loop
      vertex 14.2336 -39.7802 51
      vertex 16.1684 -39.0339 45
      vertex 14.2336 -39.7802 45
    endloop
  endfacet
  facet normal 0 0 1
    outer loop
      vertex 42.1991 2.07311 45
      vertex 42.1991 -2.07311 45
      vertex 42.25 0 45
    endloop
  endfacet
  facet normal 0 0 1
    outer loop
      vertex 42.0466 4.14122 45
      vertex 42.1991 -2.07311 45
      vertex 42.1991 2.07311 45
    endloop
  endfacet
  facet normal 0 0 1
    outer loop
      vertex 42.0466 4.14122 45
      vertex 42.0466 -4.14122 45
      vertex 42.1991 -2.07311 45
    endloop
  endfacet
  facet normal 0 0 1
    outer loop
      vertex 41.7927 6.19936 45
      vertex 42.0466 -4.14122 45
      vertex 42.0466 4.14122 45
    endloop
  endfacet
  facet normal 0 0 1
    outer loop
      vertex 41.7927 6.19936 45
      vertex 41.7927 -6.19936 45
      vertex 42.0466 -4.14122 45
    endloop
  endfacet
  facet normal 0 0 1
    outer loop
      vertex 41.4382 8.24257 45
      vertex 41.7927 -6.19936 45
      vertex 41.7927 6.19936 45
    endloop
  endfacet
  facet normal 0 0 1
    outer loop
      vertex 41.4382 8.24257 45
      vertex 41.4382 -8.24257 45
      vertex 41.7927 -6.19936 45
    endloop
  endfacet
  facet normal 0 0 1
    outer loop
      vertex 40.9838 10.2659 45
      vertex 41.4382 -8.24257 45
      vertex 41.4382 8.24257 45
    endloop
  endfacet
  facet normal 0 0 1
    outer loop
      vertex 40.9838 10.2659 45
      vertex 40.9838 -10.2659 45
      vertex 41.4382 -8.24257 45
    endloop
  endfacet
  facet normal 0 0 1
    outer loop
      vertex 40.4307 12.2645 45
      vertex 40.9838 -10.2659 45
      vertex 40.9838 10.2659 45
    endloop
  endfacet
  facet normal 0 0 1
    outer loop
      vertex 40.4307 12.2645 45
      vertex 40.4307 -12.2645 45
      vertex 40.9838 -10.2659 45
    endloop
  endfacet
  facet normal 0 0 1
    outer loop
      vertex 39.7802 14.2336 45
      vertex 40.4307 -12.2645 45
      vertex 40.4307 12.2645 45
    endloop
  endfacet
  facet normal 0 0 1
    outer loop
      vertex 39.7802 14.2336 45
      vertex 39.7802 -14.2336 45
      vertex 40.4307 -12.2645 45
    endloop
  endfacet
  facet normal 0 0 1
    outer loop
      vertex 39.0339 16.1684 45
      vertex 39.7802 -14.2336 45
      vertex 39.7802 14.2336 45
    endloop
  endfacet
  facet normal 0 0 1
    outer loop
      vertex 39.0339 16.1684 45
      vertex 39.0339 -16.1684 45
      vertex 39.7802 -14.2336 45
    endloop
  endfacet
  facet normal 0 0 1
    outer loop
      vertex 38.1935 18.0642 45
      vertex 39.0339 -16.1684 45
      vertex 39.0339 16.1684 45
    endloop
  endfacet
  facet normal 0 0 1
    outer loop
      vertex 38.1935 18.0642 45
      vertex 38.1935 -18.0642 45
      vertex 39.0339 -16.1684 45
    endloop
  endfacet
  facet normal 0 0 1
    outer loop
      vertex 37.2612 19.9165 45
      vertex 38.1935 -18.0642 45
      vertex 38.1935 18.0642 45
    endloop
  endfacet
  facet normal 0 0 1
    outer loop
      vertex 37.2612 19.9165 45
      vertex 37.2612 -19.9165 45
      vertex 38.1935 -18.0642 45
    endloop
  endfacet
  facet normal 0 0 1
    outer loop
      vertex 36.239 21.7208 45
      vertex 37.2612 -19.9165 45
      vertex 37.2612 19.9165 45
    endloop
  endfacet
  facet normal 0 0 1
    outer loop
      vertex 36.239 21.7208 45
      vertex 36.239 -21.7208 45
      vertex 37.2612 -19.9165 45
    endloop
  endfacet
  facet normal 0 0 1
    outer loop
      vertex 35.1296 23.4728 45
      vertex 36.239 -21.7208 45
      vertex 36.239 21.7208 45
    endloop
  endfacet
  facet normal 0 0 1
    outer loop
      vertex 35.1296 23.4728 45
      vertex 35.1296 -23.4728 45
      vertex 36.239 -21.7208 45
    endloop
  endfacet
  facet normal 0 0 1
    outer loop
      vertex 33.9355 25.1683 45
      vertex 35.1296 -23.4728 45
      vertex 35.1296 23.4728 45
    endloop
  endfacet
  facet normal 0 0 1
    outer loop
      vertex 33.9355 25.1683 45
      vertex 33.9355 -25.1683 45
      vertex 35.1296 -23.4728 45
    endloop
  endfacet
  facet normal 0 0 1
    outer loop
      vertex 32.6597 26.8031 45
      vertex 33.9355 -25.1683 45
      vertex 33.9355 25.1683 45
    endloop
  endfacet
  facet normal 0 0 1
    outer loop
      vertex 32.6597 26.8031 45
      vertex 32.6597 -26.8031 45
      vertex 33.9355 -25.1683 45
    endloop
  endfacet
  facet normal 0 0 1
    outer loop
      vertex 31.3052 28.3734 45
      vertex 32.6597 -26.8031 45
      vertex 32.6597 26.8031 45
    endloop
  endfacet
  facet normal 0 0 1
    outer loop
      vertex 31.3052 28.3734 45
      vertex 31.3052 -28.3734 45
      vertex 32.6597 -26.8031 45
    endloop
  endfacet
  facet normal 0 0 1
    outer loop
      vertex 29.8753 29.8753 45
      vertex 31.3052 -28.3734 45
      vertex 31.3052 28.3734 45
    endloop
  endfacet
  facet normal 0 0 1
    outer loop
      vertex 29.8753 29.8753 45
      vertex 29.8753 -29.8753 45
      vertex 31.3052 -28.3734 45
    endloop
  endfacet
  facet normal 0 0 1
    outer loop
      vertex 28.3734 31.3052 45
      vertex 29.8753 -29.8753 45
      vertex 29.8753 29.8753 45
    endloop
  endfacet
  facet normal 0 0 1
    outer loop
      vertex 28.3734 31.3052 45
      vertex 28.3734 -31.3052 45
      vertex 29.8753 -29.8753 45
    endloop
  endfacet
  facet normal 0 0 1
    outer loop
      vertex 26.8031 32.6597 45
      vertex 28.3734 -31.3052 45
      vertex 28.3734 31.3052 45
    endloop
  endfacet
  facet normal 0 0 1
    outer loop
      vertex 26.8031 32.6597 45
      vertex 26.8031 -32.6597 45
      vertex 28.3734 -31.3052 45
    endloop
  endfacet
  facet normal 0 0 1
    outer loop
      vertex 25.1683 33.9355 45
      vertex 26.8031 -32.6597 45
      vertex 26.8031 32.6597 45
    endloop
  endfacet
  facet normal 0 0 1
    outer loop
      vertex 25.1683 33.9355 45
      vertex 25.1683 -33.9355 45
      vertex 26.8031 -32.6597 45
    endloop
  endfacet
  facet normal 0 0 1
    outer loop
      vertex 23.4728 35.1296 45
      vertex 25.1683 -33.9355 45
      vertex 25.1683 33.9355 45
    endloop
  endfacet
  facet normal 0 0 1
    outer loop
      vertex 23.4728 35.1296 45
      vertex 23.4728 -35.1296 45
      vertex 25.1683 -33.9355 45
    endloop
  endfacet
  facet normal 0 0 1
    outer loop
      vertex 21.7208 36.239 45
      vertex 23.4728 -35.1296 45
      vertex 23.4728 35.1296 45
    endloop
  endfacet
  facet normal 0 0 1
    outer loop
      vertex 21.7208 36.239 45
      vertex 21.7208 -36.239 45
      vertex 23.4728 -35.1296 45
    endloop
  endfacet
  facet normal 0 0 1
    outer loop
      vertex 19.9165 37.2612 45
      vertex 21.7208 -36.239 45
      vertex 21.7208 36.239 45
    endloop
  endfacet
  facet normal 0 0 1
    outer loop
      vertex 19.9165 37.2612 45
      vertex 19.9165 -37.2612 45
      vertex 21.7208 -36.239 45
    endloop
  endfacet
  facet normal 0 0 1
    outer loop
      vertex 18.0642 38.1935 45
      vertex 19.9165 -37.2612 45
      vertex 19.9165 37.2612 45
    endloop
  endfacet
  facet normal 0 0 1
    outer loop
      vertex 18.0642 38.1935 45
      vertex 18.0642 -38.1935 45
      vertex 19.9165 -37.2612 45
    endloop
  endfacet
  facet normal 0 0 1
    outer loop
      vertex 16.1684 39.0339 45
      vertex 18.0642 -38.1935 45
      vertex 18.0642 38.1935 45
    endloop
  endfacet
  facet normal 0 0 1
    outer loop
      vertex 16.1684 39.0339 45
      vertex 16.1684 -39.0339 45
      vertex 18.0642 -38.1935 45
    endloop
  endfacet
  facet normal 0 0 1
    outer loop
      vertex 14.2336 39.7802 45
      vertex 16.1684 -39.0339 45
      vertex 16.1684 39.0339 45
    endloop
  endfacet
  facet normal 0 0 1
    outer loop
      vertex 14.2336 39.7802 45
      vertex 14.2336 -39.7802 45
      vertex 16.1684 -39.0339 45
    endloop
  endfacet
  facet normal 0 0 1
    outer loop
      vertex 12.2645 40.4307 45
      vertex 14.2336 -39.7802 45
      vertex 14.2336 39.7802 45
    endloop
  endfacet
  facet normal 0 0 1
    outer loop
      vertex 12.2645 40.4307 45
      vertex 12.2645 -40.4307 45
      vertex 14.2336 -39.7802 45
    endloop
  endfacet
  facet normal 0 0 1
    outer loop
      vertex 10.2659 40.9838 45
      vertex 12.2645 -40.4307 45
      vertex 12.2645 40.4307 45
    endloop
  endfacet
  facet normal 0 0 1
    outer loop
      vertex 10.2659 40.9838 45
      vertex 10.2659 -40.9838 45
      vertex 12.2645 -40.4307 45
    endloop
  endfacet
  facet normal 0 0 1
    outer loop
      vertex 8.24257 41.4382 45
      vertex 10.2659 -40.9838 45
      vertex 10.2659 40.9838 45
    endloop
  endfacet
  facet normal 0 0 1
    outer loop
      vertex 8.24257 41.4382 45
      vertex 8.24257 -41.4382 45
      vertex 10.2659 -40.9838 45
    endloop
  endfacet
  facet normal 0 0 1
    outer loop
      vertex 6.19936 41.7927 45
      vertex 8.24257 -41.4382 45
      vertex 8.24257 41.4382 45
    endloop
  endfacet
  facet normal 0 0 1
    outer loop
      vertex 6.19936 41.7927 45
      vertex 6.19936 -41.7927 45
      vertex 8.24257 -41.4382 45
    endloop
  endfacet
  facet normal 0 0 1
    outer loop
      vertex 4.14122 42.0466 45
      vertex 6.19936 -41.7927 45
      vertex 6.19936 41.7927 45
    endloop
  endfacet
  facet normal 0 0 1
    outer loop
      vertex 4.14122 42.0466 45
      vertex 4.14122 -42.0466 45
      vertex 6.19936 -41.7927 45
    endloop
  endfacet
  facet normal 0 0 1
    outer loop
      vertex 2.07311 42.1991 45
      vertex 4.14122 -42.0466 45
      vertex 4.14122 42.0466 45
    endloop
  endfacet
  facet normal 0 0 1
    outer loop
      vertex 2.07311 42.1991 45
      vertex 2.07311 -42.1991 45
      vertex 4.14122 -42.0466 45
    endloop
  endfacet
  facet normal 0 0 1
    outer loop
      vertex 0 42.25 45
      vertex 2.07311 -42.1991 45
      vertex 2.07311 42.1991 45
    endloop
  endfacet
  facet normal 0 0 1
    outer loop
      vertex 0 42.25 45
      vertex 0 -42.25 45
      vertex 2.07311 -42.1991 45
    endloop
  endfacet
  facet normal -0 0 1
    outer loop
      vertex -2.07311 42.1991 45
      vertex 0 -42.25 45
      vertex 0 42.25 45
    endloop
  endfacet
  facet normal 0 0 1
    outer loop
      vertex -2.07311 42.1991 45
      vertex -2.07311 -42.1991 45
      vertex 0 -42.25 45
    endloop
  endfacet
  facet normal -0 0 1
    outer loop
      vertex -4.14122 42.0466 45
      vertex -2.07311 -42.1991 45
      vertex -2.07311 42.1991 45
    endloop
  endfacet
  facet normal 0 0 1
    outer loop
      vertex -4.14122 42.0466 45
      vertex -4.14122 -42.0466 45
      vertex -2.07311 -42.1991 45
    endloop
  endfacet
  facet normal -0 0 1
    outer loop
      vertex -6.19936 41.7927 45
      vertex -4.14122 -42.0466 45
      vertex -4.14122 42.0466 45
    endloop
  endfacet
  facet normal 0 0 1
    outer loop
      vertex -6.19936 41.7927 45
      vertex -6.19936 -41.7927 45
      vertex -4.14122 -42.0466 45
    endloop
  endfacet
  facet normal -0 0 1
    outer loop
      vertex -8.24257 41.4382 45
      vertex -6.19936 -41.7927 45
      vertex -6.19936 41.7927 45
    endloop
  endfacet
  facet normal 0 0 1
    outer loop
      vertex -8.24257 41.4382 45
      vertex -8.24257 -41.4382 45
      vertex -6.19936 -41.7927 45
    endloop
  endfacet
  facet normal -0 0 1
    outer loop
      vertex -10.2659 40.9838 45
      vertex -8.24257 -41.4382 45
      vertex -8.24257 41.4382 45
    endloop
  endfacet
  facet normal 0 0 1
    outer loop
      vertex -10.2659 40.9838 45
      vertex -10.2659 -40.9838 45
      vertex -8.24257 -41.4382 45
    endloop
  endfacet
  facet normal -0 0 1
    outer loop
      vertex -12.2645 40.4307 45
      vertex -10.2659 -40.9838 45
      vertex -10.2659 40.9838 45
    endloop
  endfacet
  facet normal 0 0 1
    outer loop
      vertex -12.2645 40.4307 45
      vertex -12.2645 -40.4307 45
      vertex -10.2659 -40.9838 45
    endloop
  endfacet
  facet normal -0 0 1
    outer loop
      vertex -14.2336 39.7802 45
      vertex -12.2645 -40.4307 45
      vertex -12.2645 40.4307 45
    endloop
  endfacet
  facet normal 0 0 1
    outer loop
      vertex -14.2336 39.7802 45
      vertex -14.2336 -39.7802 45
      vertex -12.2645 -40.4307 45
    endloop
  endfacet
  facet normal -0 0 1
    outer loop
      vertex -16.1684 39.0339 45
      vertex -14.2336 -39.7802 45
      vertex -14.2336 39.7802 45
    endloop
  endfacet
  facet normal 0 0 1
    outer loop
      vertex -16.1684 39.0339 45
      vertex -16.1684 -39.0339 45
      vertex -14.2336 -39.7802 45
    endloop
  endfacet
  facet normal -0 0 1
    outer loop
      vertex -18.0642 38.1935 45
      vertex -16.1684 -39.0339 45
      vertex -16.1684 39.0339 45
    endloop
  endfacet
  facet normal 0 0 1
    outer loop
      vertex -18.0642 38.1935 45
      vertex -18.0642 -38.1935 45
      vertex -16.1684 -39.0339 45
    endloop
  endfacet
  facet normal -0 0 1
    outer loop
      vertex -19.9165 37.2612 45
      vertex -18.0642 -38.1935 45
      vertex -18.0642 38.1935 45
    endloop
  endfacet
  facet normal 0 0 1
    outer loop
      vertex -19.9165 37.2612 45
      vertex -19.9165 -37.2612 45
      vertex -18.0642 -38.1935 45
    endloop
  endfacet
  facet normal -0 0 1
    outer loop
      vertex -21.7208 36.239 45
      vertex -19.9165 -37.2612 45
      vertex -19.9165 37.2612 45
    endloop
  endfacet
  facet normal 0 0 1
    outer loop
      vertex -21.7208 36.239 45
      vertex -21.7208 -36.239 45
      vertex -19.9165 -37.2612 45
    endloop
  endfacet
  facet normal -0 0 1
    outer loop
      vertex -23.4728 35.1296 45
      vertex -21.7208 -36.239 45
      vertex -21.7208 36.239 45
    endloop
  endfacet
  facet normal 0 0 1
    outer loop
      vertex -23.4728 35.1296 45
      vertex -23.4728 -35.1296 45
      vertex -21.7208 -36.239 45
    endloop
  endfacet
  facet normal -0 0 1
    outer loop
      vertex -25.1683 33.9355 45
      vertex -23.4728 -35.1296 45
      vertex -23.4728 35.1296 45
    endloop
  endfacet
  facet normal 0 0 1
    outer loop
      vertex -25.1683 33.9355 45
      vertex -25.1683 -33.9355 45
      vertex -23.4728 -35.1296 45
    endloop
  endfacet
  facet normal -0 0 1
    outer loop
      vertex -26.8031 32.6597 45
      vertex -25.1683 -33.9355 45
      vertex -25.1683 33.9355 45
    endloop
  endfacet
  facet normal 0 0 1
    outer loop
      vertex -26.8031 32.6597 45
      vertex -26.8031 -32.6597 45
      vertex -25.1683 -33.9355 45
    endloop
  endfacet
  facet normal -0 0 1
    outer loop
      vertex -28.3734 31.3052 45
      vertex -26.8031 -32.6597 45
      vertex -26.8031 32.6597 45
    endloop
  endfacet
  facet normal 0 0 1
    outer loop
      vertex -28.3734 31.3052 45
      vertex -28.3734 -31.3052 45
      vertex -26.8031 -32.6597 45
    endloop
  endfacet
  facet normal -0 0 1
    outer loop
      vertex -29.8753 29.8753 45
      vertex -28.3734 -31.3052 45
      vertex -28.3734 31.3052 45
    endloop
  endfacet
  facet normal 0 0 1
    outer loop
      vertex -29.8753 29.8753 45
      vertex -29.8753 -29.8753 45
      vertex -28.3734 -31.3052 45
    endloop
  endfacet
  facet normal -0 0 1
    outer loop
      vertex -31.3052 28.3734 45
      vertex -29.8753 -29.8753 45
      vertex -29.8753 29.8753 45
    endloop
  endfacet
  facet normal 0 0 1
    outer loop
      vertex -31.3052 28.3734 45
      vertex -31.3052 -28.3734 45
      vertex -29.8753 -29.8753 45
    endloop
  endfacet
  facet normal -0 0 1
    outer loop
      vertex -32.6597 26.8031 45
      vertex -31.3052 -28.3734 45
      vertex -31.3052 28.3734 45
    endloop
  endfacet
  facet normal 0 0 1
    outer loop
      vertex -32.6597 26.8031 45
      vertex -32.6597 -26.8031 45
      vertex -31.3052 -28.3734 45
    endloop
  endfacet
  facet normal -0 0 1
    outer loop
      vertex -33.9355 25.1683 45
      vertex -32.6597 -26.8031 45
      vertex -32.6597 26.8031 45
    endloop
  endfacet
  facet normal 0 0 1
    outer loop
      vertex -33.9355 25.1683 45
      vertex -33.9355 -25.1683 45
      vertex -32.6597 -26.8031 45
    endloop
  endfacet
  facet normal -0 0 1
    outer loop
      vertex -35.1296 23.4728 45
      vertex -33.9355 -25.1683 45
      vertex -33.9355 25.1683 45
    endloop
  endfacet
  facet normal 0 0 1
    outer loop
      vertex -35.1296 23.4728 45
      vertex -35.1296 -23.4728 45
      vertex -33.9355 -25.1683 45
    endloop
  endfacet
  facet normal -0 0 1
    outer loop
      vertex -36.239 21.7208 45
      vertex -35.1296 -23.4728 45
      vertex -35.1296 23.4728 45
    endloop
  endfacet
  facet normal 0 0 1
    outer loop
      vertex -36.239 21.7208 45
      vertex -36.239 -21.7208 45
      vertex -35.1296 -23.4728 45
    endloop
  endfacet
  facet normal -0 0 1
    outer loop
      vertex -37.2612 19.9165 45
      vertex -36.239 -21.7208 45
      vertex -36.239 21.7208 45
    endloop
  endfacet
  facet normal 0 0 1
    outer loop
      vertex -37.2612 19.9165 45
      vertex -37.2612 -19.9165 45
      vertex -36.239 -21.7208 45
    endloop
  endfacet
  facet normal -0 0 1
    outer loop
      vertex -38.1935 18.0642 45
      vertex -37.2612 -19.9165 45
      vertex -37.2612 19.9165 45
    endloop
  endfacet
  facet normal 0 0 1
    outer loop
      vertex -38.1935 18.0642 45
      vertex -38.1935 -18.0642 45
      vertex -37.2612 -19.9165 45
    endloop
  endfacet
  facet normal -0 0 1
    outer loop
      vertex -39.0339 16.1684 45
      vertex -38.1935 -18.0642 45
      vertex -38.1935 18.0642 45
    endloop
  endfacet
  facet normal 0 0 1
    outer loop
      vertex -39.0339 16.1684 45
      vertex -39.0339 -16.1684 45
      vertex -38.1935 -18.0642 45
    endloop
  endfacet
  facet normal -0 0 1
    outer loop
      vertex -39.7802 14.2336 45
      vertex -39.0339 -16.1684 45
      vertex -39.0339 16.1684 45
    endloop
  endfacet
  facet normal 0 0 1
    outer loop
      vertex -39.7802 14.2336 45
      vertex -39.7802 -14.2336 45
      vertex -39.0339 -16.1684 45
    endloop
  endfacet
  facet normal -0 0 1
    outer loop
      vertex -40.4307 12.2645 45
      vertex -39.7802 -14.2336 45
      vertex -39.7802 14.2336 45
    endloop
  endfacet
  facet normal 0 0 1
    outer loop
      vertex -40.4307 12.2645 45
      vertex -40.4307 -12.2645 45
      vertex -39.7802 -14.2336 45
    endloop
  endfacet
  facet normal -0 0 1
    outer loop
      vertex -40.9838 10.2659 45
      vertex -40.4307 -12.2645 45
      vertex -40.4307 12.2645 45
    endloop
  endfacet
  facet normal 0 0 1
    outer loop
      vertex -40.9838 10.2659 45
      vertex -40.9838 -10.2659 45
      vertex -40.4307 -12.2645 45
    endloop
  endfacet
  facet normal -0 0 1
    outer loop
      vertex -41.4382 8.24257 45
      vertex -40.9838 -10.2659 45
      vertex -40.9838 10.2659 45
    endloop
  endfacet
  facet normal 0 0 1
    outer loop
      vertex -41.4382 8.24257 45
      vertex -41.4382 -8.24257 45
      vertex -40.9838 -10.2659 45
    endloop
  endfacet
  facet normal -0 0 1
    outer loop
      vertex -41.7927 6.19936 45
      vertex -41.4382 -8.24257 45
      vertex -41.4382 8.24257 45
    endloop
  endfacet
  facet normal 0 0 1
    outer loop
      vertex -41.7927 6.19936 45
      vertex -41.7927 -6.19936 45
      vertex -41.4382 -8.24257 45
    endloop
  endfacet
  facet normal -0 0 1
    outer loop
      vertex -42.0466 4.14122 45
      vertex -41.7927 -6.19936 45
      vertex -41.7927 6.19936 45
    endloop
  endfacet
  facet normal 0 0 1
    outer loop
      vertex -42.0466 4.14122 45
      vertex -42.0466 -4.14122 45
      vertex -41.7927 -6.19936 45
    endloop
  endfacet
  facet normal -0 0 1
    outer loop
      vertex -42.1991 2.07311 45
      vertex -42.0466 -4.14122 45
      vertex -42.0466 4.14122 45
    endloop
  endfacet
  facet normal 0 0 1
    outer loop
      vertex -42.1991 2.07311 45
      vertex -42.1991 -2.07311 45
      vertex -42.0466 -4.14122 45
    endloop
  endfacet
  facet normal 0 -0 1
    outer loop
      vertex -42.1991 -2.07311 45
      vertex -42.1991 2.07311 45
      vertex -42.25 0 45
    endloop
  endfacet
  facet normal 0.997292 0.0735392 0
    outer loop
      vertex -42.0466 -4.14122 51
      vertex -42.1991 -2.07311 45
      vertex -42.1991 -2.07311 51
    endloop
  endfacet
  facet normal 0.997292 0.0735392 0
    outer loop
      vertex -42.1991 -2.07311 45
      vertex -42.0466 -4.14122 51
      vertex -42.0466 -4.14122 45
    endloop
  endfacet
  facet normal 0.98528 0.170948 0
    outer loop
      vertex -41.4382 -8.24257 51
      vertex -41.7927 -6.19936 45
      vertex -41.7927 -6.19936 51
    endloop
  endfacet
  facet normal 0.98528 0.170948 0
    outer loop
      vertex -41.7927 -6.19936 45
      vertex -41.4382 -8.24257 51
      vertex -41.4382 -8.24257 45
    endloop
  endfacet
  facet normal 0.932998 0.35988 0
    outer loop
      vertex -39.0339 -16.1684 51
      vertex -39.7802 -14.2336 45
      vertex -39.7802 -14.2336 51
    endloop
  endfacet
  facet normal 0.932998 0.35988 0
    outer loop
      vertex -39.7802 -14.2336 45
      vertex -39.0339 -16.1684 51
      vertex -39.0339 -16.1684 45
    endloop
  endfacet
  facet normal 0.893238 0.449585 0
    outer loop
      vertex -37.2612 -19.9165 51
      vertex -38.1935 -18.0642 45
      vertex -38.1935 -18.0642 51
    endloop
  endfacet
  facet normal 0.893238 0.449585 0
    outer loop
      vertex -38.1935 -18.0642 45
      vertex -37.2612 -19.9165 51
      vertex -37.2612 -19.9165 45
    endloop
  endfacet
  facet normal 0.844863 0.534983 0
    outer loop
      vertex -35.1296 -23.4728 51
      vertex -36.239 -21.7208 45
      vertex -36.239 -21.7208 51
    endloop
  endfacet
  facet normal 0.844863 0.534983 0
    outer loop
      vertex -36.239 -21.7208 45
      vertex -35.1296 -23.4728 51
      vertex -35.1296 -23.4728 45
    endloop
  endfacet
  facet normal 0.788349 0.615228 0
    outer loop
      vertex -32.6597 -26.8031 51
      vertex -33.9355 -25.1683 45
      vertex -33.9355 -25.1683 51
    endloop
  endfacet
  facet normal 0.788349 0.615228 0
    outer loop
      vertex -33.9355 -25.1683 45
      vertex -32.6597 -26.8031 51
      vertex -32.6597 -26.8031 45
    endloop
  endfacet
  facet normal 0.313681 0.949529 -0
    outer loop
      vertex -12.2645 -40.4307 45
      vertex -14.2336 -39.7802 51
      vertex -12.2645 -40.4307 51
    endloop
  endfacet
  facet normal 0.313681 0.949529 0
    outer loop
      vertex -14.2336 -39.7802 51
      vertex -12.2645 -40.4307 45
      vertex -14.2336 -39.7802 45
    endloop
  endfacet
  facet normal 0.219122 0.975697 -0
    outer loop
      vertex -8.24257 -41.4382 45
      vertex -10.2659 -40.9838 51
      vertex -8.24257 -41.4382 51
    endloop
  endfacet
  facet normal 0.219122 0.975697 0
    outer loop
      vertex -10.2659 -40.9838 51
      vertex -8.24257 -41.4382 45
      vertex -10.2659 -40.9838 45
    endloop
  endfacet
  facet normal 0.122436 0.992476 -0
    outer loop
      vertex -4.14122 -42.0466 45
      vertex -6.19936 -41.7927 51
      vertex -4.14122 -42.0466 51
    endloop
  endfacet
  facet normal 0.122436 0.992476 0
    outer loop
      vertex -6.19936 -41.7927 51
      vertex -4.14122 -42.0466 45
      vertex -6.19936 -41.7927 45
    endloop
  endfacet
  facet normal -0.997292 -0.0735392 0
    outer loop
      vertex 42.1991 2.07311 45
      vertex 42.0466 4.14122 51
      vertex 42.0466 4.14122 45
    endloop
  endfacet
  facet normal -0.997292 -0.0735392 0
    outer loop
      vertex 42.0466 4.14122 51
      vertex 42.1991 2.07311 45
      vertex 42.1991 2.07311 51
    endloop
  endfacet
  facet normal -0.999699 -0.0245451 0
    outer loop
      vertex 42.25 0 45
      vertex 42.1991 2.07311 51
      vertex 42.1991 2.07311 45
    endloop
  endfacet
  facet normal -0.999699 -0.0245451 0
    outer loop
      vertex 42.1991 2.07311 51
      vertex 42.25 0 45
      vertex 42.25 0 51
    endloop
  endfacet
  facet normal -0.98528 -0.170948 0
    outer loop
      vertex 41.7927 6.19936 45
      vertex 41.4382 8.24257 51
      vertex 41.4382 8.24257 45
    endloop
  endfacet
  facet normal -0.98528 -0.170948 0
    outer loop
      vertex 41.4382 8.24257 51
      vertex 41.7927 6.19936 45
      vertex 41.7927 6.19936 51
    endloop
  endfacet
  facet normal -0.170948 -0.98528 0
    outer loop
      vertex 6.19936 41.7927 45
      vertex 8.24257 41.4382 51
      vertex 6.19936 41.7927 51
    endloop
  endfacet
  facet normal -0.170948 -0.98528 -0
    outer loop
      vertex 8.24257 41.4382 51
      vertex 6.19936 41.7927 45
      vertex 8.24257 41.4382 45
    endloop
  endfacet
  facet normal -0.35988 -0.932998 0
    outer loop
      vertex 14.2336 39.7802 45
      vertex 16.1684 39.0339 51
      vertex 14.2336 39.7802 51
    endloop
  endfacet
  facet normal -0.35988 -0.932998 -0
    outer loop
      vertex 16.1684 39.0339 51
      vertex 14.2336 39.7802 45
      vertex 16.1684 39.0339 45
    endloop
  endfacet
  facet normal -0.266719 -0.963774 0
    outer loop
      vertex 10.2659 40.9838 45
      vertex 12.2645 40.4307 51
      vertex 10.2659 40.9838 51
    endloop
  endfacet
  facet normal -0.266719 -0.963774 -0
    outer loop
      vertex 12.2645 40.4307 51
      vertex 10.2659 40.9838 45
      vertex 12.2645 40.4307 45
    endloop
  endfacet
  facet normal -0.689534 -0.724254 0
    outer loop
      vertex 28.3734 31.3052 45
      vertex 29.8753 29.8753 51
      vertex 28.3734 31.3052 51
    endloop
  endfacet
  facet normal -0.689534 -0.724254 -0
    outer loop
      vertex 29.8753 29.8753 51
      vertex 28.3734 31.3052 45
      vertex 29.8753 29.8753 45
    endloop
  endfacet
  facet normal -0.449585 -0.893238 0
    outer loop
      vertex 18.0642 38.1935 45
      vertex 19.9165 37.2612 51
      vertex 18.0642 38.1935 51
    endloop
  endfacet
  facet normal -0.449585 -0.893238 -0
    outer loop
      vertex 19.9165 37.2612 51
      vertex 18.0642 38.1935 45
      vertex 19.9165 37.2612 45
    endloop
  endfacet
  facet normal -0.914201 -0.405261 0
    outer loop
      vertex 39.0339 16.1684 45
      vertex 38.1935 18.0642 51
      vertex 38.1935 18.0642 45
    endloop
  endfacet
  facet normal -0.914201 -0.405261 0
    outer loop
      vertex 38.1935 18.0642 51
      vertex 39.0339 16.1684 45
      vertex 39.0339 16.1684 51
    endloop
  endfacet
  facet normal -0.757221 -0.653159 0
    outer loop
      vertex 32.6597 26.8031 45
      vertex 31.3052 28.3734 51
      vertex 31.3052 28.3734 45
    endloop
  endfacet
  facet normal -0.757221 -0.653159 0
    outer loop
      vertex 31.3052 28.3734 51
      vertex 32.6597 26.8031 45
      vertex 32.6597 26.8031 51
    endloop
  endfacet
  facet normal 0.219122 -0.975697 0
    outer loop
      vertex -10.2659 40.9838 45
      vertex -8.24257 41.4382 51
      vertex -10.2659 40.9838 51
    endloop
  endfacet
  facet normal 0.219122 -0.975697 0
    outer loop
      vertex -8.24257 41.4382 51
      vertex -10.2659 40.9838 45
      vertex -8.24257 41.4382 45
    endloop
  endfacet
  facet normal 0.653159 -0.757221 0
    outer loop
      vertex -28.3734 31.3052 45
      vertex -26.8031 32.6597 51
      vertex -28.3734 31.3052 51
    endloop
  endfacet
  facet normal 0.653159 -0.757221 0
    outer loop
      vertex -26.8031 32.6597 51
      vertex -28.3734 31.3052 45
      vertex -26.8031 32.6597 45
    endloop
  endfacet
  facet normal 0.963774 -0.266719 0
    outer loop
      vertex -40.9838 10.2659 51
      vertex -40.4307 12.2645 45
      vertex -40.4307 12.2645 51
    endloop
  endfacet
  facet normal 0.963774 -0.266719 0
    outer loop
      vertex -40.4307 12.2645 45
      vertex -40.9838 10.2659 51
      vertex -40.9838 10.2659 45
    endloop
  endfacet
  facet normal 0.997292 -0.0735392 0
    outer loop
      vertex -42.1991 2.07311 51
      vertex -42.0466 4.14122 45
      vertex -42.0466 4.14122 51
    endloop
  endfacet
  facet normal 0.997292 -0.0735392 0
    outer loop
      vertex -42.0466 4.14122 45
      vertex -42.1991 2.07311 51
      vertex -42.1991 2.07311 45
    endloop
  endfacet
  facet normal 0.98528 -0.170948 0
    outer loop
      vertex -41.7927 6.19936 51
      vertex -41.4382 8.24257 45
      vertex -41.4382 8.24257 51
    endloop
  endfacet
  facet normal 0.98528 -0.170948 0
    outer loop
      vertex -41.4382 8.24257 45
      vertex -41.7927 6.19936 51
      vertex -41.7927 6.19936 45
    endloop
  endfacet
  facet normal 0.893238 -0.449585 0
    outer loop
      vertex -38.1935 18.0642 51
      vertex -37.2612 19.9165 45
      vertex -37.2612 19.9165 51
    endloop
  endfacet
  facet normal 0.893238 -0.449585 0
    outer loop
      vertex -37.2612 19.9165 45
      vertex -38.1935 18.0642 51
      vertex -38.1935 18.0642 45
    endloop
  endfacet
  facet normal 0.844863 -0.534983 0
    outer loop
      vertex -36.239 21.7208 51
      vertex -35.1296 23.4728 45
      vertex -35.1296 23.4728 51
    endloop
  endfacet
  facet normal 0.844863 -0.534983 0
    outer loop
      vertex -35.1296 23.4728 45
      vertex -36.239 21.7208 51
      vertex -36.239 21.7208 45
    endloop
  endfacet
  facet normal 0.788349 -0.615228 0
    outer loop
      vertex -33.9355 25.1683 51
      vertex -32.6597 26.8031 45
      vertex -32.6597 26.8031 51
    endloop
  endfacet
  facet normal 0.788349 -0.615228 0
    outer loop
      vertex -32.6597 26.8031 45
      vertex -33.9355 25.1683 51
      vertex -33.9355 25.1683 45
    endloop
  endfacet
  facet normal 0.724254 -0.689534 0
    outer loop
      vertex -31.3052 28.3734 51
      vertex -29.8753 29.8753 45
      vertex -29.8753 29.8753 51
    endloop
  endfacet
  facet normal 0.724254 -0.689534 0
    outer loop
      vertex -29.8753 29.8753 45
      vertex -31.3052 28.3734 51
      vertex -31.3052 28.3734 45
    endloop
  endfacet
  facet normal -0.975697 -0.219122 0
    outer loop
      vertex 41.4382 8.24257 45
      vertex 40.9838 10.2659 51
      vertex 40.9838 10.2659 45
    endloop
  endfacet
  facet normal -0.975697 -0.219122 0
    outer loop
      vertex 40.9838 10.2659 51
      vertex 41.4382 8.24257 45
      vertex 41.4382 8.24257 51
    endloop
  endfacet
  facet normal -0.992478 0.122422 0
    outer loop
      vertex 45.1064 -6.69091 0
      vertex 45.3804 -4.46958 43.5
      vertex 45.3804 -4.46958 0
    endloop
  endfacet
  facet normal -0.992478 0.122422 0
    outer loop
      vertex 45.3804 -4.46958 43.5
      vertex 45.1064 -6.69091 0
      vertex 45.1064 -6.69091 43.5
    endloop
  endfacet
  facet normal -0.689536 0.724252 0
    outer loop
      vertex 32.2441 -32.2441 0
      vertex 30.6231 -33.7874 43.5
      vertex 32.2441 -32.2441 43.5
    endloop
  endfacet
  facet normal -0.689536 0.724252 0
    outer loop
      vertex 30.6231 -33.7874 43.5
      vertex 32.2441 -32.2441 0
      vertex 30.6231 -33.7874 0
    endloop
  endfacet
  facet normal 0.359892 0.932994 -0
    outer loop
      vertex -15.3622 -42.9344 0
      vertex -17.4504 -42.1289 43.5
      vertex -15.3622 -42.9344 43.5
    endloop
  endfacet
  facet normal 0.359892 0.932994 0
    outer loop
      vertex -17.4504 -42.1289 43.5
      vertex -15.3622 -42.9344 0
      vertex -17.4504 -42.1289 0
    endloop
  endfacet
  facet normal -0.914205 0.405251 0
    outer loop
      vertex 41.2219 -19.4965 0
      vertex 42.1289 -17.4504 43.5
      vertex 42.1289 -17.4504 0
    endloop
  endfacet
  facet normal -0.914205 0.405251 0
    outer loop
      vertex 42.1289 -17.4504 43.5
      vertex 41.2219 -19.4965 0
      vertex 41.2219 -19.4965 43.5
    endloop
  endfacet
  facet normal -0.024529 0.999699 0
    outer loop
      vertex 2.23749 -45.5451 0
      vertex 0 -45.6 43.5
      vertex 2.23749 -45.5451 43.5
    endloop
  endfacet
  facet normal -0.024529 0.999699 0
    outer loop
      vertex 0 -45.6 43.5
      vertex 2.23749 -45.5451 0
      vertex 0 -45.6 0
    endloop
  endfacet
  facet normal 0.844853 0.534998 0
    outer loop
      vertex -37.915 -25.334 43.5
      vertex -39.1124 -23.4431 0
      vertex -39.1124 -23.4431 43.5
    endloop
  endfacet
  facet normal 0.844853 0.534998 0
    outer loop
      vertex -39.1124 -23.4431 0
      vertex -37.915 -25.334 43.5
      vertex -37.915 -25.334 0
    endloop
  endfacet
  facet normal 0.788336 0.615245 0
    outer loop
      vertex -35.2493 -28.9283 43.5
      vertex -36.6263 -27.1639 0
      vertex -36.6263 -27.1639 43.5
    endloop
  endfacet
  facet normal 0.788336 0.615245 0
    outer loop
      vertex -36.6263 -27.1639 0
      vertex -35.2493 -28.9283 43.5
      vertex -35.2493 -28.9283 0
    endloop
  endfacet
  facet normal -0.170944 -0.985281 0
    outer loop
      vertex 6.69091 45.1064 0
      vertex 8.89612 44.7238 43.5
      vertex 6.69091 45.1064 43.5
    endloop
  endfacet
  facet normal -0.170944 -0.985281 -0
    outer loop
      vertex 8.89612 44.7238 43.5
      vertex 6.69091 45.1064 0
      vertex 8.89612 44.7238 0
    endloop
  endfacet
  facet normal -0.985281 0.170944 0
    outer loop
      vertex 44.7238 -8.89612 0
      vertex 45.1064 -6.69091 43.5
      vertex 45.1064 -6.69091 0
    endloop
  endfacet
  facet normal -0.985281 0.170944 0
    outer loop
      vertex 45.1064 -6.69091 43.5
      vertex 44.7238 -8.89612 0
      vertex 44.7238 -8.89612 43.5
    endloop
  endfacet
  facet normal -0.844853 0.534998 0
    outer loop
      vertex 37.915 -25.334 0
      vertex 39.1124 -23.4431 43.5
      vertex 39.1124 -23.4431 0
    endloop
  endfacet
  facet normal -0.844853 0.534998 0
    outer loop
      vertex 39.1124 -23.4431 43.5
      vertex 37.915 -25.334 0
      vertex 37.915 -25.334 43.5
    endloop
  endfacet
  facet normal -0.870085 0.492902 0
    outer loop
      vertex 39.1124 -23.4431 0
      vertex 40.2156 -21.4957 43.5
      vertex 40.2156 -21.4957 0
    endloop
  endfacet
  facet normal -0.870085 0.492902 0
    outer loop
      vertex 40.2156 -21.4957 43.5
      vertex 39.1124 -23.4431 0
      vertex 39.1124 -23.4431 43.5
    endloop
  endfacet
  facet normal -0.170944 0.985281 0
    outer loop
      vertex 8.89612 -44.7238 0
      vertex 6.69091 -45.1064 43.5
      vertex 8.89612 -44.7238 43.5
    endloop
  endfacet
  facet normal -0.170944 0.985281 0
    outer loop
      vertex 6.69091 -45.1064 43.5
      vertex 8.89612 -44.7238 0
      vertex 6.69091 -45.1064 0
    endloop
  endfacet
  facet normal -0.0735873 0.997289 0
    outer loop
      vertex 4.46958 -45.3804 0
      vertex 2.23749 -45.5451 43.5
      vertex 4.46958 -45.3804 43.5
    endloop
  endfacet
  facet normal -0.0735873 0.997289 0
    outer loop
      vertex 2.23749 -45.5451 43.5
      vertex 4.46958 -45.3804 0
      vertex 2.23749 -45.5451 0
    endloop
  endfacet
  facet normal -0.57579 0.817598 0
    outer loop
      vertex 27.1639 -36.6263 0
      vertex 25.334 -37.915 43.5
      vertex 27.1639 -36.6263 43.5
    endloop
  endfacet
  facet normal -0.57579 0.817598 0
    outer loop
      vertex 25.334 -37.915 43.5
      vertex 27.1639 -36.6263 0
      vertex 25.334 -37.915 0
    endloop
  endfacet
  facet normal 0.949524 0.313693 0
    outer loop
      vertex -42.9344 -15.3622 43.5
      vertex -43.6365 -13.237 0
      vertex -43.6365 -13.237 43.5
    endloop
  endfacet
  facet normal 0.949524 0.313693 0
    outer loop
      vertex -43.6365 -13.237 0
      vertex -42.9344 -15.3622 43.5
      vertex -42.9344 -15.3622 0
    endloop
  endfacet
  facet normal 0.870085 0.492902 0
    outer loop
      vertex -39.1124 -23.4431 43.5
      vertex -40.2156 -21.4957 0
      vertex -40.2156 -21.4957 43.5
    endloop
  endfacet
  facet normal 0.870085 0.492902 0
    outer loop
      vertex -40.2156 -21.4957 0
      vertex -39.1124 -23.4431 43.5
      vertex -39.1124 -23.4431 0
    endloop
  endfacet
  facet normal 0.963782 0.266692 0
    outer loop
      vertex -43.6365 -13.237 43.5
      vertex -44.2334 -11.0799 0
      vertex -44.2334 -11.0799 43.5
    endloop
  endfacet
  facet normal 0.963782 0.266692 0
    outer loop
      vertex -44.2334 -11.0799 0
      vertex -43.6365 -13.237 43.5
      vertex -43.6365 -13.237 0
    endloop
  endfacet
  facet normal 0.449607 0.893227 -0
    outer loop
      vertex -19.4965 -41.2219 0
      vertex -21.4957 -40.2156 43.5
      vertex -19.4965 -41.2219 43.5
    endloop
  endfacet
  facet normal 0.449607 0.893227 0
    outer loop
      vertex -21.4957 -40.2156 43.5
      vertex -19.4965 -41.2219 0
      vertex -21.4957 -40.2156 0
    endloop
  endfacet
  facet normal 0.492902 0.870085 -0
    outer loop
      vertex -21.4957 -40.2156 0
      vertex -23.4431 -39.1124 43.5
      vertex -21.4957 -40.2156 43.5
    endloop
  endfacet
  facet normal 0.492902 0.870085 0
    outer loop
      vertex -23.4431 -39.1124 43.5
      vertex -21.4957 -40.2156 0
      vertex -23.4431 -39.1124 0
    endloop
  endfacet
  facet normal 0.170944 0.985281 -0
    outer loop
      vertex -6.69091 -45.1064 0
      vertex -8.89612 -44.7238 43.5
      vertex -6.69091 -45.1064 43.5
    endloop
  endfacet
  facet normal 0.170944 0.985281 0
    outer loop
      vertex -8.89612 -44.7238 43.5
      vertex -6.69091 -45.1064 0
      vertex -8.89612 -44.7238 0
    endloop
  endfacet
  facet normal -0.999699 -0.024529 0
    outer loop
      vertex 45.6 0 0
      vertex 45.5451 2.23749 43.5
      vertex 45.5451 2.23749 0
    endloop
  endfacet
  facet normal -0.999699 -0.024529 0
    outer loop
      vertex 45.5451 2.23749 43.5
      vertex 45.6 0 0
      vertex 45.6 0 43.5
    endloop
  endfacet
  facet normal -0.405251 -0.914205 0
    outer loop
      vertex 17.4504 42.1289 0
      vertex 19.4965 41.2219 43.5
      vertex 17.4504 42.1289 43.5
    endloop
  endfacet
  facet normal -0.405251 -0.914205 -0
    outer loop
      vertex 19.4965 41.2219 43.5
      vertex 17.4504 42.1289 0
      vertex 19.4965 41.2219 0
    endloop
  endfacet
  facet normal -0.997289 0.0735873 0
    outer loop
      vertex 45.3804 -4.46958 0
      vertex 45.5451 -2.23749 43.5
      vertex 45.5451 -2.23749 0
    endloop
  endfacet
  facet normal -0.997289 0.0735873 0
    outer loop
      vertex 45.5451 -2.23749 43.5
      vertex 45.3804 -4.46958 0
      vertex 45.3804 -4.46958 43.5
    endloop
  endfacet
  facet normal -0.975701 0.219108 0
    outer loop
      vertex 44.2334 -11.0799 0
      vertex 44.7238 -8.89612 43.5
      vertex 44.7238 -8.89612 0
    endloop
  endfacet
  facet normal -0.975701 0.219108 0
    outer loop
      vertex 44.7238 -8.89612 43.5
      vertex 44.2334 -11.0799 0
      vertex 44.2334 -11.0799 43.5
    endloop
  endfacet
  facet normal -0.963782 0.266692 0
    outer loop
      vertex 43.6365 -13.237 0
      vertex 44.2334 -11.0799 43.5
      vertex 44.2334 -11.0799 0
    endloop
  endfacet
  facet normal -0.963782 0.266692 0
    outer loop
      vertex 44.2334 -11.0799 43.5
      vertex 43.6365 -13.237 0
      vertex 43.6365 -13.237 43.5
    endloop
  endfacet
  facet normal -0.932994 0.359892 0
    outer loop
      vertex 42.1289 -17.4504 0
      vertex 42.9344 -15.3622 43.5
      vertex 42.9344 -15.3622 0
    endloop
  endfacet
  facet normal -0.932994 0.359892 0
    outer loop
      vertex 42.9344 -15.3622 43.5
      vertex 42.1289 -17.4504 0
      vertex 42.1289 -17.4504 43.5
    endloop
  endfacet
  facet normal -0.949524 0.313693 0
    outer loop
      vertex 42.9344 -15.3622 0
      vertex 43.6365 -13.237 43.5
      vertex 43.6365 -13.237 0
    endloop
  endfacet
  facet normal -0.949524 0.313693 0
    outer loop
      vertex 43.6365 -13.237 43.5
      vertex 42.9344 -15.3622 0
      vertex 42.9344 -15.3622 43.5
    endloop
  endfacet
  facet normal -0.757219 0.653161 0
    outer loop
      vertex 33.7874 -30.6231 0
      vertex 35.2493 -28.9283 43.5
      vertex 35.2493 -28.9283 0
    endloop
  endfacet
  facet normal -0.757219 0.653161 0
    outer loop
      vertex 35.2493 -28.9283 43.5
      vertex 33.7874 -30.6231 0
      vertex 33.7874 -30.6231 43.5
    endloop
  endfacet
  facet normal -0.724252 0.689536 0
    outer loop
      vertex 32.2441 -32.2441 0
      vertex 33.7874 -30.6231 43.5
      vertex 33.7874 -30.6231 0
    endloop
  endfacet
  facet normal -0.724252 0.689536 0
    outer loop
      vertex 33.7874 -30.6231 43.5
      vertex 32.2441 -32.2441 0
      vertex 32.2441 -32.2441 43.5
    endloop
  endfacet
  facet normal -0.817598 0.57579 0
    outer loop
      vertex 36.6263 -27.1639 0
      vertex 37.915 -25.334 43.5
      vertex 37.915 -25.334 0
    endloop
  endfacet
  facet normal -0.817598 0.57579 0
    outer loop
      vertex 37.915 -25.334 43.5
      vertex 36.6263 -27.1639 0
      vertex 36.6263 -27.1639 43.5
    endloop
  endfacet
  facet normal -0.893227 0.449607 0
    outer loop
      vertex 40.2156 -21.4957 0
      vertex 41.2219 -19.4965 43.5
      vertex 41.2219 -19.4965 0
    endloop
  endfacet
  facet normal -0.893227 0.449607 0
    outer loop
      vertex 41.2219 -19.4965 43.5
      vertex 40.2156 -21.4957 0
      vertex 40.2156 -21.4957 43.5
    endloop
  endfacet
  facet normal 0.024529 0.999699 -0
    outer loop
      vertex 0 -45.6 0
      vertex -2.23749 -45.5451 43.5
      vertex 0 -45.6 43.5
    endloop
  endfacet
  facet normal 0.024529 0.999699 0
    outer loop
      vertex -2.23749 -45.5451 43.5
      vertex 0 -45.6 0
      vertex -2.23749 -45.5451 0
    endloop
  endfacet
  facet normal -0.266692 0.963782 0
    outer loop
      vertex 13.237 -43.6365 0
      vertex 11.0799 -44.2334 43.5
      vertex 13.237 -43.6365 43.5
    endloop
  endfacet
  facet normal -0.266692 0.963782 0
    outer loop
      vertex 11.0799 -44.2334 43.5
      vertex 13.237 -43.6365 0
      vertex 11.0799 -44.2334 0
    endloop
  endfacet
  facet normal -0.219108 0.975701 0
    outer loop
      vertex 11.0799 -44.2334 0
      vertex 8.89612 -44.7238 43.5
      vertex 11.0799 -44.2334 43.5
    endloop
  endfacet
  facet normal -0.219108 0.975701 0
    outer loop
      vertex 8.89612 -44.7238 43.5
      vertex 11.0799 -44.2334 0
      vertex 8.89612 -44.7238 0
    endloop
  endfacet
  facet normal -0.359892 0.932994 0
    outer loop
      vertex 17.4504 -42.1289 0
      vertex 15.3622 -42.9344 43.5
      vertex 17.4504 -42.1289 43.5
    endloop
  endfacet
  facet normal -0.359892 0.932994 0
    outer loop
      vertex 15.3622 -42.9344 43.5
      vertex 17.4504 -42.1289 0
      vertex 15.3622 -42.9344 0
    endloop
  endfacet
  facet normal -0.492902 0.870085 0
    outer loop
      vertex 23.4431 -39.1124 0
      vertex 21.4957 -40.2156 43.5
      vertex 23.4431 -39.1124 43.5
    endloop
  endfacet
  facet normal -0.492902 0.870085 0
    outer loop
      vertex 21.4957 -40.2156 43.5
      vertex 23.4431 -39.1124 0
      vertex 21.4957 -40.2156 0
    endloop
  endfacet
  facet normal -0.405251 0.914205 0
    outer loop
      vertex 19.4965 -41.2219 0
      vertex 17.4504 -42.1289 43.5
      vertex 19.4965 -41.2219 43.5
    endloop
  endfacet
  facet normal -0.405251 0.914205 0
    outer loop
      vertex 17.4504 -42.1289 43.5
      vertex 19.4965 -41.2219 0
      vertex 17.4504 -42.1289 0
    endloop
  endfacet
  facet normal -0.449607 0.893227 0
    outer loop
      vertex 21.4957 -40.2156 0
      vertex 19.4965 -41.2219 43.5
      vertex 21.4957 -40.2156 43.5
    endloop
  endfacet
  facet normal -0.449607 0.893227 0
    outer loop
      vertex 19.4965 -41.2219 43.5
      vertex 21.4957 -40.2156 0
      vertex 19.4965 -41.2219 0
    endloop
  endfacet
  facet normal -0.653161 0.757219 0
    outer loop
      vertex 30.6231 -33.7874 0
      vertex 28.9283 -35.2493 43.5
      vertex 30.6231 -33.7874 43.5
    endloop
  endfacet
  facet normal -0.653161 0.757219 0
    outer loop
      vertex 28.9283 -35.2493 43.5
      vertex 30.6231 -33.7874 0
      vertex 28.9283 -35.2493 0
    endloop
  endfacet
  facet normal -0.615245 0.788336 0
    outer loop
      vertex 28.9283 -35.2493 0
      vertex 27.1639 -36.6263 43.5
      vertex 28.9283 -35.2493 43.5
    endloop
  endfacet
  facet normal -0.615245 0.788336 0
    outer loop
      vertex 27.1639 -36.6263 43.5
      vertex 28.9283 -35.2493 0
      vertex 27.1639 -36.6263 0
    endloop
  endfacet
  facet normal -0.534998 0.844853 0
    outer loop
      vertex 25.334 -37.915 0
      vertex 23.4431 -39.1124 43.5
      vertex 25.334 -37.915 43.5
    endloop
  endfacet
  facet normal -0.534998 0.844853 0
    outer loop
      vertex 23.4431 -39.1124 43.5
      vertex 25.334 -37.915 0
      vertex 23.4431 -39.1124 0
    endloop
  endfacet
  facet normal 0.999699 0.024529 0
    outer loop
      vertex -45.5451 -2.23749 43.5
      vertex -45.6 0 0
      vertex -45.6 0 43.5
    endloop
  endfacet
  facet normal 0.999699 0.024529 0
    outer loop
      vertex -45.6 0 0
      vertex -45.5451 -2.23749 43.5
      vertex -45.5451 -2.23749 0
    endloop
  endfacet
  facet normal 0.724252 0.689536 0
    outer loop
      vertex -32.2441 -32.2441 43.5
      vertex -33.7874 -30.6231 0
      vertex -33.7874 -30.6231 43.5
    endloop
  endfacet
  facet normal 0.724252 0.689536 0
    outer loop
      vertex -33.7874 -30.6231 0
      vertex -32.2441 -32.2441 43.5
      vertex -32.2441 -32.2441 0
    endloop
  endfacet
  facet normal 0.757219 0.653161 0
    outer loop
      vertex -33.7874 -30.6231 43.5
      vertex -35.2493 -28.9283 0
      vertex -35.2493 -28.9283 43.5
    endloop
  endfacet
  facet normal 0.757219 0.653161 0
    outer loop
      vertex -35.2493 -28.9283 0
      vertex -33.7874 -30.6231 43.5
      vertex -33.7874 -30.6231 0
    endloop
  endfacet
  facet normal 0.914205 0.405251 0
    outer loop
      vertex -41.2219 -19.4965 43.5
      vertex -42.1289 -17.4504 0
      vertex -42.1289 -17.4504 43.5
    endloop
  endfacet
  facet normal 0.914205 0.405251 0
    outer loop
      vertex -42.1289 -17.4504 0
      vertex -41.2219 -19.4965 43.5
      vertex -41.2219 -19.4965 0
    endloop
  endfacet
  facet normal 0.932994 0.359892 0
    outer loop
      vertex -42.1289 -17.4504 43.5
      vertex -42.9344 -15.3622 0
      vertex -42.9344 -15.3622 43.5
    endloop
  endfacet
  facet normal 0.932994 0.359892 0
    outer loop
      vertex -42.9344 -15.3622 0
      vertex -42.1289 -17.4504 43.5
      vertex -42.1289 -17.4504 0
    endloop
  endfacet
  facet normal 0.985281 0.170944 0
    outer loop
      vertex -44.7238 -8.89612 43.5
      vertex -45.1064 -6.69091 0
      vertex -45.1064 -6.69091 43.5
    endloop
  endfacet
  facet normal 0.985281 0.170944 0
    outer loop
      vertex -45.1064 -6.69091 0
      vertex -44.7238 -8.89612 43.5
      vertex -44.7238 -8.89612 0
    endloop
  endfacet
  facet normal 0.975701 0.219108 0
    outer loop
      vertex -44.2334 -11.0799 43.5
      vertex -44.7238 -8.89612 0
      vertex -44.7238 -8.89612 43.5
    endloop
  endfacet
  facet normal 0.975701 0.219108 0
    outer loop
      vertex -44.7238 -8.89612 0
      vertex -44.2334 -11.0799 43.5
      vertex -44.2334 -11.0799 0
    endloop
  endfacet
  facet normal 0.992478 0.122422 0
    outer loop
      vertex -45.1064 -6.69091 43.5
      vertex -45.3804 -4.46958 0
      vertex -45.3804 -4.46958 43.5
    endloop
  endfacet
  facet normal 0.992478 0.122422 0
    outer loop
      vertex -45.3804 -4.46958 0
      vertex -45.1064 -6.69091 43.5
      vertex -45.1064 -6.69091 0
    endloop
  endfacet
  facet normal 0.689536 0.724252 -0
    outer loop
      vertex -30.6231 -33.7874 0
      vertex -32.2441 -32.2441 43.5
      vertex -30.6231 -33.7874 43.5
    endloop
  endfacet
  facet normal 0.689536 0.724252 0
    outer loop
      vertex -32.2441 -32.2441 43.5
      vertex -30.6231 -33.7874 0
      vertex -32.2441 -32.2441 0
    endloop
  endfacet
  facet normal 0.405251 0.914205 -0
    outer loop
      vertex -17.4504 -42.1289 0
      vertex -19.4965 -41.2219 43.5
      vertex -17.4504 -42.1289 43.5
    endloop
  endfacet
  facet normal 0.405251 0.914205 0
    outer loop
      vertex -19.4965 -41.2219 43.5
      vertex -17.4504 -42.1289 0
      vertex -19.4965 -41.2219 0
    endloop
  endfacet
  facet normal 0.57579 0.817598 -0
    outer loop
      vertex -25.334 -37.915 0
      vertex -27.1639 -36.6263 43.5
      vertex -25.334 -37.915 43.5
    endloop
  endfacet
  facet normal 0.57579 0.817598 0
    outer loop
      vertex -27.1639 -36.6263 43.5
      vertex -25.334 -37.915 0
      vertex -27.1639 -36.6263 0
    endloop
  endfacet
  facet normal 0.534998 0.844853 -0
    outer loop
      vertex -23.4431 -39.1124 0
      vertex -25.334 -37.915 43.5
      vertex -23.4431 -39.1124 43.5
    endloop
  endfacet
  facet normal 0.534998 0.844853 0
    outer loop
      vertex -25.334 -37.915 43.5
      vertex -23.4431 -39.1124 0
      vertex -25.334 -37.915 0
    endloop
  endfacet
  facet normal 0.615245 0.788336 -0
    outer loop
      vertex -27.1639 -36.6263 0
      vertex -28.9283 -35.2493 43.5
      vertex -27.1639 -36.6263 43.5
    endloop
  endfacet
  facet normal 0.615245 0.788336 0
    outer loop
      vertex -28.9283 -35.2493 43.5
      vertex -27.1639 -36.6263 0
      vertex -28.9283 -35.2493 0
    endloop
  endfacet
  facet normal 0.266692 0.963782 -0
    outer loop
      vertex -11.0799 -44.2334 0
      vertex -13.237 -43.6365 43.5
      vertex -11.0799 -44.2334 43.5
    endloop
  endfacet
  facet normal 0.266692 0.963782 0
    outer loop
      vertex -13.237 -43.6365 43.5
      vertex -11.0799 -44.2334 0
      vertex -13.237 -43.6365 0
    endloop
  endfacet
  facet normal 0.313693 0.949524 -0
    outer loop
      vertex -13.237 -43.6365 0
      vertex -15.3622 -42.9344 43.5
      vertex -13.237 -43.6365 43.5
    endloop
  endfacet
  facet normal 0.313693 0.949524 0
    outer loop
      vertex -15.3622 -42.9344 43.5
      vertex -13.237 -43.6365 0
      vertex -15.3622 -42.9344 0
    endloop
  endfacet
  facet normal 0.0735873 0.997289 -0
    outer loop
      vertex -2.23749 -45.5451 0
      vertex -4.46958 -45.3804 43.5
      vertex -2.23749 -45.5451 43.5
    endloop
  endfacet
  facet normal 0.0735873 0.997289 0
    outer loop
      vertex -4.46958 -45.3804 43.5
      vertex -2.23749 -45.5451 0
      vertex -4.46958 -45.3804 0
    endloop
  endfacet
  facet normal 0.122422 0.992478 -0
    outer loop
      vertex -4.46958 -45.3804 0
      vertex -6.69091 -45.1064 43.5
      vertex -4.46958 -45.3804 43.5
    endloop
  endfacet
  facet normal 0.122422 0.992478 0
    outer loop
      vertex -6.69091 -45.1064 43.5
      vertex -4.46958 -45.3804 0
      vertex -6.69091 -45.1064 0
    endloop
  endfacet
  facet normal 0.219108 0.975701 -0
    outer loop
      vertex -8.89612 -44.7238 0
      vertex -11.0799 -44.2334 43.5
      vertex -8.89612 -44.7238 43.5
    endloop
  endfacet
  facet normal 0.219108 0.975701 0
    outer loop
      vertex -11.0799 -44.2334 43.5
      vertex -8.89612 -44.7238 0
      vertex -11.0799 -44.2334 0
    endloop
  endfacet
  facet normal -0.999699 0.024529 0
    outer loop
      vertex 45.5451 -2.23749 0
      vertex 45.6 0 43.5
      vertex 45.6 0 0
    endloop
  endfacet
  facet normal -0.999699 0.024529 0
    outer loop
      vertex 45.6 0 43.5
      vertex 45.5451 -2.23749 0
      vertex 45.5451 -2.23749 43.5
    endloop
  endfacet
  facet normal -0.870085 -0.492902 0
    outer loop
      vertex 40.2156 21.4957 0
      vertex 39.1124 23.4431 43.5
      vertex 39.1124 23.4431 0
    endloop
  endfacet
  facet normal -0.870085 -0.492902 0
    outer loop
      vertex 39.1124 23.4431 43.5
      vertex 40.2156 21.4957 0
      vertex 40.2156 21.4957 43.5
    endloop
  endfacet
  facet normal 0.757219 -0.653161 0
    outer loop
      vertex -35.2493 28.9283 43.5
      vertex -33.7874 30.6231 0
      vertex -33.7874 30.6231 43.5
    endloop
  endfacet
  facet normal 0.757219 -0.653161 0
    outer loop
      vertex -33.7874 30.6231 0
      vertex -35.2493 28.9283 43.5
      vertex -35.2493 28.9283 0
    endloop
  endfacet
  facet normal 0.844853 -0.534998 0
    outer loop
      vertex -39.1124 23.4431 43.5
      vertex -37.915 25.334 0
      vertex -37.915 25.334 43.5
    endloop
  endfacet
  facet normal 0.844853 -0.534998 0
    outer loop
      vertex -37.915 25.334 0
      vertex -39.1124 23.4431 43.5
      vertex -39.1124 23.4431 0
    endloop
  endfacet
  facet normal 0 0 -1
    outer loop
      vertex 45.5451 -2.23749 43.5
      vertex 45.5451 2.23749 43.5
      vertex 45.6 0 43.5
    endloop
  endfacet
  facet normal 0 0 -1
    outer loop
      vertex 45.3804 -4.46958 43.5
      vertex 45.5451 2.23749 43.5
      vertex 45.5451 -2.23749 43.5
    endloop
  endfacet
  facet normal 0 0 -1
    outer loop
      vertex 45.3804 -4.46958 43.5
      vertex 45.3804 4.46958 43.5
      vertex 45.5451 2.23749 43.5
    endloop
  endfacet
  facet normal 0 0 -1
    outer loop
      vertex 45.1064 -6.69091 43.5
      vertex 45.3804 4.46958 43.5
      vertex 45.3804 -4.46958 43.5
    endloop
  endfacet
  facet normal 0 0 -1
    outer loop
      vertex 45.1064 -6.69091 43.5
      vertex 45.1064 6.69091 43.5
      vertex 45.3804 4.46958 43.5
    endloop
  endfacet
  facet normal 0 0 -1
    outer loop
      vertex 44.7238 -8.89612 43.5
      vertex 45.1064 6.69091 43.5
      vertex 45.1064 -6.69091 43.5
    endloop
  endfacet
  facet normal 0 0 -1
    outer loop
      vertex 44.7238 -8.89612 43.5
      vertex 44.7238 8.89612 43.5
      vertex 45.1064 6.69091 43.5
    endloop
  endfacet
  facet normal 0 0 -1
    outer loop
      vertex 44.2334 -11.0799 43.5
      vertex 44.7238 8.89612 43.5
      vertex 44.7238 -8.89612 43.5
    endloop
  endfacet
  facet normal 0 0 -1
    outer loop
      vertex 44.2334 -11.0799 43.5
      vertex 44.2334 11.0799 43.5
      vertex 44.7238 8.89612 43.5
    endloop
  endfacet
  facet normal 0 0 -1
    outer loop
      vertex 43.6365 -13.237 43.5
      vertex 44.2334 11.0799 43.5
      vertex 44.2334 -11.0799 43.5
    endloop
  endfacet
  facet normal 0 0 -1
    outer loop
      vertex 43.6365 -13.237 43.5
      vertex 43.6365 13.237 43.5
      vertex 44.2334 11.0799 43.5
    endloop
  endfacet
  facet normal 0 0 -1
    outer loop
      vertex 42.9344 -15.3622 43.5
      vertex 43.6365 13.237 43.5
      vertex 43.6365 -13.237 43.5
    endloop
  endfacet
  facet normal 0 0 -1
    outer loop
      vertex 42.9344 -15.3622 43.5
      vertex 42.9344 15.3622 43.5
      vertex 43.6365 13.237 43.5
    endloop
  endfacet
  facet normal 0 0 -1
    outer loop
      vertex 42.1289 -17.4504 43.5
      vertex 42.9344 15.3622 43.5
      vertex 42.9344 -15.3622 43.5
    endloop
  endfacet
  facet normal 0 0 -1
    outer loop
      vertex 42.1289 -17.4504 43.5
      vertex 42.1289 17.4504 43.5
      vertex 42.9344 15.3622 43.5
    endloop
  endfacet
  facet normal 0 0 -1
    outer loop
      vertex 41.2219 -19.4965 43.5
      vertex 42.1289 17.4504 43.5
      vertex 42.1289 -17.4504 43.5
    endloop
  endfacet
  facet normal 0 0 -1
    outer loop
      vertex 41.2219 -19.4965 43.5
      vertex 41.2219 19.4965 43.5
      vertex 42.1289 17.4504 43.5
    endloop
  endfacet
  facet normal 0 0 -1
    outer loop
      vertex 40.2156 -21.4957 43.5
      vertex 41.2219 19.4965 43.5
      vertex 41.2219 -19.4965 43.5
    endloop
  endfacet
  facet normal 0 0 -1
    outer loop
      vertex 40.2156 -21.4957 43.5
      vertex 40.2156 21.4957 43.5
      vertex 41.2219 19.4965 43.5
    endloop
  endfacet
  facet normal 0 0 -1
    outer loop
      vertex 39.1124 -23.4431 43.5
      vertex 40.2156 21.4957 43.5
      vertex 40.2156 -21.4957 43.5
    endloop
  endfacet
  facet normal 0 0 -1
    outer loop
      vertex 39.1124 -23.4431 43.5
      vertex 39.1124 23.4431 43.5
      vertex 40.2156 21.4957 43.5
    endloop
  endfacet
  facet normal 0 0 -1
    outer loop
      vertex 37.915 -25.334 43.5
      vertex 39.1124 23.4431 43.5
      vertex 39.1124 -23.4431 43.5
    endloop
  endfacet
  facet normal 0 0 -1
    outer loop
      vertex 37.915 -25.334 43.5
      vertex 37.915 25.334 43.5
      vertex 39.1124 23.4431 43.5
    endloop
  endfacet
  facet normal 0 0 -1
    outer loop
      vertex 36.6263 -27.1639 43.5
      vertex 37.915 25.334 43.5
      vertex 37.915 -25.334 43.5
    endloop
  endfacet
  facet normal 0 0 -1
    outer loop
      vertex 36.6263 -27.1639 43.5
      vertex 36.6263 27.1639 43.5
      vertex 37.915 25.334 43.5
    endloop
  endfacet
  facet normal 0 0 -1
    outer loop
      vertex 35.2493 -28.9283 43.5
      vertex 36.6263 27.1639 43.5
      vertex 36.6263 -27.1639 43.5
    endloop
  endfacet
  facet normal 0 0 -1
    outer loop
      vertex 35.2493 -28.9283 43.5
      vertex 35.2493 28.9283 43.5
      vertex 36.6263 27.1639 43.5
    endloop
  endfacet
  facet normal 0 0 -1
    outer loop
      vertex 33.7874 -30.6231 43.5
      vertex 35.2493 28.9283 43.5
      vertex 35.2493 -28.9283 43.5
    endloop
  endfacet
  facet normal 0 0 -1
    outer loop
      vertex 33.7874 -30.6231 43.5
      vertex 33.7874 30.6231 43.5
      vertex 35.2493 28.9283 43.5
    endloop
  endfacet
  facet normal 0 0 -1
    outer loop
      vertex 32.2441 -32.2441 43.5
      vertex 33.7874 30.6231 43.5
      vertex 33.7874 -30.6231 43.5
    endloop
  endfacet
  facet normal 0 0 -1
    outer loop
      vertex 32.2441 -32.2441 43.5
      vertex 32.2441 32.2441 43.5
      vertex 33.7874 30.6231 43.5
    endloop
  endfacet
  facet normal 0 0 -1
    outer loop
      vertex 30.6231 -33.7874 43.5
      vertex 32.2441 32.2441 43.5
      vertex 32.2441 -32.2441 43.5
    endloop
  endfacet
  facet normal 0 0 -1
    outer loop
      vertex 30.6231 -33.7874 43.5
      vertex 30.6231 33.7874 43.5
      vertex 32.2441 32.2441 43.5
    endloop
  endfacet
  facet normal 0 0 -1
    outer loop
      vertex 28.9283 -35.2493 43.5
      vertex 30.6231 33.7874 43.5
      vertex 30.6231 -33.7874 43.5
    endloop
  endfacet
  facet normal 0 0 -1
    outer loop
      vertex 28.9283 -35.2493 43.5
      vertex 28.9283 35.2493 43.5
      vertex 30.6231 33.7874 43.5
    endloop
  endfacet
  facet normal 0 0 -1
    outer loop
      vertex 27.1639 -36.6263 43.5
      vertex 28.9283 35.2493 43.5
      vertex 28.9283 -35.2493 43.5
    endloop
  endfacet
  facet normal 0 0 -1
    outer loop
      vertex 27.1639 -36.6263 43.5
      vertex 27.1639 36.6263 43.5
      vertex 28.9283 35.2493 43.5
    endloop
  endfacet
  facet normal 0 0 -1
    outer loop
      vertex 25.334 -37.915 43.5
      vertex 27.1639 36.6263 43.5
      vertex 27.1639 -36.6263 43.5
    endloop
  endfacet
  facet normal 0 0 -1
    outer loop
      vertex 25.334 -37.915 43.5
      vertex 25.334 37.915 43.5
      vertex 27.1639 36.6263 43.5
    endloop
  endfacet
  facet normal 0 0 -1
    outer loop
      vertex 23.4431 -39.1124 43.5
      vertex 25.334 37.915 43.5
      vertex 25.334 -37.915 43.5
    endloop
  endfacet
  facet normal 0 0 -1
    outer loop
      vertex 23.4431 -39.1124 43.5
      vertex 23.4431 39.1124 43.5
      vertex 25.334 37.915 43.5
    endloop
  endfacet
  facet normal 0 0 -1
    outer loop
      vertex 21.4957 -40.2156 43.5
      vertex 23.4431 39.1124 43.5
      vertex 23.4431 -39.1124 43.5
    endloop
  endfacet
  facet normal 0 0 -1
    outer loop
      vertex 21.4957 -40.2156 43.5
      vertex 21.4957 40.2156 43.5
      vertex 23.4431 39.1124 43.5
    endloop
  endfacet
  facet normal 0 0 -1
    outer loop
      vertex 19.4965 -41.2219 43.5
      vertex 21.4957 40.2156 43.5
      vertex 21.4957 -40.2156 43.5
    endloop
  endfacet
  facet normal 0 0 -1
    outer loop
      vertex 19.4965 -41.2219 43.5
      vertex 19.4965 41.2219 43.5
      vertex 21.4957 40.2156 43.5
    endloop
  endfacet
  facet normal 0 0 -1
    outer loop
      vertex 17.4504 -42.1289 43.5
      vertex 19.4965 41.2219 43.5
      vertex 19.4965 -41.2219 43.5
    endloop
  endfacet
  facet normal 0 0 -1
    outer loop
      vertex 17.4504 -42.1289 43.5
      vertex 17.4504 42.1289 43.5
      vertex 19.4965 41.2219 43.5
    endloop
  endfacet
  facet normal 0 0 -1
    outer loop
      vertex 15.3622 -42.9344 43.5
      vertex 17.4504 42.1289 43.5
      vertex 17.4504 -42.1289 43.5
    endloop
  endfacet
  facet normal 0 0 -1
    outer loop
      vertex 15.3622 -42.9344 43.5
      vertex 15.3622 42.9344 43.5
      vertex 17.4504 42.1289 43.5
    endloop
  endfacet
  facet normal 0 0 -1
    outer loop
      vertex 13.237 -43.6365 43.5
      vertex 15.3622 42.9344 43.5
      vertex 15.3622 -42.9344 43.5
    endloop
  endfacet
  facet normal 0 0 -1
    outer loop
      vertex 13.237 -43.6365 43.5
      vertex 13.237 43.6365 43.5
      vertex 15.3622 42.9344 43.5
    endloop
  endfacet
  facet normal 0 0 -1
    outer loop
      vertex 11.0799 -44.2334 43.5
      vertex 13.237 43.6365 43.5
      vertex 13.237 -43.6365 43.5
    endloop
  endfacet
  facet normal 0 0 -1
    outer loop
      vertex 11.0799 -44.2334 43.5
      vertex 11.0799 44.2334 43.5
      vertex 13.237 43.6365 43.5
    endloop
  endfacet
  facet normal 0 0 -1
    outer loop
      vertex 8.89612 -44.7238 43.5
      vertex 11.0799 44.2334 43.5
      vertex 11.0799 -44.2334 43.5
    endloop
  endfacet
  facet normal 0 0 -1
    outer loop
      vertex 8.89612 -44.7238 43.5
      vertex 8.89612 44.7238 43.5
      vertex 11.0799 44.2334 43.5
    endloop
  endfacet
  facet normal 0 0 -1
    outer loop
      vertex 6.69091 -45.1064 43.5
      vertex 8.89612 44.7238 43.5
      vertex 8.89612 -44.7238 43.5
    endloop
  endfacet
  facet normal 0 0 -1
    outer loop
      vertex 6.69091 -45.1064 43.5
      vertex 6.69091 45.1064 43.5
      vertex 8.89612 44.7238 43.5
    endloop
  endfacet
  facet normal 0 0 -1
    outer loop
      vertex 4.46958 -45.3804 43.5
      vertex 6.69091 45.1064 43.5
      vertex 6.69091 -45.1064 43.5
    endloop
  endfacet
  facet normal 0 0 -1
    outer loop
      vertex 4.46958 -45.3804 43.5
      vertex 4.46958 45.3804 43.5
      vertex 6.69091 45.1064 43.5
    endloop
  endfacet
  facet normal 0 0 -1
    outer loop
      vertex 2.23749 -45.5451 43.5
      vertex 4.46958 45.3804 43.5
      vertex 4.46958 -45.3804 43.5
    endloop
  endfacet
  facet normal 0 0 -1
    outer loop
      vertex 2.23749 -45.5451 43.5
      vertex 2.23749 45.5451 43.5
      vertex 4.46958 45.3804 43.5
    endloop
  endfacet
  facet normal 0 0 -1
    outer loop
      vertex 0 -45.6 43.5
      vertex 2.23749 45.5451 43.5
      vertex 2.23749 -45.5451 43.5
    endloop
  endfacet
  facet normal 0 0 -1
    outer loop
      vertex 0 -45.6 43.5
      vertex 0 45.6 43.5
      vertex 2.23749 45.5451 43.5
    endloop
  endfacet
  facet normal 0 0 -1
    outer loop
      vertex -2.23749 -45.5451 43.5
      vertex 0 45.6 43.5
      vertex 0 -45.6 43.5
    endloop
  endfacet
  facet normal 0 0 -1
    outer loop
      vertex -2.23749 -45.5451 43.5
      vertex -2.23749 45.5451 43.5
      vertex 0 45.6 43.5
    endloop
  endfacet
  facet normal 0 0 -1
    outer loop
      vertex -4.46958 -45.3804 43.5
      vertex -2.23749 45.5451 43.5
      vertex -2.23749 -45.5451 43.5
    endloop
  endfacet
  facet normal 0 0 -1
    outer loop
      vertex -4.46958 -45.3804 43.5
      vertex -4.46958 45.3804 43.5
      vertex -2.23749 45.5451 43.5
    endloop
  endfacet
  facet normal 0 0 -1
    outer loop
      vertex -6.69091 -45.1064 43.5
      vertex -4.46958 45.3804 43.5
      vertex -4.46958 -45.3804 43.5
    endloop
  endfacet
  facet normal 0 0 -1
    outer loop
      vertex -6.69091 -45.1064 43.5
      vertex -6.69091 45.1064 43.5
      vertex -4.46958 45.3804 43.5
    endloop
  endfacet
  facet normal 0 0 -1
    outer loop
      vertex -8.89612 -44.7238 43.5
      vertex -6.69091 45.1064 43.5
      vertex -6.69091 -45.1064 43.5
    endloop
  endfacet
  facet normal 0 0 -1
    outer loop
      vertex -8.89612 -44.7238 43.5
      vertex -8.89612 44.7238 43.5
      vertex -6.69091 45.1064 43.5
    endloop
  endfacet
  facet normal 0 0 -1
    outer loop
      vertex -11.0799 -44.2334 43.5
      vertex -8.89612 44.7238 43.5
      vertex -8.89612 -44.7238 43.5
    endloop
  endfacet
  facet normal 0 0 -1
    outer loop
      vertex -11.0799 -44.2334 43.5
      vertex -11.0799 44.2334 43.5
      vertex -8.89612 44.7238 43.5
    endloop
  endfacet
  facet normal 0 0 -1
    outer loop
      vertex -13.237 -43.6365 43.5
      vertex -11.0799 44.2334 43.5
      vertex -11.0799 -44.2334 43.5
    endloop
  endfacet
  facet normal 0 0 -1
    outer loop
      vertex -13.237 -43.6365 43.5
      vertex -13.237 43.6365 43.5
      vertex -11.0799 44.2334 43.5
    endloop
  endfacet
  facet normal 0 0 -1
    outer loop
      vertex -15.3622 -42.9344 43.5
      vertex -13.237 43.6365 43.5
      vertex -13.237 -43.6365 43.5
    endloop
  endfacet
  facet normal 0 0 -1
    outer loop
      vertex -15.3622 -42.9344 43.5
      vertex -15.3622 42.9344 43.5
      vertex -13.237 43.6365 43.5
    endloop
  endfacet
  facet normal 0 0 -1
    outer loop
      vertex -17.4504 -42.1289 43.5
      vertex -15.3622 42.9344 43.5
      vertex -15.3622 -42.9344 43.5
    endloop
  endfacet
  facet normal 0 0 -1
    outer loop
      vertex -17.4504 -42.1289 43.5
      vertex -17.4504 42.1289 43.5
      vertex -15.3622 42.9344 43.5
    endloop
  endfacet
  facet normal 0 0 -1
    outer loop
      vertex -19.4965 -41.2219 43.5
      vertex -17.4504 42.1289 43.5
      vertex -17.4504 -42.1289 43.5
    endloop
  endfacet
  facet normal 0 0 -1
    outer loop
      vertex -19.4965 -41.2219 43.5
      vertex -19.4965 41.2219 43.5
      vertex -17.4504 42.1289 43.5
    endloop
  endfacet
  facet normal 0 0 -1
    outer loop
      vertex -21.4957 -40.2156 43.5
      vertex -19.4965 41.2219 43.5
      vertex -19.4965 -41.2219 43.5
    endloop
  endfacet
  facet normal 0 0 -1
    outer loop
      vertex -21.4957 -40.2156 43.5
      vertex -21.4957 40.2156 43.5
      vertex -19.4965 41.2219 43.5
    endloop
  endfacet
  facet normal 0 0 -1
    outer loop
      vertex -23.4431 -39.1124 43.5
      vertex -21.4957 40.2156 43.5
      vertex -21.4957 -40.2156 43.5
    endloop
  endfacet
  facet normal 0 0 -1
    outer loop
      vertex -23.4431 -39.1124 43.5
      vertex -23.4431 39.1124 43.5
      vertex -21.4957 40.2156 43.5
    endloop
  endfacet
  facet normal 0 0 -1
    outer loop
      vertex -25.334 -37.915 43.5
      vertex -23.4431 39.1124 43.5
      vertex -23.4431 -39.1124 43.5
    endloop
  endfacet
  facet normal 0 0 -1
    outer loop
      vertex -25.334 -37.915 43.5
      vertex -25.334 37.915 43.5
      vertex -23.4431 39.1124 43.5
    endloop
  endfacet
  facet normal 0 0 -1
    outer loop
      vertex -27.1639 -36.6263 43.5
      vertex -25.334 37.915 43.5
      vertex -25.334 -37.915 43.5
    endloop
  endfacet
  facet normal 0 0 -1
    outer loop
      vertex -27.1639 -36.6263 43.5
      vertex -27.1639 36.6263 43.5
      vertex -25.334 37.915 43.5
    endloop
  endfacet
  facet normal 0 0 -1
    outer loop
      vertex -28.9283 -35.2493 43.5
      vertex -27.1639 36.6263 43.5
      vertex -27.1639 -36.6263 43.5
    endloop
  endfacet
  facet normal 0 0 -1
    outer loop
      vertex -28.9283 -35.2493 43.5
      vertex -28.9283 35.2493 43.5
      vertex -27.1639 36.6263 43.5
    endloop
  endfacet
  facet normal 0 0 -1
    outer loop
      vertex -30.6231 -33.7874 43.5
      vertex -28.9283 35.2493 43.5
      vertex -28.9283 -35.2493 43.5
    endloop
  endfacet
  facet normal 0 0 -1
    outer loop
      vertex -30.6231 -33.7874 43.5
      vertex -30.6231 33.7874 43.5
      vertex -28.9283 35.2493 43.5
    endloop
  endfacet
  facet normal 0 0 -1
    outer loop
      vertex -32.2441 -32.2441 43.5
      vertex -30.6231 33.7874 43.5
      vertex -30.6231 -33.7874 43.5
    endloop
  endfacet
  facet normal 0 0 -1
    outer loop
      vertex -32.2441 -32.2441 43.5
      vertex -32.2441 32.2441 43.5
      vertex -30.6231 33.7874 43.5
    endloop
  endfacet
  facet normal 0 0 -1
    outer loop
      vertex -33.7874 -30.6231 43.5
      vertex -32.2441 32.2441 43.5
      vertex -32.2441 -32.2441 43.5
    endloop
  endfacet
  facet normal 0 0 -1
    outer loop
      vertex -33.7874 -30.6231 43.5
      vertex -33.7874 30.6231 43.5
      vertex -32.2441 32.2441 43.5
    endloop
  endfacet
  facet normal 0 0 -1
    outer loop
      vertex -35.2493 -28.9283 43.5
      vertex -33.7874 30.6231 43.5
      vertex -33.7874 -30.6231 43.5
    endloop
  endfacet
  facet normal 0 0 -1
    outer loop
      vertex -35.2493 -28.9283 43.5
      vertex -35.2493 28.9283 43.5
      vertex -33.7874 30.6231 43.5
    endloop
  endfacet
  facet normal 0 0 -1
    outer loop
      vertex -36.6263 -27.1639 43.5
      vertex -35.2493 28.9283 43.5
      vertex -35.2493 -28.9283 43.5
    endloop
  endfacet
  facet normal 0 0 -1
    outer loop
      vertex -36.6263 -27.1639 43.5
      vertex -36.6263 27.1639 43.5
      vertex -35.2493 28.9283 43.5
    endloop
  endfacet
  facet normal 0 0 -1
    outer loop
      vertex -37.915 -25.334 43.5
      vertex -36.6263 27.1639 43.5
      vertex -36.6263 -27.1639 43.5
    endloop
  endfacet
  facet normal 0 0 -1
    outer loop
      vertex -37.915 -25.334 43.5
      vertex -37.915 25.334 43.5
      vertex -36.6263 27.1639 43.5
    endloop
  endfacet
  facet normal 0 0 -1
    outer loop
      vertex -39.1124 -23.4431 43.5
      vertex -37.915 25.334 43.5
      vertex -37.915 -25.334 43.5
    endloop
  endfacet
  facet normal 0 0 -1
    outer loop
      vertex -39.1124 -23.4431 43.5
      vertex -39.1124 23.4431 43.5
      vertex -37.915 25.334 43.5
    endloop
  endfacet
  facet normal 0 0 -1
    outer loop
      vertex -40.2156 -21.4957 43.5
      vertex -39.1124 23.4431 43.5
      vertex -39.1124 -23.4431 43.5
    endloop
  endfacet
  facet normal 0 0 -1
    outer loop
      vertex -40.2156 -21.4957 43.5
      vertex -40.2156 21.4957 43.5
      vertex -39.1124 23.4431 43.5
    endloop
  endfacet
  facet normal 0 0 -1
    outer loop
      vertex -41.2219 -19.4965 43.5
      vertex -40.2156 21.4957 43.5
      vertex -40.2156 -21.4957 43.5
    endloop
  endfacet
  facet normal 0 0 -1
    outer loop
      vertex -41.2219 -19.4965 43.5
      vertex -41.2219 19.4965 43.5
      vertex -40.2156 21.4957 43.5
    endloop
  endfacet
  facet normal 0 0 -1
    outer loop
      vertex -42.1289 -17.4504 43.5
      vertex -41.2219 19.4965 43.5
      vertex -41.2219 -19.4965 43.5
    endloop
  endfacet
  facet normal 0 0 -1
    outer loop
      vertex -42.1289 -17.4504 43.5
      vertex -42.1289 17.4504 43.5
      vertex -41.2219 19.4965 43.5
    endloop
  endfacet
  facet normal 0 0 -1
    outer loop
      vertex -42.9344 -15.3622 43.5
      vertex -42.1289 17.4504 43.5
      vertex -42.1289 -17.4504 43.5
    endloop
  endfacet
  facet normal 0 0 -1
    outer loop
      vertex -42.9344 -15.3622 43.5
      vertex -42.9344 15.3622 43.5
      vertex -42.1289 17.4504 43.5
    endloop
  endfacet
  facet normal 0 0 -1
    outer loop
      vertex -43.6365 -13.237 43.5
      vertex -42.9344 15.3622 43.5
      vertex -42.9344 -15.3622 43.5
    endloop
  endfacet
  facet normal 0 0 -1
    outer loop
      vertex -43.6365 -13.237 43.5
      vertex -43.6365 13.237 43.5
      vertex -42.9344 15.3622 43.5
    endloop
  endfacet
  facet normal 0 0 -1
    outer loop
      vertex -44.2334 -11.0799 43.5
      vertex -43.6365 13.237 43.5
      vertex -43.6365 -13.237 43.5
    endloop
  endfacet
  facet normal 0 0 -1
    outer loop
      vertex -44.2334 -11.0799 43.5
      vertex -44.2334 11.0799 43.5
      vertex -43.6365 13.237 43.5
    endloop
  endfacet
  facet normal 0 0 -1
    outer loop
      vertex -44.7238 -8.89612 43.5
      vertex -44.2334 11.0799 43.5
      vertex -44.2334 -11.0799 43.5
    endloop
  endfacet
  facet normal 0 0 -1
    outer loop
      vertex -44.7238 -8.89612 43.5
      vertex -44.7238 8.89612 43.5
      vertex -44.2334 11.0799 43.5
    endloop
  endfacet
  facet normal 0 0 -1
    outer loop
      vertex -45.1064 -6.69091 43.5
      vertex -44.7238 8.89612 43.5
      vertex -44.7238 -8.89612 43.5
    endloop
  endfacet
  facet normal 0 0 -1
    outer loop
      vertex -45.1064 -6.69091 43.5
      vertex -45.1064 6.69091 43.5
      vertex -44.7238 8.89612 43.5
    endloop
  endfacet
  facet normal 0 0 -1
    outer loop
      vertex -45.3804 -4.46958 43.5
      vertex -45.1064 6.69091 43.5
      vertex -45.1064 -6.69091 43.5
    endloop
  endfacet
  facet normal 0 0 -1
    outer loop
      vertex -45.3804 -4.46958 43.5
      vertex -45.3804 4.46958 43.5
      vertex -45.1064 6.69091 43.5
    endloop
  endfacet
  facet normal 0 0 -1
    outer loop
      vertex -45.5451 -2.23749 43.5
      vertex -45.3804 4.46958 43.5
      vertex -45.3804 -4.46958 43.5
    endloop
  endfacet
  facet normal 0 0 -1
    outer loop
      vertex -45.5451 -2.23749 43.5
      vertex -45.5451 2.23749 43.5
      vertex -45.3804 4.46958 43.5
    endloop
  endfacet
  facet normal 0 -0 -1
    outer loop
      vertex -45.5451 2.23749 43.5
      vertex -45.5451 -2.23749 43.5
      vertex -45.6 0 43.5
    endloop
  endfacet
  facet normal -0.359892 -0.932994 0
    outer loop
      vertex 15.3622 42.9344 0
      vertex 17.4504 42.1289 43.5
      vertex 15.3622 42.9344 43.5
    endloop
  endfacet
  facet normal -0.359892 -0.932994 -0
    outer loop
      vertex 17.4504 42.1289 43.5
      vertex 15.3622 42.9344 0
      vertex 17.4504 42.1289 0
    endloop
  endfacet
  facet normal -0.788336 0.615245 0
    outer loop
      vertex 35.2493 -28.9283 0
      vertex 36.6263 -27.1639 43.5
      vertex 36.6263 -27.1639 0
    endloop
  endfacet
  facet normal -0.788336 0.615245 0
    outer loop
      vertex 36.6263 -27.1639 43.5
      vertex 35.2493 -28.9283 0
      vertex 35.2493 -28.9283 43.5
    endloop
  endfacet
  facet normal -0.313693 0.949524 0
    outer loop
      vertex 15.3622 -42.9344 0
      vertex 13.237 -43.6365 43.5
      vertex 15.3622 -42.9344 43.5
    endloop
  endfacet
  facet normal -0.313693 0.949524 0
    outer loop
      vertex 13.237 -43.6365 43.5
      vertex 15.3622 -42.9344 0
      vertex 13.237 -43.6365 0
    endloop
  endfacet
  facet normal -0.122422 0.992478 0
    outer loop
      vertex 6.69091 -45.1064 0
      vertex 4.46958 -45.3804 43.5
      vertex 6.69091 -45.1064 43.5
    endloop
  endfacet
  facet normal -0.122422 0.992478 0
    outer loop
      vertex 4.46958 -45.3804 43.5
      vertex 6.69091 -45.1064 0
      vertex 4.46958 -45.3804 0
    endloop
  endfacet
  facet normal 0.817598 0.57579 0
    outer loop
      vertex -36.6263 -27.1639 43.5
      vertex -37.915 -25.334 0
      vertex -37.915 -25.334 43.5
    endloop
  endfacet
  facet normal 0.817598 0.57579 0
    outer loop
      vertex -37.915 -25.334 0
      vertex -36.6263 -27.1639 43.5
      vertex -36.6263 -27.1639 0
    endloop
  endfacet
  facet normal 0.893227 0.449607 0
    outer loop
      vertex -40.2156 -21.4957 43.5
      vertex -41.2219 -19.4965 0
      vertex -41.2219 -19.4965 43.5
    endloop
  endfacet
  facet normal 0.893227 0.449607 0
    outer loop
      vertex -41.2219 -19.4965 0
      vertex -40.2156 -21.4957 43.5
      vertex -40.2156 -21.4957 0
    endloop
  endfacet
  facet normal 0.997289 0.0735873 0
    outer loop
      vertex -45.3804 -4.46958 43.5
      vertex -45.5451 -2.23749 0
      vertex -45.5451 -2.23749 43.5
    endloop
  endfacet
  facet normal 0.997289 0.0735873 0
    outer loop
      vertex -45.5451 -2.23749 0
      vertex -45.3804 -4.46958 43.5
      vertex -45.3804 -4.46958 0
    endloop
  endfacet
  facet normal 0.653161 0.757219 -0
    outer loop
      vertex -28.9283 -35.2493 0
      vertex -30.6231 -33.7874 43.5
      vertex -28.9283 -35.2493 43.5
    endloop
  endfacet
  facet normal 0.653161 0.757219 0
    outer loop
      vertex -30.6231 -33.7874 43.5
      vertex -28.9283 -35.2493 0
      vertex -30.6231 -33.7874 0
    endloop
  endfacet
  facet normal -0.992478 -0.122422 0
    outer loop
      vertex 45.3804 4.46958 0
      vertex 45.1064 6.69091 43.5
      vertex 45.1064 6.69091 0
    endloop
  endfacet
  facet normal -0.992478 -0.122422 0
    outer loop
      vertex 45.1064 6.69091 43.5
      vertex 45.3804 4.46958 0
      vertex 45.3804 4.46958 43.5
    endloop
  endfacet
  facet normal -0.997289 -0.0735873 0
    outer loop
      vertex 45.5451 2.23749 0
      vertex 45.3804 4.46958 43.5
      vertex 45.3804 4.46958 0
    endloop
  endfacet
  facet normal -0.997289 -0.0735873 0
    outer loop
      vertex 45.3804 4.46958 43.5
      vertex 45.5451 2.23749 0
      vertex 45.5451 2.23749 43.5
    endloop
  endfacet
  facet normal -0.949524 -0.313693 0
    outer loop
      vertex 43.6365 13.237 0
      vertex 42.9344 15.3622 43.5
      vertex 42.9344 15.3622 0
    endloop
  endfacet
  facet normal -0.949524 -0.313693 0
    outer loop
      vertex 42.9344 15.3622 43.5
      vertex 43.6365 13.237 0
      vertex 43.6365 13.237 43.5
    endloop
  endfacet
  facet normal -0.975701 -0.219108 0
    outer loop
      vertex 44.7238 8.89612 0
      vertex 44.2334 11.0799 43.5
      vertex 44.2334 11.0799 0
    endloop
  endfacet
  facet normal -0.975701 -0.219108 0
    outer loop
      vertex 44.2334 11.0799 43.5
      vertex 44.7238 8.89612 0
      vertex 44.7238 8.89612 43.5
    endloop
  endfacet
  facet normal -0.844853 -0.534998 0
    outer loop
      vertex 39.1124 23.4431 0
      vertex 37.915 25.334 43.5
      vertex 37.915 25.334 0
    endloop
  endfacet
  facet normal -0.844853 -0.534998 0
    outer loop
      vertex 37.915 25.334 43.5
      vertex 39.1124 23.4431 0
      vertex 39.1124 23.4431 43.5
    endloop
  endfacet
  facet normal -0.449607 -0.893227 0
    outer loop
      vertex 19.4965 41.2219 0
      vertex 21.4957 40.2156 43.5
      vertex 19.4965 41.2219 43.5
    endloop
  endfacet
  facet normal -0.449607 -0.893227 -0
    outer loop
      vertex 21.4957 40.2156 43.5
      vertex 19.4965 41.2219 0
      vertex 21.4957 40.2156 0
    endloop
  endfacet
  facet normal -0.024529 -0.999699 0
    outer loop
      vertex 0 45.6 0
      vertex 2.23749 45.5451 43.5
      vertex 0 45.6 43.5
    endloop
  endfacet
  facet normal -0.024529 -0.999699 -0
    outer loop
      vertex 2.23749 45.5451 43.5
      vertex 0 45.6 0
      vertex 2.23749 45.5451 0
    endloop
  endfacet
  facet normal 0.170944 -0.985281 0
    outer loop
      vertex -8.89612 44.7238 0
      vertex -6.69091 45.1064 43.5
      vertex -8.89612 44.7238 43.5
    endloop
  endfacet
  facet normal 0.170944 -0.985281 0
    outer loop
      vertex -6.69091 45.1064 43.5
      vertex -8.89612 44.7238 0
      vertex -6.69091 45.1064 0
    endloop
  endfacet
  facet normal 0.817598 -0.57579 0
    outer loop
      vertex -37.915 25.334 43.5
      vertex -36.6263 27.1639 0
      vertex -36.6263 27.1639 43.5
    endloop
  endfacet
  facet normal 0.817598 -0.57579 0
    outer loop
      vertex -36.6263 27.1639 0
      vertex -37.915 25.334 43.5
      vertex -37.915 25.334 0
    endloop
  endfacet
  facet normal 0.870085 -0.492902 0
    outer loop
      vertex -40.2156 21.4957 43.5
      vertex -39.1124 23.4431 0
      vertex -39.1124 23.4431 43.5
    endloop
  endfacet
  facet normal 0.870085 -0.492902 0
    outer loop
      vertex -39.1124 23.4431 0
      vertex -40.2156 21.4957 43.5
      vertex -40.2156 21.4957 0
    endloop
  endfacet
  facet normal 0.914205 -0.405251 0
    outer loop
      vertex -42.1289 17.4504 43.5
      vertex -41.2219 19.4965 0
      vertex -41.2219 19.4965 43.5
    endloop
  endfacet
  facet normal 0.914205 -0.405251 0
    outer loop
      vertex -41.2219 19.4965 0
      vertex -42.1289 17.4504 43.5
      vertex -42.1289 17.4504 0
    endloop
  endfacet
  facet normal 0.999699 -0.024529 0
    outer loop
      vertex -45.6 0 43.5
      vertex -45.5451 2.23749 0
      vertex -45.5451 2.23749 43.5
    endloop
  endfacet
  facet normal 0.999699 -0.024529 0
    outer loop
      vertex -45.5451 2.23749 0
      vertex -45.6 0 43.5
      vertex -45.6 0 0
    endloop
  endfacet
  facet normal 0.975701 -0.219108 0
    outer loop
      vertex -44.7238 8.89612 43.5
      vertex -44.2334 11.0799 0
      vertex -44.2334 11.0799 43.5
    endloop
  endfacet
  facet normal 0.975701 -0.219108 0
    outer loop
      vertex -44.2334 11.0799 0
      vertex -44.7238 8.89612 43.5
      vertex -44.7238 8.89612 0
    endloop
  endfacet
  facet normal 0.985281 -0.170944 0
    outer loop
      vertex -45.1064 6.69091 43.5
      vertex -44.7238 8.89612 0
      vertex -44.7238 8.89612 43.5
    endloop
  endfacet
  facet normal 0.985281 -0.170944 0
    outer loop
      vertex -44.7238 8.89612 0
      vertex -45.1064 6.69091 43.5
      vertex -45.1064 6.69091 0
    endloop
  endfacet
  facet normal 0.992478 -0.122422 0
    outer loop
      vertex -45.3804 4.46958 43.5
      vertex -45.1064 6.69091 0
      vertex -45.1064 6.69091 43.5
    endloop
  endfacet
  facet normal 0.992478 -0.122422 0
    outer loop
      vertex -45.1064 6.69091 0
      vertex -45.3804 4.46958 43.5
      vertex -45.3804 4.46958 0
    endloop
  endfacet
  facet normal 0.932994 -0.359892 0
    outer loop
      vertex -42.9344 15.3622 43.5
      vertex -42.1289 17.4504 0
      vertex -42.1289 17.4504 43.5
    endloop
  endfacet
  facet normal 0.932994 -0.359892 0
    outer loop
      vertex -42.1289 17.4504 0
      vertex -42.9344 15.3622 43.5
      vertex -42.9344 15.3622 0
    endloop
  endfacet
  facet normal 0.949524 -0.313693 0
    outer loop
      vertex -43.6365 13.237 43.5
      vertex -42.9344 15.3622 0
      vertex -42.9344 15.3622 43.5
    endloop
  endfacet
  facet normal 0.949524 -0.313693 0
    outer loop
      vertex -42.9344 15.3622 0
      vertex -43.6365 13.237 43.5
      vertex -43.6365 13.237 0
    endloop
  endfacet
  facet normal -0.313693 -0.949524 0
    outer loop
      vertex 13.237 43.6365 0
      vertex 15.3622 42.9344 43.5
      vertex 13.237 43.6365 43.5
    endloop
  endfacet
  facet normal -0.313693 -0.949524 -0
    outer loop
      vertex 15.3622 42.9344 43.5
      vertex 13.237 43.6365 0
      vertex 15.3622 42.9344 0
    endloop
  endfacet
  facet normal -0.963782 -0.266692 0
    outer loop
      vertex 44.2334 11.0799 0
      vertex 43.6365 13.237 43.5
      vertex 43.6365 13.237 0
    endloop
  endfacet
  facet normal -0.963782 -0.266692 0
    outer loop
      vertex 43.6365 13.237 43.5
      vertex 44.2334 11.0799 0
      vertex 44.2334 11.0799 43.5
    endloop
  endfacet
  facet normal -0.985281 -0.170944 0
    outer loop
      vertex 45.1064 6.69091 0
      vertex 44.7238 8.89612 43.5
      vertex 44.7238 8.89612 0
    endloop
  endfacet
  facet normal -0.985281 -0.170944 0
    outer loop
      vertex 44.7238 8.89612 43.5
      vertex 45.1064 6.69091 0
      vertex 45.1064 6.69091 43.5
    endloop
  endfacet
  facet normal -0.757219 -0.653161 0
    outer loop
      vertex 35.2493 28.9283 0
      vertex 33.7874 30.6231 43.5
      vertex 33.7874 30.6231 0
    endloop
  endfacet
  facet normal -0.757219 -0.653161 0
    outer loop
      vertex 33.7874 30.6231 43.5
      vertex 35.2493 28.9283 0
      vertex 35.2493 28.9283 43.5
    endloop
  endfacet
  facet normal -0.788336 -0.615245 0
    outer loop
      vertex 36.6263 27.1639 0
      vertex 35.2493 28.9283 43.5
      vertex 35.2493 28.9283 0
    endloop
  endfacet
  facet normal -0.788336 -0.615245 0
    outer loop
      vertex 35.2493 28.9283 43.5
      vertex 36.6263 27.1639 0
      vertex 36.6263 27.1639 43.5
    endloop
  endfacet
  facet normal -0.724252 -0.689536 0
    outer loop
      vertex 33.7874 30.6231 0
      vertex 32.2441 32.2441 43.5
      vertex 32.2441 32.2441 0
    endloop
  endfacet
  facet normal -0.724252 -0.689536 0
    outer loop
      vertex 32.2441 32.2441 43.5
      vertex 33.7874 30.6231 0
      vertex 33.7874 30.6231 43.5
    endloop
  endfacet
  facet normal -0.689536 -0.724252 0
    outer loop
      vertex 30.6231 33.7874 0
      vertex 32.2441 32.2441 43.5
      vertex 30.6231 33.7874 43.5
    endloop
  endfacet
  facet normal -0.689536 -0.724252 -0
    outer loop
      vertex 32.2441 32.2441 43.5
      vertex 30.6231 33.7874 0
      vertex 32.2441 32.2441 0
    endloop
  endfacet
  facet normal 0.122422 -0.992478 0
    outer loop
      vertex -6.69091 45.1064 0
      vertex -4.46958 45.3804 43.5
      vertex -6.69091 45.1064 43.5
    endloop
  endfacet
  facet normal 0.122422 -0.992478 0
    outer loop
      vertex -4.46958 45.3804 43.5
      vertex -6.69091 45.1064 0
      vertex -4.46958 45.3804 0
    endloop
  endfacet
  facet normal 0.219108 -0.975701 0
    outer loop
      vertex -11.0799 44.2334 0
      vertex -8.89612 44.7238 43.5
      vertex -11.0799 44.2334 43.5
    endloop
  endfacet
  facet normal 0.219108 -0.975701 0
    outer loop
      vertex -8.89612 44.7238 43.5
      vertex -11.0799 44.2334 0
      vertex -8.89612 44.7238 0
    endloop
  endfacet
  facet normal 0.534998 -0.844853 0
    outer loop
      vertex -25.334 37.915 0
      vertex -23.4431 39.1124 43.5
      vertex -25.334 37.915 43.5
    endloop
  endfacet
  facet normal 0.534998 -0.844853 0
    outer loop
      vertex -23.4431 39.1124 43.5
      vertex -25.334 37.915 0
      vertex -23.4431 39.1124 0
    endloop
  endfacet
  facet normal 0.724252 -0.689536 0
    outer loop
      vertex -33.7874 30.6231 43.5
      vertex -32.2441 32.2441 0
      vertex -32.2441 32.2441 43.5
    endloop
  endfacet
  facet normal 0.724252 -0.689536 0
    outer loop
      vertex -32.2441 32.2441 0
      vertex -33.7874 30.6231 43.5
      vertex -33.7874 30.6231 0
    endloop
  endfacet
  facet normal 0.788336 -0.615245 0
    outer loop
      vertex -36.6263 27.1639 43.5
      vertex -35.2493 28.9283 0
      vertex -35.2493 28.9283 43.5
    endloop
  endfacet
  facet normal 0.788336 -0.615245 0
    outer loop
      vertex -35.2493 28.9283 0
      vertex -36.6263 27.1639 43.5
      vertex -36.6263 27.1639 0
    endloop
  endfacet
  facet normal 0.893227 -0.449607 0
    outer loop
      vertex -41.2219 19.4965 43.5
      vertex -40.2156 21.4957 0
      vertex -40.2156 21.4957 43.5
    endloop
  endfacet
  facet normal 0.893227 -0.449607 0
    outer loop
      vertex -40.2156 21.4957 0
      vertex -41.2219 19.4965 43.5
      vertex -41.2219 19.4965 0
    endloop
  endfacet
  facet normal 0.997289 -0.0735873 0
    outer loop
      vertex -45.5451 2.23749 43.5
      vertex -45.3804 4.46958 0
      vertex -45.3804 4.46958 43.5
    endloop
  endfacet
  facet normal 0.997289 -0.0735873 0
    outer loop
      vertex -45.3804 4.46958 0
      vertex -45.5451 2.23749 43.5
      vertex -45.5451 2.23749 0
    endloop
  endfacet
  facet normal 0.963782 -0.266692 0
    outer loop
      vertex -44.2334 11.0799 43.5
      vertex -43.6365 13.237 0
      vertex -43.6365 13.237 43.5
    endloop
  endfacet
  facet normal 0.963782 -0.266692 0
    outer loop
      vertex -43.6365 13.237 0
      vertex -44.2334 11.0799 43.5
      vertex -44.2334 11.0799 0
    endloop
  endfacet
  facet normal -0.266692 -0.963782 0
    outer loop
      vertex 11.0799 44.2334 0
      vertex 13.237 43.6365 43.5
      vertex 11.0799 44.2334 43.5
    endloop
  endfacet
  facet normal -0.266692 -0.963782 -0
    outer loop
      vertex 13.237 43.6365 43.5
      vertex 11.0799 44.2334 0
      vertex 13.237 43.6365 0
    endloop
  endfacet
  facet normal -0.122422 -0.992478 0
    outer loop
      vertex 4.46958 45.3804 0
      vertex 6.69091 45.1064 43.5
      vertex 4.46958 45.3804 43.5
    endloop
  endfacet
  facet normal -0.122422 -0.992478 -0
    outer loop
      vertex 6.69091 45.1064 43.5
      vertex 4.46958 45.3804 0
      vertex 6.69091 45.1064 0
    endloop
  endfacet
  facet normal -0.0735873 -0.997289 0
    outer loop
      vertex 2.23749 45.5451 0
      vertex 4.46958 45.3804 43.5
      vertex 2.23749 45.5451 43.5
    endloop
  endfacet
  facet normal -0.0735873 -0.997289 -0
    outer loop
      vertex 4.46958 45.3804 43.5
      vertex 2.23749 45.5451 0
      vertex 4.46958 45.3804 0
    endloop
  endfacet
  facet normal -0.914205 -0.405251 0
    outer loop
      vertex 42.1289 17.4504 0
      vertex 41.2219 19.4965 43.5
      vertex 41.2219 19.4965 0
    endloop
  endfacet
  facet normal -0.914205 -0.405251 0
    outer loop
      vertex 41.2219 19.4965 43.5
      vertex 42.1289 17.4504 0
      vertex 42.1289 17.4504 43.5
    endloop
  endfacet
  facet normal -0.893227 -0.449607 0
    outer loop
      vertex 41.2219 19.4965 0
      vertex 40.2156 21.4957 43.5
      vertex 40.2156 21.4957 0
    endloop
  endfacet
  facet normal -0.893227 -0.449607 0
    outer loop
      vertex 40.2156 21.4957 43.5
      vertex 41.2219 19.4965 0
      vertex 41.2219 19.4965 43.5
    endloop
  endfacet
  facet normal -0.932994 -0.359892 0
    outer loop
      vertex 42.9344 15.3622 0
      vertex 42.1289 17.4504 43.5
      vertex 42.1289 17.4504 0
    endloop
  endfacet
  facet normal -0.932994 -0.359892 0
    outer loop
      vertex 42.1289 17.4504 43.5
      vertex 42.9344 15.3622 0
      vertex 42.9344 15.3622 43.5
    endloop
  endfacet
  facet normal -0.817598 -0.57579 0
    outer loop
      vertex 37.915 25.334 0
      vertex 36.6263 27.1639 43.5
      vertex 36.6263 27.1639 0
    endloop
  endfacet
  facet normal -0.817598 -0.57579 0
    outer loop
      vertex 36.6263 27.1639 43.5
      vertex 37.915 25.334 0
      vertex 37.915 25.334 43.5
    endloop
  endfacet
  facet normal -0.534998 -0.844853 0
    outer loop
      vertex 23.4431 39.1124 0
      vertex 25.334 37.915 43.5
      vertex 23.4431 39.1124 43.5
    endloop
  endfacet
  facet normal -0.534998 -0.844853 -0
    outer loop
      vertex 25.334 37.915 43.5
      vertex 23.4431 39.1124 0
      vertex 25.334 37.915 0
    endloop
  endfacet
  facet normal -0.492902 -0.870085 0
    outer loop
      vertex 21.4957 40.2156 0
      vertex 23.4431 39.1124 43.5
      vertex 21.4957 40.2156 43.5
    endloop
  endfacet
  facet normal -0.492902 -0.870085 -0
    outer loop
      vertex 23.4431 39.1124 43.5
      vertex 21.4957 40.2156 0
      vertex 23.4431 39.1124 0
    endloop
  endfacet
  facet normal -0.57579 -0.817598 0
    outer loop
      vertex 25.334 37.915 0
      vertex 27.1639 36.6263 43.5
      vertex 25.334 37.915 43.5
    endloop
  endfacet
  facet normal -0.57579 -0.817598 -0
    outer loop
      vertex 27.1639 36.6263 43.5
      vertex 25.334 37.915 0
      vertex 27.1639 36.6263 0
    endloop
  endfacet
  facet normal -0.615245 -0.788336 0
    outer loop
      vertex 27.1639 36.6263 0
      vertex 28.9283 35.2493 43.5
      vertex 27.1639 36.6263 43.5
    endloop
  endfacet
  facet normal -0.615245 -0.788336 -0
    outer loop
      vertex 28.9283 35.2493 43.5
      vertex 27.1639 36.6263 0
      vertex 28.9283 35.2493 0
    endloop
  endfacet
  facet normal -0.653161 -0.757219 0
    outer loop
      vertex 28.9283 35.2493 0
      vertex 30.6231 33.7874 43.5
      vertex 28.9283 35.2493 43.5
    endloop
  endfacet
  facet normal -0.653161 -0.757219 -0
    outer loop
      vertex 30.6231 33.7874 43.5
      vertex 28.9283 35.2493 0
      vertex 30.6231 33.7874 0
    endloop
  endfacet
  facet normal 0.0735873 -0.997289 0
    outer loop
      vertex -4.46958 45.3804 0
      vertex -2.23749 45.5451 43.5
      vertex -4.46958 45.3804 43.5
    endloop
  endfacet
  facet normal 0.0735873 -0.997289 0
    outer loop
      vertex -2.23749 45.5451 43.5
      vertex -4.46958 45.3804 0
      vertex -2.23749 45.5451 0
    endloop
  endfacet
  facet normal 0.024529 -0.999699 0
    outer loop
      vertex -2.23749 45.5451 0
      vertex 0 45.6 43.5
      vertex -2.23749 45.5451 43.5
    endloop
  endfacet
  facet normal 0.024529 -0.999699 0
    outer loop
      vertex 0 45.6 43.5
      vertex -2.23749 45.5451 0
      vertex 0 45.6 0
    endloop
  endfacet
  facet normal 0.313693 -0.949524 0
    outer loop
      vertex -15.3622 42.9344 0
      vertex -13.237 43.6365 43.5
      vertex -15.3622 42.9344 43.5
    endloop
  endfacet
  facet normal 0.313693 -0.949524 0
    outer loop
      vertex -13.237 43.6365 43.5
      vertex -15.3622 42.9344 0
      vertex -13.237 43.6365 0
    endloop
  endfacet
  facet normal 0.689536 -0.724252 0
    outer loop
      vertex -32.2441 32.2441 0
      vertex -30.6231 33.7874 43.5
      vertex -32.2441 32.2441 43.5
    endloop
  endfacet
  facet normal 0.689536 -0.724252 0
    outer loop
      vertex -30.6231 33.7874 43.5
      vertex -32.2441 32.2441 0
      vertex -30.6231 33.7874 0
    endloop
  endfacet
  facet normal 0.449607 -0.893227 0
    outer loop
      vertex -21.4957 40.2156 0
      vertex -19.4965 41.2219 43.5
      vertex -21.4957 40.2156 43.5
    endloop
  endfacet
  facet normal 0.449607 -0.893227 0
    outer loop
      vertex -19.4965 41.2219 43.5
      vertex -21.4957 40.2156 0
      vertex -19.4965 41.2219 0
    endloop
  endfacet
  facet normal 0.57579 -0.817598 0
    outer loop
      vertex -27.1639 36.6263 0
      vertex -25.334 37.915 43.5
      vertex -27.1639 36.6263 43.5
    endloop
  endfacet
  facet normal 0.57579 -0.817598 0
    outer loop
      vertex -25.334 37.915 43.5
      vertex -27.1639 36.6263 0
      vertex -25.334 37.915 0
    endloop
  endfacet
  facet normal 0.615245 -0.788336 0
    outer loop
      vertex -28.9283 35.2493 0
      vertex -27.1639 36.6263 43.5
      vertex -28.9283 35.2493 43.5
    endloop
  endfacet
  facet normal 0.615245 -0.788336 0
    outer loop
      vertex -27.1639 36.6263 43.5
      vertex -28.9283 35.2493 0
      vertex -27.1639 36.6263 0
    endloop
  endfacet
  facet normal -0.219108 -0.975701 0
    outer loop
      vertex 8.89612 44.7238 0
      vertex 11.0799 44.2334 43.5
      vertex 8.89612 44.7238 43.5
    endloop
  endfacet
  facet normal -0.219108 -0.975701 -0
    outer loop
      vertex 11.0799 44.2334 43.5
      vertex 8.89612 44.7238 0
      vertex 11.0799 44.2334 0
    endloop
  endfacet
  facet normal 0.266692 -0.963782 0
    outer loop
      vertex -13.237 43.6365 0
      vertex -11.0799 44.2334 43.5
      vertex -13.237 43.6365 43.5
    endloop
  endfacet
  facet normal 0.266692 -0.963782 0
    outer loop
      vertex -11.0799 44.2334 43.5
      vertex -13.237 43.6365 0
      vertex -11.0799 44.2334 0
    endloop
  endfacet
  facet normal 0.359892 -0.932994 0
    outer loop
      vertex -17.4504 42.1289 0
      vertex -15.3622 42.9344 43.5
      vertex -17.4504 42.1289 43.5
    endloop
  endfacet
  facet normal 0.359892 -0.932994 0
    outer loop
      vertex -15.3622 42.9344 43.5
      vertex -17.4504 42.1289 0
      vertex -15.3622 42.9344 0
    endloop
  endfacet
  facet normal 0.653161 -0.757219 0
    outer loop
      vertex -30.6231 33.7874 0
      vertex -28.9283 35.2493 43.5
      vertex -30.6231 33.7874 43.5
    endloop
  endfacet
  facet normal 0.653161 -0.757219 0
    outer loop
      vertex -28.9283 35.2493 43.5
      vertex -30.6231 33.7874 0
      vertex -28.9283 35.2493 0
    endloop
  endfacet
  facet normal 0.492902 -0.870085 0
    outer loop
      vertex -23.4431 39.1124 0
      vertex -21.4957 40.2156 43.5
      vertex -23.4431 39.1124 43.5
    endloop
  endfacet
  facet normal 0.492902 -0.870085 0
    outer loop
      vertex -21.4957 40.2156 43.5
      vertex -23.4431 39.1124 0
      vertex -21.4957 40.2156 0
    endloop
  endfacet
  facet normal 0.405251 -0.914205 0
    outer loop
      vertex -19.4965 41.2219 0
      vertex -17.4504 42.1289 43.5
      vertex -19.4965 41.2219 43.5
    endloop
  endfacet
  facet normal 0.405251 -0.914205 0
    outer loop
      vertex -17.4504 42.1289 43.5
      vertex -19.4965 41.2219 0
      vertex -17.4504 42.1289 0
    endloop
  endfacet
  facet normal -0 0 1
    outer loop
      vertex -57.922 14 56
      vertex -56.9836 11.3347 56
      vertex -56.3851 14 56
    endloop
  endfacet
  facet normal -0 0 1
    outer loop
      vertex -58.4548 11.6274 56
      vertex -56.9836 11.3347 56
      vertex -57.922 14 56
    endloop
  endfacet
  facet normal 0 0 1
    outer loop
      vertex -56.9836 11.3347 56
      vertex -58.4548 11.6274 56
      vertex -57.4712 8.52504 56
    endloop
  endfacet
  facet normal -0 0 1
    outer loop
      vertex -58.9549 8.74514 56
      vertex -57.4712 8.52504 56
      vertex -58.4548 11.6274 56
    endloop
  endfacet
  facet normal 0 0 1
    outer loop
      vertex -57.4712 8.52504 56
      vertex -58.9549 8.74514 56
      vertex -57.8202 5.6948 56
    endloop
  endfacet
  facet normal -0 0 1
    outer loop
      vertex -59.313 5.84182 56
      vertex -57.8202 5.6948 56
      vertex -58.9549 8.74514 56
    endloop
  endfacet
  facet normal 0 0 1
    outer loop
      vertex -56.9836 -11.3347 56
      vertex -57.922 -14 56
      vertex -56.3851 -14 56
    endloop
  endfacet
  facet normal 0 0 1
    outer loop
      vertex -58.4548 -11.6274 56
      vertex -56.9836 -11.3347 56
      vertex -57.4712 -8.52504 56
    endloop
  endfacet
  facet normal 0 0 1
    outer loop
      vertex -58.9549 -8.74514 56
      vertex -57.4712 -8.52504 56
      vertex -57.8202 -5.6948 56
    endloop
  endfacet
  facet normal 0 0 1
    outer loop
      vertex -59.313 -5.84182 56
      vertex -57.8202 -5.6948 56
      vertex -58.03 -2.85083 56
    endloop
  endfacet
  facet normal 0 0 1
    outer loop
      vertex -59.5282 -2.92443 56
      vertex -58.03 -2.85083 56
      vertex -58.1 0 56
    endloop
  endfacet
  facet normal 0 0 1
    outer loop
      vertex -57.8202 5.6948 56
      vertex -59.313 5.84182 56
      vertex -58.03 2.85083 56
    endloop
  endfacet
  facet normal 0 0 1
    outer loop
      vertex -56.9836 -11.3347 56
      vertex -58.4548 -11.6274 56
      vertex -57.922 -14 56
    endloop
  endfacet
  facet normal -0 0 1
    outer loop
      vertex -59.5282 2.92443 56
      vertex -58.03 2.85083 56
      vertex -59.313 5.84182 56
    endloop
  endfacet
  facet normal 0 0 1
    outer loop
      vertex -57.4712 -8.52504 56
      vertex -58.9549 -8.74514 56
      vertex -58.4548 -11.6274 56
    endloop
  endfacet
  facet normal 0 0 1
    outer loop
      vertex -58.03 2.85083 56
      vertex -59.5282 2.92443 56
      vertex -58.1 0 56
    endloop
  endfacet
  facet normal 0 0 1
    outer loop
      vertex -57.8202 -5.6948 56
      vertex -59.313 -5.84182 56
      vertex -58.9549 -8.74514 56
    endloop
  endfacet
  facet normal 0 0 1
    outer loop
      vertex -59.6 0 56
      vertex -58.1 0 56
      vertex -59.5282 2.92443 56
    endloop
  endfacet
  facet normal 0 0 1
    outer loop
      vertex -58.03 -2.85083 56
      vertex -59.5282 -2.92443 56
      vertex -59.313 -5.84182 56
    endloop
  endfacet
  facet normal 0 0 1
    outer loop
      vertex -58.1 0 56
      vertex -59.6 0 56
      vertex -59.5282 -2.92443 56
    endloop
  endfacet
  facet normal 0 -1 0
    outer loop
      vertex -57.922 14 56
      vertex -56.3851 14 59
      vertex -57.922 14 59
    endloop
  endfacet
  facet normal 0 -1 -0
    outer loop
      vertex -56.3851 14 59
      vertex -57.922 14 56
      vertex -56.3851 14 56
    endloop
  endfacet
  facet normal 0 1 -0
    outer loop
      vertex -56.3851 -14 56
      vertex -57.922 -14 59
      vertex -56.3851 -14 59
    endloop
  endfacet
  facet normal 0 1 0
    outer loop
      vertex -57.922 -14 59
      vertex -56.3851 -14 56
      vertex -57.922 -14 56
    endloop
  endfacet
endsolid OpenSCAD_Model
